second,entropy_g,det_g,rmse_g
30,49.52331678021421,41.48375768217735,
31,48.788303611928534,40.62233589087809,
32,48.73858803653856,40.56924384027188,
33,48.73858803653856,40.654205607476634,
34,47.86376920999324,47.32949876746097,
35,48.773279798081944,49.874161073825505,
36,48.773279798081944,49.874161073825505,
37,46.30793130758326,48.059822150363786,
38,45.37183966692896,45.88235294117647,
39,44.277817038762954,51.40470766894457,
40,42.98768322237104,53.08143800440205,
41,41.429780912508775,54.63552724699222,
42,39.41633895768015,56.066802999318334,
43,37.872529825000846,57.1714476317545,
44,37.76382577539623,58.11795891318754,
45,37.76382577539623,56.03048376408217,
46,37.76382577539623,54.37375745526839,
47,37.76382577539623,52.61762756792578,
48,37.76382577539623,53.87673956262425,
49,37.76382577539623,53.87673956262425,
50,37.76382577539623,53.87673956262425,
51,37.76382577539623,53.87673956262425,
52,37.76382577539623,53.87673956262425,
53,37.76382577539623,52.41882041086812,
54,37.76382577539623,54.30748840291584,
55,37.76382577539623,56.32869449966866,
56,37.76382577539623,58.482438701126576,
57,35.81795334218598,58.89531149646756,
58,35.903272769393446,61.42672692059393,
59,36.689931365580186,63.98026315789474,
60,38.01330992284791,65.60163154316791,
61,39.130717173411064,67.58934828311142,
62,40.091148431029175,69.25018024513338,
63,41.969103829614426,71.41263940520446,
64,42.57768153364478,71.78624813153961,
65,42.820953634658665,71.94756554307116,
66,43.86526068743471,73.97841171935235,
67,44.749471863181746,75.89073634204276,
68,45.65773260441617,74.79508196721312,
69,46.451827062101486,67.31583403895004,
70,47.143262286785905,70.46247818499127,
71,47.740546377684325,73.72197309417041,
72,48.250113925838676,77.06801470588235,
73,46.59641539235966,74.76593847525635,
74,46.06906522247784,73.00827165868525,
75,46.06906522247784,73.00827165868525,
76,46.06906522247784,81.71528080104484,
77,46.05624221380444,79.81731187472815,
78,46.05624221380444,76.12005219660722,
79,46.05624221380444,72.5967812092214,
80,46.05624221380444,69.24749891257068,
81,46.05624221380444,75.64158329708569,
82,46.05624221380444,75.64158329708569,
83,46.05624221380444,75.64158329708569,
84,46.05624221380444,75.64158329708569,
85,47.072440171406555,75.13297872340425,
86,47.072440171406555,71.36524822695036,5.319413031908766
87,47.072440171406555,64.53900709219859,6.291994193068174
88,47.072440171406555,64.45035460992908,6.756006882351776
89,47.072440171406555,71.4982269503546,6.390222077253028
90,47.072440171406555,75.177304964539,6.349536819332854
91,47.098368125417174,75.13321492007105,6.969816778945013
92,47.072440171406555,70.61170212765957,6.258846650315533
93,46.994557941904986,74.51499118165785,6.421217144923043
94,46.86442407963492,78.27797202797203,6.430908519309508
95,46.681535342268745,81.86528497409327,
96,45.604911555692524,82.27100042211904,
97,45.604911555692524,82.27100042211904,9.438754897333983
98,45.604911555692524,82.27100042211904,9.069151263074046
99,45.604911555692524,82.27100042211904,8.294816585594516
100,45.79894499936369,78.83710987601539,6.489706143334171
101,45.9406565055806,67.37160120845921,7.459153603981244
102,46.03058431871447,67.78115501519757,6.9722032492252035
103,46.06906522247784,75.9686547670875,5.849845880004405
104,46.05624221380444,79.86080904741192,4.93067825016024
105,46.03058431871447,81.7629179331307,5.330561775634794
106,46.03058431871447,81.7629179331307,6.219496276204841
107,46.03058431871447,81.7629179331307,6.49902220961952
108,46.03058431871447,81.7629179331307,6.5018929637048855
109,46.317900351268854,80.7303123625165,6.389790735159161
110,46.827467899423205,78.50383055430375,4.36180674225272
111,47.25424468612242,76.06994937873907,4.627290378440164
112,47.60200908865884,73.44262295081967,4.80569976302012
113,47.60200908865884,70.07025761124122,5.367290146255484
114,47.60200908865884,66.55737704918033,4.642548020975215
115,47.60200908865884,63.231850117096016,4.774495318105346
116,47.60200908865884,62.950819672131146,4.571928623035622
117,47.60200908865884,66.37002341920375,3.9008208260424144
118,47.60200908865884,69.97658079625293,3.704468381879269
119,47.60200908865884,73.77049180327869,3.7324699041516864
120,46.517828413522466,75.21522428636158,3.8693401830710394
121,45.2039681337178,76.4757324005247,4.477116242026361
122,43.55224291553745,77.5578947368421,3.6797529113986283
123,41.08096596474737,76.68288726682887,3.4730022643558636
124,39.453903574881,74.06237662850376,3.518895842520127
125,39.015163507627065,71.50600077429345,3.5424471874562062
126,38.497813018654384,68.98901931086709,4.250448186486021
127,37.89736265098544,76.98559290727744,4.294347475210441
128,37.20803411254637,78.10140237324703,4.232080241128497
129,36.861879967666454,76.90941385435168,4.159563753671962
130,36.06842299558257,74.76667818873142,3.84004527343558
131,35.13886647670872,72.44384847468991,3.5348277395439975
132,34.07975176036936,70.07465108730932,4.133913060461734
133,33.43584111105443,67.6208651399491,3.7222645058186408
134,33.28600241231621,70.77553593947036,4.887628667641204
135,33.09268385412095,73.94014962593516,5.205772987398865
136,32.855369273793755,76.9680196801968,5.843288199272811
137,32.573410902349245,79.81234866828088,5.239588739092185
138,32.573410902349245,79.81234866828088,5.67761810401145
139,32.573410902349245,79.81234866828088,6.018842525087431
140,32.573410902349245,79.81234866828088,6.340392629874448
141,32.573410902349245,79.81234866828088,6.7996935282182065
142,33.19991888901726,73.11131668208449,8.746411045035796
143,34.343676939635735,75.82347297729453,9.11229933725846
144,35.3606396220732,78.53593905266645,9.481836175288642
145,36.26717476010237,81.22644741349778,8.644335964491393
146,35.54919016699917,80.22853185595568,9.715079171200987
147,36.27707881437578,79.05067808708066,11.071801637401567
148,36.92222238796795,77.86343612334802,12.851377583331763
149,37.48994201012002,76.6767143933685,13.320620141568002
150,39.23597000400474,75.58411214953271,13.577730893710745
151,40.534266501201046,73.79421221864952,13.755091617681947
152,40.93602229470415,71.16488925348646,13.534743958411813
153,41.269725425661754,68.36393989983306,13.072705438514449
154,41.537434783657496,65.41066892464013,12.861776542899625
155,41.74072785013387,66.43835616438356,12.86537499309699
156,41.88076086854054,60.353753235547885,8.717143737873428
157,41.95831025408106,62.65164644714038,12.228596838852384
158,41.9000910022846,62.82383419689119,12.155683274858117
159,43.21941896594962,63.664188893747266,11.818074344841841
160,45.028490261710004,64.08864767073722,11.534556352206216
161,46.45057837969757,62.91608063759963,11.29716525967364
162,47.59900068987257,61.609306834706736,10.513528742201109
163,48.54487625310824,60.569715142428784,6.466826197372956
164,50.32462615456282,59.78316985028395,3.9431602598275193
165,51.01538945820568,58.17893065113817,5.229647570302585
166,51.57124022315589,53.3802055164954,6.254624578788906
167,52.00434994227797,54.32030820033022,7.080861148859088
168,52.32297184820381,56.38594534300056,6.714572947778674
169,52.53259855774076,58.97580191333709,5.8185020451640455
170,52.85407277735317,62.220950200343445,5.51079506885749
171,53.087191630030375,65.15942028985508,5.4313068920284335
172,53.23442048591368,68.55639976621859,5.807853422756069
173,53.253819356800726,70.5675833820948,5.069858531907878
174,53.140947394902824,71.32053519488075,4.926597552028644
175,54.26282577449369,71.68815943728019,5.3511449555583335
176,54.09912939469148,69.3782684485764,5.0946472566664
177,54.09912939469148,67.92562463683905,5.370476536901997
178,55.28258789517064,67.45005875440658,5.487111677322749
179,56.619130653850156,67.72455089820359,5.962287635211354
180,57.451518338737486,68.7120291616039,5.823162145495159
181,57.95891474748276,69.38650306748467,5.782827468071928
182,58.201503171500605,70.22194821208384,5.890526087016609
183,58.201503171500605,71.33168927250308,5.928444360646506
184,58.840262452200555,70.62182741116752,5.715439115408357
185,59.35185212249352,63.198959687906374,9.88717791001034
186,59.74643327220767,66.51193633952255,7.178740144917866
187,60.03094269296598,69.85195154777928,4.8342755993438065
188,60.209963772102085,73.16576086956522,5.142718627861248
189,59.97052034840864,75.57354925775978,5.834919208436552
190,59.68525274512266,78.16476892163429,6.8610296716189785
191,59.63750934450517,78.3567134268537,7.511754137461358
192,59.493660751668685,78.66136514247846,7.767989006157672
193,59.25180256151007,79.07128842380641,7.766497831210781
194,58.9085864741829,79.57610789980733,8.159558607116889
195,58.45891905948933,80.16321406151914,8.657657603589087
196,57.895442543600126,80.81857055589494,9.164803925796985
197,57.20764430464711,81.52753108348135,9.721058170874256
198,57.34123567519502,80.71216617210682,9.996034049298126
199,57.20764430464711,80.52101835405566,10.376574707562774
200,57.03737720680263,80.28335301062573,10.879269354014545
201,57.03737720680263,80.28335301062573,11.145352240805309
202,57.03737720680263,80.28335301062573,11.602401314763942
203,57.86573698048297,78.99515738498789,11.822254045308057
204,58.49926525841105,77.99752781211372,11.98610053977204
205,58.965011269831834,77.51256281407035,12.481976366153722
206,59.27902784231216,77.12833545108005,12.941715927203596
207,59.45072454308329,76.27877237851662,13.43024112405409
208,59.4848370282508,78.36107554417414,15.314177742482437
209,59.38227452728848,80.29336734693878,16.015273542764128
210,59.14027223101168,82.0480404551201,16.625882688820262
211,57.08828784934076,82.47232472324723,16.682651250572864
212,56.65019608827946,82.62711864406779,17.16923656965496
213,56.05720386639618,82.858837485172,17.43530853307636
214,55.28800149200257,83.56481481481481,17.368000183795452
215,54.30629939452777,84.533183352081,17.150792312830866
216,53.04204657836286,85.29411764705883,
217,51.30884906860083,85.85699263932702,
218,49.58609219767327,86.76171079429736,
219,48.773808004985504,87.98219584569733,
220,48.58753296409296,88.01369863013699,
221,48.331712062636925,85.34233365477338,
222,48.004583768311306,87.92613636363636,
223,47.60378411935758,90.26876737720112,
224,47.12623239556348,92.35985533453888,
225,45.384506801763095,92.54252071522023,
226,44.77269938405548,92.67259635747564,
227,44.072430687270995,92.81903980303652,
228,43.276151556903265,92.97897659658865,
229,42.3738542182753,93.14963643321852,
230,41.351857018338336,93.32841872465904,
231,40.19058681025154,93.51293867422899,
232,38.860052330502604,94.14368403132448,
233,37.30887747037074,94.60960470434499,
234,35.42822912716318,94.92640150328845,
235,32.704099185489866,95.1095109510951,
236,31.129183339540532,97.29809104258443,
237,31.129183339540532,97.29809104258443,
238,31.129183339540532,97.29809104258443,
239,31.92597863196348,96.68557778441325,
240,32.58153656675138,95.94062405331718,
241,33.11092852046031,95.58417663293469,
242,33.52444317949086,95.23072158563022,
243,33.829170929309285,94.88299531981279,
244,34.0298823295903,94.54374412041392,
245,34.1295308219639,94.21565545425966,2.07805463557021
246,34.1295308219639,93.90128890286074,1.9138473100355444
247,34.0298823295903,93.60301034807149,1.7598319288740503
248,33.829170929309285,93.32293291731669,1.6175287764647392
249,33.524443179490866,93.06286776091669,1.3481126359133555
250,33.11092852046031,92.82428702851885,1.243084441762912
251,32.58153656675138,92.60830051499546,1.1690262031955454
252,33.29632459815107,92.48415333534561,1.1368242680257454
253,34.28176577374321,92.35668789808918,1.647497325205431
254,34.699759076698626,92.33809668592278,2.703289421163669
255,34.699759076698626,92.33809668592278,4.067220473504619
256,34.28176577374321,92.35668789808918,4.171316059075397
257,33.29632459815106,92.48415333534561,4.454601461081724
258,32.58153656675138,93.51711602544684,4.86825338337944
259,33.11092852046031,95.49218031278748,5.364700461811588
260,33.524443179490866,97.39857541034375,5.830420163851451
261,34.351177241316584,97.30855495033643,6.158244682365111
262,35.098246424005204,97.21946375372393,6.522975230507646
263,35.77117052443197,97.13212700580402,6.968641260132259
264,36.37439121839156,97.04745166959579,7.454394240357588
265,36.91152238622406,96.96641386782233,8.129338304404017
266,38.68211790894294,96.8574635241302,9.133143065633552
267,40.73669439175781,96.59757528353539,10.451507197391717
268,42.337201857188596,96.16169865251123,11.994143381242859
269,43.67152057280173,95.53001277139208,13.758486212905414
270,44.81142957970859,95.03766061143111,15.54068243828959
271,45.79524545972383,94.84583525080534,16.573434397941295
272,46.23637784570863,92.45548266166823,17.829414454266637
273,46.23637784570863,88.0037488284911,18.5029134330851
274,46.23637784570863,83.73945641986879,9.832861788550566
275,46.23637784570863,79.66260543580131,8.121381887544139
276,46.23637784570863,90.81537019681349,21.353277931646762
277,46.5295976876564,87.88167938931298,21.43232968801895
278,46.79730704565214,84.82056256062076,15.219456577665785
279,47.00060011212852,81.53241650294696,8.278051603308487
280,47.14063313053518,78.44400396432111,7.980516313784703
281,47.2181825160757,84.61155378486056,13.572638424826762
282,48.619919561954454,84.29878048780488,13.856828840863473
283,50.386253850543206,83.56164383561644,12.637562246251973
284,51.68559485821642,82.62527233115469,11.171022266110276
285,52.17405788463171,80.04410143329659,10.029396750064224
286,52.0220612891835,75.92794759825327,8.185667522040285
287,51.80119926186818,71.79763186221744,7.554730852270901
288,51.68152334108987,68.50267379679144,6.988587541178685
289,51.48085582145122,65.18518518518519,4.409609690910087
290,51.197314281854986,61.887382690302395,2.8454110178449636
291,50.82811085781264,68.474923234391,5.889319057772687
292,50.72712679805197,68.0548501777552,5.388924037224307
293,50.72712679805197,66.73438293550025,4.117557200109549
294,50.72712679805197,66.32808532249874,3.5006715092539125
295,50.72712679805197,66.32808532249874,3.4023521570327695
296,50.72712679805197,67.19146775012698,4.239484705741046
297,50.960708546890906,67.7452491011813,4.113903648026457
298,51.35902159683149,67.20796228391828,4.053761233002002
299,51.66908075963638,66.79084619478446,3.5524146104147274
300,51.894098051858464,66.50511577813678,3.4931533560774795
301,52.036283751954734,66.35919696147586,3.9419943008491654
302,52.09698537002468,66.3581927054981,4.299443012019456
303,52.076767040964576,66.50353452963567,4.5656030579397795
304,51.97544159243331,66.79286100594916,4.836086069853131
305,51.79205998088698,67.22013926084628,4.760251133316457
306,51.524856566029534,67.77601690438458,4.770763161360539
307,51.171142042251994,68.44836533471718,5.242593119848807
308,50.72712679805197,69.22295581513458,6.252847129597324
309,50.18764286481082,70.827142149579,7.101033045649488
310,49.545706131039836,73.03803562831007,7.178697306268355
311,48.79180782652309,75.0349976668222,8.110729949095257
312,47.91270921639582,76.77041046459179,9.005162331266249
313,47.80875098993873,77.384684281236,11.104874456170567
314,47.65231586646982,78.06823216659282,13.028999190447301
315,47.44279352253383,78.81170816950633,14.006461675371925
316,48.67993764315941,79.10250769907611,15.532300133611324
317,50.395849244829115,78.81394296061566,15.796830937946114
318,51.641751588747,78.40222944728286,16.572664021073006
319,52.60389885802945,77.86223277909738,17.6178250456678
320,52.68699064976185,75.33081285444234,17.601502304363855
321,52.20855030039969,71.23853211009174,17.223774077504928
322,52.10932124211914,68.75283446712018,17.516805459389936
323,52.3378807503348,68.09675947056138,17.29377454504217
324,52.43486279516212,68.2837528604119,17.377182001558687
325,52.40259886590317,68.22130772748056,17.500339749208333
326,51.93190951294787,68.55992844364937,18.040643693677996
327,51.25719578025514,64.56896551724138,15.734944304025001
328,50.50068375294471,60.82089552238806,12.536090204898715
329,49.65552702842132,58.718152866242036,10.199846079433936
330,49.74760844732001,59.05103668261563,10.094326435999385
331,49.65552702842132,58.87738853503185,8.947079118596053
332,49.37472401703732,58.20126782884311,7.912589556120325
333,50.20233664580657,45.11340206185567,8.075670553523526
334,50.9929611582845,46.58944658944659,8.919736498144042
335,51.6982805213781,48.374164810690424,10.005971248533726
336,52.324335059955395,50.48454083987079,6.298255372050826
337,52.52128124019675,52.78427702386523,3.517507307544921
338,52.52128124019675,52.78427702386523,4.139168927638181
339,52.52128124019675,52.363125877398225,4.952349600657942
340,52.52128124019675,53.62657931679925,4.68980440704626
341,52.52128124019675,55.07721104351895,5.4818333247561775
342,52.52128124019675,56.71502105755732,5.60493162379803
343,51.55794288275176,57.464400551217274,7.382695491881058
344,50.23676413358967,58.157303370786515,7.718689951562097
345,48.04652032147343,58.790004384042085,8.32713496070956
346,48.04652032147343,61.025865848312144,7.467342983125223
347,48.04652032147343,63.437088996054364,7.042053649096568
348,47.86335927757223,65.2723311546841,7.63749092216672
349,47.41131604913374,67.02447402318592,8.781107432360955
350,46.83766300076756,68.66301138760016,8.96596198140988
351,46.13010104303677,70.17761255679471,9.94329341423802
352,45.270259915251046,71.56111335215813,9.682482040627555
353,44.91665377253946,72.1620537505014,10.354775383834872
354,45.088181520614924,72.73833671399595,11.562469857019247
355,45.21028798122681,73.41513292433538,12.656794732953655
356,45.28338817901394,74.1882449650637,13.404662476653698
357,45.30772779597775,75.05146150679292,14.450980541530384
358,45.28338817901394,75.9967118783395,15.607435677952529
359,45.21028798122681,77.01431492842536,16.580093908457975
360,45.088181520614924,78.09330628803245,16.524674736879142
361,44.91665377253946,79.22182109907742,16.913298891546116
362,44.69511173715834,80.38750494266509,17.05875897146806
363,44.422771722358576,81.57792460163233,16.913912236652454
364,44.09864183517648,82.78095238095239,16.174774601937916
365,43.72149865085624,83.9851024208566,15.15321096545069
366,43.289856585363395,85.17980385034508,12.666553450800988
367,42.80192786765071,86.35560268646165,11.810304332378545
368,42.2555700852431,87.50429110882251,9.068440141098003
369,41.64821688289532,88.6189683860233,9.30354859029614
370,40.976785223000064,89.69404186795491,7.0654985172169935
371,40.23754912065317,90.72517896047307,5.923249283212817
372,39.425963924463524,91.70922198858516,4.763563923070047
373,38.536415024981885,93.0205618302925,5.932848667074791
374,37.561846181797556,94.14225941422595,6.610570509527136
375,36.493186228984264,95.08724832214764,6.804012153693689
376,35.318416386771304,95.86883552801446,7.4759656220199595
377,33.71462563528295,96.30914045082983,7.941368381912428
378,31.852170277886536,96.62627702542171,8.66428091147262
379,29.542755056233215,96.83299156983368,8.724554519606318
380,27.13655716102735,97.11096520026264,8.945803838940757
381,25.7872100311344,97.61653659565492,9.757936642435597
382,24.291978804450025,98.00853485064012,9.746934435577332
383,22.70461736346307,98.3356177795183,9.761122038691047
384,20.902877789576024,98.5663082437276,9.35151398815171
385,18.77762467902409,98.70979465745957,9.641071373929341
386,15.814569267871228,98.77472431297042,9.601081924325351
387,14.088684996012587,99.0028730775731,9.885195910225647
388,12.106594749751542,99.15157448197095,9.809923083862676
389,9.679905889030268,99.22822491730982,9.243051343469693
390,7.115975381672694,99.3455098934551,9.164535092843979
391,5.237557751852812,99.49941107184924,9.08335184450141
392,3.0370119579712087,99.58701224722302,8.998665098438401
393,-0.0,99.61432506887053,8.457518646211007
394,-0.0,99.61432506887053,8.371852318200073
395,-0.0,99.61432506887053,8.287320439589516
396,-0.0,99.61432506887053,8.203591600660376
397,1.7263595531412619,99.6078431372549,8.12069200236439
398,4.189190988298596,99.5511149724877,8.49347099805741
399,6.208061115907181,99.4311377245509,7.691320139938512
400,7.971385463025239,99.24172082946457,6.461995191378942
401,9.551523848511046,99.10428662827896,6.427690124634256
402,10.987424673037834,99.07438016528926,5.933364136311969
403,12.303488665441556,99.04371584699453,5.4856476063907875
404,14.611552606967019,99.00990099009901,5.078141269520155
405,16.999765415822814,98.91743119266054,4.655326032982562
406,18.942656497084737,98.74333587204875,4.09606973826657
407,20.628590778831356,98.478862109838,4.3220477070341285
408,22.129874600237244,98.27868852459017,4.0733746548561625
409,23.485399778342604,98.21504462388441,3.813932973795733
410,24.71950710906764,98.14977973568281,3.6119647818828917
411,25.84884791529887,98.08306709265176,3.2866935883279185
412,26.885503270763017,98.01512287334593,3.5147966253307708
413,27.838611075601072,97.94621026894866,3.367339701064003
414,28.715299177414277,97.87664307381193,3.2070525272561894
415,29.52125915262238,97.80678851174935,3.4423361391226917
416,30.261118528588533,97.73706896551724,3.317598093167073
417,30.938692696697697,97.66796224319822,3.1868277404730168
418,31.55716133707945,97.6,2.899693485073463
419,32.11919548713096,97.53376394597768,2.565328356085687
420,32.62705119959675,97.46987951807229,2.635903391189374
421,33.08263989762379,97.40900678593461,3.372657438826694
422,33.48758204276873,97.35182849936949,3.4037105901778935
423,33.843248566274525,97.29903536977491,3.4673883973797217
424,34.150793126946304,97.25130890052355,3.5148276711355035
425,34.411177344882084,97.20930232558139,3.557987132787719
426,34.62519054185906,97.1736204576043,3.596078707263907
427,34.79346509009492,97.14479945615227,3.654809804164908
428,34.91648816577998,97.12328767123287,3.746153572269868
429,34.99461048050566,97.10942876806607,3.841569015457903
430,35.028052395194756,97.10344827586206,3.9488796815213876
431,35.01690768888975,97.10544452101999,4.069243019651266
432,34.96114514572169,97.11538461538461,4.202244836444299
433,34.86060802778003,97.13310580204778,4.343925855686937
434,34.715011411458846,97.15832205683355,4.484048494776556
435,36.05461163995705,97.1311475409836,4.612747460536918
436,38.479747892711835,97.0112517580872,4.7394124402958955
437,40.30729344210233,96.81851048445408,4.828939144132074
438,40.8862814277001,94.44444444444444,4.932056870228493
439,40.5595609302989,90.02849002849003,4.304493946403217
440,40.18135752856139,85.6794425087108,8.419743369357958
441,39.750267620604504,81.42857142857143,18.509908931232818
442,39.264611456266834,94.20145791915175,3.6913893984037216
443,38.72238681519944,94.36211340206185,3.959375740446593
444,38.12120833523967,94.52782989368355,4.108396964955435
445,37.458227097232296,94.6969696969697,3.972100817153692
446,36.73002233169582,94.86803519061584,4.028927718924562
447,35.932452617772235,95.03968253968254,3.8857932450016515
448,35.06044627555022,95.21072796934865,3.8645979647535413
449,34.107696948288186,95.38014783526927,3.796462551248771
450,33.06620449458133,95.5470737913486,3.62609795061637
451,31.92554905718103,95.71078431372548,3.598128205228212
452,30.671671403814976,95.87069372345447,3.5817389917051967
453,29.284651522391027,96.02633969118983,3.5447461889145853
454,27.734178720176132,96.4613368283093,3.273873074526088
455,25.968582047369438,96.78571428571429,2.962073700546404
456,23.878755663954156,97.01010101010101,2.9838254916182234
457,20.950438645348804,97.14452214452214,3.0317500949498473
458,19.72176599208689,97.2399549380398,3.0405200759170574
459,18.381692439340792,97.33309143686502,3.041975339786068
460,16.910224001095706,97.42376445846477,3.0503267783974026
461,15.276980434961576,97.73188896411645,3.05384055272305
462,13.430225319290118,97.9568486433475,2.847897448711098
463,11.260791106882175,98.10606060606061,2.703427199639174
464,8.2543586470295,98.18652849740933,2.6866534427036055
465,8.2543586470295,98.18652849740933,2.6866534427036055
466,8.2543586470295,98.18652849740933,2.6866534427036055
467,8.2543586470295,98.18652849740933,2.6866534427036055
468,8.2543586470295,98.18652849740933,2.6842580767569704
469,8.2543586470295,98.18652849740933,2.6475988253627056
470,8.2543586470295,98.18652849740933,2.5977949281949853
471,8.2543586470295,98.18652849740933,2.5308294012577193
472,8.2543586470295,98.18652849740933,2.7161115372062987
473,8.2543586470295,98.18652849740933,2.672302311047687
474,8.2543586470295,98.18652849740933,2.6616533544911847
475,8.2543586470295,98.18652849740933,2.682700393756926
476,8.2543586470295,98.18652849740933,2.974487823415807
477,8.2543586470295,98.18652849740933,3.0360181832869935
478,8.2543586470295,98.18652849740933,3.0942724514206863
479,8.2543586470295,98.18652849740933,3.1490729214918245
480,8.2543586470295,98.18652849740933,3.194731421510213
481,8.2543586470295,98.18652849740933,3.252196701417056
482,8.2543586470295,98.18652849740933,3.328437872992525
483,8.2543586470295,98.18652849740933,3.412674542171485
484,8.2543586470295,98.18652849740933,3.4970670076843686
485,8.2543586470295,98.18652849740933,3.576767703908857
486,8.2543586470295,98.18652849740933,3.6526784106011827
487,8.2543586470295,98.18652849740933,3.7303131989801352
488,9.965493821373014,98.15446650124069,3.800949174343568
489,12.39748201190306,98.04047542563444,3.8729390149339
490,14.384967509933178,97.85429141716567,3.941213532520292
491,16.116346492183492,97.58870134343782,4.027267859300548
492,17.66395837056736,87.91012838801711,5.093130922363488
493,19.066730003831008,91.34366925064599,3.387501302695074
494,19.066730003831008,91.34366925064599,3.4920672937044523
495,19.066730003831008,91.34366925064599,3.6581371193938472
496,16.10932556229681,87.96658371845005,6.263222762728545
497,13.967118527182038,97.58313335618786,1.9188461297079784
498,10.987424673037834,97.68595041322314,1.9128010780439064
499,10.987424673037834,97.68595041322314,1.9163540836870498
500,10.987424673037834,97.68595041322314,1.918762074613178
501,10.987424673037834,97.68595041322314,1.9202267356507805
502,10.987424673037834,97.68595041322314,1.9045921264680195
503,10.987424673037834,97.68595041322314,1.8682910065976346
504,10.987424673037834,97.68595041322314,1.82185497954729
505,10.987424673037834,97.68595041322314,1.7612600633645146
506,10.987424673037834,97.68595041322314,1.6299060203541427
507,10.987424673037834,97.68595041322314,1.699018747239376
508,10.987424673037834,97.68595041322314,2.27816956408923
509,10.987424673037834,97.68595041322314,3.300096628232599
510,10.987424673037834,97.68595041322314,3.3189968404008297
511,10.987424673037834,97.68595041322314,3.3558844570047044
512,10.987424673037834,97.68595041322314,3.4023328252955585
513,10.987424673037834,97.68595041322314,3.4575306237928274
514,10.987424673037834,97.68595041322314,3.5595928942639596
515,10.987424673037834,97.68595041322314,3.7002215393295206
516,10.987424673037834,97.68595041322314,3.8796837838042713
517,10.987424673037834,97.68595041322314,4.091675603927098
518,10.987424673037834,97.68595041322314,4.3464192962364985
519,10.987424673037834,97.68595041322314,4.643186860784758
520,10.987424673037834,97.68595041322314,5.037679739340087
521,10.987424673037834,97.68595041322314,5.544309728155576
522,11.659258326629562,97.47983870967742,6.164353826342477
523,13.995819799477069,97.19951295877544,6.803202247363034
524,16.389683577951526,97.04024544306083,7.4755398148291645
525,18.33833483472798,96.79835236847032,9.023374261823333
526,19.21065609276286,94.71777269260107,8.731340554720418
527,19.21065609276286,90.92295957284516,8.680037542124108
528,19.21065609276286,87.20442410373761,6.772833435022213
529,19.21065609276286,83.56216628527841,7.389771029329037
530,19.21065609276286,93.97406559877956,9.715097190268336
531,20.80394966878497,93.49287974683544,9.976492372017056
532,22.234687955005725,92.90401968826907,10.29534474336215
533,23.533220102584064,92.19812925170068,10.509725871306067
534,24.71950710906764,91.36563876651982,11.168591734376957
535,25.807651945691433,90.78467153284672,10.631689493421872
536,26.808121214619707,90.17941454202078,11.20671403137048
537,28.91242359067799,89.64925190090753,11.438785233600067
538,31.18852401083052,89.12208855899667,12.397939101849468
539,33.01690260973366,88.46461949265688,13.093059653405446
540,33.86552988490044,86.98535507046145,10.999659080428541
541,34.642752545383196,85.31848043416167,10.057351350178125
542,35.35316468684534,83.45620760837511,7.020679190762463
543,36.00054572723735,82.85193067801764,7.474092116262708
544,36.588036567089475,81.97183098591549,6.511823668569042
545,37.11826635828829,72.5635252492763,7.148317361889478
546,37.593445821276504,75.84955460244144,6.401222025480508
547,38.01543721112769,79.50016886187099,6.420586034344458
548,38.38580754008799,83.23559848223525,11.208042519787567
549,37.698009301134974,83.25991189427313,12.084475939261592
550,36.87062854458863,83.56027897708402,12.843579045050427
551,35.8805641428797,84.02078596947061,14.594070640130859
552,34.69003503075599,84.37400950871633,15.850618688926804
553,33.22773467502454,84.62488422352578,16.664139985573843
554,32.34805771147018,82.73447015834348,14.543023905604942
555,32.34805771147018,79.14129110840439,11.816918103462086
556,32.34805771147018,75.45676004872107,11.889007619233082
557,33.892707304612415,73.31469400434918,12.474851219478696
558,35.30663885138687,72.34933934901709,13.358868964814448
559,36.52891509737471,71.25208681135226,12.683380156095087
560,37.59805040459742,70.01727115716753,12.479410972758672
561,38.537976143054955,68.64074206207634,12.2868589357302
562,39.364898449922805,67.74549466715705,12.141532392648758
563,40.090413074897754,66.8936814226258,11.408304742808758
564,40.723127371825626,66.09708737864078,11.022740420749757
565,41.269587486696544,65.36779324055667,10.752283650261987
566,41.73484517715913,64.71782379212343,11.29720617924646
567,42.12282181743945,64.15874328234808,10.416175230764852
568,42.43655055062119,63.70121695342006,9.436544984724204
569,42.344637907796404,60.36712557363371,5.869236698451333
570,42.19978042827434,57.42042166184374,3.7912762573844736
571,42.00140279064335,54.22621478154349,3.350931357137551
572,41.748699984196826,59.79091274628066,3.2334913611408047
573,41.440616837930605,60.521121200157914,3.898764729387234
574,41.26540273542637,59.984368894099255,3.343138660210648
575,41.26540273542637,58.57756936303243,3.230527535117129
576,41.26540273542637,57.053536537710045,3.329139281436659
577,41.26540273542637,55.64673700664322,3.5528626508958485
578,41.26540273542637,55.92028135990621,4.500718869245599
579,41.26540273542637,56.11567018366549,5.353189584989919
580,41.26540273542637,57.7178585384916,6.348920415405873
581,41.26540273542637,59.476357952325124,6.632113141236205
582,41.26540273542637,61.39116842516608,6.176015514239239
583,38.99810178449424,61.91383911551658,6.176626278070237
584,39.29926824225181,65.07566938300349,4.049138157751759
585,39.54637590849169,68.29460417487199,5.060185975701369
586,39.74040935216286,71.30330809087286,4.095840006629419
587,39.74040935216286,66.2813870067756,6.128940294244033
588,39.74040935216286,68.4734954165006,5.34877231801697
589,39.74040935216286,70.8250298923874,4.974124727226204
590,39.74040935216286,73.33599043443603,3.3480593822855513
591,39.81776686345745,74.28914697637164,2.909093637120147
592,39.93353206836485,73.6183945139169,3.3034014871046478
593,39.997706566603604,73.0255164034022,3.4516058074106115
594,40.01052957527701,67.85569517632753,6.400618589349106
595,39.97204867151364,71.04731095835018,6.236198580696382
596,39.882120858379764,74.14555689585846,5.452306096724156
597,39.74040935216286,77.1223595057792,7.2794255643315235
598,39.30457415836922,79.06432748538012,7.369672337851636
599,38.79931242108056,80.82921262837581,8.77178098217229
600,38.40254744880766,81.55050316809542,9.496688067468524
601,38.40254744880766,78.75512486023108,10.45348236847573
602,38.40254744880766,76.10883339545285,12.124128838133284
603,38.40254744880766,73.61162877376071,12.507004529924963
604,38.40254744880766,76.332463660082,13.367294239490965
605,38.40254744880766,76.332463660082,14.081828273603122
606,38.40254744880766,76.332463660082,14.78999133542903
607,38.40254744880766,76.332463660082,15.480772840584754
608,38.40254744880766,76.332463660082,16.151131282651377
609,38.40254744880766,76.332463660082,16.795171234513102
610,38.40254744880766,76.332463660082,17.408293453578747
611,38.40254744880766,73.83525903838986,17.978832093132926
612,38.40254744880766,76.25792023853894,17.647195199610564
613,38.40254744880766,78.82966828177413,16.713134002657657
614,38.40254744880766,81.32687290346627,16.087216430116225
615,38.62408948418878,85.41745372119381,9.95899863534939
616,38.79561723226424,89.49980908743795,4.132639258563568
617,38.91772369287613,93.53597537514429,3.2138891955612174
618,37.25172018825898,93.70550768077932,3.958448080541304
619,36.72959969035187,93.8348623853211,5.144958476856354
620,36.12027001582114,93.9763356041592,6.2564837774127655
621,35.417257147189886,94.1279272981475,7.579606013836506
622,34.612017983199564,94.28765725943556,8.15022135721385
623,33.69301425743303,94.45361505447342,8.620754019780668
624,32.64409146550557,94.624,9.295318624765205
625,31.441364787734933,95.01393620315888,10.180510278560812
626,30.04636197591835,95.51032624962586,11.323132374310516
627,28.387163692017225,95.8682461716267,11.896984168319142
628,26.27576278051769,96.09919197548064,12.52458323255904
629,24.72214760606473,96.1706783369803,13.067241431654503
630,26.27576278051769,96.09919197548064,13.52445145723118
631,26.27576278051769,84.50821955976595,4.440149207729306
632,27.82492887204927,86.09139937553222,4.672694708444318
633,29.927227296738206,89.28466293788637,9.321631313544524
634,31.57703634296556,92.49771271729186,12.4630582151372
635,32.867170159357464,91.9359899592093,12.424089481610086
636,32.72937704425155,88.11079987550576,9.760797693454174
637,32.54861143580906,84.2623960578996,3.2344854236086302
638,32.44197138771268,80.96112641567187,2.9352295595520936
639,32.44197138771268,78.29813284358738,3.0769576957053024
640,32.44197138771268,75.75757575757575,3.201924654591617
641,32.44197138771268,73.33945515763698,4.054550793136483
642,32.44197138771268,79.76737067646158,3.316536919791267
643,32.44197138771268,79.76737067646158,3.643888472359621
644,32.44197138771268,79.76737067646158,3.9868737227878843
645,32.44197138771268,79.76737067646158,4.313768137863004
646,32.44197138771268,79.76737067646158,4.628809002317037
647,32.44197138771268,79.76737067646158,4.969915173422791
648,32.44197138771268,79.76737067646158,5.355609695748516
649,32.44197138771268,79.76737067646158,5.763411037901678
650,32.44197138771268,79.76737067646158,6.192565181741403
651,32.44197138771268,79.76737067646158,6.634629062978164
652,32.44197138771268,79.76737067646158,7.101669280205645
653,32.44197138771268,79.76737067646158,7.594698433350458
654,32.44197138771268,79.76737067646158,8.107199073486179
655,32.44197138771268,79.76737067646158,8.64161275774689
656,32.44197138771268,79.76737067646158,9.19181894803752
657,32.44197138771268,73.33945515763698,9.60523683943538
658,32.44197138771268,75.75757575757575,9.861852291724247
659,32.44197138771268,78.29813284358738,10.630858865261402
660,32.44197138771268,80.96112641567187,10.73016405231343
661,32.54861143580906,82.47613181398214,10.19040295644177
662,32.72937704425155,82.78867102396514,10.365419742096012
663,32.867170159357464,83.15029808597427,9.821850842860004
664,32.9623445098062,83.55948248658883,10.454315159109314
665,33.015141589786616,84.0139284583729,10.77635280931772
666,33.025694382893924,84.51061133987963,11.131237545203502
667,32.99402938567082,85.04584255453683,9.844411598594302
668,32.92006700850204,85.61536040289582,9.84405591601881
669,32.80362036913052,86.2144420131291,9.40460627535277
670,32.644392432718526,86.83803034995354,7.385111437173015
671,32.44197138771268,87.48086929905112,5.611336199676845
672,32.19582407398512,88.13763960156957,4.83259432924556
673,31.905287193033537,88.8030888030888,5.0112205517954855
674,31.56955592191879,89.472149314669,5.5233792161383635
675,31.187669412763512,90.14004001143184,5.034145434771454
676,30.758492473221498,90.80234833659492,5.01780922901396
677,30.28069246845455,91.45509145509145,5.01441380017758
678,29.75271012854713,92.09475645461805,5.237829245549102
679,29.172722435076942,92.71832080849961,5.1215748234962195
680,28.538595013740732,93.32325522801713,5.427111295120635
681,27.847820339941105,93.90751162221679,5.3634642276029325
682,27.09743633936065,94.46949916923808,5.224068984015672
683,26.28391722886793,95.00805152979066,4.7704658277957614
684,25.403023951452177,95.5223880597015,4.311940134104687
685,24.44959389223575,96.0120715671481,4.278991370118437
686,23.943739439118993,96.07801568793725,4.295875490135301
687,23.943739439118993,96.07801568793725,4.30174029134801
688,23.417235860262668,94.4757139879091,5.293133527238487
689,22.297870446102248,91.31573644972799,6.04902580744302
690,21.08100361347883,88.39789760560639,7.6387110659321396
691,18.753649824574573,85.25051604428599,12.919096769883042
692,17.35658324130145,97.00924415443176,1.9095346980136456
693,15.641842702042478,97.30627951722931,1.712224324983816
694,13.670691693057165,97.51898734177215,1.5185977170064717
695,11.254744944707303,97.65510503175379,1.3049817615330457
696,8.781452263906967,97.86028949024544,1.015178974462697
697,7.115975381672694,98.09741248097413,0.7296541333486829
698,5.237557751852812,98.26266195524146,0.5328243706711203
699,5.237557751852812,98.26266195524146,0.3826582285975078
700,6.208061115907181,98.18862275449102,0.5265440433729865
701,7.971385463025239,97.98823893531414,0.8496161367789447
702,9.551523848511046,97.69673704414588,1.3253139494642774
703,10.987424673037834,97.30578512396694,1.6985240326723026
704,12.303488665441556,96.9603825136612,2.0077498317093965
705,13.516430700908893,96.71957671957672,2.470656818417982
706,15.772049798254617,96.53031409788167,2.855189142803566
707,18.14879738160536,96.34053849070914,3.2888132941446684
708,20.079998400478647,96.06299212598425,3.7805799291550644
709,21.754008787713285,95.68859828361259,4.223713735952309
710,23.243125336366553,95.3774385072095,4.612452384855783
711,24.58622972056152,95.20457545094588,5.109412469372838
712,25.807651945691433,95.02737226277372,5.201676347056062
713,26.924031840170958,94.84633569739952,5.573698001617846
714,27.947438216712396,94.66209598432908,5.985071608480637
715,28.886995878185413,94.47541814495692,6.951793933080014
716,29.74981866083804,94.28721174004193,8.386925506607477
717,30.541583128560283,94.09853817000541,9.900345773060302
718,31.26690069728695,93.91061452513966,10.609423268473156
719,32.07082183182777,93.24480369515011,11.03505245228824
720,32.937583731697714,91.9605499103407,11.475538386155257
721,33.72578597183085,90.48207663782448,11.676340679579502
722,34.44101114574376,88.80025526483728,11.47544965044751
723,36.33927847832689,88.92572944297082,12.726337037158972
724,38.477181469847785,88.30673143650243,13.425184773008374
725,40.163691460569225,87.51814223512336,14.086900117114766
726,41.58686664604268,86.54283548142533,12.207862936716566
727,42.81868238931461,85.68037974683544,11.52006711040176
728,43.8976726197786,85.07831821929102,10.754219479517998
729,44.84779028264803,84.47684391080618,9.227448446515295
730,45.68526538262318,83.88245770258237,9.654171180989987
731,46.42172016594354,83.30258302583026,9.664307671826768
732,47.065791512910096,82.74547187797903,9.495675204510137
733,47.62405860623132,82.22003929273085,9.186876207011363
734,47.872653109418195,79.58167330677291,7.94997403417222
735,47.872653109418195,74.95019920318725,7.605464605912461
736,47.872653109418195,70.5179282868526,5.420827223964214
737,47.872653109418195,66.28486055776892,5.9853116196855565
738,47.872653109418195,75.0,8.204253317256622
739,47.872653109418195,75.0,8.153547428078767
740,47.872653109418195,75.0,8.0513555287982
741,47.872653109418195,75.0,7.957717553439307
742,49.327732102606156,74.38775510204081,7.90078203529459
743,49.327732102606156,64.08163265306122,5.337263365972772
744,49.327732102606156,63.97959183673469,5.431639143174493
745,49.327732102606156,63.57142857142857,5.711439959827142
746,49.327732102606156,74.18367346938776,6.380863720699279
747,48.87669800202071,77.08747514910537,6.9064841437234445
748,49.40728700211642,79.22848664688428,8.071662228362959
749,51.09590478701334,77.95643153526972,7.637025677295045
750,51.09590478701334,73.02904564315352,5.9857668355472144
751,51.09590478701334,68.30912863070539,4.966857706619163
752,51.09590478701334,63.79668049792531,6.535940979467306
753,51.09590478701334,67.84232365145228,6.007554880809524
754,51.09590478701334,67.84232365145228,6.10349432092502
755,51.09590478701334,67.84232365145228,6.239806996552399
756,51.09590478701334,67.84232365145228,6.319169380285434
757,51.09590478701334,63.84854771784232,7.274116599656873
758,51.09590478701334,68.3609958506224,6.084258774419293
759,51.09590478701334,73.08091286307054,7.896276343970176
760,51.09590478701334,78.00829875518673,10.397685277660278
761,51.985963618561804,78.14432989690722,10.862092021098464
762,51.70996049459839,75.66326530612245,10.645592198604051
763,51.316623932728746,74.19517102615694,10.821263358692319
764,51.71126259934342,73.97191574724172,11.13943992378627
765,52.49644215714926,74.57027300303336,12.68186150236275
766,51.73907865137194,72.87549407114625,11.856884823817191
767,51.73907865137194,70.45454545454545,10.806272006296405
768,52.49644215714926,69.81799797775531,10.824690456252444
769,52.65414607354324,67.71096513390602,10.311866786499468
770,52.28501273655618,64.28219042920573,9.963801086655684
771,51.84917754276255,60.969755160825734,8.779137935637825
772,51.34391580547387,57.801583605030274,8.719783567597057
773,51.53099260847215,66.9284064665127,9.129163133364356
774,51.53099260847215,66.05080831408776,8.665187357713075
775,51.53099260847215,65.35796766743648,8.561080173812494
776,51.9235482801078,65.90697674418605,8.274498004564249
777,52.52059102310626,66.7450611476952,8.459008581726911
778,52.900625956388915,67.25118483412322,8.842574511369946
779,52.083785682025606,64.55868971792539,8.197946645035808
780,51.53180512026276,63.09470875944864,6.57582242712669
781,51.289216696244935,62.87106778910058,6.318469088467206
782,50.78182028749965,62.42850857897052,5.908142365366533
783,49.98796117202027,61.830065359477125,5.138579601644735
784,49.34235706522576,57.972233908287755,2.8138902959159577
785,48.61810896717428,54.357519254154845,3.4621255027365057
786,47.809138329186766,50.994152046783626,5.347773344107506
787,46.90765472054433,56.870086110071135,3.854740996966934
788,45.90343177281991,58.42010771992819,4.223567456820581
789,44.782589158433844,59.958720330237355,4.317091663460783
790,43.52537262122802,61.47513994073098,3.425789996676976
791,42.101625338037266,63.37007874015748,2.9637867229471024
792,40.459819456186686,65.0707618187293,3.097075706537106
793,38.49098244633886,66.58992805755396,3.5329863746846963
794,35.68097778349998,67.94061039318119,3.668456938692547
795,35.68097778349998,67.94061039318119,3.9872144555893283
796,35.68097778349998,67.94061039318119,4.373367822223575
797,35.68097778349998,67.94061039318119,4.908855700468893
798,35.68097778349998,67.94061039318119,6.415451866432532
799,35.68097778349998,62.22161121803684,8.579070477680531
800,35.68097778349998,66.31839428100082,7.877748479187927
801,35.68097778349998,70.52515809733296,8.301998877894523
802,35.68097778349998,74.84190266703327,11.604111110323087
803,34.7344326980073,75.3564702717245,11.748131734572551
804,34.7344326980073,75.3564702717245,11.930244316365686
805,36.54861578942459,67.01320595672942,7.471680693873317
806,38.10299033647572,69.96186564975066,8.630644207327455
807,39.27189336806271,72.82442748091603,10.272951335908
808,40.13865526793266,75.5464048146975,11.725971916107166
809,38.739242949593326,74.69464453492014,11.81675612896108
810,37.88755495859417,73.1730465042708,10.466260255180131
811,38.55898661848941,71.218556027442,9.27064496662289
812,39.1663398208372,69.45099360053891,8.041098291994702
813,39.71269760324481,67.66031195840554,7.194843113854991
814,40.2006263209575,65.85973656105375,6.7726676694911445
815,40.63226838645034,64.06421014228384,6.27785015492884
816,41.009411570770574,62.29019022752704,6.204927436152904
817,41.33354145795267,60.55534423735261,6.275146080688545
818,41.60588147275244,52.340425531914896,8.491144882289984
819,41.82742350813356,54.845037269517455,7.980306860192741
820,41.99895125620902,57.397857992859976,9.146969922595193
821,42.12105771682092,59.97600959616153,10.056793242702616
822,41.7801340353197,61.216429699842024,10.169049890337373
823,41.7801340353197,63.70458135860979,10.574098969013967
824,41.7801340353197,66.35071090047393,11.256881253352576
825,41.01341272212955,67.34615384615384,11.554077694306907
826,40.58432591977705,69.24535456958665,11.301478202691316
827,40.58432591977705,72.24118316268486,9.71234768454052
828,40.02161691533609,74.20679357969392,8.828871831659898
829,38.74306074289101,74.93680028891296,9.377483948101844
830,38.731703692852335,68.06207145434861,14.042234554966418
831,38.67487715576608,71.23336929162171,12.291600416929056
832,38.57241522407659,74.31225437656306,10.167824560238861
833,38.42401618996537,77.27433628318585,9.92630670750152
834,38.42401618996537,79.15044247787611,7.920363539649843
835,39.37413385283479,81.87477114610033,7.604013515476235
836,40.211608952809954,84.53686200378071,4.902922961842106
837,40.211608952809954,84.53686200378071,4.956888132430339
838,39.501971742950445,82.53968253968254,6.69249486049022
839,39.74701963495255,82.75351591413768,6.434146405748005
840,40.871412547832826,85.21341463414635,3.7432236065114615
841,40.99145141372262,85.64885496183206,2.7754340524873578
842,40.87141254783283,85.51829268292683,2.9283923595566126
843,41.73185296482579,88.66141732283465,2.5927461363680764
844,41.84959729730461,88.56235107227958,3.4674240384201576
845,42.403111643868975,88.15896188158962,3.992666818138122
846,42.861850505321,87.77869529314616,4.456560345861203
847,43.23105392936335,87.42665549036043,4.325742236592158
848,43.51459546895959,87.10771840542833,4.399203016154616
849,43.715262988598234,86.82634730538922,5.203642254899902
850,43.83493890937655,86.58641444539983,5.241729343199834
851,43.87471206662899,86.3910422049957,5.024371311193341
852,43.83493890937655,86.24247635425624,5.029572046974286
853,43.715262988598234,86.14200171086398,5.210550070299616
854,43.51459546895959,86.08990670059373,5.463581774092674
855,43.23105392936335,86.08549874266555,5.661897564131173
856,42.861850505321,86.1271676300578,5.8193754963569395
857,42.403111643868975,86.2124898621249,5.983697475564034
858,41.84959729730461,86.3383637807784,6.630449765364813
859,41.194261002389744,86.5011636927851,7.122926248958222
860,40.42753968919959,86.69690098261526,7.686787107186276
861,39.507462748232975,85.4052071873854,6.523874014584403
862,38.416416133633724,82.84296348812478,3.9319778210455674
863,37.15381611105412,80.02052685596989,3.083957714602786
864,35.72824835342466,77.1674387822634,3.950931598108939
865,34.9316015654136,75.95307917888563,4.756981385547698
866,35.72824835342466,77.0681667769689,4.731908139630548
867,35.72824835342466,76.80344142951688,4.867452104296034
868,35.815124833695606,73.71922821024617,6.330698328287067
869,35.85850547598545,70.54703135423615,9.799768988451989
870,35.85850547598545,77.21814543028685,6.303104765339629
871,35.815124833695606,77.41184298070526,6.4544398043420435
872,35.72824835342466,77.66379880873593,6.698641898753911
873,35.59764379694648,77.97110965200262,6.681598745530435
874,35.42295811512399,78.33008447043535,6.833647396879454
875,35.20371160291812,78.73636946760745,6.073174912547086
876,34.93928973018423,79.18509159823121,6.311919854847383
877,34.62893228805383,79.67101179391682,7.360949107662404
878,34.27171934733884,80.18867924528301,7.11887970770485
879,33.86655333623082,80.73257891602144,7.484069338612224
880,33.41213628752038,81.29726585223968,7.138547421778143
881,32.906940947224655,81.87748156551334,7.075072744186731
882,32.34917392491284,82.46824958586416,6.072021289850181
883,31.73672831808408,83.064949006978,4.9489430556052785
884,31.067122122053398,83.66336633663366,4.998558566564256
885,30.33741701118482,84.25972713491663,4.457677622787645
886,29.544109340024793,84.85070974057759,3.902263413917805
887,28.682980720744776,85.4334438654666,3.048855831245326
888,27.748887866242956,86.00549702244618,2.801786756232601
889,27.64040441081384,86.29487468954618,2.7248460384778794
890,28.18899678916655,86.2616186805713,2.659939711223133
891,28.479405537425844,86.45762326743922,2.6288220303245193
892,28.53639856795287,86.49693112070925,2.61222985106828
893,28.364355679120163,86.56072644721907,2.590846548275966
894,27.949599976099393,86.71645168590179,2.5226157602302006
895,27.362479028338736,86.84388375760307,2.4563323762212086
896,26.459792771748035,86.90396239086635,2.510037192520542
897,25.060380453408705,86.89762380635132,2.6254989555100683
898,23.84781232703131,87.26790450928382,3.217770695473723
899,23.84781232703131,88.1078691423519,4.155676021531118
900,24.674434799692126,87.8704970360237,4.226303625346192
901,25.438216669053972,87.64097744360902,4.229847335178893
902,25.438216669053972,83.71710526315789,3.8856445806277344
903,25.438216669053972,79.88721804511279,5.9350113628622365
904,25.438216669053972,76.15131578947368,8.652319224751306
905,25.438216669053972,84.375,4.724719837960903
906,25.438216669053972,84.375,5.787604747551701
907,25.438216669053972,84.375,6.7337886464916075
908,25.438216669053972,84.375,7.556967518771066
909,25.438216669053972,84.375,8.273419372445884
910,25.438216669053972,84.375,8.851150320085997
911,25.438216669053972,84.375,9.315048480384597
912,25.438216669053972,84.375,9.722351357317152
913,25.438216669053972,84.375,10.081389158555844
914,25.438216669053972,84.375,10.197794904827015
915,25.438216669053972,84.375,10.171423004705924
916,25.438216669053972,84.375,10.07466510096621
917,25.438216669053972,84.375,9.948939002966378
918,25.438216669053972,76.17481203007519,14.674296734501445
919,25.438216669053972,79.91071428571429,12.497653352886477
920,25.438216669053972,83.7406015037594,9.72421800363202
921,25.438216669053972,87.66447368421052,7.210861690764493
922,23.711096442247143,88.16086760054225,7.426157640927187
923,21.658935868907157,88.55343179843614,7.795981708438165
924,18.76750748907386,88.8517745302714,8.327029001266471
925,18.76750748907386,92.6722338204593,10.817047826083531
926,18.76750748907386,96.57620041753654,14.855551925030086
927,18.373893986906367,97.11934156378601,16.646531421656675
928,20.03094301124334,97.06190975865687,17.802034174743383
929,22.353179758398227,96.87841082733027,18.632875157023886
930,23.711096442247143,96.13646633529146,19.255729623948948
931,25.714920205744395,95.38965597940557,20.002706258198593
932,27.821232342672747,95.07677309285889,20.569280281664383
933,29.411317174732314,94.59802181080396,20.87656073666631
934,29.411317174732314,90.36266801927466,19.04730329973656
935,29.411317174732314,86.22875982754248,14.847270729729264
936,29.411317174732314,82.1962972356074,12.65550922478463
937,29.745943372891304,79.61914565105506,10.904332401489354
938,30.37293078695956,77.95129698253044,10.758654532899598
939,31.702840194354774,76.70594683474924,10.374600534824495
940,33.069582748312634,75.73424579412604,10.721332878996904
941,34.28744623126996,74.6219982211681,11.4836781690349
942,35.380622560680344,73.3600246381275,10.773442251204601
943,36.36560321241634,71.93991690635985,9.723106061886222
944,37.25429733443511,70.91752235839682,8.32544791235544
945,39.22342052791005,69.95515695067265,7.560928511405827
946,41.91297865339871,59.95663173111673,5.229719767970624
947,44.01527707808765,62.74138583869746,4.6587938509445515
948,45.84168797809049,65.41055136850456,4.939054592414167
949,48.21805636851169,68.62255513940907,6.281818206033242
950,48.86439009906975,67.42424242424242,5.359986456677204
951,48.86439009906975,65.61447811447812,4.4572470298460125
952,48.86439009906975,63.97306397306397,3.9593040986243353
953,48.86439009906975,62.5,3.3440112423334414
954,48.86439009906975,64.85690235690235,4.335619177948598
955,48.86439009906975,64.85690235690235,4.53642035840689
956,48.86439009906975,64.85690235690235,4.850267910990445
957,48.86439009906975,64.85690235690235,5.266814795389092
958,48.86439009906975,62.5,5.712356316520038
959,48.42101087245147,60.86065573770492,6.8874386065921565
960,47.91577872161072,59.11624203821656,8.588789741885543
961,47.34601028704517,57.291666666666664,10.184087826196137
962,47.03592994509964,68.04554079696395,10.14310674824787
963,47.03592994509964,68.04554079696395,11.914926616376464
964,47.03592994509964,68.04554079696395,13.80729700718477
965,47.03592994509964,68.04554079696395,16.47608864865583
966,47.03592994509964,68.04554079696395,18.70855333831821
967,47.03592994509964,68.04554079696395,20.14140783028563
968,47.03592994509964,68.04554079696395,21.23115175584255
969,47.03592994509964,68.04554079696395,22.06750862633534
970,47.03592994509964,68.04554079696395,22.725269159662428
971,47.03592994509964,68.04554079696395,23.16330238373355
972,47.03592994509964,68.04554079696395,23.50199202851863
973,47.83930255017733,67.3921492421298,23.399129221962344
974,49.262477735650776,65.94704684317719,23.031720956601053
975,50.494293478922714,64.30703624733475,22.692158463129726
976,52.572140497844686,62.74070756829378,21.8369370630684
977,53.946802272868545,60.654205607476634,21.408708150596222
978,54.43826703068109,57.75529865125241,20.47485135230444
979,55.40268441853573,55.28292438657987,19.439667859316955
980,56.39213741732372,52.89817232375979,18.123094657904755
981,56.950404510644944,49.97301672962763,14.3194187830288
982,57.19899901383181,46.19178082191781,10.537090682561969
983,57.36813270553232,42.350332594235034,7.280337725652589
984,57.656060392588145,38.970588235294116,7.022088572958676
985,57.87828696838094,29.482758620689655,
986,58.036122270203585,29.825581395348838,
987,58.13047030983205,36.18266978922717,
988,58.16186138952322,39.37793427230047,7.108793645343956
989,57.79265796548086,41.839080459770116,7.966924887192738
990,57.33391910402883,44.22645739910314,3.848154519430422
991,57.33391910402883,47.869955156950674,4.203929563340242
992,56.04716611663086,49.623655913978496,2.440719953860687
993,55.46654447765981,51.98329853862213,4.20307902651412
994,55.068561418251626,54.82881962187021,6.2896235345543365
995,55.068561418251626,54.93101686254471,7.090210379543994
996,55.323898899754866,55.578512396694215,7.513141871019356
997,55.75466613600489,56.63157894736842,7.802371644419318
998,56.29483931456011,58.35140997830803,7.760842946389623
999,56.7493692828056,59.910913140311806,7.695339263087009
1000,56.19372529903408,61.04683195592286,8.657045087221707
1001,56.19372529903408,61.04683195592286,9.42076468924743
1002,56.19372529903408,60.55096418732782,9.380580699505698
1003,56.19372529903408,62.03856749311295,9.104826024861191
1004,56.19372529903408,63.7465564738292,9.37808602955994
1005,56.19372529903408,65.67493112947659,8.185751327331163
1006,54.942799729807454,66.28971459343026,8.589292497935709
1007,54.30927145187938,67.37176097303015,9.03793757496845
1008,53.48091167819903,68.33936885669944,9.598440392065061
1009,51.91678326758073,68.53360488798371,10.068628302726705
1010,50.5632359554811,67.36736736736736,9.145299566354343
1011,50.72271885852783,64.15571284125379,8.284430683355525
1012,50.87050556191163,61.02040816326531,6.746886198001821
1013,50.95231932852183,57.794871794871796,4.533800945719783
1014,50.968657453260604,54.97946611909651,3.5064342730021516
1015,51.5600731541676,55.46875,2.897510778601705
1016,52.57905923320584,57.02036441586281,3.400403926702634
1017,53.38803476485188,58.02197802197802,3.4865530404447744
1018,53.7259093668484,58.666666666666664,4.051579809410415
1019,53.781100575380115,57.30211817168339,5.249997317015538
1020,53.83618684035953,54.53020134228188,6.205748039542787
1021,53.817836368112495,51.73184357541899,9.242385888935527
1022,53.7259093668484,57.77777777777778,9.606525466807879
1023,53.55969879688001,58.52585258525853,11.023812132021888
1024,53.317897046757544,59.43600867678959,12.385890734350955
1025,52.998531714907,60.48988285410011,13.727918190021517
1026,52.598862220614485,61.666666666666664,14.776210871458256
1027,52.11522262647075,62.944162436548226,15.831356153621654
1028,51.542785518656586,64.29980276134123,16.0248861642587
1029,50.87520285605478,65.71155682903535,18.102725263817295
1030,50.104043092354985,67.75830258302582,18.008267005841784
1031,49.21786721577098,69.6,17.324075887437818
1032,48.20060942106663,71.23931623931624,14.555008809087498
1033,47.02846447817494,72.6825266611977,14.42057642230019
1034,45.55310021892184,73.88059701492537,13.450680233868008
1035,43.745923461179046,74.9060856498873,13.429518590351508
1036,41.09306628018447,75.77171572146446,13.746281939336848
1037,38.42157622281713,76.59574468085107,13.6992723930927
1038,38.42157622281713,80.88538091969801,11.222751983337679
1039,38.42157622281713,85.31228551818806,6.729582863836582
1040,37.22360507023623,86.43564356435644,6.338133554510802
1041,36.852036367304095,89.07563025210084,5.278711112635298
1042,36.430295568071216,91.50347441566646,3.3230089641764557
1043,34.93791850758994,92.18181818181819,3.320055648434969
1044,34.93791850758994,92.18181818181819,3.4039176080972116
1045,34.93791850758994,92.18181818181819,3.5191888849268786
1046,34.93791850758994,92.18181818181819,3.5996165111349083
1047,34.93791850758994,92.18181818181819,3.6789871619599186
1048,34.93791850758994,92.18181818181819,3.759389619252222
1049,34.93791850758994,92.18181818181819,3.974631356518575
1050,34.93791850758994,92.18181818181819,4.277597471388674
1051,34.93791850758994,79.87878787878788,11.840835036670446
1052,34.93791850758994,83.96969696969697,8.180592305354944
1053,34.93791850758994,88.18181818181819,5.907210638394307
1054,35.58110678141643,92.14837712519319,3.134988725316097
1055,35.933960165053236,93.80113278791693,3.2724198998880367
1056,34.45801730360453,91.8877236273905,2.874886291116233
1057,34.45801730360453,89.88278840222085,3.3571018149097487
1058,34.45801730360453,88.00123380629242,5.587755392831547
1059,34.45801730360453,89.69771745835904,4.4562038647622195
1060,34.45801730360453,89.69771745835904,4.872804226184339
1061,34.45801730360453,89.69771745835904,5.23576819860875
1062,34.45801730360453,89.69771745835904,5.308106400202503
1063,34.45801730360453,89.69771745835904,5.309180188103181
1064,34.45801730360453,89.69771745835904,5.2324146243980225
1065,34.45801730360453,89.69771745835904,5.050511352417874
1066,34.45801730360453,88.18630475015422,6.45656556178946
1067,34.45801730360453,89.82109808760025,4.642393620190974
1068,34.45801730360453,91.8260333127699,4.601221677127946
1069,34.45801730360453,93.95434916718075,4.779433884725823
1070,34.486335653504966,94.51088623121741,5.0570767745326926
1071,34.486335653504966,94.51088623121741,5.229318894121118
1072,35.802475315266115,90.89771660932124,4.703694094197818
1073,36.83926367772034,92.51830627188794,5.018498278032899
1074,37.02806782582867,92.04941400063352,5.186584400791126
1075,36.48972645689142,89.55315870570108,4.671145666880676
1076,35.146065033804895,85.95090209997042,5.639674571790278
1077,33.614190758491404,82.43971631205673,8.055561580809298
1078,31.821955602419067,95.34946967636661,6.891536676963118
1079,31.821955602419067,95.34946967636661,7.174840981124271
1080,31.821955602419067,95.34946967636661,7.4608858490170755
1081,32.75759406209449,95.19444444444444,7.65800983851965
1082,33.614190758491404,92.79432624113475,5.855611888486107
1083,34.90279293279101,92.05786832004723,5.875149377548383
1084,36.0558699548026,91.15750690819773,5.61256679218426
1085,36.588036567089475,88.38810641627543,3.5647093718964307
1086,36.588036567089475,84.22535211267606,3.614571573732648
1087,36.588036567089475,80.0,6.504693707887987
1088,36.588036567089475,75.8998435054773,8.893459118242689
1089,36.588036567089475,86.41627543035993,2.7672369010263806
1090,36.588036567089475,86.41627543035993,4.016129673698101
1091,36.588036567089475,86.41627543035993,6.632118864797113
1092,36.588036567089475,86.41627543035993,8.542486531342638
1093,36.588036567089475,86.41627543035993,8.94799324007959
1094,36.588036567089475,86.41627543035993,9.15987698718832
1095,36.588036567089475,86.41627543035993,9.36222637070909
1096,36.588036567089475,86.41627543035993,9.559745894684925
1097,36.588036567089475,86.41627543035993,9.740072489051252
1098,36.588036567089475,86.41627543035993,9.881817152155547
1099,36.588036567089475,86.41627543035993,10.012212696366651
1100,36.588036567089475,86.41627543035993,10.147444026918533
1101,36.588036567089475,86.41627543035993,10.290372080346062
1102,37.09322327893425,85.77352472089314,10.271347124701359
1103,38.0287844818713,84.34293280370738,8.901384867248431
1104,38.87283570938724,82.71012006861064,8.140566050192055
1105,39.6332282476594,80.86616968406106,7.138650074980556
1106,40.316107214921374,79.68463513017969,6.841251038234543
1107,42.16545500150485,78.75667429443173,6.677908907113715
1108,44.23958105253692,77.6978417266187,6.562071862957381
1109,45.09008298579899,74.7239263803681,6.254696940235845
1110,45.09008298579899,70.10224948875256,9.98078434033107
1111,45.09008298579899,59.22290388548057,13.090936036511156
1112,45.09008298579899,58.895705521472394,14.04822920564286
1113,45.09008298579899,72.31083844580778,5.898306200617975
1114,45.09008298579899,77.01431492842536,3.321129930897716
1115,43.45950808183168,78.2336850332161,3.4838687656265286
1116,42.2592125833268,79.01281085154484,4.687708788365523
1117,41.73534755611329,79.52380952380952,4.2855616376989
1118,41.147511053426406,80.0639658848614,5.061468733165458
1119,40.49240081089802,80.62629043358568,5.250483894796989
1120,39.76598444614068,81.20425815036593,5.847778602419292
1121,38.96329083438238,81.79190751445087,6.691045414672804
1122,38.078106549421925,82.38390092879257,7.574243100311056
1123,38.128121214139945,82.58615431534004,7.8398954469994795
1124,38.83652326535466,82.30604109168966,7.558201154314316
1125,39.05670253679133,81.81259600614439,6.983229168756608
1126,39.05670253679133,81.29032258064517,6.3085501783695035
1127,38.533963494843526,80.59701492537313,5.664576984566361
1128,37.509997212514875,78.51632047477744,5.522995421772713
1129,36.82712478912517,76.89625108979948,4.454500244830794
1130,36.58185805199851,76.80696661828738,4.628374766436101
1131,37.26253823707765,76.86895338610378,4.599948235976338
1132,37.759889810478015,77.42983751846381,5.11114328041274
1133,37.542444154203594,76.26674432149098,4.6618760206031435
1134,36.67775305587545,73.55255761663857,4.136992422962447
1135,36.67775305587545,69.6177627880832,4.370572355148011
1136,36.67775305587545,65.59865092748736,6.554341444982687
1137,36.67775305587545,74.6486790331647,5.154714268663806
1138,37.11978640619812,66.78111587982832,5.861832526137393
1139,37.94646574601995,68.97777777777777,4.9053746580694515
1140,38.701188134765076,71.40668096843396,6.05776063047641
1141,39.96955059767485,74.282982791587,8.056527605188982
1142,39.96955059767485,74.282982791587,8.610295422877279
1143,41.0374850528344,76.32612966601178,9.266641640577987
1144,41.57136483838888,76.98150594451783,9.974595440450262
1145,41.92834295060904,77.70764119601328,10.853189024845287
1146,42.95758469700227,76.71280276816609,10.465882053422428
1147,43.88480738842898,75.70194384449245,10.586716325572
1148,44.720280106437855,74.68212415856395,11.030168941308238
1149,45.47183991130966,73.66175329712956,10.653391854369733
1150,46.14561639176103,72.65060240963855,9.007582343969588
1151,46.74648919108469,71.65975103734439,9.522170031825056
1152,47.27839060701744,70.70145423438836,6.531657646859973
1153,47.744513101473515,69.78891820580475,6.013835219659629
1154,48.14745566997159,68.93597835888187,5.436439349791059
1155,48.48932930357782,68.15668202764977,4.924636776526873
1156,48.77183409097016,67.46478873239437,4.409324070223412
1157,48.99631599286868,66.87321258341278,4.056386282723431
1158,49.796418162979435,65.80107790298874,3.654239996056255
1159,51.026274790257645,59.060745278203164,2.5904519941179798
1160,52.05747689769646,61.273209549071616,2.3400178813842767
1161,52.13118504975775,61.49333333333333,1.9150359150055996
1162,52.55931828080891,62.46590289143481,1.4819015528746355
1163,53.75768687184335,62.2173193601765,1.7631140373573637
1164,53.98423500647828,62.63187118267629,2.1877945915356998
1165,54.058949662422094,62.771285475792986,2.5959877931766955
1166,53.98423500647828,62.63187118267629,3.4562972247269226
1167,53.75768687184335,62.65857694429123,4.399348648036537
1168,53.75768687184335,64.36845008273579,4.558666632015376
1169,53.75768687184335,66.29895201323772,6.696814623250535
1170,54.12689029588569,65.84130557118739,6.803092952897175
1171,54.41043183548193,65.52315608919382,6.957144200059873
1172,54.61109935512059,65.3556969346443,7.148527001230737
1173,54.73077527589889,65.34653465346534,7.402808114666816
1174,54.77054843315133,65.49912434325745,7.599172629168605
1175,54.73077527589889,65.81246359930111,7.745013887124123
1176,54.61109935512059,66.28108733371892,7.934629959448204
1177,54.41043183548193,66.89536878216124,8.147290118124053
1178,54.1268902958857,67.64209341586944,8.055889162703028
1179,53.75768687184335,68.50523993381137,8.085017804844222
1180,53.29894801039132,69.95153473344104,7.985787588286199
1181,52.74543366382696,72.49869041382922,5.592810944924195
1182,52.09009736891208,74.80954799390554,4.606068913218781
1183,52.77224465195469,76.33165829145729,4.7485622351059025
1184,53.62409445699894,76.79474216380181,4.721692947967954
1185,53.869361194125595,76.95035460992908,5.090795589478744
1186,54.97247442292521,79.52879581151832,4.777897866885334
1187,55.534548001729746,81.30990415335464,5.059716856967228
1188,55.08453619395497,80.2088772845953,5.19553071784446
1189,54.65544939160246,78.68852459016394,5.117858454130342
1190,55.53454800172973,68.15761448349308,12.832487320579464
1191,56.33626663048793,70.7182320441989,11.580401227570079
1192,57.019399333866346,73.14285714285714,8.53905836560463
1193,57.59506935364338,75.38280329799764,6.7877628440139475
1194,57.59506935364338,75.79505300353357,6.957031627416861
1195,57.59506935364338,75.97173144876325,7.104192351590284
1196,57.59506935364338,77.32626619552414,6.4462949513452505
1197,57.59506935364338,78.91637220259129,5.39327267136444
1198,57.59506935364338,80.74204946996467,5.282678896354617
1199,57.11037640000809,81.83934807916182,4.383279283441968
1200,56.39008732088424,82.76059564719358,3.8573221251118737
1201,55.36766869718921,83.5016835016835,3.936176030685227
1202,55.592685989411294,83.52272727272727,4.243362626188177
1203,55.73487168950757,83.61970217640321,4.614425534186875
1204,55.795573307577506,83.79310344827586,4.915571336657174
1205,55.77535497851741,84.04133180252583,5.330258903792804
1206,55.67402952998614,84.3607305936073,5.640062450412877
1207,55.49064791843983,84.7457627118644,6.036583642793538
1208,55.223444503582364,85.18930957683742,5.995218753415677
1209,54.86972997980482,85.68306010928961,6.092059843394155
1210,54.77619863367642,85.35791757049891,6.450255995425136
1211,54.892109259227674,84.05875952121872,7.619790574168999
1212,54.29227932740538,80.42328042328042,10.45608439550361
1213,53.57859326063254,76.87179487179488,12.671606297739388
1214,52.73797555426864,73.83548067393458,14.50294391969684
1215,51.75139102800432,83.47659980897804,8.601288612055788
1216,50.58932812336637,84.7107438016529,8.61751574484909
1217,49.200840344384225,85.72687224669603,7.509093015906566
1218,47.47748088705147,86.54008438818565,7.435776038858261
1219,45.90863841884379,87.37864077669903,7.168285611825226
1220,43.88464367090787,88.03253292021688,7.1335397345184
1221,41.270896146297964,88.58413639733136,7.278307870089086
1222,38.79324159974596,89.1373801916933,7.306850042936174
1223,36.14038441875139,89.62937776266575,5.593482587817512
1224,34.45701593036069,90.0,5.492389935946341
1225,34.13437480583033,90.31108230719377,5.544393224911077
1226,33.76280610289819,90.63492063492063,5.536313248274079
1227,33.34106530366531,90.9683426443203,5.658473370342743
1228,32.86767432222229,91.30829800121138,5.704843397951178
1229,32.340885100440104,91.65191740412979,5.8497958796620155
1230,31.758632621328488,91.99655765920826,5.8606381973120785
1231,31.118473659801815,92.33983286908078,6.011777712403996
1232,30.417505863658583,92.67963263101026,6.315326404044704
1233,29.65225901914499,93.01412872841445,6.464452090403684
1234,28.8185458623906,93.34177215189874,6.799161939327379
1235,27.91125213017652,93.66128242780225,6.744884937484758
1236,26.924031840170958,93.97163120567376,6.751427318325584
1237,25.84884791529887,94.27202190780466,6.605983822251729
1238,24.67524601441041,94.5618670189344,6.557223515880683
1239,23.389134660742467,94.8407643312102,5.979937344663122
1240,21.97056364727433,95.374539500614,5.052056685279782
1241,20.389193965764203,95.79881656804734,4.842772367609151
1242,18.593328077480496,96.12314709236031,4.79082498977557
1243,16.473835142443093,96.35664591724642,4.719960013006578
1244,15.272141981548065,96.65131112686038,4.52773245917782
1245,13.967118527182038,97.15461090161125,4.357406166485128
1246,12.542057481308383,97.5629973474801,4.2625148157372434
1247,10.972565286233687,97.88393715934595,3.7829092982934065
1248,9.219700334919128,98.1246125232486,3.399461325266597
1249,6.208061115907181,98.20359281437126,3.2744131598934154
1250,4.189190988298596,98.33478134955112,3.4346009122472494
1251,4.189190988298596,98.33478134955112,3.59410530370769
1252,4.189190988298596,98.33478134955112,3.737662064281891
1253,4.189190988298596,98.33478134955112,3.872248495041249
1254,4.189190988298596,98.33478134955112,3.9974296038561588
1255,4.189190988298596,98.33478134955112,4.1165878848402935
1256,4.189190988298596,98.33478134955112,4.231393206478856
1257,4.189190988298596,98.33478134955112,4.344814572656277
1258,4.189190988298596,98.33478134955112,4.45672966266354
1259,4.189190988298596,98.33478134955112,4.565155613151203
1260,4.189190988298596,98.33478134955112,4.666605218731613
1261,4.189190988298596,98.33478134955112,4.740716121364708
1262,4.189190988298596,98.33478134955112,4.807185382438193
1263,4.189190988298596,98.33478134955112,4.872620667323048
1264,4.189190988298596,98.33478134955112,4.947369413039629
1265,4.189190988298596,98.33478134955112,5.01755707842702
1266,4.189190988298596,98.33478134955112,5.073702407294756
1267,4.189190988298596,89.60324355632783,10.178468403462734
1268,4.189190988298596,92.86128004633652,8.278245682653194
1269,4.189190988298596,96.17723718505647,5.811504857309936
1270,4.189190988298596,99.5511149724877,4.0082139512844215
1271,1.7263595531412619,99.6078431372549,3.840881260403183
1272,-0.0,99.61432506887053,3.829881535045863
1273,-0.0,99.61432506887053,3.8181146822414513
1274,-0.0,99.61432506887053,3.8058080240230416
1275,-0.0,99.61432506887053,3.7929879890463987
1276,-0.0,99.61432506887053,3.7796588715284196
1277,-0.0,99.61432506887053,3.7639502483354437
1278,-0.0,99.61432506887053,3.7418599668608903
1279,-0.0,99.61432506887053,3.714350291305752
1280,-0.0,99.61432506887053,3.6823538573259067
1281,-0.0,99.61432506887053,3.6415751194100148
1282,-0.0,99.61432506887053,3.5887240438733694
1283,-0.0,99.61432506887053,3.520511800890835
1284,-0.0,99.61432506887053,3.4420787780414046
1285,-0.0,99.61432506887053,3.3585520976395182
1286,-0.0,99.61432506887053,3.265345664717502
1287,-0.0,99.61432506887053,3.15777928706706
1288,-0.0,99.61432506887053,3.056656718312001
1289,-0.0,99.61432506887053,2.952569371874851
1290,-0.0,99.61432506887053,2.8458058824986976
1291,-0.0,99.61432506887053,2.7165417617679077
1292,-0.0,99.61432506887053,2.5844794022917577
1293,-0.0,99.61432506887053,2.449300858689946
1294,-0.0,99.61432506887053,2.3104532870405725
1295,-0.0,99.61432506887053,2.1330980230767738
1296,-0.0,99.61432506887053,2.0105445030379347
1297,3.0370119579712087,99.58701224722302,2.0166665554477476
1298,5.237557751852812,99.49941107184924,2.163073208422477
1299,7.921788301071479,99.42117288651941,2.493586111536013
1300,10.359029128245753,99.3534142879672,3.037706669091414
1301,12.351861486878214,99.21632653061225,3.3374823999444283
1302,14.138597169604772,99.01960784313725,3.4863991672062262
1303,15.771840735738898,98.7574378718936,3.7899634999648835
1304,18.21230833429242,98.56650335692252,4.092113517889294
1305,20.594816093157693,98.45487092519313,4.314926183963184
1306,22.531890797634322,98.25865779690862,4.484010858948746
1307,24.211892944345784,97.96871826122283,4.593815311741104
1308,25.707124171030166,97.74404385410078,4.840096094274598
1309,27.056471300923114,97.65915554583242,5.104163067271173
1310,28.28426981901593,97.57204447469934,5.295285257770231
1311,29.407165392708478,97.48294518936721,5.5811722889762185
1312,30.437233065217566,97.3921520838411,5.839894947427867
1313,31.38360429724188,97.30002523340903,6.145512413905859
1314,33.45176864121204,97.192337969037,6.398216858318058
1315,33.45176864121204,92.8102860141695,3.0797139120359045
1316,34.721507066393954,92.11029211029211,3.132023793672697
1317,35.720374087858794,91.05069385443217,2.63373587808919
1318,36.4901906202361,89.60468521229868,1.6748682924011755
1319,37.193007917225124,88.20683398850922,2.558372287273723
1320,37.83259552719843,86.43592142188962,3.7592790816854467
1321,38.41208368601328,88.41091492776886,2.7684897027742963
1322,38.93408999802057,88.2217090069284,3.1224559622165193
1323,39.40081265304184,88.05414551607446,3.3156461894467273
1324,39.81410027758276,87.91132663664703,3.488064980192784
1325,40.17550502523232,87.79625044216483,3.6474781323102494
1326,40.48632334320717,87.71171171171171,3.7051912708176205
1327,40.74762746210075,87.66019772976931,3.616083363018521
1328,40.96028973816245,87.64378478664193,3.506022107525671
1329,41.12500135434287,87.66404199475066,3.357657334965391
1330,41.24228645135122,87.72194937665282,3.2207075973133166
1331,41.31251244705586,87.81783681214421,3.0581719435586643
1332,41.33589706945301,87.95134929684531,2.778731937821448
1333,41.31251244705586,88.1214421252372,2.5039659124640434
1334,41.24228645135121,88.32640725349452,2.3561256148921537
1335,41.125001354342864,88.5639295088114,2.002209280158787
1336,40.96028973816245,88.83116883116882,1.6840958126202066
1337,40.74762746210075,89.1248626876602,1.4803119860209955
1338,40.48632334320717,89.44144144144144,1.6784291822123412
1339,40.17550502523232,89.7771489211178,2.1723442796701478
1340,39.81410027758276,90.12816072047107,2.670905543453978
1341,39.40081265304184,90.4906937394247,2.949873057202723
1342,38.93408999802057,90.8611019465523,3.2445899525088735
1343,38.412083686013275,91.23595505617978,3.6385943010558535
1344,38.36476213948531,91.06518282988871,3.4892559904125777
1345,38.734166109681986,90.25953220121755,3.074518939838639
1346,38.9761021402458,89.33977455716587,2.5167610914343945
1347,39.051029341606316,88.2258064516129,2.849672914406213
1348,39.051029341606316,87.09677419354838,2.7745125854294215
1349,39.051029341606316,86.09677419354838,3.653420595911661
1350,39.051029341606316,85.2258064516129,4.175687903465893
1351,39.051029341606316,86.12903225806451,3.674966095682563
1352,39.051029341606316,86.12903225806451,3.5544165475326666
1353,39.051029341606316,85.2258064516129,3.996189551816138
1354,39.850374327487835,86.2012987012987,3.6530129867271453
1355,40.479551285843876,86.70803396472894,3.228189837257943
1356,40.479551285843876,86.70803396472894,3.2924873530967145
1357,40.432377266029654,86.6231647634584,3.4474823375464125
1358,40.24234632722194,86.28534286642834,3.609065390506262
1359,39.92068575764276,88.24669034549564,2.862780945862787
1360,38.93395377216371,88.56323669958586,2.9091561420052687
1361,37.591084701856694,88.77391031671371,3.062429721539545
1362,35.380622560680344,88.88204496458269,3.1998417763896967
1363,34.79530194373574,89.56495284453909,3.2143308591285464
1364,34.06483151765817,90.10494752623688,3.802828193833689
1365,34.486335653504966,89.75774302361239,4.223736762846553
1366,34.859037494484774,89.42097026604068,5.031045370128394
1367,35.18411855386718,89.09786420146636,4.601107299490042
1368,35.46257083992428,88.7917071590541,4.733751683891399
1369,35.69521691327403,88.50574712643679,4.859961870121765
1370,35.88272560376993,88.24310860179342,4.946202236078672
1371,36.02562419357962,79.46398659966499,7.727364116922634
1372,36.12430765230087,83.1479609032693,5.4034532591366435
1373,36.1790453446294,86.77713899222185,5.289731402229128
1374,37.009354641237714,90.15151515151516,8.04423562946726
1375,37.009354641237714,90.22038567493112,8.569080015725708
1376,36.45531866726082,88.88135593220339,6.825022280588745
1377,35.21364065737219,86.08923884514435,5.916118813774812
1378,35.15989079549867,82.43950294310007,5.082923837561126
1379,35.06299372434436,90.27958387516254,10.459712446775674
1380,35.70757540348356,90.11169513797634,10.968034784457636
1381,36.937432030761755,89.53409858203916,10.676062747409933
1382,37.96863413820059,88.74653739612188,9.639995254284035
1383,37.86060579756885,85.24251805985553,7.53820584485964
1384,37.60946521833207,81.2267028126059,3.6262399381454453
1385,37.31088623897102,77.25607725607726,2.3011489471625315
1386,36.9639234807755,73.35945151811949,3.2428978891672755
1387,37.278290385045544,81.70850994457125,3.957779857428627
1388,38.142352181671015,80.96185737976782,2.958972463303537
1389,38.836669852085556,80.10770784247728,2.5797602417835384
1390,39.383502131521425,79.14821124361158,2.7085172988732324
1391,39.797106202181006,78.3625730994152,3.2300490080749467
1392,40.08678563336231,77.86629719431936,3.308284212315571
1393,40.25842309222274,77.42608695652174,3.0393359992127587
1394,40.315285899667266,77.04632532218739,2.834129555255046
1395,40.25842309222274,76.7304347826087,2.748364735862703
1396,40.08678563336231,76.48077589192934,3.4055932163408413
1397,39.9570005866589,75.89779005524862,4.42105293441027
1398,39.9570005866589,75.03453038674033,4.666095897032768
1399,39.9570005866589,74.30939226519337,5.158637665730006
1400,39.9570005866589,73.72237569060773,5.438723533481211
1401,39.9570005866589,73.9986187845304,6.519681540973991
1402,39.9570005866589,74.65469613259668,7.544978393881578
1403,39.9570005866589,75.4488950276243,8.19931042899664
1404,39.9570005866589,76.38121546961327,9.230552003193758
1405,40.08678563336231,77.1388985105646,10.204236068868594
1406,41.33829487449049,77.78553964373036,11.576050855391037
1407,42.821087623482995,78.94363700815313,13.653316177320052
1408,44.52513411291507,77.6662950575994,13.65252895751921
1409,45.966377366509846,76.1775009731413,14.185394256368403
1410,47.21682598615455,74.78615071283096,15.786322916456683
1411,48.31505035887857,67.56066411238825,11.864703427326504
1412,49.285043535872624,71.07952021323857,16.104351657307145
1413,50.01207991332075,74.27385892116183,20.04390757484788
1414,50.27881377324067,75.36299765807962,21.564492041659474
1415,49.09629961076531,71.90156599552573,20.849627713406424
1416,49.09629961076531,67.02460850111856,16.802940979566447
1417,49.09629961076531,62.32662192393736,17.666497522067054
1418,49.45606417073299,69.46216955332726,18.730278679633976
1419,50.111252230730464,66.6194523135033,17.48560118847094
1420,50.68542925678939,63.51219512195122,17.41045815506054
1421,51.183250613442965,60.15075376884422,16.440298732271383
1422,51.60840003498014,61.50670794633643,16.78370843349958
1423,51.96379348708267,60.506863780359026,16.327004586365312
1424,52.25172117413851,59.63401506996771,15.875859026608909
1425,52.47394774993129,58.90710382513661,15.267851597737709
1426,52.631783051753935,58.34254143646409,14.362411626808411
1427,52.92679861102104,54.94938132733408,12.274661424241465
1428,53.14609058182553,51.31128848346636,9.743092438094884
1429,53.22790048709379,47.392550143266476,4.938104129068177
1430,53.22790048709379,43.438395415472776,3.9400611323730916
1431,53.699792828158074,42.19114219114219,3.6880676243828208
1432,54.12604684589953,42.391947898164595,4.1486855808413186
1433,54.074160000303294,42.24188790560472,4.373776447791727
1434,53.952748868978475,41.89584552369807,5.710439568769814
1435,52.99177674188423,40.383530738860685,7.321653374735827
1436,52.77091471456892,47.80433574207893,5.713139396847368
1437,52.47969576070515,50.681942171303874,4.688663178912973
1438,52.11606889300826,54.29333333333334,5.781658515119575
1439,51.67732882575432,57.714285714285715,6.923504092335452
1440,51.15997833678164,60.91780131114473,8.089590318351238
1441,50.19783106749918,59.67503692762186,9.419593921110481
1442,48.951928723581304,58.16962146621945,10.535797896039158
1443,48.28991855823598,57.80209324452902,12.016834205063024
1444,47.90872908232448,61.37640449438202,12.240836968165546
1445,47.42892288782139,62.8099173553719,12.406622881102994
1446,46.843816573251104,64.13824057450628,13.079549718005255
1447,46.14416091980147,65.35433070866142,12.318647324626326
1448,46.50901347523577,64.76063829787235,13.349104848580465
1449,47.15003937666549,63.85104450499546,13.63134750179316
1450,47.681520557969264,62.52319109461967,12.906592414920063
1451,48.11131208787848,61.47308781869688,13.465354167169346
1452,48.44509727930118,60.727969348659,13.077513272615015
1453,48.68693147177106,60.79380445304937,13.022485800033264
1454,49.521894199371175,59.6551724137931,12.822518258323417
1455,50.709089876720206,61.16161616161616,13.016505499046602
1456,51.21261588684294,61.9120654396728,13.134892555127438
1457,51.18922225880886,61.8488253319714,13.278543092315415
1458,51.56800933894545,58.26359832635983,12.260831586512808
1459,51.92106558728169,54.598930481283425,11.908081386351117
1460,52.20399378114442,50.76252723311547,8.389333551247175
1461,52.41866789272285,46.79558011049724,5.170542975191729
1462,52.56645459610665,43.861607142857146,5.2386188343220335
1463,52.648268362716856,45.95959595959596,5.065132433008111
1464,52.664606487455636,48.98876404494382,5.1444703927488025
1465,52.61556752920256,52.015677491601345,8.098856453799856
1466,52.61556752920256,55.431131019036954,8.1957632318903
1467,51.9450041503676,55.97826086956522,8.165143107178778
1468,51.20769020446916,55.068637803590285,7.354135228109297
1469,50.380089380848545,52.6694045174538,5.738463631270555
1470,49.36961685777345,51.04477611940298,5.181588046776696
1471,48.125986558313365,49.32692307692308,6.3521745361726465
1472,47.95704036670872,56.04914933837429,6.108604782357312
1473,47.38784873403032,55.99622285174693,6.322281819078394
1474,48.78153778133199,57.92563600782779,7.234834163213449
1475,49.926672585146505,56.27151992129858,7.165546439925178
1476,49.5895502239307,55.2390149686142,7.549621546631218
1477,49.17618611510293,54.03873405762872,7.742311777105559
1478,48.683175243094055,52.69461077844311,9.241787386090845
1479,48.683175243094055,58.1759557807462,10.418753328262108
1480,48.683175243094055,58.1759557807462,11.395614968034996
1481,48.683175243094055,58.1759557807462,12.487411875042485
1482,48.683175243094055,58.1759557807462,13.500627801294652
1483,48.683175243094055,53.017042837402116,14.674939488550127
1484,48.683175243094055,56.84016582220175,14.674358403686185
1485,48.683175243094055,60.8475356978351,15.327546141394444
1486,48.683175243094055,64.76278212805158,13.610889855694097
1487,48.61590460937005,68.86749197615772,12.744344799193806
1488,48.440461665724584,72.27004984141368,9.468462525414953
1489,48.20984372392847,75.85899152164212,8.256550136497047
1490,47.57595144157044,78.21011673151752,6.992290545584826
1491,46.854386967146525,80.31759297952361,6.671677288676109
1492,45.37902270789343,81.52738904438225,5.524581322128599
1493,45.37902270789343,81.52738904438225,5.899668476941777
1494,45.37902270789343,81.52738904438225,6.292155168769344
1495,45.37902270789343,81.52738904438225,6.682485398525586
1496,45.37902270789343,81.52738904438225,7.0614648951709285
1497,45.37902270789343,71.45141943222711,13.842121620858794
1498,45.37902270789343,75.7297081167533,12.058421398003077
1499,45.37902270789343,80.16793282686925,9.41751280989667
1500,45.37902270789343,84.76609356257497,5.376820213399031
1501,46.73257001999307,86.94770976895015,3.8566626477842894
1502,48.430679338246804,86.48648648648648,4.48430606462971
1503,49.65764817284827,85.87834963845172,4.830004125674424
1504,50.59957711307064,85.11930585683297,5.81628020762042
1505,51.32616070550181,82.31142479047199,8.399176933276438
1506,51.87324952003305,84.26464014304872,7.24184537291741
1507,52.26160403996348,86.13995485327314,5.583109902222619
1508,52.50360633624028,87.91458427987278,4.744153577343109
1509,54.300513586486886,88.08099401748734,4.567114221996097
1510,55.185517491477086,88.10961449140734,4.4081631420132075
1511,55.65876006491786,88.60345632881831,4.24513882026243
1512,55.80939146020722,88.76930276087974,4.538432788413495
1513,55.65876006491786,89.39747781410556,4.264696311624996
1514,55.185517491477086,89.87459359033906,3.828396657764538
1515,54.300513586486886,90.19788311090657,3.8811548855342033
1516,52.50360633624028,90.36801453884598,3.9240557585440388
1517,51.4584307110416,90.71332436069987,3.8803033817036545
1518,49.52043239042473,90.90507726269315,3.8248406965948245
1519,49.46071713412563,90.92111062141913,3.894470645970417
1520,49.28035465864514,90.96887330118369,3.973775538902718
1521,48.975540286089945,91.04737070838766,3.990226185072663
1522,48.53936544191806,91.15500214684414,3.955190213310657
1523,47.960747468599386,91.28964059196618,3.857370701754696
1524,47.22231747213848,91.44873391448733,3.723542646101685
1525,46.295972098824734,92.157659488013,3.4485477621101865
1526,46.494031192577765,92.59855189058729,3.4113166344103565
1527,46.7512858408911,92.6731078904992,3.40098163008284
1528,45.74823770612389,92.44979919678715,3.404067726967477
1529,47.1136703588399,81.45973154362416,11.335631195353434
1530,48.28581530173158,85.30183727034121,7.278307429067155
1531,49.30307309643594,89.66302367941712,3.926684445472806
1532,50.18924897301994,94.22894985808892,0.9607154497571929
1533,50.53170773320612,94.5754716981132,1.1142669000777066
1534,50.53170773320612,94.5754716981132,1.290865623220127
1535,49.11543645794303,94.26422190879173,1.3692377223493961
1536,50.3939926303881,93.47079037800687,1.4653636498616562
1537,51.47596967492182,92.8388746803069,1.7849519496570845
1538,52.39950836582336,92.5571504518873,1.982101479560835
1539,53.18812204924435,92.28650137741047,2.213961746825315
1540,53.857547021359956,92.03187250996017,2.526643247638887
1541,54.4188483837743,91.79847685998828,2.9791759640441358
1542,54.880030993374696,91.5915915915916,3.160101235991926
1543,55.24695296362411,91.41630901287553,3.621527900335968
1544,55.52387534760228,91.27725856697819,3.876572934517391
1545,55.713804448316075,91.1783238815375,4.233368597606514
1546,55.8187061668489,91.12238427393785,4.577649988530437
1547,55.8396346276664,91.11111111111111,4.855611508381374
1548,55.77679751664388,91.1448450347881,5.087457166981299
1549,55.629568660760576,91.22257053291536,5.237674729104426
1550,55.39644980808337,91.34199134199135,5.3737571994367554
1551,55.07497558847096,91.49969641772921,5.485848555074762
1552,54.66154580839433,91.69139465875371,5.637687549467511
1553,54.15115414976787,91.91218948584633,5.357287033943825
1554,53.536955560582896,92.15686274509804,5.132159378126857
1555,52.80956176254724,92.42014076881429,5.0020708301638965
1556,51.955839110846135,92.69692227438706,4.977799262981147
1557,50.95670163482906,92.98245614035088,4.91811205340347
1558,49.78259314655882,93.89716482460355,4.434688542456907
1559,48.38252772362981,94.57471264367815,4.128451381032734
1560,46.64802355999206,95.03732981993852,3.6696023534397058
1561,44.06538997248504,95.30791788856305,3.3666212823213195
1562,43.217545652926205,95.47474747474747,3.2895626987767574
1563,42.25740739917342,95.6437183975107,3.2638960408389464
1564,41.1687225237335,95.81308411214954,3.280387343186539
1565,39.92751754278778,96.23250807319698,3.297294590440818
1566,38.49523987050373,96.76642586859305,3.5435474542286594
1567,36.79989714638193,97.1334431630972,3.6940843527917067
1568,34.653415645353974,97.35099337748345,3.843292401752738
1569,32.86127136377411,97.4390243902439,3.983718006968033
1570,32.37976880459264,97.50148720999405,4.273712353781919
1571,31.845082913152172,97.56662804171495,4.765366128717515
1572,31.758632621328488,97.18875502008032,5.322771607744131
1573,31.605855357968267,94.58309699376063,3.6811348447920853
1574,30.912293689930493,90.37403740374037,3.391926746744815
1575,30.154273408762528,86.33457645178477,6.0904233631735405
1576,29.327615752226045,82.70618556701031,9.336853293412291
1577,28.92110836335292,94.67545638945234,2.6814228083796205
1578,28.886995878185413,93.81652306132793,2.674535029190241
1579,30.002004362869755,93.43678453319765,2.6904543156650518
1580,30.002004362869755,92.80081404222844,2.719819635389123
1581,30.002004362869755,92.2665988298143,2.7311969439228623
1582,30.002004362869755,91.83413889595523,2.7446694888857484
1583,30.002004362869755,92.03764945306538,2.7579119782440022
1584,30.002004362869755,92.52098702620198,2.8203078040117537
1585,29.91366776844872,92.6829268292683,2.8555311642101806
1586,29.627404377514686,92.3076923076923,2.8289989549155004
1587,29.627404377514686,91.6751012145749,2.8571949795980287
1588,29.627404377514686,91.14372469635627,2.9142013372014954
1589,29.627404377514686,91.32085020242916,2.8617139470237887
1590,28.77982590159972,88.17335945151812,5.093415388693984
1591,27.858982026020602,85.25094696969697,7.1316493419226115
1592,26.858512757092328,82.548032936871,9.917922268903595
1593,25.77036792046853,92.07155477031802,1.3263102611550024
1594,25.77036792046853,92.07155477031802,1.3291143694010574
1595,25.77036792046853,92.07155477031802,1.3306160321148184
1596,25.77036792046853,92.07155477031802,1.3306160321148184
1597,25.77036792046853,92.07155477031802,1.3306160321148184
1598,25.77036792046853,92.07155477031802,1.3293219275248909
1599,25.77036792046853,92.07155477031802,1.3275970402872321
1600,25.77036792046853,92.07155477031802,1.3254706112987442
1601,25.77036792046853,92.07155477031802,1.322934078358118
1602,25.77036792046853,92.07155477031802,1.3200157304128182
1603,25.77036792046853,92.07155477031802,1.3169056981032676
1604,25.77036792046853,92.07155477031802,1.313649494221695
1605,25.77036792046853,92.07155477031802,1.3102682613464658
1606,25.77036792046853,92.07155477031802,1.3066797312277787
1607,25.77036792046853,92.07155477031802,1.3029553007285317
1608,25.77036792046853,92.07155477031802,1.2992458210499074
1609,25.77036792046853,92.07155477031802,1.7965559460013412
1610,25.77036792046853,92.07155477031802,1.8392567192713798
1611,25.77036792046853,92.07155477031802,1.8585911507230088
1612,25.77036792046853,92.07155477031802,2.2193209520255404
1613,25.77036792046853,92.07155477031802,2.5846549445061853
1614,25.77036792046853,92.07155477031802,2.682450740605398
1615,25.77036792046853,92.07155477031802,2.669828202640512
1616,25.77036792046853,92.07155477031802,2.802104005027225
1617,25.77036792046853,92.07155477031802,3.2892762707716945
1618,25.77036792046853,92.07155477031802,3.7497597049160767
1619,25.77036792046853,92.07155477031802,4.160308491329407
1620,25.77036792046853,92.07155477031802,4.522438415866741
1621,25.77036792046853,92.07155477031802,4.844158078897681
1622,25.77036792046853,92.07155477031802,5.164071138641408
1623,25.77036792046853,92.07155477031802,5.476954929262447
1624,25.77036792046853,92.07155477031802,5.76331833856951
1625,25.77036792046853,92.07155477031802,6.023459989470454
1626,25.77036792046853,92.07155477031802,6.26452123578475
1627,25.77036792046853,92.07155477031802,6.52059701279673
1628,25.77036792046853,92.07155477031802,6.79710828114095
1629,25.77036792046853,83.30388692579506,13.384091996850497
1630,25.77036792046853,87.03621908127208,10.953353148481694
1631,25.77036792046853,91.03356890459364,7.748988058475224
1632,25.77036792046853,95.11925795053004,6.438975878507109
1633,24.584080913984952,95.78005115089515,5.925330794237137
1634,24.584080913984952,85.74168797953965,12.888106848188913
1635,24.584080913984952,89.5993179880648,9.361649875040788
1636,24.584080913984952,93.54219948849105,7.344131169470756
1637,24.584080913984952,97.57033248081841,4.542613941294706
1638,23.28554876640662,98.08799342105263,4.145855034975304
1639,20.918999527090655,98.3372921615202,4.099581315145156
1640,19.59637621224772,98.39449541284404,3.9165342809377246
1641,18.14202396912635,98.45018450184502,3.896458594085811
1642,16.525575105210557,98.73575498575498,3.7468429224021667
1643,14.69530505446085,98.93470790378007,3.6945937819685253
1644,12.542057481308383,99.0550397877984,3.6659996325859283
1645,9.551523848511046,99.10428662827896,3.5113608760005968
1646,7.971385463025239,99.24172082946457,3.2938196976749676
1647,6.208061115907181,99.4311377245509,3.2528694354467405
1648,4.189190988298596,99.5511149724877,3.195364461365103
1649,1.7263595531412619,99.6078431372549,3.030206245207269
1650,-0.0,99.61432506887053,2.972817705276815
1651,-0.0,99.61432506887053,2.914649301876335
1652,-0.0,99.61432506887053,2.8564090943178186
1653,-0.0,99.61432506887053,2.7984808404821644
1654,1.7263595531412619,99.6078431372549,2.7409543023315215
1655,4.189190988298596,99.5511149724877,2.7949848639437898
1656,6.208061115907181,99.4311377245509,2.7368428000215332
1657,9.219700334919128,99.39553626782393,2.6596659202115815
1658,11.39443387713584,99.29396662387677,2.4884069411564114
1659,13.246584244576374,99.11960132890366,2.4367959574375395
1660,14.885322521102173,98.86519944979368,2.414592632182249
1661,16.362388864300907,98.82562277580071,2.5193162132208653
1662,17.708167467037534,98.78497790868924,2.416841743106458
1663,18.942656497084737,98.74333587204875,2.321706494834049
1664,20.079998400478647,98.7007874015748,2.2429923452556473
1665,21.130701753416755,98.65744507729862,2.1759428163292585
1666,22.102861419175802,98.61344537815125,2.1130258954222256
1667,23.00288503472535,98.56895056374675,2.055260323992383
1668,23.835952739924835,98.52415026833631,2.015943585274378
1669,24.60632229224174,98.47926267281106,1.9991236487683948
1670,25.317539458283893,98.43453510436433,2.0332177804602702
1671,25.972587698998584,98.39024390243902,2.1213950283647733
1672,26.57399746330026,98.34669338677355,2.1372209109790057
1673,27.123927738552627,98.30421377183967,2.268689843399891
1674,27.624228015057206,98.26315789473684,2.44926774264299
1675,29.45488918104599,98.20603424843708,2.788927956945023
1676,31.658193839595455,98.04477189005384,3.336824773947042
1677,33.4119518959791,97.7561263655152,3.955236920857106
1678,34.38165095387592,96.4068209500609,3.7738747817618514
1679,34.738863894590914,93.94409937888199,3.462150145131948
1680,35.04922133672132,91.27686472819217,3.962358445541282
1681,35.3136432094552,88.41463414634147,4.6882339338032555
1682,35.53288972166107,94.63589076723017,4.674239220377407
1683,35.70757540348356,94.57950065703022,5.180373992646237
1684,35.83817995996174,94.5364238410596,5.74640005990095
1685,35.92505644023269,94.50732356857523,6.363436273598469
1686,35.968437082522534,94.49265687583444,7.036926460296061
1687,37.4637038989212,94.38966337980278,7.72766231271744
1688,39.44431800456728,94.08242338851709,8.427024807810248
1689,40.96814091413902,93.6247723132969,9.103063229543773
1690,42.22284452450148,93.0048890560361,9.840611022668176
1691,43.279974585950924,92.52227818674932,10.857223031592035
1692,45.176442111299835,92.28308676529389,12.22166317355681
1693,47.032386731376214,91.89747829681687,12.593925524227657
1694,48.17301247667379,91.11016588685666,12.402855909185238
1695,48.54091228167858,88.89367197589324,10.062610472396825
1696,48.54091228167858,85.75118381403358,8.376124718143782
1697,49.12134750789373,83.97379912663756,6.693868034133801
1698,50.11591785154248,83.31838565022422,6.652032703351882
1699,50.92672002107514,82.92011019283747,6.454804761178445
1700,51.81058981464837,82.15124471582902,5.382583266914906
1701,53.64801700511415,81.81379643029426,5.131554500661162
1702,54.98253572423941,81.41374196737519,4.935989261059999
1703,55.709119316670595,80.70528967254408,4.608431233493152
1704,56.256208131201845,79.846547314578,4.397250100876201
1705,56.64456265113227,78.84117951370926,4.244190960449789
1706,57.12596176047623,78.02197802197803,4.540399060533625
1707,57.64291864337044,77.39544732662785,4.976260093994323
1708,57.959907741290316,76.64,5.652182753664204
1709,58.09318512979643,75.76243980738363,5.80831788893603
1710,57.222001728271344,71.9693094629156,7.266970208792987
1711,56.23007196687091,68.7652513421181,11.381634625705582
1712,55.097890824285415,65.59739655973965,13.363288947263596
1713,53.79552871819334,76.24944714727997,5.175443217805883
1714,52.2716655648818,77.80580075662043,4.1366391198095736
1715,51.082659993611635,79.50260730044124,3.7801403528545188
1716,49.72522471234101,80.95602294455067,3.383153953087389
1717,48.96871869197658,81.59761104889884,3.425891906283218
1718,48.96871869197658,81.59761104889884,3.908498049291267
1719,48.96871869197658,81.59761104889884,4.354337457142198
1720,48.96871869197658,81.59761104889884,4.778373687665542
1721,48.96871869197658,81.59761104889884,5.173336887743576
1722,48.96871869197658,81.59761104889884,5.561925374674018
1723,48.96871869197658,81.59761104889884,5.9397355979756385
1724,48.96871869197658,81.59761104889884,6.031765969991328
1725,48.96871869197658,81.59761104889884,6.093621958694622
1726,48.96871869197658,81.59761104889884,6.306271227082191
1727,48.96871869197658,81.59761104889884,6.844291937234075
1728,48.96871869197658,81.59761104889884,7.381340155586857
1729,48.96871869197658,81.59761104889884,7.9438082934876935
1730,48.96871869197658,81.59761104889884,8.513777337010984
1731,48.96871869197658,81.59761104889884,9.0852019711582
1732,48.96871869197658,71.9298245614035,16.097926883568753
1733,48.96871869197658,76.74505412467339,14.575187558092765
1734,48.96871869197658,81.70959313176559,10.627472602649002
1735,48.96871869197658,86.8234415826801,6.940890955340769
1736,47.90821861204374,88.13013943510904,7.0358998056286195
1737,46.72215948793913,89.22340061580567,6.330828625096226
1738,45.386394734510894,90.12103369316323,5.852426099353063
1739,45.386394734510894,90.12103369316323,6.107955539845511
1740,45.386394734510894,90.12103369316323,6.338222037524043
1741,45.386394734510894,90.12103369316323,6.577107965898195
1742,45.386394734510894,90.12103369316323,6.801997523640036
1743,45.386394734510894,90.12103369316323,7.044447206867088
1744,45.386394734510894,78.63918874713772,16.99249433098235
1745,45.386394734510894,83.25155381092574,13.245197677121562
1746,45.386394734510894,87.99476611056592,9.972353973048426
1747,45.386394734510894,92.86882564605823,6.298585786913578
1748,44.27752830502351,93.34797615312206,6.284369001263566
1749,43.04437712161356,94.19548872180451,6.15367889739074
1750,41.662729140391185,94.87179487179488,5.858311730828638
1751,40.093812786100564,95.39310344827587,4.953628915958198
1752,38.26543418719742,95.77501980459466,4.732289828741085
1753,37.131592320348425,96.56925031766201,4.305807814195813
1754,35.88437596295002,97.21339525788316,3.5743291988492203
1755,33.58147642050972,97.39985945186227,3.3557521050523276
1756,31.522870614631067,97.61744212182514,2.9296822887815117
1757,28.625133422165554,97.73560491697218,2.7467162612719394
1758,26.718023570556866,97.96806966618287,2.594998830332381
1759,25.620946470881762,98.04838381784916,2.4096040163581134
1760,25.620946470881762,98.04838381784916,2.2885678631346043
1761,26.543341811111134,98.3282364933741,2.058793798356103
1762,25.54029367634391,98.20810425575239,1.906372557306405
1763,25.632934382068427,98.2481157058464,1.7456899535193422
1764,25.35027620970259,98.2909460834181,1.5765452843828378
1765,24.622089682423777,98.39724081963887,1.3375411998753723
1766,22.958459820683295,98.42456069480913,1.5682042769782891
1767,22.451063411938016,98.65109724179585,2.262257765182816
1768,21.618675727050693,98.79783610498897,2.518035771941307
1769,20.28213296837117,98.86521998805495,2.788879785543866
1770,19.566574609211067,98.85173247381144,3.074309710432692
1771,20.451265837124723,98.81595346904861,3.3656790162349224
1772,22.523140420500056,98.7736660929432,3.672865144575341
1773,24.15668326624228,98.1729055258467,3.71982735396183
1774,24.903659190525115,96.94814134924277,3.3876683941535832
1775,25.59318603542235,95.561850802644,2.819756627035883
1776,26.228015947076937,94.00776322173702,2.627821388997504
1777,26.810492202062207,96.46414342629483,3.5386528058618563
1778,27.342620193898604,96.37570188871874,3.727111734054952
1779,29.19646778250283,96.25527426160338,3.9680893503493055
1780,31.415060141504924,96.01429356789444,4.080133553497392
1781,33.18450829796557,95.64719358533792,4.08811787144953
1782,35.54872471021353,95.31063321385902,3.930894502482492
1783,37.72022500991029,95.0093574547723,3.4371006952134366
1784,39.44130681681638,94.56380208333333,3.0920018877945115
1785,39.81287551974852,92.02127659574468,2.08012318395838
1786,40.13551664427888,89.26151761517615,1.3163018530451693
1787,40.41026951957733,86.29476584022039,3.7676606979996947
1788,40.63799044781711,89.28072625698324,1.509295529051641
1789,40.81936994139018,89.159604519774,2.458799160653679
1790,40.95494596682799,89.06695156695157,3.469687017091347
1791,41.045113865185975,89.00429799426934,3.453775228633956
1792,41.09013342382192,88.97270114942529,3.450612970244064
1793,41.09013342382192,88.97270114942529,3.4689720970898574
1794,41.045113865185975,89.00429799426934,3.523612511438129
1795,40.95494596682799,89.06695156695157,3.581773467975392
1796,40.81936994139018,89.159604519774,3.9021005781710163
1797,40.63799044781711,89.28072625698324,4.0041558194673925
1798,40.41026951957733,89.42837465564739,4.407725475883818
1799,40.13551664427888,89.60027100271003,4.548937969607167
1800,39.81287551974852,89.7938829787234,4.675279778025593
1801,39.44130681681638,90.00651041666667,4.803114080153896
1802,39.01956601758349,90.235368956743,4.854658078797735
1803,38.546175036140475,90.47766749379653,4.917121590228122
1804,39.03719608963886,90.49089225069466,4.902198924162723
1805,40.224391766987885,90.15365318281593,4.820779723105917
1806,41.12370192524783,89.67270416269463,4.600189163716347
1807,41.153191155463205,87.20125786163523,4.440784644508115
1808,40.43267924590625,82.9683698296837,6.1497222584417655
1809,39.642608831141715,78.93654524089307,9.522729279701077
1810,38.77791773281358,75.36848072562358,12.811526731212558
1811,37.832308412819486,85.62841530054645,4.003922536584836
1812,36.79778892939572,86.15789473684211,4.307548192094019
1813,35.663947062546725,86.67679837892604,4.328428448289204
1814,34.41673070514831,87.1832358674464,4.280310909115114
1815,33.036226502937396,87.67572633552015,4.465519871786206
1816,31.492129993685403,88.44594594594595,3.9712737807594545
1817,29.732776066576694,89.0909090909091,3.3783064943050105
1818,27.649064361192515,89.62146422628952,3.0979384294237264
1819,24.72673910206399,90.04796163069544,3.4490531297493896
1820,21.79248994842348,90.44965411222137,3.7685759409314135
1821,21.79248994842348,90.44965411222137,4.098954905674622
1822,21.79248994842348,90.44965411222137,4.384962070297149
1823,21.79248994842348,90.44965411222137,4.632668164840655
1824,21.79248994842348,90.44965411222137,4.844037251140242
1825,21.79248994842348,90.44965411222137,5.026896544591583
1826,21.79248994842348,90.44965411222137,5.191839592980609
1827,21.79248994842348,90.44965411222137,5.342882294004865
1828,21.79248994842348,90.44965411222137,5.48780106994555
1829,21.79248994842348,82.97463489623367,11.398201524166192
1830,21.79248994842348,86.52959262106073,8.995503466240145
1831,21.79248994842348,90.31514219830899,5.466996805240917
1832,21.79248994842348,94.17755572636433,4.1565548087286475
1833,20.18750631001274,94.58858413639733,4.003239745824138
1834,20.18750631001274,94.58858413639733,3.9276965662620014
1835,20.18750631001274,94.58858413639733,3.8662779707872734
1836,20.18750631001274,86.00815418828762,8.939571142970822
1837,20.18750631001274,89.6590066716086,5.47557742729557
1838,20.18750631001274,93.38398813936249,3.395049095390971
1839,21.01280939611311,97.03717682581619,0.8952683993060002
1840,20.730151223747274,96.96512723845429,1.046715919967014
1841,21.000821484926448,96.91090600866453,2.8144253350142896
1842,20.431629852248044,96.87441159856901,3.3827403792349346
1843,20.431629852248044,96.87441159856901,3.6445264553848746
1844,19.75250661303256,96.72870840383531,3.7943416234417313
1845,20.53218716534293,96.53522205206738,3.6140113552982855
1846,22.897244686305037,96.33903700756069,3.7035864147025372
1847,24.81652181066634,96.05045492142267,3.7806688770436105
1848,26.39827906504413,95.61855670103093,3.7788342236206294
1849,27.741383449239088,95.02897904592064,3.4367702992734004
1850,28.962805674369008,94.31082331174838,3.7886570135858966
1851,30.079185568848533,93.45323741007195,4.757104578302664
1852,31.102591945389968,93.04174950298211,4.8448137267113385
1853,32.042149606862985,92.7946474523932,4.855082795411995
1854,32.90497238951561,92.54526091586794,4.868907583935289
1855,33.69673685723786,92.29499174463402,4.921087553815392
1856,34.42205442596452,92.04545454545455,4.912223128442098
1857,35.08472316680917,91.79847685998828,4.8265562078773305
1858,35.68790410673828,91.55609167671894,4.809912298773
1859,36.23424815671281,91.32052076875388,4.796223891407962
1860,36.725989610402884,91.0941475826972,4.73202321642738
1861,37.165016317728075,80.814332247557,8.88632741996318
1862,38.923269111586585,84.70350404312669,5.6762533298207805
1863,41.61282723707526,88.3638928067701,3.8303835561036994
1864,43.71512566176419,92.47232472324723,4.444984670954911
1865,44.20366449990475,92.81481481481481,4.585183458962384
1866,44.29630520562925,92.88361749444033,4.654689471387967
1867,44.09373289336766,92.74611398963731,4.639874879466688
1868,44.69332789471568,89.95088779750661,3.6830717209049535
1869,44.69332789471568,85.3796751038912,4.19034227158953
1870,44.69332789471568,80.9595768794862,8.37732540582585
1871,44.69332789471568,76.69059312429165,12.58384521721551
1872,44.69332789471568,89.11975821684926,0.5216687953502734
1873,44.69332789471568,89.11975821684926,0.5216687953502734
1874,44.69332789471568,89.11975821684926,0.5216687953502734
1875,44.69332789471568,89.11975821684926,0.5216687953502734
1876,44.69332789471568,89.11975821684926,2.1774850145670097
1877,44.69332789471568,89.11975821684926,2.568898712951325
1878,44.69332789471568,89.11975821684926,2.6435821258867884
1879,44.69332789471568,89.11975821684926,2.648260526021632
1880,44.69332789471568,89.11975821684926,2.681030915594629
1881,44.69332789471568,89.11975821684926,2.7436465043627907
1882,44.69332789471568,89.11975821684926,2.9302718012419255
1883,44.69332789471568,89.11975821684926,2.9819355872714666
1884,44.69332789471568,89.11975821684926,2.995110682811155
1885,44.69332789471568,89.11975821684926,3.005061541365065
1886,44.69332789471568,89.11975821684926,3.0549014904536564
1887,44.69332789471568,89.11975821684926,3.1272366440736956
1888,44.69332789471568,89.11975821684926,3.2528806465752624
1889,44.69332789471568,89.11975821684926,3.6569377042541182
1890,44.69332789471568,89.11975821684926,4.269996562440485
1891,44.69332789471568,89.11975821684926,4.898468258116315
1892,44.69332789471568,89.11975821684926,5.917584893705454
1893,44.69332789471568,89.11975821684926,7.252809406387967
1894,44.69332789471568,89.11975821684926,8.824567102308524
1895,44.69332789471568,89.11975821684926,10.380809878103165
1896,45.478208775309,78.40865198918502,9.254543967419231
1897,46.863516942149644,81.88785800726099,10.848463049833908
1898,48.05622302903691,85.40176693310896,13.545693535062343
1899,49.094776601380694,88.91809023215067,15.901507016513506
1900,49.094776601380694,89.26850635129216,17.27792604478831
1901,49.094776601380694,90.10074463425318,18.71773793978521
1902,49.55838794709406,83.76940133037694,14.503394410126468
1903,50.35190420853439,85.66893424036282,16.28680548457645
1904,50.98922884842191,87.332408691632,17.843216545357834
1905,51.488240803616314,88.72710192578676,19.029756193697466
1906,50.98922884842191,87.332408691632,18.529618752229954
1907,51.11845760453967,86.85057471264368,18.44251552028532
1908,50.85220001752988,85.20523229589536,17.2640852269904
1909,50.47866138670055,80.84544253632761,12.880777411664369
1910,50.540124614559346,78.2399299474606,10.983624843241799
1911,50.97629945873123,77.21631205673759,10.277283514978485
1912,50.44439804279849,73.06701030927834,8.324970760860399
1913,49.843525243474815,69.1029900332226,6.062936808945448
1914,49.16974876302345,65.34455128205128,5.833492484124724
1915,48.87668222654648,63.41079165025601,5.749679685506512
1916,48.049913273847864,60.01514577811435,6.652097337407742
1917,47.13114739038811,56.852053798618684,6.960780279860421
1918,46.110129123186404,53.92122690833043,8.609702767649615
1919,44.972951451870394,65.00834724540901,4.704039715513454
1920,43.699835563969,66.3470757430489,5.1504029826032705
1921,42.26060199438002,67.53286456741058,4.728328753862682
1922,40.60370196889727,68.57643963753289,3.920893814714764
1923,38.62014358705012,69.48868398994132,3.6425105524557915
1924,37.216813791320305,70.54409005628519,2.748178592774828
1925,35.62672895926073,71.47262914417887,0.5635976348963075
1926,33.77767147064572,72.28381374722838,0.5505297003029659
1927,31.96659009578792,73.09056514542445,1.3516311223020758
1928,29.0879832414562,73.7247789616867,2.9566123664388173
1929,29.0879832414562,73.7247789616867,4.2073598116151505
1930,29.0879832414562,73.7247789616867,4.427991659654056
1931,29.0879832414562,73.7247789616867,4.667122196357934
1932,29.0879832414562,73.7247789616867,4.884572617944148
1933,29.0879832414562,73.7247789616867,5.771062791033249
1934,29.0879832414562,73.7247789616867,6.2091170372544084
1935,29.0879832414562,73.7247789616867,6.4060420882665845
1936,29.0879832414562,73.7247789616867,6.474922605674954
1937,29.0879832414562,73.7247789616867,6.549310941948649
1938,29.0879832414562,73.7247789616867,6.612924025881727
1939,29.0879832414562,73.7247789616867,6.646742236410548
1940,29.0879832414562,73.7247789616867,6.661817076494861
1941,29.0879832414562,73.7247789616867,6.671166904855716
1942,29.0879832414562,73.7247789616867,6.704689665801521
1943,29.0879832414562,73.7247789616867,6.788081143618846
1944,30.735518257117718,73.41977309562398,6.843396710802168
1945,33.038417799558,72.7360540932142,5.826714035729739
1946,34.894211860986765,71.94661294384287,5.716442576590084
1947,34.894211860986765,68.14404432132964,4.630683442562967
1948,34.894211860986765,64.44220599345253,5.163238211523577
1949,34.894211860986765,60.841097960211535,7.235448515793026
1950,34.894211860986765,68.42105263157895,5.830703311788037
1951,34.894211860986765,68.42105263157895,6.605073881400239
1952,34.894211860986765,68.42105263157895,7.462501383611382
1953,34.894211860986765,60.63963737093931,11.040587541958047
1954,34.894211860986765,64.2407454041803,10.628939255692964
1955,34.894211860986765,67.94258373205741,11.48641968041198
1956,34.894211860986765,71.74515235457064,10.114126714820452
1957,33.79108094542996,72.433875272992,11.51014413936365
1958,32.58261963205174,73.2881514372517,12.00354598146813
1959,31.252200353451897,74.21822272215972,11.97768703561379
1960,31.432553623045994,74.75685234305924,12.742222499885969
1961,32.68086849493989,74.92246344705362,13.538697432020664
1962,30.779936691543607,71.98808003405705,15.68892512930213
1963,29.111978899030476,69.27488734125359,19.241883260730766
1964,27.18671001519234,66.65352778872685,21.737563713483564
1965,24.81577880862689,74.74402730375427,16.061343355350097
1966,22.02004790926576,75.32396422704873,16.75743168688706
1967,19.056992498112894,75.86570574793461,17.141015056590252
1968,16.082793354360366,76.38488903947146,17.382314890945672
1969,16.082793354360366,79.72217516517026,14.733583243718508
1970,16.082793354360366,83.12722344570557,11.448289709215242
1971,13.924101254323833,83.57037763609613,11.69908538072229
1972,12.634103298623442,85.32198490444837,10.181455559486663
1973,12.634103298623442,88.74257266741608,7.850515882072191
1974,12.634103298623442,92.2273968202987,4.90111930332207
1975,12.634103298623442,95.7764573630962,2.4571904738111123
1976,10.928220760924157,95.85108061208392,2.3884918098293197
1977,10.928220760924157,95.85108061208392,2.3483647295423853
1978,10.928220760924157,95.85108061208392,2.2921187390094957
1979,10.928220760924157,95.85108061208392,2.214718789679781
1980,10.928220760924157,95.85108061208392,2.1138790675960046
1981,10.928220760924157,95.85108061208392,2.307012734974677
1982,10.928220760924157,95.85108061208392,2.2358438362987094
1983,10.928220760924157,95.85108061208392,2.166585741665991
1984,10.928220760924157,95.85108061208392,2.3650149089330283
1985,10.928220760924157,95.85108061208392,2.539704234145387
1986,10.928220760924157,95.85108061208392,2.666213734274237
1987,10.928220760924157,95.85108061208392,2.7464844303722575
1988,10.928220760924157,95.85108061208392,2.7859018079815767
1989,10.928220760924157,95.85108061208392,2.8075063586559437
1990,10.928220760924157,95.85108061208392,2.810003007706273
1991,10.928220760924157,95.85108061208392,2.79911829982978
1992,10.928220760924157,95.85108061208392,2.783096444816286
1993,10.928220760924157,95.85108061208392,2.772312589038021
1994,10.928220760924157,95.85108061208392,2.769286308280156
1995,12.634103298623442,95.7764573630962,2.751689825680241
1996,15.055445298742379,95.57330670660676,2.7408269366274656
1997,17.77788450457325,95.35806729939603,3.7346254430685293
1998,20.17734618800136,95.12981199641898,3.902632392030535
1999,22.131702494768334,94.81701653353149,4.016489139861879
2000,23.93925844544067,94.44765760555234,4.063471893635125
2001,26.87350759908118,85.40204531782635,7.286135814821644
2002,29.63986436602717,88.87729549248748,5.30200961385609
2003,31.98083071972468,92.54671881790526,3.875941906819262
2004,33.875519777422966,96.35746606334841,4.33289944708492
2005,33.68016521388849,96.29210942799006,4.5361018123273755
2006,32.90840126894849,96.0748928490864,4.674590544658833
2007,32.6543313672496,95.61624971310535,4.667106375239837
2008,33.921312382783746,94.94636471990465,4.088704734815688
2009,35.07536568896544,94.33308586983419,3.9463809493848374
2010,36.13056406210109,93.86392811296534,4.251231923447395
2011,37.097341859864116,93.37237157306362,4.862712099786089
2012,37.983714772699706,92.85911221395092,5.702433078363909
2013,38.796005858622614,92.32524964336662,5.732467819795447
2014,39.539304767791265,91.7723385432026,5.414212072777015
2015,40.217772292196855,91.20243531202435,5.476619073036893
2016,40.834850122852195,90.61813617822403,5.572558840569747
2017,41.393409820849534,79.27026154342913,8.016133436003114
2018,41.89586130466449,83.11774461028192,4.951463494376532
2019,42.344233487438714,87.0792247534852,3.4774696967865277
2020,42.74023520388731,91.1304347826087,5.543466035057828
2021,40.40470928262017,91.04173736002714,5.747210487158649
2022,39.17373523269756,90.736984448952,5.8964077842368745
2023,39.448488107996006,90.2405498281787,5.816319167278389
2024,39.6762090362358,89.7560975609756,5.738853426245246
2025,39.857588529808865,89.28823114869627,5.296398819690103
2026,39.99316455524668,88.84150675195451,4.868293866560796
2027,40.08333245360466,88.42030021443888,4.778176572946594
2028,40.7455965272642,87.7959927140255,4.522221757776124
2029,41.87436082786605,86.81732580037665,4.0259376221837595
2030,41.87436082786605,83.01318267419963,1.9337938965531738
2031,41.87436082786605,79.35969868173258,4.684437596919289
2032,41.87436082786605,75.85687382297552,7.458308629185725
2033,41.87436082786605,83.65348399246705,2.0314649311284803
2034,41.87436082786605,83.65348399246705,1.9896324080596826
2035,41.87436082786605,83.65348399246705,2.0382353178833728
2036,41.87436082786605,83.65348399246705,2.4706010990351897
2037,41.87436082786605,83.65348399246705,3.3550662247938257
2038,41.87436082786605,83.65348399246705,4.162894927764642
2039,41.87436082786605,83.65348399246705,4.922009214635092
2040,41.87436082786605,83.65348399246705,5.638994118683137
2041,41.87436082786605,83.65348399246705,6.449224179179204
2042,41.87436082786605,83.65348399246705,7.196051773127173
2043,41.87436082786605,83.65348399246705,7.91377226087301
2044,41.87436082786605,83.65348399246705,8.595624541133327
2045,41.87436082786605,83.65348399246705,9.23662984368957
2046,41.87436082786605,83.65348399246705,9.837446667861487
2047,41.87436082786605,83.65348399246705,10.40602492192643
2048,41.87436082786605,83.65348399246705,10.938592671608843
2049,41.87436082786605,83.65348399246705,11.430783683702733
2050,41.87436082786605,83.65348399246705,11.87299978310531
2051,41.87436082786605,83.65348399246705,12.255712409627657
2052,41.87436082786605,75.85687382297552,19.210962993288557
2053,41.87436082786605,79.35969868173258,16.600539935390017
2054,41.87436082786605,83.01318267419963,12.657357787410856
2055,41.87436082786605,86.81732580037665,9.626628187781076
2056,41.83961915543021,90.56745584366779,6.886280076439262
2057,41.758453001380154,94.16822429906541,5.157273782208751
2058,40.58630805848846,94.91525423728814,4.788354875587609
2059,39.220875405772446,95.484543244182,4.166034884773758
2060,37.59030050180513,95.89041095890411,4.004670576858152
2061,36.5359378564283,97.55700325732899,3.631156299061723
2062,33.864447799060954,97.68605378361475,3.6526377670755688
2063,32.31327293892909,98.04334738109573,3.677966067697382
2064,30.43262459572153,98.26288361320208,3.74183525822494
2065,27.70849465404822,98.35837506956038,3.8455140596410127
2066,27.42004626683453,98.38356164383562,3.950255695824192
2067,27.088376328438436,98.41141626278944,4.052267305044169
2068,28.30741255765714,98.40927473712591,4.153335738275047
2069,30.105137925937054,98.29436038514443,4.26355067161368
2070,31.437615712436983,98.0666853460353,4.383820689182494
2071,32.49168998298353,97.72144688123042,4.531004505732085
2072,32.67896511091056,95.35410764872522,5.067950392497872
2073,32.121198088598746,91.1472697186983,7.021403503131039
2074,31.50875248176998,87.07774798927613,10.14167962254218
2075,30.8391462857393,83.15981259760541,12.987081158457348
2076,30.109441174870728,95.68399798081776,3.938319756113507
2077,29.316133503710695,95.81907090464547,3.8953917538987555
2078,28.45500488443068,95.95362044486512,3.888579989089554
2079,27.52091202992886,96.08695652173913,3.868207380403673
2080,26.507481849248876,96.21848739495799,3.859821582087252
2081,25.406651907029964,96.34771465185818,3.8260737087805348
2082,24.20794410663599,96.47422680412372,3.781193912259211
2083,22.897244686305037,96.59769200159172,3.7088513899788054
2084,21.4545825055723,96.71785028790786,3.3392833742168646
2085,19.84959886716156,97.07515734912995,3.2450748031805343
2086,18.030577690984167,97.3402356301321,3.1518257720210063
2087,15.888370655869394,97.52151462994837,3.0370060028097656
2088,12.908676801725191,97.6269498838367,2.910790613666752
2089,10.487334801606254,97.75784753363229,2.854065549655649
2090,8.781452263906967,97.79735682819383,2.851281938653081
2091,8.781452263906967,97.79735682819383,2.847896456129514
2092,8.781452263906967,97.79735682819383,2.8440663247837303
2093,8.781452263906967,97.79735682819383,2.8397595586799866
2094,8.781452263906967,97.79735682819383,2.8397595586799866
2095,8.781452263906967,97.79735682819383,2.8366716748359986
2096,8.781452263906967,97.79735682819383,2.823692307777863
2097,8.781452263906967,97.79735682819383,2.7976360040058696
2098,8.781452263906967,97.79735682819383,2.759224520997872
2099,8.781452263906967,97.79735682819383,2.703494952130868
2100,8.781452263906967,97.79735682819383,2.625763499509115
2101,8.781452263906967,97.79735682819383,2.5388418239238106
2102,8.781452263906967,97.79735682819383,2.4346772693891006
2103,8.781452263906967,97.79735682819383,2.3086704902118087
2104,8.781452263906967,97.79735682819383,2.1122068520173736
2105,8.781452263906967,97.79735682819383,3.5341483843614587
2106,8.781452263906967,97.79735682819383,4.584232019626944
2107,8.781452263906967,97.79735682819383,5.4782924195847
2108,8.781452263906967,97.79735682819383,5.551453198338882
2109,8.781452263906967,97.79735682819383,5.615887922177689
2110,8.781452263906967,97.79735682819383,5.673580646687995
2111,8.781452263906967,97.79735682819383,5.7301588560662156
2112,8.781452263906967,97.79735682819383,5.800520444875897
2113,8.781452263906967,97.79735682819383,5.880796226244261
2114,8.781452263906967,97.79735682819383,5.970768525594307
2115,10.487334801606254,97.75784753363229,6.064360554984923
2116,12.908676801725191,97.6269498838367,6.158102157505846
2117,15.888370655869394,97.52151462994837,6.241377218209448
2118,18.030577690984167,97.3402356301321,6.328847203112976
2119,19.84959886716156,97.07515734912995,6.416901630534795
2120,21.4545825055723,96.71785028790786,6.49976226120903
2121,23.195766057804267,96.53386454183267,6.578076225763413
2122,24.97970805157599,96.21274834437087,6.649417715653791
2123,26.548910460333495,95.78675838349098,6.704040507552161
2124,27.270148531575263,93.47207009857613,6.825684390433358
2125,27.270148531575263,79.6276013143483,16.202755243184416
2126,27.270148531575263,79.6276013143483,16.61970617553481
2127,27.270148531575263,79.6276013143483,17.0121164507954
2128,27.270148531575263,95.53121577217962,2.886346235897534
2129,25.707124171030166,95.97301286105841,2.6357741992815216
2130,23.929234771979953,96.30756745790221,2.4084546103234863
2131,21.82736403436633,96.54499316806559,2.219912784120007
2132,18.88724119512248,96.69483568075117,1.7221275781304461
2133,18.88724119512248,96.69483568075117,1.5736804216904223
2134,18.88724119512248,96.69483568075117,1.40342228602066
2135,18.88724119512248,96.69483568075117,1.216931279069732
2136,18.88724119512248,96.69483568075117,1.0348530454118268
2137,18.88724119512248,96.69483568075117,0.8815692993085215
2138,18.88724119512248,96.69483568075117,0.8058452335299641
2139,18.88724119512248,96.69483568075117,0.8791383316129913
2140,18.88724119512248,96.69483568075117,1.0950812984702232
2141,18.88724119512248,96.69483568075117,1.4293749832987226
2142,18.88724119512248,96.69483568075117,1.9119710392244553
2143,18.88724119512248,96.69483568075117,2.7223989616056903
2144,18.88724119512248,96.69483568075117,3.490528018906347
2145,20.56537537255615,96.63028910587785,4.26141488055282
2146,23.499624526196662,96.47620943659167,4.7025011785080295
2147,25.85275815264679,96.27252019051564,5.484002871687305
2148,28.505661490709365,96.0551843069627,6.29796427654277
2149,30.834207050496477,95.82304064675499,7.163983174314402
2150,32.71621100259966,95.48538011695906,7.985794645302331
2151,34.44991891236155,95.07677309285889,8.653068583224028
2152,36.3469796969762,94.68599033816425,11.612503300233602
2153,38.18922361503992,94.26599415980887,13.99249957328368
2154,39.772335476816394,93.71016902188973,16.082688474027382
2155,41.16852526527826,93.00375831165077,16.356862878033724
2156,43.41543866441071,92.41003931055337,16.37341703018294
2157,45.63403102341281,91.9441801458928,16.328454606499548
2158,47.40347917987345,91.32025274359827,16.22001593616746
2159,48.91197049913043,90.51934471941443,16.174866488679648
2160,50.231620993782954,89.81380065717416,15.958284520456486
2161,51.40111812718572,88.95682078716086,14.979768015483808
2162,52.44458288964453,87.5349580503396,14.527646046356624
2163,53.998198064097494,84.48275862068965,12.577187042399318
2164,56.10959897559702,83.578856152513,12.378173872561492
2165,58.51459074595204,82.6007326007326,12.27714222999526
2166,60.58871679698411,81.54069767441861,12.33817785151569
2167,62.20943677771017,80.22540983606558,11.847011276314452
2168,63.56467750601428,78.62554112554112,11.383267773786574
2169,64.72626965579867,77.1689497716895,10.295566362075094
2170,65.87571898762462,75.66265060240964,9.53796300612552
2171,66.45596758326843,71.51702786377709,8.676740961718837
2172,66.45596758326843,54.17956656346749,12.277086151935983
2173,66.45596758326843,54.17956656346749,12.901113505598984
2174,66.45596758326843,54.17956656346749,13.531640392832212
2175,66.45596758326843,74.61300309597523,5.699943526885557
2176,65.32720328266657,76.71554252199414,5.994504212608777
2177,64.13362558528198,78.16666666666667,7.285796673120697
2178,62.88139478228605,79.89473684210526,8.234712942486407
2179,61.986231103855616,80.48032703117016,9.190342344927172
2180,61.2580445765768,79.90867579908675,8.96223395783381
2181,59.64641873777923,79.10597689603215,9.467556361730775
2182,59.12117214139555,78.55361596009975,10.891902171510479
2183,58.23616823640535,77.77777777777777,11.637772648991723
2184,56.05956732790642,75.14312977099236,11.13595317337614
2185,56.05956732790642,70.18129770992367,8.074995694782096
2186,56.05956732790642,65.07633587786259,7.364738725173091
2187,56.05956732790642,60.162213740458014,9.293878881140925
2188,56.05956732790642,71.51717557251908,9.279788420018274
2189,56.05956732790642,71.51717557251908,9.220773356645543
2190,56.05956732790642,71.51717557251908,9.144819913336272
2191,56.05956732790642,71.51717557251908,9.119223416301237
2192,56.05956732790642,71.51717557251908,9.15750271749414
2193,56.05956732790642,71.51717557251908,9.252556223738054
2194,56.05956732790642,71.51717557251908,9.38475910916221
2195,56.05956732790642,71.51717557251908,9.57805599099629
2196,56.05956732790642,71.51717557251908,9.83100272081413
2197,56.05956732790642,71.51717557251908,10.098255408179359
2198,57.575578861824305,70.74128620520374,10.790286177607056
2199,60.17913446202231,69.05876235049402,11.296220456052987
2200,62.76176804952933,67.23662437948153,12.046115925087046
2201,64.49627221316709,65.10812390414962,13.338640379603984
2202,64.49627221316709,51.081239041496204,15.430021192511413
2203,64.49627221316709,51.081239041496204,16.862761405821136
2204,64.49627221316709,51.081239041496204,18.299502043756387
2205,64.49627221316709,65.10812390414962,15.7154679216406
2206,63.59895163027808,67.9108635097493,15.048650784671011
2207,62.154701308127855,70.00527148128624,14.843057790244721
2208,60.37759198892159,71.79870453413054,12.948946251934093
2209,59.465274059410255,74.15516420752023,11.96186471060397
2210,58.433582214497356,76.21425329096687,12.319636748564694
2211,57.26292276873678,77.99394725464764,11.108168510169984
2212,54.58233022455884,79.12402783462956,10.530885470604003
2213,53.43857217394036,80.7346619773349,9.677949535683391
2214,52.14394047795664,82.10957882966828,8.659838316262082
2215,50.659786896666894,83.26820603907638,7.955220530659096
2216,48.914031521320524,84.23011844331641,7.664854157536731
2217,47.640915633419134,84.84946584655228,7.477599593979803
2218,46.201682063830155,85.85577220674713,6.645145438988603
2219,44.5447820383474,86.69032830523514,6.962915810732109
2220,42.56122365650026,87.36931336535744,6.886552973913774
2221,39.7368524230478,87.90823211875843,6.966012679149058
2222,37.46764435177275,88.4585592563904,6.974700921002312
2223,35.83667362837548,90.88383838383838,5.485253787344229
2224,33.804277713171224,91.38431752178121,5.709160876394718
2225,30.93218653805254,91.76716141001856,5.8944267443264
2226,29.75858463716408,92.24060822898032,5.669860253842002
2227,28.472473283496143,92.97413793103448,5.420573213504625
2228,27.053902270028,93.58388704318936,5.447443217498349
2229,25.472532588517875,94.04,5.453153207942433
2230,23.676666700234176,94.39522342064716,5.492032141988745
2231,22.071683061823435,94.79940564635959,5.247898589330745
2232,22.071683061823435,94.79940564635959,5.361495353134964
2233,22.071683061823435,94.79940564635959,5.46781551184847
2234,22.071683061823435,94.79940564635959,5.58154529155965
2235,22.071683061823435,94.79940564635959,5.439682880821293
2236,22.071683061823435,86.19985141158989,11.025687409512454
2237,22.071683061823435,89.85884101040119,8.092183982482876
2238,22.071683061823435,93.5921248142645,5.980129501967524
2239,22.071683061823435,97.3997028231798,3.3435769858158406
2240,20.25266188564604,97.65401146131805,3.3572212663324352
2241,18.11045485053127,97.82458563535911,3.4521496888457817
2242,15.9572072773788,97.98467688207862,3.5575754937739794
2243,12.966673644581464,98.0719794344473,3.6322744336859696
2244,9.965493821373014,98.15446650124069,3.710420306342254
2245,9.965493821373014,98.15446650124069,3.8308855819076624
2246,9.965493821373014,98.15446650124069,3.946362355118898
2247,9.965493821373014,98.15446650124069,4.053467358161387
2248,9.965493821373014,98.15446650124069,4.149647400929476
2249,9.965493821373014,98.15446650124069,4.237825104295176
2250,9.965493821373014,98.15446650124069,4.321858868796555
2251,9.965493821373014,98.15446650124069,4.404929377100632
2252,9.965493821373014,98.15446650124069,4.494451569596394
2253,9.965493821373014,98.15446650124069,4.582176009901227
2254,9.965493821373014,98.15446650124069,4.658774325020957
2255,9.965493821373014,89.17493796526054,10.706429360776985
2256,9.965493821373014,92.54032258064517,8.477177260746306
2257,9.965493821373014,95.96774193548387,5.573887243920457
2258,9.965493821373014,99.45719602977667,3.6792829288713182
2259,6.9538546023610674,99.49071300179749,3.6648538438228226
2260,4.189190988298596,99.5511149724877,3.640919414242482
2261,1.7263595531412619,99.6078431372549,3.57755371672016
2262,-0.0,99.61432506887053,3.573233130989116
2263,-0.0,99.61432506887053,3.568453802535112
2264,-0.0,99.61432506887053,3.5633614749736
2265,-0.0,99.61432506887053,3.5579657391100095
2266,-0.0,99.61432506887053,3.5522947951483252
2267,-0.0,99.61432506887053,3.546369016971297
2268,-0.0,99.61432506887053,3.5401884767256724
2269,-0.0,99.61432506887053,3.533752527107877
2270,-0.0,99.61432506887053,3.527055002936765
2271,-0.0,99.61432506887053,3.520107992701089
2272,-0.0,99.61432506887053,3.5129271446567554
2273,-0.0,99.61432506887053,3.505503101807153
2274,-0.0,99.61432506887053,3.4978513936698574
2275,-0.0,99.61432506887053,3.4900057208885507
2276,-0.0,99.61432506887053,3.4900057208885507
2277,-0.0,99.61432506887053,3.4900057208885507
2278,-0.0,99.61432506887053,3.4900057208885507
2279,-0.0,99.61432506887053,3.480744725959496
2280,-0.0,99.61432506887053,3.4715231051890396
2281,-0.0,99.61432506887053,3.4604237537058333
2282,-0.0,99.61432506887053,3.443356317310546
2283,-0.0,99.61432506887053,3.4161760856521703
2284,-0.0,99.61432506887053,3.3748062283730804
2285,-0.0,99.61432506887053,3.3328334322914044
2286,-0.0,99.61432506887053,3.290258416422564
2287,-0.0,99.61432506887053,3.247000276263339
2288,-0.0,99.61432506887053,3.202913885372197
2289,-0.0,99.61432506887053,3.1577936865044167
2290,-0.0,99.61432506887053,3.1116417335256017
2291,-0.0,99.61432506887053,3.0645966660553356
2292,-0.0,99.61432506887053,3.0163492158996563
2293,-0.0,99.61432506887053,2.9622484184072406
2294,-0.0,99.61432506887053,2.896378101410232
2295,-0.0,99.61432506887053,2.7184280072517253
2296,-0.0,99.61432506887053,2.596732284566316
2297,-0.0,99.61432506887053,2.8309361746001933
2298,-0.0,99.61432506887053,3.5587339419156563
2299,-0.0,99.61432506887053,4.28920782511411
2300,-0.0,99.61432506887053,5.015537972299834
2301,3.0370119579712087,99.58701224722302,5.740776893955531
2302,5.237557751852812,99.49941107184924,6.461760500101195
2303,7.115975381672694,99.3455098934551,7.244314967529196
2304,8.781452263906967,99.11894273127753,8.039186381820329
2305,10.285745784398873,99.08943089430895,8.98158649334109
2306,11.659258326629562,99.05913978494624,10.059514428899387
2307,12.922007284400156,99.02811523776467,10.826214560688813
2308,14.088155445306416,98.99641577060932,11.595585271819182
2309,15.16823293065967,98.96411394746578,12.354177400947684
2310,16.170357449286655,98.93129770992367,13.08405436106947
2311,17.10096089097604,98.89807162534436,13.792710100010957
2312,19.204334923298195,98.85923813403951,14.463802226015497
2313,21.539123228783293,98.7502647744122,15.085453250395966
2314,23.427503473849363,98.54657564413125,15.674316475129984
2315,23.835952739924835,95.97495527728086,14.548173834780588
2316,23.835952739924835,91.97227191413238,11.59701102414014
2317,23.835952739924835,88.05903398926655,8.92429754258189
2318,23.835952739924835,84.23524150268337,6.519796762945039
2319,25.06394489501243,83.51851851851852,6.092473621994751
2320,26.581831513590014,82.89220404234841,5.9284150116450824
2321,27.935536593513177,82.15,5.162972631149574
2322,29.155337488385964,81.28245067497404,4.235346417546202
2323,30.071495521495972,80.02148227712138,2.461500240782482
2324,30.726559910287154,78.34623893805309,1.7157282011577906
2325,31.324100089851402,76.50739476678044,2.4158240203324928
2326,31.866579411710582,74.5035046728972,3.0389178601235884
2327,32.356084651929315,77.09580838323353,2.491974832410289
2328,32.794387441864046,76.86887254901961,2.85249830562345
2329,33.182991462270216,76.68961201501877,3.515562425742221
2330,33.52316908551119,76.5625,3.823467219676359
2331,33.81599002893096,76.49156939040208,3.8597399904498664
2332,34.06234383354353,76.48026315789474,3.78119084104147
2333,34.26295746937663,76.53129161118508,3.705207992320247
2334,34.41840900893908,76.64650537634408,3.5562656022469796
2335,34.52913805129263,76.82679296346414,3.101112582928948
2336,34.595453387568,77.07201086956522,3.2607211980650828
2337,34.61753825221842,77.38095238095238,3.3839440572354276
2338,34.595453387568,77.75135869565217,3.560316283014276
2339,34.52913805129263,78.17997293640055,3.832278250141228
2340,34.41840900893908,78.66263440860214,4.399921454248974
2341,34.26295746937663,79.19440745672436,4.579029381292769
2342,34.06234383354353,79.76973684210526,4.475639216801917
2343,33.81599002893096,80.38261997405966,4.954622628323245
2344,33.52316908551119,81.02678571428571,6.078052062677109
2345,33.182991462270216,81.69586983729663,7.02990474341315
2346,32.794387441864046,82.38357843137256,8.121567907587842
2347,32.356084651929315,83.08383233532935,9.304420818553996
2348,32.37976880459264,83.1945270672219,9.821159410747788
2349,32.81287852371474,82.64264264264264,10.42259780153647
2350,33.13150042964057,82.00241984271022,10.62953733773505
2351,32.937583731697714,79.85654512851166,8.462135948239526
2352,32.26680906327163,76.69565217391305,6.380141725784216
2353,31.9072778635321,74.63623395149786,6.354341907555652
2354,31.9072778635321,73.86590584878745,6.3286173154001455
2355,31.9072778635321,73.20970042796006,6.090246304215429
2356,31.9072778635321,72.89586305278173,5.838178078303365
2357,31.9072778635321,72.89586305278173,5.814543247808172
2358,31.9072778635321,73.20970042796006,6.058991118778368
2359,31.9072778635321,73.86590584878745,6.751330127219888
2360,31.9072778635321,74.63623395149786,7.363230219154729
2361,32.26680906327163,74.6376811594203,7.2993426930630605
2362,32.937583731697714,73.7895995218171,6.726452177024367
2363,33.54676489269476,72.95384615384616,6.436720179414678
2364,34.09721301295367,72.13788741302973,6.362719907878547
2365,34.5913259852583,71.34977287475665,6.395009415275358
2366,35.03111965852545,70.59800664451828,7.309379594087499
2367,35.41828864157369,69.89137813985064,8.029331358770678
2368,35.75425277767388,69.23875432525952,8.554672272768695
2369,36.04019295771014,60.731878958479946,12.017691589245878
2370,36.27707881437578,63.9186295503212,11.134758015395873
2371,36.4656900862309,66.89530685920577,11.091628242898814
2372,36.78805119525771,68.15519765739386,11.238210969286314
2373,36.12249391567657,66.26334519572954,12.639640327207136
2374,35.37034770637372,64.29558011049724,13.83710908753253
2375,34.95948973389893,63.01835486063902,15.981095324612562
2376,34.73176880565914,73.44064386317908,8.519072827789834
2377,34.45701593036069,76.13861386138613,7.9560619921022875
2378,34.301741834669365,77.4288518155054,7.129228951587588
2379,34.45701593036069,78.11881188118812,7.0787127155038565
2380,33.81599002893096,77.04280155642023,8.31120688635261
2381,33.05448363791667,75.52447552447552,10.312047539544768
2382,32.15687290102574,82.27611940298507,4.523629777220201
2383,31.0997428395763,83.12082574377656,4.097696774868533
2384,31.268214414687286,83.2618025751073,4.393603283424135
2385,31.394200551342898,83.44657195799877,5.025337928286845
2386,31.478017851752956,83.67473618870267,5.3304031158654395
2387,31.51987477338795,83.94523957685128,5.573474412135213
2388,31.51987477338795,84.25637834474175,5.700203241096124
2389,31.478017851752956,84.6058348851645,6.201868236634415
2390,31.394200551342898,84.99073502161828,5.8794329621875665
2391,31.268214414687286,85.4077253218884,5.561189532148484
2392,31.0997428395763,85.85306618093503,5.524924640650866
2393,30.888356213259716,86.32273545290941,5.688670929019905
2394,30.633505134221895,86.81253696037848,5.461457510818782
2395,30.334511445303363,87.31820826061664,5.117836285290036
2396,29.990556694997096,87.83552255853797,4.7416675438765115
2397,29.600667504804534,88.36038052602126,4.438878546437528
2398,29.16369713484382,88.88888888888889,4.5276250566699385
2399,28.678302285603753,89.41742383752005,4.0415209513907255
2400,28.142913817590877,89.94267847837415,3.8341964758326594
2401,27.555699560775054,90.46169457128362,3.74574186578925
2402,26.91451663922095,90.97187962506166,3.677087899822966
2403,26.21684961654383,91.47101102060374,3.6443052598439514
2404,25.459729043149636,91.95722919572292,3.775141050301356
2405,24.639622249701855,92.49662009914375,4.020818402193266
2406,24.204655360417732,93.1026835218452,4.470007545493016
2407,24.204655360417732,93.1026835218452,4.821962861246545
2408,24.504570326328874,93.37188612099644,6.602096514796508
2409,24.504570326328874,93.37188612099644,7.628121891631443
2410,24.504570326328874,93.37188612099644,8.293751549306206
2411,24.204655360417732,93.1026835218452,8.61866448001515
2412,24.204655360417732,93.0583277888667,8.91128084008587
2413,24.204655360417732,93.01397205588822,9.27167388914509
2414,25.057795456287195,91.98901350423438,8.9749327879773
2415,25.459729043149636,89.8651789865179,8.320560548558422
2416,25.459729043149636,85.84379358437936,6.218318162847339
2417,25.459729043149636,81.91538819153882,5.199194678689981
2418,25.459729043149636,78.07996280799628,6.266411837814601
2419,25.459729043149636,88.65643886564389,7.457368999933745
2420,25.459729043149636,88.65643886564389,7.889506717354773
2421,27.09743633936065,88.4168051269879,8.35251947128232
2422,29.380350330064488,87.8495421925266,8.560739517177185
2423,31.21570189925072,87.15501676554037,8.772930031620184
2424,32.749029728676966,86.29768941429339,8.823193352352526
2425,34.06744741860806,85.26286353467562,9.009203249765548
2426,35.251104870650046,84.06050029086678,8.83805924204552
2427,36.319843831875495,82.67835550181378,8.805964511512958
2428,37.287639442438056,70.37037037037037,6.8051478751583945
2429,38.16482104636123,73.33984375,6.222207827734751
2430,38.89124043827899,76.20329855267586,6.738933631417723
2431,39.4817983211495,78.84148456468957,9.508026963636086
2432,40.18407205309046,80.60971286777739,10.833589517713953
2433,40.27551642177355,80.13503909026296,11.827463747184993
2434,40.379524467659365,79.18745545260157,13.269573457263446
2435,40.379524467659365,79.11617961511048,15.028918034395826
2436,40.27551642177355,80.2771855010661,16.956208289523094
2437,40.18407205309046,80.75150655795817,19.302814945599472
2438,40.18407205309046,81.07054236086495,21.160840454000397
2439,40.9050262275614,79.0979097909791,20.87227515961698
2440,41.55104952646648,76.86482393032942,20.25586580894559
2441,42.126534857242696,74.99024580569645,20.08515136946704
2442,42.63504264514138,73.64620938628158,20.468013412079845
2443,44.3760680087597,72.32625884311278,19.873018493417916
2444,46.40006275669563,70.8678587003925,18.722066305260395
2445,47.96890522490331,69.19214970333181,18.23610340084986
2446,49.27039609133391,67.28659990462566,17.407743148029038
2447,50.376225697950225,65.53953257086027,16.46088708301549
2448,51.32461137193604,64.14899120538024,16.060214718239163
2449,52.13915300936763,62.80193236714976,14.77842031811666
2450,52.83568527388993,61.521377012770685,13.727405328797833
2451,53.42538570699017,60.33199771036062,12.789866320111418
2452,55.08415145833471,58.8235294117647,12.299247672750752
2453,55.28175310799428,54.966887417218544,11.115784903119916
2454,55.406816888085075,51.001821493624774,8.947615957680377
2455,55.46025555184042,46.983546617915906,4.2796765139520385
2456,55.44245326842445,46.378575776019474,4.171381202402273
2457,55.35328244126476,45.97701149425287,4.3677586492752525
2458,55.19209815268752,45.84081388390185,4.688417845310516
2459,54.95770961802445,45.9634649381261,5.218468981742668
2460,54.64832540139467,46.3316002310803,5.841071094056916
2461,54.26146579904799,46.92611393119007,6.543105486551699
2462,53.793830885465276,47.723532638507955,7.301426942293604
2463,53.241104757157295,48.538011695906434,5.651209742185954
2464,52.59766259745906,51.36106831022085,2.595911851967031
2465,51.856121159419864,53.983176645225136,2.939060463862458
2466,51.00662090077231,56.395625297194485,3.182507063079755
2467,51.17374862990004,58.47537878787879,3.7091419766168214
2468,51.783883279794054,59.375,3.944043993882847
2469,52.744148043971386,61.79718875502008,3.7421072427292756
2470,53.60545529998995,63.893249607535324,2.974501683723035
2471,54.37661506368974,66.3581927054981,3.2053827717966437
2472,54.5931636257061,64.67361492046078,4.242572893729676
2473,54.68514281126414,64.88717666483214,4.9505224968721135
2474,54.65453718086327,68.11434854315559,5.235809712108736
2475,54.50069232859144,70.09294696555494,5.160982343875237
2476,54.50069232859144,70.09294696555494,5.952787813757894
2477,54.50069232859144,70.09294696555494,6.98718711722805
2478,54.50069232859144,68.28868234007655,8.82402802900836
2479,54.65453718086327,68.66410115448048,9.389490089690982
2480,54.700838351109724,68.77753303964758,10.369145621302406
2481,54.63796879144992,68.62637362637362,11.407971460015322
2482,54.27613189472815,68.31521739130434,12.809624431244362
2483,53.753392852780344,67.3982869379015,13.747696201168752
2484,53.04931903966713,71.69117647058823,11.71156300331193
2485,53.38302217062474,71.05263157894737,12.500676368166895
2486,53.650731528620476,70.51422319474835,13.651784405560225
2487,53.85402459509685,64.70588235294117,16.81267659861121
2488,53.99405761350352,69.00224215246637,14.915804872729675
2489,54.07160699904404,72.94250281848929,11.994396685379845
2490,54.087095899308856,77.25733634311513,8.894422844070924
2491,53.61081672584989,79.73568281938326,8.136702257050034
2492,53.035146706072865,81.95931477516059,7.45477152342939
2493,52.417207770125806,82.68828451882845,7.705784370969637
2494,52.2710470761555,77.4327122153209,8.879536106408493
2495,52.065425861578774,81.1734693877551,8.278529132304666
2496,51.79931227437521,84.66933867735472,8.828490801599596
2497,51.47132572726576,87.8921568627451,10.287618601041158
2498,50.66608656327545,88.63207547169812,11.141547092984371
2499,49.747082837508906,89.35688405797102,12.374890244714056
2500,48.698160045581446,90.625,13.652084556796645
2501,49.016413089882086,91.43952299829643,14.31971958261512
2502,49.69553632909757,91.7094017094017,14.861235784091752
2503,49.695536329097564,91.62393162393163,15.266319868500352
2504,51.06096898181358,90.73410922112802,15.265395875980454
2505,51.06096898181358,85.6759176365264,12.025936103799832
2506,51.66833496619626,82.64652014652015,9.269260421624347
2507,52.759381580795505,81.33971291866028,8.229667135475566
2508,53.70870618662742,80.18962075848303,7.3821908387545685
2509,54.53570468893128,69.00311526479751,3.2911019427495605
2510,55.06199622695272,71.06951871657753,3.667218137098004
2511,55.32270370650888,72.38562091503267,4.355863128060967
2512,56.00980521582879,74.53729669097028,6.654751211057917
2513,55.026592712658676,72.84434490481523,6.664409451302318
2514,55.288005731009626,70.74829931972789,7.290087299601421
2515,55.45278278466361,68.51428571428572,7.966598343996847
2516,55.52303596459909,70.81422018348624,8.954893504574997
2517,55.499642336565024,71.30584192439862,10.362545859005541
2518,55.38231136693719,71.9248291571754,10.67433122299172
2519,55.16956280267681,72.66065388951522,10.55047663497381
2520,54.858610644608575,73.5,11.791071358964642
2521,54.44512931645088,74.42748091603053,12.460437280863214
2522,54.394741111233394,74.6616134271792,12.87286899748862
2523,55.583603484615985,74.42622950819673,12.669481652834733
2524,57.195229323413564,75.2486187845304,12.963773062301845
2525,57.98503095213285,75.33185840707965,13.143058323702308
2526,57.16951360722171,73.38362068965517,11.980669863958818
2527,55.82972537340643,70.20618556701031,8.931774203182014
2528,54.747748328872724,67.35905044510386,7.482532180785874
2529,53.790967193221995,65.54379210779595,6.530434746077787
2530,52.85601700737236,64.99051233396584,6.329495712370799
2531,53.01971338717457,62.207357859531776,5.117209209939881
2532,53.01971338717457,59.101767797419974,4.496596062712574
2533,53.01971338717457,56.187290969899664,4.186202009770417
2534,53.01971338717457,53.46392737697086,5.239168078564798
2535,53.01971338717457,53.46392737697086,6.29112074801463
2536,53.01971338717457,56.187290969899664,6.946674776845075
2537,53.01971338717457,59.101767797419974,8.127881798590641
2538,53.01971338717457,62.207357859531776,8.347885453031015
2539,52.22684004901631,64.48730009407338,7.798188738328588
2540,49.89131412774917,65.6960873521383,8.348374422289849
2541,50.039461192679504,66.17647058823529,8.605589170847077
2542,50.13344845953546,66.7900092506938,9.097319334156015
2543,50.17366069727935,67.53246753246754,9.35830119633788
2544,50.160261136135475,68.39666357738646,9.80679527445427
2545,50.093195476394946,69.37269372693727,9.860131863375624
2546,49.97219055895549,70.44830741079598,9.785502171580333
2547,49.79674761531003,71.60940325497288,9.141571496253242
2548,49.56612967351392,72.84060552092609,9.553451950013383
2549,49.27934230488714,74.12587412587412,8.143726821019918
2550,48.93510640295789,75.44910179640719,7.580363942320385
2551,48.531821019524344,76.79465776293823,6.11287085941594
2552,48.06751333208855,78.14784727863525,5.874542329707579
2553,47.53977140192983,79.49526813880126,5.636182132865858
2554,48.49030278792307,80.33685859772817,5.1680306280040185
2555,49.94657791370693,80.6207719856745,5.048041324205936
2556,50.912133729957446,80.81418782748892,4.579099119869834
2557,51.569553249421475,80.91168091168092,4.513073429388223
2558,51.98394763135338,81.76976648914379,3.944440003120285
2559,52.185026103721995,82.73736128236744,4.178383749240707
2560,52.185026103721995,83.3127825729552,4.265687761463499
2561,51.98394763135338,83.77714051618189,4.181154716749212
2562,52.50497275172875,85.08880627839736,4.485026703721694
2563,53.16239227119278,85.94075928243637,4.930784579784661
2564,53.5767866531247,86.51826963460731,5.161459357554901
2565,53.63986356351161,86.62741799831791,5.370750999625775
2566,53.697572301981225,86.5910046237915,5.369588347346876
2567,54.27063922260634,87.17731696995345,5.737249342577501
2568,53.8951135157666,85.37090758392043,4.9692743452461166
2569,52.6971423631857,81.45512060102807,4.475108459238537
2570,51.331003316604814,77.64794572182436,6.788810456236078
2571,50.218499213729075,74.57627118644068,8.734338455025654
2572,48.96939425426169,87.62495691140985,5.375526770695101
2573,49.11927352748807,86.51488616462346,4.780517085491668
2574,49.91374366005484,84.72171698799563,4.039350839663808
2575,50.63170321684524,82.68577895133912,3.9347154662145405
2576,51.27810969406335,82.89730573994534,3.9413343904544615
2577,51.8569806154395,82.33158531665994,4.1575231519896
2578,52.371602003954024,81.78794178794179,4.645601332160562
2579,52.824675875548245,72.5096194955109,11.744788205336075
2580,53.218427021672824,77.02761946514687,8.265777596534178
2581,53.5546816709387,81.6674137158225,4.471750758206242
2582,53.83492611600528,86.38647784376428,2.500962023417057
2583,52.637783460094944,87.17265867731913,2.873519172671155
2584,50.270866459136634,87.63417775869472,3.1577609369593582
2585,47.93371079656891,87.58939840134623,3.1683660940024425
2586,47.10770242902089,86.14557485525228,2.662624748317698
2587,45.82094944162293,83.5204490777867,3.123921007547233
2588,44.19515217745318,80.79906904577192,5.261660312654754
2589,41.716980678281104,78.01498127340824,7.520886979099603
2590,40.040408477016484,85.01086169442434,1.6149598647686403
2591,37.51353743267752,85.56953179594689,1.3875238639187157
2592,37.524682138982534,85.55944055944056,1.3733741181039294
2593,37.491240224293435,85.58967201674808,1.3685040229645289
2594,37.41311790956775,85.65972222222223,1.4337943474970558
2595,37.29009483388269,85.7684355616816,1.4826850404433873
2596,37.121820285646834,85.91405184174624,1.5040448121212815
2597,36.907807088669855,86.0942760942761,1.557208963854745
2598,36.64742287073408,86.30636604774536,1.6595476271342897
2599,36.3398783100623,86.54723127035831,2.189353164054154
2600,35.98421178655651,86.81353767560664,2.3985040873581482
2601,35.57926964141157,87.10181136789507,2.5557969593903116
2602,35.123680943384514,87.40853658536585,2.9222241766303543
2603,34.61582523091874,87.73024361259655,3.2284311612781402
2604,34.34171265693995,87.04572098475967,3.2277923962121884
2605,34.34171265693995,85.4337631887456,3.0020560905769123
2606,34.34171265693995,83.9390386869871,3.7347214230852877
2607,34.34171265693995,82.56154747948418,4.792935129615087
2608,34.34171265693995,83.79249706916764,4.161173275547873
2609,34.34171265693995,83.79249706916764,4.18888851350911
2610,34.34171265693995,83.79249706916764,4.2104596646596315
2611,34.34171265693995,83.41148886283705,4.338032190116849
2612,34.34171265693995,84.78898007033997,3.8822962945974164
2613,34.34171265693995,86.28370457209847,3.336474920854016
2614,34.34171265693995,87.89566236811254,3.2457646376663076
2615,34.87639854838042,87.56773028296207,3.2744640381286687
2616,35.35790110756189,87.25308641975309,3.263762556951754
2617,35.78798041830509,86.95514845230575,3.2802433349801516
2618,36.168127630744294,86.6774193548387,3.5107860099046992
2619,36.49960148867501,78.69822485207101,8.042542532589886
2620,36.783456850784056,82.45320855614973,5.588337352995984
2621,37.697419556659206,86.19031260735143,3.623206444008388
2622,39.092422368475795,89.63915684172919,4.957845937794496
2623,39.16296790366093,89.70325348587772,5.293145211503696
2624,39.16296790366093,89.70325348587772,5.4146080500770735
2625,39.16296790366093,89.70325348587772,5.468767390634534
2626,39.16296790366093,89.70325348587772,5.5280189018010715
2627,39.092422368475795,89.63915684172919,5.564676560587291
2628,39.092422368475795,89.63915684172919,5.669444587504669
2629,40.08248677018471,82.42402050530941,4.641878526311878
2630,40.909867526731055,84.2755522276301,4.140470658896369
2631,41.59766576568407,86.25429553264605,4.430546382133399
2632,42.16114228157327,88.46601941747574,5.065064569357447
2633,42.78701035559377,89.21178343949045,5.387315406501598
2634,43.49502348884576,88.51851851851852,5.292883483781703
2635,44.11960591844235,87.81833616298812,5.208890558030564
2636,44.53860422343608,85.88184187662903,4.667550989549792
2637,44.76922216523219,82.53968253968254,5.176479993724412
2638,44.94466510887766,78.99197145405887,7.866532102245665
2639,45.065670026317115,75.26978417266187,11.219476007897542
2640,45.132735686057636,83.06233062330624,4.809928224086996
2641,45.146135247201514,83.04701627486438,4.87299816634876
2642,45.10592300945761,76.46528403967538,11.13674802705724
2643,45.01193574260167,80.24193548387096,8.005296140970062
2644,44.86378867767134,83.85093167701864,4.150807431112085
2645,44.66086591065268,87.25919439579685,1.6292828989379398
2646,43.59150243893096,88.45829823083403,0.8137038565697117
2647,43.31125799386437,88.65894039735099,0.713673570593469
2648,42.975003344598505,88.88888888888889,0.5732597200471842
2649,42.58125219847392,89.14421553090332,0.723358349873988
2650,42.12817832687969,89.42084942084942,1.2786473093719521
2651,43.153620543086156,89.46153846153847,1.5579622855558466
2652,44.68615053320954,89.15426781519186,1.6848482363121018
2653,45.735086780113235,88.71224165341812,2.0473513461690946
2654,46.48448548513531,88.13354786806114,2.6920067269054435
2655,47.00144236802954,87.74350649350649,3.1972221943949295
2656,47.31843146594941,87.6734693877551,4.013982036575511
2657,48.50256966585642,87.58223684210526,5.2193386934402675
2658,49.644828219159955,87.34439834024896,7.764777146340135
2659,50.25340592319031,86.97829716193657,9.504244906592344
2660,50.496678024204186,86.48535564853556,9.8701343264904
2661,50.41659216409995,86.74749163879599,10.094584191964257
2662,50.00034262118621,87.17735220649459,10.436850654833435
2663,49.16315904043746,87.47933884297521,10.823067603165091
2664,47.407447759798295,87.65331152902698,11.278707344080384
2665,48.224869121138326,87.15986394557824,11.661308544858283
2666,48.95275776851493,86.67255075022065,11.523013259810346
2667,49.5979013421071,86.19744058500915,11.548036892911599
2668,50.16562096425917,85.74126534466478,11.552714889182578
2669,50.66013971701572,85.3112840466926,11.344730106408026
2670,51.08483020450435,84.91508491508492,10.965597538187334
2671,51.688118276450844,83.81443298969072,10.226710225217316
2672,52.43542547806802,81.76470588235294,8.67960702157575
2673,53.078161157585555,79.42477876106194,7.311490934678715
2674,53.62467031138911,76.79589509692133,6.962566359349937
2675,54.08120261312616,77.40046838407494,7.304533091933581
2676,54.27725009984101,74.76303317535545,7.429081331277558
2677,54.27725009984101,70.20142180094787,9.433529521935894
2678,54.27725009984101,59.300947867298575,14.519209738767367
2679,54.27725009984101,59.300947867298575,15.4408596977803
2680,54.27725009984101,72.45260663507109,9.188828956478213
2681,54.27725009984101,77.13270142180095,6.439259186681843
2682,54.05344943157986,78.59649122807018,5.664061647387566
2683,53.56631149944195,76.45051194539249,7.783770138818035
2684,52.45502353189888,73.2824427480916,9.923528321179097
2685,51.1152352980836,70.07299270072993,12.789248857091478
2686,49.43866309681898,78.05970149253731,6.532793558146097
2687,46.911792052480024,79.14691943127963,5.755276464444929
2688,46.23360822034596,79.83501374885427,5.911190241062754
2689,45.45862486761766,80.54818744473917,5.574381503611174
2690,44.57688867298526,81.27659574468085,5.450559883184737
2691,43.57476698717293,82.01144726083402,5.888003435184296
2692,42.43273092134617,82.74509803921569,5.92414481577432
2693,41.12082931797,83.95942900075131,5.770509544071864
2694,39.587722525959464,84.97483824586628,5.763202706039275
2695,37.72461068146253,85.80756013745705,6.040229429079179
2696,35.017516057263244,86.47406434668417,6.164110844434253
2697,35.017516057263244,86.47406434668417,6.262644557685767
2698,35.017516057263244,86.47406434668417,6.359537368140133
2699,35.017516057263244,86.47406434668417,6.392812207753897
2700,35.017516057263244,86.47406434668417,6.492587383600449
2701,35.017516057263244,86.47406434668417,6.756399746502024
2702,35.017516057263244,86.47406434668417,6.831351789423081
2703,35.017516057263244,86.47406434668417,6.919281088682894
2704,35.017516057263244,86.47406434668417,7.01333288502313
2705,36.57983499702646,86.16056432650319,7.038825836303106
2706,38.03914010632945,84.78715980460572,6.565074881818866
2707,38.6180110277056,82.57902298850574,6.033203343838833
2708,38.883171763264336,71.15804806991989,11.463769994823753
2709,38.883171763264336,71.15804806991989,11.944653963899368
2710,38.883171763264336,71.4857975236708,12.247413374558942
2711,38.883171763264336,71.84996358339403,12.53269476226196
2712,38.33679695673285,82.40084985835693,4.218638403873678
2713,37.724610681462536,83.26460481099656,3.5855040706208237
2714,37.0429828157255,84.4207723035952,3.5142412921767683
2715,36.28745682506992,86.18802318094012,3.2077581593714206
2716,35.45249928405268,87.74875621890547,3.4288826339143372
2717,34.531128912556355,89.1121775644871,3.925350389276093
2718,34.93186135718159,89.16344150044657,4.01450227595042
2719,34.25339383277599,85.02164502164503,3.2809255369825143
2720,33.51009492360734,81.05616093880973,4.861249001510993
2721,32.69780383768443,77.27641178059984,8.23597717021478
2722,31.811430924848842,85.38240668232838,2.8565614043233207
2723,30.844653127085813,85.89065255731923,3.0795282395447816
2724,29.789454753950174,86.39125151883354,3.407720060491719
2725,28.635401447768476,86.882173811197,3.730670788918072
2726,27.36842043223433,87.36176935229068,3.9699677085398344
2727,28.860007405142102,87.29331823329558,4.205791418084263
2728,30.04499449057797,87.51135331516802,4.449103574755655
2729,31.18337775593477,87.67060964513193,4.657856377530474
2730,31.44063240424811,87.71051433773327,4.853756624597785
2731,30.437584269480883,87.5909090909091,5.055977338685694
2732,29.301867170286766,84.14473684210526,5.832402608701104
2733,28.061517093863745,81.15482233502539,8.116453118970616
2734,26.699877237727275,78.24225122349102,10.950050394896925
2735,25.192601656844566,85.59355345911949,5.442367835899705
2736,23.500793689494607,86.26893939393939,5.407633120621647
2737,23.500793689494607,86.26893939393939,5.530883512488741
2738,23.500793689494607,86.26893939393939,5.635857333580228
2739,23.500793689494607,79.73484848484848,11.285352689116428
2740,23.500793689494607,83.4280303030303,7.579175695101132
2741,23.500793689494607,87.1969696969697,5.161251855599837
2742,23.500793689494607,91.04166666666667,2.263431494930979
2743,22.56555899685715,91.26231641569065,2.061408113794737
2744,22.56555899685715,91.26231641569065,2.05258114916821
2745,22.56555899685715,91.26231641569065,2.4419848331058103
2746,22.56555899685715,91.26231641569065,2.783118020826044
2747,22.56555899685715,91.26231641569065,3.0739258033896966
2748,22.56555899685715,91.26231641569065,3.304409042135633
2749,22.56555899685715,91.26231641569065,3.470020880295021
2750,22.56555899685715,91.26231641569065,3.5897884994118274
2751,22.56555899685715,91.26231641569065,3.668157318165281
2752,22.56555899685715,91.26231641569065,3.70896641654416
2753,22.56555899685715,91.26231641569065,3.7166953850591176
2754,22.56555899685715,91.26231641569065,3.6411299087995146
2755,22.56555899685715,91.26231641569065,4.368996628312472
2756,22.56555899685715,91.26231641569065,4.99993458458079
2757,22.56555899685715,91.26231641569065,5.558250320273046
2758,22.56555899685715,91.26231641569065,5.57029182974473
2759,22.56555899685715,91.26231641569065,5.605623717024832
2760,22.56555899685715,91.26231641569065,5.675155055863857
2761,22.56555899685715,91.26231641569065,5.760562034818688
2762,22.56555899685715,83.67726343186466,8.339756431614123
2763,22.56555899685715,87.33965421081986,6.636713343213935
2764,22.56555899685715,91.07640825432236,5.833517715256441
2765,23.576109387139287,94.75279408978973,6.623698036375809
2766,23.006917754460886,94.68306527909176,6.641982795011777
2767,22.492408457834223,94.53995843566975,6.766032972416378
2768,21.000821484926448,94.2550386136749,6.893281817475267
2769,22.78611904352978,93.8061742868308,6.991274801525377
2770,24.651368494423014,93.40369393139842,7.000993655503321
2771,26.429257893473228,92.95507276945791,7.06803031649912
2772,27.99228225401832,92.39535393381547,7.14349374905482
2773,29.39212366094384,91.71409059867972,7.384681458800581
2774,30.04080188814737,89.21363952679192,7.832612984917568
2775,30.04080188814737,76.40918580375782,15.664914200116458
2776,30.04080188814737,76.40918580375782,16.271021137754698
2777,30.04080188814737,76.40918580375782,16.844756542285694
2778,30.04080188814737,91.32451867316168,6.06224627964559
2779,28.393266872485857,91.5057915057915,5.926126032372711
2780,28.393266872485857,91.5057915057915,5.848951841470772
2781,28.393266872485857,91.5057915057915,5.88680336072065
2782,28.393266872485857,91.5057915057915,5.949231797149154
2783,28.393266872485857,80.6949806949807,13.138178879477863
2784,28.393266872485857,84.57869634340223,10.25641162775958
2785,28.393266872485857,88.41698841698842,7.710662651544778
2786,28.393266872485857,92.52782193958664,4.6971225853846965
2787,27.741383449239088,94.9398127507802,3.0549347596408873
2788,26.335233229681354,95.49162730785746,2.591330313666783
2789,24.97970805157599,96.04718543046357,2.541052569585396
2790,23.195766057804267,96.37450199203187,2.571004225618655
2791,21.08796318515549,96.60659509202453,2.6293839091167093
2792,19.82305214821769,96.68986270453263,2.8008060759502817
2793,19.82305214821769,96.68986270453263,2.8826980568528797
2794,19.82305214821769,96.68986270453263,2.9719093630158318
2795,19.82305214821769,96.68986270453263,3.0654647916546236
2796,19.82305214821769,96.68986270453263,3.1758433910043316
2797,21.50118632565136,96.62511984659636,3.3212615719391194
2798,21.50118632565136,92.77085330776606,3.0948586612205116
2799,21.50118632565136,88.99328859060402,5.8203255633991455
2800,21.50118632565136,85.29242569511025,7.80354769850491
2801,21.50118632565136,93.94055608820709,1.282083102258015
2802,21.50118632565136,93.94055608820709,2.4509863857698297
2803,21.50118632565136,93.94055608820709,2.74742810359856
2804,21.50118632565136,93.94055608820709,2.7825403661114674
2805,21.50118632565136,93.94055608820709,2.897806941543947
2806,21.50118632565136,93.94055608820709,3.0541228761118417
2807,21.50118632565136,93.94055608820709,3.2160183710460997
2808,21.50118632565136,93.94055608820709,3.3444197321255094
2809,21.50118632565136,93.94055608820709,3.441455513045018
2810,21.50118632565136,93.94055608820709,3.5136337189655658
2811,22.763174987461543,93.82209188660802,3.554415535181372
2812,24.865045725075163,93.47693558219873,3.5029401215063545
2813,26.642935124125376,93.03062302006336,3.6483924775439642
2814,29.546915062288875,92.71727172717272,3.870189006677756
2815,31.611897161130432,92.29887691955076,4.156110981343986
2816,33.35212075010535,91.76414418715684,4.293616824623378
2817,34.87666866465058,91.10116828237634,4.605914052056597
2818,36.23718731512505,90.73738680465718,5.138274428346134
2819,37.463961180280926,90.36339165545087,5.7546390248857415
2820,38.57688222775144,89.98040862020711,6.416144036477322
2821,39.58997964034372,89.58999709217795,7.202626951938118
2822,40.513641024992864,79.74645336552973,8.828904782566477
2823,41.35583185158338,83.84976525821597,8.87043943574155
2824,42.12282113547657,88.16855753646678,10.570490171492116
2825,42.819640263919254,92.69192088501508,13.56798223995705
2826,42.05887421873587,93.20967207684664,14.69842845409244
2827,41.47985266243533,93.35963182117028,15.600639084720905
2828,40.88525750570442,93.05373525557012,16.394612677637475
2829,39.330624697433876,92.50814332247558,16.874583650638833
2830,39.08803627341603,92.26770630279402,17.716047775914973
2831,37.77482694527197,91.90061310100032,18.56130773675713
2832,36.16440670051517,87.9827000308928,16.886456183802448
2833,34.226150120697746,84.18563405261602,16.49920662503347
2834,33.04457792281594,82.33593524139926,17.55037740387254
2835,35.247882581365396,81.74675128437595,18.551269778849612
2836,37.00164063774905,81.02305020524156,19.268455202068424
2837,38.063797489733844,79.60052390307793,18.60053637481345
2838,38.59768361929091,77.44107744107744,18.420709635995678
2839,39.545464771627834,75.74067619379575,18.01538643859275
2840,40.81398145939386,74.51835696110506,18.908043226976986
2841,41.389631892227655,71.65120593692022,17.90856306867945
2842,41.389631892227655,67.38404452690168,16.082873089870677
2843,41.389631892227655,63.265306122448976,14.85204211336854
2844,41.389631892227655,59.29499072356215,15.529345474210244
2845,41.389631892227655,68.6456400742115,19.053663817867186
2846,41.389631892227655,68.6456400742115,19.807069501769433
2847,41.389631892227655,68.6456400742115,20.492671878032603
2848,42.440252472098436,66.93704132869834,19.879974479512384
2849,44.44593248490388,65.69814366424536,19.5039446799529
2850,45.99588808532023,64.0117994100295,19.03880510336326
2851,46.41172531045002,60.71275225418635,16.69162135094921
2852,46.41172531045002,56.37612709317303,16.976474105848162
2853,46.41172531045002,52.211249463288965,15.07731130812481
2854,47.917544919955986,44.67429577464789,8.943748995128932
2855,49.93098687478461,46.90388170055453,8.558565515691575
2856,51.66549103842236,49.224054316197865,9.790043351000088
2857,53.200891591940945,51.62767039674466,12.318027230804327
2858,54.10160006242957,51.01934134866701,10.652519767373498
2859,55.18357710696328,49.20808301474604,7.442062995698269
2860,56.107115797864815,47.69493454752419,4.9284781439264815
2861,56.895729481285805,46.71791839148433,4.513224722558911
2862,57.565154453401426,45.92774035517453,4.048166892292185
2863,58.12645581581577,45.35691724573594,4.463863359544003
2864,58.58763842541615,45.035691109669045,5.093177395032581
2865,58.95456039566557,44.99004644990046,6.263514493202029
2866,59.23148277964375,45.23970290344362,7.739032201225969
2867,59.42141188035753,45.79630895420369,8.489654921194774
2868,59.52631359889037,46.04267033723331,10.010228631414597
2869,59.54724205970786,49.620951068228806,8.194033323549299
2870,59.484404948685345,53.191489361702125,6.633292466710309
2871,59.33717609280203,56.69612508497621,7.334383082061243
2872,58.763523044435864,59.28618638466622,9.00931931829941
2873,58.05596108670507,61.676263595649395,10.329543982788755
2874,57.5771205251914,63.10193871169481,11.04874391180226
2875,57.38535077249075,63.84947563232573,10.890558741343956
2876,57.121869963213015,64.74863718958207,11.700368733695315
2877,56.78474760199721,65.77856719952635,12.680165226246288
2878,56.371383493169446,66.9164265129683,12.983585167967432
2879,55.878372621160565,68.13862493012856,13.181552272877155
2880,55.30130687588878,69.42193408968126,13.010399108164856
2881,54.6344800937934,70.74440395627278,12.899561784073855
2882,53.870436899410514,72.08604302151076,12.073908585006741
2883,52.99925349788543,73.42925659472422,11.419461473739233
2884,52.00732373648499,75.35566773749426,10.659553793547436
2885,50.87514259389949,77.02761946514687,9.717473365395973
2886,49.57278048780742,78.46089502300293,8.798131673358421
2887,48.048917334495876,79.67317656436828,8.978393734720092
2888,46.78936622804058,80.68571428571428,7.79950614735469
2889,45.33929024104544,81.81156784285194,7.088834801170257
2890,43.6266652421063,82.7490454703228,6.717283382602191
2891,41.46338842160106,83.51539225422046,6.476573387834616
2892,39.540447520577644,84.51510333863276,6.350527824143635
2893,38.80121141823074,86.22809714110052,5.681887613788061
2894,37.989626222041096,87.74116948649451,5.680181889756787
2895,36.95005421184071,88.86032562125106,5.583908719638066
2896,35.803679410742305,89.81049162318044,5.215203236531088
2897,34.5339409855604,90.60438110319346,5.337153806890015
2898,33.180532872219786,90.66529138731305,5.6161291755967
2899,31.56890703342221,90.20010261672653,6.064873421103355
2900,31.56890703342221,90.20010261672653,6.134585663240831
2901,31.56890703342221,89.99486916367368,6.060683159324769
2902,31.685809182654896,89.5426515930113,6.286378004191058
2903,31.685809182654896,89.05447070914697,7.082128148271165
2904,31.685809182654896,88.84892086330935,7.104607323986603
2905,31.685809182654896,89.05447070914697,7.246088985530867
2906,31.685809182654896,89.26002055498458,6.8679029587172655
2907,31.685809182654896,89.74820143884892,6.434200951709692
2908,31.56890703342221,90.20010261672653,6.312940201412878
2909,31.211928921202052,90.4749744637385,6.255823034948238
2910,32.01788889641015,94.30079155672823,4.258590908866476
2911,31.432104019099576,94.26701570680628,4.2059821253722305
2912,31.432104019099576,95.28795811518324,3.671388235075238
2913,31.432104019099576,96.41361256544502,3.7105458886082427
2914,31.432104019099576,97.64397905759162,4.310765230073299
2915,30.133435049255457,97.80134505949302,4.503284699487598
2916,27.964119697956708,97.85714285714286,4.710359133340718
2917,28.570888782964865,97.7975878342947,4.894503946588811
2918,29.881991229002107,97.24795640326975,4.997124946898174
2919,31.058149381885038,96.54782116581777,4.949951072106783
2920,31.60208390886182,93.94638224272124,4.046068186335528
2921,31.60208390886182,89.65119631017585,4.664204942423381
2922,31.60208390886182,85.47131738253098,6.720193289408682
2923,31.60208390886182,81.40674545978668,9.308078353385229
2924,31.60208390886182,93.71576823292015,8.323876917347746
2925,31.60208390886182,93.71576823292015,9.753284864414308
2926,31.60208390886182,93.71576823292015,11.144525951325814
2927,31.60208390886182,93.71576823292015,12.52724180389852
2928,33.193008002207876,93.57500736811082,13.839085231774666
2929,35.380622560680344,93.19371727748691,15.126959276075516
2930,37.11826635828829,92.66645223544548,16.27740420642354
2931,38.59408142806771,91.97717354817053,17.440729487225543
2932,39.88013461454437,91.38956947847393,18.539157030533556
2933,41.01505993176249,91.03171709806782,19.915076759306498
2934,42.02292012738934,90.6712172923777,21.345715513055175
2935,42.920066027744745,90.3111461205199,22.699400798700566
2936,43.71825324682474,89.95508370763577,23.995959444268923
2937,44.42626638007672,89.60709759188846,24.950087654565994
2938,44.77050228200596,86.66378938282261,23.586482572506284
2939,45.05728965063275,83.47252747252747,22.456883044844158
2940,45.28790759242886,80.05354752342704,19.578381198260267
2941,45.687064685366515,76.84975034044484,18.068923531378072
2942,45.687064685366515,72.44666364049024,14.704840770178375
2943,46.40522150100857,70.46413502109705,13.893655247495554
2944,47.02432404374299,68.27619507484307,12.609271008318224
2945,48.73513271410396,66.91691691691692,12.484326714475639
2946,51.17397669812155,65.69037656903765,12.132869840570871
2947,53.01589090487471,64.35589519650655,12.309497166941252
2948,54.39485633492438,62.84090909090909,11.298100181911673
2949,55.49796956372399,61.1438679245283,10.598031450580274
2950,56.762735242946526,59.4859241126071,10.370829401403626
2951,58.04479034252742,57.87801778907243,10.029292288374029
2952,59.04542594931863,56.11038107752957,10.217537114640619
2953,59.834846652772335,54.19485791610284,9.195073321702742
2954,60.44952919580054,52.704576976421635,8.018652193906119
2955,60.911014584895916,50.0,5.8589428698835535
2956,61.23267515447508,52.36728837876614,7.168806145892366
2957,61.422706093282805,54.196816208393635,7.175282150016283
2958,62.65333861357618,56.1764705882353,7.304936165830129
2959,63.98988137225571,57.53012048192771,6.382296350493429
2960,64.82226905714305,58.58895705521472,6.151061799307535
2961,65.32966546588833,59.316770186335404,6.182877323739399
2962,65.57225388990616,60.3125,6.049630467729019
2963,65.95344336581768,57.223113964686995,5.742957813384476
2964,66.24083302324982,53.9344262295082,6.14018578158584
2965,66.437799120264,50.499168053244595,5.892612415963111
2966,66.54653963863856,53.02013422818792,7.660432982858664
2967,66.56822995978348,53.61344537815126,7.655008157345504
2968,66.50310139850309,54.51505016722408,7.683357841616194
2969,66.35045627935276,55.70247933884298,7.432737205575464
2970,66.10862208688287,57.142857142857146,6.849201117336684
2971,65.77483689546017,58.79556259904913,5.955566117764164
2972,65.34504536555096,60.61538461538461,5.261221599665559
2973,64.81356418424718,62.555720653789,5.221707227666289
2974,64.6453429428145,63.789319678127285,6.144931913208645
2975,64.6453429428145,63.789319678127285,6.088942836043364
2976,64.6453429428145,63.789319678127285,6.098831637639716
2977,64.6453429428145,63.789319678127285,6.16697727327993
2978,64.67021156337994,63.83601756954612,6.418948205616397
2979,64.67021156337994,63.83601756954612,6.403619267763814
2980,64.67021156337994,63.83601756954612,6.333132958921368
2981,64.86449576875593,62.16814159292036,5.29822853484076
2982,64.90302433816386,61.669128508124075,4.834714554609215
2983,64.52969267074057,59.53757225433526,4.149915257538724
2984,63.76818627972628,55.809128630705395,4.368678795925821
2985,62.87057554283536,53.23218997361477,4.769928003646837
2986,61.81344548138591,50.62735257214555,6.151390712255566
2987,60.55874187102345,62.73809523809524,2.0939102334865933
2988,59.03491896145171,64.8816234498309,2.8003172815371227
2989,58.39084761448515,65.99783080260303,3.401406653056334
2990,57.65439283116479,67.16961498439126,3.9322229852517516
2991,57.35373818038717,67.29591836734694,3.990282485365275
2992,57.40574220333008,66.1899897854954,4.065332968133593
2993,57.271876529294715,65.05348955680081,4.305923032559195
2994,56.937206686378175,64.25316455696202,3.868690295312584
2995,56.35008573861753,63.609022556390975,4.592342439987393
2996,55.447399482026825,62.72862086010875,5.550895358288848
2997,54.04798716368748,62.020398251578435,6.3282887134391395
2998,52.835419037310096,62.30769230769231,6.810116525213792
2999,52.835419037310096,63.41346153846154,6.5830182035547224
3000,52.835419037310096,64.71153846153847,6.346523111084682
3001,52.74294774019543,66.01150527325024,6.363211672327851
3002,51.234767522655474,66.29107981220658,6.741931709667809
3003,49.81143761600811,66.9898430286242,6.810106189622902
3004,49.397833545348526,68.09480401093893,6.268784657825017
3005,48.85100126591265,69.10313901345292,5.523609900128891
3006,49.18468437473459,72.96058661778186,3.5137380894480215
3007,48.56321100212696,73.98921832884098,3.035669578990829
3008,47.798656013869135,74.89025460930641,2.8991560560975875
3009,46.86826935089828,75.66295979469632,2.866296253110586
3010,45.73457065797527,76.30922693266832,2.927293056275473
3011,45.884415263173196,75.56675062972292,3.0183483869592416
3012,45.984019967441405,74.89433643279797,2.975084149706458
3013,46.03373554283138,74.30025445292621,3.1138267251492104
3014,46.03373554283138,73.79134860050891,3.093483894459083
3015,45.984019967441405,68.7658495350803,6.318744081729075
3016,45.884415263173196,72.12426532325776,4.014837605195131
3017,45.73457065797527,75.35328345802161,3.0293643098548726
3018,45.53395063528514,78.42493847415915,3.7750833695198445
3019,44.351436472809766,79.07801418439716,4.697608199914052
3020,42.97598322921039,79.8941798941799,5.405477221957646
3021,42.06057512791556,80.18484288354898,6.178347021881688
3022,41.288811182975564,79.88950276243094,6.615844157597113
3023,40.77024921518585,79.10170749814402,6.9723588515431985
3024,40.77024921518585,76.39198218262806,8.236668802271819
3025,40.77024921518585,73.83073496659243,9.316298519230251
3026,40.77024921518585,71.41796585003712,11.155048655520389
3027,40.77024921518585,73.90497401633259,10.721626962708495
3028,40.77024921518585,73.90497401633259,11.303147978667168
3029,40.77024921518585,73.90497401633259,11.948680527592323
3030,40.77024921518585,73.90497401633259,12.661647729865063
3031,40.77024921518585,71.38084632516704,14.92512731109835
3032,40.77024921518585,73.79361544172235,14.276258502655155
3033,40.77024921518585,76.35486265775798,13.843359724764273
3034,41.1497955223033,78.51518560179977,12.415023348835478
3035,41.1497955223033,78.55268091488564,12.924593596491228
3036,41.1497955223033,78.55268091488564,13.480026454390337
3037,41.1497955223033,78.55268091488564,14.00610138218262
3038,40.61797794371408,77.01360794409709,15.880320836572242
3039,39.44731849795351,89.28950159066808,6.854801451305747
3040,38.10768153139398,90.15948422124194,6.358353788092141
3041,36.547673937861745,90.85584119752684,6.296367756459729
3042,34.658447085147124,91.39382600561272,6.226808491993361
3043,31.92597863196348,91.78859361003285,6.2000058296865745
3044,31.496362918378264,91.97080291970804,6.080143588541963
3045,31.01676329191721,92.16300940438872,6.050063135407766
3046,30.485524623394923,92.3632324354346,6.072068224423573
3047,29.900703473731703,92.56957579032694,6.104909830530314
3048,29.260014162191585,91.44132318193752,6.983092106782303
3049,28.56075817957498,92.78980891719745,6.09371186817169
3050,27.799730325839878,94.17140034576438,5.078072233658572
3051,26.973091460919896,95.38387945467592,3.387127454699589
3052,25.662220777026818,95.99170697995854,3.1195664447966744
3053,24.204655360417732,96.42936349523175,2.8054680060059205
3054,24.204655360417732,96.42936349523175,2.8054680060059205
3055,24.204655360417732,96.42936349523175,2.8054680060059205
3056,24.204655360417732,96.42936349523175,2.8054680060059205
3057,24.204655360417732,96.42936349523175,2.8054680060059205
3058,24.204655360417732,96.42936349523175,2.811957025146332
3059,24.204655360417732,96.42936349523175,2.6631566330844763
3060,24.204655360417732,96.42936349523175,2.598145346027411
3061,24.204655360417732,96.42936349523175,2.8813581533969033
3062,24.204655360417732,96.42936349523175,3.1602345805768466
3063,24.204655360417732,96.42936349523175,3.4201562933195007
3064,24.204655360417732,96.42936349523175,3.6603984188401024
3065,24.204655360417732,96.42936349523175,3.880283258087591
3066,24.204655360417732,96.42936349523175,4.083546110879955
3067,24.204655360417732,96.42936349523175,4.272779537913298
3068,24.204655360417732,96.42936349523175,4.449670856359414
3069,24.204655360417732,96.42936349523175,4.617964124964777
3070,24.204655360417732,96.42936349523175,4.773656555696925
3071,24.204655360417732,96.42936349523175,4.934596349471008
3072,24.204655360417732,96.42936349523175,5.097023952686286
3073,24.204655360417732,96.42936349523175,5.252644491895984
3074,24.204655360417732,96.42936349523175,5.391816792481298
3075,24.204655360417732,96.42936349523175,5.517113392174072
3076,24.204655360417732,96.42936349523175,5.645271662248529
3077,24.204655360417732,96.42936349523175,5.770752851950352
3078,24.204655360417732,86.38278997560435,12.808567437070476
3079,24.204655360417732,90.263916611222,10.271861329996117
3080,24.204655360417732,94.23375471279662,7.674150348298524
3081,24.204655360417732,98.29230428032824,3.954681081562472
3082,22.56154185247833,98.59124866595518,3.824389204370418
3083,20.660610049082052,98.78825220784556,3.8323407304770076
3084,19.09867446789201,98.86949623165411,3.806461166321699
3085,18.10835576990352,98.90468870099923,3.833172981622979
3086,17.03985483685009,98.93933755117231,3.853077108926554
3087,15.885062695553017,98.97334293948127,3.8802860338022858
3088,14.633457470382094,99.00662251655629,3.861259736421193
3089,13.270884165427137,99.03910991233985,3.856441407430439
3090,11.777332757306647,99.07075317900228,3.8127070959827303
3091,10.12240784152537,99.30643127364439,3.6245812455086712
3092,8.2543586470295,99.4666260286498,3.566117356790822
3093,6.064004032844547,99.55804360636417,3.4849789614507487
3094,3.0370119579712087,99.58701224722302,3.40386549961856
3095,-0.0,99.61432506887053,3.3234925873475003
3096,-0.0,99.61432506887053,3.267276041344039
3097,-0.0,99.61432506887053,3.210125011363003
3098,-0.0,99.61432506887053,3.151889077551325
3099,-0.0,99.61432506887053,3.0924011674158707
3100,-0.0,99.61432506887053,3.0316720276829123
3101,-0.0,99.61432506887053,2.9698523063378697
3102,-0.0,99.61432506887053,2.8997267273987917
3103,-0.0,99.61432506887053,2.8286612007595138
3104,-0.0,99.61432506887053,2.756777975387061
3105,-0.0,99.61432506887053,2.68444847671732
3106,-0.0,99.61432506887053,2.612240641231504
3107,1.7263595531412619,99.6078431372549,2.5281850914722535
3108,4.189190988298596,99.5511149724877,2.4677494087786482
3109,6.208061115907181,99.4311377245509,2.3671674560839935
3110,8.82711055601621,99.33395291201983,2.2078219335901816
3111,11.259098746546254,99.26211100417068,2.0298939613578884
3112,13.24658424457637,99.11960132890366,2.224313002647825
3113,14.977963226826684,98.89920880632955,2.9639389691696754
3114,16.525575105210557,98.73575498575498,4.13036006228003
3115,17.928346738474204,98.69148544047181,4.157725753073816
3116,19.21065609276286,98.64607170099161,4.1859668298545625
3117,20.389193965764203,98.59960552268245,4.220210379681715
3118,21.47608340523819,98.55220228384992,4.253551909546545
3119,22.48050700025617,98.50400337126001,4.280057031209137
3120,23.40964024170395,98.45517841601392,4.306906776855169
3121,24.26922557011209,98.40592725639874,4.372629063369579
3122,25.06394489501243,98.35648148148148,4.436878863154457
3123,25.79767184037256,98.30710538865046,4.497773692047603
3124,26.473648541904748,98.25809617271835,4.5889221619126435
3125,27.09461313439876,98.20978315683308,4.6953248592975765
3126,27.662893881898178,98.16252587991718,4.791010220365745
3127,28.678302285603753,97.94227685729557,4.835623160350359
3128,30.045044839561612,97.44444444444444,4.8067606308582045
3129,31.262908322518935,96.79746105020196,4.78832953549149
3130,32.356084651929315,95.9880239520958,4.372768261000837
3131,32.86127136377411,93.32317073170732,3.879981148952468
3132,32.86127136377411,89.02439024390245,5.829456045952606
3133,32.86127136377411,84.84756097560975,8.160818437305661
3134,32.86127136377411,80.79268292682927,11.740199591202867
3135,32.86127136377411,92.95731707317073,2.4906316843428216
3136,32.86127136377411,92.95731707317073,2.4906316843428216
3137,32.86127136377411,92.95731707317073,2.4906316843428216
3138,32.86127136377411,92.95731707317073,2.4906316843428216
3139,32.86127136377411,92.95731707317073,2.4906316843428216
3140,32.86127136377411,92.95731707317073,2.4906316843428216
3141,32.86127136377411,92.95731707317073,2.4906316843428216
3142,32.86127136377411,92.95731707317073,2.4906316843428216
3143,32.86127136377411,92.95731707317073,2.4906316843428216
3144,32.86127136377411,92.95731707317073,2.669469347377026
3145,32.86127136377411,92.95731707317073,2.573633976256536
3146,32.86127136377411,92.95731707317073,2.512100255177924
3147,32.86127136377411,92.95731707317073,2.8193077490048064
3148,32.86127136377411,92.95731707317073,3.193108452525583
3149,32.86127136377411,92.95731707317073,3.5953172695982003
3150,32.86127136377411,92.95731707317073,4.005952458339935
3151,32.86127136377411,92.95731707317073,4.387362139562947
3152,32.86127136377411,92.95731707317073,4.72638845145581
3153,32.86127136377411,92.95731707317073,5.020364673185798
3154,32.86127136377411,92.95731707317073,5.2673918191349145
3155,32.86127136377411,92.95731707317073,5.466492083611928
3156,32.86127136377411,92.95731707317073,5.640834748110817
3157,32.86127136377411,92.95731707317073,5.783114583875707
3158,32.86127136377411,92.95731707317073,5.891934789152855
3159,32.86127136377411,92.95731707317073,5.981139228648929
3160,32.86127136377411,92.95731707317073,6.04037496195304
3161,32.86127136377411,92.95731707317073,6.063175746035077
3162,32.86127136377411,92.95731707317073,6.069278732890856
3163,32.86127136377411,92.95731707317073,6.068712033447418
3164,32.86127136377411,82.8048780487805,12.931476464268027
3165,32.86127136377411,86.92073170731707,9.877377297329481
3166,32.86127136377411,91.15853658536585,6.823538551785065
3167,32.86127136377411,95.51829268292683,2.5343566635542376
3168,31.823918039642447,96.41387419165197,2.276677652668366
3169,30.670841017630856,97.14043035107588,3.228952442400256
3170,29.382238843331255,97.71117166212534,3.41385382706247
3171,28.854256503423827,97.7683315621679,3.503533722422292
3172,29.88770030233213,97.78012684989429,3.577280271316578
3173,31.508752481769974,97.66756032171581,3.6252063318395833
3174,32.65332937715658,97.44842562432139,3.6075303316167493
3175,33.50673612806448,97.12013165112452,3.6712292658481402
3176,35.558720509735394,97.05719044975014,3.7525378356541723
3177,36.729987805659626,96.88726864834548,3.80218673657385
3178,37.52960286091969,96.60825325042397,3.598553228396933
3179,38.958722814615,96.41127883793791,3.6079643776036887
3180,39.33458862713897,95.9679725478982,3.559149990718228
3181,39.49140600485035,95.41678602119737,3.5144220706574965
3182,39.43940198190744,94.76095047237332,3.223682741184845
3183,39.175277674176044,94.00513845275478,3.132080518947363
3184,38.91599428248268,93.99202733485194,3.2256322942904547
3185,38.562790574931704,93.7784090909091,3.38494908838895
3186,37.777611017125864,93.35407239819004,3.4172994643220482
3187,34.96037979094137,89.21621621621621,3.8142157226962743
3188,33.4699086348894,85.60684647302905,5.410575121677354
3189,31.76299984741527,82.11442786069652,8.017802317520083
3190,29.730603932211018,93.05820610687023,3.744051608029338
3191,26.858512757092328,93.3668801463861,4.335755438863422
3192,26.858512757092328,93.3668801463861,4.89632800651243
3193,26.858512757092328,93.3668801463861,5.474002280641791
3194,26.858512757092328,93.3668801463861,6.063373679000436
3195,26.858512757092328,93.3668801463861,6.660542891902665
3196,26.858512757092328,93.3668801463861,7.263237219821793
3197,27.451946924857513,92.98858607034708,7.709089346926803
3198,28.445828510830722,91.94598504943333,7.505936710792097
3199,29.3599358135961,90.74582190072337,7.3863728919030835
3200,30.20062194063359,89.37870585202371,6.816320701968385
3201,30.97300879241513,88.4748469523556,6.569814850962051
3202,31.681291832452224,87.72989294537469,6.601651193607843
3203,32.32895009313796,86.96635566864575,6.657526419634981
3204,32.918895428229085,86.1878453038674,6.83303045344663
3205,33.45358131966956,85.3986264556584,7.055416137480146
3206,33.93508387885102,84.60361187633914,6.692075777545531
3207,34.36516318959422,83.80833072345756,6.90345973250557
3208,34.74531040203344,83.01886792452831,7.062999945996239
3209,35.07678425996415,82.24177256435321,7.1626349805671845
3210,35.360639622073194,81.48393507784034,7.127729690200956
3211,35.59774978798676,80.75243533758818,6.901960781253711
3212,35.788823926535756,80.05436629289841,6.2650039178736385
3213,35.93442054285694,79.39664038395613,6.024560906066087
3214,36.0349576607986,78.78578820282856,6.49743061412081
3215,36.09072020396667,78.22776047075112,5.857608511579511
3216,36.10186491027167,77.72774506408037,5.6780718362690346
3217,36.068422995582566,77.29001036985828,5.228632392704869
3218,35.9903006808569,76.91778465772273,5.50771034809901
3219,35.86727760517183,76.61317855923524,5.895254449981739
3220,35.69900305693598,76.37715444406894,6.54371660671656
3221,36.607172673906355,76.1839863713799,6.458604500835023
3222,38.862310021155395,75.43798177995795,6.516283603233214
3223,40.98706893765895,74.65802735781138,6.844797090080364
3224,42.76930540567405,73.87287509238729,7.764554620954867
3225,45.088493202202415,73.14112291350531,8.99984779694654
3226,46.547150155558796,72.2999222999223,9.641310714649302
3227,48.46353028828587,71.4910536779324,10.14431534970991
3228,50.10480079678381,70.71980479869866,11.764402222697191
3229,51.271068013315336,67.44089589382,14.13177211224255
3230,52.147868392257315,68.57865879375791,14.0150885103927
3231,52.80419880475302,69.8589140658401,13.81853749312735
3232,53.27503275494473,71.40388768898488,12.090637966724106
3233,53.27503275494473,72.39740820734342,12.07606469243692
3234,53.07395428257611,73.31037451571244,11.604673400953494
3235,52.659559900644204,74.13424540401881,10.772614608778838
3236,52.72700182882859,76.01908065915005,10.085887913026363
3237,53.39202091654538,80.57553956834532,7.1383916305107435
3238,53.98030168269303,85.34883720930233,3.925144979598016
3239,54.49611621308901,90.30710172744722,3.8767610285481635
3240,54.12352242696517,90.41887337506019,4.07153463673821
3241,54.5151575202959,79.65432098765432,8.45467133398334
3242,56.15995558677261,84.16196822142491,4.435186069251947
3243,58.10582801998287,88.51752021563343,2.988654970925565
3244,59.59350433414049,92.92586304470855,4.475669314604705
3245,58.70642084103503,91.17157134925041,3.6965840340597644
3246,57.455495271808424,89.09386869234943,2.94358590504792
3247,56.60528289013481,86.87734333154793,2.9526934568541496
3248,56.60528289013481,89.60899839314408,3.1792587225649167
3249,57.0629054929055,89.22577152138604,3.10479822119197
3250,57.0629054929055,86.68110449377369,2.8948881198549126
3251,57.0629054929055,84.35300487276665,3.49156704911984
3252,57.0629054929055,82.24147265836491,4.59841123191988
3253,57.0629054929055,81.70005414185165,5.031850125579788
3254,57.0629054929055,82.29561451001624,4.515496048536513
3255,57.0629054929055,84.40714672441797,3.230461340261869
3256,57.0629054929055,86.73524634542501,2.3745715683816355
3257,57.0629054929055,89.27991337303736,3.4669435496045824
3258,55.96709314500898,89.30885529157668,3.645309847044562
3259,56.250021338871704,89.10891089108911,3.6280281370471634
3260,56.464695450450144,88.95089285714286,3.4417184817857653
3261,56.612482153833945,88.83878241262683,3.6310001822712588
3262,56.69429592044415,88.77551020408163,3.725731766086894
3263,58.0809800113705,88.52838933951332,3.7663489415035554
3264,59.814177521132535,87.89156626506023,3.485486578550057
3265,61.07843033729745,87.01622971285893,3.318971013556252
3266,62.06013243477224,85.88917525773196,2.9882081764617108
3267,64.25037624688848,85.29411764705883,3.034466969845979
3268,65.57155499605058,84.46132596685082,3.2195848216877025
3269,66.53489335349556,83.38068181818181,3.485241434080213
3270,67.24592215754807,82.04941860465117,4.72830165551262
3271,67.75204876155627,81.73076923076923,5.188757047470431
3272,68.07842124337556,81.5119760479042,5.3444614399780015
3273,68.23859296358404,81.40060240963855,5.512880455687203
3274,68.23859296358404,81.40060240963855,5.549644896948491
3275,68.07842124337556,81.5119760479042,5.484104767221743
3276,67.75204876155627,81.73076923076923,5.456426238775211
3277,67.24592215754807,82.04941860465117,5.231589823231326
3278,66.53489335349556,83.38068181818181,3.863467516808058
3279,65.57155499605058,84.46132596685082,3.479246794999483
3280,64.25037624688848,85.29411764705883,2.824359291320454
3281,62.06013243477224,85.88917525773196,2.6690692403921426
3282,60.39930709808197,86.58385093167702,2.6200992722787753
3283,57.71878300665395,87.1044776119403,2.6682846888404166
3284,55.98558549689191,87.76565192418151,2.945542402334512
3285,53.98262992158279,88.45303867403315,3.464375607527514
3286,52.442159201616214,89.16046758767268,4.684284495931993
3287,50.04542201954732,89.65341488277268,5.645817760835335
3288,49.810529578908785,89.79899497487438,6.0806573586836254
3289,49.505911063901145,89.98025666337611,6.66024299954739
3290,49.679876158640305,89.65517241379311,6.421812897306519
3291,50.240273567403435,88.66133866133866,5.666565613930212
3292,50.626361305521826,87.48738647830474,5.38009091221818
3293,50.85290944015676,86.14213197969544,4.8509919177611
3294,50.92762409610058,85.04577822990845,4.395254868930093
3295,50.85290944015676,84.36548223350253,4.081031039186208
3296,50.626361305521826,83.75378405650858,3.934324634233874
3297,50.240273567403435,83.21678321678321,3.8912346723472564
3298,49.679876158640305,82.75862068965517,3.3972144840749987
3299,48.91911011345692,83.01064859632139,3.881201856740465
3300,47.82546768395976,81.83105238319962,2.8024343988230744
3301,46.831008916880954,80.3894297635605,1.6570478750559634
3302,45.40996747915832,79.8710271764164,1.4854255408091328
3303,45.40996747915832,79.8710271764164,1.5607961489857252
3304,46.831008916880954,80.3894297635605,1.768691735193697
3305,48.49594547276896,80.24574669187146,1.7181120755495607
3306,50.24594163661893,75.09765625,3.4555965793085863
3307,51.527996736199825,77.36418511066398,2.1201748611237625
3308,52.773899080117694,79.60662525879917,1.8043497369968382
3309,53.736046349400155,81.63481953290871,3.98210778268747
3310,54.0041878808876,81.02893890675242,4.161402561835006
3311,54.59718010277087,79.85807860262008,3.6424268194321434
3312,55.03527186383218,79.45736434108527,4.10533427395109
3313,55.33154496486392,79.13870246085011,5.188431340102265
3314,55.493822722125344,78.90888638920136,6.019472040587463
3315,55.52608665138429,78.77252252252252,6.865863227812452
3316,55.42910460655697,78.7317620650954,7.710568885324286
3317,55.200545098341316,78.78619153674833,8.44974865890928
3318,54.8346234341049,78.93289328932893,9.187975985543634
3319,54.321134022066616,79.16666666666667,9.850698129551484
3320,53.64340564367565,80.16967126193,10.744187456955054
3321,53.284897680086175,80.65023597273203,11.577401280315263
3322,53.08232536782458,80.4814233385662,12.036006904278294
3323,52.417184675908544,80.39521580863234,12.399257056428713
3324,52.507797682549516,80.14515292897875,12.564626247269386
3325,52.08215105051153,78.12026275896918,11.536099040025926
3326,51.580746764634824,75.89592538046146,9.951116832301341
3327,52.77911535566926,74.36787307882994,9.382692073320813
3328,54.73679476732982,73.52787910369985,8.799838358644411
3329,56.17674568187405,72.45901639344262,7.44865245319327
3330,57.31396160342774,71.14285714285714,6.710085947525389
3331,58.674425703311464,69.8982645122681,5.3171200494310975
3332,60.09651382129903,68.7382297551789,4.851450335518582
3333,61.24493613147403,67.36703873933027,4.535685285837942
3334,62.190811694709716,65.77686516084873,5.06085948368687
3335,62.97170480770631,64.53447050461976,5.058329368682261
3336,63.61046408840626,63.923585598824396,5.917085646360224
3337,64.12205375869924,63.492063492063494,7.216652015613057
3338,64.51663490841338,63.26372776488786,8.377326777037982
3339,64.8011443291717,63.257277734067664,9.319618243798033
3340,64.98016540830778,63.48448687350835,9.690351664061065
3341,65.05642027264732,63.948840927258196,10.384460176655933
3342,65.03103280409988,64.64485235434957,11.073831308077875
3343,64.90363113017999,65.55819477434679,12.186678066768778
3344,64.67231409949811,66.66666666666667,12.693561532019364
3345,64.33347386451219,67.94185156847743,12.888241006485538
3346,63.88143063607369,69.35123042505593,12.83030522079352
3347,63.30777758770751,71.8004338394794,11.416376008107665
3348,62.60021562997671,73.97069085833915,10.971570480113343
3349,61.74037450219099,75.85513078470825,10.872638215482485
3350,60.699316514992496,77.45664739884393,10.271272522734112
3351,60.226208996177796,77.8540237055521,10.077489014063191
3352,59.65898691835062,78.33433916716959,9.974693703819698
3353,58.99054567809855,78.88307155322862,9.396405373690655
3354,58.21127141515563,79.48574622694242,9.572388032494993
3355,57.30783318806456,80.12854847348687,9.060514633949241
3356,56.26097147268653,80.79877112135176,8.2761835969085
3357,55.04097660567544,82.12017586712261,7.286536274301461
3358,53.59672628352522,83.20148906468124,6.265423226916986
3359,51.819616964318946,84.06374501992032,5.699821473038375
3360,49.19584884882568,84.72864955826672,5.32483826382689
3361,49.19584884882568,89.73496003365587,2.8911239478289463
3362,47.973572602837855,90.78470824949699,2.919933021647595
3363,46.55964105606339,91.61860822760477,3.08562955478018
3364,46.32186522522611,92.5293894577171,3.5288065440811867
3365,47.24286570463098,94.09949865021211,4.70608014845127
3366,47.376457075178884,94.24488219389725,4.98611401406125
3367,47.24286570463098,94.09949865021211,5.1428939657201225
3368,46.8126454961345,92.34889058913542,4.101422043104964
3369,46.8126454961345,90.47436878347361,3.54534871133402
3370,46.8126454961345,88.75286916602907,3.2423958240506314
3371,47.072598606786485,87.72132409545804,3.808140790857755
3372,47.072598606786485,86.29715165511932,4.342359504301211
3373,47.072598606786485,85.02694380292533,4.969155633256126
3374,47.072598606786485,83.91070053887606,5.779730706343169
3375,47.072598606786485,84.79599692070823,7.072526758755943
3376,47.072598606786485,84.79599692070823,8.59788930289071
3377,47.072598606786485,84.79599692070823,10.281284348148258
3378,47.072598606786485,84.2186297151655,10.73503240295348
3379,47.072598606786485,85.33487297921478,11.628917347309237
3380,47.072598606786485,86.60508083140877,12.531627948677643
3381,47.072598606786485,88.02925327174749,13.46264425334719
3382,46.041666520844544,88.04841149773071,14.039388226594001
3383,44.65765066065993,87.9540400296516,14.577570061184268
3384,42.69358439925762,87.77372262773723,15.076905194156293
3385,42.07625638397525,87.20087019579405,15.426355186185054
3386,41.067266845312446,86.38649425287356,15.444752965804827
3387,39.16153245395452,85.34421575585522,15.406689208964698
3388,37.66857728343139,82.98826777087646,14.02937804956645
3389,34.97018642454236,79.32058047493403,11.108233959214099
3390,34.192511611452865,76.7389917038928,9.737876368520952
3391,33.33166506445964,74.13686806411837,8.543155716210645
3392,36.064133517643285,73.37201805286912,8.51810112521345
3393,37.490187683701045,72.1569942972157,8.688535014818108
3394,37.896991937412764,69.28327645051195,7.915805541518449
3395,37.896991937412764,65.2901023890785,6.511917357459745
3396,37.896991937412764,61.43344709897611,6.834713821319028
3397,37.896991937412764,58.02047781569966,8.005524683279862
3398,37.896991937412764,68.77133105802048,8.135761212143784
3399,37.896991937412764,68.77133105802048,8.378310612817904
3400,37.896991937412764,68.77133105802048,8.603783988822169
3401,37.896991937412764,68.77133105802048,9.368460268346928
3402,37.896991937412764,68.77133105802048,9.757053842894054
3403,37.896991937412764,68.77133105802048,9.881067698908181
3404,37.896991937412764,68.77133105802048,9.810308045428298
3405,37.896991937412764,68.77133105802048,9.681428180868194
3406,37.896991937412764,68.77133105802048,9.527749087099215
3407,37.896991937412764,68.77133105802048,9.364941638017495
3408,37.896991937412764,68.77133105802048,9.19611366217175
3409,39.45060711186572,68.28501571777855,8.535277036639554
3410,40.70618204709675,66.7635306937886,7.4918698694163
3411,41.06278715133857,63.70014771048744,5.982915016740732
3412,41.06278715133857,59.67503692762186,5.200856475882184
3413,41.06278715133857,56.0930576070901,5.16380035976204
3414,41.06278715133857,52.76957163958641,6.706307854747031
3415,41.06278715133857,61.04135893648449,6.699024400235319
3416,41.06278715133857,61.04135893648449,7.379663264250294
3417,41.06278715133857,61.04135893648449,8.110688860364613
3418,41.06278715133857,61.04135893648449,8.838872584627312
3419,41.06278715133857,61.04135893648449,9.577956240400246
3420,41.06278715133857,61.04135893648449,10.312843551260794
3421,41.06278715133857,54.35745937961595,11.97223948124106
3422,41.06278715133857,58.16100443131462,12.626038965026362
3423,41.06278715133857,62.112259970457906,11.807806001002298
3424,41.06278715133857,66.21122599704579,10.397689570779786
3425,40.329295414588096,68.14285714285714,9.85456168198535
3426,39.51135919528985,69.89655172413794,9.185142993396779
3427,38.60117182133716,71.47606382978724,7.848091633637572
3428,37.86405984474217,72.81803542673107,7.672752287520404
3429,37.33383005354336,74.96082732685679,6.639119669511829
3430,36.746339213691236,76.92541856925419,6.284810782802214
3431,36.09895817329922,78.71272512547978,6.001190335229319
3432,35.20032109365193,79.38996579247434,7.430384493468195
3433,34.44961605637783,79.66335540838853,8.392764031447088
3434,33.63009840710928,79.96264674493062,8.922941436214929
3435,32.73666999405579,80.28350515463917,9.42177199392503
3436,31.76299984741527,80.62189054726367,9.571895057698558
3437,30.701064901465884,80.97408829174664,9.179549285370967
3438,29.54042391232913,81.33672525439408,9.237770662269654
3439,28.266997664256305,81.70677361853832,9.11735760145221
3440,26.860847444698564,82.08154506437768,8.940297188786582
3441,25.29164503594106,82.72727272727273,8.500550445350731
3442,23.507703042169336,83.27366746221162,7.950690202928011
3443,21.399900169520556,83.72894333843797,7.899901131074171
3444,18.453960953491418,84.10095799557848,7.619494472205894
3445,17.108182350754795,84.75783475783476,7.329432001839322
3446,15.631116007556061,85.32346868547832,7.542831266325536
3447,13.99237773103026,85.80452127659575,7.939645909187286
3448,13.097654973332098,85.72128737134454,7.898324682614959
3449,14.834478482466473,88.73668188736681,6.979697167104849
3450,17.323447141591572,91.97195442594216,7.001381236254177
3451,19.71731092006603,95.45206476259779,8.958637400719853
3452,20.46539431991902,97.14867617107943,11.060260161087474
3453,19.479953144326874,96.8432711833118,11.227625346912717
3454,19.479953144326874,96.80635037843825,11.523878138096475
3455,20.762262498615534,96.2559694364852,10.957642523643896
3456,20.762262498615534,92.41642788920726,8.236689413061342
3457,22.437474300921583,90.39735099337749,7.404438646100817
3458,25.36579131952694,90.11345218800648,7.435961972374732
3459,27.71287235125555,89.77655986509275,7.293784320280872
3460,29.61380415465183,89.34210526315789,7.020845848086252
3461,31.25691766259124,88.80018248175182,6.817233988220166
3462,33.08110239961713,88.26603325415677,6.707984346253692
3463,34.94355775701354,87.74145616641901,6.576470498852066
3464,36.547348508501884,87.09344346928239,6.42371950014989
3465,36.547348508501884,82.83427981414559,4.9002432737282815
3466,36.547348508501884,68.99845121321631,12.303593164500187
3467,36.547348508501884,68.99845121321631,12.75979715087135
3468,36.547348508501884,82.83427981414559,2.4932565213190374
3469,37.10108046335451,86.60878716127336,3.1008046769503625
3470,33.842565270027706,82.8384499245093,2.3642353970922576
3471,32.69517325981365,79.78671837130392,4.753358240802832
3472,32.69517325981365,75.83616093068348,7.843564913800301
3473,32.69517325981365,84.58555501696559,0.7076430542107356
3474,32.69517325981365,84.58555501696559,0.7076430542107356
3475,32.69517325981365,84.58555501696559,0.7076430542107356
3476,32.69517325981365,84.58555501696559,0.7076430542107356
3477,32.69517325981365,84.58555501696559,0.6896883768406014
3478,32.69517325981365,84.58555501696559,0.6474360195271001
3479,32.69517325981365,84.58555501696559,0.6126324461034764
3480,32.69517325981365,84.58555501696559,0.6458545557346328
3481,32.69517325981365,84.58555501696559,0.7782769159023104
3482,32.69517325981365,84.58555501696559,0.9777446472166815
3483,32.69517325981365,84.58555501696559,1.2287221928523333
3484,32.69517325981365,84.58555501696559,1.5185772216465734
3485,32.69517325981365,84.58555501696559,3.431394130055825
3486,32.69517325981365,84.58555501696559,4.192569155158713
3487,32.69517325981365,84.58555501696559,4.534436241437444
3488,32.69517325981365,84.58555501696559,4.655269476023388
3489,32.69517325981365,84.58555501696559,4.7541280750286745
3490,32.69517325981365,84.58555501696559,4.846038699548397
3491,32.69517325981365,84.58555501696559,4.943783418968406
3492,32.69517325981365,84.58555501696559,5.061893075881005
3493,32.69517325981365,84.58555501696559,5.197083261469287
3494,32.69517325981365,84.58555501696559,5.354280695780316
3495,32.69517325981365,84.58555501696559,5.529284106552767
3496,32.69517325981365,84.58555501696559,5.797902025483072
3497,34.332880556024676,84.32003963339113,6.057637687526644
3498,36.615794546728516,83.69987063389392,6.070749314563008
3499,38.45114611591474,82.95055390435017,5.682175224241385
3500,40.0272024774733,82.0592383638928,5.0206094439829245
3501,41.41616570258954,81.24816014130114,4.803549049732798
3502,42.65681618515856,80.62634326066933,4.835259599402925
3503,43.77337547062546,80.0,5.133784887392697
3504,44.78236705079545,79.3735421526158,5.643501752257156
3505,45.89357426362536,69.37782412234967,10.702201763806551
3506,47.07140990853845,72.50272430076281,8.475235538632642
3507,48.123453180504335,75.69207432688661,6.756797779924462
3508,49.066132758754186,78.92447607750098,5.146821981094342
3509,48.842322777897216,79.55888144938952,5.621076303964151
3510,48.69748469495734,80.0471327572663,5.663339552585085
3511,48.0323440030413,79.7498045347928,5.911958834876439
3512,46.42071816424373,79.20868890612878,5.769782207042004
3513,46.0502235558802,78.84169884169884,5.901229332974983
3514,45.391699570990404,78.544061302682,6.366703539468386
3515,44.34652394579172,78.43062926459439,6.536476800283458
3516,43.206131911834625,76.51627218934911,7.859449947633888
3517,43.206131911834625,76.8491124260355,7.463316920417088
3518,42.37065919382575,74.07407407407408,9.32489733085658
3519,41.51815115834287,84.2249657064472,4.542092212064754
3520,40.5743664762143,85.71899736147758,4.620544710615725
3521,39.52901047104536,86.787072243346,4.83155190604905
3522,38.36814001861508,87.95620437956204,5.270714073381506
3523,37.37726327718118,89.19789227166277,6.189141985074745
3524,36.28602404421809,90.259009009009,7.2488302436231695
3525,36.28602404421809,90.23085585585585,7.473842967638261
3526,36.84495954377345,78.23715188056273,4.780290346632722
3527,38.45107579225808,80.07640317367029,3.9754800469831095
3528,41.23885978393859,83.92362180474284,3.8213342927294316
3529,43.44216444248804,87.98837584759444,5.564700494810025
3530,43.612895075183935,87.55364806866953,5.470184056203625
3531,44.39010957947291,84.76351351351352,4.12021270320095
3532,44.39010957947291,80.06756756756756,3.1916714706884313
3533,44.39010957947291,75.50675675675676,5.864731114266545
3534,44.39010957947291,71.08108108108108,9.077566345461184
3535,44.39010957947291,82.43243243243244,2.1704882048952054
3536,44.39010957947291,82.43243243243244,2.1923913116216416
3537,44.39010957947291,82.43243243243244,2.4675724079899566
3538,44.39010957947291,82.43243243243244,2.7448166168513812
3539,44.39010957947291,82.43243243243244,3.0271713858140634
3540,44.39010957947291,82.43243243243244,3.3126484506317126
3541,44.39010957947291,82.43243243243244,3.6037220206534606
3542,44.39010957947291,82.43243243243244,3.927554732061542
3543,44.39010957947291,82.43243243243244,4.256134754630541
3544,44.39010957947291,82.43243243243244,4.584321078708986
3545,44.39010957947291,82.43243243243244,4.903662388391113
3546,44.39010957947291,82.43243243243244,5.231465878388645
3547,44.39010957947291,82.43243243243244,5.588728862734055
3548,44.39010957947291,82.43243243243244,5.974552957032931
3549,44.39010957947291,82.43243243243244,6.365174891551882
3550,44.39010957947291,82.43243243243244,6.749123844118788
3551,44.39010957947291,82.43243243243244,7.117174194406443
3552,44.39010957947291,82.43243243243244,7.473823449254909
3553,44.39010957947291,82.43243243243244,7.841679504138535
3554,44.39010957947291,73.27702702702703,14.905455132839476
3555,44.39010957947291,77.77027027027027,12.059670089924445
3556,44.39010957947291,82.39864864864865,8.723014345122959
3557,44.39010957947291,87.16216216216216,6.473963856016633
3558,43.43021063856863,87.53246753246754,6.521870742427743
3559,42.36916453332271,87.90523690773067,6.522343432655184
3560,41.193006380439776,88.27751196172248,6.388394165815564
3561,39.88190393440255,88.64678899082568,6.352454136032503
3562,38.40562828583644,89.36813186813187,5.580916927504108
3563,36.71258481752289,89.94736842105263,4.896307249740028
3564,34.69373904568368,90.39818548387096,4.487745694359429
3565,31.834896849487706,90.73359073359073,4.479886917777754
3566,30.454392647276784,90.99350046425255,4.425830958648276
3567,28.910296138024783,91.54017857142857,4.659205372010002
3568,27.150942210916075,91.97424892703863,4.801238008176072
3569,25.067230505531903,92.30610561056106,5.014541437379885
3570,22.144905246403372,92.54559873116574,5.26551147851732
3571,20.874285954503343,92.79969360398314,5.395842067053812
3572,19.48297954674475,93.17677514792899,5.450745894525497
3573,17.946616542933196,93.60942520528383,5.3384845722243135
3574,16.226278098720577,93.95244658855961,5.347712412737121
3575,14.249632379343593,94.2135018290655,5.381403472209749
3576,13.11828833492505,94.3155831427638,5.4212005147373015
3577,13.11828833492505,94.3155831427638,5.4369780610368
3578,13.11828833492505,94.3155831427638,5.298414208552765
3579,13.11828833492505,94.3155831427638,5.185835780513151
3580,14.249632379343593,94.2135018290655,5.296746347772967
3581,16.226278098720577,93.95244658855961,5.341655728514365
3582,18.802341635924165,84.43531093638313,10.962713246452859
3583,20.933299796466624,87.62982195845697,9.069088347910647
3584,22.740855747138966,90.93533487297921,6.722269581284684
3585,24.33414932316107,94.34904153354633,4.469286673969267
3586,24.33414932316107,94.34904153354633,4.391948331249707
3587,27.256474582289602,98.19201995012469,3.470485344981404
3588,27.568411566654667,98.27371048252911,3.53661526387269
3589,27.568411566654667,98.27371048252911,3.6110964516449897
3590,27.053902270028,98.11046511627907,3.6902099860344606
3591,25.56231529712023,98.13741721854305,3.78392699575736
3592,26.86084744469857,98.068669527897,3.866111175005458
3593,28.18513601316385,97.81785793809841,3.9283010571201293
3594,29.5155552917637,97.29479768786128,3.9150376935696145
3595,30.72401660514191,96.64026877849771,3.883147082615889
3596,31.827147520698716,95.84266865820264,3.491254995700192
3597,32.837003753875116,95.50967741935484,3.517021239557615
3598,32.837003753875116,91.14838709677419,4.59648584769008
3599,32.837003753875116,86.89032258064516,7.569442089067446
3600,32.837003753875116,82.73548387096774,10.317719388188662
3601,32.837003753875116,93.34193548387097,2.4923333588010754
3602,32.837003753875116,93.34193548387097,2.368464878057371
3603,32.837003753875116,93.34193548387097,2.2239553303837267
3604,32.837003753875116,93.34193548387097,2.065480811496746
3605,32.837003753875116,93.34193548387097,1.8907753623326315
3606,32.837003753875116,93.34193548387097,1.709447435831083
3607,32.837003753875116,93.34193548387097,1.5278438156342848
3608,32.837003753875116,93.34193548387097,1.3594442673646054
3609,32.837003753875116,93.34193548387097,1.2174809662457349
3610,32.837003753875116,93.34193548387097,1.1423793022808668
3611,32.837003753875116,93.34193548387097,1.8348485589888308
3612,32.837003753875116,93.34193548387097,3.189496151470498
3613,32.837003753875116,93.34193548387097,4.897034445071626
3614,32.837003753875116,93.34193548387097,5.23709346885009
3615,32.837003753875116,93.34193548387097,5.575840345451889
3616,32.837003753875116,93.34193548387097,5.913434932190832
3617,32.837003753875116,93.34193548387097,7.0603145379318075
3618,32.837003753875116,93.34193548387097,7.646569932075133
3619,36.08165362804135,93.03831624392876,7.864841551046485
3620,38.329693221547444,92.63544018058691,7.633518913811818
3621,40.12933450572525,92.09439528023599,7.464491544330295
3622,41.66880362551185,91.39950678175093,7.272537539836052
3623,43.02025847901708,90.79201545396008,7.098914014937011
3624,44.222431861897405,90.38978494623656,7.109344822836406
3625,45.29949393253209,89.97897687456202,7.139374345495036
3626,46.26791259356623,89.56204379562044,7.1048405065561875
3627,47.13957139811098,89.14198936977981,7.0768274680755345
3628,47.92339513224172,88.72239747634069,7.17708207656615
3629,49.82464982962577,88.21104699093158,7.280679788637657
3630,51.90831537794194,87.45659722222223,7.2959538319824375
3631,51.90831537794194,82.20486111111111,6.999928371249231
3632,51.90831537794194,77.12673611111111,9.833104545082984
3633,51.90831537794194,72.22222222222223,12.856519257619743
3634,51.90831537794194,81.38020833333333,7.063006371882494
3635,51.90831537794194,81.38020833333333,7.316126728541446
3636,51.90831537794194,81.38020833333333,7.579238684458471
3637,51.90831537794194,72.22222222222223,14.141916924289196
3638,51.90831537794194,77.12673611111111,11.130688151067131
3639,51.90831537794194,82.20486111111111,7.228365651873035
3640,51.90831537794194,87.45659722222223,4.284005768615889
3641,50.0819044779391,88.28382838283828,3.8374896856641634
3642,47.41041442057177,88.91065830721003,4.012287409867669
3643,45.44128363005329,89.39677781940802,4.612800813911044
3644,44.531096256100604,90.85343896290962,5.554144766785089
3645,43.51841650040923,92.0843415139993,6.862920665298243
3646,42.38935040683164,93.10573417301956,8.611614664238134
3647,41.62781436381875,92.9126213592233,9.743371005747598
3648,41.213973444154064,91.58097686375321,10.301721105862171
3649,40.628188566843484,90.16549968173138,10.759474031687612
3650,39.84402889362603,89.0880503144654,10.84187331090805
3651,38.52268809003228,89.73418881759854,12.24650961145221
3652,36.576638079796155,85.85209003215434,11.056090742760125
3653,33.788854088115656,82.10791165781382,10.594878296688487
3654,32.40720610689328,78.67311308084878,10.179429192198281
3655,30.83828975260266,90.2759865875677,15.962937509047052
3656,29.963511739410105,90.57366691938337,17.029226624545775
3657,30.789958020401837,90.66531748039463,17.74572078618049
3658,31.113936329741115,89.81267641775725,17.591676448095708
3659,32.36703914530734,88.60255047821467,16.811385713492907
3660,33.2310419698097,86.08624898291293,15.592029225142687
3661,33.2310419698097,81.82804448060755,13.152479345302186
3662,33.2310419698097,77.67832926498508,10.074665920015255
3663,34.031345298895545,75.3875968992248,8.6914988573165
3664,35.47817371295765,74.33679354094579,8.85509727775316
3665,36.411270672218905,72.68118103191172,7.862519738841024
3666,36.91912638468469,70.40097949188858,6.871122796690239
3667,37.37471508271174,67.95233615553465,5.5462323615856395
3668,37.779657227856674,65.3414555947419,4.872960965024657
3669,38.13532375136247,67.4190382728165,5.3193200045571265
3670,38.44286831203425,67.0995670995671,5.001758728292101
3671,38.70325252997002,66.85830233344606,4.712796607754759
3672,38.917265726947,66.70092497430628,4.542966684521564
3673,39.085540275182865,66.63205261336103,4.441341965418288
3674,39.20856335086792,66.65504011161492,4.337641882933028
3675,39.2866856655936,60.392569225376796,5.352677051406371
3676,39.3201275802827,63.99719002458728,4.221797655986691
3677,39.30898287397769,67.56756756756756,4.156344172788283
3678,39.25322033080963,71.07380202868136,5.9621847324049275
3679,38.11082736017589,73.29001367989056,7.447616634142653
3680,38.65278733105536,72.62608695652175,6.956047226566429
3681,39.63434787287211,71.18217750628818,6.469580268686228
3682,40.49478828986508,69.50722489811041,5.615265790404613
3683,40.529529962300906,65.91162272558485,5.253331063206612
3684,40.51795231835407,62.26345083487941,6.311805308027553
3685,40.46002035598094,59.22365988909427,7.1117052330293085
3686,40.35555826764599,60.30113845023871,7.195089953080667
3687,40.204246212609455,63.15023644961804,6.563552965292357
3688,40.005614349870974,66.22349982033776,5.78058866697303
3689,39.75903384822939,69.16814159292035,6.733667686659316
3690,38.80823761554298,70.3450632046464,7.067851568877134
3691,38.289580213236206,71.01643743710164,7.301437990955741
3692,38.289580213236206,71.01643743710164,7.19780105492831
3693,38.289580213236206,71.01643743710164,7.376326465345006
3694,38.289580213236206,71.01643743710164,7.384214483894371
3695,38.289580213236206,71.01643743710164,7.3051707274051285
3696,38.289580213236206,71.01643743710164,7.255176864168185
3697,38.289580213236206,71.01643743710164,7.2395714203299955
3698,39.421006665882565,70.58621871786082,7.07387829848466
3699,41.92728459236839,69.62750716332378,6.585938607577482
3700,43.5446100852434,68.37001118985454,6.466590882769327
3701,43.5446100852434,64.37896307348005,6.458142615277309
3702,43.5446100852434,60.53711301753077,8.742722227305102
3703,43.5446100852434,56.84446102200671,10.5948866208255
3704,43.5446100852434,56.88176053711302,12.401336200027005
3705,43.5446100852434,60.574412532637076,13.727695300651304
3706,43.5446100852434,64.41626258858635,13.590027244985558
3707,43.5446100852434,68.40731070496084,13.712463511316837
3708,43.26820940249124,64.57645764576458,15.919845707788484
3709,42.94148890509003,67.45774901114707,16.2022922450712
3710,42.56328550335253,70.172353148083,15.728233361523804
3711,42.132195595395636,72.70854788877446,14.93576221492198
3712,42.132195595395636,72.70854788877446,15.764717568867205
3713,42.132195595395636,65.22485410230003,21.346992318372088
3714,42.132195595395636,69.17267421901819,19.795137342606395
3715,42.132195595395636,73.25780981805698,17.488660370955586
3716,42.132195595395636,77.48026089941641,15.053197438663458
3717,39.98571409436769,78.18957035093473,15.042557058637518
3718,36.84002250068817,78.79072681704261,14.798039245135843
3719,36.321235959943266,80.84197681513118,13.910326153693754
3720,35.16815893793168,81.60211267605634,13.718525152513534
3721,35.16815893793168,85.7981220657277,11.321540827229951
3722,35.16815893793168,90.11150234741784,8.4958015624575
3723,35.16815893793168,94.54225352112677,5.47287809018681
3724,33.87955676363207,95.23406655386351,4.580700638624844
3725,32.42522905041091,95.77464788732394,4.214218603938341
3726,31.805468199688285,95.89257503949447,4.274846674965537
3727,31.128721996389658,96.0122699386503,4.310570638385085
3728,30.392043915237988,96.13287059990084,4.258456922401911
3729,29.59192267352666,96.25360230547551,4.241177114422089
3730,28.724132758279,96.37377963737796,4.0751966258146295
3731,27.78352422456414,96.49280575539568,4.056466683797999
3732,26.763717750921273,96.61016949152543,3.9748138542638634
3733,25.656645063004373,96.72544080604534,3.4278129051735498
3734,24.45182258457929,96.8382650993109,3.4083916106460204
3735,23.13513140477151,96.94835680751174,3.299661314123353
3736,21.686595538435434,97.0554926387316,3.139391436381496
3737,20.075851724510162,97.39621267297888,2.9628511823484516
3738,18.25117957871411,97.64664559185107,2.9872020341953944
3739,16.10342671595331,97.8150406504065,3.032899742359598
3740,13.11828833492505,97.90918000653382,3.072219833682868
3741,11.260791106882175,98.12184343434343,3.063744442907444
3742,9.080804928021236,98.26166514181153,3.0945357875222195
3743,7.780300883352803,98.29136690647482,3.1386699457945935
3744,7.780300883352803,98.29136690647482,3.188251827350984
3745,7.780300883352803,98.29136690647482,3.2387112871684054
3746,7.780300883352803,98.29136690647482,3.28387444393655
3747,7.780300883352803,98.29136690647482,3.3218079748977907
3748,7.780300883352803,98.29136690647482,3.3560345915994145
3749,7.780300883352803,98.29136690647482,3.384714077622438
3750,7.780300883352803,98.29136690647482,3.410492623500451
3751,7.780300883352803,98.29136690647482,3.435915034404783
3752,9.494028068517101,98.26140003050175,3.4775659758498585
3753,11.931268895691376,98.15253434391283,3.5312077309373358
3754,13.924101254323833,97.9728625143044,3.6318990765849386
3755,15.660924763458208,88.42443729903538,10.954086033806954
3756,18.149893422583308,91.65058761620769,8.53495399830643
3757,20.54375720105777,95.12106317130893,5.298051901979905
3758,22.492408457834223,98.71528433780465,2.2665083475210546
3759,21.244093585940334,98.52913445219687,2.2338172041328757
3760,19.82305214821769,98.42016174534513,2.1796774500254017
3761,19.533330376884944,98.39510890332441,2.0575247612080565
3762,20.80394966878497,98.3386075949367,1.9932803647311013
3763,21.97056364727433,98.28080229226362,1.8845923810699237
3764,23.045285813995697,98.22184589331076,1.9865720351587486
3765,24.037288615103286,98.16192560175055,2.1714553658398823
3766,24.953736750955947,98.10126582278481,2.4205675528405313
3767,25.80036116761238,98.04013065795614,2.734370083313197
3768,26.58183151359001,97.97882579403273,3.0704865759815565
3769,27.3020083155851,97.91769955379276,3.4256401583508316
3770,27.964119697956708,97.85714285714286,3.7918472992207573
3771,28.570888782964865,97.7975878342947,4.141300932369757
3772,29.124627723224787,97.7395048439182,4.491540475650644
3773,29.62730848055718,97.68339768339769,4.821498254749429
3774,30.080616975256667,97.62979683972912,5.1377759707529345
3775,30.485995065714043,97.57925072046109,5.420960983308129
3776,30.84467343327232,97.53231492361927,5.717788304060322
3777,32.573410902349245,97.45762711864407,5.986139110926023
3778,34.711313893870134,97.25552050473186,6.218668991795529
3779,36.39782388459159,96.9119579500657,6.396681274450119
3780,37.820999070065035,96.41148325358851,5.966447150320238
3781,39.052814813336965,96.02272727272727,5.887666148447697
3782,40.13180504380095,95.87324981577008,6.133014254906471
3783,40.13180504380095,91.56226971260132,2.1605675665807746
3784,41.64781657771883,89.34086629001884,0.7166937633552792
3785,43.682180545238424,88.989382618954,0.8589542815119889
3786,45.26176599797823,88.47888478884789,1.2718489763115532
3787,46.57440157071384,87.79342723004694,1.5285214196919221
3788,47.69180882127699,87.27272727272727,1.8767583486370691
3789,48.652240078895105,87.08045977011494,2.330363626204024
3790,49.47933466607945,86.92344270090346,3.123088412321886
3791,50.18897187593897,86.80725846002943,3.778913847797278
3792,50.79238004030202,86.73726676752395,4.341629252198131
3793,51.29775148837565,86.71834625322997,4.842853236493498
3794,51.711161102174806,86.75461741424802,5.338808456005881
3795,52.03712244440606,86.8491680085883,5.817002318691807
3796,52.27893839071608,87.00380641653072,6.304454886729924
3797,52.43892637422833,87.21886999451453,7.076349125156669
3798,53.815154691921826,87.29714605484051,7.783324212313247
3799,55.45642520041979,87.05950317735413,8.543079699893761
3800,56.62269241695132,86.63101604278074,9.611605374285878
3801,57.49949279589328,86.00121728545344,10.620265126772921
3802,58.15582320838899,85.6610800744879,12.037787116781391
3803,58.626657158580706,85.82230623818525,13.603839522059657
3804,58.93163124785795,86.05983450031827,15.125930485146059
3805,58.647121827099625,83.05084745762711,15.189934571129939
3806,58.64315831478757,81.125,15.146487001193313
3807,58.84423678715619,80.21356783919597,15.674658450413588
3808,58.84423678715619,79.14572864321607,16.580747787099035
3809,58.32256685401052,77.39557739557739,16.566048300958798
3810,57.30476430771556,74.6470588235294,16.854236665358894
3811,57.0653674946484,74.29742388758783,18.085487293668436
3812,57.0653674946484,74.29742388758783,19.445196712574305
3813,57.48012319766917,74.91145218417945,20.934454476482358
3814,57.595173055974854,74.55621301775147,22.465931991476708
3815,57.595173055974854,74.55621301775147,23.648274043237937
3816,57.595173055974854,74.55621301775147,24.628034500427276
3817,58.32256685401052,72.42014742014742,23.360145760362045
3818,58.93676544319548,70.52096569250318,22.53226311484603
3819,59.27192308254487,67.83398184176394,21.039052823890906
3820,59.54963472383036,64.44591029023746,19.579463673076148
3821,59.93082419974186,61.53846153846154,17.830501360460357
3822,60.21821385717401,58.4478021978022,17.25823295760805
3823,60.41517995418818,55.77190542420028,16.733713264512968
3824,60.52392047256275,55.3921568627451,16.174253994514952
3825,60.545610793707674,54.76858345021038,15.384502392781892
3826,60.818356834423795,53.611898016997166,14.277263268320535
3827,61.284102845844565,51.65945165945166,13.241335363010656
3828,61.59811941832489,49.634502923976605,9.611437813567838
3829,61.769816119096035,47.5699558173785,7.049017266374857
3830,61.80392860426353,46.091445427728615,6.155855763385258
3831,61.70136610330121,45.44787077826725,5.00916245152721
3832,61.24661524276404,43.47202295552367,3.230442147558108
3833,60.66129462581943,41.21338912133891,3.0706281728437927
3834,59.93082419974186,40.013495276653174,3.578154474756118
3835,59.03267784093613,42.327698309492845,2.8631190642006725
3836,57.92956461213652,44.44444444444444,2.812351888295393
3837,56.55059918208685,46.415770609319,3.5622862015522982
3838,55.69412615092584,47.58342922899885,4.606863321776628
3839,54.67632360463088,49.28176795580111,4.63269915253393
3840,53.45928998602609,51.26984126984127,2.4468587424037866
3841,51.97161367186847,53.08392315470172,2.8128905653266596
3842,50.02574123865821,54.725168756027,2.7108016676772935
3843,48.25752791035571,56.7191844300278,3.1573228300777076
3844,47.602311857084146,59.05829596412556,3.6663154881579216
3845,47.26862874826221,59.74539069359087,4.114939844044667
3846,46.87553528924055,60.53984575835476,4.344943978572019
3847,46.42108252504603,61.42618849040868,4.663629059262913
3848,45.902880092171415,62.388663967611336,4.595818309237449
3849,45.31800552372142,63.411764705882355,4.750231970579193
3850,44.66287973800574,64.48066717210007,5.049370786515795
3851,43.93309283013445,65.58156547183614,5.639862959609189
3852,43.123154087786006,66.70190274841438,6.288730315197385
3853,42.22612145425691,67.83050847457628,6.88705235639519
3854,41.23302922478249,68.95765472312704,7.4978768714388275
3855,40.13195622571381,70.48155096935585,7.714329328271922
3856,38.906399886776974,71.83563287342531,7.155581252916567
3857,37.53215803366005,73.03047728579644,7.710425350610283
3858,36.432705163873344,73.35203366058906,8.153460628804893
3859,36.15833670499696,72.47834590667784,9.686263015462238
3860,35.71525593635154,71.56345459594557,10.722586277114413
3861,35.08431299240327,70.80694023684936,12.515625326064729
3862,34.23090624149537,71.27282638321068,12.237110079989531
3863,33.08632934610876,71.49394347240916,12.7834296343777
3864,31.46527716667092,71.66357123905546,13.385481237408943
3865,29.56783054326025,71.87663355985363,13.770502840039937
3866,28.12697587331985,71.92485846628924,14.611320357973494
3867,28.627276149824425,75.17132314180284,13.400586421673076
3868,29.07953422023778,78.51752021563343,10.662691069347606
3869,29.485113510507325,81.94826637314254,8.42325012948101
3870,27.657567961116836,82.08512931034483,8.698077776315962
3871,26.406210475825166,83.82590005373456,8.07645540945956
3872,26.406210475825166,85.84094572810316,7.849468139687986
3873,26.406210475825166,87.96346050510478,7.579327237930071
3874,26.406210475825166,90.1934443847394,6.35249592394797
3875,26.702770440777286,90.0382096069869,6.8122048914564095
3876,26.95706739478884,82.5677919203099,11.344258527729316
3877,27.16972204623885,86.2541993281075,9.679495062454157
3878,27.341241860788923,89.93781797625778,7.519303795321444
3879,27.472028666642373,93.59339407744875,5.231332710098425
3880,24.900138063667473,93.8121546961326,4.93173710669821
3881,24.96919810172149,93.78813089295619,4.8600739751442275
3882,24.998768260822057,93.77777777777777,5.006157676703132
3883,24.988913337580794,87.03498056635203,9.205336574250268
3884,24.939611756784227,90.19933554817275,7.018463732127836
3885,24.850755286923913,93.25068870523415,5.355065950448113
3886,24.72214760606473,96.1706783369803,4.445886391533329
3887,24.72214760606473,96.1706783369803,4.549475979024814
3888,24.72214760606473,86.2144420131291,9.995959010337863
3889,24.72214760606473,89.57877461706784,7.963794281079981
3890,24.72214760606473,93.05251641137856,5.721763589479985
3891,24.72214760606473,96.63566739606127,3.825285382568407
3892,24.642851001899892,98.47494553376906,3.8941570005593094
3893,24.454048912532496,98.49056603773585,3.9880154229959515
3894,24.2245989416052,98.5090521831736,4.087183117786397
3895,23.953966930663693,98.53018372703411,4.209379048180651
3896,23.803010610264064,97.39583333333333,4.326191277034295
3897,25.232431708362057,96.28556375131717,4.695851847697226
3898,27.088376328438436,96.23047926763597,4.883356310641188
3899,27.636934768847944,94.20797413793103,5.818042446301803
3900,27.223662622598876,90.34300791556728,8.188908311380535
3901,26.76390525302646,86.55830753353973,11.242762099405075
3902,26.256289732628023,82.87153652392946,13.544058137630808
3903,25.6992194501077,94.91650294695481,5.063024925667307
3904,25.090836715522936,95.14586322333811,4.915355965494914
3905,24.428974904256943,95.37209302325581,4.47228138041818
3906,23.711096442247143,95.594215996385,4.381873527214947
3907,22.934211210717205,95.81140350877193,4.330091639430404
3908,22.09476721255482,96.02296894938324,4.331172466617529
3909,21.188500851307296,96.22835943940643,4.210578464483945
3910,20.210226507517138,96.42714570858283,4.000872938294868
3911,19.153531395102203,96.61901081916538,3.4283958537170016
3912,18.010315806104956,96.80373831775701,3.354907446259328
3913,16.77006660054322,96.98120028922632,3.266409515730465
3914,15.41863702818793,97.1513456833275,3.2118058631407185
3915,13.936024857343178,97.53378378378379,3.074224555604387
3916,12.291842053933312,97.82892588965066,2.892950221221864
3917,10.434344825890438,98.04416403785488,2.746992933320984
3918,8.2543586470295,98.18652849740933,2.63672414487239
3919,8.2543586470295,98.18652849740933,2.5546224514860287
3920,8.2543586470295,98.18652849740933,2.4646385228856946
3921,8.2543586470295,98.18652849740933,2.366935325011371
3922,8.2543586470295,98.18652849740933,2.2594634852074504
3923,8.2543586470295,98.18652849740933,2.137693294760431
3924,8.2543586470295,98.18652849740933,1.9996961134991513
3925,8.2543586470295,98.18652849740933,1.842996553222791
3926,8.2543586470295,98.18652849740933,1.6661142186191669
3927,8.2543586470295,98.18652849740933,1.4807877285456614
3928,8.2543586470295,98.18652849740933,1.303761243825967
3929,8.2543586470295,98.18652849740933,1.1474938886522346
3930,8.2543586470295,98.18652849740933,1.031573813806106
3931,8.2543586470295,98.18652849740933,0.9931096370469031
3932,8.2543586470295,98.18652849740933,1.0591977033935718
3933,8.2543586470295,98.18652849740933,3.219899475725911
3934,10.434344825890438,98.07570977917982,3.96694442329156
3935,12.291842053933312,97.86157362063337,4.258943876110383
3936,13.936024857343178,97.56756756756756,4.272344672813547
3937,15.41863702818793,97.18629849702901,4.289885901471557
3938,16.77006660054322,97.0173535791757,4.360275871821528
3939,18.010315806104956,96.8411214953271,4.4078449590146445
3940,19.153531395102203,96.65765069551777,4.4635742706043455
3941,21.361421078737358,96.49509313038253,4.260179097081208
3942,23.70850211046597,96.29243907519268,4.236795186075797
3943,25.60943391386225,95.99306909248429,4.245805771019088
3944,27.362479028338736,95.629646316738,4.2808831656146085
3945,28.900130305052063,95.15108924806746,4.096903258095876
3946,30.27404682430792,94.54589724859996,4.157579133685792
3947,31.514526608892584,93.80217556286365,4.999874723539297
3948,32.6414761268641,93.35434725505648,6.163676773743287
3949,34.7839485947543,92.96661193212917,6.232851102418967
3950,37.024761624914774,92.55867200915856,6.153504102422139
3951,38.81699678098711,92.01077199281868,6.115305591741883
3952,41.204596149291575,91.47869674185463,6.107161949911004
3953,43.40010737742234,79.82917214191853,8.340813501347828
3954,45.14586275276871,83.40220385674931,6.23017328423232
3955,46.63001633405846,87.37373737373737,5.018746880307826
3956,47.924648030042185,91.76737160120845,6.054878974995202
3957,48.20545104142618,92.90591805766313,7.026430838342128
3958,48.49266817873478,93.67859862909368,7.899339001333465
3959,48.73525660275263,93.96485867074102,8.333847874035177
3960,49.879014653371115,92.92565947242207,7.705757590576072
3961,50.89597733580856,91.64578111946533,6.908774187465524
3962,51.80251247383774,90.49694856146469,6.418291314052584
3963,53.744044813359736,89.38700823421775,5.668037663179987
3964,55.7986212961746,88.64734299516908,5.308939623490124
3965,57.39912876160539,87.66564729867483,5.012487734649617
3966,57.39912876160539,82.00815494393476,2.9104491103309535
3967,57.39912876160539,76.55453618756371,6.189602644107864
3968,57.39912876160539,71.30479102956167,9.663736505956983
3969,57.39912876160539,83.38430173292559,0.33599065228748404
3970,57.39912876160539,83.38430173292559,3.1860872679615984
3971,57.39912876160539,83.38430173292559,3.7798861226920204
3972,57.39912876160539,83.38430173292559,3.8883305431265756
3973,57.39912876160539,83.38430173292559,3.9251365474368
3974,57.39912876160539,83.38430173292559,4.044979428601934
3975,57.39912876160539,83.38430173292559,4.140152727123057
3976,57.39912876160539,83.38430173292559,4.177423462470795
3977,57.39912876160539,83.38430173292559,4.200223049311008
3978,57.39912876160539,83.38430173292559,4.226170566924861
3979,57.39912876160539,83.38430173292559,4.238758156989245
3980,57.39912876160539,83.38430173292559,4.366228800876978
3981,57.39912876160539,83.38430173292559,4.758031133369354
3982,57.39912876160539,83.38430173292559,5.473460220131443
3983,57.39912876160539,83.38430173292559,5.501420656960735
3984,57.39912876160539,83.38430173292559,5.581490273016656
3985,57.39912876160539,83.38430173292559,5.695596896147052
3986,57.39912876160539,83.38430173292559,5.815808237949488
3987,57.39912876160539,83.38430173292559,5.947444862876614
3988,57.39912876160539,83.38430173292559,6.0561984124858546
3989,57.39912876160539,83.38430173292559,6.186665873385704
3990,57.39912876160539,68.75637104994904,13.599003904156913
3991,57.39912876160539,73.90417940876657,10.355893438779498
3992,57.39912876160539,79.25586136595311,7.606568203440582
3993,57.39912876160539,84.81141692150867,5.991369103124429
3994,57.68843774826473,87.35279057859702,6.368448315427228
3995,58.05893235662827,86.60484286450283,6.6802980454210115
3996,58.17897122251807,85.6995353639649,7.047135725004867
3997,58.05893235662827,84.6470891293148,7.633604809635011
3998,57.68843774826473,84.53661034306195,7.991516702872858
3999,56.639102638553304,82.38213399503722,8.840495743448356
4000,54.85180139493514,78.42031029619181,11.90210377186289
4001,52.2181783562006,74.32131731197151,15.107909591531225
4002,50.56836930997325,70.69767441860465,19.060253624607146
4003,48.46607088528431,85.50782818145323,8.484165752039559
4004,46.36214640775776,86.18974751338943,8.656470879884763
4005,45.14663875646624,86.7959034381858,8.79015348204166
4006,43.763464392411336,87.84067085953879,8.651796710337447
4007,42.16115572539297,88.69246164109406,8.368002142387898
4008,40.23079581523383,89.36982813494589,8.083441773675059
4009,37.45829952400597,89.89071038251366,7.773554595854428
4010,36.282141371123046,90.84548104956268,7.3812654977070284
4011,34.97103892508581,91.46614437604924,7.196492779495768
4012,33.4947632765197,92.16317767042405,6.780541348230295
4013,32.46024379309594,92.6539058458355,6.632177671763356
4014,31.326401926246938,93.12406576980568,6.294156806221632
4015,30.079185568848526,93.88489208633094,5.599832250792746
4016,28.69868136663761,94.50853714813105,5.449571994903635
4017,27.154584857385615,95.00665778961385,4.869347076691408
4018,25.395230930276906,95.39052496798976,4.241235236833832
4019,23.6234562092578,95.74948665297741,4.023164814443316
4020,21.52757723112101,96.00948241801659,3.9637808810864317
4021,18.593328077480496,96.18015963511972,3.8704522348403803
4022,16.473835142443093,96.41157085316733,3.60352135353595
4023,13.516430700908893,96.56084656084656,3.510822012113508
4024,12.303488665441556,97.09699453551913,2.8054884850459536
4025,10.987424673037834,97.53719008264463,2.6492308060500003
4026,10.285745784398873,97.72357723577235,2.5227278615797823
4027,10.285745784398873,97.72357723577235,2.5227278615797823
4028,10.285745784398873,97.72357723577235,2.5227278615797823
4029,10.285745784398873,97.72357723577235,2.5227278615797823
4030,10.285745784398873,97.72357723577235,2.5227278615797823
4031,10.285745784398873,97.72357723577235,2.591302235446584
4032,10.285745784398873,97.72357723577235,2.4963504517299273
4033,10.285745784398873,97.72357723577235,2.4371631134368656
4034,10.285745784398873,97.72357723577235,2.6345684818824426
4035,10.285745784398873,97.72357723577235,2.796270212176097
4036,10.285745784398873,97.72357723577235,2.9568900770464293
4037,10.285745784398873,97.72357723577235,3.1207644608638905
4038,10.285745784398873,97.72357723577235,3.280401441882019
4039,10.285745784398873,97.72357723577235,3.431349608445627
4040,10.285745784398873,97.72357723577235,3.574214599727832
4041,10.285745784398873,97.72357723577235,3.709927172065147
4042,10.285745784398873,97.72357723577235,3.8401332231202105
4043,10.285745784398873,97.72357723577235,3.962365144936094
4044,10.285745784398873,97.72357723577235,4.07507417763517
4045,10.285745784398873,97.72357723577235,4.178689295121766
4046,10.285745784398873,97.72357723577235,4.274119895625965
4047,10.285745784398873,97.72357723577235,4.362234796833097
4048,10.285745784398873,97.72357723577235,4.455221031013967
4049,10.285745784398873,97.72357723577235,4.550658044273114
4050,10.285745784398873,97.72357723577235,4.641878229293334
4051,10.285745784398873,88.60162601626017,12.20123719413887
4052,10.285745784398873,92.03252032520325,9.557197473992339
4053,10.285745784398873,95.52845528455285,5.9332847881067226
4054,10.285745784398873,99.08943089430895,3.806427055530105
4055,8.781452263906967,99.11894273127753,3.7783877859298682
4056,7.115975381672694,99.3455098934551,3.6777953546276603
4057,5.237557751852812,99.49941107184924,3.669711712010184
4058,3.0370119579712087,99.58701224722302,3.6307305482934202
4059,-0.0,99.61432506887053,3.6087737731921323
4060,-0.0,99.61432506887053,3.6061791631646796
4061,-0.0,99.61432506887053,3.603338484259931
4062,-0.0,99.61432506887053,3.600267498796657
4063,-0.0,99.61432506887053,3.596987643904823
4064,-0.0,99.61432506887053,3.5935106449353698
4065,-0.0,99.61432506887053,3.5893842630650106
4066,-0.0,99.61432506887053,3.5811066120598407
4067,-0.0,99.61432506887053,3.469148964991958
4068,-0.0,99.61432506887053,3.2725836969299134
4069,-0.0,99.61432506887053,3.1600558125430895
4070,-0.0,99.61432506887053,3.3087389772831024
4071,-0.0,99.61432506887053,3.2986157648749304
4072,-0.0,99.61432506887053,3.295351229090907
4073,-0.0,99.61432506887053,3.293101652380177
4074,-0.0,99.61432506887053,3.2845533605598143
4075,-0.0,99.61432506887053,3.2677612690785587
4076,-0.0,99.61432506887053,3.258720060397907
4077,-0.0,99.61432506887053,3.2630494883601493
4078,-0.0,99.61432506887053,3.2744613902899524
4079,-0.0,99.61432506887053,3.281790467449736
4080,-0.0,99.61432506887053,3.2840874692367508
4081,-0.0,99.61432506887053,3.288671970163061
4082,-0.0,99.61432506887053,3.303349679531073
4083,-0.0,99.61432506887053,3.3294975702421876
4084,-0.0,99.61432506887053,3.3694188012152395
4085,1.7263595531412619,99.6078431372549,3.4204103693167203
4086,4.189190988298596,99.5511149724877,3.501683645189163
4087,5.237557751852812,97.79151943462898,3.723355690378739
4088,5.237557751852812,94.41990577149588,6.2876352920929595
4089,5.237557751852812,91.10718492343933,8.989289569311675
4090,5.237557751852812,87.85335689045937,11.882245932586372
4091,5.237557751852812,98.26266195524146,2.6966894311983864
4092,5.237557751852812,98.26266195524146,2.69428245890695
4093,5.237557751852812,98.26266195524146,2.691892750696506
4094,5.237557751852812,98.26266195524146,2.6895313884030925
4095,5.237557751852812,98.26266195524146,2.6872072830886564
4096,5.237557751852812,98.26266195524146,2.684913176631173
4097,5.237557751852812,98.26266195524146,2.682634505387648
4098,5.237557751852812,98.26266195524146,2.680364380192605
4099,5.237557751852812,98.26266195524146,2.678089474545468
4100,5.237557751852812,98.26266195524146,2.675800385894739
4101,5.237557751852812,98.26266195524146,2.6712326534132966
4102,5.237557751852812,98.26266195524146,2.6587895571456794
4103,5.237557751852812,98.26266195524146,2.6341479113725867
4104,5.237557751852812,98.26266195524146,2.5931734973570144
4105,5.237557751852812,98.26266195524146,2.5407209604401175
4106,5.237557751852812,98.26266195524146,2.4845261120462974
4107,5.237557751852812,98.26266195524146,2.4242498481837265
4108,5.237557751852812,98.26266195524146,2.3595873742380276
4109,5.237557751852812,98.26266195524146,2.2931012842418377
4110,5.237557751852812,98.26266195524146,2.2222706073456804
4111,5.237557751852812,98.26266195524146,2.146435438934981
4112,5.237557751852812,98.26266195524146,2.0576719472600056
4113,5.237557751852812,98.26266195524146,1.9353457482054623
4114,5.237557751852812,98.26266195524146,1.7733142457084936
4115,5.237557751852812,98.26266195524146,1.6556577989130414
4116,5.237557751852812,98.26266195524146,2.000664950964773
4117,5.237557751852812,98.26266195524146,2.6530327367687363
4118,5.237557751852812,98.26266195524146,3.329826296693605
4119,5.237557751852812,98.26266195524146,4.107116928844558
4120,5.237557751852812,98.26266195524146,5.126174281380504
4121,6.9538546023610674,98.23247453565008,6.484204432608498
4122,9.396302188694612,98.12403100775194,9.324689650798664
4123,11.394433877135839,97.94608472400513,11.45919141310533
4124,13.136652638039287,97.69179674526735,12.01695898106576
4125,14.69530505446085,97.4914089347079,12.246370967411663
4126,16.10932556229681,97.40490579452542,12.54679239487182
4127,17.403100142090526,97.31617647058823,12.826427689577143
4128,18.593328077480496,97.22538958570885,13.081554692305593
4129,19.692141411466462,97.13275726630008,13.392075196725736
4130,20.70873227923707,97.03853955375254,13.652552199545713
4131,22.848654905629683,96.93019343986543,13.885446781948387
4132,25.1772004654168,96.73960612691467,14.170714548248984
4133,26.60662931293942,96.09800362976407,13.618818294564807
4134,27.45325372959585,94.96487119437938,12.826528815310686
4135,27.851875276220824,92.2454804947669,10.834554965838556
4136,27.851875276220824,88.13035204567079,8.441831457219447
4137,28.740439830247773,85.8252427184466,7.632830392767671
4138,30.747445782446402,84.89045580458323,7.408032877625446
4139,31.453757265280906,83.31170516480664,7.013396524747184
4140,31.78483483809534,80.40558335528048,5.822158737950077
4141,31.78483483809534,76.37608638398736,5.918237030217675
4142,31.78483483809534,63.734527258361865,12.938370962919919
4143,31.78483483809534,63.734527258361865,13.273164021880522
4144,31.78483483809534,78.58835923097182,3.8024087646786358
4145,31.78483483809534,82.67052936528839,5.421348253856225
4146,29.96351173941011,83.34596916856204,6.634729098908311
4147,27.694303668135056,83.9030303030303,7.516791066973972
4148,27.694303668135056,83.9030303030303,8.730062362194486
4149,27.694303668135056,83.9030303030303,10.249467425388437
4150,27.694303668135056,83.9030303030303,12.010767437363079
4151,29.321848138064592,83.65932161426096,12.941236600911521
4152,31.584083239056547,83.08804544280919,13.516915418676097
4153,33.26293119988425,82.35135862254506,13.921157710761491
4154,34.72466504121087,81.47940599607733,14.067417581456635
4155,36.02086205998359,80.46077573636629,13.920548317465578
4156,37.18173251241389,79.28419775553533,13.708737299522506
4157,38.22708851758282,78.47462968799243,13.863400687857766
4158,39.17087319971138,77.65783447824664,14.061602867009178
4159,40.02338123519428,76.83960664632079,14.097755619705799
4160,40.79247753877671,76.02667602667603,13.711799115759208
4161,41.4843220873494,75.22669568371418,13.22728343665206
4162,42.10382776304583,74.44818555929668,13.201153876237907
4163,43.24792105459889,73.51456310679612,12.539846802096218
4164,44.743160827976624,72.26958993097848,11.415088324518747
4165,46.01595277496813,70.8350996184824,9.959687568462549
4166,47.117552182674686,69.20017675651789,8.703208457708579
4167,48.07781694685202,67.72413793103448,7.478520028203936
4168,48.07781694685202,63.264367816091955,4.768710101768974
4169,48.07781694685202,58.98850574712644,4.044854142774017
4170,48.07781694685202,54.89655172413793,5.009873752389851
4171,48.07781694685202,61.28735632183908,5.585290058624089
4172,48.07781694685202,61.28735632183908,6.442577004743601
4173,48.07781694685202,61.28735632183908,7.405608270801416
4174,48.07781694685202,61.28735632183908,8.370535751872762
4175,48.07781694685202,61.28735632183908,9.338819477639513
4176,48.07781694685202,61.28735632183908,10.600408316942461
4177,48.07781694685202,61.28735632183908,12.155124181036411
4178,48.07781694685202,54.89655172413793,14.716316960838524
4179,48.07781694685202,58.98850574712644,15.24932233403551
4180,48.07781694685202,63.264367816091955,15.028464784749431
4181,48.07781694685202,67.72413793103448,14.147762881562862
4182,47.65355137403093,68.89287315105334,14.33631349172807
4183,47.16208661621839,70.10893246187364,14.53573781402249
4184,46.600323473279396,71.35614702154626,13.925569223481434
4185,45.96441401146083,72.61953412341643,14.775958039668652
4186,45.24955515108312,73.88560157790927,14.367336790677214
4187,44.4496869999062,75.14253135689852,14.568301379770595
4188,43.55703612466414,76.85557586837294,13.330749958342608
4189,42.56139168644678,78.36318932209343,12.313544816430223
4190,41.44888758357104,79.67644084934277,11.940939802791082
4191,40.199782624103655,80.80775444264944,11.267638351232643
4192,39.52034828317113,82.6399749765405,10.537307215248864
4193,38.77331875040552,84.27577865134563,10.057847669606234
4194,37.326490336343426,84.84497247174733,10.240004260562623
4195,35.66218418275521,85.5120732722731,10.252933037877893
4196,35.66218418275521,89.86955315015265,7.561209570649326
4197,35.66218418275521,94.33805162364696,4.967498929811315
4198,32.43172981607484,94.5859872611465,5.107720936311763
4199,30.426749363396215,94.93896236012208,4.915215948991618
4200,27.581457310565277,95.17543859649123,4.9343110325182735
4201,27.581457310565277,95.17543859649123,5.125127749424471
4202,27.581457310565277,95.17543859649123,5.313853791914615
4203,27.581457310565277,95.17543859649123,5.493855614969645
4204,27.581457310565277,95.17543859649123,5.667580374566182
4205,27.581457310565277,95.17543859649123,5.841038208602382
4206,27.581457310565277,95.17543859649123,6.02910021694283
4207,27.581457310565277,95.17543859649123,6.2186008639959685
4208,27.581457310565277,84.86842105263158,13.65347270089095
4209,27.581457310565277,88.88888888888889,11.478187862866882
4210,27.581457310565277,93.00682261208577,8.059320724538944
4211,27.581457310565277,97.22222222222223,3.911551171275161
4212,26.334240953166866,97.8169014084507,3.7435514131822294
4213,25.216294388895182,98.09610154125113,3.684551548840993
4214,24.269240622641654,98.15789473684211,3.734540020006866
4215,23.243125336366553,98.21882951653944,3.767805317510528
4216,22.129874600237244,98.27868852459017,3.8114362705891565
4217,20.918999527090655,98.3372921615202,3.8392022031440556
4218,19.59637621224772,98.39449541284404,3.8261903297888105
4219,18.14202396912635,98.45018450184502,3.8515779953083866
4220,16.525575105210557,98.73575498575498,3.7900553372240693
4221,14.69530505446085,98.93470790378007,3.61193508966855
4222,12.542057481308383,99.0550397877984,3.401214482545225
4223,9.551523848511046,99.10428662827896,3.3097788364287024
4224,7.971385463025239,99.24172082946457,3.2560167436574283
4225,6.208061115907181,99.4311377245509,3.183513081578875
4226,4.189190988298596,99.5511149724877,3.1482052146627804
4227,1.7263595531412619,99.6078431372549,3.107799511773172
4228,-0.0,99.61432506887053,3.0808276119415448
4229,-0.0,99.61432506887053,3.0604682815770206
4230,-0.0,99.61432506887053,3.046165879414498
4231,-0.0,99.61432506887053,3.035103944836561
4232,-0.0,99.61432506887053,3.017950024127594
4233,-0.0,99.61432506887053,2.9152910766697477
4234,-0.0,99.61432506887053,2.8046974841577
4235,-0.0,99.61432506887053,2.9091716671372825
4236,-0.0,99.61432506887053,3.386206091523891
4237,-0.0,99.61432506887053,3.392555685983743
4238,-0.0,99.61432506887053,3.4162415834076825
4239,-0.0,99.61432506887053,3.453448333428536
4240,1.7263595531412619,99.6078431372549,3.4902087846048144
4241,1.7263595531412619,96.28851540616246,3.7030368595502776
4242,1.7263595531412619,93.02521008403362,5.8193178192196084
4243,1.7263595531412619,89.81792717086834,8.274654139968751
4244,1.7263595531412619,98.43137254901961,2.785723448042425
4245,1.7263595531412619,98.43137254901961,2.790971515704689
4246,1.7263595531412619,98.43137254901961,2.818012327924696
4247,1.7263595531412619,98.43137254901961,2.862666571650128
4248,1.7263595531412619,98.43137254901961,2.920472110493535
4249,3.4502350984670764,98.40478564307078,2.987661697534177
4250,5.908035540662013,98.30608337015761,3.0568274170186807
4251,8.667581787525366,98.2014936747447,3.1800891400531937
4252,11.674014247378041,98.12154696132596,3.3254148741690743
4253,12.966673644581462,96.28856041131105,2.8000065520613044
4254,12.966673644581462,92.76992287917737,3.699739249738696
4255,12.966673644581462,89.31555269922879,6.0814363627346095
4256,12.966673644581462,85.92544987146529,8.249384397073753
4257,12.966673644581462,95.82262210796915,2.410010583330507
4258,12.966673644581462,95.82262210796915,2.8509926932317566
4259,12.966673644581462,95.82262210796915,3.318810210874672
4260,12.966673644581462,95.82262210796915,3.8071973447032375
4261,12.966673644581462,95.82262210796915,4.313969906143672
4262,14.818824012021995,95.55888223552894,4.741943063846461
4263,16.457562288547795,95.21349862258953,4.766288317344569
4264,17.934628631746534,94.74340698503208,4.651073110278204
4265,19.280407234483157,94.1740412979351,4.774827291283954
4266,20.51489626453036,93.82151029748283,5.559356595496979
4267,21.65223816792427,93.45425867507886,6.384528679475445
4268,22.702941520862378,93.07253463732681,7.4958910815703454
4269,23.675101186621426,92.67676767676768,8.653529659522052
4270,24.575124802170972,92.26759339704604,9.932547587621833
4271,26.647278256956504,91.89371763116415,11.305035071270611
4272,28.95017779939679,91.48486980999296,12.946933219038293
4273,30.805971860825547,90.9601759100904,14.675134984122787
4274,32.01958838516753,89.91894630192502,16.073135492591
4275,32.7492934960361,88.32288401253919,16.925708598604498
4276,33.41889969206678,86.54467168998923,18.19967439939242
4277,34.031345298895545,84.57918050941306,19.837187119954006
4278,34.58911232120736,85.92150170648465,21.98559017809235
4279,35.09430766150309,85.3267211201867,23.16320376936611
4280,35.54872471021353,84.73715651135007,23.788385654822658
4281,35.95389072132154,84.15750915750915,24.682032153424384
4282,36.31110366203654,83.59277708592776,25.39488143786056
4283,36.62146110416693,83.04816223067174,25.94180008306267
4284,38.308529003316295,82.41435562805873,26.327598385658494
4285,40.41082742800523,81.5583531813542,26.421065226064233
4286,40.523587356033,77.83487495717712,24.434815814393314
4287,40.523587356033,73.6896197327852,22.157364394610834
4288,40.523587356033,69.6813977389517,19.166626192817652
4289,41.641038582584336,67.2148355493352,17.715267625437367
4290,42.58798587490754,65.08620689655173,16.15884811712024
4291,42.66795182126606,61.624548736462096,14.01384216894666
4292,42.66795182126606,57.978339350180505,11.93050457381557
4293,42.66795182126606,54.47653429602888,10.76025988089222
4294,43.609719319775564,52.468680913780396,9.168368418281448
4295,43.609719319775564,49.52100221075903,6.276797273033631
4296,43.609719319775564,46.46278555637436,5.528354770336821
4297,43.609719319775564,40.64112011790715,5.037481236204902
4298,43.609719319775564,46.24170965364775,6.795457282178484
4299,43.609719319775564,49.299926308032425,7.321191332050087
4300,43.609719319775564,52.50552689756817,9.445697229280523
4301,42.66795182126606,53.068592057761734,9.848669343210766
4302,42.66795182126606,53.068592057761734,10.137392174519547
4303,42.66795182126606,53.068592057761734,9.999991035917985
4304,42.66795182126606,53.068592057761734,9.856544424915784
4305,42.66795182126606,53.068592057761734,9.711969530020871
4306,42.66795182126606,48.91696750902527,8.460926281298395
4307,42.66795182126606,51.84115523465704,9.190713361937247
4308,42.66795182126606,54.69314079422383,10.353303396539001
4309,42.66795182126606,57.978339350180505,10.238593655648229
4310,42.49642725093427,60.75,10.960988870386434
4311,42.27824581997857,63.424947145877375,12.070261258932094
4312,40.42003050064829,62.4263431542461,11.074549300864268
4313,38.99898906292565,62.12487064505002,10.911579955982555
4314,39.56066426966443,59.803232607167956,9.35645362986985
4315,39.56066426966443,56.46521433591005,8.67413623498626
4316,39.56066426966443,53.267744202389316,7.43867417973868
4317,39.56066426966443,50.21082220660576,5.639082974871947
4318,39.56066426966443,50.45678144764582,5.8469390765715525
4319,39.66388470040809,52.05091937765205,6.720280706793833
4320,39.83540927073989,52.60900643316655,6.582982705393347
4321,39.96079337176581,53.02593659942363,7.159298715861672
4322,40.00630429018208,51.80635838150289,6.866645838041108
4323,40.00630429018208,57.11705202312139,8.434994309746362
4324,40.00630429018208,57.11705202312139,8.381512854168543
4325,40.00630429018208,57.11705202312139,8.359841408108096
4326,40.00630429018208,57.11705202312139,8.30116554755594
4327,40.00630429018208,57.11705202312139,8.085895228426265
4328,40.00630429018208,53.179190751445084,6.44229256406291
4329,40.00630429018208,56.033236994219656,7.102014921037409
4330,40.00630429018208,59.03179190751445,7.806901114690486
4331,40.462526494912055,61.42857142857143,8.314342359911503
4332,40.462526494912055,61.42857142857143,7.7999118986059
4333,40.462526494912055,61.42857142857143,7.330359128007828
4334,39.51414082092625,59.72222222222222,6.420885020338692
4335,39.51414082092625,56.6951566951567,5.583593972918764
4336,39.51414082092625,53.81054131054131,5.152878410426198
4337,39.51414082092625,57.9059829059829,5.701723739804256
4338,39.51414082092625,57.9059829059829,6.054842616057797
4339,39.51414082092625,57.9059829059829,6.490310576955143
4340,39.51414082092625,57.9059829059829,6.9960786824177035
4341,40.97530345049052,53.3526640086988,8.310605460457136
4342,42.497028739106916,55.048616305160806,8.788199062579423
4343,43.35075139080803,56.5284178187404,8.413253503532435
4344,44.078145188843685,57.90715971675846,9.542896700197879
4345,43.65350107159476,57.65765765765766,10.125512716595459
4346,44.06616630366272,58.164481525625746,10.774357038504915
4347,45.38974203474373,60.52087639520463,10.702411325682135
4348,45.975615067673694,61.694058154235144,10.613345161554815
4349,45.975615067673694,61.694058154235144,11.012561391010179
4350,43.414664623044196,59.056070996369506,12.652180251116265
4351,43.228768217606074,58.34994021522519,13.656783939710033
4352,43.228768217606074,69.98804304503787,7.178813423487973
4353,43.228768217606074,74.25269031486648,4.413631405585013
4354,43.228768217606074,78.67676365085691,3.289632168470812
4355,41.7229486081001,79.15042868277474,3.3473428458223995
4356,41.7229486081001,79.15042868277474,3.4768984494452906
4357,41.7229486081001,79.15042868277474,3.4510070722357264
4358,41.7229486081001,79.15042868277474,3.48520219079396
4359,41.7229486081001,79.15042868277474,3.774734736333094
4360,41.7229486081001,79.15042868277474,4.025045836233089
4361,41.7229486081001,79.15042868277474,4.247547653548388
4362,41.7229486081001,79.15042868277474,4.473880321049296
4363,41.7229486081001,79.15042868277474,4.703031302537878
4364,41.7229486081001,79.15042868277474,4.931500847152777
4365,41.7229486081001,79.15042868277474,5.134857607132847
4366,41.7229486081001,79.15042868277474,5.30751968198939
4367,41.7229486081001,79.15042868277474,5.450805767589065
4368,41.7229486081001,70.14809041309431,11.184267388520023
4369,41.7229486081001,73.85035074045207,8.568022550504608
4370,41.7229486081001,78.02026500389712,5.912976482118359
4371,41.7229486081001,82.3460639127046,4.219778919458047
4372,41.60588147275245,86.18955512572533,4.60241049565298
4373,40.979579188574725,84.56579446340538,5.021767427904835
4374,40.23210321088364,82.75862068965517,5.7777915013779095
4375,40.39681482706406,79.39303109778943,8.312485044000585
4376,40.51409992407241,74.85843714609287,11.830902271303959
4377,40.58432591977705,78.72582480091013,9.223602696081317
4378,40.6077105421742,82.52943410558298,6.895230819301954
4379,40.58432591977705,86.23435722411831,5.475499121226708
4380,40.58432591977705,86.23435722411831,5.745190742462384
4381,40.58432591977705,86.23435722411831,6.330178232524207
4382,40.58432591977705,86.23435722411831,6.898381673734862
4383,40.58432591977705,86.23435722411831,7.425584294502491
4384,40.58432591977705,86.23435722411831,7.8986289495183115
4385,40.58432591977705,86.23435722411831,8.32485142274282
4386,40.58432591977705,86.23435722411831,8.723882536524712
4387,40.58432591977705,86.23435722411831,9.11063141731778
4388,40.58432591977705,80.28062191884717,13.235097404835335
4389,40.58432591977705,83.8832006067501,10.978805952832179
4390,40.58432591977705,87.63746681835418,9.029279440294397
4391,40.58432591977705,91.54342055365946,6.499814167626412
4392,39.57800828341811,92.5137614678899,5.96532530840949
4393,38.416416133633724,93.30024813895781,5.479506532035111
4394,37.76632161711873,93.62813370473538,5.178173432418878
4395,37.76632161711873,93.62813370473538,5.212966445387954
4396,37.76632161711873,93.62813370473538,5.244001813622202
4397,37.76632161711873,93.62813370473538,5.26848360298297
4398,37.76632161711873,85.16713091922006,11.545930747852625
4399,37.76632161711873,88.82311977715878,9.024200902347879
4400,37.76632161711873,92.61838440111421,5.591335760698003
4401,37.76632161711873,96.55292479108635,2.0474781554966666
4402,38.009541204045085,97.05176551251286,2.609260603747464
4403,38.57873283672349,97.25180350395053,3.2612700245394093
4404,38.402130982948,97.18503261242705,3.958385157276587
4405,38.009541204045085,97.05176551251286,4.681720599156633
4406,38.009541204045085,97.05176551251286,5.438274227414327
4407,39.14792446940189,97.31866620831902,6.353667832569654
4408,39.14792446940189,97.31866620831902,7.095270625225356
4409,40.50026565296993,96.91817215727949,7.5971915413859925
4410,41.624658565850204,96.35701275045537,7.550277156944755
4411,42.57191557696003,96.26168224299066,8.380864797619974
4412,43.371395577594015,96.1729812476081,9.460553499296239
4413,44.04195895642897,96.09222352481439,10.82288846159054
4414,44.59647980687586,96.02069239952249,11.13517439137478
4415,45.62604863575564,95.85365853658537,11.43494735915692
4416,46.90810373533653,95.45833333333333,11.609715539796477
4417,47.90873934212774,94.8892674616695,10.950878440123956
4418,48.698160045581446,94.140625,10.582464368628695
4419,48.698160045581446,91.75347222222223,8.902151283289268
4420,48.698160045581446,89.53993055555556,7.73051467625062
4421,48.613492432237976,86.70967741935483,6.537186937457844
4422,49.01506870262769,85.74532811820947,6.723617484039184
4423,49.48081471404847,85.01098901098901,7.268286576629399
4424,49.65607567522831,83.84105960264901,7.735742674393056
4425,49.65607567522831,82.47240618101546,8.091792081609546
4426,49.65607567522831,81.63355408388522,8.753101415491614
4427,50.54603267056888,79.94746059544659,9.084480581295606
4428,51.914839358507336,80.31111111111112,10.477794877803515
4429,52.78341312993054,80.89028776978417,12.6071575459202
4430,52.661864144115086,79.56656346749226,13.508919556756318
4431,51.72045714910245,76.19652689538331,13.793699917968905
4432,50.66059293053269,72.8635074929121,15.337371279711911
4433,50.08042599930954,68.92319873317498,15.670561739206812
4434,50.08042599930954,82.50197941409343,22.059234073157832
4435,50.08042599930954,82.50197941409343,23.314038453944686
4436,50.08042599930954,82.50197941409343,24.50929841365293
4437,50.08042599930954,82.50197941409343,25.651666091243587
4438,50.08042599930954,82.50197941409343,26.833839281325233
4439,50.66059293053269,81.81449979748886,27.97355973383855
4440,50.66059293053269,76.75172134467395,25.81922924713803
4441,51.02178402319575,73.2150226991333,24.30136187557329
4442,51.68631686494813,70.90286692340608,23.84490233848009
4443,52.27765016698769,68.34882691456397,22.32912622890862
4444,52.98931966677173,65.91639871382637,21.66616674504745
4445,54.74266288529614,63.7278390033541,21.40237283381653
4446,55.98434089518476,61.78984414278532,20.63320258744435
4447,57.05370436690648,59.61032122169563,19.882297712060133
4448,57.980527216394705,57.18216840946615,19.206015117530015
4449,58.39679098181407,53.40078695896571,17.445700951893727
4450,58.39679098181407,48.62282181000562,14.595810629362255
4451,58.39679098181407,44.069702079820125,13.617160797271353
4452,58.39679098181407,39.74142776840922,11.590203186593678
4453,58.39679098181407,48.00449690837549,12.556840235129853
4454,58.39679098181407,48.00449690837549,12.011610492768105
4455,58.39679098181407,48.00449690837549,11.387744557132395
4456,58.39679098181407,48.00449690837549,10.699858858914876
4457,58.39679098181407,48.00449690837549,9.96290652058002
4458,58.85909682292034,46.60919540229885,9.010967532346383
4459,59.68619141010472,38.069544364508396,5.831704792551419
4460,60.39582861996422,39.588528678304236,5.495319313465916
4461,60.99923678432727,41.020671834625325,4.8658142934142665
4462,61.504608232400905,42.86666666666667,4.687483611422687
4463,61.19963414312366,43.66754617414248,3.9395873570512245
4464,60.72880019293194,44.48051948051948,3.5364499224655987
4465,60.072469780436236,45.29262086513995,4.010750013372324
4466,58.607943904181425,46.149068322981364,5.453646851464155
4467,58.33970174595717,46.80589680589681,7.132784266322742
4468,58.20661145499918,47.073170731707314,9.056122356828066
4469,57.98312773477635,47.59036144578313,10.83821722514283
4470,57.666628451445966,48.34123222748815,11.664248192187177
4471,57.253175046275516,49.303944315545245,13.64042115724511
4472,56.73718276523656,51.18778280542986,13.222300053437927
4473,56.11088048105884,52.967032967032964,13.545152426120401
4474,55.363404503367754,54.62765957446808,13.909517403465655
4475,54.47919332762072,56.16016427104723,13.375650768862789
4476,53.62547067591961,57.73042616451933,14.145170444577577
4477,52.62633319990254,58.778625954198475,14.234931129149253
4478,51.45222471163229,60.08249312557287,15.138623212157098
4479,50.785068023016514,62.567324955116696,14.503403051668027
4480,50.785068023016514,66.47217235188509,12.84787534094684
4481,50.70771051172191,70.17857142857143,10.66450203456626
4482,49.56780150481507,71.483704974271,9.809770833021046
4483,47.988216052075266,72.49589490968802,10.052726403321156
4484,45.95385208455566,73.35164835164835,10.006740971729723
4485,45.95385208455566,77.55102040816327,7.815183183342786
4486,45.95385208455566,81.90737833594976,5.403189993911195
4487,45.831732546478044,85.74766355140187,4.381845485721239
4488,44.33649277310032,86.6044776119403,4.731492346173219
4489,42.51008187309748,87.28571428571429,5.03968905566926
4490,39.83859181573014,87.80737704918033,5.3444819585228025
4491,39.67567386981249,86.84032476319351,5.720874512204006
4492,39.67567386981249,84.64140730717186,6.362096644155141
4493,39.67567386981249,82.57780784844384,7.044226361029082
4494,40.15562334026463,81.47641831852359,7.6822233235883175
4495,40.98322416388523,81.16295264623956,8.261782796182402
4496,41.65670155943577,79.61783439490446,10.018170186413444
4497,42.194201852138924,80.73888091822094,9.344902945764712
4498,42.60775674306867,81.90717911530095,9.077904687885784
4499,42.905450188177,83.26023391812865,8.236687372195354
4500,43.378297687758085,85.78888474449832,7.100050913037068
4501,43.482305733643905,86.75645342312009,6.7801118736380275
4502,43.482305733643905,87.91619902731014,6.328995042168681
4503,43.482305733643905,89.22558922558923,5.504304018668732
4504,43.482305733643905,90.68462401795735,4.542457363158656
4505,42.25618396106317,91.53988868274583,4.270065274400444
4506,40.621314063339916,91.8859649122807,4.1848298693096035
4507,39.63458207786087,92.33261339092873,3.948272018708705
4508,39.58830619786102,92.57142857142857,3.947635605939126
4509,39.01911456518262,92.50535331905782,4.080159011555978
4510,40.06805081208631,92.58321273516643,4.126378702047102
4511,40.376581419792196,91.79970972423803,4.696097226643889
4512,40.10411759923271,90.17278617710583,5.692504799562241
4513,39.72678902673804,88.46153846153847,7.242518029430051
4514,39.23859304263653,86.68306394940267,8.450631609588978
4515,38.63085543209009,92.3582295988935,3.8381150796272534
4516,37.89105317019417,93.2111337406653,3.0164566604088074
4517,37.00062657828505,93.91622340425532,2.134623505960714
4518,35.93047631647189,94.4769330734243,1.820663724865745
4519,36.16312238982163,94.40052700922266,1.8127063623460167
4520,36.35063108031753,94.33710859427049,1.876854078589123
4521,36.49352967012722,94.28763440860214,2.0135488654848643
4522,36.59221312884847,94.25287356321839,2.1838707721419337
4523,36.646950821177,94.23337856173677,2.394014128192014
4524,36.65789097952242,94.22946367956551,2.63626359680144
4525,36.625063130339875,94.24119241192412,2.9086549315710672
4526,36.54837857448083,94.26837491571139,3.19309101211463
4527,36.42762894124391,94.31057563587684,3.4884319991979535
4528,36.26248275670552,94.36713055003314,3.7604116796906872
4529,36.05247988319864,94.43717277486911,4.066710643886976
4530,35.79702359177549,94.51966473243068,4.336140368883353
4531,35.495369914955354,94.61343472750316,4.675585324936234
4532,35.85746602365534,94.41978440076093,4.8151995467657915
4533,36.337415494107475,92.98975672215109,4.0053716003182425
4534,36.337415494107475,90.78104993597951,2.6965073021395485
4535,36.852036367304095,89.56043956043956,2.202194243201403
4536,37.66283853683675,89.08612754766601,2.164349675327715
4537,38.31851364897131,88.49232821881255,2.2703668392347804
4538,38.837080432358064,87.77852802160702,2.369466211530489
4539,39.23041699422771,86.94614860259033,2.644509724984037
4540,39.50642011819112,86.58201784488675,3.2403775921064613
4541,39.67014342037604,86.25086147484494,4.300425116656774
4542,39.724414225130985,85.95583160800552,4.347731291804247
4543,39.67014342037604,85.69951757408684,4.406766507023669
4544,39.50642011819112,85.48387096774194,4.438064396053139
4545,39.23041699422771,85.31015678254943,5.319309325793962
4546,38.837080432358064,85.17893315327481,5.738484029659553
4547,38.31851364897131,85.09006004002669,6.075765858898832
4548,37.66283853683675,85.47008547008546,6.521471364261969
4549,36.852036367304095,85.74660633484163,7.181305662776593
4550,35.85746602365534,85.92263792010147,7.787222072387561
4551,35.2770307974402,85.9742704737998,8.489976834375224
4552,36.380144026239805,87.7361511367275,10.284341305691107
4553,38.21410133814075,89.57175547564563,12.108654040002753
4554,39.00761759958109,91.0601528747092,13.698311593009338
4555,40.1030863849828,89.9758036640166,13.637153623152102
4556,41.08119432448954,88.68940754039497,12.797626647903027
4557,41.955777131610276,87.1880819366853,12.309442696463401
4558,42.35753261058745,84.3062926459439,10.716446701140129
4559,42.35753261058745,79.71948445792268,7.6084629658912135
4560,42.35753261058745,75.28430629264595,4.80176356406968
4561,42.35753261058745,71.00075815011373,3.99136663868701
4562,42.35753261058745,81.34950720242608,8.942789225198121
4563,42.98975335251135,80.72009291521486,8.704911046558678
4564,44.131789418338116,79.30617184348527,7.659264165261294
4565,45.13391110415044,70.07973143096936,2.094900252333934
4566,46.01564729878284,72.72331154684096,2.597125626219878
4567,46.415792209123374,73.95740905057676,3.369430047502814
4568,46.415792209123374,74.00177462289264,3.369203312550327
4569,45.74468075111542,72.0086393088553,2.6964389989461535
4570,45.10592147041547,70.26683608640407,3.6655185202921254
4571,44.32502835741886,68.69565217391305,5.173090155440854
4572,44.53000195943545,65.3797733948804,8.220743714787803
4573,44.683070515691035,71.72530733361594,5.195920748123538
4574,44.78480530727522,71.70294494238156,6.318858051177033
4575,44.8355802443701,71.77730192719486,7.061617598590625
4576,44.8355802443701,71.94860813704497,8.052641694683366
4577,44.78480530727522,72.21510883482715,8.971973464222538
4578,44.683070515691035,72.57312420517168,9.937495978428334
4579,44.53000195943545,73.01720520352497,10.491226814688833
4580,44.32502835741886,73.54037267080746,10.542939307399937
4581,44.06736789807168,74.13441955193483,10.788363421895575
4582,43.756009515902214,74.79025169796245,11.402341211084067
4583,43.38968742809982,75.49824150058616,11.800405376589826
4584,42.96684721647392,76.24857033930614,11.808154178691959
4585,42.48560097122284,77.03153988868274,11.572201634527529
4586,41.943667875887996,77.83783783783784,11.188393598602962
4587,41.33829487449049,78.65874956339503,10.798764174641681
4588,40.66614931448809,79.48631294356201,10.620631769643797
4589,39.923170959028894,80.60724779627816,9.990557117936243
4590,39.10436308849488,82.33070866141732,8.677529491114472
4591,38.20348870345744,83.85432473444612,7.912504923144359
4592,37.21261196202354,85.18843120070115,7.400090102966103
4593,37.21261196202354,89.77505112474438,4.270179001055262
4594,36.245358362733064,91.0216718266254,3.6071303529845493
4595,35.18383841718773,92.08886480628556,3.242857390363722
4596,34.4990778706365,92.46084417308202,3.121944319285318
4597,34.4990778706365,92.46084417308202,3.054957076528611
4598,34.4990778706365,92.46084417308202,3.042703766063475
4599,34.4990778706365,92.46084417308202,3.2793205545699355
4600,34.4990778706365,92.46084417308202,3.3445816032750364
4601,34.4990778706365,92.46084417308202,3.4976933488170165
4602,34.4990778706365,92.46084417308202,3.732383695891721
4603,34.4990778706365,92.46084417308202,4.030145993072111
4604,34.4990778706365,92.46084417308202,4.330196789771462
4605,34.4990778706365,92.46084417308202,4.600010239494464
4606,34.4990778706365,92.46084417308202,4.856694260371294
4607,34.4990778706365,92.46084417308202,5.106680689401785
4608,34.4990778706365,81.70958322272365,11.016489077933205
4609,34.4990778706365,85.93044863286435,8.616899118467614
4610,35.02452746422481,89.74844468487963,6.408034387984645
4611,36.00632287075478,93.1237721021611,4.950552083571607
4612,35.76421834113733,92.81118881118881,5.241335518659015
4613,35.35024719839015,92.29485396383866,5.625376833100998
4614,33.84736825252723,92.34159779614325,5.745303140067338
4615,33.11095197992727,92.54912663755458,5.781560068211647
4616,32.12421999444823,92.66055045871559,5.787365565231004
4617,30.133435049255453,88.82565959648215,8.332638791557246
4618,27.3020083155851,85.32473971244423,10.598829675629645
4619,26.581831513590014,81.8334937439846,13.176857895558504
4620,25.800361167612383,92.09052729818012,5.41155026258327
4621,24.953736750955947,93.30922242314648,4.177204166193987
4622,24.037288615103282,94.37636761487965,3.203717187126902
4623,23.045285813995694,95.30059271803556,1.6328988246447547
4624,23.13931047778757,95.65217391304348,1.2938236373411698
4625,23.70850211046597,95.77171422620287,1.170282615700009
4626,23.53190025669049,95.73183427024776,1.1403086101543045
4627,22.283585384796602,95.53293164346562,1.150068032937177
4628,22.697979766728505,95.97665207421305,1.148443472543487
4629,22.89905823909713,96.49196074337023,1.641023579260202
4630,24.139408315520143,96.36442328500324,1.7400083482022854
4631,25.27512541471426,96.23402824478816,1.8629403151403199
4632,26.318296449391443,96.10118356927362,2.0187130279519083
4633,27.27806555019715,95.96638655462185,2.141642529404918
4634,28.161567222561658,95.83023082650782,2.332621288437046
4635,30.20062194063359,95.66898685228152,2.47390232279461
4636,32.45580154140764,95.39703903095558,2.503781223668857
4637,33.51009492360735,94.46772841575859,1.204410278466175
4638,34.46994239479236,93.36424224862358,0.685829111981335
4639,35.34439715064182,92.07445211648154,0.9405402598259532
4640,36.14049606043325,92.07828518173346,0.9960842472198613
4641,36.86383281208458,91.81380417335474,1.129725246281706
4642,37.518929415049875,91.55349453461412,1.280279077334283
4643,38.109487297920374,91.29989764585466,1.4006180973502222
4644,38.63856280551066,91.05576990529639,1.4110977323948384
4645,39.10869320851225,90.82403742353364,1.3907108872673017
4646,39.5219891484955,90.60773480662984,1.364471132403449
4647,39.880203597857864,90.40992854456563,1.529717412613363
4648,40.18478391682275,90.23362696284948,1.7914686609908144
4649,40.43691141632727,90.08168028004667,1.790840437694323
4650,40.63753143901741,89.95667585663647,1.8018924628647746
4651,40.78737604421532,89.86083499005964,1.8528085806799612
4652,40.88698074848353,89.79591836734694,2.2302270532384614
4653,40.936696323873505,89.7631473303894,4.0827446255358755
4654,40.936696323873505,89.7631473303894,4.827845577271259
4655,40.88698074848353,89.79591836734694,5.148099191751359
4656,40.78737604421532,89.86083499005964,5.296971306506119
4657,40.63753143901741,89.95667585663647,5.3670672808805895
4658,40.43691141632727,90.08168028004667,5.5873855870405915
4659,40.18478391682276,90.23362696284948,5.735062677878201
4660,39.880203597857864,90.40992854456563,5.933166329350289
4661,39.5219891484955,90.60773480662984,6.127108569555377
4662,39.978279024424026,90.50772626931567,6.1696376267984965
4663,41.05035790024357,89.99250374812594,6.04639762102889
4664,41.878717673923916,89.33739527798934,5.63813186003809
4665,42.25512333957969,88.09980806142035,5.432355031458431
4666,42.25512333957969,86.29558541266795,5.289628149569519
4667,42.1554748472061,83.58208955223881,5.435952468319629
4668,41.954763446925085,83.07341194370483,5.79802165372683
4669,41.9978480561655,87.57598784194529,5.82337025896143
4670,41.60326690645135,86.58903080390684,5.8137322292056925
4671,41.98882313651379,83.78170637970791,6.057052162332051
4672,42.32005703280789,80.74509803921569,6.98281056506439
4673,42.598278636150646,70.9098164405427,13.742197777303259
4674,42.82454801580666,75.06072874493927,11.36022427729512
4675,42.99970143671267,79.23832923832924,8.471746047266471
4676,43.124370922282374,83.40214698596202,6.029283077805389
4677,42.826995750697726,85.65004088307441,5.476918598551807
4678,42.06027443750757,86.0381861575179,5.8651738431697735
4679,41.168881794048794,86.44787644787645,6.038041339161871
4680,40.13359772261761,86.8735976065819,6.24213988394461
4681,38.92474756191153,87.78018799710773,6.148675499306088
4682,37.491240224293435,88.52058618283321,6.039629052315103
4683,35.72450012467085,89.1055817081372,5.918134336588855
4684,33.110752600060934,89.54692556634305,5.84086823079059
4685,33.110752600060934,89.54692556634305,6.0964266399664355
4686,33.110752600060934,89.54692556634305,6.342364866828737
4687,33.110752600060934,89.54692556634305,6.573165181358317
4688,33.110752600060934,89.54692556634305,6.7956194482031185
4689,33.110752600060934,89.54692556634305,7.013118467394971
4690,33.110752600060934,89.54692556634305,7.230615052399744
4691,33.110752600060934,89.54692556634305,7.449392655181372
4692,33.110752600060934,83.07443365695792,11.989026702255247
4693,33.110752600060934,86.60194174757281,9.931130909658352
4694,33.110752600060934,90.2588996763754,7.220749161308842
4695,33.110752600060934,94.0453074433657,4.446238008002185
4696,31.968716534234176,94.77144646211647,4.008970625816733
4697,31.268214414687286,95.09503372164316,3.7482466594218784
4698,31.0997428395763,95.14268366727383,3.811715107125816
4699,30.888356213259716,95.20095980803839,3.6813429131320663
4700,30.633505134221895,95.26907155529273,3.618617338434227
4701,30.334511445303363,95.34613147178592,3.5672875952341094
4702,29.990556694997096,95.43118218161051,3.6318527951371395
4703,29.600667504804534,95.52322327923895,3.6557124566956407
4704,29.16369713484382,95.62123700054734,3.77724776457534
4705,28.678302285603753,95.72421165152325,3.834964407994645
4706,28.142913817590877,95.83116206357478,3.634796310757489
4707,27.555699560775054,95.94114662607814,3.4313006067455025
4708,26.91451663922095,96.05328071040947,3.3783560466495137
4709,26.21684961654383,96.16674652611404,3.570837955984389
4710,25.459729043149636,96.28079962807996,3.7663933666241824
4711,24.639622249701855,96.39477242000902,3.831005792240779
4712,23.752283739747426,96.50807507638586,3.9600061548093826
4713,22.792544867898776,96.62019433882551,3.7182238992690166
4714,21.754008787713285,96.73069064160197,3.812658455234248
4715,20.628590778831356,96.83919399446859,3.926715670348497
4716,19.405791811172783,96.94539900725468,4.015398650976541
4717,18.07147843394122,97.04905938767982,4.103050051999704
4718,16.60566096531479,97.14998218738867,4.176590266859024
4719,14.977963226826684,97.47162022703819,4.1861608049572485
4720,13.136652638039287,97.70840252407838,4.1626235314043845
4721,10.972565286233687,97.86790638025008,4.216603202004691
4722,7.971385463025239,97.95728876508821,4.283225461209129
4723,6.208061115907181,98.18862275449102,4.322178664567809
4724,4.189190988298596,98.34926151172893,4.382825087429153
4725,1.7263595531412619,98.43137254901961,4.418892504321436
4726,1.7263595531412619,89.81792717086834,10.956472691227535
4727,1.7263595531412619,93.02521008403362,8.54162483950942
4728,1.7263595531412619,96.28851540616246,5.562322465361393
4729,1.7263595531412619,99.6078431372549,3.5388831961683938
4730,-0.0,99.61432506887053,3.53742083601841
4731,-0.0,99.61432506887053,3.53742083601841
4732,-0.0,99.61432506887053,3.53742083601841
4733,-0.0,99.61432506887053,3.53742083601841
4734,-0.0,99.61432506887053,3.535275534079533
4735,-0.0,99.61432506887053,3.532907454332986
4736,-0.0,99.61432506887053,3.5303255827374436
4737,-0.0,99.61432506887053,3.527544269930041
4738,-0.0,99.61432506887053,3.5245823626971697
4739,-0.0,99.61432506887053,3.521456271414362
4740,-0.0,99.61432506887053,3.5181779656804193
4741,-0.0,99.61432506887053,3.514759153219605
4742,-0.0,99.61432506887053,3.511208677241038
4743,-0.0,99.61432506887053,3.507528957466142
4744,-0.0,99.61432506887053,3.5037200074652053
4745,-0.0,99.61432506887053,3.499792208760998
4746,-0.0,99.61432506887053,3.4957661228893646
4747,-0.0,99.61432506887053,3.4957661228893646
4748,-0.0,99.61432506887053,3.4957661228893646
4749,-0.0,99.61432506887053,3.4957661228893646
4750,-0.0,99.61432506887053,3.4911483601659925
4751,-0.0,99.61432506887053,3.486542623543074
4752,-0.0,99.61432506887053,3.481949023248543
4753,-0.0,99.61432506887053,3.477367511375839
4754,-0.0,99.61432506887053,3.4727980402702125
4755,-0.0,99.61432506887053,3.4682405625270687
4756,-0.0,99.61432506887053,3.46369503099033
4757,-0.0,99.61432506887053,3.4591613987508065
4758,-0.0,99.61432506887053,3.4546396191445883
4759,-0.0,99.61432506887053,3.4491925391754386
4760,-0.0,99.61432506887053,3.439690445375578
4761,-0.0,99.61432506887053,3.4218431726809846
4762,-0.0,99.61432506887053,3.3913415462634298
4763,-0.0,99.61432506887053,3.3524467835949223
4764,-0.0,99.61432506887053,3.3127607992164156
4765,-0.0,99.61432506887053,3.272324102233163
4766,-0.0,99.61432506887053,3.2310898921150377
4767,-0.0,99.61432506887053,3.18893526518085
4768,-0.0,99.61432506887053,3.14580606870529
4769,-0.0,99.61432506887053,3.101802198778615
4770,-0.0,99.61432506887053,3.0570872717162567
4771,-0.0,99.61432506887053,3.0117483329841552
4772,-0.0,99.61432506887053,2.9657866784918365
4773,-0.0,99.61432506887053,2.919208616265069
4774,-0.0,99.61432506887053,2.872099715843094
4775,-0.0,99.61432506887053,2.8246545626215758
4776,-0.0,99.61432506887053,2.7771635034703532
4777,-0.0,99.61432506887053,2.7299853289020954
4778,-0.0,99.61432506887053,2.6835157997375623
4779,3.4502350984670764,99.6011964107677,2.642721913410352
4780,5.908035540662012,99.54337899543378,2.633687394405352
4781,7.921788301071481,99.42117288651941,2.5973919961939984
4782,9.679905889030268,99.22822491730982,2.66139944880274
4783,11.254744944707303,99.08809640123758,2.746970716904037
4784,12.685250517465018,99.05739774448746,2.723772853385649
4785,13.995819799477069,99.02591755087842,2.706036786337588
4786,15.20316392999076,98.99371069182389,2.699207281137906
4787,16.31942750187989,98.96084616812024,2.7042436097103906
4788,17.353815949765814,98.92740854242483,2.67892309543307
4789,18.313529017353435,98.89349930843707,2.6562716435949887
4790,19.204334923298195,98.85923813403951,2.6506686164543374
4791,20.03094301124334,98.82476390346275,2.6720529306860086
4792,20.797256140240776,98.7902354720242,2.687022484370254
4793,21.506547643273755,98.75583203732504,2.671506720012186
4794,22.161588994261034,98.72175302442365,2.6605818180965386
4795,22.764744138958182,98.6882173811197,2.6571070450131633
4796,23.318040608563525,98.65546218487395,2.656078880213593
4797,23.823224045487606,98.62374047677562,2.668864075468196
4798,24.281800607632984,98.59331826174328,2.6769625107102493
4799,24.695070333655657,98.56447064855165,2.685220375384182
4800,25.06415364143147,98.53747714808044,2.701285765889901
4801,25.39001251822304,98.51261620185923,2.7210865867829477
4802,25.673467537837958,98.49015907252628,2.752826003689035
4803,25.915211542096756,98.47036328871893,2.779069261269037
4804,26.115820609914465,98.45346589339961,2.8081713618049573
4805,26.27576278051769,98.43967679019225,2.8359509417859954
4806,26.395404880066142,98.42917251051894,2.854540531983019
4807,26.475017711227466,98.42209072978304,2.87586837341488
4808,26.51477979473993,98.41852584015815,2.8967526786712368
4809,26.51477979473993,98.41852584015815,2.910917106845365
4810,26.475017711227466,98.42209072978304,2.912837555948755
4811,26.395404880066142,98.42917251051894,2.8977251425845827
4812,26.27576278051769,98.43967679019225,2.873794665048532
4813,26.115820609914465,98.45346589339961,2.8393390624594947
4814,25.915211542096756,98.47036328871893,2.80197861616256
4815,25.673467537837958,98.49015907252628,2.776321021304318
4816,25.39001251822304,98.51261620185923,2.759590990400034
4817,25.064153641431474,98.53747714808044,2.7622256471796978
4818,24.695070333655657,98.56447064855165,2.7680871486025
4819,24.281800607632988,98.59331826174328,2.774090772755369
4820,23.82322404548761,98.62374047677562,2.7617691447488264
4821,23.31804060856353,98.65546218487395,2.7211095643688528
4822,22.764744138958186,98.6882173811197,2.6768780037375395
4823,22.161588994261034,98.72175302442365,2.5292614588150255
4824,21.506547643273755,98.75583203732504,2.423789361899844
4825,20.797256140240776,98.7902354720242,2.680427322081914
4826,20.03094301124334,98.82476390346275,3.444037119831847
4827,19.204334923298195,98.85923813403951,3.4128108318451473
4828,19.979797749706936,98.87165021156558,3.4061221931044425
4829,21.379210068046266,98.80251674446924,3.6019929406507885
4830,22.281896324636975,98.65278628291487,3.992256793843722
4831,22.869017272397627,98.42180774748924,4.361896948022872
4832,23.20368711531416,98.27409081569755,4.771846783054669
4833,23.312684168784088,98.27267119062307,5.225327277645628
4834,23.203687115314157,98.27409081569755,5.71584203305206
4835,22.869017272397627,98.42180774748924,6.2909842904669455
4836,22.281896324636975,98.65278628291487,6.919962236340806
4837,21.379210068046266,98.80251674446924,7.479611122666327
4838,20.76494320024551,98.84708737864078,8.085490977187265
4839,20.19575156756711,98.8071168621108,8.628175669039635
4840,22.102861419175802,98.61344537815125,9.19017430648332
4841,23.752283739747426,98.31951113051069,9.661258992321924
4842,25.216294388895182,98.09610154125113,10.248593954593165
4843,26.860589368061262,95.97315436241611,9.200907290713797
4844,26.860589368061262,91.87688035177042,6.200963327596436
4845,26.860589368061262,87.87317750520712,4.778387941326368
4846,26.860589368061262,83.96204582272622,4.643852392360215
4847,27.303240113475297,95.60103505057633,11.763139248250983
4848,27.728379283308925,92.94764523069567,9.595087374146065
4849,27.728379283308925,88.81185751852738,6.8405463734779355
4850,29.362737323789755,86.5934065934066,6.0596564855814155
4851,31.638837743942293,86.14012738853503,6.10723777178508
4852,34.47026447761266,85.7066808623902,6.230368138412095
4853,36.461049422805424,85.15429524603836,6.061658859407731
4854,38.12535557639363,84.47024673439768,5.896374838582045
4855,39.572183990455734,83.64132081187519,5.828180927471524
4856,40.853093308775826,83.1911532385466,5.644716219051116
4857,41.998273661129126,82.74613105037866,5.3564697503368635
4858,43.02751540752235,82.31059307507714,5.253314529213628
4859,43.954738098949065,81.88948306595366,4.90099649961095
4860,44.79021081695794,81.48833765272121,4.720624374035346
4861,45.54177062182974,81.11324376199616,4.57176227110825
4862,46.7576374398493,80.51220488195278,4.143846283805572
4863,47.38502786238161,78.40297889946214,3.1499625289572637
4864,47.9412790508978,76.05633802816901,2.988905588534421
4865,48.42991132467185,73.47386912604304,3.7444361353224735
4866,48.85378235398743,75.75484452456061,3.5655879131859005
4867,49.21521081578598,75.56477639465191,3.947364346527863
4868,49.51606607542537,75.45839210155148,4.3995064322049044
4869,49.757833885416225,75.44194935499283,4.721410176656616
4870,49.9416645711442,75.52007740686986,5.000308103408623
4871,50.06840796962278,75.69546120058565,5.072080060554747
4872,50.13863794996737,75.96861206473761,5.152710433170987
4873,50.15266836329059,76.33775159548355,5.160162128647788
4874,50.11056156134188,76.79882525697504,4.32924036566185
4875,50.01213007180152,77.34564900340301,4.4319714734209965
4876,49.856931544143826,77.97017797017797,3.6750411018130684
4877,49.64425662069561,78.66287339971551,3.0295489486251417
4878,49.37310888334194,79.41313460642758,2.9480542406210226
4879,49.04217540808114,80.20975832193342,2.326000085510474
4880,48.64978563269037,81.04138851802404,1.7368281443164677
4881,48.193855062646186,81.89692507579039,1.5846192543046216
4882,47.671808569954706,82.76586801176965,1.6615248177509618
4883,47.86535614850846,83.11796581909128,1.8650486744141261
4884,48.61475485353054,82.77754326720135,1.8600286181967094
4885,49.13171173642476,83.46825734980827,2.3782691135903837
4886,49.44870083434464,83.6262323189027,2.569171099126481
4887,49.58197822285075,84.18564675547915,2.921241351409175
4888,49.53771712819352,84.92915414340919,3.505257538951489
4889,50.484569893708596,84.35462842242504,3.276952316339415
4890,51.59612193333374,84.08990744821507,3.366045743334921
4891,52.32936057416735,83.69710467706014,3.2338108808153914
4892,52.714766711610416,83.10174809502465,2.8673454705869394
4893,52.81459105879477,82.30803771890436,2.4617598062069175
4894,52.89012560156403,81.61797752808988,2.049146643496465
4895,52.89012560156403,81.61797752808988,2.241864145534827
4896,52.571635016143404,81.25279642058166,2.2314045767756046
4897,52.04638841975972,80.74699866607381,2.2450066162568794
4898,51.117123420112286,79.96477322765301,1.9115062551829924
4899,50.945317462198226,79.33304080737166,2.986756693085272
4900,50.59421587911085,78.77995642701525,3.6122086429810567
4901,50.04665336581575,78.69771453212591,3.8587883240809036
4902,49.26950147924738,78.51977881752445,3.7832857139413285
4903,48.77620921611523,78.94514767932489,4.133120094546564
4904,48.385937779295375,79.36507936507937,4.140779812158014
4905,47.849938587939114,79.67848309975268,4.276026111925427
4906,47.15128174873065,79.88645579886456,4.710701788000576
4907,46.26222035698036,79.99204455051711,4.894079993705611
4908,43.994919406048226,79.75174553917766,4.761867776962455
4909,42.830913528964594,79.79529946929492,4.9236653328115105
4910,41.32183388868918,79.74870657797487,4.893612954444142
4911,40.710628168370036,80.37010159651669,5.431607995535227
4912,40.477395114365294,80.1013024602026,5.3782481673339655
4913,40.67602697710379,79.12087912087912,5.10881927937978
4914,40.82733903214032,78.18047337278107,4.44989577914689
4915,40.93180112047526,77.28965003723007,3.7219708333185113
4916,40.9897330828484,76.45739910313901,3.1483175702938055
4917,41.00131072679524,75.69184741959612,2.8953249405320625
4918,40.96656905435941,75.0,2.647425927195891
4919,40.88540290030935,67.78025241276912,4.995048063760769
4920,40.757565010193694,70.65537555228276,3.1103861883979933
4921,40.58266146960139,73.41587764020393,2.428295176448894
4922,40.36014427029842,76.04166666666667,3.0334197984359057
4923,39.72140084911594,76.34709587123862,3.2607398235033727
4924,39.41682779270692,76.08247422680412,3.39344304562825
4925,39.0627955884854,75.89225589225589,3.465797877874143
4926,38.65809010672654,75.77353522053983,3.518320550104713
4927,38.20126111598536,75.72254335260115,3.567161959513936
4928,37.69058615297889,75.73483427141964,3.6533245427950054
4929,37.12402377394427,75.80547112462006,3.736241105877972
4930,36.499152512870225,75.929203539823,3.8252662620310747
4931,36.84628869416391,75.79655071616486,3.798645783028219
4932,37.895224941067596,75.3177652970736,3.5633944350830764
4933,38.644623646089684,74.76886370414555,3.48805841106247
4934,39.161580528983905,74.1519063344341,3.1256165546281003
4935,39.478569626903784,73.71118480554718,2.852722496796672
4936,40.66270782681079,73.5071233707184,4.75515199429629
4937,41.23577474743592,73.10386841303685,6.277991016290321
4938,41.50644500861509,72.6412213740458,7.420987366662086
4939,41.50644500861509,72.12213740458016,8.25982687014994
4940,41.23577474743592,71.9463904964971,8.940431120326304
4941,40.66270782681079,72.11276144286147,9.75608012816796
4942,39.69224685755592,72.22389407162203,10.307375496447053
4943,37.8206249513655,72.28017883755588,11.020117194687453
4944,37.437259439019186,72.19092795730803,11.602066342422354
4945,36.86058729982586,72.37422771403354,12.269957617141097
4946,36.05691779004883,72.73521701136032,12.663375295447263
4947,34.95824430201427,73.03597122302158,12.883508022800065
4948,33.37981090453885,73.27659574468085,13.30948569120718
4949,31.802336142762183,73.70484458134976,13.062421843274082
4950,32.35250832060088,77.22174288179465,11.537481969909416
4951,32.8499102304779,80.86110291949278,9.075074046838091
4952,33.07939034206602,82.72157564905999,8.151948277548625
4953,32.60768738526327,80.74570346635596,9.48113346910032
4954,32.08414157272049,78.6829406755606,10.99851424733858
4955,32.08414157272049,78.6829406755606,11.255195629604746
4956,32.65294472026271,94.56175875036159,1.4267327010391158
4957,33.193008002207876,94.16445623342175,1.4541371023402072
4958,34.19410291271958,93.18251299296851,0.8419094202767934
4959,35.099359025440194,92.01773835920177,0.803538121721587
4960,35.91775457575559,91.74041297935104,1.0166725517638517
4961,36.65624524893714,91.46630545208262,1.1797623055082243
4962,37.32033661596355,91.19804400977995,1.3821669047989544
4963,37.91445482311254,90.93851132686085,1.6086387564864475
4964,38.442196753271254,90.69080162541559,1.7658720575308262
4965,38.906504440707046,90.4581597879591,2.0180777131258596
4966,39.3097898241406,90.2439024390244,2.2035545666634175
4967,39.65402572606984,90.05132254243979,2.370043456930882
4968,39.94081309469663,89.88358089120835,2.6964235130838605
4969,40.17143103649274,89.74358974358974,2.9611270643472305
4970,40.346873980138206,89.63389551624846,2.955226864767841
4971,40.46787889757766,89.55656858682138,2.976112894418618
4972,40.534944557318184,89.51310861423221,2.9700429876754795
4973,40.54834411846206,89.50437317784257,3.4603885866917423
4974,40.50813188071817,89.53053593685085,3.5806198848361643
4975,40.41414461386222,89.59107806691449,3.5752439659211475
4976,40.26599754893188,89.68481375358166,3.4977746979320883
4977,40.06307478191323,89.8099474322685,3.5678571277766613
4978,39.80451347972417,89.96415770609319,3.7642983846999507
4979,39.48918084314929,90.14470082127494,4.050221909511134
4980,39.11564221231996,90.3485254691689,4.497157245172911
4981,38.68211790894294,90.57239057239057,5.018120316110675
4982,38.1864252553863,90.81297849070361,5.735226069927076
4983,37.625900459519734,91.06699751861042,6.590889250759508
4984,36.99729229701271,91.3312693498452,7.292828842214073
4985,36.29661501503965,91.60279906697767,7.9667738058050075
4986,36.67229439589329,91.6941331575478,8.538756897368124
4987,37.71747002109198,91.45043246839654,8.951793770878014
4988,38.37599400598177,91.9959812458138,9.803629778153514
4989,38.74648861434531,92.29993275050437,10.69951723209777
4990,37.63398451146956,88.65546218487395,8.258511916463846
4991,38.602983671778,88.84927066450567,8.744938199401174
4992,40.757921980772906,88.36104513064133,8.728299501864774
4993,42.46196847020498,77.35179268725595,3.1414662403990987
4994,44.75893681679073,81.03384157679434,4.113635452877344
4995,45.89036326943708,83.00952380952381,5.225047255715531
4996,46.49461592106286,84.81899571817829,6.37358764352164
4997,46.238175628495924,82.52688172043011,5.0352965116625334
4998,46.8167936018146,81.46417445482867,4.475645146859349
4999,47.25296844598649,80.2755905511811,4.028140502175444
5000,47.73698035013081,79.18822124950259,3.65678069683601
5001,47.73698035013081,77.3975328292877,3.7853078372069024
5002,47.73698035013081,75.76601671309193,4.231483598756124
5003,47.73698035013081,74.29367290091524,4.5548745361462535
5004,47.73698035013081,75.84560286510147,4.8566495834041605
5005,47.73698035013081,75.84560286510147,5.1835762979531195
5006,47.73698035013081,75.84560286510147,5.533735753930313
5007,47.73698035013081,75.84560286510147,5.906977020053127
5008,47.73698035013081,75.84560286510147,6.302216437962009
5009,47.73698035013081,74.29367290091524,7.039625334153556
5010,47.73698035013081,75.76601671309193,7.150385248498345
5011,47.73698035013081,77.3975328292877,6.593697662376035
5012,47.73698035013081,79.18822124950259,5.4177042409776845
5013,47.39097000796819,80.43392504930966,5.266026595541575
5014,46.90697483955485,81.55945419103314,4.942443273470051
5015,46.271363835709145,82.5585862466385,4.833363180702123
5016,45.4623883040631,83.42770856927142,4.701290088598412
5017,45.85733377179931,83.41708542713567,5.132107517664704
5018,46.19826231306934,83.45834978286616,5.5660000282064415
5019,46.486504507295464,83.55448331322879,5.979721653249173
5020,46.72314310653516,83.70763576970192,6.399722652009013
5021,46.90903951197329,83.91897478296816,6.7891289877747685
5022,47.044853703848,84.18856904463914,7.13609232847947
5023,47.13105884697233,84.51531682752832,7.538647630841381
5024,47.1679514136889,84.89692890197728,7.796231600322711
5025,47.15565738035739,85.32997057587221,8.066439420686418
5026,47.094134826517106,85.80996232733361,8.225369039015385
5027,46.983173072210214,86.33153302866639,8.405626177162993
5028,46.82238830866688,86.88861487875052,8.437147527926196
5029,46.611215492869434,87.47466558573166,8.481814766424264
5030,46.34889606895303,88.08290155440415,8.618675330662294
5031,46.03446082674687,88.70652598671356,8.568249449748246
5032,45.66670688010041,89.33893771494077,8.432759169463878
5033,45.244167301418166,89.97390980245993,7.742959767057787
5034,44.76507131710584,90.6057308668843,7.328891080503659
5035,44.2272920442053,91.22930609369496,6.8266557839619635
5036,43.62827735336784,91.84021850460908,6.644378683770614
5037,42.96495727121103,92.43475388173108,6.3690046957252715
5038,42.23361783852241,93.0098946696457,6.046390995480534
5039,41.42972549831229,93.56328919002156,5.747419448082116
5040,40.54767589798971,94.09320273078065,5.583788747201378
5041,39.58042229869923,94.59845670191483,5.39594352161385
5042,38.5189023531539,95.07836128677481,4.607449269507172
5043,37.35110548122402,95.87628865979381,3.627099746609618
5044,36.06044623666363,96.52019304038608,3.4233033001132456
5045,34.622645478190286,97.0236643083679,3.2952580851206563
5046,32.99886917496549,97.39985945186227,3.320367575216583
5047,31.53485852581773,97.83735075467447,3.358480101706094
5048,29.8854362052461,98.15897769114143,3.3926718856508984
5049,27.978326353637417,98.37601499063085,3.425513676773593
5050,25.95776307314531,98.5582699239087,3.472011381251943
5051,25.242513830436746,98.72223314330647,3.6661580950753514
5052,25.377848961026334,98.76106194690266,4.139310111958572
5053,23.26417240277422,95.05962521294718,4.03128299078273
5054,20.312473011230548,91.49207505920933,5.575117550888357
5055,17.349417600077686,88.12072293384804,7.5627318685047715
5056,14.944410089003558,97.69920487227203,5.818909061447436
5057,12.291842053933312,97.84524975514202,6.761827393888831
5058,10.434344825890438,98.05993690851734,8.028896059744016
5059,8.2543586470295,98.20176775373362,9.479583223215885
5060,6.9538546023610674,98.24745356500898,10.172360808474401
5061,7.6243323911702685,96.55327438933014,9.736928631198579
5062,7.6243323911702685,93.15150606923423,7.786885299589522
5063,7.6243323911702685,89.80968080323693,7.049403938634112
5064,7.6243323911702685,86.52779859133823,6.709806415692111
5065,7.6243323911702685,96.17863030121384,11.350448251845979
5066,9.338059576334567,96.11161939615737,11.879274345098707
5067,11.775300403508842,95.92674455320493,12.254693465697535
5068,13.768132762141299,95.6685191238967,12.83280775637231
5069,16.360681364266643,95.42682926829268,13.543166678647946
5070,17.20004742148856,93.39882799034815,12.367611697727904
5071,17.20004742148856,89.76215098241985,10.307086235412122
5072,17.20004742148856,86.19441571871768,8.161859595338212
5073,18.479155415028206,84.23455056179775,7.387541211536315
5074,21.286242333998533,83.81629305631493,7.516095454594889
5075,23.668750092863807,83.36172629187962,7.70884570643863
5076,25.681140494985115,82.83523397561935,7.4034406133995825
5077,25.681140494985115,79.15847424302005,5.417688619229852
5078,25.681140494985115,75.56036177742824,3.7759639802063205
5079,25.681140494985115,72.04089657884388,4.151237244719781
5080,25.681140494985115,78.98151789225325,5.562037694654635
5081,25.681140494985115,78.98151789225325,5.726330260318457
5082,25.681140494985115,78.98151789225325,5.870046092452564
5083,25.681140494985115,78.98151789225325,6.003397502663898
5084,25.681140494985115,78.98151789225325,6.13820315002271
5085,25.681140494985115,78.98151789225325,6.274038362980067
5086,25.681140494985115,78.98151789225325,6.406207635261939
5087,26.45494736169215,78.59002603645104,6.182441236020156
5088,26.45494736169215,74.88483877428399,3.8637878214522337
5089,26.45494736169215,71.25976366913679,2.7999541494824896
5090,26.45494736169215,67.71480072100941,3.7883459644442303
5091,26.45494736169215,73.54296014420188,3.0823027795668443
5092,26.45494736169215,73.54296014420188,2.97967896007786
5093,26.45494736169215,73.54296014420188,2.8902569581736848
5094,26.45494736169215,73.54296014420188,2.8081847418396384
5095,26.45494736169215,73.54296014420188,2.7205654298762085
5096,26.45494736169215,73.54296014420188,2.625869617302171
5097,26.45494736169215,73.54296014420188,2.932873857147621
5098,26.45494736169215,73.54296014420188,3.001504087469981
5099,26.45494736169215,73.54296014420188,2.9868841623989857
5100,26.45494736169215,73.54296014420188,3.0150603337280355
5101,26.45494736169215,73.54296014420188,3.055648911670425
5102,26.45494736169215,73.54296014420188,3.0706988668933834
5103,26.45494736169215,73.54296014420188,3.522601803006206
5104,26.45494736169215,73.54296014420188,3.6895399728859726
5105,26.45494736169215,73.54296014420188,3.7089405687264003
5106,26.45494736169215,73.54296014420188,3.6854934750071626
5107,26.45494736169215,73.54296014420188,3.6793016925693327
5108,26.45494736169215,67.71480072100941,7.1313492234679545
5109,26.45494736169215,71.25976366913679,4.40231034154198
5110,26.45494736169215,74.88483877428399,3.273927940017537
5111,26.45494736169215,78.59002603645104,4.005755099183073
5112,24.08988984073004,79.23328838374108,4.287983646909496
5113,22.411755663296372,79.52012091441526,4.2130909760983055
5114,22.411755663296372,79.52012091441526,4.295555599589078
5115,23.344096354276157,79.19153031761309,4.428519088306912
5116,25.030030636022776,78.58141858141857,4.070285020872923
5117,26.53131445742866,70.74434998963301,4.239782314945672
5118,28.139902937538125,73.48696963170364,3.2042228011452876
5119,29.78932525810975,76.41657334826428,3.8212813607998615
5120,31.253335907257508,79.44121071012806,6.449592875230694
5121,31.2533359072575,79.44121071012806,6.670263332086115
5122,32.51380124357863,78.62152357920193,6.648741440578879
5123,33.76600660856114,69.4395576778085,5.555965050257538
5124,34.85558738075292,72.08452908948604,5.673272171210631
5125,35.851578294768736,74.7767253044655,6.12306154200784
5126,36.931981301770904,77.67781838628058,7.049916307021576
5127,36.60930701764883,77.46005046257359,6.857302425685047
5128,35.99197900236646,77.07112970711297,6.6996030132088515
5129,34.413797831025256,76.47384445059507,6.272116685275066
5130,33.07725507234573,76.02194787379973,6.197041189713924
5131,33.91134054027301,78.96678966789668,8.08383074164803
5132,33.91134054027301,78.96678966789668,8.131934049996273
5133,33.91134054027301,78.96678966789668,8.205620258854696
5134,33.07725507234573,76.32373113854595,6.208904019575006
5135,32.20179501069158,75.39746699002964,5.876750198894387
5136,33.21078454935439,75.92944369063773,6.4826202090121745
5137,33.632754023534076,73.95804957777172,5.9946506753613855
5138,33.632754023534076,69.95369109234541,4.732013456114401
5139,33.632754023534076,66.05829474257695,5.532049857373525
5140,33.632754023534076,62.48978479978208,7.761067217292577
5141,33.632754023534076,72.21465540724598,7.6796323442273335
5142,33.632754023534076,72.21465540724598,8.629203904575023
5143,33.632754023534076,72.21465540724598,9.787134315201024
5144,33.632754023534076,63.96077363116317,9.85345500923993
5145,33.632754023534076,67.8016889131027,10.722577779506679
5146,33.632754023534076,71.75156633070009,14.468887696455347
5147,33.632754023534076,75.81040588395533,16.589410289375035
5148,32.76152463568609,76.21333333333334,17.62255795184339
5149,32.76152463568609,76.21333333333334,18.543194506924102
5150,32.76152463568609,76.21333333333334,19.413933078033917
5151,35.991979002366456,75.50906555090656,19.932642785891563
5152,38.225476788633074,74.70090458126641,21.148182597570045
5153,39.17782496065903,73.22023629203272,20.88397845171505
5154,40.044586860528966,71.56770342444236,20.829233554855705
5155,41.61793455120068,70.17026850032744,19.883486118599684
5156,43.00428940035887,68.64551347662913,18.768359615324243
5157,43.70295258356992,66.53723967525592,17.55219090465199
5158,44.33267535755086,64.23623769595333,16.93864039953081
5159,44.897118232203674,61.74370537391958,15.915564102874402
5160,45.39929293827227,60.68805566293003,15.662556461048961
5161,46.48802170864856,59.26222935044106,15.301839846890102
5162,47.983261482026286,57.55667506297229,14.596823965791476
5163,48.64354792295318,54.44396736796909,12.611953505711295
5164,48.64354792295318,50.19321597252039,9.183250910656824
5165,48.64354792295318,46.114212108200945,6.960558878896783
5166,48.64354792295318,42.206955775010734,5.368812504764408
5167,48.64354792295318,50.622584800343496,7.102476209720705
5168,48.64354792295318,50.622584800343496,6.447677854229221
5169,48.64354792295318,50.622584800343496,5.787918752121096
5170,48.64354792295318,50.622584800343496,5.131165787401412
5171,48.64354792295318,50.622584800343496,4.528140244766249
5172,48.64354792295318,44.139115500214686,2.3404218185947676
5173,48.64354792295318,48.13224559896951,2.449657881564624
5174,49.82606208542855,50.33647375504711,4.029969719739404
5175,50.53610813375574,52.01668984700974,4.8942111688015935
5176,50.15877956126107,51.30315500685871,5.689975878093569
5177,49.67058357715956,50.42696629213483,7.33940750394231
5178,49.062845966613125,49.80184940554822,8.24089699365287
5179,49.062845966613125,50.41831792162043,9.359348018940036
5180,49.062845966613125,50.3742844561867,10.17710693542631
5181,49.062845966613125,52.26772346983708,8.742793644564925
5182,49.062845966613125,54.33729634522237,9.180999062750585
5183,49.062845966613125,56.58300308234258,8.302783751236802
5184,48.71043506187315,58.336961253809314,8.690115302772467
5185,48.71043506187315,60.9055289508054,8.519358390505365
5186,48.71043506187315,63.64823683064867,7.80864800014817
5187,47.898150869185386,64.11889596602973,7.733238612588576
5188,46.92245512483913,64.97315159025196,7.259200575146629
5189,45.74563374397824,66.05210420841684,7.228943355400443
5190,44.296438333583986,67.01590997283664,6.8931017316411705
5191,42.387458467090305,67.86651668541433,6.467676018103285
5192,40.96106377141019,70.0,5.729077072865097
5193,40.98399846539571,73.46637102734664,5.2199121169786915
5194,40.96106377141019,76.86346863468634,5.739180850617168
5195,40.892191650691636,80.1616458486407,7.375831815387068
5196,39.12545155106904,80.74204946996467,7.872265448748498
5197,38.02771556037701,80.98372012469692,8.049945215523358
5198,39.93669542687069,80.26456918126564,7.678056542987906
5199,41.38589083726494,79.41068139963167,7.201037603869741
5200,41.902425777198935,76.87453600593912,5.989323174118668
5201,41.6655399205333,72.78712509144111,4.989276399712967
5202,41.379599740497035,68.76347951114306,7.048416733756408
5203,41.04363560439685,64.83439041578576,9.582184297724101
5204,40.65646662134861,74.19021364576155,5.451694490535536
5205,40.21667294808146,74.47881640887694,5.743943963440022
5206,39.72255997577683,74.81990831696136,5.987518799959623
5207,39.17211185551792,72.75620623806493,6.8753844086739
5208,39.29420750948888,74.09277374566109,6.376897945828135
5209,39.32369673970426,73.36039975015615,7.043061500913475
5210,38.6031848301473,70.96676737160121,8.654665195759824
5211,37.58374498465676,68.34448647075938,11.736395643864473
5212,35.35024719839014,65.59109874826147,13.84171461352655
5213,33.736815706011654,76.72015229806908,6.174684672230448
5214,34.41443624529494,80.54399111851235,3.995051531272655
5215,35.191658905777686,83.27116212338593,3.2264327330475036
5216,35.191658905777686,83.21377331420373,3.3220356403559204
5217,36.424810089187645,81.95398864654915,3.725486470214344
5218,38.584537330075925,73.35413416536662,8.98510050039216
5219,41.34134352122679,76.90546287209683,6.865618448815804
5220,43.51284382092355,80.65180102915951,4.159757361241009
5221,45.23392562782965,84.53793599424668,1.3292254229791294
5222,45.59723659473333,84.84301696138579,1.1397960250335946
5223,46.26237728664937,85.21203334541501,1.082174634845923
5224,47.149460779754826,84.8440366972477,1.060823519195418
5225,47.77710915315416,84.36457947387922,1.1373150785704786
5226,48.191256571604306,83.77471092875793,1.1899634093882867
5227,48.415066552461276,83.71396480718832,1.1779975125492144
5228,48.45932764711851,83.70176095916074,1.1480691071693185
5229,48.3260502586124,83.73831775700934,1.066570667626561
5230,48.009061160692525,84.0833023428784,1.0022234895746642
5231,47.4921042777983,84.61822205828108,0.9346673462452114
5232,46.74270557277622,85.04195549069682,1.2481663324639583
5233,45.69376932587253,85.35444404462037,1.4809621419321097
5234,44.64646982037658,85.7396239801348,1.9438133138186895
5235,43.74715966211664,86.19363858790632,2.3661804108352382
5236,44.26401047419969,85.65264293419634,2.1738275530067517
5237,44.72355163031966,85.12366186784791,1.8629378517588027
5238,45.127740736754866,84.6124763705104,1.6811922052012727
5239,45.478208775309,84.12514484356895,1.7424066870838748
5240,45.776305892776385,83.66784730421094,1.8816449559125938
5241,46.02313641642798,83.24670131947221,2.0848429346878783
5242,46.21958561497341,82.86755771567437,2.2009892978884436
5243,46.36633996519354,82.5357873210634,2.6373534909931093
5244,46.46390215835655,82.25607245780157,3.553154750860926
5245,46.51260170352342,82.03221809169764,4.439365124020995
5246,46.51260170352342,81.8669971086328,5.1100777146029275
5247,46.46390215835655,81.76204199258954,5.637500405922468
5248,46.36633996519354,81.71779141104294,6.187661430167308
5249,46.21958561497342,81.73349534224383,6.685861178486108
5250,46.02313641642798,81.80727708916433,7.134355595936829
5251,45.776305892776385,81.93624557260921,7.6450679826462835
5252,45.47820877530901,82.1166473541908,8.188026568399836
5253,45.12774073675486,82.34404536862004,8.751745269687946
5254,46.268201223461894,81.27836611195158,8.322030057365726
5255,47.929026560152174,82.79195668986853,9.508461932130418
5256,49.1162222375012,84.42429022082018,10.813106600184417
5257,50.01553239576114,85.84603047313553,12.155983880189035
5258,49.40669375571412,83.92787142297138,11.334032803453834
5259,47.96545050211934,80.09726898615787,8.411606958302691
5260,46.92526932732719,78.03721269609632,7.215260319503937
5261,48.504403137529636,77.4074074074074,6.523792633497917
5262,49.98719588652214,76.93754702784048,6.367699992819966
5263,49.90000271107555,74.38752783964365,4.706203846125904
5264,49.1138710900191,70.30021443888492,1.386729333145133
5265,49.823800290756054,68.45259076489249,1.692533957310656
5266,51.051515908324255,69.08573461401636,1.3555700143628522
5267,51.75991795953897,69.53097028284998,1.3151231968900121
5268,52.12322892644266,69.78081207330219,1.2721450400445335
5269,51.27137912139842,69.76744186046511,1.4979296358496585
5270,51.208333286035646,69.78905970682875,1.7574735277686597
5271,50.88565900191357,70.35981474884218,1.6187092015081515
5272,50.26833098663119,70.86725663716814,1.648315637294498
5273,49.25934144796839,71.30831287267625,1.2439635456625115
5274,47.353607056610464,71.68110918544194,1.5745197718018378
5275,45.38500310559273,72.08347588094423,1.7146004111468518
5276,43.949229305360795,72.1600542556799,2.0278248712700746
5277,43.164049747554955,71.77065767284992,2.633538316049298
5278,41.45259956157302,71.1943793911007,3.1673773365967755
5279,42.13308363308575,73.60774818401937,2.697812377879637
5280,41.7428121962659,73.00171526586621,3.6441759098379842
5281,41.20681300490965,72.20902612826603,4.415415509655836
5282,40.50815616570117,75.25945764981587,4.115068657273373
5283,40.32994701539892,75.63110063951531,4.567769966040918
5284,40.769740688666076,75.57778544325629,5.14458101247959
5285,41.15690967171431,75.59082892416225,5.766045306731701
5286,41.492873807814505,75.67470313062253,6.341008020485066
5287,41.77881398785076,75.83302819480043,6.9836697195655235
5288,42.015699844516405,76.06837606837607,7.608480076450731
5289,42.20431111637152,76.38209853328318,8.16547560496431
5290,42.34525395182438,76.7741935483871,8.207557249651597
5291,42.4389730556272,77.24322260404735,9.124715297524881
5292,42.48576031169533,77.78628877824589,9.09848488577527
5293,42.48576031169533,78.39908081194945,9.419008643817243
5294,42.4389730556272,79.07598319969453,9.57732649870785
5295,42.34525395182438,79.81024667931689,9.95114615572994
5296,42.20431111637152,80.59420834900338,10.119564004403083
5297,42.015699844516405,81.41954663693794,10.016600689539255
5298,41.77881398785076,82.27755400952032,9.9573746827168
5299,41.492873807814505,83.15940985966175,9.869608688314957
5300,41.15690967171431,84.05643738977072,9.79993004426279
5301,40.769740688666076,84.96033114867195,9.776628115808004
5302,40.32994701539892,85.86334567485694,9.589365296254307
5303,39.835834043094295,86.75843985578499,9.358954710727286
5304,39.28538592283538,87.63937559732399,9.055016901785695
5305,38.676204761838335,88.50077279752705,8.892950278506953
5306,38.00543009341225,89.33812518718179,8.57661004554771
5307,37.269630483402665,90.14778325123153,7.939943496348269
5308,36.46465464137362,90.92691122934752,7.725415442124524
5309,35.58542173580598,91.67342525006758,7.3891463535552875
5310,34.62561690832604,92.38591916558018,6.918357812813763
5311,33.57723210574169,93.39029907011812,6.235868960602384
5312,32.42984009552765,94.23868312757202,5.60927332919535
5313,31.16937475920653,94.94290375203916,4.749786444950268
5314,29.77590964524391,95.51468939224041,3.682336729005999
5315,28.299213890501036,96.00690697172459,3.328644238604291
5316,26.637370776019008,96.38629283489097,3.246567830696067
5317,24.718093651657703,96.66333666333666,2.9384569929495896
5318,22.353036130695596,96.84797232365943,2.986568666893023
5319,20.748052492284856,97.20111214087117,2.9890361982514486
5320,18.929031316107466,97.46201966041109,2.992325695219899
5321,17.208692871894847,97.74021045368293,2.9755940805261005
5322,14.798190650429044,97.87057062052904,3.005648518801264
5323,11.39443387713584,97.94608472400513,3.045043492675091
5324,9.219700334919128,98.09361438313701,3.0607414456921727
5325,7.921788301071481,98.14166031987814,3.099898343635829
5326,10.359029128245753,98.02870209746096,3.153005775774795
5327,12.351861486878214,97.84489795918367,3.197614979536107
5328,14.088684996012587,97.58323474733818,3.251173670185024
5329,15.641842702042478,97.37624628301556,3.302619926478524
5330,17.05026530492479,97.28506787330316,3.3188515163996457
5331,18.33833483472798,97.19153716532485,3.330427816440855
5332,21.278457673971833,97.06168515275345,3.343702522499345
5333,24.05080620039465,87.00930797248078,10.706245046015137
5334,26.397887232123267,90.52631578947368,7.907607317852046
5335,28.298819035519546,94.17433201927288,4.929294574152202
5336,31.190247415352836,98.17351598173516,0.9299454290818667
5337,31.366849269128323,98.21836455002284,0.8003375273388643
5338,30.79765763644992,98.08394160583941,0.8843508539382078
5339,30.691013933997162,97.74680603948897,1.1372426133121678
5340,32.07151813620808,97.6575706351123,1.4485030623110042
5341,33.31873449360649,97.56587202007528,1.8090451498212878
5342,34.45257636045549,97.47198332030231,2.2085730302520044
5343,35.48709584387925,97.37625101433595,2.6542426702589563
5344,36.432705163873344,97.27910238429172,3.1214266084002307
5345,37.29739626220149,97.1810520197617,3.6131469387234647
5346,38.08746667696602,97.0827067669173,4.113849340142106
5347,38.80797858652297,96.98476841778054,4.6475448538290145
5348,39.46306315487206,96.88803336541547,5.13745468656205
5349,42.20375508724723,96.70366633030609,5.609509821755249
5350,44.1014387479288,96.36940430031724,5.430638294837873
5351,45.67015010677129,95.8656330749354,5.563687696889503
5352,47.01875265464156,95.1718810351487,5.233998149770342
5353,48.19865573910113,94.95357287040775,5.446362217946595
5354,49.23988708129813,94.73240623683101,5.608102135665629
5355,50.56539466031843,94.35377150419056,5.570984265029735
5356,52.04075891957153,93.6544696618805,5.573088900496538
5357,53.29298972256746,92.71491015055852,4.943592071266946
5358,54.37329335263459,91.50991357397051,4.3720926242062506
5359,55.311473252161505,90.44078597981944,3.9636308320646623
5360,56.12689411051852,89.70669618151632,3.5991441667606385
5361,56.833005342528274,88.95917193789535,2.8360381508431862
5362,57.43955493550994,88.20726622989875,2.5514396783568487
5363,57.95380016005455,87.46158574062692,2.3363986995511548
5364,58.38122283589337,86.73404927353127,2.128813083486502
5365,58.72597563629134,86.03749191984487,1.9754795517409125
5366,58.99117101444787,85.38512179065174,2.085296363425352
5367,59.1790719055612,84.7898599066044,2.496494439164453
5368,59.29121723588538,84.26361802286483,2.813053559216618
5369,59.328501217448824,83.81658799730276,3.280314238627566
5370,59.29121723588538,83.45662407531944,3.630228695363192
5371,59.1790719055612,83.18879252835224,4.028397638180227
5372,58.99117101444787,83.01514154048716,4.296100294019698
5373,58.72597563629134,82.93471234647706,4.464715877692955
5374,58.38122283589337,82.94377763739735,4.4472205765584105
5375,57.95380016005455,83.03626306084819,4.3638307672269985
5376,57.43955493550994,83.20428826682549,4.856001200815878
5377,56.833005342528274,83.43875790684301,5.226737222623126
5378,56.12689411051852,83.72993912562258,5.6721495484183855
5379,55.311473252161505,84.0679766330324,6.014405041414908
5380,54.37329335263459,84.44331469242502,6.384346559375862
5381,53.29298972256746,84.84701311316172,6.537810395792506
5382,52.04075891957153,85.8730893932376,6.360448362610472
5383,50.56539466031843,86.6784296426996,6.33005651024753
5384,48.75821790257564,87.2849349559379,6.306855049532148
5385,46.105360721581064,87.7143996808935,6.462427071798297
5386,45.0975005259542,87.98316111748947,6.7196495482556164
5387,43.962575208736084,88.26549321598827,6.878643821568868
5388,42.676522022259434,88.8030888030888,6.930387910529567
5389,41.200706952480004,89.45955018462571,6.726779532074728
5390,39.968249866716846,89.43408570493948,7.001666441082558
5391,38.74053424914865,88.67985728186831,7.885278170811817
5392,37.60688377368258,88.22200709906421,8.493748583838428
5393,37.60688377368258,88.22200709906421,8.810188301329852
5394,35.861128398336206,84.68663167644334,11.527794044519123
5395,33.66561717020545,81.04517271922055,14.481085756722013
5396,31.735640404671678,93.68780210406597,5.177581702892127
5397,31.017728964050466,93.88261228988702,5.226747409534105
5398,30.233191059673853,94.07842091224326,5.313161192240914
5399,29.37742377723913,94.2739231364457,5.401169544207363
5400,28.444758464643606,94.46797906802891,5.456432808413716
5401,27.428088660915904,94.65961029588645,5.434524275195816
5402,26.318296449391443,94.84799257368299,5.16865723733009
5403,25.1033194568002,95.03244573730142,5.049364632016031
5404,23.76652388523746,95.21242182445546,4.828692840754268
5405,22.283585384796602,95.53293164346562,4.355858128635609
5406,20.615627592283474,95.9175505303182,4.233893610729444
5407,18.690358708445338,96.20350741954134,4.087747857574066
5408,16.31942750187989,96.40007422527371,3.914770330769861
5409,14.088155445306416,96.59498207885305,3.822139139402162
5410,12.922007284400156,96.84137452273517,3.1773984345775514
5411,11.659258326629562,97.07661290322581,3.113703294841294
5412,10.285745784398873,97.51219512195122,2.762975020266973
5413,8.781452263906967,97.86028949024544,2.507010161226756
5414,7.115975381672694,98.09741248097413,2.6110102405926487
5415,5.237557751852812,98.26266195524146,2.5528943841644494
5416,5.237557751852812,98.26266195524146,2.5084094875012006
5417,5.237557751852812,98.26266195524146,2.464469910222529
5418,5.237557751852812,98.26266195524146,2.421112593992987
5419,5.237557751852812,98.26266195524146,2.384638823680868
5420,5.237557751852812,98.26266195524146,2.3588680948978555
5421,5.237557751852812,98.26266195524146,2.3390386117289492
5422,5.237557751852812,98.26266195524146,2.3294541189955766
5423,5.237557751852812,98.26266195524146,2.334097108286306
5424,5.237557751852812,98.26266195524146,2.3528450277144626
5425,5.237557751852812,98.26266195524146,2.3803928480275034
5426,5.237557751852812,98.26266195524146,2.408573742707776
5427,5.237557751852812,98.26266195524146,2.6970939336905055
5428,5.237557751852812,98.26266195524146,2.7690966162792243
5429,5.237557751852812,98.26266195524146,2.8223313605520097
5430,5.237557751852812,98.26266195524146,3.037867209696429
5431,6.9538546023610674,98.23247453565008,3.2507023890007134
5432,6.9538546023610674,94.80227681246255,4.26011997176759
5433,6.9538546023610674,91.43199520671061,6.753811466173297
5434,6.9538546023610674,88.12162971839425,9.474342154394908
5435,6.9538546023610674,96.13541042540443,3.4787499455645743
5436,6.9538546023610674,96.13541042540443,
5437,6.9538546023610674,96.13541042540443,
5438,6.9538546023610674,96.13541042540443,
5439,6.9538546023610674,96.13541042540443,
5440,6.9538546023610674,96.13541042540443,
5441,6.9538546023610674,96.13541042540443,
5442,6.9538546023610674,96.13541042540443,
5443,6.9538546023610674,96.13541042540443,
5444,6.9538546023610674,96.13541042540443,
5445,6.9538546023610674,96.13541042540443,
5446,6.9538546023610674,96.13541042540443,
5447,6.9538546023610674,88.12162971839425,
5448,6.9538546023610674,91.43199520671061,
5449,6.9538546023610674,94.80227681246255,
5450,6.9538546023610674,98.23247453565008,
5451,4.758382620976999,98.3632676709154,
5452,3.4502350984670764,98.40478564307078,
5453,6.477227173340415,98.33505230587889,
5454,8.9248364358387,98.2314377191645,
5455,11.775300403508842,98.13703820650458,
