second,entropy_g,det_g,rmse_g
30,72.26197408261994,45.956719817767656,
31,71.38789683623607,48.11529933481153,
32,70.76229515300379,50.62466051059207,
33,70.44977710678637,53.50830208891269,
34,71.45591536179116,52.74605764002175,
35,73.16532216123234,51.09612141652614,
36,74.3086607096646,49.22010398613518,
37,74.3924435243613,46.31884057971015,
38,74.21941943723098,43.10344827586207,
39,73.80111445965532,39.695945945945944,
40,73.2838122726149,35.65934065934066,
41,72.66346868533147,34.66880341880342,
42,71.93485519883689,45.445134575569355,
43,71.09123613626639,48.55,
44,70.56905601182542,52.046783625730995,
45,68.64338891562511,54.2711234911792,
46,68.64338891562511,58.77437325905292,
47,68.64338891562511,63.8347260909935,
48,68.33549992850014,68.10068649885584,
49,67.65279872608932,71.23834886817576,
50,66.21414508547066,73.29087048832272,
51,64.57172409444142,75.09127789046653,
52,62.67415718047682,76.65505226480836,
53,61.82405885538648,79.10894795956571,
54,60.87821745900871,81.31550415612577,
55,59.69329196298369,82.23844282238443,
56,58.3799844273357,83.13856427378965,
57,56.922415988121834,84.01153476449856,
58,55.29859801084542,85.25345622119816,
59,53.47627460556827,86.31145128054166,
60,51.403775209500104,87.2004510854243,
61,48.98486442094372,87.93522267206478,
62,46.547026289072875,88.62167054564262,
63,43.51222572886949,89.17513004706466,
64,41.33308167489505,89.4060606060606,
65,41.33308167489505,80.36363636363636,
66,41.33308167489505,84.4121212121212,
67,41.33308167489505,88.55757575757576,
68,41.33308167489505,92.8,
69,40.09640811283269,93.53175533161472,
70,38.75376151531095,94.49852841294997,
71,37.29440000919536,95.3224043715847,
72,35.704360339619946,96.01349926175912,
73,32.574918963981794,96.22947496452463,
74,30.722811013462692,96.29850746268657,
75,31.131234928631567,96.49192744668129,
76,29.113624640741076,93.04247549490678,
77,26.850125515227408,89.69798035945895,
78,24.24431710620477,86.46186819074835,7.0179048776011115
79,21.623510197752385,95.24547803617571,
80,18.409507235797985,95.46436285097192,
81,18.409507235797985,95.46436285097192,
82,18.409507235797985,95.46436285097192,
83,18.409507235797985,95.46436285097192,
84,18.409507235797985,95.46436285097192,
85,18.409507235797985,95.46436285097192,
86,18.409507235797985,95.46436285097192,
87,18.409507235797985,95.46436285097192,
88,18.409507235797985,95.46436285097192,
89,18.409507235797985,95.46436285097192,4.490021363795131
90,18.409507235797985,95.46436285097192,4.283587835778009
91,18.409507235797985,87.27363349393588,5.489135743087303
92,18.409507235797985,90.59644459212494,4.90602848063109
93,18.409507235797985,94.13523841169629,3.941248362290405
94,18.409507235797985,97.74048845323144,4.593224439959047
95,16.08654888792672,97.99325734467811,4.464426717508013
96,13.42237330333842,98.16969132930045,4.352467006614311
97,9.614812334232534,98.26191189691339,4.356767870177506
98,5.585587984398128,98.33478134955112,4.503255362738961
99,5.585587984398128,98.33478134955112,4.503255362738961
100,5.585587984398128,98.33478134955112,4.503255362738961
101,5.585587984398128,98.33478134955112,4.079172292170081
102,5.585587984398128,98.33478134955112,3.819595819097823
103,5.585587984398128,98.33478134955112,3.6276103029913895
104,5.585587984398128,98.33478134955112,3.4654289328636767
105,5.585587984398128,98.33478134955112,3.323237657976002
106,5.585587984398128,98.33478134955112,3.2076517029494407
107,5.585587984398128,98.33478134955112,3.112712867428805
108,5.585587984398128,98.33478134955112,3.029684903966721
109,5.585587984398128,98.33478134955112,2.947265457696568
110,5.585587984398128,98.33478134955112,2.8577352171718564
111,5.585587984398128,98.33478134955112,3.641548498933451
112,5.585587984398128,98.33478134955112,3.864384055490867
113,5.585587984398128,98.33478134955112,3.840022971568871
114,5.585587984398128,98.33478134955112,3.795665890517566
115,5.585587984398128,98.33478134955112,3.7346636832191775
116,5.585587984398128,98.33478134955112,3.72920521860267
117,5.585587984398128,98.33478134955112,3.679890030879357
118,5.585587984398128,98.33478134955112,3.569716273349652
119,5.585587984398128,98.33478134955112,3.4010301486132524
120,5.585587984398128,98.33478134955112,3.1938658742109176
121,7.877380720882684,98.30608337015761,3.040461971627026
122,11.140859737547062,98.2014936747447,2.928285763008653
123,13.812038837661005,98.02870209746096,2.85462717508403
124,16.142126333002057,97.78104095284712,2.737849713919477
125,20.122310841039738,97.68228726103874,2.6219378338164363
126,22.9859813247208,97.50920891071742,2.5418754074026833
127,25.41887751911554,97.2540461902164,2.556122826938675
128,27.566535937682573,96.90857681432611,2.5906300368689057
129,29.49791709279734,96.79624926743504,2.6811573987409676
130,31.25350533254105,96.68083383930379,2.799448528585546
131,32.85993530377449,86.5646614965416,4.669222617413991
132,34.33603222099702,90.23649381644609,3.693745132257555
133,35.695774185854184,94.09652076318743,2.5082024513321164
134,36.949918897474,98.14342074727315,1.0839011911294272
135,35.04522297182391,98.22866344605475,1.0395019153789213
136,33.94630539086618,98.21013482101348,0.9895475245592245
137,34.955799488725106,98.15524676569238,0.9382041448164538
138,35.88602218562793,98.10064134188455,0.8910178062851449
139,36.74093274770007,98.0466768138001,0.85220132136237
140,37.52388509012117,97.99374674309536,0.8254316035980714
141,38.237736380805,97.94227685729557,0.8091473869230659
142,38.884929513125094,97.89272030651341,0.8016420662537845
143,39.467556673072714,97.84555120313374,0.8015200434017664
144,39.987408926662795,97.80125642490006,0.8082534978788882
145,40.44601526040449,97.76032577079698,0.8233818912016485
146,40.84467351229586,97.72324068598462,0.84623610313795
147,41.18447495101295,97.69046190761847,0.8747764638570835
148,41.46632378610173,97.66241651487553,0.9063249461124967
149,41.69095255291638,97.63948497854078,0.9395191815475539
150,41.858934068457195,97.62198888202595,0.9619748875151132
151,41.97069046900394,97.61018001241465,1.0010004363129763
152,42.0264996978506,97.60423148724331,1.5160726936982414
153,42.0264996978506,97.60423148724331,2.4715324171977713
154,41.97069046900394,97.61018001241465,3.651069399676898
155,41.858934068457195,97.62198888202595,3.649464553070219
156,41.69095255291638,97.63948497854078,3.661930224554566
157,41.46632378610173,97.66241651487553,3.6896753602453636
158,41.18447495101295,97.69046190761847,3.714720084499901
159,40.84467351229586,97.72324068598462,3.7175669788299706
160,40.44601526040449,97.76032577079698,3.6816683607465186
161,39.987408926662795,97.80125642490006,3.740688711513903
162,39.467556673072714,97.84555120313374,4.022366010960218
163,38.884929513125094,97.89272030651341,4.592557833519347
164,38.237736380805,97.94227685729557,4.587139718564147
165,37.52388509012117,97.99374674309536,4.5779802267766065
166,36.74093274770007,98.0466768138001,4.569585763435057
167,35.88602218562793,98.10064134188455,4.55449075503798
168,34.955799488725106,98.15524676569238,4.544391376178482
169,33.94630539086618,98.21013482101348,4.530077396036366
170,33.847284804992846,98.07073954983923,4.535191920079666
171,33.62172585186024,95.85222121486854,4.531725713294658
172,32.35898749685554,91.9298245614035,3.3303027162150105
173,30.990833781822072,88.1891433418151,3.415705858934328
174,29.50649946698299,84.81557377049181,3.8939174627160775
175,27.891999369454208,96.55581947743468,3.0268560254661683
176,26.128501616330293,96.6743119266055,3.0119364352826072
177,26.430736197623588,96.72747790107204,3.007450241657625
178,27.459754790876925,96.90974185038628,3.009424611459505
179,27.640201631663036,96.94627709707822,3.024761238875314
180,27.07771017712683,96.8367539069855,3.0638589362232804
181,23.142110988401935,93.22095341671198,2.322052348245181
182,21.086092357161636,90.02275511990197,1.7822699349446975
183,18.78491332801678,86.91904681426398,2.887189949179289
184,16.142126333002057,95.51313427965411,1.3162864944068031
185,14.630087048311582,95.60756652773325,1.3201811172824045
186,14.630087048311582,95.60756652773325,1.3541192520840626
187,14.630087048311582,95.60756652773325,1.410318977474615
188,14.630087048311582,95.60756652773325,1.480145282642345
189,14.630087048311582,95.60756652773325,1.5704212618729771
190,14.630087048311582,95.60756652773325,1.9037687147755797
191,14.630087048311582,95.60756652773325,2.730391234932024
192,14.630087048311582,95.60756652773325,3.915279431431712
193,14.630087048311582,95.60756652773325,4.918686944298867
194,14.630087048311582,95.60756652773325,5.826864391718974
195,14.630087048311582,95.60756652773325,6.6956880336582
196,14.630087048311582,95.60756652773325,7.548580310074602
197,14.630087048311582,95.60756652773325,8.404522441456649
198,14.630087048311582,95.60756652773325,9.418230001764998
199,14.630087048311582,95.60756652773325,10.727127284488533
200,14.630087048311582,95.60756652773325,12.290979878472301
201,14.630087048311582,95.60756652773325,14.043082246023795
202,14.630087048311582,95.60756652773325,14.860684077339203
203,16.901048509906595,95.5279908601273,15.641637246376948
204,20.122310841039745,95.3138216883776,16.235779554445063
205,22.75051218635349,95.02016482553043,16.899751871365652
206,25.036832905365454,94.63928766127567,17.44506462063813
207,27.077710177126832,94.3136885708906,18.384231780502613
208,30.256839269701874,94.09810435802228,19.05848258842879
209,33.40233978427115,93.80207274944117,19.544805354126563
210,34.29222237613183,91.47527415683841,19.5397204765563
211,34.29222237613183,87.52327746741155,19.030079432848414
212,34.29222237613183,83.65404510655907,17.679850064484008
213,36.46143723910133,82.93940696175333,17.38146630362862
214,38.80724247524628,82.27536879749665,18.19327542785687
215,40.8660378209156,81.49697814969781,18.120186681563137
216,42.70671009053016,80.5944900918318,17.971234050712944
217,44.539716654677584,79.63800904977376,17.615078896341736
218,45.46659634841367,77.07104385739933,15.686921096237842
219,45.46659634841367,72.99307514747372,13.236613896038051
220,45.46659634841367,69.01769684534496,12.040298942602005
221,45.46659634841367,65.37573736855605,11.17689995366598
222,45.46659634841367,74.17286483713772,13.120512103706679
223,45.46659634841367,74.17286483713772,13.132182224934974
224,45.46659634841367,74.17286483713772,13.113057772878625
225,45.46659634841367,74.17286483713772,13.066231430233273
226,45.46659634841367,74.17286483713772,13.012396041735126
227,45.46659634841367,67.11977430110285,10.928517157171209
228,45.46659634841367,71.04385739933316,11.65977848697618
229,46.23550789311852,74.48366013071896,13.383635027365562
230,47.669795163826784,77.40972033668206,15.550872776662391
231,45.22254740428738,76.83813627794237,14.305147651452092
232,46.4378765173895,75.35584705554005,13.410467307796802
233,49.1478152626718,74.57134553908747,13.33302731292922
234,52.10593840800794,65.1658046851232,10.146879818923178
235,54.46520261662212,68.19484240687679,10.636116640982033
236,56.476524375631435,71.32867132867133,11.681173449411457
237,58.23605836850147,74.8346675948486,12.750599768184372
238,58.05793654110425,75.3910323253389,12.648457315161712
239,57.504183221308786,75.87400484596746,9.02706581909959
240,56.5006323601462,76.24613269164661,9.93543998664167
241,56.35571025382375,76.10742936867805,8.76389505867289
242,57.435628576955,75.57003257328991,6.4513978786502255
243,58.40867778745005,75.06561679790026,4.715744163532241
244,59.28217883507096,74.6025591314463,3.4944498650247113
245,60.062011593004286,74.18967587034814,3.3217490987309937
246,60.752948170170434,73.8360115368768,3.3243803182831146
247,61.35888518909647,73.55057130765975,3.791203343626253
248,61.88300980112535,73.34200260078023,4.406603321453755
249,62.327920612887915,73.2182381584772,5.35090944221853
250,62.695716893263096,73.18611987381703,6.392653158772882
251,62.98806474893966,73.25102880658436,7.309115575359346
252,63.206246035866535,73.41655108645399,8.291742662968007
253,63.3511938813438,73.6842105263158,8.831369571206869
254,63.42351741609996,74.05329593267882,10.078632767347859
255,63.42351741609996,74.52080411407199,11.983506312370727
256,63.3511938813438,75.08150908244062,12.880976636824245
257,63.20624603586654,75.72815533980582,13.748754965723942
258,62.98806474893966,76.45176040237769,14.35815496762813
259,62.69571689326309,77.2420009013069,14.585964697571976
260,62.32792061288793,75.56440903054448,16.52983797610611
261,61.88300980112535,78.71694841785869,14.473069374548716
262,61.35888518909647,81.63351671603894,11.405833499779936
263,60.75294817017044,84.30160692212608,6.854904032673459
264,59.8125223527123,84.99801034619976,7.0282456509454105
265,58.75835633607506,86.49789029535864,4.754924644800359
266,57.580109277499936,88.07678110003691,3.4471648095798164
267,56.264188380290484,89.42887548776162,4.428158189906807
268,54.792125320412104,90.56860742254001,4.0101382796374505
269,53.22167779386131,91.57138190133944,6.377061791090705
270,51.54538907758689,92.44750861798809,8.20243547293052
271,50.69260559762247,94.22667882102705,6.02806680757776
272,49.755515868303775,95.79288025889967,3.629226457038096
273,48.36008426075779,96.79705215419501,3.7363900352175894
274,46.401352147130495,97.28113104948342,3.5914479586246073
275,44.153368189669635,97.62773722627738,3.5345275110669974
276,41.47076362572067,97.85107446276862,3.4758198920655703
277,37.66795612787769,97.96455938697318,3.5420668661725245
278,33.847284804992846,98.07073954983923,3.47387149189871
279,32.67276043510517,98.13167259786476,3.530718528812255
280,31.401520356149934,98.19199311235471,3.584144043170196
281,30.02504298018583,98.25145711906744,3.6367678060451665
282,28.532555761305264,98.30985915492958,3.683925347060222
283,26.910066651140713,98.36702954898911,3.593850079601663
284,25.138737317212346,98.42283139316561,3.6361072789369646
285,23.191920759031145,98.4771573604061,3.788295802738668
286,21.029120980985198,98.7574378718936,2.792884419683396
287,18.581366476457564,98.95270270270271,2.796061925259032
288,15.70311034307553,99.07075317900228,2.7874163682287745
289,11.708603018542624,99.11894273127753,2.8058419947200957
290,9.487967175563591,99.3455098934551,2.7529921899012573
291,6.983410335803749,99.49941107184924,2.72934805394108
292,4.049349277294945,99.58701224722302,2.7108714500352358
293,-0.0,99.61432506887053,2.711686948880552
294,-0.0,99.61432506887053,2.6909154453354693
295,-0.0,99.61432506887053,2.6691834029010137
296,-0.0,99.61432506887053,2.646752673340008
297,-0.0,99.61432506887053,2.623810469390066
298,-0.0,99.61432506887053,2.6004794022382174
299,-0.0,99.61432506887053,2.576834981026135
300,-0.0,99.61432506887053,2.552939525668277
301,-0.0,99.61432506887053,2.5288325844800004
302,-0.0,99.61432506887053,2.5045493338275
303,-0.0,99.61432506887053,2.4801239620132196
304,-0.0,99.61432506887053,2.455591903860502
305,-0.0,99.61432506887053,2.430994627161728
306,-0.0,99.61432506887053,2.4063752497585122
307,-0.0,99.61432506887053,2.3817751433374097
308,-0.0,99.61432506887053,2.3573126444281276
309,-0.0,99.61432506887053,2.3330738107240507
310,-0.0,99.61432506887053,2.3091139415265762
311,-0.0,99.61432506887053,2.2854592803407
312,-0.0,99.61432506887053,2.2621888391452494
313,-0.0,99.61432506887053,2.239347903190611
314,-0.0,99.61432506887053,2.2169544241587
315,-0.0,99.61432506887053,2.195004380355144
316,-0.0,99.61432506887053,2.1734847295673436
317,-0.0,99.61432506887053,2.1523829360763935
318,-0.0,99.61432506887053,2.131686946306422
319,-0.0,99.61432506887053,2.111385165865406
320,-0.0,99.61432506887053,2.091466437885537
321,-0.0,99.61432506887053,2.0719200225781913
322,-0.0,99.61432506887053,2.0527355779246843
323,-0.0,99.61432506887053,2.0339031414299593
324,-0.0,99.61432506887053,2.015068125197588
325,-0.0,99.61432506887053,1.995096109500713
326,-0.0,99.61432506887053,1.9708655440468643
327,-0.0,99.61432506887053,1.9393442018568485
328,-0.0,99.61432506887053,1.897918209427754
329,-0.0,99.61432506887053,1.855550986012542
330,-0.0,99.61432506887053,1.812176052211279
331,-0.0,99.61432506887053,1.767721118816408
332,-0.0,99.61432506887053,1.7221238013581894
333,-0.0,99.61432506887053,1.6753631159905245
334,-0.0,99.61432506887053,1.6275194463515086
335,-0.0,99.61432506887053,1.5787546708758722
336,-0.0,99.61432506887053,1.5292852822627485
337,-0.0,99.61432506887053,1.478723554308076
338,-0.0,99.61432506887053,1.426636274116699
339,-0.0,99.61432506887053,1.3725192456113335
340,-0.0,99.61432506887053,1.31591894184097
341,-0.0,99.61432506887053,1.256295965287773
342,-0.0,99.61432506887053,1.1938434640698528
343,-0.0,99.61432506887053,1.1289971396380272
344,2.3018127375216824,99.6078431372549,1.0625564970216737
345,6.344510161302665,99.57995365005793,0.9959886091210438
346,9.271806136481423,99.49071300179749,0.9799146308340237
347,11.769480741354945,99.33395291201983,0.9197293029421669
348,13.983113068808338,99.10313901345292,0.9248049299133719
349,15.98170861532776,99.0728476821192,0.8821371366203702
350,17.805799302456602,99.04175222450377,0.8404682767569253
351,19.482070142622693,99.00990099009901,0.8270512229057717
352,21.029399731006155,98.97735573411249,0.787980325178901
353,22.46182281079112,98.94419306184012,0.7505693443813857
354,23.79015725482265,98.91050583657588,0.71506515125534
355,25.02297283110606,98.87640449438203,0.6817326758292843
356,26.167204304046056,98.84201819685691,0.6759104495526527
357,27.228558396931025,98.80749574105621,0.6474395653673614
358,28.211794472553123,98.77300613496932,0.6189651103729578
359,29.12092428988971,98.73873873873873,0.5965818433086388
360,29.959357925659443,98.70490286771508,0.5776607715769388
361,30.73001272819118,98.67172675521822,0.562423588742592
362,31.435396183164414,98.63945578231292,0.5510337013429863
363,32.07766992305422,98.60834990059642,0.543579895374509
364,32.65869981370316,98.57868020304568,1.2271036697735267
365,33.18009555985197,98.55072463768116,1.2270353522280206
366,33.64324227781608,98.52476290832455,1.3165368419100592
367,34.04932580580195,98.50107066381156,1.3290392125427923
368,34.39935305007272,98.47991313789359,1.3368047029295018
369,34.69416832929534,98.46153846153847,1.347765387963266
370,34.93446643577577,98.44617092119867,1.3593864775988187
371,35.12080295199469,98.43400447427292,1.3730485062286113
372,35.25360222451794,98.4251968503937,1.3885354974116084
373,35.3331632916916,98.41986455981942,1.405633806687494
374,35.359663977191104,98.4180790960452,1.4241354004652376
375,35.3331632916916,98.41986455981942,1.44384027592434
376,35.25360222451794,98.4251968503937,1.4645581046737606
377,35.12080295199469,98.43400447427292,1.486109222632898
378,34.93446643577577,98.44617092119867,1.508325106120818
379,34.69416832929534,98.46153846153847,1.5310484734336685
380,34.39935305007272,98.47991313789359,1.5485419938079334
381,34.04932580580195,98.50107066381156,1.5880591792023768
382,33.64324227781608,98.52476290832455,1.6307830616210826
383,33.18009555985197,98.55072463768116,1.6040726246468477
384,32.65869981370316,98.57868020304568,1.6547322939386584
385,32.07766992305422,98.60834990059642,1.0722936310397821
386,31.435396183164414,98.63945578231292,1.1175023229716496
387,30.73001272819118,98.67172675521822,1.1591260852944736
388,29.959357925659443,98.70490286771508,1.1977289218084863
389,29.12092428988971,98.73873873873873,1.233710572532546
390,28.211794472553123,98.77300613496932,1.2669620201556395
391,27.228558396931025,98.80749574105621,1.3005407373731166
392,26.167204304046056,98.84201819685691,1.328702681474903
393,25.02297283110606,98.87640449438203,1.33622233965729
394,23.79015725482265,98.91050583657588,1.361566721077416
395,22.46182281079112,98.94419306184012,1.3859927037345066
396,21.029399731006155,98.97735573411249,1.409369260301663
397,19.482070142622693,99.00990099009901,1.4314733512844495
398,17.805799302456602,99.04175222450377,1.4301694003510845
399,15.98170861532776,99.0728476821192,1.4475670070794326
400,13.983113068808338,99.10313901345292,1.4618991225775648
401,11.769480741354945,99.33395291201983,1.4301843541369246
402,9.271806136481423,99.49071300179749,1.4356466615393084
403,6.344510161302665,99.57995365005793,1.399345153160107
404,2.3018127375216824,99.6078431372549,1.3967061316137446
405,-0.0,99.61432506887053,1.3928673839553598
406,-0.0,99.61432506887053,1.388584269552415
407,-0.0,99.61432506887053,1.3840955738656708
408,-0.0,99.61432506887053,1.3794138604787711
409,-0.0,99.61432506887053,1.3745514543451818
410,-0.0,99.61432506887053,1.3695219446403484
411,-0.0,99.61432506887053,1.3643390004856182
412,-0.0,99.61432506887053,1.3590154673936814
413,-0.0,99.61432506887053,1.3535626582627769
414,-0.0,99.61432506887053,1.347990770568986
415,-0.0,99.61432506887053,1.3423077887146386
416,-0.0,99.61432506887053,1.336520929120951
417,-0.0,99.61432506887053,1.3306375892692186
418,-0.0,99.61432506887053,1.324666047414046
419,-0.0,99.61432506887053,1.3186170540353297
420,-0.0,99.61432506887053,1.3121657550196133
421,-0.0,99.61432506887053,1.302767561424622
422,-0.0,99.61432506887053,1.2875779968262835
423,-0.0,99.61432506887053,1.264293596596521
424,-0.0,99.61432506887053,1.2337898055897156
425,-0.0,99.61432506887053,1.211993852183617
426,-0.0,99.61432506887053,1.211047293790731
427,-0.0,99.61432506887053,1.243497690823998
428,-0.0,99.61432506887053,1.4935434435384487
429,-0.0,99.61432506887053,2.223725337172403
430,-0.0,99.61432506887053,3.2977654130397576
431,-0.0,99.61432506887053,4.597317763447129
432,-0.0,99.61432506887053,4.66714219749932
433,-0.0,99.61432506887053,4.737305598182848
434,-0.0,99.61432506887053,4.807520472997519
435,-0.0,99.61432506887053,4.884567800463173
436,-0.0,99.61432506887053,4.972395876857405
437,-0.0,99.61432506887053,5.072115757250714
438,-0.0,99.61432506887053,5.1853275196012305
439,-0.0,99.61432506887053,5.316834008201289
440,2.3018127375216824,99.6078431372549,5.467562783198535
441,5.585587984398128,99.5511149724877,5.622969155118478
442,8.277414821209574,99.4311377245509,5.787356048433202
443,10.628513950700318,99.24172082946457,5.96158545133288
444,11.708603018542624,97.3568281938326,5.445631074879301
445,15.00632659294307,97.1665852467025,5.592943199454996
446,16.913667356620024,96.78505302137687,5.6923338860920705
447,18.661093065969425,96.31240215689685,5.1362675111021945
448,19.482070142622693,94.2008486562942,2.9619077436517154
449,19.482070142622693,90.57637906647808,3.437598246109027
450,19.482070142622693,87.02263083451203,3.4206367929470414
451,19.482070142622693,83.53960396039604,5.6505702219062615
452,19.482070142622693,94.55445544554455,1.7580345982548486
453,19.482070142622693,94.55445544554455,2.044523017975206
454,19.482070142622693,94.55445544554455,2.351914772997005
455,23.425276064668285,94.36490455212922,2.3903397300591753
456,26.25126664471816,94.09298780487805,2.6177609577667953
457,29.16920753430033,93.80443388756927,2.8587655160023493
458,31.963712838482717,93.49794238683127,3.119787747367465
459,34.32607913317485,93.09238665526091,3.62672381282858
460,36.401787952971006,92.57777777777778,4.696070595627379
461,38.25974143825451,92.12834718374884,4.4667433827296295
462,39.94036188668266,91.82646212847555,5.580047481720228
463,41.47021790030139,91.51741293532338,6.96112234754474
464,42.86806430374717,91.20227038183694,8.191988367677943
465,44.14780407372043,90.88235294117646,9.781325530024873
466,45.32011461447729,90.55924695459579,11.664021913831055
467,46.393415737182686,90.2348224513173,12.082674068279292
468,47.37448188386214,89.91124260355029,13.010594673004068
469,48.26884810843024,89.59096459096459,13.96023096641993
470,49.08108965642631,89.27672955974843,14.933562771759998
471,49.81502048343818,88.97153945666236,15.758513861586227
472,50.47383777984436,88.67861885790172,16.583361899433257
473,52.85326809452635,88.30409356725146,17.966730139515708
474,56.439345595177905,87.78378378378379,18.74584015685005
475,59.24241016142981,87.16496791241978,19.18643179078507
476,61.44215555639963,86.3690241011458,18.56290108769994
477,63.289233112187155,85.37794299876084,18.13623917184607
478,65.36833365525925,84.39256376999568,17.347216438167116
479,68.12913174594588,83.3786231884058,14.62846584728731
480,70.79939703967456,82.49286393910562,13.9795458358556
481,72.86174051108425,81.3872255489022,12.654851861254402
482,74.56648207434434,80.04179728317659,10.192344987086324
483,75.83099630632542,78.26797385620915,8.695769468276467
484,76.91705182290089,76.21744054360136,7.0078433683563075
485,77.84576150893062,73.8849765258216,5.853805126499822
486,78.63202875306428,71.75757575757575,4.666718390257065
487,79.28669914067889,70.94763092269326,4.928340245856818
488,79.81778320726633,70.242656449553,5.336771308043861
489,80.2311954243395,69.66145833333333,6.424046159656811
490,80.53121848063562,69.22060766182298,6.440365000050851
491,80.72079941409733,68.93333333333334,6.496442319943049
492,80.80173490485726,68.80856760374833,6.563810172699646
493,80.77477713277712,68.85026737967914,6.640240746017043
494,80.63967653473543,69.05710491367861,6.752738575065602
495,80.39516771934034,69.4225721784777,6.917069188804712
496,80.03889649953038,69.93548387096774,7.140739660415534
497,79.56727713449366,70.01262626262626,7.890806254851483
498,78.97525680889363,72.93972939729397,6.523588337982538
499,78.25594489790545,75.59665871121719,7.0522210114959565
500,77.40002925287746,77.97001153402537,6.419713871938769
501,76.39483151352182,80.05555555555556,5.8169439209527285
502,75.22270003335213,81.85699039487727,5.1860867621762425
503,73.8580639093776,83.38445807770961,4.873967302015866
504,72.55218965793567,84.9435998038254,4.909678891498213
505,71.50858504000139,87.14421252371916,6.250678879251194
506,69.58291794380109,88.05429864253394,6.688365822011678
507,69.02042648926489,87.8158844765343,7.309032521303976
508,67.12570457230136,87.26457399103138,7.284948109585068
509,67.23485344042464,86.34934889986529,6.523322084269476
510,67.23485344042464,85.49618320610686,6.675220587571406
511,67.40490486137419,85.29014844804318,6.854328032485097
512,67.40490486137419,85.29014844804318,7.362555831600513
513,67.40490486137419,85.29014844804318,8.163944957044334
514,67.32891415400483,85.21348314606742,8.904889453249572
515,67.40490486137419,85.29014844804318,11.376020971872318
516,67.40490486137419,85.29014844804318,11.909198880349264
517,66.68914426244415,83.48745046235139,9.89793005631236
518,66.1775035221225,78.85689729265148,8.178902536353995
519,65.5863312199648,74.36219155165203,8.28194777543572
520,64.91268835217714,70.03654080389768,8.757742107207278
521,64.15299710608974,81.63586315375541,7.728027722622489
522,63.302898780999385,82.17407829722539,7.773779669227343
523,62.35705738462163,82.72827282728272,7.9075561817271405
524,62.155501616059645,82.65895953757226,7.946302775211863
525,62.57815374661948,81.88090050835149,7.588534228042308
526,62.755856931294296,81.00436681222708,7.027846702748113
527,62.78901509204821,80.1237713869676,7.028812766099465
528,62.86500579941758,79.41712204007285,7.20920466690935
529,62.63561528097397,78.62595419847328,6.9622986038074846
530,62.08260767694628,78.22784810126582,6.7729999217862025
531,61.15320427121596,77.61033369214209,6.631295378237493
532,59.1768030745989,75.64459930313589,6.7218182932588295
533,55.52254716476535,72.03052422030524,6.978447578363809
534,52.60572775346873,68.70253164556962,6.583705683739308
535,52.60572775346873,56.835443037974684,7.730885993967809
536,52.60572775346873,70.98101265822785,7.143967465103663
537,52.60572775346873,75.50632911392405,6.379750733645871
538,52.60572775346873,80.15822784810126,4.02999192630202
539,50.48449562900732,82.94190358467243,2.9528437855230827
540,49.05951034737339,84.34343434343434,3.5890673803345416
541,47.48130041131741,85.55936073059361,4.990979462864221
542,45.72341015807593,86.6027397260274,6.744007593452704
543,44.765317825837826,87.06387546967257,8.320957819142745
544,44.765317825837826,87.06387546967257,9.057616253767486
545,44.765317825837826,87.06387546967257,9.493428257041154
546,45.72341015807593,86.63013698630137,9.393946187291212
547,45.72341015807593,82.16438356164383,7.1117882484023704
548,45.72341015807593,77.8082191780822,6.5440043079404875
549,45.72341015807593,73.56164383561644,6.59367983312784
550,45.72341015807593,81.26027397260275,5.440365682333611
551,45.72341015807593,81.26027397260275,5.128720456911496
552,45.72341015807593,81.26027397260275,4.954270406950963
553,45.72341015807593,81.26027397260275,4.955445239862645
554,45.72341015807593,81.26027397260275,5.147369216377783
555,45.72341015807593,81.26027397260275,5.5140511542710025
556,45.72341015807593,81.26027397260275,6.01404820114152
557,45.72341015807593,81.26027397260275,6.60348686890212
558,45.72341015807593,81.26027397260275,7.198986747147919
559,46.62690421045366,80.70469798657719,7.80146463183852
560,46.62690421045366,76.25838926174497,6.398711794380521
561,46.62690421045366,71.92393736017897,7.076117244821129
562,46.62690421045366,67.70134228187919,6.805678261550765
563,46.62690421045366,65.43624161073825,9.155693193137324
564,46.62690421045366,69.65883668903803,8.095130340184884
565,46.62690421045366,73.99328859060402,8.914162030592728
566,46.62690421045366,78.43959731543625,8.383716202222626
567,46.01058831557595,81.51606701455644,8.466617181171532
568,44.6920077638454,83.0023828435266,8.905155690322248
569,43.248423199426355,84.31522570772762,8.252874514298822
570,41.594450153313474,85.42331288343559,8.306274432869126
571,39.76256146097233,86.38187396742978,8.160555014134887
572,37.81914090549355,87.24177071509648,7.833565882429176
573,35.628322894907676,87.97205850251036,7.965538225396221
574,33.97452279301033,88.8818698673405,7.575367008491102
575,31.42355675349059,89.44703261089731,7.443414355370983
576,28.278056238921323,89.90843561270212,7.459135795607526
577,26.430736197623588,90.57739326687982,6.444714881612129
578,26.430736197623588,90.57739326687982,6.461195606557438
579,26.430736197623588,90.57739326687982,6.419889734726745
580,26.430736197623588,90.57739326687982,6.3776874411178115
581,26.430736197623588,82.99793116419033,13.446672593784292
582,26.430736197623588,86.66541282678202,9.834435195111805
583,26.430736197623588,90.40812488245251,6.395611993110771
584,26.430736197623588,94.2260673312018,2.9435541881640424
585,24.28307777905656,94.66521502449646,2.250806519756015
586,21.850181584661815,95.01137755995099,2.2479429720358217
587,18.986511100980756,95.27266587877764,2.365427491331729
588,15.70311034307553,95.4352787740463,2.5149021398916545
589,13.496543788700492,95.79129886506935,2.73917333796518
590,11.005811529372666,96.06827186833283,2.8993538277984814
591,8.085338710459396,96.27283441367119,2.983820334927727
592,4.049349277294945,96.41127883793791,3.05332512929157
593,6.344510161302665,96.34994206257242,3.1096499448403856
594,9.614812334232534,96.17920287683548,3.139644051048109
595,12.292933779892172,95.93924364538128,3.047118657661561
596,14.630087048311582,95.62359730682911,3.65773422921158
597,16.72274330841118,95.35809018567639,3.6293339774803943
598,18.622824702909384,95.20054850874186,3.4170487777135037
599,20.36285597539742,95.03897944720056,3.582974160109151
600,21.965113523257457,94.87367264738191,3.754509342162212
601,23.445784718423592,94.70499243570347,4.002733014843359
602,26.374155015645133,94.5141065830721,4.406710734813118
603,29.511666517578636,85.66191446028513,9.438983893924954
604,32.05447965305689,88.99237933954277,7.1684261762475145
605,34.25370941381905,92.43290805103388,5.744442333267053
606,36.205723612682725,96.16087751371116,3.4614750356908695
607,36.325273173876774,96.09574715314896,3.499545680033794
608,37.927771347774296,95.9488787074994,3.4968561536433613
609,39.38963047143173,95.79894973743436,3.4971582249697546
610,40.72691565049694,95.64654055454781,3.5179287227093523
611,41.951764773289646,95.49235309900725,3.573173028591643
612,43.07363238905117,95.33721898417986,3.678594835760014
613,44.10005443222091,95.18210496128478,3.8530201953996324
614,45.03714416153961,95.02811482687186,3.944637714273728
615,45.889927641504016,94.87648673376029,3.947571862161
616,46.66257851992382,84.27988704110449,11.606331495762587
617,47.358586935933545,88.46277795681598,7.7662873545084
618,47.98088380929523,92.76511397423191,4.26584726727364
619,48.531933975349794,97.16120310915849,1.6368580818831564
620,46.95427418135957,97.16599190283401,1.7698813246235183
621,47.38102345692468,97.11340206185567,1.90007941028181
622,47.74214827849493,97.06703910614524,1.9510896876391834
623,48.03883787756556,97.0276008492569,2.0664185235106562
624,48.272042598355306,96.99570815450643,2.1857314242876646
625,48.44249311850951,96.9718817591925,2.2964851653405183
626,48.55071465724293,96.95652173913044,2.3974835055053285
627,48.597036887157365,96.94989106753813,2.482390542157811
628,48.58160002856158,96.95210449927431,2.561655594259654
629,48.50435741206406,96.96312364425162,2.636343675339505
630,48.36507462761747,96.98275862068965,2.6997247346283997
631,48.163325220902095,97.01067615658363,2.7606691044101512
632,47.89848273725078,97.0464135021097,2.8246665637774044
633,48.510134552520135,95.67857142857143,1.7821884120917686
634,49.00240578457661,94.13892908827786,2.481595509852733
635,49.380461170704926,92.4342105263158,3.9213645945849644
636,49.648017863556454,93.81443298969072,2.7848306711414237
637,49.807585757927534,93.78698224852072,2.960859207110368
638,49.860616634264126,93.77777777777777,3.0367883383361085
639,49.807585757927534,93.78698224852072,2.8421588498841004
640,49.648017863556454,93.81443298969072,2.6018502329964317
641,49.380461170704926,93.85964912280701,2.5595563830536783
642,49.00240578457661,93.9218523878437,2.7060281612413895
643,48.510134552520135,94.0,2.90947285581472
644,47.89848273725078,94.09282700421942,3.075180229523487
645,47.16046360849828,94.1988950276243,3.187211889638711
646,46.286681881945135,94.31664411366712,3.2079232245801963
647,45.2643867976916,94.44444444444444,3.2953070214996476
648,44.0758632730799,94.58064516129032,3.174643904705191
649,42.69548451117165,94.72361809045226,2.8816564741044273
650,41.08368429689688,95.26862026862027,2.3460755496422045
651,39.17234118007274,95.67535545023696,2.1777631292362614
652,36.81668771390928,95.95292766934558,2.481303748412082
653,33.33169101442941,96.11111111111111,2.6348140564914377
654,33.33169101442941,96.11111111111111,2.7550102280202466
655,33.33169101442941,96.11111111111111,2.892280464514811
656,33.33169101442941,96.11111111111111,3.0401900612795414
657,33.33169101442941,96.11111111111111,3.2127888793289623
658,35.353039726319906,96.04631460039536,3.336775093655524
659,38.065525016346044,88.9180519101779,5.403902597270832
660,40.171638953332454,91.69924812030075,3.048021183215706
661,41.92181971697992,94.42551873645091,2.055588695385216
662,43.41169605106413,97.32569245463229,4.243525553791218
663,44.83720979402775,97.2377507398882,4.369929738526939
664,46.090444111971124,97.15157680569685,4.523780956725138
665,47.19300718779493,97.06806282722513,4.605916467740149
666,48.16036002109485,96.9881678020796,4.750867338560249
667,50.560996364510125,96.89234184239734,4.983078239134016
668,52.908362025511394,96.10983981693364,4.281124129413672
669,54.65138329010563,95.21005104043974,3.242768662642343
670,55.27489650821591,93.4721665999199,1.9694227478473458
671,55.79070931134482,91.5274949083503,0.9797922873950397
672,56.20322160018453,89.38455183808344,2.2733086826793785
673,56.51573964640193,91.81628392484342,0.9834200531024515
674,56.73065203117161,91.6701724863273,0.8662645181848974
675,56.84954646738453,91.5504858470638,1.051099603300378
676,56.873282845272485,91.45877378435517,1.1892214320579917
677,56.802031293598695,91.39603542808942,1.3352260666719316
678,56.635279586810974,91.36268343815513,1.566898383694691
679,56.37181072059821,91.35853759867054,1.8018481539564732
680,56.00964814562082,91.38284776364382,2.0492763654246104
681,55.54596227557226,91.43434343434343,2.3111506100864885
682,54.9769265599733,91.51130503768346,2.599168592386678
683,54.29750316243417,91.6116504854369,2.8592473932187756
684,53.501124374569606,91.73302995828593,3.198188684457955
685,52.57921074165705,91.87292205393425,3.4016202471763344
686,52.94855615481981,91.91364800585437,3.6541965488312713
687,52.97966910349273,90.09041591320073,1.9594253464491793
688,53.7151153348305,89.8292771521976,1.719477189474222
689,53.94541742260217,89.6689705347399,1.7383518223917636
690,54.962863272290775,89.79963570127505,1.9882960961755756
691,55.54133860840921,89.93068223276177,2.11843297054071
692,54.962863272290775,89.79963570127505,2.2836948680084146
693,54.703645358198116,89.24611973392462,1.988941546836695
694,56.1462814175764,88.64329268292683,2.030876445367228
695,57.37766633877845,88.31372549019608,1.9425832610117513
696,58.429151250006434,88.00322061191626,2.0226513655107676
697,59.32171787949391,87.71640560593569,2.1647002128641937
698,60.07011969604639,87.45791245791246,2.5984462724266986
699,60.685029842180235,87.23221936589546,2.6985151421472136
700,61.174259135846114,87.04347826086956,2.9088653054814637
701,61.54348898115037,86.89533861037819,3.0911968027555834
702,61.79672778210207,86.79078014184397,3.289274624035331
703,61.93659674014584,86.73196794300979,3.483798489405197
704,61.96450135456917,86.72014260249554,3.3966958613135403
705,61.88071853987248,86.75555555555556,3.467041154262197
706,61.684413398694744,86.83745583038869,3.7492382618612403
707,61.37358826179182,86.96412948381452,4.245761850992203
708,60.94495596897528,87.13298791018998,4.7618740788617515
709,60.393716262206425,87.34069668649109,5.521199385152124
710,59.71319405070446,87.58333333333333,5.322926220074865
711,58.89426259845786,87.85656071719642,5.7142971455823535
712,57.92440420107698,88.15580286168522,6.209944609842264
713,56.786107332142166,88.47641144624903,6.006599743090912
714,55.45392403078606,88.81381381381381,6.100738289826221
715,53.88844604642574,89.63636363636364,6.1115138480048765
716,52.02169214918708,90.29535864978902,5.864570944948323
717,49.70901993100341,90.8010862186015,5.621965389647375
718,46.265508480994036,91.16492146596859,5.704070152529908
719,46.193841998496005,91.32420091324201,5.7198559801310145
720,46.06464590362359,91.50453955901426,5.869003653871948
721,45.877580301684766,91.70418006430869,5.988234994373053
722,45.632147075689765,91.92111959287531,6.043755743820604
723,45.327681743667796,92.15317011927182,6.156118499420756
724,44.963342268822124,88.41161928306552,8.776481991738144
725,44.538094333305516,91.01396478445659,7.167270777841851
726,44.05069239700507,93.24404761904762,5.46661436653421
727,43.49965561187648,95.5154338963308,3.274569139462919
728,41.629471758579804,96.67511975204283,2.0676287117030694
729,39.7104936657945,97.15524248171228,2.0116962400569696
730,39.03025359047257,97.27729315358181,2.087298737125973
731,38.282181344934195,97.39891836209117,2.1013102186390826
732,37.46363588856605,97.51941869205713,2.155094076946072
733,36.57152341835978,97.6381787192598,2.1767377192990263
734,35.60220292163126,97.75466792720397,2.1738342899473797
735,34.55136073237089,97.86843914737565,2.2314962684880544
736,33.41384060454494,97.97912502775927,2.275876037698448
737,32.18340803279086,98.08643302515588,2.2599621196957944
738,30.852413970383427,98.19013938007073,2.3048499058292573
739,29.41129817738013,98.29008247837457,2.307968519956993
740,27.84782386009188,98.38615594011277,2.278509452187529
741,26.145833223420723,98.47830170956227,2.2985201154600463
742,24.28307777905656,98.56650335692252,2.2722793732948428
743,22.227059147816263,98.87857017697564,1.905382804699222
744,19.92588011867141,99.10336660463543,1.854413431216329
745,17.283093123656688,99.24873428058142,1.7550663803627307
746,14.047507976028319,99.32208734037522,1.7212829856325353
747,9.487967175563591,99.3455098934551,1.7290211217253746
748,6.983410335803749,99.49941107184924,1.6960689380086105
749,4.049349277294945,99.58701224722302,1.62548278331478
750,-0.0,99.61432506887053,1.702495014031474
751,-0.0,99.61432506887053,2.163729456893279
752,-0.0,99.61432506887053,3.0002787822337207
753,-0.0,99.61432506887053,2.9864380963410504
754,-0.0,99.61432506887053,2.971683372140922
755,-0.0,99.61432506887053,2.957347358868276
756,-0.0,99.61432506887053,2.9438582253335257
757,-0.0,99.61432506887053,2.933526670498689
758,-0.0,99.61432506887053,2.927094703020913
759,-0.0,99.61432506887053,2.9243288696408527
760,-0.0,99.61432506887053,2.924089355105298
761,-0.0,99.61432506887053,2.9196206135851237
762,-0.0,99.61432506887053,2.9110510434641506
763,-0.0,99.61432506887053,2.9008953788494907
764,-0.0,99.61432506887053,2.890352795569551
765,-0.0,99.61432506887053,2.880536347290986
766,-0.0,99.61432506887053,2.8810910950378656
767,2.3018127375216824,99.6078431372549,2.895120165409024
768,5.585587984398128,99.5511149724877,2.9235634885971318
769,6.983410335803749,97.79151943462898,2.892129185023297
770,6.983410335803749,94.41990577149588,4.870822801537663
771,6.983410335803749,91.10718492343933,6.6972885924316525
772,6.983410335803749,87.85335689045937,9.572635293153743
773,6.983410335803749,98.26266195524146,1.0770504849546092
774,6.983410335803749,98.26266195524146,1.0763019660286806
775,6.983410335803749,98.26266195524146,1.0754842509740765
776,6.983410335803749,98.26266195524146,1.0745942996094728
777,6.983410335803749,98.26266195524146,1.0735859014809381
778,6.983410335803749,98.26266195524146,1.0724509079796523
779,6.983410335803749,98.26266195524146,1.0712462563560325
780,6.983410335803749,98.26266195524146,1.067603824841122
781,6.983410335803749,98.26266195524146,1.0557631664739984
782,6.983410335803749,98.26266195524146,1.0317826085013269
783,6.983410335803749,98.26266195524146,0.9927375350996807
784,6.983410335803749,98.26266195524146,0.9442087355789889
785,6.983410335803749,98.26266195524146,0.8933162969611789
786,6.983410335803749,98.26266195524146,0.840360100649476
787,6.983410335803749,98.26266195524146,0.7844013359875982
788,6.983410335803749,98.26266195524146,0.7236433022163838
789,6.983410335803749,98.26266195524146,0.6593493698109196
790,6.983410335803749,98.26266195524146,0.6005533689202588
791,6.983410335803749,98.26266195524146,0.5543450000602871
792,6.983410335803749,98.26266195524146,0.525402669320641
793,6.983410335803749,98.26266195524146,0.5188784552860216
794,6.983410335803749,98.26266195524146,0.5395277554643252
795,6.983410335803749,98.26266195524146,0.5897599621570806
796,6.983410335803749,98.26266195524146,0.7656550501098989
797,6.983410335803749,98.26266195524146,1.0203378305330981
798,6.983410335803749,98.26266195524146,1.2896428092368823
799,6.983410335803749,98.26266195524146,1.5893084402877735
800,9.271806136481423,98.23247453565008,1.933218686729835
801,12.528402918259482,98.12403100775194,2.263537135204927
802,15.192578502847788,97.94608472400513,2.5803074917920603
803,17.515536850719048,97.69179674526735,2.9734363060462496
804,19.593740072614466,97.4914089347079,5.055956268499784
805,21.47910074972908,97.40490579452542,6.007698105404921
806,23.20413352278737,97.31617647058823,6.4502122669043915
807,27.13205247749289,97.19251336898395,6.619166468133253
808,29.94245630769126,96.98412698412699,6.8311162145783655
809,32.32104563272022,96.68178070898598,7.188823085932753
810,34.413315511063566,96.27568493150685,7.122650185242033
811,36.28818247047388,96.13333333333334,7.716112904764266
812,37.98608413457099,95.9870848708487,8.283782228381034
813,39.53360545341999,95.83732057416267,8.890465374143908
814,40.94951871468583,95.68452380952381,9.565917084262788
815,43.78267167183349,95.50967741935484,10.246967035789856
816,45.016928128250065,94.41325848703555,9.351843287406679
817,47.19529176252387,93.63181312569522,9.793350811210491
818,49.830282613128226,93.19767441860465,10.667882334800423
819,52.02948358155984,92.61846901579587,11.140677187429997
820,53.93820453303911,91.87817258883248,11.736626524551696
821,57.613946121240275,91.44474034620507,12.876406991983803
822,60.16627365641818,90.85195530726257,14.15671304435004
823,62.280602558173534,90.0805270863836,15.266354594110005
824,64.10212128694805,77.49233128834356,12.45257490291828
825,65.69941615705591,81.7817014446228,14.099389109231577
826,67.23281009880259,86.01427971440572,18.55464046544933
827,68.43109352566601,89.62800875273523,22.585211501405148
828,67.0354785657104,88.504753673293,23.924321121758947
829,64.08538105556447,85.72624529091671,23.322909608831292
830,65.16255687430571,83.89203308663474,22.627612459845146
831,67.6769524539976,82.46013667425969,22.443238647268434
832,68.99952546919818,80.77106139933365,22.611161302426034
833,72.44303691920753,79.75891511803114,23.071773254192415
834,74.75570913739121,78.50714663843303,24.443886098360174
835,76.62246303462986,76.991643454039,24.838855068676203
836,78.18794101899019,75.19016968987712,25.973385967281953
837,79.52012432034628,74.12630288166768,27.050910073393673
838,80.6584211892811,73.09417040358744,28.0738927898304
839,81.62827958666196,72.11474316210807,29.34549726470837
840,82.29905998838008,69.83471074380165,30.398496966648196
841,82.70524894117811,65.98591549295774,30.798104383616117
842,83.00699940765497,61.891117478510026,34.4474433242759
843,83.20682933462781,57.608695652173914,33.53626286387041
844,83.80638588755257,54.31547619047619,24.765113569126665
845,84.26400733732213,50.83586626139817,19.179129780225015
846,84.58648492420028,47.22222222222222,19.28249817983184
847,84.77828304798226,48.5202492211838,16.623415077574634
848,84.84194091547226,48.515625,16.355060205990053
849,84.77828304798227,48.83177570093458,16.290578968483207
850,84.58648492420028,49.45987654320987,19.203039354403135
851,84.26400733732213,50.379939209726444,18.831283193942355
852,83.80638588755258,51.5625,20.000620620986606
853,83.52488110451488,51.21234386480529,20.192947170368313
854,83.52488110451488,49.37545922116091,20.282596279688615
855,82.85090524825644,46.46680942184154,19.580601213759124
856,82.11417671223678,43.99722414989591,19.728753166522836
857,81.28965520480865,42.808912896691425,24.954155277082876
858,80.25536990077616,41.988227599738394,22.60874364771488
859,78.97345848101344,40.630914826498426,22.029943268806974
860,77.37726827313298,45.421467556094605,14.490764831078693
861,76.71687481344246,46.012994683992915,15.473846949683704
862,75.91710157101272,46.81948424068768,13.883895473545866
863,74.96552014864895,48.199445983379505,11.532587777994687
864,73.84469654016375,49.91991457554725,11.343359284564597
865,72.52925050514466,51.51359671626475,10.0776385767895
866,72.03589335325792,51.18866970156803,7.293610252680004
867,72.8267513575803,50.46487603305785,6.016886145822241
868,74.21916076128169,48.924731182795696,3.40452338567421
869,75.39810899561108,47.265625,3.3565476948843442
870,76.39474363253252,45.95842956120092,4.201140189326254
871,77.22981334476948,45.23809523809524,3.3995574403648994
872,77.91780305282143,41.992665036674815,8.279046496326526
873,78.46907425971536,44.625,4.322213254019577
874,78.89107330415585,47.391857506361326,10.33088163832844
875,79.1890515977863,50.25773195876289,12.726234013783317
876,78.99199655710432,52.56739409499358,11.35262928334528
877,79.0788346388115,55.54123711340206,7.510652556132106
878,78.25925791477391,57.241813602015114,4.227733729107018
879,77.20669697683563,58.8235294117647,4.003697285896334
880,75.87251616778069,60.273159144893114,11.316643747725317
881,74.60094803453788,61.25503742084053,2.418901101397582
882,73.49748026971041,61.97654941373534,6.446369765524999
883,72.15018357227694,63.518618456556936,4.480402384208187
884,70.4920098396635,64.89859594383775,4.195484177512736
885,68.37913042841039,66.11694152923538,5.625267952842823
886,65.12733844972027,67.17776712985146,5.327754291546211
887,62.94213550371102,68.33870225494708,5.142728488803227
888,62.484669612016326,70.9706546275395,4.6234606962770535
889,61.530844087869156,73.58407079646018,3.9843147081608143
890,59.26361107007286,74.61799660441426,4.034035375812117
891,55.86387008564022,75.48780487804878,4.46826296077787
892,54.42837170353857,75.92518901711102,4.624460064776704
893,55.71527831031131,75.69640694388373,4.340158569954796
894,57.70560033102684,75.15553712152634,4.271310390064778
895,59.30967974228727,73.07211338057525,4.0131718198402275
896,59.444780340328954,71.0757639179573,3.6332203499191165
897,59.47173811240908,67.11353162966066,3.9961991428845836
898,59.390802621649165,66.94525699958211,4.9356517588990805
899,59.20122168818745,70.50270045700042,4.490322533478408
900,58.90119863189134,71.7579250720461,4.986340312133253
901,58.90119863189134,73.8575545491972,4.887472587653909
902,58.90119863189134,76.45121449156031,5.0734097764258115
903,58.90119863189134,79.20955125566077,4.591634459908777
904,58.70889970708222,80.9250920998772,5.041797274269172
905,58.237280342045516,81.509890997174,5.041714950759296
906,58.962755441747646,81.81451612903226,5.879912058320336
907,58.4968949879023,79.5553791186979,7.079320708034544
908,58.4968949879023,78.72171496625646,6.8329808516142565
909,58.13996934256039,77.31026346834447,7.883370986747968
910,57.32103789031377,75.70273392375819,8.8037227614287
911,56.35117949293289,74.23843550206844,9.878641739826152
912,55.21288262399809,72.40747526566508,10.923799364997059
913,53.880699322641995,79.26612041325258,9.177218846783942
914,53.97079201813316,83.14847942754919,8.02960877232728
915,53.21963031601814,85.51286570320761,5.259510966991305
916,51.46944955237067,86.29389703375384,5.426432940580851
917,51.46944955237067,86.29389703375384,5.700043190822167
918,51.46944955237067,86.29389703375384,5.96108644146548
919,51.46944955237067,86.29389703375384,6.214027401929086
920,51.46944955237067,86.29389703375384,6.463643830970497
921,51.46944955237067,86.29389703375384,6.686634838187458
922,51.46944955237067,78.89532901466076,13.36961604031726
923,51.46944955237067,82.20252301397886,11.806454360335456
924,51.46944955237067,85.64609614728947,7.163388249038572
925,51.46944955237067,89.22604841459257,4.493768756149629
926,50.47015177911097,91.3538873994638,3.4313284039328638
927,50.41231092272451,91.51069518716578,3.2773998120400805
928,50.29647561569658,91.68882978723404,3.210551835291191
929,50.122336207059,91.88654353562005,3.155788205296474
930,49.889421964629015,92.1018276762402,3.1215173988709974
931,49.597093281687854,92.33247422680412,2.961217100467535
932,49.24453078470933,92.5761421319797,2.5865617744901668
933,48.830720861868805,92.83042394014963,2.3288903827230567
934,48.354436940915484,93.09290953545232,2.117933273386184
935,47.81421559277146,93.36124401913875,1.992180728432448
936,47.20832619449087,93.63317757009345,1.9965604129377197
937,46.53473240742991,93.90660592255125,1.6872486289278104
938,45.79104304434748,94.17960088691795,1.4657462839236346
939,44.974448901909135,94.45043103448276,1.1300644358938365
940,44.08164064053489,94.71757322175732,0.6462947892190087
941,43.10870049271012,94.97971602434077,0.53598495206264
942,43.23119324708794,95.03634996239659,0.6544361009378649
943,44.230391520450716,94.82192472846678,2.1626517537342917
944,44.919667364309674,94.51358902717806,2.3569686600083846
945,45.34231949486951,94.11164924802448,2.353128038341366
946,45.520022679544326,93.82180239979576,2.3801466029398495
947,45.46100788666802,93.72288849196224,2.500378401350529
948,45.16259457885872,93.6370577755154,2.8205038908640767
949,44.610398020925196,93.89409678236636,3.360834963257837
950,43.77353352305942,94.05990435439215,3.7465582796008037
951,42.59075553225214,94.13526328924382,3.9325918567057245
952,40.922854773283326,94.12200543344035,3.9372098130074336
953,38.43237396991996,94.06883085184282,3.917359850708559
954,36.298875678426164,94.02265606170161,4.022922681405486
955,33.35159282352436,93.9386736391728,4.238605793061554
956,32.523051478516955,93.73655271336361,4.688708194842131
957,33.25148281094662,93.38397451604999,5.464730923169997
958,33.915540717154805,93.02733885126662,6.365993161576449
959,34.51722247482349,92.66854652653166,7.452576588948399
960,35.05824971064163,92.30970442061208,8.638016634896852
961,35.540103646370035,91.95310418332001,9.02547117261699
962,35.964053255881076,91.6011920888648,9.503353580496675
963,36.33117784504973,82.26560351938411,10.186748467980408
964,36.64238516871435,85.74213311055416,8.767117862244806
965,36.89842591312854,89.22037714607374,10.07050658941118
966,37.09990516273236,92.67669599772921,11.864524694793326
967,33.13434038256522,92.67217630853995,12.383646620191918
968,33.13434038256522,95.50964187327824,15.329856926445396
969,35.12080295199469,98.43400447427292,17.688689700205966
970,37.9238675182466,98.28985507246377,18.220529826857298
971,39.13154165905879,96.57007687758723,17.58189276412082
972,39.1995275940288,93.26809015421115,15.044958043143279
973,39.213116826577995,89.85163204747775,12.831503776360142
974,39.1995275940288,86.44721233689205,10.72621609890853
975,41.1660302686043,84.49262270400482,8.782455014471015
976,41.05620728316298,80.94096493856757,4.695563266951908
977,40.980602304928134,77.65830346475508,3.385489396615188
978,40.980602304928134,74.7610513739546,2.531741209068608
979,40.980602304928134,71.98327359617682,3.405833306694714
980,40.980602304928134,69.32497013142175,4.05855241313722
981,40.980602304928134,76.64277180406212,3.6433528732694334
982,40.980602304928134,76.64277180406212,3.4680240512812213
983,40.980602304928134,76.64277180406212,3.286185157817705
984,40.980602304928134,76.64277180406212,3.121182550794509
985,40.980602304928134,76.64277180406212,2.955457125697771
986,40.980602304928134,76.64277180406212,2.782243548931669
987,40.980602304928134,76.64277180406212,2.6593040626711235
988,40.980602304928134,76.64277180406212,2.748796982924494
989,40.980602304928134,76.64277180406212,3.1079982161084203
990,40.980602304928134,76.64277180406212,3.01354296870437
991,40.980602304928134,76.64277180406212,2.950814200146043
992,40.980602304928134,76.64277180406212,2.868485397376067
993,40.980602304928134,76.64277180406212,2.80720579889167
994,40.980602304928134,76.64277180406212,2.740987126548578
995,40.980602304928134,76.64277180406212,2.6741749364239236
996,40.980602304928134,76.64277180406212,2.6339660708135
997,40.980602304928134,76.64277180406212,2.6345927043102146
998,40.980602304928134,76.64277180406212,2.6459659478049264
999,40.980602304928134,70.63918757467144,3.269421426751371
1000,40.980602304928134,73.35722819593788,3.0062098526490626
1001,40.980602304928134,76.194743130227,2.802974866455634
1002,40.980602304928134,79.15173237753883,2.452493903213843
1003,41.11800422848826,79.5673076923077,2.615809969164016
1004,41.20031414283444,80.03618817852835,4.011758999833505
1005,41.2277290014952,80.55555555555556,5.39432722116004
1006,41.20031414283444,81.12183353437877,5.400214647814946
1007,41.20031414283444,78.43787696019301,4.793529061833619
1008,41.20031414283444,75.8745476477684,4.190891780065306
1009,41.20031414283444,73.43184559710494,4.4778889204268415
1010,41.20031414283444,78.58866103739444,4.27262057361544
1011,41.20031414283444,78.58866103739444,4.19238580110854
1012,41.20031414283444,78.58866103739444,4.250914695877125
1013,41.20031414283444,78.58866103739444,4.513075688976992
1014,41.20031414283444,78.58866103739444,5.089849041216547
1015,41.20031414283444,78.58866103739444,5.826432520464908
1016,41.20031414283444,78.58866103739444,6.618073642193235
1017,41.20031414283444,78.58866103739444,7.501483709985923
1018,41.20031414283444,78.58866103739444,8.317891540890301
1019,42.64303904403816,78.51011649294911,9.072834880743276
1020,44.95571126222183,78.29113924050633,9.93896556838919
1021,46.822465159460485,77.98434442270059,10.955894393297081
1022,47.5579083478902,76.22815694032312,11.472231013450008
1023,47.354450701509364,73.08069258412283,12.486125896974713
1024,47.09192013061647,69.93865030674847,12.795559581466572
1025,46.76958871706935,66.82585163960522,13.809730658233562
1026,46.3865420244594,76.35452552458503,14.054368613717324
1027,45.941662599273435,79.15770058407624,14.234291630830976
1028,45.43360879595324,81.78259560373381,13.266661324525915
1029,44.860787844506284,84.22137179864586,10.811729307406335
1030,42.276445738083055,84.95625176404177,9.975407776976766
1031,38.56952687513987,85.55585609954016,9.346991046837141
1032,37.889286799817945,87.62206386909475,7.999810271098403
1033,37.141214554279564,89.50887117510928,6.654485708205041
1034,36.74093274770007,92.49112125824455,4.753352124031222
1035,35.88602218562793,94.10458806117416,3.974923266848012
1036,34.39689578716341,95.08822126847878,2.7821768133245
1037,33.418593193349906,96.41203703703704,1.0755039923438336
1038,33.418593193349906,96.41203703703704,1.0755039923438336
1039,33.418593193349906,96.41203703703704,1.0755039923438336
1040,33.418593193349906,96.41203703703704,1.0755039923438336
1041,33.418593193349906,96.41203703703704,1.0755039923438336
1042,33.418593193349906,96.41203703703704,1.0755039923438336
1043,33.418593193349906,96.41203703703704,2.372287657199899
1044,33.418593193349906,96.41203703703704,2.7091941301594558
1045,33.418593193349906,96.41203703703704,2.7668686813025625
1046,33.418593193349906,96.41203703703704,2.832877139879024
1047,33.418593193349906,96.41203703703704,2.959635270136341
1048,33.418593193349906,96.41203703703704,3.02744292046913
1049,33.418593193349906,96.41203703703704,3.0576594136168667
1050,33.418593193349906,96.41203703703704,3.07221381468904
1051,33.418593193349906,96.41203703703704,3.1058703223748956
1052,33.418593193349906,96.41203703703704,3.140010303551999
1053,33.418593193349906,96.41203703703704,3.1394412630694677
1054,33.418593193349906,96.41203703703704,3.2494027977163795
1055,33.418593193349906,96.41203703703704,3.6503624731423683
1056,33.418593193349906,96.41203703703704,4.412671845769787
1057,33.418593193349906,96.41203703703704,4.48640601506259
1058,33.418593193349906,96.41203703703704,4.573106359140601
1059,33.418593193349906,96.41203703703704,4.66891244957703
1060,33.418593193349906,96.41203703703704,4.757591691097104
1061,33.418593193349906,96.41203703703704,4.858992208934672
1062,33.418593193349906,96.41203703703704,4.966133784334683
1063,33.418593193349906,84.42129629629629,10.005645870831371
1064,33.418593193349906,88.28703703703704,7.823117849335212
1065,33.418593193349906,92.24537037037037,5.743630045273072
1066,33.418593193349906,96.29629629629629,3.9258757233509813
1067,33.418593193349906,97.80092592592592,4.2038514083875915
1068,33.418593193349906,96.75925925925925,4.145409011991671
1069,33.418593193349906,95.81018518518519,4.131924442997861
1070,33.418593193349906,94.95370370370371,4.694361799108491
1071,33.418593193349906,96.41203703703704,4.1990125188189396
1072,33.418593193349906,96.41203703703704,4.258476324422945
1073,32.8992463995895,94.4140446876425,5.382631733229704
1074,31.797083102708413,90.53934571175951,7.237223211287511
1075,30.605463365485317,86.83083511777302,9.640801964272562
1076,29.31748787542314,83.22968490878938,14.807331303565233
1077,27.924620197801005,95.808263136783,2.5234801840946908
1078,26.416073839989334,96.5089216446858,2.09738310005375
1079,24.777843635640114,97.09411323584553,1.2967081374503855
1080,22.360088800724295,97.36080983369487,1.1960538104406369
1081,19.511276627176127,97.54269780411293,1.1399592929299442
1082,15.545677768839417,97.64784946236558,1.0746472239956597
1083,15.545677768839417,97.64784946236558,1.0772130911908089
1084,15.545677768839417,97.64784946236558,1.0772130911908089
1085,15.545677768839417,97.64784946236558,1.0772130911908089
1086,15.545677768839417,97.64784946236558,1.0772130911908089
1087,15.545677768839417,97.64784946236558,1.07827670345842
1088,15.545677768839417,97.64784946236558,1.0790491050033812
1089,15.545677768839417,97.64784946236558,1.0794691237047982
1090,15.545677768839417,97.64784946236558,1.0795812322412504
1091,15.545677768839417,97.64784946236558,1.0794091389610005
1092,15.545677768839417,97.64784946236558,1.0789583841841135
1093,15.545677768839417,97.64784946236558,1.078124962715869
1094,15.545677768839417,97.64784946236558,1.0744592987009678
1095,15.545677768839417,97.64784946236558,1.0594800279185483
1096,15.545677768839417,97.64784946236558,1.0286140544110025
1097,15.545677768839417,97.64784946236558,0.9786066279327184
1098,15.545677768839417,97.64784946236558,1.059773893401253
1099,15.545677768839417,97.64784946236558,1.7221642854003005
1100,15.545677768839417,97.64784946236558,2.7927097388235254
1101,15.545677768839417,97.64784946236558,2.8332668866733166
1102,15.545677768839417,97.64784946236558,2.877725363144559
1103,15.545677768839417,97.64784946236558,2.933422552243114
1104,15.545677768839417,97.64784946236558,3.7070177587179036
1105,15.545677768839417,97.64784946236558,4.017640730835064
1106,15.545677768839417,97.64784946236558,4.115775009912808
1107,15.545677768839417,97.64784946236558,4.1786432932276165
1108,15.545677768839417,97.64784946236558,4.233224246178837
1109,15.545677768839417,97.64784946236558,4.289405254104285
1110,15.545677768839417,97.64784946236558,4.346446612325007
1111,15.545677768839417,97.64784946236558,4.408005299658589
1112,15.545677768839417,97.64784946236558,4.462517904505217
1113,15.545677768839417,97.64784946236558,4.511760837302071
1114,17.805799302456602,97.60438056125942,4.544356707807103
1115,21.005081547027405,97.46183883564075,4.577896300129343
1116,23.610889956050045,97.23858615611194,4.610917608499361
1117,25.87438908156371,96.92630775105002,4.631498728739404
1118,25.87438908156371,93.08896525391371,5.352759479752286
1119,25.87438908156371,89.32798778159602,7.155288982300739
1120,25.87438908156371,85.64337533409699,9.32956960324398
1121,25.87438908156371,94.25353188239787,4.705994040603008
1122,25.87438908156371,94.25353188239787,4.747573887341365
1123,25.87438908156371,94.25353188239787,4.789588405581738
1124,25.87438908156371,85.64337533409699,9.766606085832816
1125,25.87438908156371,89.32798778159602,7.576998140985587
1126,25.87438908156371,93.08896525391371,4.826549271626936
1127,25.87438908156371,96.92630775105002,0.8243681111950107
1128,24.095304578588294,97.03061600885282,0.7377988760309275
1129,22.140881287086387,97.13216957605985,0.6277225662404128
1130,19.970617635768914,97.45442036463709,0.5554593779743008
1131,17.515536850719048,97.69179674526735,0.5822925050702862
1132,14.630087048311582,97.85187560115422,0.6435194367858498
1133,10.628513950700318,97.94181367997524,0.7273130455910072
1134,10.628513950700318,97.94181367997524,0.830629919091435
1135,10.628513950700318,97.94181367997524,0.9707771991128445
1136,12.90654118537369,97.90518191841235,1.18129590504144
1137,16.142126333002057,97.78104095284712,1.9903417562473882
1138,18.78491332801678,97.58323474733818,3.222039109256075
1139,21.086092357161636,97.30439348853493,4.633529467279554
1140,24.38985892586221,97.07750952986022,4.871456100564076
1141,27.566535937682573,96.90857681432611,5.128162142462601
1142,30.14930221031808,96.65296535525543,5.324487728321673
1143,32.38930507260003,96.30156472261736,5.047850576109249
1144,34.3829467081792,96.01349926175912,5.151369933722112
1145,36.18207621470314,95.8634274458306,5.290547565644551
1146,37.81914090549355,95.7094211123723,5.437200874193576
1147,39.31633500375029,95.55189456342669,5.452171862279738
1148,40.689758567095744,95.39136795903438,5.523802063262263
1149,41.95158687646149,95.22847765715728,5.368518826712138
1150,43.11131454704245,95.06398537477148,5.70163200875606
1151,44.17652051369604,94.89878542510121,7.3901131489996805
1152,45.15336426385674,94.73390916689885,8.652503574840102
1153,46.046921650528354,94.57052571100259,9.257109200319466
1154,46.861420045073196,94.40993788819875,9.770158349120317
1155,48.158218196908905,93.99877526025719,10.30480332368677
1156,49.83450691318333,93.2079081632653,10.548731962054655
1157,49.83450691318333,88.64795918367346,8.719373060071641
1158,49.83450691318333,84.21556122448979,7.704001768170438
1159,49.83450691318333,80.19770408163265,8.493338553179715
1160,49.83450691318333,88.83928571428571,10.370722974850077
1161,49.83450691318333,88.83928571428571,10.784140759162412
1162,49.83450691318333,88.83928571428571,11.187945195993532
1163,49.83450691318333,88.83928571428571,11.565970902084393
1164,49.83450691318333,88.83928571428571,11.903237101862349
1165,49.83450691318333,88.83928571428571,12.197835884023517
1166,49.83450691318333,88.83928571428571,12.483907765097547
1167,49.83450691318333,88.83928571428571,12.798122954171024
1168,49.83450691318333,88.83928571428571,13.137848800883615
1169,50.602585656505134,88.32140533506832,13.114007041301992
1170,50.602585656505134,83.73454782042941,8.907035226833472
1171,50.602585656505134,71.21014964216005,4.2088574905419405
1172,50.602585656505134,71.21014964216005,5.333147281782295
1173,51.32896373236475,73.42402123424021,7.049310365130609
1174,52.66792766266399,76.3103448275862,7.471908318558772
1175,52.34392899027685,75.86561535824477,7.10375935819367
1176,51.56350150101736,74.83936422049375,6.366249254647006
1177,50.589540932913955,73.57737104825291,6.611882035467365
1178,50.27140605425115,71.36666666666666,6.382895850945402
1179,50.72224608731138,76.27464309993202,6.376450431795005
1180,51.10821474404532,76.34854771784232,6.126058771040304
1181,51.430549866129326,76.49122807017544,5.942552926317201
1182,51.690255272418575,76.70454545454545,5.828211618348937
1183,51.88812065123356,76.98924731182795,5.717024057381749
1184,52.02473656015287,77.34487734487735,5.789386786681394
1185,52.100505276267874,77.7697320782042,5.786453707499253
1186,52.839503033215294,77.65095729013255,5.699457182523773
1187,54.13582068130651,76.8413059984814,5.413222985562415
1188,55.408405319735245,75.93896713615024,5.283765202740614
1189,56.639790240937295,75.0201450443191,5.42100874239499
1190,57.120819939677006,72.76058631921823,5.390432907349506
1191,56.939734350510726,69.24939467312349,4.400757249881162
1192,56.691872476593225,66.10845295055822,5.191930040171484
1193,56.37635434427363,59.54438334642577,13.38287077421072
1194,55.99203141863881,72.2608024691358,5.976380532165906
1195,55.53746003027876,75.43461829176115,5.5355276811605325
1196,55.01086607329714,78.39734121122599,5.0231007662648
1197,53.58557713279,79.98580553584102,4.668075474240488
1198,51.976505284814984,81.3692098092643,4.100521611630367
1199,50.143548543364375,82.49510124101894,3.7016189815665936
1200,48.01810162626192,83.44806007509386,4.787986820852724
1201,48.01810162626192,83.44806007509386,5.60576621187981
1202,48.01810162626192,83.44806007509386,5.646174823335253
1203,48.01810162626192,83.44806007509386,5.668441030683942
1204,48.01810162626192,83.44806007509386,5.667516374244275
1205,48.01810162626192,83.44806007509386,5.656085215916336
1206,48.01810162626192,83.44806007509386,5.645319099630344
1207,48.01810162626192,83.44806007509386,5.65874688157285
1208,48.01810162626192,83.44806007509386,5.731108153845264
1209,48.01810162626192,83.44806007509386,5.890072574496787
1210,48.01810162626192,83.44806007509386,6.085778551114231
1211,50.143548543364375,82.42978445460483,5.790748255059212
1212,51.39345008006782,72.20533603512327,5.504282255786566
1213,51.94450024612238,73.59142758382302,6.01542523090613
1214,52.42637324298847,75.1500176491352,6.680015399462651
1215,52.84079766695493,76.5551959726717,6.75911800131159
1216,52.35026459361521,81.23887504449982,6.700636919462788
1217,52.84079766695493,80.69039913700108,7.076198011693401
1218,53.69410155323701,79.97070670084219,8.148608456423396
1219,53.23669005705039,76.31862217438106,8.853382027975243
1220,52.70937097727728,73.0270080673448,10.132315366015034
1221,52.11011713700535,69.62025316455696,9.876311737909809
1222,51.436502480298685,79.12087912087912,9.432112500491671
1223,50.685631677785494,80.16823034616628,8.82641844984098
1224,49.85404733208184,81.20489488547223,8.954115107433232
1225,48.937605984627425,82.22424794895169,7.965627723850289
1226,47.9313094663006,83.57331766088745,6.581651177839599
1227,46.82907034653815,85.23985239852398,4.602836737796487
1228,45.623376651230224,86.71596822788277,3.849409140993101
1229,44.304796099499676,88.01161869553736,3.686886008539006
1230,42.86121153508063,89.11218519460697,3.3664417709828327
1231,41.34033761854689,90.07596177407498,3.3146369643884297
1232,39.66850074739215,90.75253597546592,3.482031465730371
1233,37.81914090549355,91.48694665153235,3.6211120403436703
1234,36.18207621470314,92.25213394615889,4.109597415123934
1235,36.59648544727573,92.7448869752422,4.418340549448173
1236,39.701212860325214,92.3749719668087,4.320477463016777
1237,42.21055146312944,91.8944171922448,4.395783857327075
1238,44.375586534095845,91.2916565312576,4.023365027925428
1239,46.29265421206031,90.75715370979995,3.900572359965691
1240,48.013533204807494,90.38208168642952,4.069904567902281
1241,50.97174344924852,89.96425625515535,4.126093380555347
1242,53.480303813367584,89.25596093076702,4.380523887579623
1243,55.14437929426686,78.67625037436358,8.721451710855943
1244,56.64325146752023,81.96567862714508,6.8577529323581325
1245,57.99896481497183,85.31990906138357,6.363526199700452
1246,59.227458643633604,89.5305639986491,8.851193348599153
1247,58.581201372119885,90.10399194901039,11.94708582934977
1248,57.62081593328809,90.56164838816883,14.416802383030833
1249,56.58461341786359,91.02268990463664,16.64252149402959
1250,55.15218179726208,91.36643946770529,17.95420888960114
1251,56.59840397233244,90.8968307484828,18.223469690108125
1252,58.44263645773899,90.09866102889359,18.585069656610653
1253,60.063313326127684,89.10963944076526,18.908794200400045
1254,61.50055637504914,87.83576362240983,18.618520193047516
1255,62.78060953689635,86.65067945643486,18.275891023291216
1256,63.92187611122697,85.7024106400665,18.045228530566806
1257,64.93787762128579,84.72821397756687,17.270441440196556
1258,65.83887655994319,83.73547810545129,15.998743904547737
1259,66.63284029820765,82.7331486611265,15.076417142588939
1260,67.32604859327967,81.73168411037108,14.498130135520102
1261,67.92349408064327,80.74291300097752,13.716519476263528
1262,68.4291554328901,79.77977977977977,12.9085945267622
1263,68.4291554328901,74.92492492492492,11.027752956750062
1264,68.4291554328901,70.72072072072072,10.94718772932351
1265,69.61845009540458,67.91389031266017,10.260804727071404
1266,70.15740767112067,64.75195822454307,7.8200411031050905
1267,70.15740767112067,51.74934725848564,16.351671390110617
1268,70.15740767112067,51.74934725848564,17.19700519722969
1269,70.15740767112067,51.74934725848564,17.968807447025174
1270,70.15740767112067,64.75195822454307,5.205586782583948
1271,68.97622452377459,67.56756756756756,8.991429312287178
1272,65.6228057692564,68.67411364740165,10.115776860948612
1273,65.04050301527771,67.43965925224799,11.022289022524319
1274,64.36188159799961,69.88505747126437,11.469883490673197
1275,63.58198825054486,71.80400890868597,11.432425521486605
1276,62.694578544436666,73.91304347826087,11.175752408585561
1277,62.05972109731741,76.34993721222268,11.66884143997783
1278,61.33759301610582,78.31912302070646,12.129955922166648
1279,60.94249940962957,79.38473831402317,12.45106629962921
1280,60.94249940962957,79.38473831402317,12.752047152423305
1281,61.557957328784674,78.67916836526702,12.952266554884238
1282,62.68650457340317,77.10894446799492,12.072555225926678
1283,63.68936618580696,75.31896172459305,11.655042063095935
1284,64.57677589191516,73.30296127562643,11.10096870491179
1285,65.35666923936991,73.45882352941176,11.118304771389711
1286,67.6874049894294,72.79411764705883,10.615301412515525
1287,70.3130810635726,71.75257731958763,10.467418424823796
1288,71.67137928755828,69.79110873058383,10.234330769422058
1289,71.67137928755828,65.23835029459025,7.6978900157452115
1290,71.67137928755828,60.89983931440814,4.852816886619645
1291,71.67137928755828,56.77557579003749,3.8072250281301128
1292,71.67137928755828,57.150508837707555,3.8904248378529678
1293,71.67137928755828,61.16764863417247,3.6339470554529965
1294,71.67137928755828,65.39903588644884,4.296033385025418
1295,71.67137928755828,69.8446705945367,5.156399956175679
1296,71.05393970860129,70.38001041124414,5.044727107835532
1297,70.3329595601082,71.00353000504286,5.13826081566915
1298,69.93180201667606,71.04610808130887,4.8537885501391544
1299,69.04359373452009,68.53180296508847,3.468133555219197
1300,68.03325965324036,65.94569719282099,2.1786933966561914
1301,66.88921132794606,63.32302253645603,4.165191938960613
1302,64.13663611987123,72.02855942881142,2.5729058723122917
1303,63.09498908679902,72.66477961989486,2.0491231221248447
1304,61.9288786773047,73.3385153517295,2.115778444761459
1305,60.624734757962386,74.03953748601268,2.4055762915525385
1306,59.16410971076011,74.75867000357526,3.0062918290872553
1307,57.52071908573938,75.48784662786717,3.4047861793795073
1308,56.10762191584457,75.65767565767565,3.6550630309880265
1309,56.10762191584457,75.65767565767565,4.114863289479605
1310,56.10762191584457,75.65767565767565,4.566178378772077
1311,56.10762191584457,75.65767565767565,5.017238196641671
1312,57.05566032124792,75.02524402558062,5.672753115123726
1313,57.73049579325885,74.88971835765184,6.166593780825529
1314,58.165659102351235,74.82088024564995,6.612909673157151
1315,58.37922139596254,74.82039001026342,7.066420027968018
1316,58.37922139596254,74.88881286349641,7.522621177322318
1317,58.165659102351235,75.02558853633572,7.9098839668832355
1318,57.73049579325885,75.22904648795385,8.083523757567733
1319,57.05566032124792,75.73207674183776,8.412328339427633
1320,56.10762191584457,76.42357642357642,8.646697726459983
1321,54.8231707725846,77.02924745317121,9.306137609988149
1322,53.061599107035136,77.54771918472986,9.48802435540152
1323,52.24116181881259,79.8048780487805,9.263996669306719
1324,52.89997911521876,83.97328881469114,5.94177376452167
1325,53.48637067957497,88.26548067054397,4.675643105907514
1326,51.26670205086108,88.8255033557047,4.784012919439556
1327,51.73874498982311,88.5958904109589,5.361320911983058
1328,52.144842398368475,88.38912133891213,5.800335454617353
1329,52.48633573026938,88.20821529745042,6.452517539158682
1330,52.76431811157571,88.05595408895266,6.873633083685429
1331,52.97965675084029,87.93478260869566,7.063390419736784
1332,53.133009926096626,87.84671532846716,7.138557603397681
1333,53.224839420388015,87.79325513196481,7.344258762059287
1334,53.25541901236872,87.77533039647577,7.465963342763303
1335,53.224839420388015,87.79325513196481,7.413281658300197
1336,53.133009926096626,87.84671532846716,7.265423273189327
1337,52.97965675084029,87.93478260869566,7.211359016826773
1338,52.76431811157571,84.32568149210904,9.663314396221745
1339,52.48633573026938,87.53541076487252,7.508088310981636
1340,52.144842398368475,90.55090655509065,5.780546928106678
1341,51.73874498982311,93.35616438356165,3.9196396263834585
1342,50.30150194090165,93.7335092348285,3.926490638435567
1343,48.68082507251296,94.51142131979695,3.8173193442167253
1344,46.836592587106416,95.1219512195122,3.748195462968708
1345,44.70018103108193,95.57962529274005,3.8440753638916996
1346,42.12636781753641,95.89887640449439,3.952739709899177
1347,39.531634470554906,96.19741100323624,4.0404407739499195
1348,35.81458914831424,96.3768115942029,4.1205273788814925
1349,33.915540717154805,96.48858791070981,4.190810250322396
1350,34.85654912268798,96.4741185296324,4.271216738194282
1351,36.80142506049648,96.29159258318516,4.3401646579578435
1352,38.28218134493419,96.00824105073397,4.385139195564423
1353,39.44152342967813,95.62157935887411,4.475906928818074
1354,39.9225664126274,94.6816871888918,4.748952770583496
1355,39.889001260679905,91.2344398340249,7.192961527988537
1356,38.91606111285513,88.48088531187123,8.429363584416713
1357,37.85831755130843,85.72124756335283,9.688438361496859
1358,36.710146058935074,83.16037735849056,13.308175269843723
1359,33.90767163875455,95.41117673784643,2.875170466102088
1360,32.60191471140458,95.60632688927944,2.8749862516531035
1361,31.185512880989958,95.79617834394904,2.9242640642669677
1362,29.6462506066743,95.98031173092699,2.974521352728822
1363,27.967990076823572,96.15841584158416,3.0456688245782866
1364,26.128501616330293,96.3302752293578,3.123050161169571
1365,24.095304578588294,96.73552194762081,3.511323844317579
1366,21.816518485734544,97.04626334519573,3.6789209834919703
1367,19.195711577282157,97.27085478887744,3.8706589337512733
1368,15.98170861532776,97.41721854304636,4.0921651912929216
1369,15.00632659294307,97.58996906041361,4.334280887474735
1370,15.00632659294307,97.58996906041361,4.54583441127181
1371,15.98170861532776,97.41721854304636,4.72325842278092
1372,17.805799302456595,97.00547570157427,4.85229102433502
1373,20.36285597539742,96.6867469879518,5.046722987775934
1374,22.66635388776375,96.29357798165138,4.720107195436873
1375,24.19839650880714,95.62002275312855,4.654448045844317
1376,24.19839650880714,91.80887372013652,2.033374728790429
1377,24.19839650880714,88.07356844899508,3.4324073878883925
1378,24.19839650880714,84.56579446340538,5.955248725081811
1379,24.19839650880714,93.00341296928327,2.132901644017971
1380,24.19839650880714,93.00341296928327,2.5788980906801915
1381,24.19839650880714,93.00341296928327,3.078364031619654
1382,24.19839650880714,93.00341296928327,3.645082918796002
1383,24.19839650880714,93.00341296928327,4.294557342599328
1384,26.43201224521521,92.86680842837812,4.90563049365212
1385,29.57751275978448,92.52561784207354,5.339701244893079
1386,32.12847879930421,92.08603048653164,5.666635267216473
1387,34.33603222099702,91.53829464091994,6.974593667376605
1388,36.29654814381123,91.05251295920667,7.853247580055979
1389,38.06184687189279,90.70910367423356,8.930615343777651
1390,41.06549279432485,90.32886723507917,9.956610638351368
1391,44.1093781152633,89.82964658021866,11.04775281489361
1392,46.55651354084494,89.20137967630671,11.213141033953654
1393,48.65792202292303,88.4306670357044,11.036596986332276
1394,50.50987298974468,87.73448773448773,10.990161416406648
1395,52.16407363317003,87.21804511278195,10.724220226139627
1396,53.65281934712589,86.68963357344191,10.66840949254706
1397,54.99814145401922,86.15184099055067,10.080712930610508
1398,56.21596504129795,85.60785641720284,10.343147503390426
1399,57.31827712373224,85.06151142355009,9.894643477473517
1400,59.91219415536299,84.40366972477064,9.397058046742758
1401,62.172651120858745,83.36542164035426,8.266820566039204
1402,64.08235468390414,82.11546225272507,8.178294227137366
1403,65.73729465849841,80.63424947145877,8.362721728771671
1404,67.9697193563678,79.21847246891652,8.704880339122488
1405,70.3661484690365,77.87652011225444,9.374083545105872
1406,73.39412880802317,76.46768623581647,10.702870100313547
1407,76.078718081128,66.49296508598228,9.658875137642092
1408,77.17121026547854,68.20128479657387,12.315646509419752
1409,77.17121026547854,67.77301927194861,13.932896478288155
1410,77.17121026547854,67.77301927194861,15.451133794664619
1411,76.13789912850746,64.98973305954826,15.680990091575211
1412,74.9622508689976,78.7328094302554,18.905938706504884
1413,73.62608862124782,80.67542213883678,20.1922175317713
1414,72.14762480976312,82.37136465324384,21.08306168721326
1415,70.50520381873388,83.75266524520256,23.191133899496716
1416,70.50520381873388,83.75266524520256,23.919565229086313
1417,71.35447359116044,83.09305373525557,23.894958890641345
1418,72.89011453889738,81.58497480531379,23.80287346332476
1419,74.23963757449164,79.76019184652279,22.99174946418512
1420,75.42911146011306,77.59398496240601,23.336685031374156
1421,75.96973546750787,73.57910906298002,22.779234505053605
1422,75.96973546750787,68.10035842293907,21.930838745969215
1423,77.66349692978581,66.07431340872375,21.34038500105083
1424,78.91440346248835,63.62098138747885,17.165369153292566
1425,80.00163127363105,60.872127283441365,17.287191094503434
1426,80.94311291631071,57.826887661141804,16.181358988777326
1427,81.75184570695293,55.003186743148504,10.841995452090124
1428,82.52877269407217,46.92663582286848,2.415275581887431
1429,83.2237732504794,48.39371155160629,3.5013412365382126
1430,83.75580472401663,49.191848208011244,3.149420543780476
1431,84.1757148830665,50.3235082674335,2.9557902907070748
1432,83.82066714553685,49.680624556423,3.843033657983173
1433,83.2981154795173,51.707317073170735,3.747884355443402
1434,83.2981154795173,54.42508710801394,4.786777506814379
1435,82.59596354568295,56.092579986385296,5.371406506962223
1436,82.24132324457476,56.43964935940661,4.734783747474086
1437,82.31050570536975,55.72105619498984,2.8185082599018054
1438,82.28745782791331,55.24002704530088,2.8424422783726717
1439,82.17202390447056,55.00335795836131,2.3504608878415074
1440,81.96341742476129,55.00995355009954,2.730640600440701
1441,81.66018831706775,52.707110241356816,9.68630374356199
1442,81.26016031450918,56.09444798978941,4.282548988602547
1443,80.76033138791837,59.29148539465506,5.547981731923289
1444,80.15672506697193,62.2664255575648,7.125068538286897
1445,78.96820154236023,63.112391930835734,9.074491658460985
1446,77.58782278045197,64.04617921935129,9.594058678411244
1447,75.97602256617719,65.72475143903715,10.541869847414105
1448,74.06467944935308,67.18050721034311,9.735067103058402
1449,71.70902598318962,68.4285040113261,9.627609886049743
1450,68.22402928370974,69.48545861297539,9.855364344447953
1451,67.29652965955285,69.98706338939198,10.44988811253173
1452,66.25488262648064,70.55163832434674,10.493432624762209
1453,65.08877221698633,71.1668657905217,10.888154467506874
1454,63.78462829764402,71.8213058419244,11.330167503176073
1455,62.32400325044173,72.50457038391225,12.057610297222942
1456,60.68061262542101,73.20741518013291,12.272765515907366
1457,58.81429748574532,74.3564025409562,12.537706171636241
1458,56.656400251353226,75.34334078569147,12.80897479250475
1459,54.06166690437172,76.1817627325404,12.729087417804193
1460,50.344621582131055,76.88500727802038,13.05568238728718
1461,49.19752456609007,79.40757618911991,12.903985385678043
1462,49.19752456609007,83.7083452007975,10.068731957003244
1463,49.19752456609007,88.12304186841355,5.688859885414916
1464,49.19752456609007,92.6516661919681,3.391952831774721
1465,46.55278005696055,93.10438811665304,3.293281329740279
1466,42.7869517456906,93.42894393741851,3.3202267224991266
1467,40.33981632010896,93.87346836709177,3.407524052572092
1468,37.295930999170515,94.19803404459363,3.6008282783473975
1469,36.956281674963314,94.20940675963129,3.8140961117020806
1470,37.27908771445323,93.8136999288931,3.973166848052362
1471,37.38538709980707,93.30960854092527,4.242945194044802
1472,37.27908771445323,92.72339416923441,4.563120805645258
1473,36.956281674963314,92.62585677144882,4.718927887489391
1474,36.404320151300396,93.01340860973889,4.673186413147162
1475,35.598419723647574,93.31619537275064,4.601846912678049
1476,34.493010419214954,93.53418308227114,4.519957384552431
1477,32.508765641408466,91.77029165724622,5.186998902002476
1478,31.472918666035202,87.49177090190915,6.636588847674862
1479,30.3536600018187,84.8478399659502,8.702411981895388
1480,29.145304853488657,82.40874407094246,11.877201884601162
1481,27.840939061768456,93.76872378669862,4.035204408411522
1482,24.695438547199185,94.06111858543149,4.227915870049515
1483,20.224310574212893,94.28412874583796,4.382587418508189
1484,20.224310574212893,94.28412874583796,4.541329722969073
1485,20.904805529946355,85.5129650507328,6.52895209477223
1486,22.19233246677672,88.0813953488372,5.126258040387493
1487,23.388143800998417,90.83100279664403,4.018560103122475
1488,24.498525315875156,93.60082304526749,3.999765453694198
1489,24.498525315875156,95.39094650205762,5.44212637022391
1490,25.528687904714705,95.2562473528166,5.278642594840034
1491,26.48300355214357,95.1219512195122,5.327320258844359
1492,27.365175597400025,94.98881431767337,5.441482433328349
1493,31.176965192328,94.7601304145319,5.467438657252622
1494,33.868759554780276,94.42559379544353,5.175773406603658
1495,36.12615084586501,93.97377710539587,5.209244909271275
1496,38.094518377286484,93.39276350288411,5.079782611800926
1497,38.99316552110121,91.12536754878374,3.6432633467390962
1498,38.99316552110121,86.92862870890136,3.258666482148338
1499,38.99316552110121,82.83881315156376,6.384668196526476
1500,38.99316552110121,78.85592087677092,9.067063260725533
1501,38.99316552110121,89.52151831061214,3.519914528403927
1502,38.99316552110121,89.52151831061214,4.3956786785213025
1503,38.99316552110121,89.52151831061214,5.416344381011731
1504,38.99316552110121,89.52151831061214,6.404556660105154
1505,38.99316552110121,89.52151831061214,7.376047370433382
1506,38.99316552110121,89.52151831061214,9.006959891405248
1507,38.99316552110121,89.52151831061214,10.040648746714968
1508,38.99316552110121,89.52151831061214,10.702284749628374
1509,38.99316552110121,89.52151831061214,11.121030823628425
1510,41.134653852414054,89.2925430210325,11.462571610437479
1511,44.09277699775018,88.7368120901055,11.52486391413687
1512,47.44643252163623,88.1441763479297,11.297091768369464
1513,48.910175527896975,86.6481652790626,10.897896747299072
1514,50.900011608538684,85.71888066902541,10.629539769194833
1515,52.637462947139575,84.61280590010057,9.210926229219101
1516,54.17407870171123,83.31588132635252,7.497889266304987
1517,56.94313080191001,82.17280349981772,6.268353068479698
1518,59.74619536816192,81.19984715322889,5.5745629521090585
1519,62.94033207840357,80.16032064128257,5.3819440003762455
1520,65.15983058297171,78.81711409395973,4.893419661432846
1521,66.49599283072149,77.0104895104895,4.550895190745073
1522,67.67164109023135,74.95454545454545,4.150946666781127
1523,68.7049522272024,72.64150943396227,3.760836918912128
1524,69.6091973367145,71.6796875,3.627487585304992
1525,70.39436096834395,70.76612903225806,3.400221855297849
1526,71.06810084213113,63.64107883817427,7.884105354637562
1527,71.6363503321327,67.55319148936171,4.261297861495317
1528,72.10371289527895,71.57608695652173,4.847471312393306
1529,72.47372785874688,75.66371681415929,4.7459564810694985
1530,72.52675873508346,75.72062084257206,4.718197345444854
1531,72.47372785874688,75.88495575221239,4.604151628028559
1532,72.3141599643758,76.15384615384616,4.612628238165503
1533,72.04660327152426,76.52173913043478,4.505429581720971
1534,71.66854788539594,75.85653104925053,5.305308732840674
1535,71.17627665333949,78.46638655462185,5.066999263154966
1536,70.56462483807013,80.85215605749487,4.391818517062841
1537,69.82660570931763,83.0,5.232596249091154
1538,69.75259722519421,83.06772908366534,5.35773227692663
1539,69.60425789424251,83.20158102766798,5.506600933349844
1540,69.38093447959024,83.3984375,5.9177725113855235
1541,69.53405078712355,82.5916870415648,5.451832866185613
1542,70.0161395332225,76.27791563275434,3.7905692749562636
1543,70.36469022435709,77.11991971901656,3.7057939061316487
1544,70.25526251531728,76.54382470119522,3.8427586967788963
1545,69.71902157108975,75.04854368932038,3.8080052697392617
1546,68.95345220301117,71.47556390977444,4.039832815321179
1547,68.07986812301455,68.05807622504537,4.945079584801809
1548,69.11171601034575,79.40780619111709,2.699313075034913
1549,70.74867016710333,79.98184294144349,2.5886413259092693
1550,71.69320623538961,80.59496567505721,2.8624739336814184
1551,72.32419633331064,80.94799815922687,2.97513239580692
1552,73.03060374841259,81.22977346278317,3.1940840272587496
1553,73.90424913267516,80.43581241117954,3.083854863994842
1554,75.37304834295058,69.97518610421837,3.476178732084972
1555,76.65340136185367,73.17073170731707,2.776096481883466
1556,77.77120876497708,76.77314564158094,2.002958415436325
1557,78.74449382376689,80.95774647887323,1.9291445525707354
1558,79.05129344591536,80.2160318362706,2.3081272560847226
1559,79.2032748606541,79.55454026270702,3.7181229095854946
1560,79.2032748606541,78.98343803540834,4.362424587055311
1561,79.05129344591536,78.51051733939738,5.002960758568427
1562,78.74449382376689,78.14084507042253,6.024983917839836
1563,78.27687011722391,77.87659811006114,6.465846859676262
1564,77.63847861571149,77.71709448388859,6.9459320473244
1565,76.81395710828335,77.65900587920898,7.519578915376777
1566,75.77967180425087,77.69671704012507,8.172942471975185
1567,74.49776038448816,78.48101265822785,8.747906448648141
1568,72.9015701766077,79.10740559097597,9.422709134583013
1569,70.84760921665226,79.58313595452393,10.194178978960743
1570,67.6519596405604,79.91784573254222,10.65448575615263
1571,66.56727908861747,80.97560975609755,10.835052549817533
1572,65.28640365894587,81.86506231198969,10.54133032574694
1573,62.572177596709885,82.3529411764706,10.929481730259
1574,61.022760390525946,83.06645316253002,10.432625259788116
1575,59.17144335188308,83.62934362934362,10.066621484877489
1576,56.87363074210608,84.05204460966543,9.367344391606215
1577,53.444443271472885,84.34596140100072,9.252353355923299
1578,53.444443271472885,88.02716225875625,6.25719065569431
1579,53.444443271472885,91.85132237312366,3.4918724077580916
1580,50.74578360755831,92.1939477303989,3.1734237699445025
1581,50.59814488442024,92.17896174863388,2.9197180459888497
1582,50.39087616500364,92.18538565629228,2.622656081361009
1583,50.12339131722617,92.21256684491979,2.3277202490973177
1584,49.79491957774275,92.25955204216073,2.1284690286722387
1585,49.40449165318305,92.32512953367876,2.03117127986513
1586,48.95092148886175,92.40787801778907,2.103606995369375
1587,48.43278279498687,92.50621890547264,2.3442653989878655
1588,47.84837907507389,92.61846901579587,2.7094970777255223
1589,47.19570542144891,92.74289099526067,3.0530561805260312
1590,46.472399658970005,92.87773933102653,3.43741235311508
1591,45.67567941955101,93.0213004484305,3.771438891542154
1592,44.802260234496096,93.17192600652884,4.179597563246943
1593,43.8482474299858,93.32805907172995,4.429543252213102
1594,42.8089909606532,93.48825331971399,4.8875232074001795
1595,41.6788863260999,93.65118577075098,5.038301509682186
1596,41.49373742962114,93.5688185140073,5.313105866914029
1597,42.09451138757818,93.17347687790556,5.158535499636713
1598,42.41754397687958,93.20578857002698,5.34690974844552
1599,42.48130440920153,93.25153374233129,5.5437019818131805
1600,41.56574329987554,91.43407122232917,3.952049223158879
1601,39.72507103026098,87.96296296296296,2.4149578180647784
1602,38.137003675771695,86.03124292506226,2.130713507626797
1603,36.79168429088794,85.52779653387351,2.0392811679896066
1604,34.25070510241071,85.07929417020326,2.3849769373846734
1605,33.41384060454494,84.63246724405951,2.8894085522993573
1606,32.23106261373766,84.37293365660128,3.212636693142719
1607,30.56316185476884,84.36339812186067,3.1573902726479006
1608,30.56316185476884,84.36339812186067,3.0884547423850357
1609,32.23106261373766,85.14436852545735,1.8510393940384031
1610,33.41384060454494,85.7872529424828,0.9807583706337806
1611,34.25070510241071,86.28545901273174,1.1462934150405104
1612,33.90767163875454,88.14175374829622,1.2191443503743382
1613,35.5882920871827,87.88307402168789,1.2671487493885718
1614,37.11814810080143,87.62836185819071,1.3571634154745236
1615,38.51599450424722,87.3796249366447,1.3303378882457069
1616,39.79573427422047,87.13910761154855,1.429764385067268
1617,40.968044814977326,86.90928843020097,1.9299028294299951
1618,42.04134593768273,86.692869174621,2.595015585340501
1619,43.02241208436217,86.4927536231884,2.816851805254684
1620,43.91677830893028,86.31201434548714,2.541790819130849
1621,44.72901985692635,86.15384615384616,2.522708658711905
1622,45.462950683938224,86.02150537634408,2.460954234796995
1623,46.1217679803444,85.91823491239455,2.393316997529131
1624,46.7081595447006,85.84717607973423,2.3076566114548456
1625,47.22438485543159,85.8112695179905,2.411253483660589
1626,47.672337036898504,85.81314878892734,2.442401436460804
1627,48.05359061028019,85.85503166783955,2.3034575152414987
1628,48.3694384191677,85.93861527480371,2.420208736116873
1629,48.62092011497453,86.06498194945848,2.5804931693469886
1630,48.80884389557835,86.23452294246177,2.795274215889023
1631,48.93380270064876,86.44688644688645,3.2123750871528363
1632,48.99618570873961,86.70095518001469,3.62227402967624
1633,48.99618570873961,86.9948567229978,4.275225407564486
1634,50.91290491138644,87.07508404930893,4.4774256248315885
1635,52.29376551903562,85.36678069175218,3.443200929509151
1636,52.29376551903562,82.2881033827442,3.3046716730215495
1637,52.29376551903562,79.36145952109464,4.45516111171056
1638,52.29376551903562,76.5868491068035,5.230135431231784
1639,52.29376551903562,83.77042949448878,2.631375061686021
1640,52.29376551903562,83.77042949448878,3.0137116303133444
1641,52.29376551903562,83.77042949448878,3.802623256497749
1642,52.29376551903562,83.77042949448878,4.929842069564192
1643,52.29376551903562,83.77042949448878,5.872854567822872
1644,52.29376551903562,83.77042949448878,6.731678460055574
1645,52.29376551903562,83.77042949448878,7.551662570790656
1646,52.29376551903562,83.77042949448878,8.331093790822795
1647,52.29376551903562,83.77042949448878,9.065929289329667
1648,52.29376551903562,83.77042949448878,9.754346602323757
1649,52.29376551903562,83.77042949448878,10.393618632517132
1650,52.29376551903562,83.77042949448878,10.978942510673704
1651,52.29376551903562,83.77042949448878,11.505403380024367
1652,52.29376551903562,83.77042949448878,11.863219558201868
1653,52.29376551903562,77.95515013302926,14.555620335240066
1654,52.29376551903562,80.80577727099961,14.342560102974014
1655,52.29376551903562,83.73242113264918,12.009702993999099
1656,52.29376551903562,86.81109844165717,9.069871943739086
1657,51.51377877561307,86.91936083240431,9.1947545517542
1658,50.60760778063425,88.07538963392534,9.179528810482033
1659,49.56395790377207,89.06525573192239,8.438096733733795
1660,48.36753045992007,89.89379924631723,8.028621931128983
1661,48.36753045992007,93.4224049331963,5.126322333581334
1662,48.36753045992007,97.08804385063378,3.4104041402542533
1663,46.99686275427143,97.17701760212555,3.4314157516621657
1664,45.420177204304274,97.49276759884282,3.443613672681148
1665,43.58623954617176,97.91860826343584,3.4638914096526716
1666,41.39921348091409,98.20089955022489,3.505443770167963
1667,38.60847376626084,98.35212489158717,3.577400031697817
1668,36.454989147718564,98.38892029395139,3.6458018884329255
1669,36.2262960616518,98.40425531914893,3.7365049263546233
1670,37.272604128732596,98.33615341229554,3.831911795036098
1671,39.23943528127242,98.09248554913295,3.930894511005563
1672,39.89687052369848,95.90829947765525,3.3553785068339654
1673,39.48709425646,91.89497716894977,5.030398707338759
1674,39.017672485733726,87.92717086834733,7.8577988599095425
1675,38.48729133926594,84.2755214050494,10.383334831657374
1676,37.8944070380123,95.89371980676329,1.491685879136938
1677,37.23721484014679,95.99056603773585,1.7025151307064452
1678,36.51360989093781,96.09095554420031,2.02284969860742
1679,35.72113753882612,96.19402985074628,2.553906182535129
1680,34.85692968304317,96.2989840348331,3.5641247698134104
1681,33.917622225405296,96.40507518796993,4.918589251522509
1682,35.08727218152081,96.43854748603351,6.466699727519201
1683,37.06432918017749,96.33286318758815,6.735654373366312
1684,39.72794728273212,96.27432368296155,7.027217021055456
1685,41.21001666889895,96.12625538020086,7.229152709588013
1686,42.187668190010434,95.88744588744589,7.32921120230101
1687,41.805516138414454,93.68047337278107,5.378069454437083
1688,42.29950894956584,93.35390458105863,5.3916597434745315
1689,42.45956077075224,92.94369208838204,5.325200285953218
1690,42.29950894956584,92.451934488488,4.91365362986891
1691,41.805516138414454,92.18934911242603,5.03222151619683
1692,40.92748415856139,91.9434628975265,5.14353284756761
1693,39.533916658296484,91.78563070442313,5.050796141284287
1694,36.949918897474,91.55256440009283,5.150983283076
1695,35.95072062411123,91.4957363447799,5.253595581188857
1696,37.03541277143485,90.93935790725327,5.144708661615619
1697,38.035924772208794,90.36528560921795,5.0908826275711085
1698,39.77758102084596,89.81457962915925,5.013704649177986
1699,40.94395170510269,87.39953331604875,3.948966783711399
1700,40.94395170510269,83.22530464091263,3.7285599320202913
1701,40.94395170510269,79.1547835105004,5.825837989797929
1702,40.94395170510269,75.18796992481202,7.197876694781264
1703,40.94395170510269,85.8957739175525,4.822655739348613
1704,40.94395170510269,85.8957739175525,5.848916062967329
1705,40.94395170510269,85.8957739175525,6.916491932587294
1706,40.94395170510269,85.8957739175525,8.052382276414068
1707,40.94395170510269,85.8957739175525,10.338688437986635
1708,40.94395170510269,85.8957739175525,12.1993734719674
1709,40.94395170510269,85.8957739175525,13.768973400257467
1710,40.94395170510269,85.8957739175525,15.168560732508965
1711,40.94395170510269,85.8957739175525,15.713598759249894
1712,40.94395170510269,85.8957739175525,16.27366736068708
1713,40.94395170510269,85.8957739175525,16.980170793406483
1714,42.025564978306825,85.52527123577666,17.922506292859932
1715,43.98429709193413,84.67897492422155,17.80173931272417
1716,45.7225588491765,83.62489245770003,17.770087297238277
1717,47.28064326038958,82.40381747688637,17.994567363448585
1718,48.68498016015922,81.25193678339015,18.750588549791882
1719,49.95417517331521,80.28304921196526,19.816353992469534
1720,51.10197056930617,79.29309769923307,20.62643184352043
1721,51.830447612516316,76.87821612349914,21.082781458195832
1722,52.48101923613323,74.25149700598803,20.984139645152087
1723,53.056541990123684,71.74305304944063,20.968480086433896
1724,54.94178405248963,70.16949152542372,20.66710341480936
1725,56.57148571380674,68.39418924224577,20.248319405041403
1726,57.99699945677037,66.40784634246016,18.311313431162038
1727,58.64362204390696,55.708333333333336,10.60071403692628
1728,58.64362204390696,55.708333333333336,10.06300155428222
1729,58.64362204390696,56.083333333333336,10.468759722908885
1730,58.64362204390696,56.166666666666664,9.972052075876748
1731,57.771791227202925,66.35437881873727,16.692073270303247
1732,57.13576858972297,65.84578118691967,16.138299895130526
1733,57.9065537120373,63.2016632016632,12.947924319247502
1734,58.5802360284222,60.35882101665955,10.341394414402393
1735,59.06818136203759,58.90052356020942,9.552069178238385
1736,59.382927423164745,55.403011514614704,7.089249383502799
1737,59.62231161599342,52.1505376344086,5.812243209528253
1738,59.78738821328212,48.50948509485095,9.375821782577347
1739,59.878869957855166,46.55172413793103,9.11879607519032
1740,59.89714693287225,48.455949137148046,10.750327161249833
1741,59.84229665856571,51.177536231884055,9.104330159058504
1742,59.71408607942545,53.87038703870387,6.094766409197997
1743,59.179023600152696,55.37444933920705,5.627833637958591
1744,58.87497183050707,57.64040052242055,5.364080015408262
1745,58.87497183050707,61.079669133652594,5.817803582543677
1746,58.87497183050707,64.69307792773182,6.6968392357125275
1747,58.87497183050707,68.48062690465825,8.316339560998351
1748,57.98567841978116,70.65817409766454,8.541845515190765
1749,57.98567841978116,70.65817409766454,8.204273207225357
1750,58.30516704802256,69.60447119518487,7.863570627184677
1751,58.30516704802256,65.77815993121239,5.24043879592902
1752,58.30516704802256,62.12381771281169,2.8493673949246108
1753,58.30516704802256,58.6414445399828,5.203212679634794
1754,58.30516704802256,63.62854686156492,4.211811621467273
1755,58.30516704802256,58.6414445399828,6.924723357231595
1756,58.30516704802256,62.12381771281169,4.952730872944816
1757,58.30516704802256,65.77815993121239,3.820941566592584
1758,58.30516704802256,69.60447119518487,2.492531317324446
1759,57.64140523915113,71.75188600167644,1.7546561154285198
1760,57.32625233020746,71.67630057803468,1.717564794650768
1761,56.93852267930894,71.69505271695053,2.022203317952452
1762,56.47659391440524,71.80301826846704,2.882612764328485
1763,55.93845248858411,71.99379363847945,4.079644004846938
1764,55.321634663413015,72.26001511715798,5.16728016774612
1765,54.623147960461665,72.59368111682586,6.012921595880337
1766,53.839365956879156,72.9864575908767,6.3088304074123895
1767,52.96588563350798,73.42995169082126,6.438303012747115
1768,51.997330480498185,73.91594396264176,6.795241095838384
1769,50.927072331487125,74.43657437218287,7.5536888361746675
1770,49.74682661820651,74.98448168839231,7.966114264776324
1771,48.446041230231494,76.35983263598327,8.30379682926072
1772,47.01092948930008,77.57331799884992,8.730817143024494
1773,45.42284471577016,78.63460475400774,9.53833287645512
1774,43.65531904473452,79.5539033457249,10.332618047338288
1775,42.54370150239533,79.96918335901387,10.841360939726336
1776,41.33397652610989,80.3970223325062,11.03126502637044
1777,40.01768280610247,81.16914230953522,11.12821847422944
1778,38.584104239606354,82.17753120665742,10.937486622176573
1779,37.0193017050884,83.05840392331699,10.96372629278797
1780,35.30448656686449,83.6699613235926,10.785748492628752
1781,34.38294670817921,85.9523307319131,8.750681829080525
1782,35.30448656686449,89.55737000429738,6.960442746290027
1783,37.0193017050884,92.91127953633527,5.084571947754703
1784,37.52835767604562,94.46962828649139,4.44286705345697
1785,35.93601672683202,92.41685144124169,5.743530337216695
1786,33.17429551153365,88.9859394972305,7.484657114216881
1787,29.294084863032438,85.53008595988538,9.392757833608467
1788,27.185591954352272,82.6232741617357,12.681645795573829
1789,24.79110410330733,93.27251995438996,4.379030335899018
1790,21.965113523257457,93.61039912120103,4.479086011696455
1791,18.021907601211858,93.86243386243386,4.580596219210053
1792,16.404651553922076,94.51844262295081,4.613280269671157
1793,14.649899564050445,95.04132231404958,4.689853072395483
1794,12.735365131348061,95.47344849648113,4.834502753230953
1795,10.628513950700318,95.80625193438564,4.9755151624944975
1796,10.628513950700318,95.80625193438564,5.017581799318756
1797,10.628513950700318,95.80625193438564,5.052877700804681
1798,10.628513950700318,95.80625193438564,5.09293039803598
1799,10.628513950700318,95.80625193438564,5.1355332391472945
1800,10.628513950700318,95.80625193438564,5.181066751069358
1801,10.628513950700318,95.80625193438564,5.2269525685545775
1802,10.628513950700318,95.80625193438564,5.272415485653194
1803,15.181051235639407,95.65496232162899,5.299639842751429
1804,18.409507235797985,95.44774879548098,5.3080247841498185
1805,20.841488010074748,95.11355815554026,5.268690327655059
1806,21.850181584661815,93.03343252231753,5.508287227327595
1807,21.850181584661815,81.2532819884474,12.790405705342401
1808,21.850181584661815,81.2532819884474,12.919458561044964
1809,21.850181584661815,81.55084894101172,12.328511426420294
1810,21.850181584661815,94.9238578680203,2.871808856661124
1811,20.841488010074748,95.11355815554026,4.349490498817431
1812,20.841488010074748,95.11355815554026,4.544117061183939
1813,20.841488010074748,95.11355815554026,4.770265354648883
1814,20.841488010074748,95.11355815554026,5.292074239061742
1815,20.841488010074748,95.11355815554026,6.168190558049165
1816,20.841488010074748,95.11355815554026,7.376767736967004
1817,20.841488010074748,95.11355815554026,7.883657787501585
1818,20.841488010074748,95.11355815554026,8.370630959540074
1819,20.841488010074748,95.11355815554026,9.331747457434385
1820,22.54696533479427,95.02278303540133,9.859767716211318
1821,25.395777508342444,94.74545454545455,9.94944777567007
1822,27.813532343258263,94.37947944172011,9.57712772054858
1823,29.945755358758863,93.91627543035993,9.498152768448032
1824,31.86139541968897,93.50912778904666,9.547012858748161
1825,33.97452279301033,93.15645399031375,9.423389188900515
1826,36.18207621470314,92.64609323703218,9.208513600999936
1827,37.81914090549355,91.85017026106696,8.726956524122793
1828,38.584104239606354,89.29727230698104,7.14292129553294
1829,38.584104239606354,85.15950069348128,4.952966411279809
1830,38.584104239606354,81.11419325011558,3.8910390121020253
1831,38.584104239606354,77.16134997688395,5.057011951715864
1832,38.584104239606354,86.87008784096163,6.326795284501571
1833,39.528749607700846,86.4482677350931,7.162060298375081
1834,39.528749607700846,82.22955456045251,5.796553766608911
1835,39.528749607700846,78.10511430591562,5.774912409570988
1836,39.528749607700846,74.07494697148245,6.635722149297922
1837,39.528749607700846,80.55621022861183,6.045238949186012
1838,39.528749607700846,80.55621022861183,6.136397038892528
1839,39.528749607700846,74.09851520150836,7.704427303553985
1840,39.528749607700846,78.12868253594155,7.268667306974525
1841,39.528749607700846,82.25312279047843,6.728044715803996
1842,39.528749607700846,86.47183596511901,8.798977070639324
1843,40.51427317058136,86.53936822253654,8.834628408461027
1844,41.41977082286868,86.70288143599433,9.014788151081357
1845,41.41977082286868,86.63202645252716,9.092031860777015
1846,43.576022316561655,85.80914904082637,8.805564864072297
1847,45.48410789744113,85.04864311315924,8.290373403164443
1848,48.52760614296232,84.4017094017094,7.966328517812786
1849,51.534512277327714,83.60335195530726,7.305909552285891
1850,53.943787648089916,82.65186915887851,6.749546527022366
1851,53.943787648089916,78.00817757009345,4.94956793675678
1852,53.943787648089916,73.48130841121495,4.560129370755514
1853,53.943787648089916,69.07126168224299,6.5728252365948725
1854,53.943787648089916,75.29205607476635,4.745197410336976
1855,53.943787648089916,75.29205607476635,5.012446309982256
1856,53.943787648089916,75.29205607476635,5.311584756004467
1857,53.943787648089916,75.29205607476635,5.642520896026937
1858,53.943787648089916,75.29205607476635,5.935616909316744
1859,53.943787648089916,67.31892523364486,9.848137820148905
1860,53.943787648089916,71.20327102803738,8.385102400940763
1861,53.943787648089916,75.67172897196262,7.083507194435476
1862,53.943787648089916,80.25700934579439,5.7655796830575134
1863,53.25755510822575,83.32855915210541,4.573065926410831
1864,51.16566663583826,84.33470507544581,4.315686279770275
1865,48.72782850396741,85.18518518518519,4.00416107572358
1866,45.69302794376403,85.868745285391,4.062199045837661
1867,45.69302794376403,85.868745285391,4.266862333074996
1868,45.69302794376403,85.868745285391,4.48849157979116
1869,45.69302794376403,85.868745285391,4.678378016680583
1870,45.69302794376403,85.868745285391,4.764282957861067
1871,45.69302794376403,85.868745285391,4.778650690958495
1872,45.69302794376403,85.868745285391,4.857639260238386
1873,45.69302794376403,85.868745285391,5.151995087119134
1874,45.69302794376403,85.868745285391,5.398511631369041
1875,45.69302794376403,85.868745285391,5.577406073885506
1876,45.69302794376403,85.868745285391,5.6963742199557394
1877,45.69302794376403,78.02363590646216,10.334124625319076
1878,45.69302794376403,82.17249182801106,8.438437984233998
1879,45.69302794376403,86.42192607493085,5.452497152143613
1880,45.69302794376403,90.77193864722152,4.047262201103048
1881,44.94563390989213,90.86870681145113,4.032670069696122
1882,44.94563390989213,90.86870681145113,4.078164064864302
1883,44.94563390989213,90.86870681145113,4.245135390304202
1884,45.01497260714934,90.91358024691358,4.4042598384239815
1885,44.94563390989213,90.86870681145113,4.460003526351296
1886,43.363607712611106,90.33366045142296,4.58177815166831
1887,41.65739464615513,90.04392386530014,4.881111015635984
1888,41.01113737464142,90.45653229723166,5.245518226706531
1889,42.189139604460756,90.1305876443998,5.592877756414595
1890,43.27305019844902,80.74727555786197,10.027379374660484
1891,44.26904937609449,84.60096411355116,7.955082241275426
1892,45.18223525876519,88.62506902263942,6.8145522931235485
1893,46.01685917815294,92.80841387151791,5.412451375637083
1894,46.40585009418044,92.70683194004036,5.3883436147783685
1895,49.343589638913045,92.28683338354926,5.453005277243147
1896,52.67632502936309,91.83737787582729,5.562450924130721
1897,55.57165876229212,91.35598812273177,5.584537281064828
1898,57.86643450483356,90.714532274767,5.652618030724345
1899,59.8114741745741,77.01190905810176,11.996122615393533
1900,61.50282975826215,80.43724085940445,11.074475613751726
1901,62.99197275705787,84.66378293354306,7.9926896949683
1902,64.31094251606332,89.14379352724293,4.909636224284077
1903,64.59448535475008,91.71178675551853,3.3597619973392066
1904,65.06756267803236,91.62105263157895,3.4425709685599553
1905,65.39008352976022,89.39329656342808,4.78462116601559
1906,65.56757375880562,91.43587558585428,3.571910523190713
1907,65.6029305897505,93.34754797441364,2.154279418961483
1908,65.49671955868065,95.10846448319865,2.241976097941433
1909,64.00063007058914,95.49060542797494,2.8126807236540667
1910,61.86713177909534,95.70903146710258,3.197897307444055
1911,62.1526063921171,95.65397350993378,3.3621776954903675
1912,62.664247132438724,92.96610169491525,1.7206812941743463
1913,63.09876103868165,90.00865051903114,2.99544647256332
1914,63.458096319394265,86.79577464788733,4.983725503201503
1915,63.74380274213738,91.5625,1.653722436404
1916,63.957074799978244,91.471119133574,1.6029027303134336
1917,64.09878320022818,91.4090909090909,1.4994171899921878
1918,64.16949686211792,91.37773722627738,1.8303924508890987
1919,64.16949686211792,91.37773722627738,2.1987768225441466
1920,64.09878320022818,91.4090909090909,2.5720243056030876
1921,63.957074799978244,91.471119133574,2.9819096966256713
1922,63.743802742137376,91.5625,3.4209685046366194
1923,63.458096319394265,91.68133802816901,3.8223440391109196
1924,63.09876103868165,91.82525951557093,4.3360216934717375
1925,62.664247132438724,91.99152542372882,5.215669572359603
1926,63.62299091667976,91.98473282442748,5.969717898914407
1927,65.44138762484577,91.58716392020816,6.440119723213133
1928,66.78704331124182,91.02564102564102,6.57149502779428
1929,67.80139803815298,90.29649595687331,7.098234788156035
1930,68.5485945831705,89.7634212920837,7.889053379472299
1931,69.06337823399504,89.57759412304867,8.81387383173289
1932,69.36544241350828,89.4275161588181,9.733312908065658
1933,69.46506195476671,89.3154486586494,10.734511530175489
1934,69.36544241350828,89.24284395198522,11.917335108328002
1935,69.06337823399504,89.21028466483011,12.802844911121554
1936,68.54859458317051,89.21747042766151,13.776663124494235
1937,67.03901972638985,84.52173913043478,11.671929480280886
1938,65.30253691826708,80.66390041493776,10.592418394453093
1939,65.03244050191829,80.53024026512013,11.374695941685307
1940,64.67866294953694,80.36378668871434,12.334698345320529
1941,64.67866294953694,80.36378668871434,13.242999242203389
1942,65.23598735347751,80.63044379925343,14.180098701043557
1943,65.23598735347751,80.63044379925343,15.228901888044012
1944,64.29158185688958,79.90135635018495,16.003515818033968
1945,64.1057504840876,78.05976258698321,16.80610290341103
1946,63.76775935789369,76.14790735473385,17.723408199964368
1947,63.27121522315749,74.18576598311218,18.06721216719093
1948,62.60586594956494,77.7865926219754,20.625732466933872
1949,61.20503850973723,73.92462885420632,20.950924096630366
1950,59.619697748043684,70.30280919372491,20.548622933394444
1951,58.11854435226238,68.18825194621373,19.63398337447371
1952,56.61332077149527,67.14087439278279,19.832857263151848
1953,54.64539695623034,65.75016972165648,18.547492039139964
1954,51.531362394540814,64.24784625579854,18.768871982882054
1955,49.258592329129776,66.11093299134338,21.015477242696235
1956,46.83249421169438,64.70219435736676,21.153843572588446
1957,48.924109356817695,63.65120836054866,20.07247172783202
1958,50.72224608731138,62.47450713800136,22.16921834478556
1959,53.58744908033538,61.361219425735555,23.086378226698
1960,55.135809357784446,60.007371913011426,21.95587797382858
1961,56.574462998403106,58.55993872079663,22.30380020446825
1962,57.910625246152875,57.01789264413519,22.846216130772902
1963,59.15003393798468,55.381443298969074,22.175314721729066
1964,61.14747138851532,53.90557939914163,22.63308637548375
1965,63.445283998292325,52.600896860986545,21.467460393237886
1966,65.29660103693519,51.16931711880262,19.528040454114787
1967,66.84601824311913,49.61051606621227,19.05745657617366
1968,68.16146427813821,42.9726996966633,19.38382566718866
1969,69.28228788662341,45.49738219895288,19.71298925201136
1970,70.2338693089872,48.21621621621622,19.378810910360375
1971,71.03364255141692,49.61067853170189,21.317825558723854
1972,71.69403601110744,49.25883694412771,22.011650724735023
1973,72.24527571787628,47.26107226107226,22.732343060549372
1974,72.88951776399483,45.43828264758497,23.653209624965314
1975,73.59537370227342,43.79963347587049,25.187650100475384
1976,73.89335199590387,41.805813234384665,25.629449260971747
1977,74.07080571718119,39.81308411214953,24.921227697830584
1978,74.12973918446505,37.85134291068083,33.82880256490616
1979,74.07080571718119,35.95015576323988,43.818092545396325
1980,73.89335199590387,35.188620902906614,44.096185560278656
1981,73.59537370227342,34.758704948075746,44.22544386338781
1982,73.17337465783292,34.65465465465466,44.21937794711976
1983,72.622103450939,35.62610229276896,44.09045104890669
1984,71.93411374288705,36.561604584527224,43.84201043939243
1985,71.09904403065009,37.45130773511408,42.54523199092757
1986,70.10240939372865,38.34141087775983,33.662204235166364
1987,69.96465197672805,36.557990379476216,42.36967707333752
1988,69.74737284598373,35.076597992604334,41.61649881640556
1989,69.44947484866012,33.90535621424857,40.74889776436044
1990,69.56541561431634,32.15584415584416,40.84428422619907
1991,70.03849293759862,29.594523433385994,
1992,71.91803107017125,27.750939345142243,
1993,72.76416046481329,25.844504021447722,
1994,72.11554138932676,24.492979719188767,
1995,71.36455889904208,23.227752639517345,
1996,70.94881447781607,22.814814814814813,
1997,69.80700359590674,22.26432970156324,
1998,68.31078952697057,21.25734961555857,
1999,67.48075473103994,20.75971731448763,
2000,67.48075473103994,28.886925795053003,
2001,66.29727952694486,30.889830508474578,
2002,64.96579078437438,32.79220779220779,5.756061835028783
2003,63.46451113649786,34.588509316770185,10.757834144864363
2004,61.761378574942675,36.275964391691396,15.310048199720077
2005,60.58772882287358,37.51783166904422,15.64837065454069
2006,59.285385926147626,38.97260273972603,19.030686958814027
2007,57.83848772831681,40.63731931668857,13.119095325401053
2008,56.225060991598646,42.19143576826197,11.342052344424305
2009,54.35589266944256,43.623756406391315,9.927764725535566
2010,52.14669263546555,44.937986732045,9.865938816822334
2011,49.50194812633603,46.15172413793103,10.429592336488152
2012,47.524060585223964,47.41995236835142,11.643358649463028
2013,45.257372000428425,48.59172798782035,13.293402445065269
2014,42.55649287724109,49.67161274629044,13.240165541330304
2015,38.73582155435625,50.664490557239446,13.912024276130472
2016,34.89767908191396,51.621561171997314,14.793404474328526
2017,34.89767908191396,54.551554462089015,10.16137333857546
2018,34.89767908191396,57.749944084097514,10.686199431759473
2019,34.89767908191396,61.037799150078285,9.773129065787503
2020,34.25370941381905,63.352397712274524,10.134934871735197
2021,32.05447965305689,64.24640135478408,9.892178750014471
2022,29.511666517578636,65.050916496945,9.244613160082306
2023,31.72930261431115,67.87866195719926,6.409979413194082
2024,34.842353688291276,70.63783783783784,4.190978823362326
2025,36.00045205018887,70.5370732767993,4.254796271482258
2026,36.73190855465915,70.39947609692207,4.581185623278065
2027,37.119120219004884,70.55348938963027,5.186498679062425
2028,37.19511092637424,71.0002188662727,5.8370267573103884
2029,36.96572040793064,71.40983606557377,6.003341153018744
2030,36.41271280390295,71.78034430159076,6.24989135219462
2031,36.69413316106666,73.36872373368723,5.731301437989083
2032,37.99989008841662,76.68725692061314,4.929146644879087
2033,39.20453972055123,80.18444076613856,3.8185174124346566
2034,40.31570697086286,83.85836385836386,3.5923448270380898
2035,38.30480001414293,84.10244020294758,4.070138663381694
2036,37.094976456896994,84.10918839873264,4.8884787740816
2037,37.987088927103265,83.94783044895912,5.531675916496488
2038,38.805634383471414,83.81026037638567,6.160258426157132
2039,39.553706629009795,83.6993913733792,6.814422207502895
2040,40.23394670433173,83.61811771087605,7.5087673762334
2041,42.675743126820514,83.40342024109896,8.203431937560566
2042,45.60309143099486,82.94823047674758,8.954897911412964
2043,47.93076526479002,82.3726745959134,9.516899767091974
2044,51.050603497164325,81.82107609041707,10.091495612250108
2045,53.91257883186827,81.29783693843594,10.821618250913257
2046,56.17303579736401,80.63955509210983,11.71559783329954
2047,58.08273936040941,70.80159593761334,14.413131523257967
2048,59.73767933500369,74.10207939508507,13.794237363338436
2049,61.18925916892358,77.88272333726879,13.552220415671826
2050,62.46944350726063,81.88139059304703,12.260571247901094
2051,61.465892646098034,82.31237322515213,12.573346221166902
2052,59.77756706346318,82.63136782992379,12.746280207954019
2053,57.23658787498595,82.90462999604274,12.57773783301433
2054,58.08319007389298,87.06650346797225,9.509406196809284
2055,58.82607917928599,91.35543432647923,6.800654034906199
2056,59.47085063850085,95.73826947912183,1.8837058381766048
2057,58.058002411081354,95.73643410852713,1.9575483493267867
2058,58.534743335134955,95.65026362038664,2.1219669776582957
2059,58.92481845657497,95.57640750670241,2.2973435837095173
2060,59.230446483890965,95.5163043478261,2.4699355418537867
2061,59.45330023164211,95.4711802378774,2.6303515323002413
2062,59.59456483994398,95.44198895027624,2.764819147339696
2063,59.65497694844451,95.42936288088643,2.8455532739793528
2064,59.63484819663308,95.43357933579335,2.897967035329863
2065,59.534074972413855,95.45454545454545,2.9312765734009862
2066,59.352135183644315,95.49180327868852,2.9228182360305857
2067,59.088071797555585,95.54455445544555,2.901741749076872
2068,58.74046182481404,95.61170212765957,2.8635495839982124
2069,58.3073681531175,95.69190600522194,2.7532668324391563
2070,57.78626994227488,95.78364565587734,2.579876783247319
2071,57.173964846504596,95.88528678304239,2.4591135641935877
2072,56.466432572056455,95.99514563106796,2.7752440064991055
2073,55.6586432076804,96.11154752553024,3.639858336883386
2074,54.744283481178535,96.23287671232876,3.627204261660209
2075,53.715355777818466,96.35761589403974,3.634419470259116
2076,52.5615702199228,96.484375,3.6609567133867773
2077,51.2693804089948,96.61190965092402,3.70780787482047
2078,49.82036038220619,96.73913043478261,3.8419210075678976
2079,48.18824550114141,96.86510449651678,3.8917795272199225
2080,46.33289500038776,97.38442822384428,4.002387673495025
2081,46.33289500038776,97.38442822384428,4.041056882306415
2082,46.33289500038776,97.38442822384428,4.087617627510965
2083,46.33289500038776,97.38442822384428,4.142283143387745
2084,47.61480642015047,96.93688118811882,4.17323264025454
2085,48.64909172418296,96.89070351758794,4.239446725265888
2086,49.473613231611104,96.85114503816794,4.311533208878381
2087,50.11200473312351,96.81876606683805,4.375379316576464
2088,50.579628439666486,96.7940414507772,4.436794519894595
2089,50.886428061814975,96.77734375,4.511404422677378
2090,50.51102184129699,94.48364336112893,5.476671532048122
2091,49.49889835565045,90.04959702417855,8.528358143718528
2092,48.38623439483578,85.81687612208259,10.908853901730643
2093,47.164684947515674,81.79457587997692,14.559803543954203
2094,45.82364205591779,94.91384102279044,3.9606088612548986
2095,44.34926733564769,95.10433386837882,3.83635619662715
2096,42.72286614248398,95.29078744209984,3.576998525895455
2097,40.91792603591975,95.4725383473528,3.3453442681709524
2098,38.89407721114965,95.95815501664289,2.9217621356306607
2099,36.582466664800464,96.32252169940612,2.636943078725627
2100,33.837658923628915,96.57744624835455,2.490412097290651
2101,29.974009333674896,96.73409186683523,1.888049508696136
2102,27.61164303898276,97.03853955375254,1.7654104899992398
2103,24.81713773480037,97.24716907458024,1.699615055622989
2104,20.904805529946355,97.36940999624201,1.659564848496527
2105,20.904805529946355,97.36940999624201,1.6602875759873228
2106,20.904805529946355,97.36940999624201,1.6607559977147268
2107,20.904805529946355,97.36940999624201,1.660963641466173
2108,20.904805529946355,97.36940999624201,1.6609168400240868
2109,20.904805529946355,97.36940999624201,1.660593160283834
2110,20.904805529946355,97.36940999624201,1.659949174757916
2111,20.904805529946355,97.36940999624201,1.658914465276052
2112,20.904805529946355,97.36940999624201,1.658914465276052
2113,20.904805529946355,97.36940999624201,1.658914465276052
2114,20.904805529946355,97.36940999624201,1.658914465276052
2115,20.904805529946355,97.36940999624201,1.6568189021067186
2116,20.904805529946355,97.36940999624201,1.6546447492558274
2117,20.904805529946355,97.36940999624201,2.428830730507462
2118,20.904805529946355,97.36940999624201,2.6250008402587945
2119,20.904805529946355,97.36940999624201,2.624960973339031
2120,20.904805529946355,97.36940999624201,2.67016712155194
2121,20.904805529946355,97.36940999624201,2.82564270630883
2122,20.904805529946355,97.36940999624201,2.967971098999736
2123,20.904805529946355,97.36940999624201,3.1006416113047224
2124,20.904805529946355,97.36940999624201,3.2261256894518375
2125,20.904805529946355,97.36940999624201,3.3362272689801125
2126,20.904805529946355,97.36940999624201,3.4347912866871404
2127,20.904805529946355,97.36940999624201,3.5337313331755267
2128,20.904805529946355,97.36940999624201,3.637137918825479
2129,20.904805529946355,97.36940999624201,3.745021795068519
2130,20.904805529946355,97.36940999624201,3.8560319941047485
2131,20.904805529946355,97.36940999624201,3.963606513534403
2132,20.904805529946355,97.36940999624201,4.067082894905452
2133,20.904805529946355,97.36940999624201,4.163123132044439
2134,20.904805529946355,97.36940999624201,4.259839843207676
2135,20.904805529946355,97.36940999624201,4.371754643658686
2136,20.904805529946355,97.36940999624201,4.487408049154666
2137,20.904805529946355,86.05787298008268,13.167007355039852
2138,20.904805529946355,89.64674934235249,10.990541177167408
2139,20.904805529946355,93.3107854190154,7.83258312938026
2140,20.904805529946355,97.04998121007141,3.6922975482816778
2141,20.224310574212893,98.96411394746578,2.6974594734351265
2142,18.784207260408554,98.99641577060932,2.6953715403479244
2143,17.229343045866873,99.02811523776467,2.700442204816364
2144,15.545677768839417,99.05913978494624,2.715027595374429
2145,13.714327712531832,99.08943089430895,2.7284557242381107
2146,11.708603018542624,99.11894273127753,2.696890636855942
2147,9.487967175563591,99.3455098934551,2.542878511010797
2148,6.983410335803749,99.49941107184924,2.371660023928775
2149,4.049349277294945,99.58701224722302,2.332370036273343
2150,-0.0,99.61432506887053,2.32785808981464
2151,-0.0,99.61432506887053,2.3277677449929137
2152,-0.0,99.61432506887053,2.327352300250514
2153,-0.0,99.61432506887053,2.3266161134451115
2154,-0.0,99.61432506887053,2.325548005358391
2155,-0.0,99.61432506887053,2.3241204655573653
2156,-0.0,99.61432506887053,2.3223076904227486
2157,-0.0,99.61432506887053,2.320132942412831
2158,-0.0,99.61432506887053,2.320132942412831
2159,-0.0,99.61432506887053,2.320132942412831
2160,-0.0,99.61432506887053,2.320132942412831
2161,-0.0,99.61432506887053,2.3157396432251303
2162,-0.0,99.61432506887053,2.3111979374227163
2163,-0.0,99.61432506887053,2.3066191215814884
2164,-0.0,99.61432506887053,2.3020081893454605
2165,-0.0,99.61432506887053,2.2973705969083125
2166,-0.0,99.61432506887053,2.2927122628640895
2167,-0.0,99.61432506887053,2.288038744745763
2168,-0.0,99.61432506887053,2.2833546419874775
2169,-0.0,99.61432506887053,2.27867409976792
2170,-0.0,99.61432506887053,2.27400621184926
2171,-0.0,99.61432506887053,2.2693558923976282
2172,-0.0,99.61432506887053,2.2647245538417162
2173,-0.0,99.61432506887053,2.2601120802086405
2174,-0.0,99.61432506887053,2.2555183564683805
2175,-0.0,99.61432506887053,2.250943268524229
2176,-0.0,99.61432506887053,2.2463867032033322
2177,-0.0,99.61432506887053,2.2418485482473685
2178,-0.0,99.61432506887053,2.2373286923033247
2179,-0.0,99.61432506887053,2.2328270249143873
2180,-0.0,99.61432506887053,2.2283434365109462
2181,-0.0,99.61432506887053,2.2238778184017085
2182,-0.0,99.61432506887053,2.2194300627649084
2183,-0.0,99.61432506887053,2.215000062639632
2184,-0.0,99.61432506887053,2.2105877119172423
2185,-0.0,99.61432506887053,2.2061929053329172
2186,-0.0,99.61432506887053,2.201815538457263
2187,-0.0,99.61432506887053,2.197455507688042
2188,-0.0,99.61432506887053,2.1931127102420196
2189,-0.0,99.61432506887053,2.1887870441468693
2190,-0.0,99.61432506887053,2.184478408233197
2191,-0.0,99.61432506887053,2.180186702126652
2192,-0.0,99.61432506887053,2.1759118262401307
2193,-0.0,99.61432506887053,2.1716536817660823
2194,-0.0,99.61432506887053,2.1674121706688854
2195,-0.0,99.61432506887053,2.163187195677331
2196,-0.0,99.61432506887053,2.1589786602771817
2197,-0.0,99.61432506887053,2.154786468703832
2198,-0.0,99.61432506887053,2.1506105259350288
2199,-0.0,99.61432506887053,2.146450737683706
2200,-0.0,99.61432506887053,2.142307010390881
2201,-0.0,99.61432506887053,2.1381792512186477
2202,-0.0,99.61432506887053,2.13406736804323
2203,-0.0,99.61432506887053,2.1299712694481405
2204,-0.0,99.61432506887053,2.1258908647174
2205,-0.0,99.61432506887053,2.1218260638288404
2206,-0.0,99.61432506887053,2.11777677744749
2207,-0.0,99.61432506887053,2.1137429169190223
2208,-0.0,99.61432506887053,2.1097243942632846
2209,-0.0,99.61432506887053,2.1057211221679104
2210,-0.0,99.61432506887053,2.101733013981987
2211,-0.0,99.61432506887053,2.097759983709814
2212,-0.0,99.61432506887053,2.093801946004702
2213,-0.0,99.61432506887053,2.0898588161628893
2214,-0.0,99.61432506887053,2.085930510117473
2215,-0.0,99.61432506887053,2.0820169444324517
2216,-0.0,99.61432506887053,2.0781180362968126
2217,-0.0,99.61432506887053,2.074233703518689
2218,-0.0,99.61432506887053,2.070363864519591
2219,-0.0,99.61432506887053,2.066508438328681
2220,-0.0,99.61432506887053,2.062667344577143
2221,-0.0,99.61432506887053,2.0588405034925876
2222,-0.0,99.61432506887053,2.0550278358935294
2223,-0.0,99.61432506887053,2.0512292631839313
2224,-0.0,99.61432506887053,2.047444707347799
2225,-0.0,99.61432506887053,2.0436740909438478
2226,-0.0,99.61432506887053,2.0399173371002033
2227,-0.0,99.61432506887053,2.036174369509195
2228,-0.0,99.61432506887053,2.0324451124221854
2229,-0.0,99.61432506887053,2.0287294906444497
2230,-0.0,99.61432506887053,2.025027429530139
2231,-0.0,99.61432506887053,2.0213388549772637
2232,-0.0,99.61432506887053,2.0176636934227594
2233,-0.0,99.61432506887053,2.014001871837604
2234,-0.0,99.61432506887053,2.0103533177219584
2235,-0.0,99.61432506887053,2.0067179591004023
2236,-0.0,99.61432506887053,2.00309572451719
2237,-0.0,99.61432506887053,1.9994865430315754
2238,-0.0,99.61432506887053,1.9958903442131768
2239,-0.0,99.61432506887053,1.9907043892662166
2240,-0.0,99.61432506887053,1.9830441711693514
2241,-0.0,99.61432506887053,1.9106701302645996
2242,-0.0,99.61432506887053,1.836635752162685
2243,-0.0,99.61432506887053,1.7613722563911896
2244,-0.0,99.61432506887053,1.6853609837731969
2245,-0.0,99.61432506887053,1.6096888483738643
2246,-0.0,99.61432506887053,1.5350809803929788
2247,-0.0,99.61432506887053,1.4637690817737579
2248,-0.0,99.61432506887053,1.3922559909864471
2249,-0.0,99.61432506887053,1.322525895103485
2250,-0.0,99.61432506887053,1.2549968148515203
2251,-0.0,99.61432506887053,1.191109267579358
2252,-0.0,99.61432506887053,1.1673648185407834
2253,-0.0,99.61432506887053,1.228372292092478
2254,-0.0,99.61432506887053,1.3758545946656426
2255,-0.0,99.61432506887053,1.8203475425455145
2256,-0.0,99.61432506887053,2.793197784692421
2257,-0.0,99.61432506887053,4.108193453937139
2258,-0.0,99.61432506887053,5.652143867148591
2259,4.049349277294945,99.58701224722302,5.800976702354688
2260,7.877380720882684,99.54337899543378,5.9284702604481305
2261,9.614812334232534,97.79742283488163,5.2897103391081375
2262,12.292933779892172,97.64414135151891,5.387909270107924
2263,15.771053838966209,97.51283697047496,5.464645054423805
2264,18.99950983912479,97.40605254406385,5.557373427058691
2265,21.63503746496077,97.22605099931081,5.636985502370979
2266,23.92882205724426,96.96536951088896,5.674220225868976
2267,25.977306062326335,96.76405325443787,5.722504834538024
2268,27.832381272671125,96.68709306779012,5.828261942446626
2269,29.526540328537834,96.60983346550357,5.240516958571841
2270,31.08202563319031,96.53262207632335,5.295735205271063
2271,34.02652248944022,96.44378194207836,5.351593054832667
2272,35.39467620447368,95.63876651982379,4.989571277234751
2273,36.65741455947839,94.69489981785064,4.4523257349568715
2274,38.29904206826392,93.93438753835261,4.0220795019222
2275,39.284713629714204,91.57641395908544,4.217354487555502
2276,39.284713629714204,87.46089049338147,5.911437947113888
2277,39.284713629714204,83.4416365824308,8.195591302920489
2278,39.284713629714204,79.51865222623346,11.445989901493512
2279,39.284713629714204,91.64861612515043,2.85602838899867
2280,39.284713629714204,91.64861612515043,2.85602838899867
2281,39.284713629714204,91.64861612515043,2.85602838899867
2282,39.284713629714204,91.64861612515043,2.85602838899867
2283,39.284713629714204,91.64861612515043,2.85602838899867
2284,39.284713629714204,91.64861612515043,2.85602838899867
2285,39.284713629714204,91.64861612515043,2.85602838899867
2286,39.284713629714204,91.64861612515043,2.85602838899867
2287,39.284713629714204,91.64861612515043,2.85602838899867
2288,39.284713629714204,91.64861612515043,2.85602838899867
2289,39.284713629714204,91.64861612515043,2.85602838899867
2290,39.284713629714204,91.64861612515043,2.85602838899867
2291,39.284713629714204,91.64861612515043,2.85602838899867
2292,39.284713629714204,91.64861612515043,2.85602838899867
2293,39.284713629714204,91.64861612515043,2.85602838899867
2294,39.284713629714204,91.64861612515043,2.85602838899867
2295,39.284713629714204,91.64861612515043,3.007715533718321
2296,39.284713629714204,91.64861612515043,2.8898454951312957
2297,39.284713629714204,91.64861612515043,2.7450569275372585
2298,39.284713629714204,91.64861612515043,2.854146660890805
2299,39.284713629714204,91.64861612515043,3.213111281157107
2300,39.284713629714204,91.64861612515043,3.580720390732441
2301,39.284713629714204,91.64861612515043,3.9349854005056533
2302,39.284713629714204,91.64861612515043,4.4672194255133775
2303,39.284713629714204,91.64861612515043,4.940164844188423
2304,39.284713629714204,91.64861612515043,5.379534387528895
2305,39.284713629714204,91.64861612515043,5.801339113228772
2306,39.284713629714204,91.64861612515043,6.197771555837271
2307,39.284713629714204,91.64861612515043,6.561477749327713
2308,39.284713629714204,91.64861612515043,6.918545959351156
2309,39.284713629714204,91.64861612515043,7.260591575060864
2310,39.284713629714204,91.64861612515043,7.592755210323366
2311,39.284713629714204,91.64861612515043,7.909153341195264
2312,39.284713629714204,91.64861612515043,8.193657035752498
2313,39.284713629714204,91.64861612515043,8.463068683127215
2314,39.284713629714204,91.64861612515043,8.733113099833725
2315,39.284713629714204,79.51865222623346,16.28514344005394
2316,39.284713629714204,83.4416365824308,13.922327183081299
2317,39.284713629714204,87.46089049338147,11.848417820426194
2318,39.284713629714204,91.57641395908544,9.021433128652882
2319,38.29904206826392,93.93438753835261,6.616221488684889
2320,36.13400699729752,94.37258906285454,6.213172772419415
2321,32.28727088147032,94.57634502287084,6.115459443732721
2322,31.076447118576286,96.7528305917539,3.157271648381633
2323,28.306402242347275,96.97965892747072,3.1298309457157467
2324,27.042843957828225,97.27254628707944,3.107422271507037
2325,25.679400454831654,97.55157123578176,3.0506572537947165
2326,24.20648442871258,97.81675685762269,2.9943059446632354
2327,22.61183361417324,98.06824336522838,2.9423330729241295
2328,20.879266214956733,98.53326348873756,2.7189304330361623
2329,18.98651110098076,98.90258315043053,2.425943146134861
2330,16.901048509906595,99.18393993797943,2.3056170231539665
2331,14.57096101456554,99.38476100331283,2.1969216069157573
2332,11.005811529372666,99.4666260286498,2.066083899457998
2333,8.085338710459396,99.55804360636417,2.0371646862122175
2334,4.049349277294945,99.58701224722302,2.007333017677041
2335,-0.0,99.61432506887053,1.9930644605384373
2336,-0.0,99.61432506887053,1.9930644605384373
2337,-0.0,99.61432506887053,1.9930644605384373
2338,-0.0,99.61432506887053,1.9930644605384373
2339,-0.0,99.61432506887053,1.9930644605384373
2340,-0.0,99.61432506887053,1.9930644605384373
2341,-0.0,99.61432506887053,1.9930644605384373
2342,-0.0,99.61432506887053,1.9930644605384373
2343,-0.0,99.61432506887053,1.9906782393395492
2344,-0.0,99.61432506887053,1.9881220304171094
2345,-0.0,99.61432506887053,1.9854162074903372
2346,-0.0,99.61432506887053,1.982583465260282
2347,-0.0,99.61432506887053,1.9796454524063554
2348,-0.0,99.61432506887053,1.976622156779039
2349,-0.0,99.61432506887053,1.9735313350118306
2350,-0.0,99.61432506887053,1.9700025044926486
2351,-0.0,99.61432506887053,1.9630414848405333
2352,-0.0,99.61432506887053,1.9491647592975574
2353,-0.0,99.61432506887053,1.9250856835896923
2354,-0.0,99.61432506887053,1.8942639710112745
2355,-0.0,99.61432506887053,1.862365199654879
2356,-0.0,99.61432506887053,1.8293469370337048
2357,-0.0,99.61432506887053,1.7951941811089496
2358,-0.0,99.61432506887053,1.7597881130640944
2359,-0.0,99.61432506887053,1.7229412377119249
2360,-0.0,99.61432506887053,1.6844532494276674
2361,-0.0,99.61432506887053,1.6442380262087688
2362,-0.0,99.61432506887053,1.6023576302077513
2363,-0.0,99.61432506887053,1.558855501568176
2364,-0.0,99.61432506887053,1.5138631622581875
2365,-0.0,99.61432506887053,1.4675394138391376
2366,-0.0,99.61432506887053,1.420012422395863
2367,-0.0,99.61432506887053,1.3714104504798064
2368,-0.0,99.61432506887053,1.3219232268605234
2369,-0.0,99.61432506887053,1.2719952709052922
2370,2.3018127375216824,99.6078431372549,1.2019687045021037
2371,5.585587984398128,99.5511149724877,1.4981352208009302
2372,8.277414821209574,99.4311377245509,2.313514972995392
2373,10.628513950700318,99.24172082946457,3.434217112958607
2374,12.735365131348061,99.10428662827896,3.399064348116072
2375,14.649899564050445,99.07438016528926,3.394837961750133
2376,16.404651553922076,99.04371584699453,3.4006276093485748
2377,18.021907601211858,99.01234567901234,3.413721801550569
2378,19.517865763718063,98.98033503277495,3.6115537704896217
2379,20.904805529946355,98.94776399849681,4.162395336298978
2380,22.19233246677672,98.91472868217055,5.090547092518961
2381,23.388143800998417,98.88134238913304,5.221663740479503
2382,24.498525315875156,98.8477366255144,5.358545772473138
2383,25.528687904714705,98.81406183820415,5.494342400796644
2384,26.48300355214357,98.78048780487805,5.612354249300482
2385,27.365175597400025,98.74720357941834,5.765028206590855
2386,28.178364554081213,98.71441689623508,5.918295634227426
2387,28.925282978724983,98.68235294117648,6.052739840852894
2388,29.608268228247635,98.65125240847784,6.192409235359284
2389,30.22933906223565,98.62136878385031,6.337887220636385
2390,30.517211482390312,96.61691542288557,5.73323669615579
2391,30.517211482390312,92.71144278606965,3.425747855355133
2392,30.517211482390312,88.90547263681592,4.670444938607857
2393,30.517211482390312,85.19900497512438,6.956454219685152
2394,32.65869981370316,96.44670050761421,4.319634856868537
2395,35.61682295903929,96.2229265715795,4.334706990770451
2396,37.976087167653475,95.87912087912088,4.205641596224373
2397,39.987408926662795,95.40262707024557,4.04036597656488
2398,39.987408926662795,91.2621359223301,3.045329952650992
2399,39.987408926662795,87.23586521987436,5.38095124142103
2400,39.987408926662795,83.32381496287836,8.026302318015238
2401,39.987408926662795,91.40491147915476,2.3844357409094568
2402,39.987408926662795,91.40491147915476,2.3844357409094568
2403,39.987408926662795,91.40491147915476,2.3844357409094568
2404,39.987408926662795,91.40491147915476,2.3844357409094568
2405,39.987408926662795,91.40491147915476,2.3686567893731163
2406,39.987408926662795,91.40491147915476,2.3156986041808656
2407,39.987408926662795,91.40491147915476,2.3638515293342324
2408,39.987408926662795,91.40491147915476,2.2247549620431077
2409,39.987408926662795,91.40491147915476,2.122327384684831
2410,39.987408926662795,91.40491147915476,2.419323610946541
2411,39.987408926662795,91.40491147915476,2.6714136946781037
2412,39.987408926662795,91.40491147915476,2.884554705924226
2413,39.987408926662795,91.40491147915476,3.041536113359938
2414,39.987408926662795,91.40491147915476,3.1447092084096053
2415,39.987408926662795,91.40491147915476,3.198914038652949
2416,39.987408926662795,91.40491147915476,3.2316055583945946
2417,39.987408926662795,91.40491147915476,3.2686736099133076
2418,39.987408926662795,91.40491147915476,3.298482133455509
2419,39.987408926662795,91.40491147915476,3.308641734829908
2420,39.987408926662795,91.40491147915476,3.3065252544979242
2421,39.987408926662795,91.40491147915476,3.30727467537954
2422,39.987408926662795,91.40491147915476,3.3048940589769136
2423,39.987408926662795,91.40491147915476,3.3004165621244392
2424,39.987408926662795,91.40491147915476,3.2816814571744692
2425,42.092741229225055,91.22193059200933,3.219214941778774
2426,44.97711032323204,90.75706901793858,3.1921174459287203
2427,47.26061032181756,82.13493823249921,8.43557973607148
2428,49.194044971144415,85.49291130893505,5.72482759676225
2429,50.87344644641814,89.16695234830306,3.675260033114565
2430,52.35026459361521,93.27162691349234,3.927569959995679
2431,54.689128527773505,93.1097338680277,4.789359337028195
2432,57.0442409125585,92.81705948372615,5.238868817433172
2433,58.77669558945612,92.37839908081195,5.213422116328274
2434,60.13534369484045,91.78725068439577,5.320450753857656
2435,61.21397773703519,91.35802469135803,5.8818484670839375
2436,62.06145907549612,91.2252325111201,5.953826416692803
2437,62.70678596671391,91.11747851002865,6.069839708792521
2438,63.1681330895974,91.03676166873193,6.250641045118838
2439,63.45686450561922,90.9846281678438,6.416060108001081
2440,63.57950341969661,90.96209912536443,6.578018020765596
2441,63.53869591249545,90.96962130669996,6.748298585363737
2442,63.333569442799664,91.00704517198508,6.9142555190245085
2443,62.959616642837325,91.07363225010283,7.051890707763423
2444,64.10793371524844,91.07363225010283,7.1667442458751935
2445,64.20956022772089,88.64187550525465,6.26168160842302
2446,62.63635611510813,84.14539829853055,4.971568404867023
2447,60.83821938461443,80.41389504804138,5.998629433448344
2448,58.74660423949113,76.78193366266761,7.552689832540542
2449,56.21635935858236,88.85521885521885,5.549332721635682
2450,53.934425777273105,88.20975283901136,5.487839718477183
2451,54.957530186538186,77.49740753543036,7.325366856653449
2452,55.55394412664336,78.97146882705178,7.550002327195645
2453,55.55394412664336,78.97146882705178,7.826180550617587
2454,55.55394412664336,78.97146882705178,8.082331763461493
2455,53.59746644422672,75.56454330974047,9.74313535805098
2456,51.291572686338164,87.46374476313245,2.5789735457036174
2457,48.385423516424574,88.11210348013552,2.3039374730818594
2458,46.269420972479274,88.38049367850692,2.05789014642488
2459,46.269420972479274,88.38049367850692,2.063553019609563
2460,46.269420972479274,88.38049367850692,2.0676872105220316
2461,46.269420972479274,88.38049367850692,2.0703375863434044
2462,46.269420972479274,88.38049367850692,2.190207260327405
2463,46.269420972479274,88.38049367850692,2.0686322248501634
2464,46.269420972479274,88.38049367850692,2.0799372485373304
2465,46.269420972479274,88.38049367850692,2.60016444656263
2466,46.269420972479274,88.38049367850692,3.092699684266678
2467,46.269420972479274,88.38049367850692,3.5727887873895026
2468,46.269420972479274,88.38049367850692,4.08884736925124
2469,46.269420972479274,88.38049367850692,4.611073053702723
2470,46.269420972479274,88.38049367850692,5.121873005215108
2471,46.269420972479274,88.38049367850692,5.6023276861599465
2472,46.269420972479274,88.38049367850692,6.048538995454667
2473,46.269420972479274,88.38049367850692,6.464007327475244
2474,46.269420972479274,88.38049367850692,6.8460996526712465
2475,46.269420972479274,88.38049367850692,7.19425874690161
2476,46.269420972479274,88.38049367850692,7.518186140055012
2477,46.269420972479274,88.38049367850692,7.8191150954915205
2478,46.269420972479274,88.38049367850692,8.103298631038102
2479,46.269420972479274,88.38049367850692,8.367637371808248
2480,46.269420972479274,88.38049367850692,8.613500446932802
2481,46.269420972479274,88.38049367850692,8.864770022808566
2482,46.269420972479274,79.68091511137868,14.269884666659138
2483,46.269420972479274,83.65442504515352,12.019357990751667
2484,46.269420972479274,88.01926550270922,9.741787573771047
2485,46.269420972479274,92.50451535219747,6.222451099705949
2486,44.968635584504256,93.00638421358096,5.438255939443928
2487,43.533523843572844,93.48798211291223,4.869773237345766
2488,41.945439070042916,94.29800968262506,4.267444978602518
2489,40.177913399007274,94.95602690118986,3.460394438337218
2490,38.19061852427132,95.47488811536549,3.2741308840049226
2491,35.914740140972484,95.8671763019589,3.2618624095752127
2492,34.936437547158974,96.0343228200371,3.2070080593470185
2493,33.87681178062519,96.19883040935673,3.1026097191107396
2494,32.73069800941435,96.36006974716652,3.1382072885484957
2495,31.491853687483967,96.5175179400591,3.535902499512777
2496,30.15262222745999,96.67075163398692,3.6992449396806357
2497,28.703436308161347,96.81943895693402,3.75968298001606
2498,27.13205247749289,96.9633307868602,3.81989697071534
2499,25.422306671774678,97.10225175341455,3.8775380408611584
2500,23.551944494089813,97.23609129814551,3.9434240265183202
2501,21.48846198957799,97.58870134343782,4.254813085881784
2502,19.179956679910905,97.85429141716567,4.873003796408158
2503,16.529976015870748,98.04047542563444,4.969114311661492
2504,15.565352329837388,98.12154696132596,5.106965212300591
2505,14.57096101456554,98.05963085660198,5.141844400295159
2506,18.04201530056122,87.0446005554648,8.1064773719007
2507,21.471235621271088,90.2439024390244,6.125930501817421
2508,24.33490610495214,93.57218124341412,4.305123751490503
2509,26.767802299346883,97.01383831026948,4.2615751908944715
2510,28.254072593039947,98.84972170686457,4.858107406842159
2511,28.254072593039947,98.84972170686457,4.942643735273537
2512,26.55984430977017,96.99617695248499,4.444341847038909
2513,26.55984430977017,93.26415437829965,4.033196265396107
2514,26.55984430977017,89.60495175678136,5.882774190141165
2515,26.55984430977017,86.01856908793009,8.25472829977764
2516,26.55984430977017,97.36027671582013,3.5736663151521886
2517,28.80503678036777,97.30933382816849,3.6413946571355984
2518,31.974033558168756,97.14671293618662,3.70783875098707
2519,34.54896824999982,96.89565391548167,3.7395626965599855
2520,34.54896824999982,92.95013018225515,3.4719708769860675
2521,34.54896824999982,89.08471860604847,5.724887696132407
2522,34.54896824999982,85.29941918686161,8.533371618100977
2523,34.54896824999982,94.0917284197877,1.9902045039353498
2524,34.54896824999982,94.0917284197877,1.9346678814570435
2525,34.54896824999982,94.0917284197877,1.8549232315239086
2526,34.54896824999982,94.0917284197877,1.7014100978611482
2527,34.54896824999982,94.0917284197877,1.810012995251432
2528,34.54896824999982,94.0917284197877,2.5037227809875584
2529,34.54896824999982,94.0917284197877,3.6686770415381234
2530,34.54896824999982,94.0917284197877,3.7266445560743526
2531,34.54896824999982,94.0917284197877,3.803480731823976
2532,34.54896824999982,94.0917284197877,3.9030043823227434
2533,34.54896824999982,94.0917284197877,4.022145717171494
2534,34.54896824999982,94.0917284197877,4.148192133268363
2535,34.54896824999982,94.0917284197877,4.270385421401988
2536,34.54896824999982,94.0917284197877,4.393858590213088
2537,34.54896824999982,94.0917284197877,4.514193207019452
2538,34.54896824999982,94.0917284197877,4.641097514273163
2539,34.54896824999982,94.0917284197877,4.773155291084301
2540,34.54896824999982,94.0917284197877,4.908400005869261
2541,34.54896824999982,94.0917284197877,5.50642548270012
2542,36.77467447302768,93.97221087045362,5.642333169517198
2543,39.90411584866583,93.66227137388346,5.503622924135369
2544,43.433082901799374,93.33185644661054,5.494173136582337
2545,46.293929426305255,92.93628808864266,5.446291588527447
2546,47.41622555465555,90.53003533568905,4.393984802410899
2547,47.41622555465555,86.3133097762073,3.9164695705173456
2548,47.41622555465555,82.19081272084806,5.998968770466118
2549,47.41622555465555,78.16254416961131,8.464965423625081
2550,47.41622555465555,88.0565371024735,3.340285264588696
2551,47.41622555465555,88.0565371024735,3.4630765906879977
2552,47.41622555465555,88.0565371024735,3.5837586882378902
2553,47.41622555465555,88.0565371024735,3.741273157560764
2554,47.41622555465555,88.0565371024735,4.840178099328174
2555,47.41622555465555,88.0565371024735,5.490778493715345
2556,47.41622555465555,88.0565371024735,5.849918655622937
2557,47.41622555465555,88.0565371024735,6.029688292607695
2558,47.41622555465555,88.0565371024735,6.196995127901481
2559,47.41622555465555,88.0565371024735,6.355177056835623
2560,47.41622555465555,88.0565371024735,6.535391947465487
2561,47.41622555465555,80.16489988221437,6.2567615304549475
2562,47.41622555465555,84.24028268551237,6.0668802548567555
2563,47.41622555465555,88.40989399293287,8.52766564632486
2564,48.53420163434527,92.42606395768213,11.89565308088348
2565,47.57368168447675,92.36127792457363,12.979514056602026
2566,47.450160743510736,92.31692677070828,14.092206081195453
2567,44.9494157840914,88.57406127620364,12.696107317775086
2568,42.43157545733664,85.04755585047556,12.177145371044926
2569,39.31852438335652,81.65215544701636,11.450511019153623
2570,36.61206252606826,80.4031587697423,11.733670904408307
2571,36.21403403073595,80.36529680365297,13.04612657872796
2572,34.87663651771299,80.2860696517413,14.31984365773901
2573,37.09242733702235,79.57776820336062,15.022269580942796
2574,39.06135501001284,70.79230080572964,15.035028792306916
2575,40.83524738147931,73.33798233379824,17.12135822287174
2576,42.44652913265026,76.5926640926641,19.209574533913063
2577,43.91737035339268,80.04506760140211,21.391913422670736
2578,44.970439191685074,80.41082164328657,23.338843344564115
2579,45.99945778493841,80.61275740833752,25.937378619615163
2580,47.360140941649036,80.11290736463947,27.9585034799625
2581,48.45578300902337,77.69916142557652,29.018764294470653
2582,48.45578300902337,73.68972746331237,29.909495300548215
2583,48.45578300902337,69.78511530398323,29.89926093026144
2584,49.48025405106179,67.38025153866738,28.222900026360517
2585,51.351360445368215,66.30404463040446,28.347781211597567
2586,52.845464668781865,64.98404409631564,28.20813533995011
2587,54.03152986809071,63.40656033704484,27.109874324031065
2588,55.11364346301024,61.677580293108825,28.021098808423957
2589,56.65107949235903,60.22099447513812,27.165801299310708
2590,58.03421725786791,58.917089678511,27.569767607513135
2591,58.67394251105619,56.09250949257853,27.57941228288782
2592,59.858868007081206,54.251883745963404,28.75372121224227
2593,60.92734831753637,52.253258845437614,25.743573193323787
2594,61.86968783637368,50.07716049382716,25.33252979480205
2595,62.69569540396892,47.72727272727273,24.99526272795933
2596,63.43054281489264,45.60032894736842,25.861642039665337
2597,64.27842209731739,43.28231292517007,25.139836245467887
2598,64.66494177910023,40.518358531317496,21.903647583221407
2599,64.66494177910023,30.496760259179265,18.455754258619095
2600,64.66494177910023,30.84233261339093,19.978809319040707
2601,64.97968346180112,31.31844064826982,19.03702384217572
2602,65.54484483422188,32.13483146067416,18.5357123262899
2603,64.11540633312916,31.428571428571427,19.510448203920703
2604,62.218734069538016,30.647235319331333,20.196208651817727
2605,59.171929757073876,33.05543976656941,18.60559635585558
2606,56.079679361702716,34.02187120291616,17.47849999710475
2607,56.37362936474458,33.75770020533881,18.128543306909336
2608,57.391394649519675,33.02443133951137,18.884702752245683
2609,58.97261527181376,31.62729658792651,20.260095230486158
2610,58.97261527181376,29.133858267716537,19.08379768065897
2611,58.97261527181376,26.815398075240594,15.938266890979682
2612,59.05237249860276,24.76943346508564,16.200845656116893
2613,59.15853064459379,23.26710816777042,18.07706689772831
2614,59.193869986568565,21.583370190181334,18.625168646221226
2615,59.429784369726,20.16057091882248,19.989602583912063
2616,59.84229665856571,20.108695652173914,19.81826499118628
2617,60.15481470478313,19.2025664527956,21.17209443730192
2618,60.36972708955278,18.253234750462106,21.696237610963262
2619,60.4886215257657,17.734447539461467,
2620,60.51235790365368,17.843866171003718,20.588690734984134
2621,60.44110635197989,18.81371640407785,19.084984891739246
2622,60.27435464519215,19.843462246777165,16.835433697131087
2623,60.01088577897939,20.692798541476755,15.318744467713588
2624,59.648723204002,21.987410071942445,13.701037303295104
2625,58.203148970486836,22.99651567944251,11.988003231501807
2626,58.43329572433999,24.121265377855888,10.217680979863696
2627,57.807842457988706,24.292555507183284,8.424876849408543
2628,57.807842457988706,24.72790596430126,7.169591153950135
2629,57.807842457988706,24.81497605572486,5.193211225894687
2630,57.807842457988706,25.16325642141924,4.099334527904876
2631,56.25281950261334,25.458422174840084,3.3764620364574425
2632,56.53905165138459,24.45019404915912,5.681612911036597
2633,56.73610058922966,23.68535419382877,5.814406445151116
2634,56.84518561137659,23.177651680488868,8.942241763548548
2635,56.866969777694955,22.280471821756226,12.287741751932396
2636,56.80158450002421,23.44226579520697,14.005264858708557
2637,56.64863434817787,24.686011260285838,18.24897282495718
2638,56.407182521427366,26.126126126126128,20.28332745634229
2639,56.407182521427366,28.22822822822823,23.656475142017733
2640,56.334858986671215,30.354852501068834,27.888524165181586
2641,56.18991114119394,31.97452229299363,29.094488467042513
2642,56.18991114119394,34.64968152866242,26.522723104291277
2643,56.18991114119394,37.49469214437367,23.653246963717166
2644,56.18991114119394,40.50955414012739,20.814966410779235
2645,55.971729854267075,43.169398907103826,19.34998662353751
2646,55.67938199859049,45.7901285773538,18.458060187761006
2647,55.18510648857285,47.82608695652174,19.43495021626838
2648,54.60509507876859,49.86105597459309,19.328314082493442
2649,54.072033870202254,52.310679611650485,19.05423406923792
2650,53.59674431745407,54.84975275770255,17.796780935063786
2651,53.0456766983317,57.26495726495727,18.07047015608444
2652,52.74096710881398,60.330275229357795,19.208764455560807
2653,52.07140083405586,62.55805644873169,18.933240290038814
2654,51.318810334518766,64.63033668864978,18.740904588691752
2655,50.479179969210854,66.27398182430159,17.351951093331696
2656,49.54762905826278,68.03519061583577,15.574798734170976
2657,48.608912737318235,69.71608832807571,14.300436692816575
2658,47.66915032467829,71.1362248014661,14.623346659623289
2659,47.66915032467829,75.10690287110567,13.829388385314477
2660,47.66915032467829,79.16921197312156,13.737113885996918
2661,47.66915032467829,83.17043372021992,11.986427616994286
2662,46.55648636386362,83.80530973451327,11.472021310703932
2663,45.33493691654351,84.4336937962436,11.367629871532085
2664,43.993894024945625,85.05211190345584,10.994212001037766
2665,42.51951930467553,86.00105652403592,10.350778660807972
2666,40.89311811151182,86.80732079308592,9.930985084629718
2667,39.08817800494759,87.48166259168704,10.080609120815645
2668,37.06432918017749,88.0347907851434,10.06633189597462
2669,33.99379645692377,88.35740072202167,10.000635926624817
2670,31.797083102708413,90.42882404951371,8.456697220011765
2671,31.797083102708413,94.38549955791335,5.349851642812331
2672,31.797083102708413,98.43059239610963,2.9342623239251937
2673,29.459689616739762,98.68141216503615,2.8943407860672496
2674,26.689644740510747,98.83387888707037,2.8886578417222295
2675,22.801281187968055,98.89807162534436,2.881283027869149
2676,21.560476599048872,98.93129770992367,2.874483264864871
2677,20.224310574212893,98.96411394746578,2.8899571074101593
2678,18.784207260408554,98.99641577060932,2.901993700431102
2679,19.482070142622693,99.00990099009901,2.9171619093969507
2680,21.005081547027405,98.95278665246717,2.9283534775463758
2681,21.816518485734544,98.82562277580071,2.9514360898049437
2682,22.140881287086387,98.6284289276808,2.9805232793649887
2683,21.029120980985198,96.90234511725586,2.873290992022273
2684,18.581366476457564,93.5304054054054,4.637960301467196
2685,15.70311034307553,90.26736224323443,6.801034881537029
2686,11.708603018542624,87.11453744493392,8.856539484240363
2687,11.708603018542624,97.79735682819383,4.873705858971148
2688,11.708603018542624,97.79735682819383,5.021884767387314
2689,13.983113068808338,97.75784753363229,5.169422649328309
2690,17.970491245871454,97.6593625498008,5.300118027269135
2691,21.18449420782586,97.52151462994837,5.421439834381212
2692,23.805301116278244,97.30549607423269,5.501684127907123
2693,26.084087209131983,97.0033296337403,5.513904520941464
2694,28.117284246873982,96.75996932515338,5.57582217501716
2695,29.956772707367268,96.64282876440207,5.686749346666045
2696,31.635033237217996,96.52263374485597,5.03293290341551
2697,34.63445805294449,96.38888888888889,5.097547065297757
2698,37.73918546599396,96.17267467734757,5.087315558143247
2699,40.248524068798204,95.85264133456904,4.97552878947588
2700,42.41355913976461,95.41726965750121,4.814544021782176
2701,44.33062681772907,95.05522088353413,4.594407779937902
2702,46.05150581047625,94.85639686684073,4.6192243035626985
2703,46.848954055388695,92.51863684771033,3.533001354361202
2704,46.848954055388695,88.12566560170394,4.607594542134996
2705,46.848954055388695,83.83919062832801,6.660868520000442
2706,46.848954055388695,79.65921192758253,10.699871942576639
2707,46.848954055388695,91.02768903088392,2.216414489862761
2708,46.848954055388695,91.02768903088392,2.216414489862761
2709,46.848954055388695,91.02768903088392,2.216414489862761
2710,46.848954055388695,91.02768903088392,2.216414489862761
2711,46.848954055388695,91.02768903088392,2.216414489862761
2712,46.848954055388695,91.02768903088392,2.216414489862761
2713,46.848954055388695,91.02768903088392,2.216414489862761
2714,46.848954055388695,91.02768903088392,2.216414489862761
2715,46.848954055388695,91.02768903088392,2.216414489862761
2716,46.848954055388695,91.02768903088392,2.3470853938349845
2717,46.848954055388695,91.02768903088392,2.2242670274734784
2718,46.848954055388695,91.02768903088392,2.2121764724987214
2719,46.848954055388695,91.02768903088392,2.6885019508258208
2720,46.848954055388695,91.02768903088392,3.159889231906915
2721,46.848954055388695,91.02768903088392,3.6221848322562846
2722,46.848954055388695,91.02768903088392,4.0549961134700245
2723,46.848954055388695,91.02768903088392,4.45542187449014
2724,46.848954055388695,91.02768903088392,4.791433959851535
2725,46.848954055388695,91.02768903088392,5.082164649579041
2726,46.848954055388695,91.02768903088392,4.971558138340605
2727,46.848954055388695,91.02768903088392,4.895672340935577
2728,46.848954055388695,91.02768903088392,4.9949512667922775
2729,46.848954055388695,91.02768903088392,5.418949277403828
2730,46.848954055388695,91.02768903088392,5.816838046734
2731,46.848954055388695,91.02768903088392,6.194029091804331
2732,46.848954055388695,91.02768903088392,6.545057210304525
2733,46.848954055388695,91.02768903088392,6.868768828717677
2734,46.848954055388695,91.02768903088392,7.173618780848608
2735,46.848954055388695,91.02768903088392,7.481084770766261
2736,46.848954055388695,81.73588924387647,13.390164763301566
2737,46.848954055388695,85.96911608093717,10.141019281244969
2738,46.848954055388695,90.30883919062833,8.192939315686026
2739,46.848954055388695,94.75505857294995,4.997799239236401
2740,44.85236188694196,95.29892692897292,4.763455286585318
2741,42.56739874290805,95.71078431372548,4.57042943642329
2742,39.848655794678855,96.00376116596145,4.5701770194508535
2743,36.01051332223655,96.190261496844,4.617804957570362
2744,36.01051332223655,96.190261496844,4.774459977619931
2745,36.01051332223655,96.190261496844,4.935413093761201
2746,36.01051332223655,85.97835888187556,12.166117376645358
2747,36.01051332223655,89.9233543733093,9.948282059457984
2748,36.01051332223655,93.9585211902615,7.139564155683613
2749,36.01051332223655,98.08385933273219,2.7359310275261888
2750,32.155275482458826,98.18260493292946,2.694586049351112
2751,30.56523581288342,98.24561403508773,2.724798044019113
2752,28.825706712070826,98.30713422007256,2.756878902188831
2753,26.910066651140713,98.36702954898911,2.7709103140742943
2754,24.777843635640114,98.66891638545182,2.5625552063120955
2755,22.360088800724295,98.87924801156905,2.475768570877649
2756,19.511276627176127,99.00662251655629,2.438913171499034
2757,15.545677768839417,99.05913978494624,2.4182799542346722
2758,13.714327712531832,99.08943089430895,2.4024497131854097
2759,11.708603018542624,99.11894273127753,2.352616207935649
2760,9.487967175563591,99.3455098934551,2.1958189702344013
2761,6.983410335803749,99.49941107184924,2.005946674495984
2762,4.049349277294945,99.58701224722302,1.9069842573607383
2763,-0.0,99.61432506887053,1.8354533272993818
2764,-0.0,99.61432506887053,1.7727605865772635
2765,-0.0,99.61432506887053,1.7072422013695343
2766,-0.0,99.61432506887053,1.6391526612941287
2767,-0.0,99.61432506887053,1.56856612503408
2768,-0.0,99.61432506887053,1.495356601662383
2769,-0.0,99.61432506887053,1.4190692993354332
2770,-0.0,99.61432506887053,1.3371515705074282
2771,-0.0,99.61432506887053,1.2513129040461768
2772,-0.0,99.61432506887053,1.1616058802635945
2773,-0.0,99.61432506887053,1.0688046129112514
2774,2.3018127375216824,99.6078431372549,0.9847618673224051
2775,5.585587984398128,99.5511149724877,0.9151830269791836
2776,8.277414821209574,99.4311377245509,0.8774236358731203
2777,10.628513950700318,99.24172082946457,0.9682853048635824
2778,12.735365131348061,99.10428662827896,0.9671351677238
2779,15.98170861532776,99.0728476821192,0.8914638739478866
2780,19.195711577282157,98.98729831788535,0.8387721799666678
2781,21.816518485734544,98.82562277580071,0.8435588701139138
2782,24.095304578588294,98.57985983032091,0.9928956760683316
2783,26.128501616330293,98.39449541284404,1.0250654177966663
2784,27.967990076823572,98.33663366336634,0.9880935114028981
2785,29.6462506066743,98.27727645611157,0.9414962827141543
2786,31.185512880989958,98.21656050955414,0.8811442931637986
2787,32.60191471140458,98.15465729349737,0.7989050319546579
2788,33.90767163875454,98.09177646524307,0.7860477221051566
2789,35.112321270889154,98.02816901408451,0.7145168152668384
2790,36.223488521200785,97.96412990790111,0.671788644051331
2791,37.247382124684236,97.9,0.6606442569229144
2792,38.18913076846358,97.83616692426584,0.7297315055505381
2793,39.05301860164459,97.77306468716861,0.9259721137766516
2794,39.842654972002805,97.71117166212534,1.25314180638483
2795,40.561099655996685,97.6510067114094,1.9595134739797269
2796,41.21095706516969,97.59312320916905,3.1808565184180972
2797,41.79444825799968,97.53810082063306,4.729714901300573
2798,42.313466700241904,97.48653500897666,6.529725250302038
2799,42.769621869383805,97.4390243902439,6.7773705296405495
2800,43.164273582407446,97.39615623062616,6.984107785584842
2801,43.49855910436889,97.35849056603773,7.219052037383508
2802,43.77341452686042,97.32654360280077,7.5264935391971
2803,43.9895915029534,97.30077120822622,7.887282324790946
2804,46.10383623584159,97.23684210526316,8.339821598515543
2805,48.82991075841692,97.02665755297335,8.704535394751568
2806,50.950095086213075,96.66666666666667,9.142010804764881
2807,52.71486272765443,96.1425422483468,8.602467817396846
2808,56.11460371208707,95.95110771581359,8.986216005739426
2809,58.38183672988336,95.59873116574147,9.269665477722016
2810,60.201350352416085,95.06984387838948,9.120593774657124
2811,61.71763824782101,94.3500424808836,8.50286635058315
2812,63.09257439107278,93.85964912280701,8.435843445583211
2813,64.33730676420213,92.90235081374323,8.196471051716056
2814,65.38412188856388,91.72862453531599,7.3966816884816495
2815,65.73366155954126,88.76930276087974,6.249970723220753
2816,65.46309787018306,84.17166589755422,3.7924263581684783
2817,65.11834946726432,79.59183673469387,4.204964516645545
2818,64.69790595183113,75.07774322523323,6.137475708882426
2819,64.1998544440587,88.11279826464208,5.369604148266747
2820,63.62182203955601,88.4241656104774,6.224345249022023
2821,63.57004763744089,88.02345058626466,6.004603288195723
2822,63.976466800847795,86.7820945945946,6.276098761855381
2823,64.21695010148845,85.39898132427844,6.626544856170059
2824,64.29657044322059,83.8860544217687,6.174253437130531
2825,64.80772445968235,83.03341902313625,5.985772132861322
2826,65.0850471856156,82.05679862306368,6.998457866358966
2827,65.13997514509217,80.96468561584841,7.98164961926858
2828,64.97466096686203,80.11168384879726,8.95216474479726
2829,64.58251623011489,80.23057216054654,11.01098308076136
2830,63.946493592634944,80.414551607445,13.072166581979985
2831,63.03381201817646,81.203007518797,15.876650863929335
2832,61.78182723836107,81.86677631578948,18.513545444211484
2833,60.73492116128662,81.33169934640523,20.79423437562743
2834,58.45298757997737,80.542071197411,21.883711292446588
2835,59.884737600079916,80.27653517690118,23.50559463400251
2836,60.73492116128662,80.63725490196079,25.133958984571304
2837,60.73492116128662,80.63725490196079,26.506186076565832
2838,60.41833005284126,80.178716490658,27.618635696180124
2839,59.62767375699688,79.08653846153847,27.89770541011516
2840,61.96134440889454,77.11194340407823,28.899329433083253
2841,64.34441273371876,75.77477084242689,29.041234820719005
2842,66.28415022072879,74.21124828532236,29.16682152082331
2843,67.64049394700127,72.19837863614687,28.781007088240777
2844,68.6253847429352,69.64903608502225,28.106609123540782
2845,69.7126125540779,67.18027734976887,24.59022042513924
2846,70.65409419675757,64.44917509313464,20.353836068963655
2847,71.46282698739978,61.46234194612424,17.480770767583582
2848,71.82053715663415,57.421875,15.313843991907756
2849,71.82053715663415,52.67857142857143,11.16994518810229
2850,71.9839336043582,48.56499718626899,6.41650581198509
2851,72.24409264887299,44.837421563034795,5.5397670514066455
2852,72.41667429038868,41.04778353483017,5.743549147747251
2853,72.50271143507918,37.24696356275304,10.858729981662869
2854,72.50271143507918,40.48582995951417,6.224722787176276
2855,72.41667429038867,40.75993091537133,7.303487156861526
2856,72.24409264887299,41.30062749572162,7.975798586642913
2857,71.9839336043582,42.09341586944288,6.844222743182367
2858,71.63460062696458,43.117744610281925,7.383911735710715
2859,71.19387200160689,44.34829637641969,7.423076731571442
2860,70.65880952233415,45.75645756457565,6.704490993102444
2861,70.0256273054434,47.465437788018434,7.121164723025582
2862,69.2895044235654,50.66931085770947,6.234625200644018
2863,68.44431471375468,53.662039253231214,5.265550011276934
2864,67.48222874785614,56.43153526970954,4.851939854925747
2865,66.62203731639991,59.23453493546951,4.763505783424274
2866,65.65151911989776,61.80882983283326,5.319475686211025
2867,64.56162397144438,64.15327564894932,6.4420092557554955
2868,63.96836837322724,65.2402099313686,7.99682969345408
2869,64.89322499676139,54.667224780242776,5.462432485597595
2870,66.2108884698787,56.999563890100305,6.2333012958476735
2871,67.81452404023953,59.70762905436272,6.617278142195046
2872,69.21308776280948,62.446249402771144,8.125943759269163
2873,69.27684819513142,62.50597800095648,8.269719149279094
2874,69.08473427267596,62.708631378159275,8.125584686691719
2875,68.62626914368026,63.192799621032684,8.420721837380649
2876,68.48116628886517,63.10817194142655,8.390288498171673
2877,69.18515520286887,63.06818181818182,8.661379648002061
2878,70.23206127994332,63.54961832061068,8.677266528912101
2879,70.17959199449707,63.33808844507846,8.7197437467614
2880,68.87590844253381,61.41078838174274,7.495625012716684
2881,66.90875609686302,58.49802371541502,5.949804911371229
2882,65.18519948204151,55.84905660377358,5.670845076161013
2883,63.16590092785781,53.25869652139144,5.455396024342205
2884,60.705842559357,64.95238095238095,9.75536397962767
2885,59.19125195797606,65.68773234200744,10.093864630766696
2886,59.19125195797606,65.68773234200744,10.040133621117693
2887,59.60469241390344,64.48809973554968,8.305802465243952
2888,60.36438365999084,61.940007791195946,6.071870004463111
2889,61.13586276125858,50.220972278023304,5.024049964048827
2890,61.91138097067675,51.6369664318276,5.041210999197157
2891,62.59408217308757,52.75053304904051,4.2609810482131225
2892,63.188163973701585,54.223194748358864,4.539570695671875
2893,63.41043428429996,57.938965059708096,4.756952511374272
2894,63.93352805034211,59.368046283934135,5.2569829162417
2895,64.08581553404497,58.94829871851525,5.268220599600429
2896,64.08581553404497,58.94829871851525,5.603512888114311
2897,63.7508329983528,58.38074398249453,6.255697948442824
2898,63.28802644671114,57.62419006479482,6.8162313697202785
2899,63.62496352197318,62.09925340360123,6.5908835614577255
2900,64.539859732802,65.34296028880867,9.362325079447727
2901,64.40612756587979,64.94845360824742,9.410224431707823
2902,64.82249200038082,65.24088248536695,9.72470117998864
2903,64.18199618684628,63.58051777095217,7.347313405649435
2904,64.18199618684628,63.58051777095217,7.308611513638064
2905,62.88999730643504,63.33041958041958,7.201751929732053
2906,64.55640020202495,63.917071018967796,7.4028804856913
2907,65.0926188267443,63.69230769230769,6.818592439325359
2908,64.21854158036045,62.37623762376238,6.221830919340426
2909,62.66557376046273,61.24260355029586,5.504210490891604
2910,59.509684425851646,59.336609336609335,4.96361520656969
2911,59.74322232039299,55.92377796188898,3.6084134596026503
2912,59.909448301152594,53.091060985797824,3.3753129337274115
2913,60.008951633389245,54.70193115029387,3.6402272821712267
2914,60.04208094416827,54.70984020185029,3.800092290655933
2915,60.008951633389245,54.869857262804366,4.431805382213769
2916,59.909448301152594,55.1796157059315,5.514819269402751
2917,59.74322232039299,55.63380281690141,6.512025838706707
2918,59.509684425851646,56.22440622440622,7.2730618785054695
2919,59.207991919643625,56.94108151735271,7.66309342112406
2920,58.83702978185329,57.771609833465504,8.792692471836448
2921,58.39538458679448,58.702408702408704,10.545221158940619
2922,57.8813096133779,59.71905846621109,10.985362486792662
2923,57.292678829379696,60.80680977054034,12.279611387879036
2924,56.626926411549796,61.95104391648668,12.041860455404935
2925,55.88096695282252,62.15932914046122,13.296321500572315
2926,55.05108919432715,64.65809072444144,12.7256865712714
2927,54.1328124600548,66.76489849377865,9.246772452139094
2928,53.12068897440827,68.943706514864,7.120856217580434
2929,51.818997320529455,70.74581430745815,6.285578242370558
2930,50.174795742649515,72.15892491966112,6.2783767290215895
2931,50.174795742649515,72.15892491966112,6.487666666556727
2932,50.174795742649515,72.15892491966112,6.769467586585208
2933,50.174795742649515,72.15892491966112,7.202819177391548
2934,50.174795742649515,65.32281624306164,17.298455041302148
2935,50.174795742649515,69.20829681565878,10.414183560474365
2936,50.174795742649515,73.44434706397897,8.241811951990625
2937,50.174795742649515,77.7972538708735,7.950640190040469
2938,48.51072026175023,78.99018232819074,7.895130374969307
2939,46.6491338771344,80.02691790040377,7.653330630209432
2940,45.7361198150661,82.66948034819309,6.374747011228383
2941,44.49256606493872,83.37153043035396,5.924650543078815
2942,43.137006326635124,84.05797101449275,5.348598745742921
2943,41.657283377935855,84.7264977504144,5.294838161926509
2944,40.03731405448085,85.67191421400867,4.9100451478034595
2945,38.25491995906386,86.48648648648648,5.273795911871143
2946,36.277668625142724,87.1800296170933,5.771794078560189
2947,34.05372490179188,87.76216656485441,5.88249577962125
2948,31.937242980475947,88.3460859329017,6.113483810678558
2949,29.53492354862655,88.81118881118881,6.181445573110399
2950,29.53492354862655,88.81118881118881,6.6645564206138515
2951,29.53492354862655,80.49518049518049,13.200767575717679
2952,29.53492354862655,84.06728406728406,10.03945552529274
2953,29.53492354862655,87.71498771498771,8.655593130452788
2954,29.53492354862655,91.43829143829144,7.079385533060498
2955,27.18371827850031,91.81851311953353,7.185092059762758
2956,26.00915786558954,92.00071581961346,7.23560587359863
2957,26.00915786558954,82.8203292770222,14.126279226972255
2958,26.00915786558954,86.30994989262706,10.743162891457718
2959,26.00915786558954,89.87115246957767,8.440676096975166
2960,26.00915786558954,93.50393700787401,6.053074637436144
2961,23.388350957137153,93.75215740421125,6.022582736034599
2962,20.517354192933862,93.95604395604396,5.776308599787578
2963,17.28889819277528,94.11953727506426,5.571794771334404
2964,13.630331292915132,94.27551970214087,5.477656590996529
2965,10.373734511137071,94.42446043165468,5.107777033182809
2966,6.344510161302665,94.53939745075319,4.838879531344673
2967,4.600313464622769,94.60190856003419,4.705090520250282
2968,7.877380720882683,97.83473265576669,3.1053195803855806
2969,8.277414821209574,99.4311377245509,4.024535543036642
2970,10.628513950700318,99.24172082946457,4.579518610874672
2971,12.735365131348061,99.10428662827896,5.13236191962527
2972,14.649899564050445,99.07438016528926,6.133420993836285
2973,16.404651553922076,99.04371584699453,7.47673404679421
2974,19.482070142622693,99.00990099009901,9.086308054000583
2975,22.66635388776375,98.91743119266054,10.52741993550034
2976,25.256875329446316,98.74333587204875,11.848113928304786
2977,27.504787705108473,98.478862109838,12.97788843062048
2978,29.50649946698299,98.27868852459017,14.276829433720003
2979,31.185512880989958,97.91932059447983,15.47885265087136
2980,32.60191471140458,97.16608084358523,16.84001208753277
2981,33.90767163875454,96.27442071785552,17.36496881047441
2982,35.112321270889154,95.23474178403755,18.13649200863963
2983,36.223488521200785,95.92825981580224,20.639159259494214
2984,37.247382124684236,95.8,22.318530241207768
2985,38.18913076846358,95.67233384853168,24.05537332318112
2986,38.18913076846358,91.42194744976815,21.744072372452447
2987,38.18913076846358,87.2746007212777,21.087316699616274
2988,41.945439070042916,86.90155997848305,22.818947347984924
2989,44.5804299206473,86.41212801796743,24.59337776061218
2990,47.854048114943936,85.91962452332062,26.5810983754194
2991,51.550709836581085,85.4774332207553,28.8080717152052
2992,51.550709836581085,81.14829597789377,25.64761528476917
2993,51.550709836581085,76.94197113908504,25.69630190541402
2994,51.550709836581085,72.85845870432914,25.86553933761773
2995,53.944076209340494,72.03852327447834,26.077464025627172
2996,56.26093460615109,71.17903930131004,26.681516069630582
2997,58.10516709155763,70.12987012987013,27.103278234094443
2998,59.68603378908025,68.9010989010989,26.92639696625505
2999,60.74049215396243,67.09677419354838,24.923875069780685
3000,61.07123402440917,63.8568129330254,20.397959903952838
3001,61.07123402440917,59.815242494226325,20.18856577090361
3002,61.83265328362591,57.13723948092804,20.898766713870753
3003,63.220961739888565,55.96555965559656,21.53186550313701
3004,64.4505255435587,54.374733247972685,23.115963355394314
3005,65.53964590937643,52.549889135254986,21.952825833738906
3006,66.96224074437022,50.85529357374018,20.89685637245991
3007,68.60348744484556,49.29850024189647,20.614196791581698
3008,69.04766356062292,46.38109305760709,20.011233755711686
3009,69.04766356062292,42.786804529788284,17.994280534280257
3010,69.04766356062292,39.389463318562285,16.725347254876493
3011,69.04766356062292,36.1890694239291,12.005657865009018
3012,69.04766356062292,44.116198916789756,23.00520474910055
3013,69.04766356062292,44.116198916789756,23.94388615846979
3014,69.04766356062292,44.116198916789756,24.83425246697727
3015,69.04766356062292,44.116198916789756,25.766859648422734
3016,69.46224924080097,42.96444667000501,25.844717347160163
3017,70.20660536522927,40.56847545219638,24.38698532254737
3018,70.84334099695472,39.02179691653376,22.623434596998006
3019,71.37774052889303,36.566757493188014,16.665071564229965
3020,71.81391158799386,34.891485809682806,15.415576303474557
3021,72.63604910621784,33.657698912421296,12.138861864639034
3022,73.75885493794898,31.869436201780417,11.335227775651372
3023,74.69657112357275,29.920294297976703,11.68287944157819
3024,75.46965731107672,26.246056782334385,13.666277267106379
3025,76.0922617414579,27.40788623141564,14.401395435826295
3026,76.57435048755686,29.20237310481213,9.140376345903286
3027,76.92290117869146,31.17056856187291,7.92845878606965
3028,77.11469930247345,29.80445043830074,9.430708551514604
3029,77.11824523772479,27.646662171274443,11.176421487261146
3030,77.29539246040262,24.847664184157075,10.118018452944007
3031,77.65506643083341,21.83436002737851,7.268652517703108
3032,77.67547891843486,21.83436002737851,6.906657372130959
3033,77.38297110579764,21.59783344617468,6.0196383548882215
3034,76.91084062485855,21.224218230206255,4.865359467345779
3035,76.3081163202739,19.648666232921276,2.2753407988316914
3036,75.543245589119,19.126029132362255,3.432934432292695
3037,74.59982964547793,18.538980969920196,3.732938782158915
3038,73.4533748084303,21.339656194427977,3.596508233883466
3039,72.06529749216564,23.67370222475756,5.833296408298286
3040,71.19143808044247,24.930901050304037,5.226022581328462
3041,70.15781925073962,26.428190069407368,4.72237390305404
3042,68.94353167443548,28.483290488431876,4.136524701086568
3043,67.51728765949919,30.864197530864196,7.204746273069008
3044,66.64348804594523,31.996133397776703,8.390290605190415
3045,66.08616364200468,31.824747231584016,9.210930437572474
3046,65.96377623696058,31.864406779661017,10.984170549762553
3047,66.6380235563716,31.57894736842105,15.404438978695344
3048,66.38172794616092,31.21050072921731,16.0662313765229
3049,66.38172794616092,31.21050072921731,17.347344950489507
3050,66.60910312817838,31.547911547911546,19.463698146236684
3051,67.7869298612601,31.97211155378486,18.50997222782137
3052,67.7869298612601,31.97211155378486,19.427757624330322
3053,67.7869298612601,31.97211155378486,20.02318360653169
3054,67.7869298612601,31.97211155378486,20.578591892294707
3055,68.03527620846279,32.34256926952141,20.70336101241226
3056,68.00635578026957,37.141419224962256,13.859838019513028
3057,68.13279475851654,39.98986315255955,9.625208900996755
3058,68.43842278583251,43.43798250128667,7.385142991040982
3059,67.60979162235569,45.44539506794162,7.202964667062244
3060,64.5175412269845,46.96159455517744,6.664692480303576
3061,64.5175412269845,50.1215362177929,6.16859480898514
3062,64.5175412269845,53.475935828877006,6.091444910903403
3063,64.65196181960847,51.541850220264315,5.9094228584459465
3064,64.70945873685899,55.130093274423174,5.588541668492008
3065,64.6903005270421,59.14664051005395,6.593022514964102
3066,64.59439788296307,63.103953147877014,7.8755169031675525
3067,64.20833768197646,62.28956228956229,7.410832567092206
3068,63.974707099454086,61.85026227944683,6.915532725345835
3069,64.01169129223545,57.90731008122312,6.121515286580783
3070,63.974707099454086,59.65665236051502,6.897933295672889
3071,63.8635938652117,59.22238027501185,6.868367713303569
3072,63.98314169504621,57.77460770328103,5.774194836973962
3073,64.3055629567929,50.36075036075036,4.057980043660628
3074,64.51888026814258,50.75133301017935,4.540804295711925
3075,64.62506043799104,50.948905109489054,4.943197380957697
3076,64.62506043799104,55.18248175182482,3.306272339669649
3077,64.93068846530703,54.617283950617285,3.317781445978589
3078,65.15354221305817,51.47279081377933,5.637174901429856
3079,65.29480682136004,54.7008547008547,3.4368824412550842
3080,65.35521892986058,57.94251134644478,4.155672786860042
3081,65.33509017804913,61.158690176322416,5.194977416635414
3082,65.33509017804913,61.158690176322416,5.0430989891056575
3083,65.33509017804913,61.158690176322416,4.917304301322104
3084,65.33509017804913,61.158690176322416,4.972314971292592
3085,66.44462761377461,60.60606060606061,5.060628269443865
3086,68.26311943536275,54.76824720298348,5.793145808897865
3087,69.71273416786043,56.63911845730028,5.818011129638094
3088,70.39311402853785,57.68799102132436,6.365416905305136
3089,70.44282600395577,57.8177727784027,7.103658986268024
3090,70.53379263106912,58.07909604519774,8.22622591059147
3091,69.53678418550926,56.97802197802198,9.61817431541575
3092,68.31747154078326,66.1874334398296,8.846003483392302
3093,68.16633287153398,67.79481755684823,9.193227103220186
3094,67.9514204867643,67.26034573074908,9.447887598926636
3095,67.9514204867643,64.2744892613934,12.247750826928124
3096,69.79975134758288,62.69374665954035,13.520064855050848
3097,72.15486373236787,62.29872293170461,14.748082202554675
3098,73.02318706341701,60.59751972942503,16.211619358748994
3099,72.85060542190134,57.6536312849162,16.948589852252496
3100,72.59044637738654,54.74090407938258,18.649934622285773
3101,72.2411133999929,52.058504875406285,22.58627503547059
3102,71.80038477463523,64.050901378579,16.89060793143762
3103,71.26532229536248,67.47673216132368,11.213790598013109
3104,70.63214007847175,70.65326633165829,7.136348342344616
3105,68.89681892323095,72.50479846449136,6.944323508988062
3106,66.80502896562072,74.10795974382434,6.497362770589617
3107,64.10636930170615,75.47909407665506,6.681235988636299
3108,61.687165916734976,77.34113712374582,6.4170609931820595
3109,60.80047379977924,79.66855295068714,6.972094765818227
3110,59.8043100802637,81.74726989079564,5.8450839559477314
3111,59.105823377312355,84.28030303030303,4.879265414586379
3112,57.30768664681867,85.3623188405797,5.10349117389129
3113,57.30768664681867,85.3623188405797,5.568792020050246
3114,57.30768664681867,85.3623188405797,6.012557587409588
3115,57.30768664681867,85.3623188405797,6.447964494123141
3116,57.30768664681867,85.3623188405797,6.8684816239056
3117,57.30768664681867,85.3623188405797,7.274108312881171
3118,57.30768664681867,85.3623188405797,7.663477574001248
3119,57.30768664681867,85.3623188405797,8.024588716546932
3120,57.30768664681867,85.3623188405797,8.334920324189914
3121,57.30768664681867,85.3623188405797,8.577244065187795
3122,57.30768664681867,85.3623188405797,8.765951134864004
3123,57.30768664681867,74.45652173913044,15.421145520730061
3124,57.30768664681867,78.84057971014492,14.82055740544301
3125,57.30768664681867,83.3695652173913,11.062992251735126
3126,57.30768664681867,87.78985507246377,7.710610812394606
3127,56.741888847530845,90.61166429587482,5.581388404308451
3128,55.51686766958449,91.37577002053388,5.12489465974313
3129,54.15550997998222,92.53289473684211,4.013010444337078
3130,52.63927308489419,93.49336702463677,3.447495871568594
3131,50.94178523435901,94.27272727272727,3.0440737643531635
3132,49.02280714157371,94.88669378268449,2.5621559268990555
3133,48.09805825085667,95.04504504504504,2.581375851658728
3134,47.08736454263271,95.20435967302453,2.6863842563590876
3135,45.98515433391739,95.36354056902002,2.897131717141735
3136,44.78461915613528,95.52162849872774,3.2158195761550177
3137,43.47730753321286,95.67779960707269,3.5049112669272584
3138,42.05251254399015,95.83135954523922,3.751645347982199
3139,41.55205021641782,95.78481602235678,3.974378808126382
3140,41.806162751184395,95.47574626865672,4.214202925427906
3141,41.722101637367366,95.08158508158508,4.5685412319494345
3142,41.29186925853793,94.88372093023256,4.8197117765396085
3143,40.46876523816144,94.67345993515517,5.0859546248942005
3144,39.123445853277694,94.54419889502762,5.34553207940356
3145,36.582466664800464,94.33531292827776,5.7878947846066575
3146,35.47550575058589,94.30580762250453,5.931866071314012
3147,33.87681178062519,94.1970310391363,6.1154313237163525
3148,31.10698264700072,94.01157613535173,6.331320607916745
3149,32.102950546044504,93.55800091701055,6.7351726423375675
3150,33.022319672574156,83.25471698113208,14.206741632865631
3151,33.868759554780276,86.64566165777993,11.280740723572928
3152,34.6453945614273,90.14925373134328,8.950922266684657
3153,35.354898550542494,93.60020397756247,6.69247915705361
3154,35.354898550542494,95.10453850076492,5.03645002565556
3155,35.354898550542494,96.71086180520143,2.67497516806476
3156,35.354898550542494,98.419173890872,2.017667246956799
3157,33.36457652982698,98.57071213640923,1.9692863264152616
3158,30.22933906223565,98.62136878385031,1.8547079723539819
3159,30.790240201073143,98.5929648241206,1.9797990580970724
3160,31.29247773740506,98.5663082437276,1.980579818908889
3161,31.737347480352085,98.54166666666667,1.9688308249833428
3162,32.12595774788835,98.5193019566367,1.8852296912135538
3163,32.45924772582211,98.49946409431939,1.9984524353544824
3164,32.73800222686832,98.48238482384824,2.270611604081883
3165,32.96286347475297,98.46827133479212,2.705336847510095
3166,33.13434038256522,98.4573002754821,3.265289254217926
3167,33.252815675712306,98.44961240310077,3.48223997920704
3168,33.318551116774394,98.44530816213215,3.6988892987251187
3169,33.33169101442941,98.44444444444444,3.913451509283434
3170,33.29226413562865,98.44703272323905,4.124861628014683
3171,33.20018408488996,98.45303867403315,4.333140688504236
3172,33.05524816328592,98.46238330587589,4.537797874877466
3173,32.85713466919986,98.47494553376906,4.730250363906447
3174,32.605398550043326,98.49056603773585,4.941926936605299
3175,32.2994652554736,98.5090521831736,5.156997743619691
3176,31.938622574218257,98.53018372703411,5.54924558934188
3177,31.52201015335467,98.55371900826447,5.815825955695877
3178,31.048606294084536,98.57940131912734,6.008028915271526
3179,32.65869981370316,98.57868020304568,6.151932942200387
3180,35.05566697140971,98.47387480600104,6.24920720341104
3181,36.83230402007627,98.26315789473684,6.347560688773637
3182,36.165236984736836,94.16752312435766,2.807184128579436
3183,35.80703374522462,91.34737376300431,2.198376191481636
3184,35.80703374522462,89.79954326313118,2.574222460729902
3185,35.80703374522462,88.35320984521695,3.7145560339232477
3186,35.80703374522462,87.0083735092616,4.496820730730934
3187,35.80703374522462,90.0279116975387,2.803523756089471
3188,35.80703374522462,90.0279116975387,2.905552136443566
3189,35.80703374522462,90.0279116975387,3.0079306376583217
3190,35.80703374522462,90.0279116975387,3.1097574731017037
3191,35.80703374522462,90.0279116975387,3.2102937862636636
3192,35.80703374522462,90.0279116975387,3.315430225122774
3193,35.80703374522462,90.0279116975387,3.4261318770427405
3194,35.80703374522462,90.0279116975387,3.5473189192200167
3195,35.80703374522462,90.0279116975387,3.685054761077955
3196,35.80703374522462,87.66810454199442,5.631035482515062
3197,35.80703374522462,89.0636894189292,4.327727856150528
3198,35.80703374522462,90.56077137782289,3.865039007591408
3199,35.80703374522462,92.15935041867546,3.110424250407724
3200,36.50690231654564,92.11963589076723,3.273373263147191
3201,37.141696308960555,92.09475645461805,3.4569483326183006
3202,37.7133777043124,92.08593962469405,3.643040572278517
3203,38.22363009896876,92.09431345353676,3.815508020601448
3204,38.67389365987814,92.12086981078791,3.9850418190019923
3205,39.065392952099536,92.16642754662841,4.173678555506444
3206,39.399159143043114,92.23159732324702,4.274856989325973
3207,39.67604768966203,92.31675007359435,4.369797948072465
3208,39.89675232738107,92.42199108469539,4.568018207914083
3209,40.061815967891135,92.54714157437893,4.409718714453618
3210,40.17163895333244,92.69172932330827,4.514041765369317
3211,40.22648499064744,92.85498944829665,4.448011523376317
3212,40.22648499064744,93.03587579137775,4.459874690884239
3213,40.17163895333244,93.23308270676692,4.312835998139077
3214,40.061815967891135,93.44507632445375,4.169341143213236
3215,39.89675232738107,93.67013372956909,4.184548014214779
3216,39.67604768966203,93.90638798940242,3.8888863257927135
3217,39.399159143043114,94.15187663660168,3.491267251156332
3218,39.065392952099536,94.40459110473458,3.1314479530206043
3219,38.67389365987814,94.66252471053375,2.9345531434113905
3220,38.22363009896876,94.92371705963939,2.972717676589279
3221,37.7133777043124,95.18629317378297,2.996468054260837
3222,37.141696308960555,95.44849614053766,2.9095104617694374
3223,36.50690231654564,95.70871261378413,2.940492714215439
3224,35.80703374522462,95.96549099213398,2.9842077082459877
3225,35.03980607220147,96.21755253399259,3.006123876757348
3226,34.202555988498666,96.46379600673562,3.031846606947834
3227,33.29216895905402,96.7032967032967,3.2544148145364713
3228,32.304984637283646,96.93530079455165,3.319183744524675
3229,31.23667129846582,97.15921603171108,3.429790634413752
3230,30.6705133796338,96.877710320902,3.4252148182855553
3231,30.6705133796338,96.16218560277537,3.1200604780981362
3232,30.6705133796338,95.53339115351258,3.1101745276205737
3233,30.6705133796338,94.99132697311362,3.185655309153745
3234,30.6705133796338,95.44666088464874,3.112564816794384
3235,30.6705133796338,95.44666088464874,3.149212525521273
3236,30.082055803304442,93.51120597652081,3.6797424850978704
3237,28.834887820443424,90.57266900971676,5.220476128041698
3238,27.487503456377965,87.83269961977186,7.225660947239565
3239,26.030328524443547,85.01452081316553,8.96453052393238
3240,23.44756225180804,96.66107069576572,1.602541179631593
3241,21.759236669173188,96.19595472258304,1.1037284461020236
3242,20.224310574212893,95.9119496855346,2.115804857128046
3243,21.759236669173188,96.19595472258304,3.685949801469563
3244,24.920478277927117,95.99152052418577,5.244672267111172
3245,27.487503456377965,95.69741845107065,5.448569630586922
3246,29.711447179728804,95.30438396010804,5.533190090406618
3247,31.68869851364995,94.97519948242397,5.833568757364538
3248,33.471092609066936,94.78630566122175,6.3697286382202165
3249,35.091061932521924,94.59271292643305,6.802794181657752
3250,36.57078488122121,94.39499639162858,7.3017704613012935
3251,37.926344619524805,94.19386992275106,7.734482862262545
3252,39.169898369652174,93.9901986071705,8.33481741257499
3253,40.31092141289847,93.78500933582289,8.84808533953385
3254,41.35697195206729,93.57949848443097,9.508201666521035
3255,42.3141872062289,93.37503554165482,10.115921163962597
3256,43.18761906805761,93.17316144154702,10.761513051714118
3257,43.98146908073815,92.97558034368406,11.388692610788109
3258,46.45500626514417,92.71647389809316,11.96626128740822
3259,49.339375359151155,92.28506047728015,12.190984883416036
3260,51.62287535773668,91.69798428425008,12.42065604868719
3261,52.62578989844754,89.00139664804469,11.497449764511027
3262,52.62578989844754,84.42737430167598,8.756315392319642
3263,52.62578989844754,79.99301675977654,4.979353536919236
3264,52.62578989844754,75.69832402234637,5.640708946052916
3265,53.16235070275787,85.67874911158493,10.996022042366118
3266,54.152476334172626,83.97058823529412,9.72005384260116
3267,55.0385201231758,82.04252088078967,7.555042184727074
3268,55.826964525895214,79.81220657276995,5.6047791580477
3269,56.52302651615053,79.40466613032984,5.669628207610567
3270,57.130933942876105,78.46534653465346,5.313499495943001
3271,57.6541203100638,77.55274261603375,5.816548319952458
3272,58.09536494374487,76.67814113597247,6.20622130083479
3273,58.45689526021641,75.85301837270342,7.073006879286072
3274,58.74046182481404,75.08865248226951,7.905572168301006
3275,58.9473931950243,74.39570277529096,8.604789788043547
3276,59.07863518107812,73.78378378378379,9.410473205346555
3277,59.134777583676396,73.26106594399278,9.898369965658361
3278,59.1160703659121,72.83393501805054,10.331678618209825
3279,59.022430392119325,72.50673854447439,10.77079480688866
3280,58.853439194147875,72.28163992869875,11.639784557739851
3281,58.60833161317725,72.15859030837004,12.763378233754834
3282,58.28597453318944,72.13541666666667,12.791443087772214
3283,57.884834187003584,72.2080136402387,12.620861570142848
3284,57.40292957127218,72.37061769616027,12.60461906015121
3285,58.84552767819272,72.1735502711723,12.415736689423209
3286,60.920092502402646,71.47722435078757,11.729690643080929
3287,62.35252412300415,72.1957557384149,11.954745614445743
3288,64.52969342908328,73.22765301629238,12.374802008595424
3289,66.39557652020238,73.91498881431767,12.382235915175052
3290,67.45258272027387,74.69443186962427,12.097926976201245
3291,69.00137225331973,73.30809275911027,11.640018342096093
3292,69.91918946058593,71.00244498777506,9.921852767583097
3293,70.30518707338688,59.251870324189525,9.590768315718988
3294,70.61180151544093,60.21287379624937,10.353134510647395
3295,70.73582021190931,60.61224489795919,11.554024435962415
3296,71.33583595560901,61.77847113884555,12.298358980321613
3297,71.5649105661611,61.14882506527415,13.55531517430774
3298,71.5649105661611,61.0443864229765,14.88938291217452
3299,70.46211778324863,58.731756416708606,16.326013231650542
3300,69.18154277309115,56.07160135462022,17.468066331174793
3301,68.46533123319865,54.92890995260664,18.94694478812135
3302,68.46533123319865,67.44075829383887,11.316633802006113
3303,68.46533123319865,72.03791469194313,7.234342601102823
3304,68.13544243868661,72.87977632805219,7.26896528535572
3305,67.72932290262959,73.78995433789954,7.447435475965619
3306,67.24509702096873,74.75468331846565,7.824486381333845
3307,66.68042540431053,75.76020851433536,7.317920844960174
3308,66.03242805953624,76.79324894514768,6.773234910762557
3309,65.29758064861254,77.84137367130008,7.10107316769895
3310,64.4715730810173,78.89328063241106,7.011579706096788
3311,63.54911368292036,79.93897787948131,6.573892899149722
3312,62.523651944810446,80.96987509184423,6.137951948608834
3313,61.38697456416659,81.97879858657244,6.044170063031378
3314,60.12859498799517,82.95994568906993,6.080255070726851
3315,58.73478698110326,84.33224755700326,7.333205237472769
3316,57.1869597111962,85.50905683947533,8.892881511589701
3317,55.458697019499226,86.5050867743866,9.710042003297133
3318,53.50971856439708,87.3352435530086,10.604824938033612
3319,51.27125461662681,88.01426220515634,11.865357120007145
3320,48.59794734638865,88.55643044619423,13.5826920094275
3321,44.80422460928073,88.97538925163235,15.791058275493207
3322,42.780375784510625,89.62855764592378,18.560260664676427
3323,40.468765238161446,90.15748031496064,20.935361818126193
3324,38.78397765527493,90.29698481070052,22.82117200719355
3325,35.93601672683202,88.31485587583148,22.948295390281803
3326,35.93601672683202,84.34589800443459,22.302431671733853
3327,35.93601672683202,80.46563192904657,19.68069310229608
3328,36.65032569619256,78.02346570397111,19.353974293045425
3329,37.99297229371431,77.06679121905651,20.838905566824852
3330,39.22964585577665,75.82125603864735,21.053242093241604
3331,40.36883525106503,74.41337993010484,21.09393466542662
3332,41.417389014108416,73.04123711340206,21.669797145439453
3333,42.38092182830931,71.82349813928761,21.020752126932294
3334,43.26409467188938,70.59145673603506,20.89974720381043
3335,45.81331232659372,69.52570292530531,20.402866074044926
3336,47.53144855899321,68.25302985515815,19.173944628840186
3337,50.43687417612259,67.05737199259717,17.13017071512401
3338,53.34302334603618,65.94577146546159,14.299260092848867
3339,55.64891710392474,64.68602295746118,12.655392023913208
3340,57.73768688317674,61.99861687413554,10.283129236307385
3341,57.73768688317674,57.88381742738589,8.90691106318591
3342,57.73768688317674,45.71230982019364,5.187373599881512
3343,58.0782804531211,46.28330995792427,4.910527916093876
3344,58.70277897248156,47.768178545716346,4.326778853202059
3345,59.25383443014263,48.7094395280236,4.90051183042924
3346,59.25383443014263,48.783185840707965,5.418857479959135
3347,59.25383443014263,51.40117994100295,5.416702694041536
3348,59.25383443014263,53.134218289085545,6.937196987475842
3349,57.0424644518036,52.24518888096935,6.604480019630307
3350,53.45638695115205,50.170183798502386,7.098783653903707
3351,52.893731764683814,49.069148936170215,7.365494239094157
3352,52.26015914736618,47.893713545042125,8.131675666609166
3353,50.67874698189336,58.59277708592777,8.759758990468692
3354,50.462765667273196,59.3520782396088,9.397676562609094
3355,51.0252571218094,59.46111451316595,9.633574507532625
3356,53.172484114818445,62.084398976982094,10.005151539813701
3357,54.4553471405284,62.98701298701299,11.224536974369812
3358,55.55982683876886,63.79196840026333,11.713753212169134
3359,56.81983830771278,63.47649644910382,12.065715614729916
3360,58.787591734085346,62.2568093385214,11.817245682051713
3361,60.418268202237186,60.84226080531954,11.669183533756224
3362,61.78617255390142,59.22217943781286,12.071859173735426
3363,64.70118531755465,57.898989898989896,11.582035868737899
3364,65.3748281853423,55.43071161048689,10.11751682562404
3365,65.96600048750001,52.80034202650705,8.594085640276296
3366,66.47764122782164,50.021901007446345,5.541978146955872
3367,66.91215513406455,51.40939597315436,5.30208930621906
3368,67.27149041477718,51.617312072892936,5.1225339365333005
3369,67.5571968375203,52.01109570041609,5.637412517719358
3370,67.77046889536115,52.59467040673212,6.016559070753562
3371,67.9121772956111,53.36787564766839,6.446390536226123
3372,67.98289095750083,54.326241134751776,7.8537474084893155
3373,67.98289095750083,55.46099290780142,7.535040151410849
3374,67.9563842681412,54.72143531633617,7.6397453936504744
3375,67.9563842681412,52.124645892351275,4.445968972540985
3376,67.9563842681412,49.71671388101983,3.5830477089420536
3377,67.9563842681412,47.49763928234183,4.339444414754378
3378,67.9563842681412,49.48064211520302,3.7700717578287892
3379,67.9563842681412,49.48064211520302,4.082050039954417
3380,67.9563842681412,49.48064211520302,4.519449218320895
3381,67.9563842681412,48.30028328611898,6.036895279494037
3382,67.9563842681412,50.70821529745042,5.346469089032412
3383,67.9563842681412,53.30500472143532,5.2413132479824425
3384,67.9563842681412,56.09065155807365,5.355510125799847
3385,66.49253305960895,57.07116788321168,5.1254069391657735
3386,66.49253305960895,60.03649635036496,5.271519941165962
3387,66.49253305960895,63.184306569343065,5.56910378552789
3388,67.25746106641832,65.9238625812442,7.724260364962351
3389,67.27493432686792,61.75650557620818,5.043360836765264
3390,67.22249763999525,57.553290083410566,4.454220427516883
3391,67.09994744956221,53.3609576427256,5.038387367678157
3392,66.90680414353278,54.64904284412033,4.523167815561711
3393,66.64230062669148,58.093525179856115,4.723579491850339
3394,67.0513047025007,60.54176072234763,5.354420934278691
3395,68.8061101345536,62.187210379981465,5.699673627140897
3396,67.24727828615033,61.757938334100324,6.233055931722432
3397,65.32161118995003,58.989010989010985,6.71876589164951
3398,64.68184129838934,57.81990521327014,7.267102481776119
3399,63.859287035058145,56.552886641382216,8.41803737588764
3400,62.48946331796879,54.30999595305544,9.907938104318502
3401,62.48946331796879,54.30999595305544,10.628993022424782
3402,62.48946331796879,54.30999595305544,11.285919235282455
3403,62.48946331796879,65.68191015783084,6.3651001796228215
3404,61.96364037793495,66.25839589095219,5.254414852069681
3405,61.36126134127894,66.91035013466718,4.581453625261442
3406,60.679558417440035,65.7196261682243,6.814212322648466
3407,59.91519094003579,68.32185574483509,3.710131101146673
3408,59.064122562051786,70.71203086636268,3.820749639077097
3409,58.121453635756616,72.89054557777025,4.605761150694845
3410,58.121453635756616,72.89054557777025,4.526619673890673
3411,59.226950115083866,65.62608394033992,7.988983934141001
3412,61.19470354145644,68.43443516164184,4.322957821909387
3413,62.90944112342532,71.60775370581528,3.586767870955601
3414,64.42267487971613,74.85101311084624,3.8176314860662375
3415,64.42267487971615,75.16885180770758,3.917583886607408
3416,64.15457024989131,75.68316831683168,3.945425691142388
3417,63.60204440731544,76.11176702085793,4.145826856828355
3418,62.849005988996076,76.51190011705033,4.205358167567324
3419,61.742045074781494,76.82221365214038,4.373059097050487
3420,61.01925795802391,77.63309076981999,4.660613980310875
3421,60.97034729236653,76.69315172152857,5.031853323893893
3422,58.960998819867996,74.65930018416206,4.864979091853535
3423,56.04832307106806,71.27285513361463,5.586299169799811
3424,54.01397460354957,67.98245614035088,6.253267000029453
3425,52.9437164545385,64.453125,11.260302946313834
3426,51.7634707412579,73.6198243412798,6.995370280912164
3427,50.462685353282886,74.3659420289855,6.928847615400423
3428,49.02757361235146,75.11614401858304,7.0675970255595715
3429,47.439488838821546,75.86495535714286,7.414565946998318
3430,45.6719631677859,76.60771704180064,7.698356207543483
3431,43.68466829304995,77.67489711934157,7.5358759299811435
3432,41.40878990975111,78.60315893385982,7.394389054560821
3433,38.698928689478784,79.4034090909091,7.90998130260244
3434,34.86947378932053,80.08628519527701,8.463795265983421
3435,37.061867094875296,79.75886853698123,8.211493941653734
3436,40.123616240855604,79.01861252115059,8.006701191518255
3437,42.589026225675624,78.1557067271353,7.907083564819301
3438,44.70913933508837,77.15935941191914,7.811145688553272
3439,46.58024572939479,76.2373530216024,7.68986594044605
3440,47.439488838821546,73.71651785714286,7.474830837276221
3441,47.439488838821546,69.50334821428571,8.401986912227983
3442,47.439488838821546,65.40178571428571,13.905822410371512
3443,47.439488838821546,61.411830357142854,17.382944738326298
3444,47.439488838821546,68.83370535714286,9.89898662178936
3445,47.439488838821546,63.364955357142854,17.673941365540674
3446,47.439488838821546,67.41071428571429,13.02527369150272
3447,47.439488838821546,71.56808035714286,9.43523969693814
3448,47.439488838821546,75.83705357142857,7.662430194115206
3449,46.8661915162891,76.66575267343022,7.269350361380811
3450,46.8661915162891,76.66575267343022,7.442812643888423
3451,46.8661915162891,69.61886482040033,10.873848192373622
3452,46.8661915162891,73.64957499314505,8.937525085598322
3453,46.8661915162891,77.78996435426377,7.308684620054617
3454,46.8661915162891,82.04003290375651,5.362527060429685
3455,44.888303975177024,82.89923704288346,5.052240548651026
3456,41.627224075109645,83.53919838669019,5.590311476338318
3457,40.44698775918513,85.95061728395062,7.4852308144995074
3458,40.44698775918513,90.14814814814815,10.443803392349345
3459,37.7371265389128,90.57318806252961,11.899742891629641
3460,38.34279159988861,90.004816955684,12.055455578543574
3461,39.481980995176976,88.75062220009956,11.635375054060942
3462,40.53053475822036,87.33299075025694,10.518495547298741
3463,41.49406757242126,85.74456809750927,10.518710459128132
3464,42.37724041600132,87.0906113537118,10.998861716092929
3465,43.18395972096574,86.77709152161707,10.984856421079858
3466,43.91752262475066,86.47635524798154,11.061960839308686
3467,44.58072517125336,86.19160260201065,11.041411836562784
3468,44.58072517125336,74.09816676522767,4.386073852284738
3469,44.58072517125336,74.03903015966884,4.406419172139998
3470,45.932506225932514,75.58912386706949,4.382148257424554
3471,48.24936462274311,78.81462799495587,5.019437957973582
3472,49.60801272812743,78.09493264913407,5.1493153979949
3473,50.68664677032217,77.27864583333333,5.147761907746606
3474,52.865937160060405,76.62037037037037,4.905195931041658
3475,54.39762814898819,75.92219986586184,4.670322675509897
3476,54.283010451005346,73.44164456233422,4.3115090334835395
3477,53.353918279748434,68.47338037203336,6.619031385652256
3478,52.331265901224185,65.89219330855019,11.264758371701772
3479,51.208344799103486,63.83741781231321,14.68806606225099
3480,49.97679628623797,75.43202764976958,4.179722963066142
3481,49.31707918454209,78.2928208027134,4.235690566571724
3482,47.709605334692846,79.38620315046171,4.407979132948526
3483,47.709605334692846,79.38620315046171,4.66312097699658
3484,47.709605334692846,79.38620315046171,4.8997269358111355
3485,47.709605334692846,79.38620315046171,5.0882110030607
3486,47.709605334692846,79.38620315046171,5.229300238819732
3487,47.709605334692846,79.38620315046171,5.33711706991652
3488,47.709605334692846,79.38620315046171,5.424050014563649
3489,47.709605334692846,79.38620315046171,5.506195450595391
3490,47.709605334692846,79.38620315046171,5.5540417982636265
3491,47.709605334692846,79.38620315046171,5.535660043491259
3492,47.709605334692846,70.88538837588267,8.98085164521017
3493,47.709605334692846,74.87778381314503,7.145470974071205
3494,47.709605334692846,78.97881586094513,5.26756566630119
3495,47.709605334692846,83.188484519283,2.2081025257721305
3496,45.92315232034273,83.59415753781951,2.7056318664023626
3497,43.91737035339268,84.3264897346019,5.039482273551792
3498,41.62342511227377,84.93512734262374,6.480490013683524
3499,38.89589858677117,85.43107422775472,7.63364586086801
3500,35.04916247094397,85.8248562582928,8.144538507270596
3501,35.04916247094397,85.8248562582928,8.703814104929096
3502,35.04916247094397,85.8248562582928,9.367965841520903
3503,35.04916247094397,85.8248562582928,9.866459873584503
3504,37.25014941988364,85.64009934522466,10.281396584983227
3505,40.3293697154214,85.19651682748882,10.185128813042088
3506,42.81264352528328,84.64557272504292,9.946266018323325
3507,44.95103119393442,83.97648862765142,9.63584970368316
3508,46.8408422155755,83.39100346020761,8.987279646538054
3509,48.53382678248471,82.9869770019396,8.395595170367312
3510,51.46347426581709,82.52820364477871,8.124714736583659
3511,52.908585072293924,81.37225398736082,7.615368610431414
3512,54.21962760157496,80.04379105411323,6.371137371226639
3513,55.410402207733284,78.53199090613836,5.464102620556077
3514,56.49147579372893,78.17446951835635,5.423601684650436
3515,59.08790646392236,77.58257203092059,5.450077624274394
3516,61.949881798626286,76.71586715867159,5.168076805318151
3517,63.71805209981477,65.05977632086386,7.675959010931822
3518,65.3372143968199,67.96937953263497,3.4127792918602395
3519,66.74666574800393,70.85258294834104,1.7906339909963886
3520,67.53511015072336,73.25227963525836,2.364851686675089
3521,67.18006241319371,71.52089616544593,2.30436481183036
3522,66.65751074717416,69.74861525351513,2.731307324424795
3523,65.9553588133398,71.52456950860983,3.018996906540129
3524,65.05484659854228,72.47214197276104,3.6160623634048674
3525,63.92650058092963,73.63526081682167,4.4806927743391745
3526,62.521068220200895,74.67404188067957,5.2735331088709545
3527,62.03133777830707,75.24404529480671,6.592037618373982
3528,62.22143994696819,75.92592592592592,8.118755148953335
3529,62.55054731183697,77.14171337069656,9.204540817792113
3530,63.549666936699275,79.26779103249692,9.634816903673583
3531,63.013321436950044,78.26969943135661,10.05607748851999
3532,62.57063818690991,77.2654370489174,11.2854532389442
3533,62.57063818690991,77.2654370489174,11.774163576292521
3534,62.57063818690991,77.2654370489174,12.19143550964957
3535,61.05279383310084,77.01838529176659,12.48816359884378
3536,61.05279383310084,77.01838529176659,12.758331514796664
3537,62.694040533576164,75.56109725685785,11.89933040628957
3538,64.10499888746511,74.63330457290768,11.419412743260533
3539,65.32532582818696,73.72654155495978,11.59632260032237
3540,66.38075022321952,72.85318559556787,11.133985817148819
3541,67.28910255512017,72.02664129400571,10.250325278656454
3542,68.0632647404149,71.26099706744868,9.570153465939145
3543,68.71278198326544,70.57057057057057,9.33574279312385
3544,69.72060416798458,69.4287184765826,8.418057414272576
3545,70.98177158563215,67.62360446570973,5.805093543571243
3546,71.39518380270533,64.77579686655862,4.178810725775205
3547,71.69520685900144,61.78239475123018,5.863775977556149
3548,71.88478779246316,59.17355371900826,6.712772895716791
3549,71.96572328322307,61.85737976782753,7.859681185421287
3550,71.93876551114295,61.89950303699614,9.018004773568377
3551,71.80366491310126,62.10873146622735,10.048252266163155
3552,71.55915609770615,62.47960848287113,10.351475474204415
3553,71.20288487789621,63.002680965147455,11.25606554744922
3554,70.73126551285951,63.665086887835706,12.42304960553927
3555,70.13924518725948,64.45131375579598,13.093759749976247
3556,69.41993327627127,65.34404821697639,12.975227552765947
3557,68.56401763124327,66.32503660322108,12.308689988861289
3558,67.55881989188762,67.37588652482269,11.772095887108208
3559,66.38668841171793,68.47875742348104,10.806293595467267
3560,65.02205228774342,69.61690885072655,10.402986086579174
3561,63.425394806853554,71.32570944515037,10.583996362493199
3562,61.528638567823315,72.8344855632371,10.330291889527846
3563,59.1870554924696,74.15204678362574,10.840447790099011
3564,55.71564802553892,75.28928704740575,10.829783904323582
3565,55.432098324123324,76.05893186003684,10.911678481473022
3566,55.0836928322652,76.87567959405581,11.041547335094602
3567,54.669268408298734,76.8054073283529,11.62668737264806
3568,54.18739541143265,79.76314872866597,11.835050219456626
3569,53.636345245378095,82.51105818305547,9.631662082331292
3570,53.01404837201641,85.04145936981757,7.100360160680493
3571,51.82328954372702,85.99358974358974,6.575884996496677
3572,51.07854327973056,85.9190031152648,6.574613827952941
3573,50.25577283885678,87.93833131801694,5.661913287656509
3574,51.482638738750076,89.5083932853717,4.051968739373977
3575,53.45969573740677,90.64966605950212,3.866095546892411
3576,53.91023899454168,90.81508515815085,4.198526339962433
3577,53.76366351915889,90.75987841945289,4.781985227051735
3578,51.86894160219538,90.61743341404359,5.668876493223143
3579,50.89802623249028,90.8077154912598,6.8543935945548595
3580,51.343471186057606,91.12121212121212,8.415003501207092
3581,51.586520572694525,91.45896656534954,11.147130480732793
3582,51.6347686880757,91.81873479318735,12.299294351535174
3583,51.489665833260595,92.1979356405586,13.371342121470843
3584,51.146794146546206,92.98669891172914,14.749108418467953
3585,50.59500625365996,93.66366366366367,15.97572097913176
3586,49.81395975057919,94.22619047619048,17.405155115554834
3587,48.76841351962258,94.67333725721012,19.285259355339118
3588,48.251757951137044,94.9093036863663,20.957322055060484
3589,48.251757951137044,94.9093036863663,21.80683687689217
3590,46.995852697507225,93.64896073903002,21.24778192903653
3591,43.65957892657794,90.84290114813777,19.733134742767604
3592,41.26993205181483,87.13403169486973,17.590598935490497
3593,39.04110352183872,83.62135671911271,15.675538368708338
3594,39.04110352183872,81.60949187516121,14.352778077247471
3595,40.57577782368348,80.58148839690584,13.73987309167842
3596,41.27975427689338,78.63201094391245,12.661552487749436
3597,41.91682094991597,76.52003362286355,13.385088087523114
3598,42.210925119460605,73.44856899971663,12.426800436345603
3599,42.210925119460605,69.62312269764806,10.792973410928171
3600,42.210925119460605,66.13771606687448,7.101014997693512
3601,42.210925119460605,54.831396996316236,6.71202674310657
3602,42.48905686930532,66.68576339157835,8.929853925923725
3603,42.99823888151237,68.1087401344636,10.882116521979775
3604,44.43006434204276,70.18970189701896,13.215973756140967
3605,42.34590422796365,68.0385288966725,12.5919056482689
3606,41.004938610269065,64.84553775743707,9.527503093437977
3607,41.004938610269065,61.2700228832952,8.40861073523649
3608,41.004938610269065,58.03775743707094,8.443368380935718
3609,41.004938610269065,66.44736842105263,13.056895452383792
3610,41.004938610269065,66.44736842105263,13.535983497018773
3611,41.004938610269065,66.44736842105263,13.99885457214798
3612,41.004938610269065,66.44736842105263,14.302254327152298
3613,41.004938610269065,66.44736842105263,14.488407608507949
3614,41.004938610269065,66.44736842105263,14.613780285805877
3615,41.41471487750755,63.87434554973822,11.369818514903645
3616,41.76595432890073,61.18654073199528,9.664667073545642
3617,42.059580141856664,58.338314405260014,9.06840324167032
3618,42.2963455577521,60.23550724637681,9.916883309469181
3619,42.47684605685796,59.43396226415094,10.106288344332837
3620,42.60152865070594,58.72093023255814,9.501556125427827
3621,42.6706986673971,58.103130755064456,9.552392738254118
3622,42.684524293508666,57.58599508599509,9.639889130679892
3623,43.669996440656796,56.78203928905519,9.655377561895913
3624,43.586239546171754,53.619136377757066,7.613185649342737
3625,43.44641421893886,50.47854276011115,4.87803772470106
3626,43.250171081899275,47.382920110192835,4.291186629735823
3627,42.99701362156182,51.86194368755677,5.737814147549826
3628,42.68629046370801,52.01673140125485,5.8169784773102675
3629,42.31718493078966,52.280082377169755,5.69973192043156
3630,41.88870144578689,52.64527320034692,6.009414114078982
3631,41.39964818539128,52.39580379926283,5.130601090456516
3632,40.84861517190373,54.59339439356092,6.616500460800176
3633,40.23394670433172,56.52291836181177,6.960909718894915
3634,39.90215620999685,57.52947481243301,7.184475960250133
3635,40.54934934231694,55.62568605927552,6.494822640762084
3636,41.13197650226456,53.647586980920316,6.862158666491036
3637,41.65182875585464,51.603665521191296,9.186039953659481
3638,42.11043508959633,52.80046674445741,9.28325339499701
3639,42.509093341487706,52.49110320284697,10.176569483637055
3640,42.8488947802048,52.2864019253911,11.328930799720565
3641,43.130743615293575,52.19244823386114,12.702541356915557
3642,43.35537238210822,52.2140221402214,14.223096569300264
3643,43.52335389764905,52.3543990086741,15.457621740445848
3644,43.63511029819579,52.61519302615193,16.60897572343165
3645,43.690919527042446,49.75031210986267,21.102103510765257
3646,43.690919527042446,52.90262172284644,20.111162188376642
3647,43.63511029819579,56.039850560398506,19.67206630861144
3648,43.52335389764905,59.138785625774474,20.09962910154278
3649,41.32360850267924,60.430364614465034,21.11454154243432
3650,39.93353922645226,62.44886031560491,20.544108398060384
3651,39.70088048031891,64.87268518518519,19.62514042845871
3652,39.70088048031891,68.48958333333333,15.16941564686729
3653,39.70088048031891,72.22222222222223,12.919260783998068
3654,39.70088048031891,76.07060185185185,11.621526629064034
3655,36.09142098138652,77.00445434298442,11.686155922437665
3656,35.780213657721895,79.85156679494227,12.293489466178299
3657,35.41308906855325,82.55687973997833,10.581054858449622
3658,34.98913945904221,85.08257858284496,8.41527783045296
3659,34.98913945904221,77.38412360149174,14.231604487498664
3660,34.98913945904221,81.08684070324986,12.700561298877153
3661,34.98913945904221,84.73628129994673,9.547434600819406
3662,34.98913945904221,88.70538092701119,7.506998148382871
3663,34.507285523313804,91.0826359832636,6.6931946313283035
3664,33.966258287495656,93.28549461814454,5.652398921918379
3665,32.07766992305422,94.43339960238569,5.17108027346484
3666,32.07766992305422,94.43339960238569,5.397054650117835
3667,32.07766992305422,94.43339960238569,5.605001095780663
3668,32.07766992305422,94.43339960238569,5.804167568752502
3669,32.07766992305422,94.43339960238569,6.01368574902374
3670,32.07766992305422,94.43339960238569,6.234298432371855
3671,32.07766992305422,82.95228628230616,14.993079601646976
3672,32.07766992305422,86.70477137176938,11.759539662272582
3673,32.07766992305422,90.55666003976143,9.114699974004358
3674,32.07766992305422,94.5079522862823,6.056141930474514
3675,31.764298727316813,96.55935119193906,4.206746012550802
3676,31.090720811418038,96.63865546218487,3.407223888202399
3677,30.352992185277582,96.72054345279925,3.4415721447219174
3678,29.54878532568138,96.80438256105911,3.489728838840772
3679,28.675396857698342,96.8895800933126,3.5374512245612233
3680,27.72967485365437,95.74422121408512,5.259936714751141
3681,26.70792401499112,96.93599160545645,3.6190353641971744
3682,25.605779897730926,97.98329598696272,3.2256421507226842
3683,24.41803868980458,98.89349930843707,2.679532279495078
3684,21.560476599048872,98.93129770992367,2.668791560095505
3685,20.224310574212893,98.96411394746578,2.675451634967195
3686,18.784207260408554,98.99641577060932,2.671128055343377
3687,17.229343045866873,99.02811523776467,2.6807937562035278
3688,15.545677768839417,99.05913978494624,2.69377275277183
3689,13.714327712531832,99.08943089430895,2.7059961601436355
3690,11.708603018542624,99.11894273127753,2.6908278594372934
3691,9.487967175563591,99.3455098934551,2.5472024960826434
3692,6.983410335803749,99.49941107184924,2.4281754664179105
3693,4.049349277294945,99.58701224722302,2.3902500657426584
3694,-0.0,99.61432506887053,2.380758145451608
3695,-0.0,99.61432506887053,2.380758145451608
3696,-0.0,99.61432506887053,2.380758145451608
3697,-0.0,99.61432506887053,2.378861486689668
3698,-0.0,99.61432506887053,2.3768245397803356
3699,-0.0,99.61432506887053,2.3746541048663734
3700,-0.0,99.61432506887053,2.3723615682822063
3701,-0.0,99.61432506887053,2.3723615682822063
3702,-0.0,99.61432506887053,2.369829924274457
3703,-0.0,99.61432506887053,2.3667766438827527
3704,-0.0,99.61432506887053,2.3598953936120703
3705,-0.0,99.61432506887053,2.266028465501556
3706,-0.0,99.61432506887053,2.1850500527694794
3707,-0.0,99.61432506887053,2.3618945533888174
3708,-0.0,99.61432506887053,2.9296292136940614
3709,-0.0,99.61432506887053,2.9188467620506557
3710,-0.0,99.61432506887053,2.9134782117822247
3711,-0.0,99.61432506887053,2.914289906235464
3712,-0.0,99.61432506887053,2.918125753093376
3713,-0.0,99.61432506887053,2.9152522223386383
3714,-0.0,99.61432506887053,2.905538870238226
3715,-0.0,99.61432506887053,2.8906850928594046
3716,-0.0,99.61432506887053,2.883777685443781
3717,-0.0,99.61432506887053,2.888007736142506
3718,-0.0,99.61432506887053,2.9032689212376424
3719,-0.0,99.61432506887053,2.9277025361621
3720,-0.0,99.61432506887053,2.9486546131561933
3721,-0.0,99.61432506887053,2.963070283508003
3722,-0.0,99.61432506887053,2.9729962655923963
3723,2.3018127375216824,99.6078431372549,2.991997729397117
3724,5.585587984398128,99.5511149724877,3.026281023835492
3725,6.983410335803749,97.79151943462898,3.30731926241137
3726,6.983410335803749,94.41990577149588,5.8572767686676865
3727,6.983410335803749,91.10718492343933,8.732434212455129
3728,6.983410335803749,87.85335689045937,11.474114664868935
3729,6.983410335803749,98.26266195524146,1.86249294406074
3730,6.983410335803749,98.26266195524146,1.8614743731630647
3731,6.983410335803749,98.26266195524146,1.8604588271146048
3732,6.983410335803749,98.26266195524146,1.857165953614437
3733,6.983410335803749,98.26266195524146,1.7587992030893633
3734,6.983410335803749,98.26266195524146,1.7163123647730927
3735,6.983410335803749,98.26266195524146,2.0351079297248575
3736,6.983410335803749,98.26266195524146,2.784751574301413
3737,6.983410335803749,98.26266195524146,2.780934247475254
3738,6.983410335803749,98.26266195524146,2.781736922813407
3739,6.983410335803749,98.26266195524146,2.7870260602627406
3740,6.983410335803749,98.26266195524146,2.7974111289757193
3741,6.983410335803749,98.26266195524146,2.8077871081118717
3742,6.983410335803749,98.26266195524146,2.8133583553271104
3743,6.983410335803749,98.26266195524146,2.8159865724834487
3744,6.983410335803749,98.26266195524146,2.823012071761219
3745,6.983410335803749,98.26266195524146,2.838755257800644
3746,6.983410335803749,98.26266195524146,2.8668374948254867
3747,6.983410335803749,98.26266195524146,2.9033155900982326
3748,6.983410335803749,98.26266195524146,2.939158108937953
3749,6.983410335803749,98.26266195524146,2.9714012090225017
3750,6.983410335803749,98.26266195524146,3.0067828524995828
3751,6.983410335803749,98.26266195524146,3.0546358301688894
3752,9.271806136481423,98.23247453565008,3.1194582752649627
3753,11.556775716700487,96.46395366559976,3.0762832804429214
3754,11.556775716700487,93.03459838439262,5.126421824233577
3755,11.556775716700487,89.66620941929584,7.287663988309592
3756,11.556775716700487,86.35878677030941,10.225754806799234
3757,11.556775716700487,96.06767261088248,1.8529466312294938
3758,11.556775716700487,96.06767261088248,1.8122500831762702
3759,11.556775716700487,96.06767261088248,1.7577938829809376
3760,11.556775716700487,96.06767261088248,2.3572969169933873
3761,11.556775716700487,96.06767261088248,2.863770530457722
3762,11.556775716700487,96.06767261088248,3.3206927949991507
3763,11.556775716700487,96.06767261088248,3.731331173545043
3764,11.556775716700487,96.06767261088248,3.8049736369776204
3765,11.556775716700487,96.06767261088248,3.8876273991220818
3766,11.556775716700487,96.06767261088248,3.9694000996839374
3767,11.556775716700487,96.06767261088248,4.0539518871056215
3768,11.556775716700487,96.06767261088248,4.132093567296058
3769,11.556775716700487,96.06767261088248,4.206176230046153
3770,11.556775716700487,96.06767261088248,4.2784749927328685
3771,11.556775716700487,96.06767261088248,4.343708904265381
3772,11.556775716700487,96.06767261088248,4.4030923990753665
3773,11.556775716700487,96.06767261088248,4.431836097330472
3774,11.556775716700487,96.06767261088248,4.524723559858346
3775,11.556775716700487,96.06767261088248,4.804082021843191
3776,13.28732509516402,95.98325062034739,5.2928688724965935
3777,16.186969818119632,95.76107899807322,5.282144821551087
3778,19.730920867238726,95.54150723673266,5.3004826250651265
3779,22.94492382919313,95.32516819044334,5.288950317930084
3780,24.126948115375427,84.95171202809482,7.850953610013279
3781,24.126948115375427,84.95171202809482,7.8760800096708055
3782,24.126948115375427,84.95171202809482,7.9278309287358555
3783,24.126948115375427,85.09218612818262,7.836615259328451
3784,21.263277631694375,95.42760372565623,3.253146542313194
3785,17.283093123656688,95.60672872774784,3.3852696686530934
3786,17.283093123656688,95.60672872774784,3.470345585393145
3787,17.283093123656688,95.60672872774784,3.5609508340068907
3788,17.283093123656688,95.60672872774784,3.6544635727750827
3789,17.283093123656688,95.60672872774784,4.151310464034972
3790,17.283093123656688,95.60672872774784,4.378579407372944
3791,18.65650364137368,95.47872340425532,4.445610710931317
3792,21.111584426423544,95.16184573002755,4.244379687016307
3793,22.227059147816263,93.11371999299107,3.595218006685557
3794,22.227059147816263,89.45155072717715,4.343715321277905
3795,22.227059147816263,86.01717189416506,6.450615619935907
3796,22.227059147816263,82.67040476607674,10.00008834190437
3797,22.227059147816263,91.62432100928685,4.076144783479936
3798,22.227059147816263,91.62432100928685,4.285771296301639
3799,22.227059147816263,91.62432100928685,4.4749724707413225
3800,22.227059147816263,91.62432100928685,4.645089296017195
3801,22.227059147816263,91.62432100928685,4.793341898232934
3802,22.227059147816263,91.62432100928685,4.929914922559933
3803,22.227059147816263,91.62432100928685,5.054793295244959
3804,22.227059147816263,91.62432100928685,5.1702740378122245
3805,22.227059147816263,91.62432100928685,5.271509971385133
3806,22.227059147816263,91.62432100928685,5.354963303313684
3807,22.227059147816263,91.62432100928685,5.433720737012633
3808,22.227059147816263,91.62432100928685,5.5278851919500305
3809,22.227059147816263,84.17732609076573,10.512604887177384
3810,22.227059147816263,87.7343613106711,8.330356464474779
3811,22.227059147816263,91.36148589451551,5.729850805239339
3812,22.227059147816263,95.05869984229894,2.270560635211328
3813,18.851462892806364,95.30087897227857,2.0886423589923973
3814,18.851462892806364,95.30087897227857,2.0153279024318342
3815,18.851462892806364,95.30087897227857,1.9890780995874764
3816,18.851462892806364,95.30087897227857,2.288327302219849
3817,18.851462892806364,95.30087897227857,2.5716583921876324
3818,18.851462892806364,95.30087897227857,2.83874092590552
3819,18.851462892806364,95.30087897227857,3.091973182156562
3820,18.851462892806364,95.30087897227857,3.3244971389215765
3821,18.851462892806364,95.30087897227857,3.5276854922137013
3822,18.851462892806364,95.30087897227857,3.7122984453453944
3823,18.851462892806364,95.30087897227857,3.877374836362802
3824,18.851462892806364,95.30087897227857,4.028616715901342
3825,18.851462892806364,95.30087897227857,4.169896937355879
3826,18.851462892806364,95.30087897227857,4.300602913189347
3827,18.851462892806364,95.30087897227857,4.4213377381531815
3828,18.851462892806364,95.30087897227857,4.3452145162769025
3829,18.851462892806364,95.30087897227857,4.25646823842023
3830,18.851462892806364,95.30087897227857,4.271542569707417
3831,18.851462892806364,95.30087897227857,4.520529614969859
3832,18.851462892806364,95.30087897227857,4.769023728823089
3833,18.851462892806364,86.96754563894524,10.930616324872418
3834,18.851462892806364,90.46653144016227,8.592365355549422
3835,18.851462892806364,94.03313049357673,6.158862225194747
3836,18.851462892806364,97.66734279918865,3.0648688572509566
3837,16.38912273857775,97.89422135161607,3.1175833657809644
3838,13.496543788700492,98.0453972257251,3.141785379844346
3839,11.005811529372666,98.21700701005791,3.1604607574117094
3840,7.877380720882683,98.30608337015761,3.2227841245310245
3841,7.877380720882683,98.30608337015761,3.3024460268239477
3842,7.877380720882683,98.30608337015761,3.373585605387463
3843,7.877380720882683,98.30608337015761,3.4369349976724974
3844,7.877380720882683,98.30608337015761,3.499667311382656
3845,7.877380720882683,98.30608337015761,3.5683050603194992
3846,7.877380720882683,98.30608337015761,3.652296887330469
3847,7.877380720882683,98.30608337015761,3.735127610736812
3848,7.877380720882683,89.51244660480188,10.454458951635841
3849,7.877380720882683,92.79717189571366,8.296946168433568
3850,7.877380720882683,96.1408160259243,5.093896839933909
3851,7.877380720882683,99.54337899543378,2.340811692158762
3852,4.600313464622769,99.6011964107677,2.321233531983269
3853,-0.0,99.61432506887053,2.3121093589605937
3854,-0.0,99.61432506887053,2.3121093589605937
3855,-0.0,99.61432506887053,2.3121093589605937
3856,-0.0,99.61432506887053,2.3121093589605937
3857,-0.0,99.61432506887053,2.311381510058267
3858,-0.0,99.61432506887053,2.310534785123443
3859,-0.0,99.61432506887053,2.309572040467191
3860,-0.0,99.61432506887053,2.308486926762932
3861,-0.0,99.61432506887053,2.3068463366242424
3862,-0.0,99.61432506887053,2.3032474694115956
3863,-0.0,99.61432506887053,2.293774721517562
3864,-0.0,99.61432506887053,2.274523956153143
3865,-0.0,99.61432506887053,2.241811629003975
3866,-0.0,99.61432506887053,2.206939558788712
3867,-0.0,99.61432506887053,2.1006906356332142
3868,-0.0,99.61432506887053,2.0799868858374313
3869,-0.0,99.61432506887053,2.4168717280050602
3870,-0.0,99.61432506887053,3.1789450701722255
3871,-0.0,99.61432506887053,3.162126933482821
3872,-0.0,99.61432506887053,3.15068961071074
3873,-0.0,99.61432506887053,3.145521727232597
3874,-0.0,99.61432506887053,3.1436615644688666
3875,-0.0,99.61432506887053,3.135940750445273
3876,-0.0,99.61432506887053,3.122003862183176
3877,-0.0,99.61432506887053,3.104027149236879
3878,-0.0,99.61432506887053,3.094676961377495
3879,-0.0,99.61432506887053,3.0979134681094873
3880,-0.0,99.61432506887053,3.1121431007364464
3881,2.3018127375216824,99.6078431372549,3.1314503503310678
3882,6.344510161302665,99.57995365005793,3.1550201707139713
3883,9.271806136481423,99.49071300179749,3.1630557245068496
3884,11.769480741354945,99.33395291201983,3.1540397416591346
3885,13.983113068808338,99.10313901345292,3.162173754137597
3886,16.72274330841118,99.0550397877984,3.2037346530170523
3887,18.22758892407622,97.18143459915612,3.3016913455713013
3888,18.22758892407622,93.58649789029536,5.87051217236835
3889,18.22758892407622,90.05907172995781,8.440953144638145
3890,18.22758892407622,86.59915611814345,11.336816844077942
3891,18.22758892407622,97.58649789029536,1.5595359830099833
3892,18.22758892407622,97.58649789029536,1.558925347653101
3893,18.22758892407622,97.58649789029536,1.5583228791137007
3894,18.22758892407622,97.58649789029536,1.5577175432385535
3895,18.22758892407622,97.58649789029536,1.5571054257956651
3896,18.22758892407622,97.58649789029536,1.5564910006939012
3897,18.22758892407622,97.58649789029536,1.555884159794972
3898,18.22758892407622,97.58649789029536,1.555288588836593
3899,18.22758892407622,97.58649789029536,1.5547034151033945
3900,18.22758892407622,97.58649789029536,1.554115624951114
3901,18.22758892407622,97.58649789029536,1.5535138091403462
3902,18.22758892407622,97.58649789029536,1.5528803438540968
3903,18.22758892407622,97.58649789029536,1.5522129558164695
3904,18.22758892407622,97.58649789029536,1.5515115488585505
3905,18.22758892407622,97.58649789029536,1.5507719471617842
3906,18.22758892407622,97.58649789029536,1.546370507613649
3907,18.22758892407622,97.58649789029536,1.530684102308727
3908,18.22758892407622,97.58649789029536,1.498807647367424
3909,18.22758892407622,97.58649789029536,1.4478379797286083
3910,18.22758892407622,97.58649789029536,1.3829432605255862
3911,18.22758892407622,97.58649789029536,1.312831826229768
3912,18.22758892407622,97.58649789029536,1.236798964290777
3913,18.22758892407622,97.58649789029536,1.1563693357055331
3914,18.22758892407622,97.58649789029536,1.0716514457616686
3915,18.22758892407622,97.58649789029536,0.9824400462131815
3916,18.22758892407622,97.58649789029536,0.8884484636815728
3917,18.22758892407622,97.58649789029536,0.7895766081828036
3918,18.22758892407622,97.58649789029536,2.2566026527548533
3919,18.22758892407622,97.58649789029536,2.593446037612764
3920,18.22758892407622,97.58649789029536,2.6494916033773968
3921,18.22758892407622,97.58649789029536,2.7059560048218048
3922,18.22758892407622,97.58649789029536,2.754572998494022
3923,18.22758892407622,97.58649789029536,2.806276161295031
3924,18.22758892407622,97.58649789029536,2.8582776620842725
3925,18.22758892407622,97.58649789029536,2.9194792409994315
3926,20.4877104576934,97.54168815540656,2.993526078041734
3927,23.68699270226421,97.39611200285357,3.0645858791951865
3928,26.292801111286845,97.16928769657724,3.125613523016183
3929,28.55630023680052,96.85281136058339,3.1777033567543085
3930,30.573910524691012,96.59701492537313,3.312004699790688
3931,32.39750045916832,96.47204456364761,3.412499799861355
3932,34.05953795868223,96.34381013470173,3.4944163393562158
3933,35.582239174450685,96.2126245847176,3.5625729730196087
3934,36.98172753073849,96.07888099059849,3.6588536631158255
3935,38.270203242419505,95.94306049822065,3.785254628219925
3936,39.457187569323835,95.80573951434879,3.8900026720107967
3937,40.550287961815414,95.66759564225994,4.016497307845251
3938,41.55569447308476,85.09803921568627,10.983670448701575
3939,42.478515773549624,89.08649959579628,8.298348011458048
3940,43.75980657040963,92.94478527607362,5.685831275450611
3941,45.3280174409202,96.6086956521739,2.146486195489997
3942,44.6857918692902,96.09826589595376,2.438485535681902
3943,44.6857918692902,96.09826589595376,2.345116486007341
3944,44.6857918692902,96.32947976878613,2.075756547272287
3945,44.6857918692902,96.878612716763,1.1777256370033937
3946,44.6857918692902,97.54335260115607,2.0340103985802536
3947,42.34484349510465,97.59036144578313,3.259855493289852
3948,43.59425745720242,97.50297265160523,3.414321369528702
3949,44.72901985692635,97.41538461538461,3.591036725823174
3950,45.758470498736244,97.32824427480917,3.7379035936279097
3951,46.69002140968433,97.24228496388706,3.8988986368755785
3952,47.52965177499223,97.15832205683355,4.045335329207674
3953,48.282242274529324,97.07724425887265,4.149534458797851
3954,48.95180854928745,97.0,4.307301411252501
3955,49.5416686023784,96.92757863935626,4.451508321001103
3956,50.05456534911101,96.8609865470852,4.601635302050405
3957,50.49275773612673,96.8012185833968,4.739905382034191
3958,50.85808918157466,96.74922600619195,4.897955025465309
3959,51.15203918461654,96.70588235294117,5.055925723003428
3960,53.24422169525668,96.61835748792271,5.1710060849090365
3961,55.854460910804086,96.35373009220453,4.443170088285355
3962,57.85442137412292,95.90592334494774,4.263120339517462
3963,59.49423021049386,95.25745257452574,4.261821397795245
3964,60.869166353745634,94.76635514018692,4.231635800173131
3965,60.869166353745634,90.79439252336448,2.496892485800474
3966,60.869166353745634,87.00934579439253,4.517392979753526
3967,60.869166353745634,83.41121495327103,7.543434841504436
3968,60.869166353745634,90.8411214953271,3.184270800769922
3969,60.869166353745634,90.8411214953271,3.537718879073693
3970,60.869166353745634,90.8411214953271,3.86218668293679
3971,60.869166353745634,90.8411214953271,4.1459645599971005
3972,60.869166353745634,90.8411214953271,4.358860387694861
3973,60.869166353745634,90.8411214953271,4.482239831907816
3974,60.869166353745634,90.8411214953271,4.529967244102139
3975,60.869166353745634,90.8411214953271,4.448381958738132
3976,60.869166353745634,90.8411214953271,4.32174345001986
3977,60.869166353745634,90.8411214953271,4.199826781556947
3978,60.869166353745634,90.8411214953271,4.074858782674181
3979,60.869166353745634,90.8411214953271,3.9490365066698314
3980,60.869166353745634,90.8411214953271,3.813669969727681
3981,60.869166353745634,90.8411214953271,3.840330185625187
3982,60.869166353745634,90.8411214953271,4.11712847904476
3983,60.869166353745634,83.41121495327103,8.078967981074255
3984,60.869166353745634,87.00934579439253,5.697256123611352
3985,60.869166353745634,90.79439252336448,5.343601964392002
3986,60.869166353745634,94.76635514018692,8.083894234867325
3987,60.463008333735445,94.8529411764706,9.39015372293658
3988,59.96107516524171,94.95495495495496,10.728904963958724
3989,59.35969636446112,95.07042253521126,11.61456221286643
3990,58.6541530745638,95.19725557461406,12.471613340776404
3991,57.83840985095364,95.33333333333333,13.499545701733561
3992,57.60640846336131,95.02057613168725,13.855198892031972
3993,57.85345034529334,94.13707679603634,13.539548985985814
3994,57.853450345293346,93.10487200660612,13.523281131323934
3995,57.09939735440887,90.44534412955466,12.348298934476746
3996,56.39060968601448,88.39888756456098,11.410612204423305
3997,56.39060968601448,88.39888756456098,12.3516878750448
3998,56.39060968601448,88.39888756456098,13.147305418347694
3999,56.39060968601448,88.39888756456098,13.826503785696978
4000,55.630598144133465,86.71083398285269,13.327150612123681
4001,55.301490779264675,82.42517267843438,10.090574377750933
4002,55.69076862806006,79.77700884275279,7.516826990129722
4003,56.68777707361991,78.6358290866327,7.032614290056239
4004,57.49267185920879,77.36149860502192,7.4445090866703785
4005,57.829493293102615,75.7928542753914,6.498716321033219
4006,57.829493293102615,73.5046166198314,5.919649243394531
4007,57.829493293102615,71.37695704536331,4.665930592868047
4008,57.829493293102615,69.40987555198716,3.713037972412204
4009,57.829493293102615,73.62505018065035,6.1734010461485695
4010,57.829493293102615,73.62505018065035,6.422196707827195
4011,57.829493293102615,73.62505018065035,6.706772108718939
4012,57.829493293102615,73.62505018065035,7.0488723995332805
4013,57.829493293102615,73.62505018065035,7.47434606892906
4014,58.38089981434229,72.12515237708249,7.127267083802721
4015,58.777824407820056,70.52070520705207,7.21643299141984
4016,59.02731364811205,68.82474226804123,6.580842439192032
4017,59.133524679181896,66.01901612236462,5.715223864345683
4018,59.09816784823702,67.32755059892607,7.527580928592036
4019,58.92067761919162,68.57260386672151,9.529908077570939
4020,58.598156767463756,69.74275214373213,11.837497494641577
4021,58.018780058827645,70.39128680919725,13.307259639343837
4022,57.2635972486567,70.9574890742948,14.555498227721518
4023,56.31337305844125,71.75185329691767,16.245725066521846
4024,55.13824278548419,72.44936950706916,18.298619370241436
4025,54.642183789883155,72.52286585365853,19.95404490608918
4026,56.82981381587228,71.90569744597249,20.55252164308015
4027,59.52847347978685,71.00616016427105,20.830045552488745
4028,61.62026343739709,69.95285040720103,20.831987640039596
4029,63.35558459263788,68.73604287628406,19.906774799233713
4030,64.8300240681263,67.71946121690664,18.944871188322285
4031,67.42634735138469,66.92493946731234,18.535427122885686
4032,69.97165384004295,65.87341772151899,16.742596951933724
4033,71.75733891185249,64.5910290237467,15.352886690649495
4034,72.14836934677272,61.68274383708467,13.664806341463919
4035,73.00615677807035,59.68008825151682,12.644278490241426
4036,73.94387296369412,57.816941444002275,11.857826187195915
4037,74.71695915119808,55.80852305896089,11.54838839252862
4038,75.33956358157927,53.67164179104478,10.364076205281872
4039,75.82165232767822,53.98176291793313,10.809474021846997
4040,76.19008313955321,52.89765721331689,9.215109085560961
4041,76.44679011982025,50.62266500622665,6.717448916448601
4042,76.35796570461551,47.80185758513932,4.426187299514068
4043,75.94545341577582,44.57246816252274,4.276902374870757
4044,75.4296406126469,42.0461265523359,8.200475450546
4045,74.80612739453663,39.28776565192418,11.396723367318916
4046,74.06915922345932,46.97053918843802,7.190991560061903
4047,73.21123634386167,48.73994638069705,7.202133823365611
4048,72.22251442647608,50.593089221248064,7.302588972229938
4049,71.08984741494601,53.14200890648194,7.200622573544151
4050,70.46414791419507,54.38256658595642,7.695307208916745
4051,70.46414791419507,54.479418886198545,8.527396965032041
4052,70.46414791419507,54.52784503631961,9.58009354717902
4053,69.9103945943996,54.21280693307655,10.646557673136957
4054,68.90684373323701,54.07725321888412,11.409322710307224
4055,67.21851815060215,54.258823529411764,11.815528828243457
4056,67.21851815060215,54.96470588235294,12.477968585973631
4057,68.10672643275812,48.025353486104336,18.73184957128194
4058,68.88166214916713,51.0831234256927,17.232464749466697
4059,69.55020119700272,54.02179553710431,15.164277097909732
4060,70.11773003972006,57.53862546616942,14.768564415725777
4061,70.11773003972006,59.82951518380394,14.466721617297482
4062,70.11773003972006,62.33351092168354,13.735048316347028
4063,70.58847170416836,66.53950953678473,9.749032290622909
4064,70.96570929598532,70.84952803997778,5.546623728311093
4065,71.25194144475657,75.21126760563381,3.203255310375118
4066,70.95396315112613,76.15598885793872,3.295546850064401
4067,70.5319641066856,77.18047174986286,3.299288683491844
4068,69.98069289979168,78.26788596019365,3.7460907819820073
4069,69.29270319173976,79.40094587493431,4.092096119273103
4070,68.45763347950279,80.92071611253196,3.9942150071593936
4071,67.46099884258135,82.6302729528536,4.7802501717961094
4072,66.28205060825195,84.06144983197312,5.599640518671333
4073,64.94325752154244,81.2354853692522,5.294192753030476
4074,64.17832951473306,77.95527156549521,6.816582773743949
4075,64.17832951473306,74.4408945686901,8.461614777100294
4076,64.17832951473306,79.14194431766317,7.595265144565519
4077,64.17832951473306,79.14194431766317,8.025659684103696
4078,64.17832951473306,79.14194431766317,8.381437093920125
4079,64.17832951473306,79.14194431766317,8.66097528723383
4080,64.17832951473306,79.14194431766317,8.868289859064866
4081,64.17832951473306,79.14194431766317,9.14845330953934
4082,64.17832951473306,79.14194431766317,9.303486136416607
4083,64.17832951473306,74.4408945686901,11.367919382092746
4084,64.17832951473306,77.95527156549521,9.661570111066885
4085,64.17832951473306,81.6522136010954,6.732145890620677
4086,64.17832951473306,85.53172067549065,3.0807270607949295
4087,63.475195954890644,85.79064587973274,4.287141763911831
4088,62.649725897911416,86.47594278283485,5.135801354032945
4089,61.69218347705535,88.01009676062263,5.589879349004247
4090,60.58951880731686,89.32790224032587,7.032423950501718
4091,60.169248444982486,90.0521460088247,8.129125324934247
4092,59.37645490267462,89.69236915701158,9.13331819205995
4093,57.303611158313885,89.05196350654502,9.87449366619471
4094,56.51357603273642,90.12444801284624,11.135054834954367
4095,56.51357603273642,90.44560417503011,12.146006579783425
4096,56.16141028909456,90.1639344262295,12.886416668148142
4097,57.01363726700112,90.53136236516181,14.058537198995634
4098,56.03598574588964,89.67154728927582,14.887131921003743
4099,54.5539163597228,88.55021492770614,15.03971992123089
4100,51.890298257168176,87.1873797614467,14.929338820654847
4101,51.890298257168176,88.72643324355522,17.265838931881326
4102,51.13931576688348,86.52908067542214,16.272602470413254
4103,53.125778336312955,84.37380314055918,15.737364534490638
4104,55.76659714384106,83.85811080111598,16.042258486434637
4105,57.79836102327005,83.18840579710145,15.62689044127826
4106,58.672160636824024,80.89413749472796,14.719138621689744
4107,58.672160636824024,70.77182623365668,9.665853582003836
4108,58.672160636824024,70.77182623365668,10.332061683756907
4109,59.01444117302871,71.61758429364063,11.662174886425825
4110,59.61804749397513,73.57174007849979,13.913597813430085
4111,60.100010339040786,71.1051930758988,12.369328125133322
4112,60.48133112383507,68.48266546600631,10.263376008141236
4113,60.76492874185927,68.77560309512972,10.64858323683897
4114,60.952883354548796,68.54653828519028,10.620952723730861
4115,61.04653311167317,68.4307409111827,11.050452082220316
4116,62.30029867381154,67.94392523364486,10.937483297999778
4117,62.30029867381154,65.0,8.486242500187545
4118,62.30029867381154,62.242990654205606,7.203802031472891
4119,62.30029867381154,59.67289719626168,6.747875195643184
4120,62.30029867381154,64.01869158878505,8.302568579979646
4121,62.30029867381154,64.01869158878505,8.820000176678132
4122,62.30029867381154,64.01869158878505,9.544656031074991
4123,62.30029867381154,64.01869158878505,10.474145542692717
4124,63.32236986848523,63.41232227488152,11.138001473547968
4125,63.32236986848523,60.52132701421801,9.88906158624565
4126,63.32236986848523,57.81990521327014,10.153874754513636
4127,63.32236986848523,55.308056872037916,10.867057315214296
4128,63.32236986848523,56.824644549763036,11.3135061373339
4129,63.32236986848523,54.170616113744074,11.705420071289385
4130,63.32236986848523,56.58767772511848,12.044665632852452
4131,63.32236986848523,59.19431279620853,12.552065042278596
4132,63.32236986848523,61.99052132701422,13.81945395131469
4133,64.34312693348544,63.05609284332689,15.514701012817069
4134,64.57185097759937,60.4594330400782,14.432895101038982
4135,64.57185097759937,57.282502443792765,13.644173846823367
4136,64.57185097759937,54.30107526881721,13.71245727434337
4137,64.57185097759937,51.515151515151516,10.93330033272821
4138,64.57185097759937,56.35386119257087,13.808311854768625
4139,64.57185097759937,56.35386119257087,13.70261872343444
4140,64.65473905058008,54.9558390578999,13.116727307055301
4141,64.75813823130078,52.120315581854044,10.921170492017575
4142,64.77879009832053,49.25962487660414,7.844159617444575
4143,64.71680657358753,46.40748031496063,4.625207552944499
4144,64.65473905058008,50.83415112855741,7.70422909744543
4145,64.65473905058008,48.52796859666339,5.212754901908606
4146,64.65473905058008,46.4180569185476,3.6856021081660573
4147,64.65473905058008,44.94602551521099,3.844776180565779
4148,64.65473905058008,45.53483807654563,4.361348317331235
4149,64.65473905058008,47.44847890088322,3.923593316205062
4150,64.65473905058008,49.55839057899902,4.295955853585719
4151,64.65473905058008,50.63788027477919,4.111517063963054
4152,64.65473905058008,47.8900883218842,4.415140557614788
4153,64.65473905058008,44.99509322865554,6.88115168620257
4154,64.65473905058008,41.903827281648674,10.800891656416926
4155,64.65473905058008,46.172718351324825,6.445494916864098
4156,64.65473905058008,49.2639842983317,4.538546991659427
4157,64.65473905058008,52.55152109911678,4.59554006196702
4158,63.7326228078768,49.371980676328505,5.850914397350979
4159,63.7326228078768,52.22222222222222,6.9210432501618095
4160,65.54870943565902,54.643734643734646,8.052884143862581
4161,67.45454695746854,56.30379746835443,8.535120765947681
4162,68.58289297508121,57.76623376623377,8.653678156309075
4163,69.50864986896727,59.11749069643807,8.690420343097367
4164,69.50864986896727,59.11749069643807,8.583349359110462
4165,69.50864986896727,59.54279638490165,8.886415627803457
4166,69.50864986896727,60.55289739500266,8.819184398627392
4167,70.23775957488175,62.87262872628726,9.848883700702723
4168,70.78923166909452,65.21739130434783,10.833290430276737
4169,71.1754709106696,67.55703951029494,13.795240410011118
4170,73.16486496219538,66.74272675413577,13.359690482720705
4171,75.32626786811251,65.50912301353738,11.531076727920025
4172,74.95625290464459,61.23627960716349,7.89990788390992
4173,75.50964740649852,56.21746674378253,5.936527732202595
4174,76.72778222825066,57.41287655050207,6.064500801641333
4175,77.60345956064742,58.37837837837838,6.0534523907932725
4176,78.1986746909262,59.088145896656535,6.042559067478077
4177,77.04286941775162,55.21327014218009,4.69018078758013
4178,77.04286941775162,50.77014218009479,4.126534079077163
4179,77.04286941775162,46.56398104265403,7.204620676084609
4180,77.04286941775162,48.28199052132702,6.827902865914796
4181,77.04286941775162,46.91943127962085,8.221416398246664
4182,77.04286941775162,50.59241706161137,5.954296580292552
4183,77.04286941775162,55.035545023696685,3.6696593453733994
4184,77.04286941775162,59.71563981042654,3.093393599054878
4185,75.67046554716583,60.530871321407965,3.1900663127663496
4186,75.67046554716583,60.530871321407965,3.3053861745354327
4187,75.67046554716583,60.530871321407965,3.552511618711403
4188,75.67046554716583,60.530871321407965,3.882657130865807
4189,75.67046554716583,60.530871321407965,4.249992609856222
4190,75.67046554716583,55.279861511829196,6.211844322193523
4191,75.67046554716583,59.492210040392386,4.981599112612487
4192,75.67046554716583,63.93537218695903,4.945276022636153
4193,75.90925290885346,67.1144859813084,7.834526520553778
4194,74.40951613139967,66.86046511627907,8.626740815604295
4195,74.7583936480189,66.46989374262101,8.517895653344077
4196,74.99708842020036,64.3452380952381,7.540566215449681
4197,75.09876157265305,61.230585424133814,7.053413384329705
4198,75.06491161458979,61.15751789976134,7.0325052699318205
4199,74.89504271602995,67.55634638196916,10.348144135600254
4200,74.58662000845409,70.07042253521126,13.110801575877698
4201,74.87285215722535,62.63408820023838,7.171311845564778
4202,75.51908541537134,65.995115995116,8.740793040181245
4203,76.45680160099512,67.86616161616162,11.850984813256066
4204,77.22988778849908,69.8959687906372,14.577510271719216
4205,77.27813590388024,68.359375,13.518618316430768
4206,76.55997767585285,65.69620253164557,10.006028599090795
4207,75.686021922551,62.68382352941177,8.621438751335964
4208,74.98243485401863,61.39088729016787,7.538799271339288
4209,74.08701024025572,59.88304093567251,7.050983440581931
4210,73.39733058463987,58.68194842406877,6.016376272381012
4211,74.5382973752945,58.88441633122484,5.942551526040819
4212,73.78200127152495,55.27049637479085,5.271455352891137
4213,72.89074628452217,51.85983827493261,4.443105380261534
4214,71.85171393393162,48.675324675324674,5.347714573931105
4215,70.64712963114353,56.11582626060908,4.552376054543879
4216,69.25131401063949,56.96505505026328,5.043809421845631
4217,67.62465418795803,58.497480531378834,5.598155412065988
4218,65.69898709175774,59.86870897155361,6.056664047717974
4219,64.20315338374529,60.43533930857875,6.595613338852085
4220,62.30843146678177,60.16122189223589,6.9518417760629685
4221,59.78640340212013,59.240717563621196,7.835087351860987
4222,59.78640340212013,56.77930746766792,8.320831863052021
4223,59.78640340212013,54.484772632457236,8.783981413287876
4224,59.78640340212013,52.35711305798915,10.454932097348612
4225,59.78640340212013,54.69336670838548,10.39849516495483
4226,59.78640340212013,54.69336670838548,11.368899489259881
4227,59.78640340212013,53.40008343763037,13.253727842730656
4228,59.78640340212013,55.319148936170215,13.722583297324732
4229,59.78640340212013,57.780559032123485,14.152569996574787
4230,59.78640340212013,60.40884438881936,14.2205564596265
4231,59.28057827813321,62.371346233017704,14.050294299587888
4232,59.1566571420636,65.34816646065102,13.07324365508491
4233,59.46493112448164,69.46884148891677,8.830488433312455
4234,58.68478937172126,71.20032773453502,8.26214898589844
4235,57.75191516712175,72.78911564625851,7.689603567037926
4236,56.64895764016172,73.99610136452242,7.647758660434287
4237,56.08932358200972,74.89394523717702,8.070516272364296
4238,56.16809863454257,75.33875338753387,8.264339832565017
4239,56.18384127247631,75.86206896551724,8.048020543092454
4240,56.13660099777038,76.45921917278702,7.729242328228393
4241,56.026229070493834,77.12418300653594,7.80664355366017
4242,55.852375680699765,77.84979031643157,8.745566885690462
4243,55.61448321744212,78.62796833773088,9.53161912847638
4244,55.31177530620963,79.45001858045336,9.762019777248812
4245,54.94324106254009,80.30690537084399,9.428722445418838
4246,54.507613732671814,81.18953780007166,9.351311459708558
4247,54.003342530355155,82.08902909218367,9.31415584669635
4248,53.428555986412626,82.99692097160451,9.544563644568118
4249,52.781014433962405,83.90536487837387,8.653361083143361
4250,52.05804824587255,84.32134758665372,8.972021603712745
4251,51.25647693925952,86.38792832442628,8.575864241344819
4252,50.37250195524968,88.2424611635699,8.304845197322669
4253,49.401562267867725,89.89095195991747,7.428456406139998
4254,47.66330051062534,90.72135785007072,7.301380512200256
4255,45.70456839699804,91.39755766621438,7.004342615428487
4256,45.70456839699804,91.39755766621438,6.823742230621821
4257,45.70456839699804,91.39755766621438,7.049681720723745
4258,45.70456839699804,91.39755766621438,7.290620880497595
4259,45.70456839699804,80.7327001356852,14.957517132386851
4260,45.70456839699804,84.93894165535957,11.182627551971718
4261,45.70456839699804,89.25373134328358,8.477914762130364
4262,45.70456839699804,93.67706919945726,5.664455400253981
4263,43.83346200269162,94.31847797758665,5.35383440770771
4264,41.71334889327887,94.82111583687765,4.726902669434617
4265,39.24793890845884,95.19807923169267,4.601345918327533
4266,37.25198307698724,95.90372598935431,4.086569793646599
4267,36.03864587256859,96.90929451287793,3.1425518126234566
4268,34.724387221268096,97.76911414338315,3.0221572400999075
4269,30.852413970383427,97.87809444560017,3.04761134448099
4270,29.41129817738013,98.57171595252464,2.9216953712875693
4271,27.0247198397154,98.79868242588645,2.8907449511222385
4272,24.013754408139942,98.8411214953271,2.9172643793451085
4273,24.605281271321896,98.85777450257922,2.978493596854057
4274,22.810909801006392,95.17450142450143,5.085816817090233
4275,20.841488010074748,91.67240192704749,8.294336855835564
4276,18.65650364137368,88.56382978723404,10.85158864406
4277,16.186969818119632,98.00899165061014,2.228374215906507
4278,13.287325095164016,98.15446650124069,2.1029686714800517
4279,9.271806136481423,98.23247453565008,2.0774100725976576
4280,6.344510161302665,98.3632676709154,2.0100083296289633
4281,2.3018127375216824,98.43137254901961,1.9863797522329303
4282,2.3018127375216824,98.43137254901961,1.9863797522329303
4283,2.3018127375216824,98.43137254901961,1.9863797522329303
4284,2.3018127375216824,98.43137254901961,1.9863797522329303
4285,2.3018127375216824,98.43137254901961,1.9863797522329303
4286,2.3018127375216824,98.43137254901961,1.9863797522329303
4287,2.3018127375216824,98.43137254901961,1.9855741794949195
4288,2.3018127375216824,98.43137254901961,1.9846942668951706
4289,2.3018127375216824,98.43137254901961,1.9837550880694212
4290,2.3018127375216824,98.43137254901961,1.9827728632523418
4291,2.3018127375216824,98.43137254901961,1.981753774242927
4292,2.3018127375216824,98.43137254901961,1.9807004321710244
4293,2.3018127375216824,98.43137254901961,1.9795914981488354
4294,2.3018127375216824,98.43137254901961,1.978407468374127
4295,2.3018127375216824,98.43137254901961,1.978407468374127
4296,2.3018127375216824,98.43137254901961,1.9764994463008108
4297,2.3018127375216824,98.43137254901961,1.9656410882865145
4298,2.3018127375216824,98.43137254901961,1.9404935470528524
4299,2.3018127375216824,98.43137254901961,1.8992363629376188
4300,2.3018127375216824,98.43137254901961,1.7871631651040505
4301,2.3018127375216824,98.43137254901961,1.8023958924639505
4302,2.3018127375216824,98.43137254901961,2.2242407774582373
4303,2.3018127375216824,98.43137254901961,3.0467727656587984
4304,2.3018127375216824,98.43137254901961,3.043947848362269
4305,2.3018127375216824,98.43137254901961,3.0469704926387817
4306,2.3018127375216824,98.43137254901961,3.054789011460154
4307,2.3018127375216824,98.43137254901961,3.0672414993881416
4308,2.3018127375216824,98.43137254901961,3.0886471786426846
4309,2.3018127375216824,98.43137254901961,3.126232538618596
4310,2.3018127375216824,98.43137254901961,3.9423919631332254
4311,2.3018127375216824,98.43137254901961,4.305611116424406
4312,2.3018127375216824,98.43137254901961,4.443838881409462
4313,2.3018127375216824,98.43137254901961,4.5027568009511105
4314,2.3018127375216824,98.43137254901961,4.5678018204191995
4315,2.3018127375216824,98.43137254901961,4.6361697161414375
4316,4.049349277294945,98.40501281686129,4.7000484667929525
4317,6.983410335803749,98.2773851590106,4.729463828800054
4318,9.487967175563591,98.08219178082192,4.738800437093645
4319,11.708603018542624,97.81308999370674,4.741263705710142
4320,12.735365131348061,95.87332053742803,3.832836818566437
4321,12.735365131348061,92.37044145873321,4.1757774754009045
4322,12.735365131348061,88.93154190658989,5.603563610553139
4323,12.735365131348061,85.68458093410109,7.808785333483611
4324,12.735365131348061,95.4254638515675,2.768890295718066
4325,12.735365131348061,95.4254638515675,2.8220215752819526
4326,13.714327712531832,95.23577235772358,2.8035396772049572
4327,15.545677768839417,94.75806451612904,2.8800826169429645
4328,17.229343045866873,94.18604651162791,2.945913353538157
4329,18.784207260408554,93.51254480286738,2.9363841218524747
4330,20.224310574212893,84.51720310765816,7.336004921383204
4331,21.560476599048872,87.86259541984732,5.111206882091702
4332,24.41803868980458,91.34558387670421,2.710800372347769
4333,27.547480065442738,94.94762784966112,3.13832519293824
4334,29.470481892234403,95.08403361344538,3.518327751578305
4335,31.66971165299657,94.65298996071584,3.5207016582138078
4336,33.62172585186024,94.2883046237534,3.2288941385615426
4337,35.37833700765776,94.07058823529412,3.3921522508823516
4338,36.97195345359844,93.84765625,3.4101821118486684
4339,38.4247278165208,93.62025316455696,3.503160049602642
4340,39.75271570187522,93.38929695697796,3.563166036478011
4341,40.968044814977326,93.15589353612167,3.6053900447422254
4342,42.0801587722137,92.92134831460675,3.594507234420503
4343,43.096581749838016,92.68717353453279,3.6087427415071973
4344,44.02341433785071,92.45508982035928,3.4784346973149574
4345,44.967714629107796,91.59456118665018,3.0174786773317903
4346,45.758470498736244,89.66284987277353,2.0390732013220148
4347,46.470318671479,87.51633986928104,1.3129583702427758
4348,47.10642221125314,85.15415549597856,1.9811947291559717
4349,47.66943177732852,87.82578875171468,2.416002982823948
4350,48.16156633056439,87.57002801120449,3.63106019273799
4351,48.58467467686762,87.339514978602,3.6931863950551382
4352,48.94028272723592,87.1376811594203,3.8763154475574044
4353,49.22962985062393,86.9676945668135,3.9408643887116015
4354,49.45369668776999,86.83234421364985,3.9031059845773384
4355,49.6132260981879,86.7339312406577,3.9803515338280433
4356,49.70873841705776,86.67417417417417,4.079296252370301
4357,49.7405418331679,86.65413533834587,4.205318931557822
4358,49.70873841705776,86.67417417417417,4.357809890025286
4359,49.6132260981879,86.7339312406577,4.596864721732861
4360,49.45369668776999,86.83234421364985,5.028922916566549
4361,49.22962985062393,86.9676945668135,5.385520896454644
4362,48.94028272723592,87.1376811594203,5.782875476463202
4363,48.58467467686762,87.339514978602,6.148429252179956
4364,48.16156633056439,87.57002801120449,6.536249058379557
4365,48.1122070663483,86.94289693593315,6.645173194465052
4366,48.39929582536326,85.273492286115,6.477670464284443
4367,48.57035628745246,83.48591549295774,7.3227778304603275
4368,47.91655797803688,79.40974605353466,10.05545341480555
4369,47.182203539723275,75.76769025367156,11.667740333344533
4370,46.363601525183846,72.0349967595593,15.110447842389698
4371,45.45628942983353,81.06155778894473,10.079550162937332
4372,44.45483618557004,81.67173252279635,10.055426322314966
4373,43.352563465313644,82.37367802585194,10.008071284738767
4374,42.141140477291025,83.86273397617697,8.726390732609687
4375,40.809972423167075,85.17505470459518,7.968706115945329
4376,39.345233120691155,86.32050606220348,8.017409028084716
4377,38.381700306490266,86.96319018404908,7.885930593513852
4378,37.33314654344687,88.48439821693908,7.071232298812066
4379,36.19395714815851,89.83700862895493,5.889497774874324
4380,34.95728358609616,91.02920723226704,5.523550545097226
4381,33.267975565383956,91.3538873994638,5.2474158826019535
4382,31.40152035614993,91.67025398191993,4.768198674193796
4383,29.31748787542314,92.24709784411277,4.219651919632042
4384,26.94696867668952,92.71457085828344,3.6337485022460654
4385,24.144474359871364,93.08224442736356,3.460665242210261
4386,20.224310574212893,93.35923048464669,3.1769453155146716
4387,18.784207260408554,93.78136200716845,3.0707299521193554
4388,17.229343045866873,94.18604651162791,3.4054558082002915
4389,15.545677768839417,94.79166666666667,3.4030289310526047
4390,13.714327712531832,95.28455284552845,3.59661325064364
4391,11.708603018542624,95.67337948395217,3.863168400779917
4392,9.487967175563591,95.96651445966515,4.028907802189482
4393,9.487967175563591,95.96651445966515,4.219844763235228
4394,11.769480741354947,95.89529120198266,4.646292801269538
4395,15.012131662061671,95.70099454603786,5.379505073212974
4396,17.662112326101827,95.43189368770764,5.433519022417798
4397,21.63503746496077,95.2446588559614,5.2345682175495085
4398,25.385283896859402,95.029501162167,5.302438070163538
4399,28.56956764200046,94.78373863003527,5.316863713482108
4400,32.15448039895487,94.52266152362584,5.13265610517853
4401,35.30789042690435,94.24503709645077,5.027812616640344
4402,37.86692659271943,84.94892641234105,4.8281407404915315
4403,40.082717412028785,88.29902491874323,3.806486264911095
4404,42.05164508501928,91.93875253321325,4.1621824364860265
4405,44.252632033958946,93.90524379024839,5.440162908079252
4406,43.12606231088432,89.96844003606853,4.148084746528037
4407,43.12606231088432,85.93327321911632,4.854084836502069
4408,43.12606231088432,81.9882777276826,8.048188540332594
4409,43.12606231088432,93.03426510369702,4.9094524536241435
4410,43.12606231088432,93.03426510369702,5.045413779909778
4411,43.12606231088432,93.03426510369702,5.171896110847787
4412,44.252632033958946,92.80128794848206,5.260029295040754
4413,44.252632033958946,88.59245630174793,5.547112061912444
4414,44.252632033958946,84.475620975161,6.793540222800239
4415,44.252632033958946,80.45078196872124,10.41214354310669
4416,44.252632033958946,88.31646734130635,5.623691350158879
4417,44.252632033958946,88.31646734130635,5.505226099987371
4418,44.252632033958946,88.31646734130635,5.374899417380999
4419,44.252632033958946,88.31646734130635,5.385614825028439
4420,44.252632033958946,88.31646734130635,5.245770256404547
4421,44.252632033958946,88.31646734130635,5.094859429619086
4422,44.252632033958946,80.45078196872124,10.254042142505677
4423,44.252632033958946,84.475620975161,6.522700169822351
4424,44.252632033958946,88.59245630174793,4.136890931650581
4425,44.252632033958946,92.80128794848206,3.651970183486682
4426,41.9152385479903,93.2832523199293,3.9772229652541684
4427,39.145193671761284,93.65449915110356,4.302895312483923
4428,37.4785217623566,93.78119800332779,4.506023874781308
4429,37.4785217623566,93.78119800332779,4.707223805458019
4430,37.4785217623566,93.78119800332779,4.960036719026519
4431,37.4785217623566,93.78119800332779,5.9736984219720615
4432,39.145193671761284,93.65449915110356,6.518752092429851
4433,41.9152385479903,93.2832523199293,6.602218157040064
4434,44.252632033958946,92.80128794848206,6.425893897977584
4435,46.30283373624338,92.19722355193872,5.984577475714507
4436,48.134722428584524,91.65836653386454,5.867219168406256
4437,48.134722428584524,87.300796812749,3.669995163116448
4438,48.134722428584524,83.04282868525897,4.018501039817063
4439,48.134722428584524,78.88446215139442,7.250829133478269
4440,48.134722428584524,86.80278884462152,3.2940989999143273
4441,48.134722428584524,86.80278884462152,3.344162026777858
4442,48.134722428584524,86.80278884462152,3.413515615594275
4443,48.134722428584524,86.80278884462152,3.5085192471254456
4444,48.134722428584524,86.80278884462152,3.6311347770139393
4445,48.134722428584524,86.80278884462152,3.748685441369714
4446,48.134722428584524,86.80278884462152,3.810850342134107
4447,48.134722428584524,86.80278884462152,3.83699014535116
4448,48.134722428584524,86.80278884462152,3.8639327322981516
4449,50.645531046016266,85.97766813814593,4.691365307733214
4450,52.28122953289077,84.84193461226695,4.670169575098869
4451,53.765124262851465,75.6392245012644,8.667583047460312
4452,55.1159208129745,78.5985401459854,7.588622827309478
4453,56.347469325840024,82.6007881176114,4.717538613288497
4454,57.470390427960716,86.82804149638478,3.5130150137459712
4455,56.144169838429036,87.1850699844479,3.914144386506538
4456,54.16711283977238,87.44243168560024,4.680889644864008
4457,51.57277533228003,87.681598062954,4.9846239912212384
4458,48.70927529207492,87.90226460071514,5.2523683618325006
4459,46.890878583908915,88.23356807511738,5.567333037439411
4460,43.91752262475066,88.46597462514417,5.995056595522155
4461,43.91752262475066,85.23644752018454,4.968127268427966
4462,44.354285027469736,86.48099796924862,5.46935291074133
4463,45.08339473338423,87.39372618000586,6.160159668103683
4464,45.634866827596994,88.11705586757316,7.3568729668836195
4465,44.887489560273934,88.01299084735754,8.202845926443345
4466,45.889927641504016,86.79475449832266,8.315017639054918
4467,46.66257851992381,84.6877941637904,7.934429292924001
4468,47.35858693593354,82.371898163068,6.526823898811392
4469,47.98088380929522,71.45688800792864,7.068251918688159
4470,48.531933975349794,79.38492734031767,5.6599938726356465
4471,49.01380697221588,83.4770610555364,8.085205824710947
4472,49.71954497615616,86.947293951185,10.290745428627465
4473,50.18249946491354,86.09913793103448,10.097940204287037
4474,50.18249946491354,81.75287356321839,6.776736847859964
4475,50.18249946491354,77.55028735632185,5.4228481937641675
4476,50.18249946491354,73.8146551724138,5.537493003346098
4477,50.18249946491354,81.17816091954023,6.243212480024763
4478,50.18249946491354,81.17816091954023,6.37610148258724
4479,50.18249946491354,81.17816091954023,6.53556515810657
4480,50.18249946491354,81.17816091954023,6.719040772216792
4481,50.18249946491354,81.17816091954023,6.908978377062924
4482,50.619163286413134,80.20415603353992,6.890182439932861
4483,50.619163286413134,75.86584032081663,6.286496107404234
4484,50.619163286413134,71.67335034633612,8.596046036477311
4485,50.619163286413134,67.62668611009843,12.690335302935381
4486,50.619163286413134,73.13160772876412,7.461204136067405
4487,50.619163286413134,73.13160772876412,7.606085819991807
4488,50.619163286413134,73.13160772876412,7.903986872731695
4489,50.619163286413134,67.66314254465914,14.11317685065601
4490,50.619163286413134,71.70980678089683,10.181149300239882
4491,50.619163286413134,75.90229675537732,7.31570678865246
4492,50.619163286413134,80.24061246810062,5.263985475883843
4493,49.71954497615616,81.35833038556774,4.470813856640748
4494,48.710862273075584,83.14491264131551,3.6293738976051153
4495,47.58398664037773,84.7300430606161,3.1207091600142176
4496,46.32708053604458,86.05692356891589,3.265153408422659
4497,45.6451363648948,86.62060301507537,3.516962620972773
4498,45.6451363648948,86.62060301507537,3.5960836380182246
4499,45.6451363648948,86.62060301507537,3.6961382817504944
4500,45.6451363648948,86.62060301507537,3.8403773111712023
4501,45.6451363648948,86.62060301507537,4.035933647438566
4502,45.6451363648948,86.62060301507537,4.257153965145191
4503,49.2545958638272,86.02362204724409,4.318387451768471
4504,52.08175118757422,85.29814941740918,4.50647322093582
4505,54.30634041770771,74.64234620886981,10.592745948529728
4506,56.179063496508626,77.51677852348993,9.08457628592137
4507,57.795838964524485,81.01708074534162,7.838304216126864
4508,59.207991919643625,84.98789346246973,4.981331108990188
4509,58.997578249997616,87.1469504707327,5.126494319891942
4510,59.77066443750159,86.9002920317063,5.5455825951990825
4511,60.393268867882774,86.68927511657482,5.960834618659524
4512,60.87535761398172,86.51781880635465,6.245254346529863
4513,61.22390830511632,86.38925010836584,6.787243083153488
4514,61.44361104332165,86.30614914958569,7.044358759421859
4515,61.53728194990228,86.27022299956275,7.040662164692038
4516,61.50609044585686,86.28221930974225,6.975940273961198
4517,61.34964915301973,86.34188777729447,6.881625263263903
4518,61.06598440067256,86.44799309451878,6.992660704931818
4519,60.651381523248254,86.72641912078532,6.750801272822532
4520,60.10007308570467,87.92595708876735,6.101852300787131
4521,59.40369902399564,89.33443571723853,4.971688249653185
4522,58.55039513771356,90.56298096395302,4.535774021978624
4523,57.52321150302114,91.61060546102097,4.140013596808188
4524,56.29718634765609,92.47975318164289,3.835997796809714
4525,54.83333513912382,93.1758530183727,3.479346534689328
4526,53.064048172267995,93.70680247362678,3.281036343505764
4527,51.891916692098306,93.87176762309599,3.2056252277434503
4528,50.52728056812381,94.0447504302926,3.1639193165737396
4529,48.930623087233926,94.65776293823038,3.2779504088334663
4530,47.03386684820368,95.11800840607825,3.425328808708007
4531,44.69228377284997,95.43607377305408,3.7766607455232357
4532,41.22087630591928,95.62330214307275,3.951181707919838
4533,40.85242015601227,95.84199584199584,4.145865805602917
4534,40.82523374205621,94.03737763274992,3.2197557726516486
4535,40.72999763440879,90.42836041358936,3.7899281979166943
4536,40.58007672728364,86.76254769592016,5.921145194551288
4537,40.375114727498335,83.06662787314518,8.948359747454212
4538,40.11461822532143,93.5251798561151,1.8924824910339968
4539,39.79794937927573,88.75319511502414,4.252557231870534
4540,40.76528178627408,91.21255349500713,2.732219363169257
4541,42.661399276924165,93.3177706448789,1.5516116459294869
4542,44.19262902382417,95.26362823949955,2.5866037573378162
4543,43.60546558065315,94.77947794779477,2.431165377533559
4544,44.66785930388375,94.35459261519682,2.2549450622479763
4545,44.66785930388375,92.18797680805615,2.858276704291714
4546,44.66785930388375,90.1434238632896,3.786970353009947
4547,44.66785930388375,88.22093378089716,5.530183707278474
4548,44.66785930388375,91.79127250534025,3.309556576577371
4549,44.66785930388375,91.79127250534025,3.4272904834176017
4550,44.66785930388375,91.79127250534025,3.5288965829486383
4551,44.66785930388375,91.79127250534025,3.617212100046897
4552,44.66785930388375,91.79127250534025,3.6971843202783012
4553,44.66785930388375,91.79127250534025,3.7703640075390106
4554,44.66785930388375,91.79127250534025,3.838116180416508
4555,44.66785930388375,91.79127250534025,3.89585307879807
4556,44.66785930388375,91.79127250534025,3.9443197624210007
4557,44.66785930388375,91.79127250534025,3.997927402058517
4558,44.66785930388375,91.79127250534025,4.071920104861949
4559,44.66785930388375,87.30546231309124,7.377957475510239
4560,44.66785930388375,89.16692096429661,5.68255934454469
4561,44.66785930388375,91.15044247787611,4.673423633072712
4562,44.66785930388375,93.25602685382972,2.903041226686085
4563,42.82998850978317,94.41762220881111,2.058416721730828
4564,43.306272430736506,94.3076923076923,2.318641472101013
4565,43.720082353577034,94.20788979336255,2.4265434033182394
4566,44.072644850555555,94.11951684678958,2.5386777484233876
4567,44.364973533496716,94.04378622021893,2.6630415090536648
4568,44.597887775926694,93.98178269355888,2.7904566812282448
4569,44.77202718456428,93.93442622950819,2.938953865089312
4570,44.88786249159221,93.90243902439025,3.0698741710015276
4571,44.94570334797867,93.88631857237277,3.2636582447745033
4572,44.94570334797867,93.88631857237277,3.477409571516768
4573,44.88786249159221,93.90243902439025,3.6950845058854633
4574,44.77202718456428,93.93442622950819,3.9415228368985686
4575,44.597887775926694,93.98178269355888,4.139029620924163
4576,44.364973533496716,94.04378622021893,4.334267608885158
4577,44.072644850555555,94.11951684678958,4.529195876930826
4578,43.720082353577034,94.20788979336255,4.725653459459717
4579,43.306272430736506,94.3076923076923,4.910527832345295
4580,42.82998850978317,94.41762220881111,4.923364676459952
4581,42.289767161639155,94.53632604843473,5.027821131597236
4582,41.68387776335858,94.66243508366993,4.923693898666506
4583,41.01028397629761,94.79459763646595,5.022645783738652
4584,40.26659461321518,94.93150684931507,5.104764823852566
4585,39.450000470776835,95.07192328183271,5.162387123584113
4586,38.557192209402594,95.21469218830833,5.208544150379558
4587,37.58425206157782,95.35875564475664,5.018947833428566
4588,36.52650850003112,95.50315994166262,4.935684742879532
4589,35.37833700765776,95.6470588235294,4.9465525777369495
4590,34.132879868322,95.85798816568047,4.915699191893524
4591,32.78163962741536,96.54641443026837,4.4687697034258544
4592,31.31386637112347,97.28006799830004,3.3239473451102346
4593,29.71558930393151,97.88674599917933,3.1408099157359577
4594,27.891999369454208,98.3372921615202,2.843689681266972
4595,26.128501616330293,98.39449541284404,2.829081633034751
4596,24.189365292168464,98.45018450184502,2.782509220673802
4597,22.034100140280742,98.73575498575498,2.5167129601800435
4598,19.593740072614466,98.93470790378007,2.335323686355977
4599,16.72274330841118,99.0550397877984,2.1706944855039825
4600,12.735365131348061,99.10428662827896,2.1889865639678776
4601,10.628513950700318,99.24172082946457,2.6810181271074187
4602,8.277414821209574,99.4311377245509,3.6593374536671686
4603,5.585587984398128,99.5511149724877,3.6422875276993065
4604,2.3018127375216824,99.6078431372549,3.6335632537051654
4605,-0.0,99.61432506887053,3.635690646759981
4606,-0.0,99.61432506887053,3.6414603477255496
4607,-0.0,99.61432506887053,3.6444740598459484
4608,4.049349277294945,99.58701224722302,3.6428705589296806
4609,7.877380720882684,99.54337899543378,3.6390520089088216
4610,11.140859737547062,99.48178631306203,3.641978492307794
4611,13.812038837661005,99.3534142879672,3.6309417304937015
4612,16.142126333002057,99.15157448197095,3.617570618722555
4613,18.22758892407622,99.0042194092827,3.6141315601491417
4614,20.120344038052195,98.97015185896316,3.644072532669605
4615,21.852911437268702,98.93521025085725,3.671814845123258
4616,24.451113112970642,98.76427635274293,3.663088733532786
4617,26.706857069437252,98.50456399300835,3.6414895586942646
4618,28.71655784394754,98.14702920443102,3.6215528238722112
4619,29.6462506066743,95.93929450369156,3.6470917700491996
4620,29.6462506066743,92.02214930270713,5.878640830206158
4621,29.6462506066743,88.1870385561936,8.900567439324606
4622,29.6462506066743,84.43396226415095,11.122933415650056
4623,29.6462506066743,96.20590648072191,1.7894909040501479
4624,29.6462506066743,96.20590648072191,1.7894909040501479
4625,29.6462506066743,96.20590648072191,1.7894909040501479
4626,29.6462506066743,96.20590648072191,1.7894909040501479
4627,29.6462506066743,96.20590648072191,1.7894909040501479
4628,29.6462506066743,96.20590648072191,1.7894909040501479
4629,29.6462506066743,96.20590648072191,1.7894909040501479
4630,29.6462506066743,96.20590648072191,1.7451885125725308
4631,29.6462506066743,96.20590648072191,1.6563108607673769
4632,29.6462506066743,96.20590648072191,1.5347779546766385
4633,29.6462506066743,96.20590648072191,1.4056900482781989
4634,29.6462506066743,96.20590648072191,1.2810469733529215
4635,29.6462506066743,96.20590648072191,1.1640620195350082
4636,29.6462506066743,96.20590648072191,1.0617167681727304
4637,29.6462506066743,96.20590648072191,0.9880878021771015
4638,29.6462506066743,96.20590648072191,0.9663145851721463
4639,29.6462506066743,96.20590648072191,1.2628682704326069
4640,29.6462506066743,96.20590648072191,2.2218532259857895
4641,29.6462506066743,96.20590648072191,3.5697340383380887
4642,29.6462506066743,96.20590648072191,5.164372365818434
4643,29.6462506066743,96.20590648072191,5.373081620548097
4644,29.6462506066743,96.20590648072191,6.55270414317234
4645,29.6462506066743,96.20590648072191,7.192728185525048
4646,29.6462506066743,96.20590648072191,7.511971976848005
4647,29.6462506066743,96.20590648072191,7.6596360008269135
4648,29.6462506066743,96.20590648072191,7.7668941053549245
4649,29.6462506066743,96.20590648072191,7.874283575198879
4650,31.313866371123478,95.60135996600086,7.600984141819946
4651,32.78163962741536,94.80862296524417,7.109890208254968
4652,34.132879868322,93.87801547564861,6.596383148312906
4653,35.37833700765776,92.98823529411764,6.468708949902448
4654,36.52650850003112,93.26689353427321,6.733998340117428
4655,37.58425206157783,93.05067737079779,6.83053327603648
4656,40.24177290562856,92.78833637073679,6.963095464777568
4657,43.23915903030337,92.38923620549062,7.129279486157958
4658,45.63868074254042,91.8581560283688,7.287651346888983
4659,46.70078376047644,89.27847000869313,7.379525368208379
4660,46.70078376047644,84.84497247174733,8.755775478372227
4661,46.70078376047644,80.52738336713996,12.20249674492267
4662,46.70078376047644,76.32570269487105,14.52349112096212
4663,46.70078376047644,87.48188930744712,8.780250526156994
4664,46.70078376047644,76.52854245146334,15.322481461322583
4665,46.70078376047644,80.49840625905534,13.953257069758772
4666,46.70078376047644,84.81599536366271,10.139427121663562
4667,46.70078376047644,89.24949290060852,7.4232174591898685
4668,45.89607256795269,91.96022727272727,5.8898642206581755
4669,44.14793597323637,92.71288209606988,5.304764901693634
4670,43.161456805281496,92.9402432575357,5.294407875878748
4671,42.08684350500403,93.16786079836233,5.141049416021987
4672,40.917926035919756,92.87481444829292,5.445796162028277
4673,39.647115629469006,93.95315487571702,4.6170928956086135
4674,38.264908488850146,94.87771112136595,3.5441643733193913
4675,36.75912074720851,95.65894924309885,2.5862146981659873
4676,34.943592885292254,96.22479622479622,2.009336991455294
4677,32.72780206598289,96.59372419488027,1.659138058034187
4678,30.168765900167816,96.86134286849423,0.8628155032888056
4679,27.01535587221834,97.0374617737003,0.8066863416770658
4680,27.01535587221834,97.0374617737003,0.8217643483351483
4681,27.01535587221834,97.0374617737003,0.8747664818576153
4682,27.01535587221834,97.0374617737003,0.9617300874091461
4683,27.01535587221834,97.0374617737003,1.076196222142068
4684,27.01535587221834,97.0374617737003,1.2123785549714585
4685,27.01535587221834,97.0374617737003,1.3645531525275014
4686,27.01535587221834,97.0374617737003,3.315274644759648
4687,27.01535587221834,97.0374617737003,3.9939776710087926
4688,27.01535587221834,97.0374617737003,4.2608837973568585
4689,27.01535587221834,97.0374617737003,4.3630646463809395
4690,27.01535587221834,97.0374617737003,4.455602271121135
4691,28.108004817971775,96.86587502433326,4.514323836028134
4692,29.964305781407816,96.36877143433529,3.9382052296498693
4693,31.511720959764954,95.67759448736689,3.825967857030453
4694,32.93644645111022,94.85850075610283,3.505792099566627
4695,34.25070510241071,93.90216662943935,3.4180056578608307
4696,35.46404230682938,94.18416801292408,3.7225728703009042
4697,36.58409128509786,93.99571122230165,4.025557403700549
4698,37.61706964931638,93.80683214549029,4.395473405254593
4699,38.568115586806506,93.61863762977968,4.7376537406016315
4700,39.44152342967812,93.43236903831118,5.0650312647799804
4701,40.24091345856149,93.24939726761318,5.361354998811147
4702,40.969357208100774,93.07121253780588,5.694462277467149
4703,41.629471758579804,92.89940828402366,5.945925216628167
4704,42.22349184428752,92.7356586912655,6.22797685450763
4705,42.753325723514315,92.58168972622903,6.504844035582601
4706,43.22059890800333,80.8880888088809,14.359693077506641
4707,43.626688633703054,84.80317363442173,11.08899368627899
4708,43.97275113353163,88.75812945184268,9.018109915933218
4709,44.25974320510398,92.72499216055189,6.363550113571146
4710,42.44123122550434,94.78260869565217,4.945351555632993
4711,42.44123122550434,94.78260869565217,5.067624382361347
4712,42.44123122550434,94.78260869565217,5.195445644345625
4713,42.44123122550434,88.91304347826087,9.588029528015799
4714,42.44123122550434,91.61490683229813,7.955091478653649
4715,42.44123122550434,94.44099378881988,5.722191418527905
4716,42.44123122550434,97.3913043478261,2.5678259817669296
4717,40.875753241144004,97.85238959467635,2.4637616888798024
4718,39.00899934390534,98.17647058823529,2.2852784533459944
4719,36.69632712572166,98.37235865219874,2.2187060036730295
4720,36.789958583705065,98.3658256880734,2.244153211483264
4721,36.83004850175377,98.36300976450316,2.272806556852537
4722,36.81668771390928,98.36394948335247,2.2987225833986065
4723,36.74984597644775,98.36863194046937,2.32744918262724
4724,36.629371555523164,98.37699316628702,2.3568895405721335
4725,36.454989147718564,98.38892029395139,2.3868720010887126
4726,36.2262960616518,98.40425531914893,2.4054306578083477
4727,35.94275652638512,98.42280022136137,2.4312372366586614
4728,35.60369392103638,98.4443231441048,2.4625019291916295
4729,35.20828063443356,98.46856528747985,2.5186298501640962
4730,34.75552515702771,98.49524815205913,2.5657820642407025
4731,34.244255870176396,98.52408078715692,2.5955598425229134
4732,33.6731008170014,98.55476673427992,2.6114954695533696
4733,33.04046249490576,98.58701041150223,2.626256488091325
4734,32.34448637355641,98.62052274927396,2.531062784038993
4735,31.583021369527984,98.65502595563946,2.5268407446998293
4736,30.753569830843247,98.69025735294117,2.495531645609776
4737,29.853223590780072,98.72597228430935,2.478898231372064
4738,28.878581158542875,98.7619461337967,2.4749792178568906
4739,27.825638815834196,98.79797553774779,2.3778926963521902
4740,26.689644740510747,98.83387888707037,2.2756596779885085
4741,25.46489929052268,98.86949623165411,2.5193332375332216
4742,24.144474359871356,98.90468870099923,3.214068834560566
4743,22.719806449133454,98.93933755117231,3.2038544580773225
4744,21.18008359407069,98.97334293948127,3.192614692557097
4745,19.511276627176127,99.00662251655629,3.1882240722413355
4746,17.694512220569518,99.03910991233985,3.186987813739205
4747,15.70311034307553,99.07075317900228,3.2078013370663783
4748,13.496543788700492,99.30643127364439,3.501571130922543
4749,11.005811529372666,99.4666260286498,4.159632260091512
4750,12.107739904028314,99.52729490698384,4.193088288940245
4751,11.005811529372666,99.4666260286498,4.229146053723859
4752,9.487967175563591,99.3455098934551,4.237910023283628
4753,11.708603018542624,99.11894273127753,4.200597147980874
4754,13.714327712531832,99.08943089430895,4.250236066281905
4755,15.545677768839417,99.05913978494624,4.282133126899299
4756,17.229343045866873,99.02811523776467,4.3382161094305305
4757,18.784207260408554,98.99641577060932,4.397199769854261
4758,20.224310574212893,98.96411394746578,4.460585701485892
4759,20.904805529946355,97.04998121007141,3.9861024166700076
4760,20.904805529946355,93.3107854190154,4.0497101231161166
4761,20.904805529946355,89.64674934235249,6.190292041632302
4762,20.904805529946355,86.05787298008268,8.65457611475232
4763,20.904805529946355,97.36940999624201,2.95658785544478
4764,20.904805529946355,97.36940999624201,3.027887634592926
4765,20.904805529946355,97.36940999624201,3.127591274944477
4766,23.138421266354424,97.31852135606206,3.335299091700736
4767,23.138421266354424,93.50699099789313,2.9379587726091807
4768,23.138421266354424,89.77207431526527,4.976844971673973
4769,23.138421266354424,86.11377130817851,7.5017380238396
4770,23.138421266354424,94.63704271212411,3.7068976376873723
4771,23.138421266354424,94.63704271212411,3.7942607462632107
4772,23.138421266354424,94.63704271212411,3.89304668796056
4773,23.138421266354424,94.63704271212411,3.9979490521586545
4774,23.138421266354424,94.63704271212411,4.104712197910967
4775,23.138421266354424,94.63704271212411,4.214876990906539
4776,23.138421266354424,94.63704271212411,4.352587900843336
4777,23.138421266354424,94.63704271212411,4.549647414978896
4778,23.138421266354424,94.63704271212411,4.831545746433449
4779,23.138421266354424,94.63704271212411,5.219404413361816
4780,23.138421266354424,94.63704271212411,5.526932283638351
4781,23.138421266354424,94.63704271212411,5.854582036679374
4782,24.81713773480037,94.53338539632956,6.031771713604195
4783,27.61164303898276,94.21906693711968,6.072205311541771
4784,29.974009333674896,93.80530973451327,6.112069041712404
4785,32.04971815347104,93.28227571115974,6.156971526932346
4786,33.00295716495044,90.92530657748048,5.289671980462248
4787,33.00295716495044,86.88963210702342,3.732872351571443
4788,33.00295716495044,82.94314381270902,3.8440388335165094
4789,33.00295716495044,79.26421404682274,6.429114595327518
4790,33.00295716495044,88.62876254180603,4.154084176312682
4791,33.00295716495044,88.62876254180603,4.308012942224592
4792,33.00295716495044,88.62876254180603,4.465082425198593
4793,33.00295716495044,88.62876254180603,4.619360371394729
4794,33.00295716495044,88.62876254180603,4.757204954703946
4795,33.00295716495044,88.62876254180603,4.873737402555266
4796,33.62172585186024,88.03263825929284,4.623597702135726
4797,34.78756264946387,86.72752808988764,4.144813027916705
4798,35.86337306883063,85.26570048309179,3.7826981915846356
4799,36.85480030886951,83.64043824701196,3.7098612538292914
4800,37.76653591355822,84.76923076923077,4.07242297632636
4801,38.6025191323159,84.33544303797468,4.2793132909491005
4802,39.36608239841767,83.91115926327194,4.4073562212167605
4803,40.06005978608215,83.5,4.6177859854729535
4804,40.686869317798724,83.10580204778157,5.085089556008252
4805,41.24857634431036,82.73255813953489,5.526162968764954
4806,41.74694291953283,74.28825622775801,10.671533457237919
4807,42.18346659900538,78.01932367149759,9.325245215826204
4808,42.55941109426473,81.80981595092024,7.266605277381783
4809,42.87583053470099,85.63432835820896,4.776615393872533
4810,43.0119952676437,87.55082890209572,5.16162834534969
4811,43.0119952676437,87.55082890209572,5.463584924634085
4812,43.0119952676437,87.55082890209572,5.697594223262202
4813,43.0119952676437,87.55082890209572,5.878445066574951
4814,43.0119952676437,87.55082890209572,6.020774703414778
4815,43.0119952676437,87.55082890209572,6.126403313150508
4816,43.0119952676437,82.01438848920863,9.645712581979305
4817,43.0119952676437,84.61057241163591,7.301676534278299
4818,43.0119952676437,87.33187363152956,6.396964291344177
4819,43.0119952676437,90.17829214888958,4.264246297702335
4820,43.2406912273017,90.07898894154819,4.184773125775853
4821,43.41169605106413,90.00318369945877,4.115267724635137
4822,43.525455287340755,89.952,4.108224018451636
4823,43.58226216143211,84.08726339428938,7.603143651151823
4824,43.58226216143211,87.6483798524222,5.563252398921552
4825,43.525455287340755,91.104,4.59550079202252
4826,43.41169605106413,94.42852594715059,6.109997953248598
4827,42.540222325342974,94.75982532751091,6.947444635629049
4828,42.327918410126976,94.80840543881335,7.5835368488144494
4829,44.12357847216126,94.76309226932668,8.178196411516895
4830,46.63431435547202,94.52274183215887,8.691909370934201
4831,48.53043184612212,94.15243101182655,9.34517273047486
4832,50.061661593022116,93.64492266308002,9.986273997437877
4833,51.322829010669686,93.26923076923077,10.731945958468769
4834,52.3640198279985,93.14205738278517,11.520186315073088
4835,53.21569886893176,93.0298719772404,12.0122494661396
4836,53.89781842932238,92.93439077144917,12.52759429317033
4837,54.423926628941246,92.85714285714286,13.075137425272432
4838,54.80327252328567,92.79941219691403,13.562430717364798
4839,55.041967295467124,90.87887740029542,12.336550564604577
4840,54.258185291884615,88.14469914040114,10.634845753246776
4841,53.38470496851344,85.33287101248267,9.738589564903066
4842,52.41614981550365,82.47319034852546,7.263352055005594
4843,51.05734219034431,80.34606594841658,5.7071451737900905
4844,49.874564199537026,79.46399741685502,4.871384939659471
4845,48.20666344056821,78.40076457470532,4.817000167792184
4846,45.37317643945374,77.17152712449044,5.256657841877371
4847,47.07304693167006,79.41827379070503,5.908789351502841
4848,49.11642025183457,79.01828681424446,6.1035593201011125
4849,51.50939322964467,78.63414634146342,6.090472367163044
4850,51.00188571512834,75.99104859335038,5.571447154876092
4851,50.39131540158731,73.42328208346407,4.262634775297208
4852,50.11698214288341,72.07122774133083,3.267166675919585
4853,49.67937147543106,71.33105802047781,2.842282450671132
4854,49.06888458834198,70.94989240700892,2.7989468058582467
4855,48.270436185170276,74.20237010027347,4.80110781870895
4856,47.260618177467194,75.00749175906503,5.223896785070831
4857,47.87888521182117,74.8848633712005,5.038948775022783
4858,48.42992608736153,74.81946624803767,4.838681848142667
4859,48.91558613137867,74.81576417814803,4.734063467797922
4860,49.33742252347486,74.87765089722676,4.692852165226281
4861,49.69673812980335,75.00828637719589,4.72847587913168
4862,51.34953865280719,74.84662576687117,4.381646105869001
4863,53.418256304050836,74.12265154200638,4.046703385196732
4864,54.84377004701446,73.13487688349872,3.521805641251551
4865,56.097004364957826,72.00456447318372,3.3926900037427483
4866,57.199567440781635,70.72691552062868,4.489035094651502
4867,58.166920274081555,70.27136492507088,5.363135056758892
4868,59.010539336652066,70.17909204498126,6.29332722462461
4869,59.73915282314662,70.18368218709954,7.108635752869409
4870,60.35949641043007,70.29270423765837,7.61387844989055
4871,60.8767985974705,70.51224944320712,8.066862812593268
4872,61.29510357504615,70.8465368945224,8.52925969901752
4873,61.61749089255658,71.29756992205411,8.647973615292642
4874,61.8462261240773,71.86487737158723,8.386836108376276
4875,61.98286295342184,72.54536993950674,7.892697113361366
4876,62.02830903632886,73.33333333333333,7.3091596783544555
4877,61.98286295342184,74.22056770590973,7.167344628802378
4878,61.8462261240773,75.19666820916243,6.803817953592287
4879,61.61749089255658,76.24942686840899,6.465885431386766
4880,61.29510357504615,77.36532367587144,6.126735802074281
4881,60.8767985974705,78.53006681514476,6.139081922016715
4882,60.35949641043007,79.72913936216689,5.589008240529577
4883,59.73915282314662,80.94831268688594,4.718680256333766
4884,59.010539336652066,82.17409412744689,5.1003310015773335
4885,58.166920274081555,83.39408667476711,6.088801772734824
4886,57.199567440781635,85.10805500982319,7.7216919738143535
4887,56.097004364957826,86.61087866108787,8.046250923642814
4888,54.84377004701446,87.90885703785374,8.4486716844306
4889,53.418256304050836,88.94009216589862,9.582018584697492
4890,54.578927563363145,88.05807622504537,8.769430773451619
4891,56.95755173900221,87.41154562383613,8.639446677845557
4892,60.1134410736133,87.0831736297432,8.701875367011024
4893,62.46855345839828,86.68767231193384,8.538524614212129
4894,62.013982070038246,82.29849595063632,6.796650680175845
4895,61.487388113056625,78.00376647834275,7.5142355145607995
4896,60.88662067997763,70.4954128440367,11.240688170325619
4897,60.20909128428059,81.94791295041027,6.932788503736837
4898,60.139315843594694,83.61003179088661,7.2472800008594085
4899,60.60066296647818,84.33606265574937,7.7040549886682035
4900,60.60066296647818,84.33606265574937,8.014027332747913
4901,60.139315843594694,83.68067820558106,8.19110443687328
4902,59.4939889523769,82.80321565886054,8.933781058444113
4903,58.3002361844039,80.85034013605443,9.681492776808172
4904,58.3002361844039,67.78911564625851,18.652580828970798
4905,58.3002361844039,67.78911564625851,19.468696723350988
4906,58.3002361844039,67.78911564625851,20.268812933335564
4907,58.3002361844039,83.2312925170068,8.266604377753655
4908,55.75887328814802,84.14554905782975,7.426276676151045
4909,52.0938019413299,84.89454094292805,7.045495447605775
4910,50.34428037023728,86.33781763826607,6.769069647940757
4911,48.53208342425762,87.08751793400288,6.324940231238024
4912,47.668539076676645,87.80284043441938,5.934775981253308
4913,46.72416168996053,88.50202429149797,5.383002445383553
4914,45.6943125542518,89.18212699242227,4.593837848506868
4915,44.57339771820182,89.84078847611828,4.163652175523192
4916,43.35458798118132,90.47619047619048,3.8420884166023077
4917,42.029412533217034,91.08700778118369,3.580559440621121
4918,40.58714639443688,91.67235494880546,3.105323401440107
4919,39.01384213596841,92.51700680272108,2.864336659707802
4920,37.29070333681384,93.23037867569283,2.813665824301304
4921,35.391122414814845,93.82262996941895,2.8953224036536
4922,33.27464049349891,94.30367314869378,3.0662144297431118
4923,29.354476707840444,94.53995843566975,3.359395983985096
4924,29.354476707840444,94.53995843566975,3.6758306460203634
4925,29.354476707840444,94.53995843566975,4.186326408809569
4926,29.354476707840444,94.53995843566975,6.318854141020438
4927,29.354476707840444,94.53995843566975,7.947016345566171
4928,31.59198894441867,94.43267193219033,9.275187549187581
4929,34.74539897236814,94.15181253755257,9.420017743377828
4930,37.30443513818322,93.77472413075161,9.40768495117615
4931,37.30443513818322,89.75640224859463,7.499365488639358
4932,37.30443513818322,85.8213616489694,6.679302307222271
4933,37.30443513818322,81.9696023318759,6.793911001451906
4934,37.30443513818322,89.69394128669582,7.7440065634846915
4935,37.30443513818322,89.69394128669582,8.344762405641244
4936,37.30443513818322,89.69394128669582,8.74634039446489
4937,37.30443513818322,89.69394128669582,9.005325259955145
4938,37.30443513818322,89.69394128669582,9.175402308576105
4939,37.30443513818322,89.69394128669582,9.34823013798898
4940,37.30443513818322,89.69394128669582,9.519526831325736
4941,38.32413306808467,89.39104604286017,9.415481424409867
4942,40.35835577818225,88.71252204585538,9.175071330377303
4943,42.318871700996446,87.92392300641613,8.573143940219985
4944,43.22358617480055,85.35388927820603,7.500817290392008
4945,44.34156225449028,82.83671036948749,5.945097716015575
4946,44.34156225449028,69.82121573301549,8.754280361573102
4947,44.34156225449028,69.55899880810489,9.263113271893598
4948,44.34156225449028,69.36829558998808,10.06939959726191
4949,44.34156225449028,80.64362336114422,2.766434933217912
4950,43.44116782934676,83.23591302314706,3.000188870630197
4951,42.549173788768115,83.73853211009174,3.5731783133349264
4952,40.6544518718046,83.51623228166439,3.4804042846523298
4953,39.3405303043484,83.25740318906605,3.551444208772324
4954,38.877255190371905,82.56137100509495,3.76332366712754
4955,40.55787563880006,74.14622414622414,5.878780536783742
4956,42.08773165241879,76.75986020968547,4.867755488408492
4957,43.48557805586457,79.62195753495598,4.1109083761113
4958,44.765317825837826,82.74288781535158,4.879492046977983
4959,43.84573989420719,82.67590618336887,5.24955997854631
4960,42.51951930467553,82.54094030639197,5.481825418399604
4961,42.51951930467553,83.2540940306392,6.231518579936071
4962,42.51951930467553,84.0729001584786,7.849193933963448
4963,42.51951930467553,84.9973586899102,9.160062433197597
4964,43.53984843069366,84.45171849427169,9.408881489426633
4965,44.47447215888462,83.90545863815419,10.06713887453567
4966,45.3280174409202,83.3623188405797,10.224600653912864
4967,46.104354079735685,82.82647584973166,10.29029847315777
4968,46.8067397087786,82.30251071647275,10.683903187446235
4969,47.43792768403596,81.7953546767106,10.99474630867658
4970,48.0002487496798,81.3102119460501,11.25711781499877
4971,49.4395740959443,80.63660477453581,11.2211914295476
4972,51.18107672011732,79.4411866160745,10.685577591606494
4973,51.607825995682425,76.55536028119508,10.663847342129033
4974,51.968950817252676,73.49053233297606,9.784785227685395
4975,52.265640416323315,70.26439695762404,8.672522983270161
4976,52.49884513711305,74.8443793482241,12.238507867073114
4977,52.66929565726726,74.56626061277224,12.575595210284419
4978,52.777517196000666,74.35992578849722,12.745297150065904
4979,52.82383942591511,74.22833767199702,13.020429789137653
4980,53.705588302477075,73.67624810892588,13.218376362454679
4981,55.25500550866101,72.5,12.27378239749124
4982,56.570451543680086,71.13526570048309,11.396941833154454
4983,57.69127515216528,69.61920529801324,10.377872719091092
4984,58.64285657452908,68.2937181663837,8.690135121286387
4985,59.4426298169588,64.67013888888889,4.085709503257345
4986,59.78961851079105,65.71679088119247,5.104761402756609
4987,59.78961851079105,65.32222709338009,4.8646422631887365
4988,59.78961851079105,65.32222709338009,4.8005981730768275
4989,59.33224359820523,64.5580589254766,4.1044928441464466
4990,59.33224359820523,64.94800693240902,4.644448189966687
4991,59.78961851079105,64.40157825515125,4.686026555968457
4992,60.58390760419682,63.188535602328706,4.785206983256736
4993,61.22891024002859,62.197902416780664,5.840936460599202
4994,60.87597356806009,59.21111609143882,7.262142658494213
4995,60.44538673567368,56.03864734299517,8.1634375372138
4996,59.93508774975637,52.98155298155298,10.043913455744933
4997,59.342511518674826,61.47095695779356,8.008768514838463
4998,58.66450113480992,63.09378806333739,7.190383694944559
4999,58.79825402802053,63.355048859934854,7.355308799560356
5000,58.79825402802053,63.355048859934854,7.660178054950551
5001,58.79825402802053,63.355048859934854,7.920410328922077
5002,58.49145440587205,62.944983818770226,8.333637926536323
5003,59.13945175064632,66.846921797005,4.509464842598475
5004,59.176189171966435,69.04063678257226,3.2540803150380793
5005,59.176189171966435,70.92584834520318,4.299785102782846
5006,58.93197444676485,71.51187005414411,5.427473505633737
5007,58.93197444676485,71.51187005414411,6.444070891446542
5008,58.93197444676485,69.63765097875886,7.012824960417249
5009,58.93197444676485,71.17867555185339,8.453557331413661
5010,58.93197444676485,72.8862973760933,9.925553944632775
5011,58.93197444676485,74.51062057476052,10.878451727151814
5012,58.32925014218019,75.48254620123203,11.74090035113768
5013,57.56437941102529,76.34234961647154,12.50912897948528
5014,56.62096346738423,77.04788286505737,13.257510408073049
5015,56.95713346672358,76.19622034579815,12.837521458962698
5016,57.22462683031043,75.39714867617108,12.305675667093942
5017,57.42441963724098,74.6606334841629,11.790923773023536
5018,57.55722590959859,73.99585921325051,11.56188083126304
5019,59.974930871865496,72.41527241527241,10.127081968996302
5020,62.53697462686076,71.14783385439928,9.079692868406305
5021,64.48670843450269,69.69837587006961,8.170302514104101
5022,66.07408058400097,68.06156806156807,6.387050618682566
5023,67.39416645294621,66.63351566384883,5.551604860992417
5024,69.82914984628529,65.43019062339,6.048946878750035
5025,71.63257826259934,63.66542354821524,6.993182983494127
5026,72.50665550898319,61.45434663750684,8.428635617726195
5027,73.21251144726178,59.08328675237563,10.807739000823789
5028,73.76386432596915,55.43540125213432,12.405459863550654
5029,74.17016799239373,58.16503173687248,13.791798396645431
5030,74.4377831927684,60.978450786255095,14.270760109460092
5031,74.57064784926655,63.77998829724985,14.467685457407404
5032,74.19669504930421,65.83671105964099,14.259212586360876
5033,73.77292172944405,66.64756446991404,14.057788694257978
5034,73.61648043660693,66.83760683760684,15.128341129522008
5035,73.33281568425976,67.17428087986464,15.781082374561601
5036,72.91821280683547,67.64869371873263,16.27383124903026
5037,72.36690436929187,68.68521549372613,16.030596103124942
5038,71.67053030758284,70.93333333333334,14.93049400911672
5039,70.81722642130076,72.98701298701299,13.910511055941303
5040,69.79004278660834,74.83610690872416,13.416346524409617
5041,68.85716858200884,75.74718275355218,12.914640121391788
5042,67.7542110550488,76.69672520170859,11.948281635881308
5043,66.4558623649276,78.2668500687758,12.023530024943515
5044,64.92283720318567,79.62881131241714,11.850071667850118
5045,63.087262802476545,80.79048023799405,10.748552974566076
5046,60.80459292608446,81.7625458996328,10.25620713312682
5047,60.64178431193526,85.43099959530555,6.868888905343213
5048,60.41308064783465,88.9155662264906,4.768375439132842
5049,60.117691267326485,92.18934911242603,3.7163081546215038
5050,58.51405569696565,92.76241000378931,4.451253553892247
5051,56.65405194787687,93.45692475463468,4.691038520257136
5052,54.44178756934204,93.97422500870776,4.930594765045744
5053,51.62658635400933,94.33144381460487,5.109182465706744
5054,48.769766568574035,94.56,5.40567944096612
5055,47.04359097392908,94.98307171437365,5.8397251394428595
5056,47.16460732680852,95.40646721063766,6.346131569978968
5057,47.74308266292695,95.52193645990923,6.621884065580937
5058,47.16460732680852,95.40646721063766,6.604944673697495
5059,44.54126649367219,93.26440177252584,5.268945637068867
5060,44.0114326144454,89.15244431588083,4.242148847791808
5061,43.41741252873768,85.12864009047215,4.885436083266803
5062,42.75729797825864,81.21379310344828,7.989644726274064
5063,42.02885422871936,92.04514915345337,4.264450035266149
5064,42.23973939901935,91.97119231795145,4.4713776462082295
5065,44.48518588791444,91.70494460956498,4.554442394253348
5066,46.55975071212438,91.51382425403777,4.607958874115812
5067,46.83533165815975,89.29829314548903,4.453534636829468
5068,45.770125691506145,85.26867627785059,5.507138608704751
5069,44.610398020925196,81.42893336711427,8.670025458332102
5070,43.348569711559435,77.97895767066308,11.431421404833381
5071,41.97514614821399,88.00472255017709,4.468759086044912
5072,40.477952049957246,88.43088134821225,3.9727824374782488
5073,38.840887359166835,88.84742041712404,3.324672275982106
5074,37.041757852642895,89.25322614766236,2.971587015507418
5075,35.04811621706373,89.79009578153658,2.6831110550303245
5076,32.80811335478178,90.38272816486752,2.533655681378672
5077,30.22534708214627,90.87129087129087,2.602417911863858
5078,27.04867007032591,91.26478616924477,2.850424666580146
5079,23.44093571987321,91.61844643170261,3.310015699378765
5080,23.44093571987321,91.61844643170261,3.8144572282185036
5081,23.44093571987321,84.16622830089426,5.173187239250167
5082,24.44591487916875,87.47546833184657,3.9228241084991162
5083,26.31627705685361,90.60018467220684,5.42602799071722
5084,28.026022862571825,93.7894133384292,8.554746244112954
5085,25.685074488386267,93.3447423464537,9.878029693507331
5086,27.15015893370089,92.67046571035567,10.985541883638575
5087,30.287670435634386,92.31869254341164,12.279829500168145
5088,32.830483571112644,91.86663835209174,13.674335104514869
5089,35.0297133318748,91.30434782608695,14.92452569111139
5090,36.69454937323848,90.43478260869566,16.415813092949357
5091,38.535221642853024,89.65763195435093,18.187032320620926
5092,41.566166373831514,88.98242139143352,20.105267383955432
5093,43.64889332540772,88.1701030927835,21.85131093758764
5094,45.01692812825007,86.92862870890136,23.894020224630466
5095,46.14843116180577,85.39419087136929,25.84787701492488
5096,48.81955707255708,84.20143884892086,26.85287792675742
5097,52.53660239479775,83.42874359746912,27.95255686101124
5098,55.13133574177925,82.49763481551561,28.681270641612905
5099,57.28923297617135,81.3922797756516,29.35527042359468
5100,59.80252209535027,80.26270307639129,30.062448058159937
5101,63.434695350914694,79.22266618234653,31.274551657897597
5102,65.94222647519142,77.98550171690195,32.52493783176001
5103,65.94222647519142,72.91110263258298,31.17185883951256
5104,66.37888434435439,69.17701863354037,29.592722781965918
5105,67.18317860296716,66.49277688603532,27.443566913703354
5106,67.89935349341049,64.23841059602648,25.46892496764286
5107,69.54859992364456,62.121212121212125,25.238066298124938
5108,71.38253758177706,60.036330608537696,25.14194005257779
5109,72.95922313174422,57.7069457659372,25.04606656604569
5110,73.66801080013862,53.91727493917275,25.10858238132984
5111,73.66801080013862,49.00243309002433,21.171513637757194
5112,74.94836381904172,46.263345195729535,19.265293732682892
5113,76.03775870085683,37.817796610169495,9.593944344702585
5114,76.51504019863046,38.01295896328294,10.505510946974029
5115,76.75661256574087,37.94423182066703,11.050300793369612
5116,77.59847466716212,38.86685552407932,12.406176944749227
5117,77.87797694654473,39.22241280731847,16.137380651963376
5118,78.01665434105915,39.402642159678344,16.702014926514742
5119,78.01665434105915,39.862148190695,18.6501870440972
5120,78.51858750955289,37.36004714201532,13.797546021156615
5121,78.92474552956307,28.71763997591812,9.599067477914211
5122,79.23793545041447,30.251071647274955,11.468515045098615
5123,79.46022906734807,32.424054556726595,11.998792767910599
5124,79.7512601876011,34.40251572327044,13.9392123399258
5125,79.7512601876011,34.40251572327044,14.65480335743069
5126,79.61260798676156,34.33772755806654,15.265543008735355
5127,78.92795543737718,33.7030191004313,15.134016752038423
5128,79.14956953066839,32.585669781931465,15.170372605550298
5129,79.27213886568717,31.786833855799372,15.831980703026908
5130,79.29660616201657,31.324544883866917,14.764447065548655
5131,79.22315780871067,31.207004377736084,15.360224651457958
5132,79.05123249616116,31.43211407315561,14.963861861909379
5133,78.77949506877492,31.98776758409786,15.881451300695067
5134,78.49323872047326,29.631864815932406,16.24330895907176
5135,78.0335683199426,27.28883638511518,13.799850263165233
5136,77.65038211003308,25.4217568353694,15.398273603632868
5137,77.1421294754844,23.730747290359385,15.207254917469793
5138,76.50238788281361,22.729805013927578,13.700483360390024
5139,77.03974155535542,23.089700996677742,13.951566877447505
5140,78.21974676200902,23.348264277715565,14.857749934159035
5141,78.0375362633482,22.58420762009939,13.5127135713625
5142,78.3351438284876,22.64673311184939,13.526807407559435
5143,79.88553178520448,16.897347174163784,5.8637034530148435
5144,81.16682795466347,17.065868263473053,5.8488210103963425
5145,82.40734350529131,17.70186335403727,5.314691033402774
5146,83.42675015630174,18.16431322207959,6.8224842966690025
5147,84.32086523057312,17.175066312997348,4.835216026787289
5148,85.1151543239789,17.73972602739726,4.517672699356362
5149,85.76015695981067,19.43661971830986,7.719338256458812
5150,86.74858213877731,20.8,9.211532269889329
5151,87.18765231253099,21.23236822568671,8.657029488178107
5152,87.49739016913463,21.55237377543331,8.54032403863884
5153,87.49739016913463,21.55237377543331,7.81578615037744
5154,87.84383163768102,21.782178217821784,7.242267797488077
5155,87.94657448943553,21.915708812260537,6.608964497815062
5156,87.94657448943553,21.915708812260537,5.9899320820154
5157,86.0352138385605,21.0139603232917,
5158,85.70023130286832,21.25813449023861,
5159,85.23742475122667,20.948336871903752,
5160,84.64067023077607,20.537560303239147,
5161,83.34867135036482,20.410958904109588,
5162,83.11928083192122,20.32742155525239,
5163,82.4793482046517,19.919786096256683,
5164,81.54163201902793,19.225806451612904,
5165,81.54163201902793,19.225806451612904,
5166,81.54163201902793,19.225806451612904,
5167,81.45416577797614,27.021822849807446,
5168,80.13407990903092,29.39729397293973,
5169,78.54670775953265,31.668625146886015,
5170,76.59697395189069,33.81858902575588,
5171,77.28895708860225,35.170893054024255,
5172,77.67024578977419,35.248618784530386,
5173,75.88230501961633,35.01646542261251,
5174,76.2187719043915,35.11282333516786,
5175,75.4115218556271,34.30107526881721,
5176,77.59070307749796,34.14905450500556,
