second,entropy_g,det_g,rmse_g
30,41.61318928442172,64.12408759124088,
31,41.73534755611329,64.68864468864469,
32,40.186765136483274,63.930348258706466,
33,37.48837427759424,61.02442333785617,
34,36.87442276668967,58.88742593811718,
35,36.19393869517694,57.079081632653065,
36,35.44284876197931,68.44540407156076,
37,35.44284876197931,68.44540407156076,
38,35.44284876197931,68.44540407156076,
39,35.44284876197931,60.64157927205429,
40,35.44284876197931,64.55891425046268,
41,35.44284876197931,68.59962985811228,
42,35.44284876197931,72.76372609500308,
43,34.73013028284106,74.61170848267622,
44,31.94994113563368,75.41404911479155,
45,31.092656165410986,76.93156732891832,
46,30.280365079488075,78.40363053924186,
47,30.280365079488075,78.40363053924186,
48,30.280365079488075,78.40363053924186,
49,30.280365079488075,78.40363053924186,
50,30.280365079488075,78.40363053924186,
51,30.280365079488075,78.40363053924186,
52,30.280365079488075,78.40363053924186,
53,30.280365079488075,78.40363053924186,
54,30.695427980832125,77.66015200868621,
55,31.472650641314882,76.05159842961301,
56,32.18306278277703,74.53703703703704,
57,32.83044382316904,72.927847346452,
58,33.417934663021164,72.73006134969326,
59,35.26497597358724,72.10559796437659,
60,37.419914282582155,71.12441783100466,24.650054280872723
61,37.8144702617118,68.12182741116752,25.05368250573416
62,38.5442571695831,66.17698495977615,24.085727618198252
63,38.88085513473728,63.0774697938877,23.666559332074144
64,38.88085513473728,59.06183368869936,24.902621742088048
65,39.755026939070305,56.72238372093023,24.95030422620017
66,41.27889009238185,55.27714502657555,25.186804525889766
67,42.58125219847392,45.95879556259905,
68,43.713433341059414,47.89430222956234,
69,44.70536310245985,50.171821305841924,
70,45.576546503984936,52.94380017841213,
71,45.397094498939985,51.98237885462555,
72,44.741906438942515,49.95737425404945,
73,44.382141878974835,49.09928780896523,
74,43.593809583136114,47.35353535353536,
75,43.999780820523036,48.065843621399175,
76,44.318402726448866,46.176226101413135,
77,44.52802943598583,44.60251046025105,
78,44.63203748187164,43.492863140218304,
79,44.63203748187164,45.71788413098237,
80,44.52802943598583,47.36401673640167,
81,44.318402726448866,49.00249376558604,
82,43.88387019497178,49.79474548440066,
83,43.317483087343575,51.25303152789006,
84,42.60481494468198,52.65873015873016,
85,41.723467239964194,53.69075369075369,
86,40.636256190590935,54.96965098634294,9.902456723944052
87,40.88308671424253,58.47457627118644,6.8423685109614905
88,41.07953591278796,62.05148205928237,6.3084682369235106
89,40.526021566223605,62.920489296636084,4.444597369343336
90,39.87068527130873,64.61136023916293,9.798793985438891
91,39.103963958118584,66.1807580174927,6.464920094973984
92,38.212571314659805,67.62411347517731,8.720536441620327
93,38.25759087329574,68.17211948790896,12.296399054668383
94,38.25759087329574,68.8122332859175,12.814886550805545
95,38.212571314659805,69.53900709219859,13.048760582702
96,38.12240341630183,70.34555712270804,14.818066564009882
97,37.98682739086401,71.22377622377623,13.752022662948969
98,37.80544789729095,72.16459197786999,20.180079007833736
99,37.57772696905115,73.15825375170532,19.272568173009056
100,37.3029740937527,74.19463087248322,17.71406790703684
101,36.98033296922235,75.2635046113307,17.811885362173662
102,36.60876426629021,76.35483870967742,17.90448897316124
103,36.18702346705733,77.45901639344262,18.389275074159993
104,35.7136324856143,78.5670356703567,19.72549867243568
105,36.773845171791095,79.29555895865238,19.58381972399517
106,37.96523219544935,79.40354147250699,19.793783269208163
107,38.4492273638627,79.24114142364378,19.821369506487066
108,38.79523770602532,79.0022102936533,19.55070159587486
109,39.01178626804168,78.68696479543293,18.78781636623548
110,40.2715284142333,79.514221796101,17.48442034393708
111,41.64033510217176,80.38772213247172,17.772950282901977
112,42.50890887359496,81.06875203649398,16.52076598938411
113,43.05750125194767,81.54703375942314,
114,43.347910000206966,81.81519237093062,
115,43.66489909812684,81.10340270895276,14.99675283398251
116,43.798176486632954,80.99966898378021,14.5204688507663
117,44.04322437863506,81.45321831453218,
118,44.31389463981424,81.66999334664006,
119,44.31389463981424,81.66999334664006,
120,45.5412535488705,85.33194299617658,
121,46.17430563688888,87.27337362246712,
122,46.22212596113034,87.33546780505158,
123,46.078040519288734,87.14944976925807,
124,45.904895792535356,87.21671388101983,
125,45.61448704427606,86.908962597036,
126,46.541709735702774,85.37839823659074,
127,47.37718245371165,83.53705118411001,
128,48.12874225858344,70.22204599524187,7.230037048211573
129,48.67453506326769,71.78759627077422,6.3726167306721075
130,49.64540703531027,73.63825363825364,5.80331279260055
131,50.426642310114424,76.56722870730653,9.471330278392276
132,49.73695886139145,75.71611799914493,7.1757069708368455
133,48.7422934192427,74.63126843657817,9.027485020535968
134,48.51502843511995,74.59119496855345,9.820392513367135
135,48.51502843511995,74.59119496855345,10.725908627724108
136,50.145603339087266,73.18361955085865,10.147488533946094
137,51.511035991803276,71.54734411085451,12.51179626498561
138,53.618991887790166,69.93686255463817,14.44849119999339
139,55.62169085808668,68.3563748079877,16.611846596433438
140,57.16844846164394,66.52291105121294,17.650554952038615
141,58.44700463408902,64.41926345609065,15.44437839983702
142,59.52898167862273,62.50742721330957,17.59841846705011
143,60.452520369524265,61.03169670602859,14.592431720893265
144,61.24113405294524,59.62410887880752,13.777442831910369
145,61.91055902506086,58.31649831649832,12.674995915425898
146,62.47186038747521,57.142857142857146,8.597817396791248
147,62.933042997075596,56.137832017229,8.976477040394585
148,63.29996496732502,55.33480500367918,7.257301170920897
149,63.57688735130318,54.76369092273068,6.291305124514378
150,63.76681645201698,54.448669201520914,6.448776808986198
151,63.871718170549805,54.406130268199234,6.824348789358446
152,63.89264663136731,54.64313123561013,7.35377198712412
153,63.829809520344796,55.15660809778457,7.955866230541071
154,63.766816452016975,53.840304182509506,8.873330036124871
155,65.01832569314516,51.66537567776917,8.48585046488273
156,64.80300912388392,48.05491990846682,11.615750987814204
157,64.49833355835946,44.58551157580284,11.178247977568109
158,64.10080595770917,41.30909090909091,10.089542877130398
159,63.60551086294129,52.360817477096546,12.186564680901986
160,63.00568093111899,54.58871515975527,12.381064956822728
161,62.291994864346144,56.89092096668844,11.28366951685884
162,61.45137715798226,60.0375234521576,4.554623057461695
163,60.464792631717934,62.865671641791046,7.407130669228352
164,59.30272972707999,65.37805571347357,11.295516344833102
165,57.91424194809783,67.58508914100486,7.634614614160168
166,55.93362784245175,69.02201740911418,9.580634365851417
167,55.3872039979391,72.06537890044576,12.097703880557807
168,56.26844117784848,74.11591355599214,11.852740075172337
169,57.604983936528,74.8502994011976,11.250946081049408
170,58.43737162141532,75.75757575757575,10.98862900357445
171,59.127055070138304,76.76560900716478,8.722754302725653
172,59.577635538606074,77.89256198347107,7.990260964729206
173,59.69378723483244,78.66390471258416,8.303214902726685
174,59.62324169964731,78.58251422659079,9.300296797383435
175,59.25993073274361,78.17807514153371,10.263924564891736
176,58.51033271192148,77.38155883851248,13.323047059548447
177,57.20790243840946,76.21675865529353,15.889748033310541
178,57.02561539843176,75.83624563155267,17.528906753838637
179,56.69153168325628,75.16081147946561,17.90647363788093
180,56.19418010985592,75.37860283341476,19.271464268789785
181,56.19418010985592,75.52515876893014,20.97049021229902
182,56.19418010985592,76.64875427454812,17.50551647192438
183,56.19418010985592,77.96775769418662,16.531524787379762
184,56.19418010985592,79.48216902784563,15.32075039423831
185,55.51349992477677,79.48101874098991,15.66698603354634
186,54.61418976651683,79.7456429580782,15.59050567218768
187,53.4269940891678,79.88955361251726,15.892053023962465
188,51.76616875247751,79.91931869116988,16.18810995506533
189,49.085644661049514,79.8780487804878,16.484138724473766
190,47.60970179960082,80.04237288135593,16.657175030773853
191,46.239355833413235,81.30217028380635,16.727842141498588
192,46.239355833413235,83.93155258764608,16.077071759834144
193,46.239355833413235,86.72787979966611,20.131949768990253
194,46.239355833413235,89.69115191986644,19.996936819888326
195,45.55155759446022,90.84967320261438,
196,44.72417683791387,91.8261562998405,
197,43.734112436204946,92.62422360248448,
198,42.543583324081254,93.25037707390649,
199,42.660868421089596,93.19908814589665,
200,42.73109441679424,93.16793893129771,
201,42.75447903919139,93.15749235474006,
202,42.73109441679424,93.16793893129771,
203,42.66086842108959,93.19908814589665,
204,42.54358332408124,93.25037707390649,
205,42.37887170790083,93.32089552238806,
206,42.16620943183912,93.40942562592048,
207,41.904905312945544,93.51449275362319,
208,41.594086994970695,93.6344238975818,
209,41.23268224732114,93.76740947075209,
210,40.81939462278022,93.91156462585035,
211,40.35267196775895,91.37931034482759,
212,41.40558150170099,93.36195508586526,
213,41.9999810070504,92.8102429415627,
214,41.37629274777266,89.97453851050287,20.94213262879993
215,38.61158988696349,85.87484811664642,18.110855328163996
216,36.66968684038842,81.88723342097575,10.882377855697127
217,35.92638793121978,94.9392140231835,
218,35.114096845296864,95.10795299262094,4.492626270654505
219,34.22772393246128,95.27579836368434,4.15093009359136
220,33.26094613469824,95.44181308887191,4.036106251002424
221,32.205747761562606,95.60520500859317,4.206174372374413
222,31.05169445538091,95.76531819257157,4.983966711014954
223,29.78471343984676,95.92162223741171,5.503376757697068
224,28.384872032921237,96.0737003728888,6.038812793717644
225,27.912810094020134,96.40318759422787,
226,26.141035373001024,92.72840273461777,6.60194994515848
227,24.04515639486424,89.18111177525404,8.227615062472712
228,21.110907241223728,85.76355623682697,12.095010276135094
229,19.719600833465133,94.61609620721553,8.72388290787419
230,18.183237829653578,94.92766565458118,9.977725252391487
231,16.46289938544096,95.29391484226858,11.340836672875515
232,14.486253666063975,95.57477957078689,12.84589129209822
233,12.064911665945038,95.77781345320277,13.629973166323758
234,11.10482261469964,95.91289253590027,14.198873220235052
235,11.362077263012974,95.9431728492502,14.770280151003453
236,9.396302188694612,94.23255813953489,15.27503176994965
237,12.39748201190306,94.041117892708,15.836565205812228
238,15.232047152517861,93.82387214915931,16.455358220342426
239,16.516649856449177,91.89693168333616,16.9718874803295
240,16.516649856449177,88.32005424648246,6.976022896858716
241,16.516649856449177,84.81098491269707,6.03336549243462
242,17.541263217852865,82.84432171211598,9.455697537349577
243,18.487800865434494,81.00509576524337,7.166000631935052
244,20.624409995595617,80.4922515952598,6.973592534335508
245,22.437726121782482,79.89407981842254,7.021285472867032
246,24.12953408913244,79.23454367026497,6.928135006099755
247,26.615349155242697,78.62097103223174,6.088431358775082
248,28.110580381927075,77.8271918678526,5.844887758763662
249,28.801735275941038,75.51240560949299,4.142714044497499
250,28.801735275941038,71.82308522114347,6.535874017226241
251,28.801735275941038,68.2200647249191,4.204001061506713
252,28.801735275941038,64.87594390507012,5.951454007175799
253,28.801735275941038,73.33333333333333,4.107044677821537
254,28.801735275941038,73.33333333333333,4.309733442911486
255,28.801735275941038,73.33333333333333,4.381267472963644
256,28.801735275941038,73.33333333333333,4.371147969771386
257,28.801735275941038,73.33333333333333,4.177051552285325
258,28.801735275941038,73.33333333333333,4.008824209790459
259,28.801735275941038,73.33333333333333,3.9213530759852335
260,28.801735275941038,73.33333333333333,3.9281030494983367
261,28.801735275941038,73.33333333333333,4.114213555854925
262,28.801735275941038,73.33333333333333,5.426355472796382
263,28.801735275941038,73.33333333333333,6.504018293868795
264,28.801735275941038,73.33333333333333,7.3030758099927935
265,28.801735275941038,73.33333333333333,7.807318316540924
266,28.801735275941038,73.33333333333333,8.285190535106523
267,28.801735275941038,73.33333333333333,8.809825797608974
268,28.801735275941038,73.33333333333333,9.415975898427506
269,28.801735275941038,66.60194174757281,12.436065691030727
270,28.801735275941038,69.96763754045307,10.42392501718294
271,28.801735275941038,73.61380798274003,12.63804572138112
272,29.56033067515471,76.95183637563228,19.38387207745812
273,29.56033067515471,77.10578403342863,20.953914201917495
274,30.960172082080227,76.19374000456934,19.29800529418714
275,32.227153097614384,75.16014234875445,20.040499430272266
276,33.38120640379608,74.19354838709677,19.561363824773196
277,33.38120640379608,70.27825658704752,17.95646651131918
278,33.92044253821878,67.69500877853022,19.932844956397744
279,34.93029877139518,66.26788036410923,20.669930647670334
280,35.85599111370762,64.91511721907841,19.259645612271598
281,36.289555487530336,62.160680010967916,18.911023059137513
282,36.289555487530336,51.63147792706334,15.525119917961254
283,36.289555487530336,51.63147792706334,14.81880324952219
284,37.90298697990883,52.81907433380084,13.252611769606006
285,40.705676398853846,55.30102790014684,13.009499894609366
286,42.50911030900953,55.01510574018127,12.264669016243719
287,44.46285317522518,53.79746835443038,10.706765027457498
288,45.615930197236764,52.244224422442244,10.990924324875358
289,46.653283521368415,50.55020632737276,7.747731393647312
290,47.58884472430546,48.71152469577667,5.971411004663968
291,48.4328959518214,39.02529761904762,15.979792160477382
292,49.706269201763526,41.064491064491065,10.172960693832298
293,51.24847848058466,43.107667210440454,6.299885887065806
294,52.569769321634595,45.209580838323355,5.119767383746685
295,51.904628629718566,44.97872340425532,5.749899000557521
296,51.8236771579682,46.143847487001736,7.241745094227431
297,50.2681954641688,46.5036465036465,8.548631028053777
298,48.4712882139222,46.92666384061043,9.97051253289324
299,48.5054006990897,47.7725922783199,11.150742062034091
300,49.20102541720737,50.54993400791905,12.928479976900801
301,49.817059364901304,53.891670459717794,15.235996401473095
302,50.358261363844726,57.444809769844994,14.156984300313542
303,50.16227413240087,59.076061595893606,14.096303046523564
304,50.23034325361591,61.78823529411765,14.964045790229171
305,50.048758547993074,62.581852198316184,15.79866051667054
306,50.048758547993074,62.581852198316184,16.62365050014156
307,51.18240902345915,63.05372290292177,17.59142689073183
308,51.31500273496922,63.41232227488152,17.20337442161473
309,52.067665880841176,64.01913875598086,16.704340625203606
310,53.49023306011386,62.700803212851405,20.01840566651908
311,55.135031126590576,60.68821689259646,17.92179666787469
312,57.080903559800824,59.44017563117453,18.497502489666758
313,58.56857987395845,58.016147635524796,16.944241250725835
314,60.37333898987609,56.34057971014493,17.03020618975574
315,61.015275723647065,54.06758448060075,15.569995584485918
316,61.554759656888216,51.61498708010336,15.126293689808694
317,61.99877490108825,49.00398406374502,13.34690057959004
318,62.24824603187591,47.13031735313977,14.137777547900376
319,62.31848334971919,43.92396469789545,14.301271566045848
320,62.31848334971919,40.73319755600814,14.08901275053361
321,62.24824603187591,37.60972316002701,9.000807528952153
322,62.10728007235875,46.42618570474282,11.018513901585333
323,61.89458185884062,47.928994082840234,8.982274956617456
324,61.994230351214206,46.13350958360873,9.262486184244183
325,61.994230351214206,44.34897554527429,8.809900362434922
326,61.8945818588406,42.47205785667324,9.418010065350112
327,62.57724050837089,41.920529801324506,8.043055083247504
328,63.656528618737084,41.62162162162162,6.786445533353091
329,64.35358117303483,42.249657064471876,6.0964936551082145
330,64.76833687605559,42.659279778393355,5.382076918421252
331,64.9403797648883,43.3240611961057,5.066219482283314
332,64.88338673436127,44.02777777777778,6.740504682064873
333,64.92764782901851,45.13212795549374,7.6464368002887095
334,64.7943704405124,46.745152354570635,8.451476452004982
335,64.47738134259251,47.87379972565158,10.522797851505613
336,63.960424459698295,49.527027027027025,11.046933898060193
337,63.34102378837264,51.227604512276045,13.212448570574695
338,62.62999498432013,52.956465237166995,13.702084169002228
339,61.66665662687515,54.591513616212794,14.432111665832023
340,60.34547787771305,56.11555009219422,14.544225390428947
341,58.15523406559681,57.51633986928105,15.236530574298015
342,57.06360036158492,59.19308357348703,15.507173889572428
343,55.62274569164452,60.72423398328691,17.14916826410254
344,53.320356549204085,62.104133118625874,15.281680557806904
345,53.366844192753824,66.12816370490037,10.080052620069502
346,52.002975326562726,67.618059159315,10.126346853180214
347,50.17542977717224,68.92768079800499,11.1073380734406
348,50.00926383102298,71.1604938271605,9.50276969645493
349,49.68213553669736,73.96994667959282,9.350736695097737
350,49.28133588774363,76.57657657657657,6.745730414059293
351,48.80378416394954,78.96440129449839,4.789388406183547
352,49.71848667864288,80.72677092916284,4.937442690337561
353,51.48482096723163,80.03802281368822,5.321290004655972
354,52.78416197490484,79.18707149853086,6.240442206602431
355,53.8031480539431,78.16901408450704,7.097016700961722
356,54.61212358558913,77.39443872296602,8.997130146102075
357,55.24773458943484,77.0483193277311,10.10326259070585
358,55.73172975784818,76.78762006403416,11.978692686704507
359,57.83345138064997,76.23220153340635,15.083399177643047
360,59.05898948132915,75.53191489361703,17.107179176147913
361,59.91831979288831,74.68643101482326,17.55232244849995
362,60.51536253588677,74.21965317919076,18.13294887563755
363,60.895397469169424,75.78763127187865,17.180487894354343
364,61.08067888061844,76.90504103165298,13.872917737748985
365,61.08067888061844,78.3704572098476,11.916133480129643
366,61.18950602172977,80.3529411764706,10.513555413920505
367,61.153319935193885,82.19741480611046,7.591409761488335
368,60.35370487993384,83.00578034682081,9.637102594795413
369,59.1824375840096,83.63533408833523,9.950476167157277
370,57.130453202338686,84.08839779005525,9.362523493213242
371,55.6415006298765,85.0108225108225,12.219944565665896
372,54.49692373448989,85.74445617740233,11.972612790814114
373,52.875871555052036,86.29363449691992,10.588528451176073
374,51.69975602200773,88.92291985706993,6.498123910340973
375,51.18816635171477,90.48572859288933,6.343930936613809
376,50.54940707101482,91.8257464512971,6.959380201353481
377,49.76851395801821,92.94229852169767,6.602315869195881
378,48.82263839478254,93.83974062065771,6.591712996189692
379,47.9805340209842,94.0117064385412,6.888317778986141
380,47.325272717290616,93.85227775320655,7.265861685693265
381,46.469042797206775,91.98092761161682,8.211379857402257
382,45.01984738681253,88.8237756383424,5.140962366863305
383,43.11086752031884,85.59903186768858,6.281371061900025
384,41.0503509905576,82.91828793774319,5.442142106500362
385,39.661863211575444,92.5244177310293,10.023875304744568
386,37.93850375424269,92.97610427226647,9.609381007658776
387,35.746871482982115,92.68551236749117,10.983523193328987
388,36.37826805904804,91.35936370209689,11.582364753087145
389,36.91844123760326,89.81549815498155,6.61728497441944
390,37.156118234128165,87.33705772811918,5.113979111652776
391,37.37297120584877,84.89857250187829,4.930217131000388
392,37.74612307693263,83.10450038138825,5.99907651210372
393,37.80930734197056,80.22900763358778,3.649818946065862
394,37.58303796231454,76.39307228915662,3.868432103142217
395,37.304816358971784,72.92592592592592,7.457798913307465
396,36.97358246267768,69.58575581395348,9.014771806423624
397,36.58802623261525,79.33854907539119,2.51918825265242
398,36.1465531446166,79.96527777777777,2.8982572269674627
399,35.647238831244174,80.61569688768606,3.4596723366304403
400,35.087769237198714,81.28289473684211,4.1891670237185945
401,34.772701143887886,80.94620868438108,3.9732960927612635
402,34.67706049540497,79.5087265675501,3.3206616921730023
403,34.484530260204686,77.97427652733118,2.798187187211168
404,34.19251161145287,76.35609444798979,5.531154814736648
405,33.796832566711146,76.84775742261529,4.51215433518462
406,33.796832566711146,76.31080227416298,6.418065068647408
407,33.796832566711146,75.64750473783954,7.65015725625528
408,33.796832566711146,75.11054958938723,7.384912018817607
409,33.796832566711146,75.11054958938723,7.354540130825529
410,33.796832566711146,75.64750473783954,7.463959941547061
411,33.796832566711146,76.31080227416298,6.14177841980981
412,33.796832566711146,77.10044219835756,3.78823979585981
413,34.19251161145287,77.50478621569879,3.518069630726548
414,34.484530260204686,77.97427652733118,3.30774944525713
415,34.67706049540497,78.50678733031674,3.2032051981833547
416,34.772701143887886,80.03888528839923,3.239088245341401
417,34.772701143887886,81.46467919637071,6.465203269672607
418,34.67706049540497,82.74078862314157,6.209047824658147
419,34.85273900360925,83.03921568627452,6.42418215193472
420,35.32981665843985,82.47319034852546,7.006911688733757
421,35.75207383299639,81.9272976680384,7.170433971183397
422,36.12117474792329,81.40756302521008,7.243623493021231
423,36.438506007650716,80.92011412268188,5.3761564870178065
424,36.70521204542694,80.47101449275362,5.196417341811856
425,36.92222238796795,80.06607929515418,5.102909320324639
426,37.09027251582749,79.7106824925816,4.950484367659658
427,37.209919573640924,79.40956651718983,4.870344143699726
428,38.73042240902608,78.8689338937715,4.329669194212616
429,40.68810182068664,77.92774910678841,3.8773727240658546
430,42.933865654629656,76.94845360824742,3.708213364741011
431,44.84284552112334,75.93147751605996,5.847092536638867
432,46.29204093151758,74.74478473146915,6.915778178096848
433,47.46886231237848,73.38228545204223,7.921904392796337
434,48.44455805672474,72.21959299574065,10.325208411330676
435,49.2568422494125,71.43552311435523,9.289457526081971
436,49.92873830893917,70.72319201995012,10.93972332153845
437,50.47541617074043,68.5175751400917,12.011770008130918
438,50.90728130201803,70.5028512182478,12.127812616982832
439,51.23156388002879,73.30530740935365,11.0355372161479
440,51.4532037411273,76.07427055702918,9.685544032279308
441,52.622462706263505,77.82538832351366,7.248190070891099
442,54.20089610373894,77.05008255365988,8.638633616272884
443,56.04536307822738,76.28458498023716,11.581842953537366
444,57.5281558272199,74.32041642567958,13.772125192596695
445,58.52282126936864,75.69321533923303,13.68694951043243
446,59.212504718091616,76.75254643499102,11.79347027675926
447,59.66308518655939,77.5893397940642,11.467936551901989
448,60.014186769646784,79.02140672782875,11.511913770625677
449,60.185992727560844,80.82360172095882,11.093397761763526
450,60.185992727560844,82.48309772587585,9.93141980313902
451,61.94955587387104,87.49194068343004,9.594055137067866
452,62.17714014805218,86.21346886912325,9.346448778225106
453,61.253601457150644,82.34223300970874,9.206223085273875
454,60.54749022514089,77.3892773892774,12.73666018072547
455,59.73206936678387,72.71205357142857,18.638666699393294
456,58.79388946725697,87.36673773987206,8.39794879823627
457,57.71358583718983,87.95731707317073,7.355461235943934
458,56.46135503419389,89.16827852998065,7.224062732922758
459,54.985990774940795,90.11948529411765,6.795362767068063
460,53.17881401719799,90.83769633507853,3.909288036955299
461,50.52595683620342,91.34933774834437,4.062053631616357
462,49.27550821655872,92.01581027667984,3.9747703869406847
463,47.83426496296394,92.79788838612367,3.8269295232429874
464,46.13021847353187,93.38605319913731,4.019256036345524
465,43.97528016453696,93.8013698630137,4.161405689487437
466,42.40036431858763,93.95053475935829,4.2007210481530395
467,42.40036431858763,93.95053475935829,4.406362950203375
468,43.22948667808307,93.70725034199727,5.018070180259704
469,43.99444950641446,90.97270818754373,4.931345122107562
470,43.99444950641446,86.17914625612316,8.65825567308162
471,43.99444950641446,81.52554233729882,8.1903944499827
472,43.99444950641446,77.01189643107068,12.209382475358728
473,43.99444950641446,88.52344296710987,7.55205130080897
474,43.99444950641446,88.52344296710987,7.958101154459735
475,43.99444950641446,88.52344296710987,8.34252851607771
476,43.99444950641446,88.52344296710987,8.669138376909837
477,43.99444950641446,88.52344296710987,8.789517384372996
478,43.99444950641446,88.52344296710987,8.892186020348175
479,43.99444950641446,88.52344296710987,8.987272896079578
480,43.99444950641446,88.52344296710987,9.064818753201795
481,43.99444950641446,88.52344296710987,9.13438562867567
482,43.99444950641446,88.52344296710987,9.200105429114148
483,43.99444950641446,88.52344296710987,9.062962629915884
484,43.99444950641446,88.52344296710987,8.714800920348551
485,43.99444950641446,79.46116165150455,13.866238985855466
486,43.99444950641446,83.76487053883835,10.935572459365998
487,43.99444950641446,88.48845346396081,8.201658315014086
488,43.99444950641446,93.35199440167949,5.691848516524102
489,42.40036431858763,93.95053475935829,5.76794559027355
490,40.47800708946576,94.38417358008934,5.8021280954177525
491,39.71101780557257,94.57459926017263,5.921023255667047
492,38.86882697898205,94.76502082093991,6.070270896852371
493,37.94516559433291,94.95412844036697,6.003536353907429
494,36.93206818174064,95.1408061844285,6.018525181434828
495,35.81914713427012,95.32412327311371,6.060695573930652
496,35.650726106365376,95.35248041775456,6.048937120042269
497,36.139264944505925,95.15706806282722,5.999930523969596
498,36.23190565023044,95.20691461498167,5.921317670703359
499,35.9492474778646,95.05753138075313,5.845902701660182
500,35.221060950585795,94.91922876498177,5.88598879812089
501,33.557431088845306,94.87046632124353,5.990610059155332
502,32.62816608919788,94.92529623905203,5.739863361161123
503,29.78287403636694,90.89787863838184,4.788398939655335
504,28.72093909041756,87.00618752974773,7.07380626502904
505,27.5602981012808,83.50160624139514,10.10878991362086
506,26.286871853207977,92.6138876603273,4.308247135131708
507,24.88072163365024,92.88453344695355,3.9335330077511115
508,23.31151922489273,93.41403364792778,3.960633478126077
509,21.52757723112101,93.83642828921374,3.9659509432890037
510,19.41977435847223,94.16127805249144,4.065957116965538
511,16.473835142443093,94.39765653606737,4.064050493413731
512,15.272141981548065,95.02126151665486,3.9506777952918517
513,15.272141981548065,95.02126151665486,3.940454787772965
514,15.272141981548065,95.02126151665486,3.831486633584218
515,15.885062695553017,94.72262247838617,3.8115400578340304
516,17.03985483685009,94.04540379605508,3.64702800685187
517,18.10835576990352,93.25518831667948,3.4932111924041176
518,20.28213296837117,92.67370097551265,3.2903862712780145
519,22.629214000099786,92.3204305526806,3.340523147963185
520,24.70674765727155,91.90527448869753,3.399952448357833
521,26.459792771748035,91.38124020595478,3.0523968577273815
522,27.997444048461357,90.73772399348383,3.1832937869282594
523,29.37136056771722,89.96372430471584,3.262170710919534
524,30.61184035230188,89.47500627982919,3.160573484848686
525,31.738789870273397,79.86962190352021,9.094525452131334
526,32.766253853479256,83.52718420340817,5.745427934167476
527,33.70463661012771,87.38435660218671,2.6440316162758926
528,34.5619215803504,91.43686502177069,1.8691244091502295
529,34.5619215803504,92.51088534107402,2.179870131739742
530,35.34439715064182,92.25457820474332,2.357814120772461
531,38.10910001145098,91.85790631876769,2.220865849942997
532,40.031457240572834,91.31293188548865,2.979463571454492
533,41.625542428399676,90.60240963855422,4.889255632243722
534,43.000259984487634,89.70852824757107,3.5531536561319035
535,44.207063870468886,89.25216084178881,4.329933015030031
536,45.276030575849255,88.78871030968247,5.544149753573684
537,46.22682680853566,88.32176398530012,5.885107535139574
538,47.073237241999536,87.8556263269639,6.713428623291405
539,47.825383451302386,87.3953283384751,7.2742292001634565
540,48.49094073088353,86.94659972615244,7.903773843496269
541,49.075860741474585,86.51579443658652,8.569524514628634
542,49.58482680443316,86.10976202039825,9.260719919571796
543,50.02155386991718,85.7356608478803,9.21334265538961
544,50.388992905651996,85.4007146503318,7.487270284067584
545,50.6894735424606,85.11192087454451,8.742860269630581
546,50.92480506359058,84.87572712850344,9.394583217995237
547,51.09634809667604,84.69769930444087,10.152688893643075
548,51.20506479366716,84.5822102425876,10.666854341361681
549,51.25155243721691,84.53217955651704,11.299928962304916
550,51.236063536952095,84.54889249054565,11.982216529187687
551,51.34100799192309,83.27904451682953,11.809706699182664
552,51.54873937605286,80.5159165751921,9.798641623200028
553,51.67257460390209,73.42541436464089,4.15261407197567
554,54.296259885574315,75.7852655625357,5.6997998063342195
555,55.05695962378081,76.23705408515535,6.299011730783638
556,54.756938621861885,74.32279909706546,5.067011246893514
557,54.210429468058344,70.86527929901423,3.1245373599709225
558,55.01656238477355,69.2558392178164,2.5123693267277503
559,56.20308203273432,69.7303247110622,2.8472320599031136
560,56.86366375970757,70.34980566352027,3.643704353307477
561,57.456515156396804,70.82168809390721,3.927581612313074
562,57.87450845935223,71.13980909601348,4.024558812873735
563,58.32020478108162,70.54483541430193,3.694832067499435
564,58.951147725029884,69.16859122401847,3.5039912742029538
565,59.39422849367531,68.12865497076024,3.3237201408552606
566,59.66859695255169,67.62971698113208,3.1280794146092625
567,59.78450757810294,67.27810650887574,2.914827984079557
568,59.745979008694995,67.08037825059101,2.5659946546726684
569,59.55169480331901,67.03877790834312,2.456268348133956
570,59.19471669109883,67.15116279069767,2.3800002074186
571,58.66083690554436,67.41122565864833,2.479818589445124
572,57.924420632944404,68.53932584269663,1.717884443964659
573,56.93768864746536,69.53896816684961,1.6947946652878958
574,55.59481957715835,70.40598290598291,2.056018414428435
575,53.384357435982,71.139896373057,2.7924690035925943
576,52.2737902226537,72.1774193548387,3.370367319110101
577,50.81513326929733,73.069403714565,5.82359006730448
578,49.01056634596557,73.25023969319271,7.101921069646687
579,49.01056634596557,73.25023969319271,8.118630663017754
580,49.61499142631862,73.04895782840524,9.031242540168192
581,51.716713049120386,72.85359801488833,9.572066637270627
582,53.1995057981129,72.63051191079575,9.803353719279828
583,53.34164292421387,70.9873417721519,9.94701934634332
584,53.78805427192296,70.33248081841433,11.064068971087272
585,53.49038024691042,68.11083123425692,10.921636347454008
586,54.05483908969808,67.63064434297311,11.28284017168722
587,54.848698205177456,67.98358132375577,12.81684410803684
588,55.31183351926552,68.47545219638243,13.87307945314794
589,55.50241792034045,68.68843960601347,14.593514017348474
590,55.69243538698178,68.83116883116882,15.48937905335021
591,56.378219595948075,68.27842720510095,16.66463575039466
592,57.422526648724116,66.88815060908084,17.187899009815403
593,57.92719151735371,64.30594900849859,11.928612378378789
594,58.726671517987704,62.595419847328245,12.697217365956883
595,59.397234896822646,60.70345664038811,11.094829577909444
596,59.95175574726955,58.64004990642545,13.999589588930819
597,60.39932163760751,56.42172523961661,14.80243878791927
598,60.74642655133875,55.17915309446254,15.58802471694592
599,60.997663453107876,54.130865829477855,16.37595181094542
600,61.15614121261331,53.3022014676451,16.91491102219819
601,61.22373494111027,52.71265907568654,16.565178139748664
602,61.20122516179231,52.374581939799334,16.898114035120393
603,61.08835319989441,52.29235880398671,17.387175438076056
604,60.88380298898798,52.46224556795798,17.49085125788889
605,60.74642655133875,51.85667752442997,18.010874553170247
606,60.39932163760751,49.52076677316294,17.353054916650084
607,59.95175574726955,47.28633811603244,18.319965712094735
608,59.397234896822646,45.96725288053366,19.40808223890061
609,59.12915943900222,45.307830245068736,20.700457518915783
610,59.07715541605931,45.25373134328358,22.03426067854333
611,58.81303110832792,44.98516320474778,23.0701952228312
612,57.95821592656082,43.84037015615963,25.43021117318185
613,56.57962344311771,42.531926707384784,27.14355360409448
614,55.76219398357563,41.698421339139905,28.40892630023416
615,55.76219398357563,41.698421339139905,29.872294672213577
616,54.97410661313157,40.72301967038809,31.056529494172718
617,54.70404065895481,40.48625792811839,31.177222673685566
618,53.119381100514985,38.88324873096447,31.195830297907552
619,52.17212408940517,37.549019607843135,28.544772464693477
620,51.04773117652489,36.16619452313503,29.269338409654274
621,49.69538999295685,44.55535390199637,35.36489466180741
622,50.404675499690924,43.56481481481482,36.0262954041462
623,51.32249425932651,41.24401913875598,36.438071141505276
624,52.14877735151372,38.845014807502466,35.3471947273691
625,53.15287216654586,36.605316973415135,31.95430079303945
626,53.59248861932968,33.731808731808734,
627,53.59248861932968,30.457380457380456,
628,53.59248861932968,27.39085239085239,
629,53.59248861932968,24.948024948024948,
630,54.97201195780727,22.73449920508744,
631,56.75424842582236,21.046831955922865,
632,58.070388087583524,19.36036550542547,
633,59.10717645003775,17.699115044247787,
634,58.91728294470524,15.415939499709133,
635,58.79804887651316,14.359861591695502,
636,58.79804887651316,14.359861591695502,
637,59.06053616056678,14.393063583815028,
638,59.716574217812834,14.698937426210154,
639,59.804729070763784,15.486194477791116,
640,60.54552242994332,16.22971285892634,
641,60.68661350031359,16.813048933500628,
642,60.30657856703095,17.82608695652174,
643,59.87128365559216,18.658536585365855,
644,57.97512679777187,17.824074074074073,
645,55.676045819865514,17.120622568093385,
646,53.52842078971168,16.639654240950836,
647,53.20979888378585,16.426666666666666,
648,52.77668916466377,15.731515469323545,
649,52.22083839971358,17.103235747303543,
650,51.53007509607072,18.546365914786968,
651,51.67272067397565,20.810126582278482,10.506327190260267
652,51.7580472181788,23.229750382068264,10.888488628374205
653,51.786446288864695,25.7784583971414,11.45062726165116
654,51.77934853512176,27.346938775510203,12.342580295387517
655,53.15193921401905,27.18295218295218,13.515900373106955
656,54.934175682034144,26.241900647948164,14.87626061074126
657,55.81265032977003,25.124792013311147,16.22003335454225
658,56.10003998720218,23.860438942037142,17.44308730107826
659,56.29700608421635,22.683342808413872,18.509838496201734
660,56.40574660259092,21.612349914236706,19.55129504497781
661,56.42743692373584,24.098454493417286,21.304584227806295
662,56.36230836245545,26.468910439247004,22.974846791535178
663,56.79029834734851,27.988505747126435,24.613003443758924
664,57.21060720053046,28.264654672083577,26.39803616070252
665,58.00995218641199,28.596594245449207,28.19584000020722
666,58.639129144768035,28.902077151335313,29.994275089719427
667,59.57407933061767,29.425981873111784,31.943464652469828
668,60.19738636491421,29.822412737293327,34.012567572027436
669,60.573252177438164,30.57442865966646,36.0423097911229
670,60.51020634207539,31.708821714990748,38.03989186832259
671,60.187532057953305,32.924586143470265,40.251763074941515
672,59.57020404267094,34.202546998180715,41.27642950371884
673,59.44621840899834,35.95166163141994,38.89063929081525
674,59.96562027039519,39.25233644859813,27.616014603021366
675,60.39375350144635,42.80230326295585,21.712424804256326
676,60.37494778916393,45.75835475578406,18.898520720166896
677,59.12402221993731,47.49687108886108,19.403127118302944
678,58.827657067210495,48.22429906542056,20.72598514892828
679,58.99386763717889,45.683679899180845,23.89914392795521
680,59.08579463844297,49.714648065948005,22.72340261291182
681,59.10414511069002,53.77777777777778,23.533321103849268
682,59.04905884571059,57.811511701454776,22.561625639261703
683,57.86825431453902,59.95130858186245,22.714862252862144
684,55.51682621384552,61.735585323238205,23.597898510000498
685,53.96125893002037,63.59575656058068,24.04286959566134
686,51.550153090588815,65.24292578750668,22.709333328068812
687,51.30155291868746,68.78612716763006,18.665106847188333
688,50.98382945834261,72.12776919113858,16.215644286444146
689,50.59482663221956,75.13839959738299,12.612387121119717
690,49.904481963879064,77.10667316122748,10.26764564862715
691,49.57649541676962,80.30519790176443,8.771983705879183
692,49.18486032343887,82.96882270823639,8.289622016325078
693,48.727341986767705,85.740153915799,6.736091548118791
694,47.931071647510436,87.69096464426015,6.123940723373768
695,48.249324691811076,88.56531049250535,5.4037508491357
696,49.70559981759493,90.10893246187364,5.562523665161577
697,50.34342222635726,90.86115992970123,5.001803748005873
698,51.05445103040977,90.15151515151516,5.9781696125512624
699,51.56057763441797,89.27927927927928,6.665861050686972
700,51.88695011623725,88.11252268602541,7.552269420885582
701,52.04712183644573,88.43351548269581,7.328741998775724
702,52.04712183644573,89.20765027322405,7.486085954087966
703,51.88695011623725,89.83666061705989,7.662945915936345
704,51.88695011623725,90.97096188747732,6.596476333910684
705,51.51716496538621,89.85313751668892,8.233740818889874
706,50.81184560229259,84.95499357051007,13.06026638269617
707,50.02122108981466,80.30490317264112,14.289607385416994
708,49.13753579588333,76.27520759193357,18.829079534919384
709,48.150595122976235,90.5267146646457,6.595075055701414
710,47.046547828067446,90.93217265143272,6.821792744153889
711,45.80566634779158,91.32847728061047,7.0452493380529315
712,44.397818415296385,92.14451441829632,7.06660770025444
713,42.77149881984403,92.78252611585945,7.006240836853011
714,40.817755953628385,93.26080386823814,7.236880039046614
715,38.02247266278883,93.59676954139024,7.308646827301948
716,36.35085126530676,94.11764705882354,7.424550366079432
717,34.35292631284603,94.50171821305842,7.386196885998168
718,33.12615244769015,94.7114162217137,7.450495764510872
719,31.765633797215692,94.9156685406991,7.305089667096496
720,30.24108588267046,95.41930937279774,7.231396149288054
721,28.50086229369554,95.8023019634394,7.01509166739019
722,26.43588019485399,96.0763060914806,6.905363468857101
723,23.53190025669049,96.25234228607121,7.244909584524195
724,20.615627592283474,96.41785071042625,7.551013064259793
725,19.52274639333266,97.09583736689254,6.824556479277173
726,19.52274639333266,97.09583736689254,6.824556479277173
727,19.52274639333266,97.09583736689254,6.824556479277173
728,19.52274639333266,97.09583736689254,6.824556479277173
729,19.52274639333266,97.09583736689254,6.824556479277173
730,19.52274639333266,97.09583736689254,6.824556479277173
731,19.52274639333266,97.09583736689254,6.824556479277173
732,19.52274639333266,97.09583736689254,6.4170005368675085
733,19.52274639333266,97.09583736689254,6.1178534130276905
734,19.52274639333266,97.09583736689254,6.035367741215138
735,19.52274639333266,97.09583736689254,6.262712259634637
736,19.52274639333266,97.09583736689254,6.4692975487333655
737,19.52274639333266,97.09583736689254,6.4850253103227695
738,19.52274639333266,97.09583736689254,6.498508708280635
739,19.52274639333266,97.09583736689254,6.5097585577006685
740,19.52274639333266,97.09583736689254,6.518286893897398
741,19.52274639333266,97.09583736689254,6.5102379833624315
742,19.52274639333266,97.09583736689254,6.520488627847453
743,19.52274639333266,97.09583736689254,6.323297280358933
744,19.52274639333266,97.09583736689254,6.005064808923033
745,19.52274639333266,97.09583736689254,5.712690974996759
746,19.52274639333266,97.09583736689254,5.438047636693163
747,19.52274639333266,97.09583736689254,5.176335433109793
748,19.52274639333266,97.09583736689254,4.917101169597917
749,19.52274639333266,97.09583736689254,4.65207291731655
750,19.52274639333266,97.09583736689254,4.417714990428455
751,19.52274639333266,97.09583736689254,4.191874764180536
752,19.52274639333266,87.39593417231364,9.714675085247126
753,19.52274639333266,91.09390125847048,6.134725384531479
754,19.52274639333266,94.86931268151017,4.128828258974112
755,19.52274639333266,98.72216844143271,2.526838159908186
756,17.58567168885603,98.89945905614624,2.8189765986522297
757,15.203163929990762,98.99371069182389,4.52098209032564
758,12.922007284400156,99.02811523776467,4.818888762116601
759,13.35434947684245,99.04175222450377,5.127138968996192
760,14.396783682961619,98.98729831788535,5.4530707896854285
761,14.885322521102173,98.86519944979368,4.307210993584822
762,14.977963226826684,98.89920880632955,4.75374655292538
763,13.136652638039287,95.48322816340087,2.195779899332938
764,10.972565286233687,92.17697980121834,1.241387428349372
765,10.972565286233687,92.17697980121834,1.543636993305135
766,13.136652638039287,91.94619727665227,1.715060363523292
767,15.783776146225472,91.71974522292993,1.8070020959536974
768,18.183237829653578,91.49848187176282,2.6078308580873233
769,20.137594136420557,91.1988141560126,3.0131530851835353
770,21.835218480555806,90.81299250432443,3.7173926595720936
771,23.348426196473675,90.49232609128961,4.0493469901916015
772,24.716118647331655,90.30791485844183,4.012836129913344
773,25.962646771967083,90.1263653887342,3.7369706244197842
774,28.199794589851557,89.91764967727576,4.394403533746298
775,30.515655044043548,89.60797958710276,4.82815800199837
776,32.38469808439502,89.19506889050037,5.645231738311683
777,34.85095050168809,88.80201765447667,6.587082283513811
778,37.12705092184062,88.43214756258234,7.336402194196304
779,38.95542952074376,87.943848059455,7.609694577764482
780,40.524345875034385,87.32394366197182,7.511774973371813
781,41.90599385625676,86.79867986798679,8.951147633186816
782,44.13800182812469,86.43642072213501,11.000011338941412
783,46.341306486674156,85.93080724876441,12.95897026415481
784,48.09506454305781,85.274801244383,12.019549542838583
785,50.83575647543297,84.75809385230993,12.87953857609589
786,52.73344013611455,84.07960199004975,13.610630029006588
787,54.30215149495704,83.21931589537223,14.160112996583075
788,55.65075404282731,82.15644820295984,15.559144395475995
789,56.83065712728688,81.62450066577897,16.465665858662494
790,57.87188846948387,81.10749185667753,15.995239555987514
791,58.79406132223646,80.61373599610326,15.93734104238965
792,60.725910081284106,80.0,16.71723200533418
793,62.749904829220036,79.07608695652173,16.738153218698187
794,64.31874729742772,77.90563866513233,16.80942697737994
795,65.03311721609766,75.54086538461539,13.15312176697049
796,66.82201682971225,73.67088607594937,12.69009299827078
797,68.75584367929021,72.34185733512786,11.13560301772816
798,70.23096704369507,70.71428571428571,10.29043763272126
799,71.43489571696267,68.75945537065053,9.040522502406015
800,71.95908811825483,64.69673405909798,6.171371299573671
801,71.95908811825483,59.020217729393465,4.578898675200342
802,71.95908811825483,53.6547433903577,6.885360472158373
803,71.95908811825483,48.60031104199067,7.730650735647282
804,71.95908811825483,61.11975116640747,7.434820075056129
805,71.95908811825483,61.11975116640747,9.283522310567234
806,71.95908811825483,61.11975116640747,10.946530801018096
807,71.95908811825483,61.11975116640747,12.471149956819714
808,71.95908811825483,61.11975116640747,13.869341208408729
809,71.95908811825483,61.11975116640747,15.140990714775988
810,71.95908811825483,61.11975116640747,15.937597432003834
811,71.95908811825483,61.11975116640747,16.439264389703336
812,71.95908811825483,61.11975116640747,16.716656787646002
813,71.95908811825483,61.11975116640747,16.945766480524465
814,71.95908811825483,61.11975116640747,17.130633802715003
815,71.95908811825483,61.11975116640747,17.222922361742825
816,71.95908811825483,51.088646967340594,21.25098521932546
817,71.95908811825483,56.29860031104199,18.889071785436848
818,71.95908811825483,61.81959564541213,16.056493194696788
819,71.95908811825483,67.651632970451,11.447887045012548
820,70.76855900613114,69.67694566813509,11.160863259377608
821,69.30625865039967,71.36929460580913,10.032784557217296
822,67.38472583415323,72.75682704811443,9.547134933743235
823,65.92356320458897,76.24448645242596,7.375710581372002
824,65.92356320458897,82.23062381852552,6.5051390418639095
825,65.2022321142226,85.97672994488671,8.164378485063066
826,63.49022970692854,87.05950317735413,9.043633606338643
827,60.929279262299055,87.86064235166032,10.293314638846097
828,60.05809586077396,88.40353614144566,11.339223339505887
829,60.57712523056142,88.61664114344053,11.542852851045211
830,59.4549646788593,83.48712967459932,8.270888869666885
831,58.162297217743166,79.32625749884633,6.127934719227652
832,56.647823302105394,75.29566360052563,7.019773625114242
833,57.474269583097126,75.42781921895568,7.989150397438776
834,56.647823302105394,75.29566360052563,7.875256332778957
835,55.9135726167832,73.39880444064902,9.845029264003864
836,54.059426353597004,69.6515397082658,13.461795554608258
837,51.36103549470798,66.06456571867794,15.729066836857724
838,50.1369493339094,62.48164464023495,16.975144003809227
839,48.74543645834415,76.24386825508059,8.573644437712408
840,47.13501621358736,77.23930481283422,6.65834828960028
841,45.196759633769936,78.07520713830465,6.350384059367918
842,42.41657048656254,78.76670716889429,6.699009338822899
843,40.62433533049021,79.55865272938443,6.751743201698755
844,38.383522300329744,80.21642619311876,6.896564524570959
845,36.29712249760163,80.76718167288226,7.143519224284402
846,35.29415861330272,81.30457113507961,7.202007653612449
847,34.19776427055965,81.84067293419099,6.709084068479567
848,32.99589064013651,82.37255836112435,6.854032775982872
849,31.671916594075324,83.19578175149014,7.664712338459129
850,30.201529651964677,83.89942655491839,7.682802355994117
851,28.545864585695067,84.49299957573186,7.454599522586092
852,26.63264005605527,84.98572011423909,7.294478679130964
853,24.707371172217133,85.45347467608951,7.144730679835828
854,22.336439965651685,85.83301851152248,5.463719300575327
855,19.540709066290546,86.1793053282415,5.300419742082263
856,16.577653655137688,86.49500788229112,4.718567915598868
857,14.944410089003558,86.97343935036373,4.642292492443294
858,13.097654973332098,87.37134455154387,4.253043280460974
859,10.928220760924157,87.69522006625651,3.766289083844119
860,7.921788301071479,87.95125666412795,2.888938683025555
861,7.921788301071479,87.95125666412795,2.888938683025555
862,7.921788301071479,87.95125666412795,2.888938683025555
863,7.921788301071479,87.95125666412795,2.888938683025555
864,7.921788301071479,87.95125666412795,2.888938683025555
865,7.921788301071479,87.95125666412795,2.888938683025555
866,7.921788301071479,87.95125666412795,2.5886618254253326
867,7.921788301071479,87.95125666412795,2.3534008078908526
868,7.921788301071479,87.95125666412795,2.3545724739146343
869,7.921788301071479,87.95125666412795,2.7327478498254685
870,7.921788301071479,87.95125666412795,3.2326858592161476
871,7.921788301071479,87.95125666412795,4.050782863647082
872,7.921788301071479,87.95125666412795,5.127260417944463
873,7.921788301071479,87.95125666412795,6.1516845781829055
874,7.921788301071479,87.95125666412795,6.987939707318311
875,7.921788301071479,87.95125666412795,7.72078524698935
876,7.921788301071479,87.95125666412795,8.368989078536952
877,7.921788301071479,87.95125666412795,8.945620946813275
878,7.921788301071479,87.95125666412795,9.474460293563286
879,7.921788301071479,87.95125666412795,9.961592547797231
880,7.921788301071479,87.95125666412795,10.40488384832054
881,7.921788301071479,87.95125666412795,10.807706938605502
882,7.921788301071479,87.95125666412795,11.175575920536216
883,7.921788301071479,87.95125666412795,11.509881763932846
884,7.921788301071479,87.95125666412795,11.81282935358787
885,7.921788301071479,87.95125666412795,12.102414533394178
886,7.921788301071479,79.58872810357958,17.701393634899674
887,7.921788301071479,82.74181264280274,17.223178525414507
888,7.921788301071479,85.95582635186595,14.79804400012383
889,7.921788301071479,89.23076923076923,12.021531123770547
890,6.208061115907181,90.97305389221557,10.289408499471572
891,6.208061115907181,94.31137724550898,8.020099785934722
892,6.208061115907181,97.70958083832335,6.020524671904924
893,5.237557751852812,99.49941107184924,4.1807491003526165
894,3.0370119579712087,99.58701224722302,4.183535754000159
895,-0.0,99.61432506887053,4.184184117116232
896,-0.0,99.61432506887053,4.184184117116232
897,-0.0,99.61432506887053,4.184184117116232
898,-0.0,99.61432506887053,4.184184117116232
899,-0.0,99.61432506887053,4.184184117116232
900,-0.0,99.61432506887053,4.184184117116232
901,-0.0,99.61432506887053,4.184184117116232
902,-0.0,99.61432506887053,4.184184117116232
903,-0.0,99.61432506887053,4.184184117116232
904,-0.0,99.61432506887053,4.184184117116232
905,-0.0,99.61432506887053,4.184184117116232
906,-0.0,99.61432506887053,4.184184117116232
907,-0.0,99.61432506887053,4.184184117116232
908,-0.0,99.61432506887053,4.184184117116232
909,-0.0,99.61432506887053,4.184184117116232
910,-0.0,99.61432506887053,4.184184117116232
911,-0.0,99.61432506887053,4.184184117116232
912,-0.0,99.61432506887053,4.184184117116232
913,-0.0,99.61432506887053,4.069351256458416
914,-0.0,99.61432506887053,3.9594657139101583
915,-0.0,99.61432506887053,3.8552868890237906
916,-0.0,99.61432506887053,3.756433379048821
917,-0.0,99.61432506887053,3.662522544572601
918,-0.0,99.61432506887053,3.573192726412292
919,-0.0,99.61432506887053,3.4881167091167593
920,-0.0,99.61432506887053,3.4065555548735413
921,-0.0,99.61432506887053,3.3248558902799856
922,-0.0,99.61432506887053,3.242746269715402
923,-0.0,99.61432506887053,3.1599600889779524
924,-0.0,99.61432506887053,3.0720998543552622
925,-0.0,99.61432506887053,2.974869161288918
926,-0.0,99.61432506887053,2.8723897071739453
927,-0.0,99.61432506887053,2.771830719496886
928,-0.0,99.61432506887053,2.6729736040495773
929,-0.0,99.61432506887053,2.575608878783964
930,-0.0,99.61432506887053,2.479501169593461
931,-0.0,99.61432506887053,2.384383008801048
932,-0.0,99.61432506887053,2.2899944518208253
933,-0.0,99.61432506887053,2.1960606437878947
934,-0.0,99.61432506887053,2.102194825492467
935,-0.0,99.61432506887053,2.0079689367709213
936,-0.0,99.61432506887053,1.9132485440693245
937,-0.0,99.61432506887053,1.8182550787267135
938,-0.0,99.61432506887053,1.7232860767117926
939,-0.0,99.61432506887053,1.6285339480195666
940,1.7263595531412619,99.6078431372549,1.534161641445233
941,4.189190988298596,99.5511149724877,1.4405987728235614
942,6.9538546023610674,99.49071300179749,1.350001566580295
943,9.396302188694612,99.42635658914729,1.2631931231170959
944,11.39443387713584,99.29396662387677,1.2956925899044438
945,13.136652638039287,99.08668216539355,1.2232551522375275
946,14.69530505446085,98.93470790378007,1.486430716889152
947,16.10932556229681,98.89797369356559,1.709093610110445
948,17.403100142090526,98.86029411764706,1.6464128459787641
949,18.593328077480496,98.82174078297226,1.5873648353815109
950,19.692141411466466,98.78240377062058,1.5284624750470739
951,20.70873227923707,98.7423935091278,1.717440297968322
952,21.650286314595242,98.70184254606365,1.6690825273884469
953,22.5225567485985,98.66090712742981,1.6252135405304227
954,23.330236985250544,98.61976847729296,1.5859984004199452
955,24.07721290953338,98.57863365428702,1.5904504204941057
956,24.766739754430617,98.5377358490566,1.7230355914963904
957,25.401569666085205,98.4973339796413,1.6965428620558705
958,25.984045921070475,98.45771144278606,1.7433566713753297
959,26.516173912906872,98.419173890872,1.7425951735106384
960,26.999675535323508,98.38204592901879,1.728661682866432
961,27.436031426310514,98.34666666666666,1.7409474462586283
962,27.826514152721487,98.31338411316649,1.756433832628012
963,28.172214504440795,98.2825484764543,1.8766997153236573
964,28.474062452798364,98.25450450450451,1.8768238220520377
965,28.732843903973006,98.22958309537407,1.8425693284225495
966,28.949214079247447,98.20809248554913,1.7837437347994913
967,29.123708138847466,98.1903093987157,1.6528187694698213
968,29.256749507929,98.17647058823529,1.9098287015453859
969,29.34865624429409,98.16676522767594,2.750010859600311
970,29.399645695521603,98.16132858837486,2.7796370695990684
971,29.409837619933494,98.16023738872404,2.8303717287728967
972,29.379255885054555,98.16350710900474,2.897676720987476
973,29.307828804318987,98.17109144542773,2.9744953977660877
974,29.195388123975125,98.18288393903869,3.0375140858016767
975,29.04166662413615,98.19872167344568,3.0849584813670163
976,28.84629424750347,98.2183908045977,3.117626173883551
977,28.608792612969193,98.24163357912649,3.1431313200983007
978,28.328567704947023,98.26815642458101,3.1480522502821087
979,28.00490044758821,98.29763866007688,3.1769599911817545
980,27.636934768847944,98.32974137931035,3.214058225128293
981,27.223662622598876,98.36411609498681,3.2637190818322326
982,26.76390525302646,98.40041279669762,3.346943997291643
983,27.869721225006515,98.40534979423869,3.6693924788643937
984,29.56783054326025,98.30109775222164,4.284852563064805
985,30.794799377861715,98.09119830328738,4.283902551261837
986,31.73672831808408,97.77241009125068,4.220295828020751
987,31.067122122053398,93.5383011985409,5.321095358068341
988,30.33741701118482,89.4643759474482,7.442399054056799
989,29.544109340024793,85.56045031815957,10.034899770602342
990,28.682980720744776,96.04452865940313,2.681034463979639
991,27.748887866242956,96.1749885478699,2.655157484047923
992,26.735457685562974,96.30367419212041,2.615465423527728
993,25.63462774334406,96.43009833262077,2.567214621597915
994,24.435919942950086,96.55385885266199,2.5545360799964025
995,23.125220522619134,96.67463162086818,2.8246127002091286
996,21.682558341886395,96.79216288897426,2.9201095240637684
997,20.860149257443698,96.982270841192,3.218863163668691
998,20.50694554989273,96.8738229755179,3.199317608701811
999,21.333391830884466,96.94685261967584,3.31569308056479
1000,20.178566550243946,96.74628549934174,3.253219468505742
1001,19.341382969495204,96.41986879100281,2.9049648507017
1002,16.389683577951526,92.83522829814113,4.2530204099509366
1003,16.389683577951526,89.1716296697347,6.24574955522773
1004,16.389683577951526,85.74264573181736,8.968466630529052
1005,16.389683577951526,94.09853817000541,2.5238633348639703
1006,16.389683577951526,94.09853817000541,2.3227751233644223
1007,16.389683577951526,94.09853817000541,2.106125970842622
1008,16.389683577951526,94.09853817000541,1.8739775966387453
1009,16.389683577951526,94.09853817000541,1.7050185701005427
1010,16.389683577951526,94.09853817000541,1.6293724061087762
1011,16.389683577951526,94.09853817000541,1.6902486641125496
1012,16.389683577951526,94.09853817000541,1.920282966559142
1013,16.389683577951526,94.09853817000541,2.2961346318008427
1014,16.389683577951526,94.09853817000541,2.782277635337029
1015,16.389683577951526,94.09853817000541,3.3504635745942477
1016,16.389683577951526,94.09853817000541,3.982654307104316
1017,16.389683577951526,94.09853817000541,4.66691058055227
1018,16.389683577951526,94.09853817000541,5.382382710579016
1019,16.389683577951526,94.09853817000541,6.127466665134566
1020,16.389683577951526,94.09853817000541,7.700622164895264
1021,16.389683577951526,94.09853817000541,8.786314494682571
1022,16.999765415822814,93.79816513761467,8.714376603090058
1023,18.148797381605355,93.11717861205916,8.814886954785345
1024,19.211424629055447,92.28358793576184,9.15237631524581
1025,20.19575156756711,91.32632430246665,8.868719535225242
1026,21.10819597702705,90.36295369211514,8.989677988445301
1027,21.953948787821652,89.50537634408602,8.031036400036575
1028,22.737279251890268,88.61320336730172,7.957833414317738
1029,23.461745396855132,87.68809849521203,7.08983963185675
1030,24.130343780934865,86.73230192217534,6.87305173936853
1031,24.745618864397116,85.74867597496389,6.383040448030176
1032,25.30974464713534,84.74074074074075,6.3844246545529995
1033,25.82458673087941,83.71269600404653,6.203161395810742
1034,26.291750228557277,82.66942576306259,5.862015020132674
1035,26.712617219279466,81.61648177496038,5.411047772757345
1036,27.088376328438436,80.56004308023694,5.205893950518568
1037,27.42004626683453,79.5068493150685,5.064734013144145
1038,29.90348355089636,78.59179019384264,5.125134568864306
1039,32.62761349256967,77.67220902612827,5.322454433413649
1040,34.508261835777226,69.34487021013597,12.679292424422306
1041,36.05943669590909,71.75449871465295,12.178771285657291
1042,37.38997117565803,74.46595460614152,9.243354270109883
1043,38.55124138374483,77.52770083102493,6.631998976657664
1044,39.364751797702034,80.02832861189802,6.050301827311016
1045,40.05003879378899,82.55057803468208,6.269453536155208
1046,40.62004854450071,85.0,5.968732227495996
1047,41.239473050548995,85.98870056497175,5.841298573369688
1048,41.925242845425394,85.5421686746988,5.947508055335232
1049,42.53108486870744,85.1140456182473,6.340601030045427
1050,43.887596683633724,84.52924097884696,7.7518235889027345
1051,45.54678514962679,83.5930735930736,7.739650155339197
1052,46.8369189660187,82.4165915238954,7.289184153320443
1053,47.930941594184716,81.0215557638238,7.540627327817749
1054,48.867033234839006,71.08843537414965,17.0329630601732
1055,50.719612674998096,73.50859453993934,14.229588146003088
1056,52.58926502633729,76.76874340021119,10.082762791632506
1057,54.74311621745551,80.15435501653803,8.168396709597065
1058,56.49311238130549,83.27605956471936,7.0100686250201445
1059,58.45942874374472,85.4289071680376,4.892358143213915
1060,59.18761527102354,86.13744075829383,4.312287544904782
1061,60.31653295659887,89.09313725490196,2.5402533127620814
1062,61.2901275384544,89.83481575603558,2.5850654240874227
1063,62.165457566504934,89.4319682959049,3.1098262759835036
1064,62.88935764897452,89.05608755129958,3.4509831031108034
1065,63.48029660543302,88.71650211565586,3.7278810734972243
1066,63.95069030611855,88.42257597684515,3.9906239787570033
1067,64.30908536929681,88.18316100443131,4.62235417066711
1068,64.5613308607962,88.00599700149925,4.981265054151501
1069,64.71124231403405,87.89712556732223,5.458869356734459
1070,64.76097955516494,87.86039453717754,5.829254986300103
1071,64.71124231403407,87.89712556732223,5.991039024926581
1072,64.5613308607962,88.00599700149925,6.025757618814206
1073,64.30908536929682,88.18316100443131,6.181857791583664
1074,63.95069030611855,88.42257597684515,6.073083445524918
1075,63.48029660543302,88.71650211565586,6.370065171022672
1076,62.88935764897452,89.05608755129958,6.648705385562571
1077,62.165457566504934,89.4319682959049,6.871106503415653
1078,61.2901275384544,89.83481575603558,6.8736883855404605
1079,60.2343459340039,91.04750304506699,6.322138379488048
1080,58.94759294660593,91.9674039580908,6.0006153992513
1081,57.321795682436196,92.61931187569367,5.950675497527666
1082,54.843624183264104,93.03062302006336,6.25197840314135
1083,54.55106784218411,93.16770186335404,6.34577318584028
1084,54.1935121491439,93.32659251769464,6.393786768428557
1085,53.76882166165527,93.50393700787401,6.369324127325762
1086,53.27430290889872,93.69627507163324,6.481590515884332
1087,52.70658328674664,93.90018484288355,6.577687655931882
1088,52.06143971315447,94.11239964317573,5.942949257095892
1089,51.33355106577786,94.3298969072165,6.028964512697861
1090,50.51612970443784,94.54995871180843,6.066191101122311
1091,49.60035092770967,94.77020602218701,6.145452042850617
1092,48.57442266396148,94.9886104783599,6.046354916387828
1093,47.42196084803273,95.20348837209302,5.922689578435659
1094,46.118872344082064,95.65670604586518,5.280244943410594
1095,44.62649528360079,96.21513944223108,4.9463921546808445
1096,42.87273722721714,96.60748256182626,4.883773472567722
1097,40.66943256866767,96.85230024213075,3.5290324755583247
1098,38.404236389586515,97.21980886185925,2.8850357577098222
1099,36.98363723540477,97.38161559888579,2.896656381255868
1100,36.16411958613623,97.46903607969844,2.9361716389511114
1101,35.27069117308274,97.55590223608944,3.0140909516193517
1102,34.297021026442216,97.64174611138986,3.011957526830404
1103,33.235086080492835,97.7261731978713,3.0487075374391877
1104,32.074445091356075,97.80885780885781,3.090008617570908
1105,30.801018843283252,97.88953749438707,3.110456445732961
1106,29.39486862372551,97.96800691742325,3.038771058611906
1107,27.825666214968003,98.31460674157303,2.80192873051908
1108,26.041724221196283,98.5582699239087,2.633378446680993
1109,23.933921348547504,98.70905587668594,2.404573192938164
1110,20.98798213251836,98.77641824249166,2.2671970351441577
1111,18.030577690984167,98.8397001071046,2.080070353818941
1112,16.40287995249606,99.10375732506033,1.8148674681134458
1113,14.561569363708662,99.28452579034942,1.7870864980487893
1114,12.397482011903058,99.38965628011564,1.78936509570329
1115,9.396302188694612,99.42635658914729,1.8299964605837462
1116,7.2111092506744,99.52052741983817,1.9032550211962163
1117,4.189190988298596,99.5511149724877,2.3661285553582605
1118,1.7263595531412619,99.6078431372549,3.002553416470258
1119,-0.0,99.61432506887053,3.58173882385131
1120,-0.0,99.61432506887053,4.136162267237344
1121,-0.0,99.61432506887053,4.687430415903627
1122,-0.0,99.61432506887053,5.234234006822739
1123,-0.0,99.61432506887053,5.7740943448871604
1124,-0.0,99.61432506887053,6.318546083520979
1125,-0.0,99.61432506887053,6.868104223737888
1126,1.7263595531412619,99.6078431372549,7.4229998819186305
1127,4.189190988298596,99.5511149724877,7.979829775523275
1128,5.237557751852812,97.79151943462898,7.458728457255332
1129,6.208061115907181,96.00299401197604,5.807124965168601
1130,7.971385463025239,95.75982667904674,6.21022173698839
1131,9.551523848511046,95.44145873320538,6.352234937394334
1132,10.987424673037834,95.04132231404958,6.2989907283365785
1133,12.303488665441556,94.68920765027322,6.461775979181237
1134,13.516430700908893,94.44444444444444,6.991888089801833
1135,14.638399322788548,94.19155134741442,7.465318838962641
1136,15.678604147459765,93.93085306275836,7.61747417510688
1137,15.678604147459765,90.22923712889892,6.660603199911707
1138,17.353815949765814,88.27810764221414,6.395743862738664
1139,19.712941335692765,87.96019900497512,6.856142175235404
1140,21.626165865332563,87.55426917510854,7.124569519883974
1141,23.281830931602176,87.05175005368262,7.663188124505228
1142,25.688028826808036,86.59816841635023,8.413980309660216
1143,27.99744404846136,86.19967419129625,8.722314781556163
1144,29.85989940585777,85.6969696969697,9.249718393893597
1145,32.31941525033709,85.20859671302149,9.435137740529688
1146,34.58862332161215,84.73725904409824,8.26133422756338
1147,36.40994642029738,84.1466776950648,8.940129618817293
1148,37.97163621124236,83.42446043165468,9.367116794336445
1149,39.34587806435928,82.7979585709997,10.347384123691992
1150,41.5702911917541,82.32339089481947,11.552183453835704
1151,43.765802419884864,81.69245966414225,12.726762701035597
1152,45.40162618869415,80.8554674025526,12.640395211288537
1153,46.71305320415515,79.7906892818477,13.429182190770554
1154,47.874093529590965,78.53640135797812,14.190752260724464
1155,48.90885452673952,77.07758960220559,14.668193585447032
1156,49.833735790278276,75.72895277207392,12.883024978237286
1157,50.66054638929208,74.64728516460026,13.97193568567928
1158,51.39812968164462,73.5673034207019,13.517326107308312
1159,52.05329384612016,72.5011515430677,13.208488657774847
1160,52.63138268785591,71.46260123868508,13.869435503010283
1161,53.136644425144574,70.46683046683047,14.509294817113709
1162,53.57247961893822,69.5300656897423,15.391160787962544
1163,53.941612955925265,68.66908337648887,15.57041216262855
1164,54.24621488063757,67.90058170280275,16.024383161771205
1165,54.48798885087732,67.24045185583647,16.164415535186286
1166,55.275987932673644,66.26038781163435,15.759971880426338
1167,56.46651704479735,64.71949103528051,14.232169544813036
1168,57.45658144650627,62.9741119807345,15.03258262501525
1169,58.28396220305262,61.02435977514054,13.535041640185733
1170,58.971760442005625,59.393156875403484,14.218859678327917
1171,59.53523695789483,58.33887043189369,13.28603572130507
1172,59.98490437258841,57.45405037440435,10.128980213802588
1173,60.62222901247593,55.43097407147862,7.718444938655137
1174,61.12124096767033,53.266331658291456,5.973709483823747
1175,61.49364906872249,50.98756400877835,5.885474219774986
1176,61.74714241336792,50.407709414381024,5.024045331609896
1177,61.91877987222835,49.51383694839192,4.552691693610267
1178,62.00624831007375,47.3328324567994,3.4436515638799303
1179,61.977138684175515,45.08627156789197,3.7790766757539256
1180,61.83088869386252,42.88905435591958,7.33768484025376
1181,61.56460289071528,41.440117560617196,10.88931192478942
1182,61.17268914120063,43.76351838500361,7.03425591504321
1183,60.64607519082485,46.727656579873326,5.2368531906264435
1184,59.97069102972672,49.555707450444295,4.793839699383135
1185,59.12443151651722,52.21414408460013,4.103514518886074
1186,58.07035724597067,54.67854869509866,3.3244172313910374
1187,57.64056571606145,57.924176507147294,2.417279272907956
1188,57.109084534757685,60.96676737160121,5.149003546081821
1189,56.00900261586392,61.59718144450969,4.73752940790747
1190,56.00900261586392,60.011743981209634,5.04094670252762
1191,56.453533311739065,59.07746895328208,5.151226098337163
1192,57.070861327021426,58.57740585774059,4.459458797816029
1193,58.29198923626681,58.69565217391305,4.727755744182535
1194,59.27743041185896,59.26829268292683,5.742312600286463
1195,59.27743041185896,59.26829268292683,6.845923044372987
1196,58.97111247548229,58.980582524271846,8.247289797432924
1197,58.781095008840964,58.83777239709443,8.921937669176723
1198,58.781095008840964,58.83777239709443,9.500343928329173
1199,58.538506584823125,58.55421686746988,9.902545094201484
1200,58.031110176077846,57.995226730310264,7.261121278168537
1201,57.19872249119052,57.64705882352941,8.056703530876808
1202,55.86217973251101,57.67898383371824,8.097174049840316
1203,56.160876732425415,59.906213364595544,10.44098144878483
1204,56.36542694333183,62.144549763033176,10.341607664924176
1205,56.47829890522973,64.36233611442194,9.12727454184424
1206,56.73519721921076,62.78787878787879,11.519061507543865
1207,58.51743368722586,57.41444866920152,7.887044992626943
1208,59.83357334898701,59.31307793923382,10.827450533870968
1209,60.870361711441234,61.59122085048011,10.780902473855422
1210,61.307653115001614,62.665736217725055,12.657153963740939
1211,60.94608655542739,61.380724538619276,11.664901183117612
1212,60.4791332326415,59.82678214523651,12.2569562225561
1213,60.38369013561616,55.92322964923891,9.844674996870776
1214,60.295167946301696,52.40289664252798,9.011894889117832
1215,60.117135358603925,48.925081433224754,9.287245290960199
1216,59.847547984587756,45.54201411161001,8.356250532711435
1217,59.483157162764186,50.03142677561282,9.303272614128657
1218,59.01925314768746,50.27590435315757,9.442062866449978
1219,58.44924339697574,50.74449076831447,9.287330779423279
1220,57.76395640088878,51.4121037463977,9.053564811072912
1221,56.950445986931584,52.25125069483046,10.355179573097917
1222,55.98978941467788,53.233564938535544,10.670231657539203
1223,54.852573493124204,54.99743721168632,11.80285068036896
1224,53.48793827622465,56.596370769985285,12.85717853559752
1225,52.82279758430861,56.36274987810824,13.963071117359915
1226,50.85876084077107,55.17405817835002,13.817922023350096
1227,50.24755512045191,52.8178854215184,13.782564724476988
1228,49.514447800123506,50.9297052154195,15.222653409049885
1229,49.32079689560085,50.0,15.21398284396706
1230,48.88212397760032,49.11971830985915,16.404119654977006
1231,47.69159486547662,47.52981260647359,15.785090454187138
1232,46.22929450974516,45.84703947368421,14.619678373248023
1233,45.34961754619081,43.762616067823984,12.373200544122444
1234,45.34961754619081,43.762616067823984,12.614696766924071
1235,45.34961754619081,46.225272507065,15.221878834025329
1236,45.34961754619081,48.84941461445297,16.997344300959465
1237,45.94276104943259,51.108374384236456,16.02677113684491
1238,44.521719611709955,50.89795918367347,15.861130688037447
1239,44.9583224743815,48.86316659776767,15.111690397497727
1240,44.847360720074605,45.999179318834635,13.050005602626198
1241,44.68657595653127,43.15874949248884,9.119713511988724
1242,44.475403140733825,40.368442130556666,6.262253926223471
1243,45.163201379686846,39.877300613496935,5.6968095504181955
1244,46.82179980163417,38.96103896103896,5.6700045824618055
1245,48.53771140330389,38.18338355574688,6.287961845742753
1246,49.78361374722174,37.273930304367006,6.8507277414854535
1247,50.294612347190224,37.60035682426405,7.840368305505068
1248,50.294612347190224,37.51115075825156,8.03339494764714
1249,50.294612347190224,37.42194469223907,7.375652600013689
1250,49.556182350729316,36.351706036745405,7.413652298792775
1251,48.62983697741558,38.49443969204448,5.810674723834889
1252,49.42697409343516,40.75055187637969,4.518381973489771
1253,49.42697409343516,41.1037527593819,4.603477948105225
1254,47.40297934549923,39.2,7.108913769270187
1255,45.89202021431133,38.26551582408549,10.145778046678103
1256,45.89202021431133,47.801068639539665,8.506507752352297
1257,45.44982119547038,50.98830173457039,8.762756262302554
1258,45.44982119547038,50.98830173457039,8.592585407378117
1259,46.06737910426495,49.979398434281,8.007978778590605
1260,46.06737910426495,45.90028842192007,6.8433126922154415
1261,46.06737910426495,41.98599093531109,4.655627496194163
1262,46.06737910426495,38.23650597445406,8.994337296763593
1263,46.06737910426495,37.08281829419036,8.476422525827381
1264,46.06737910426495,40.585084466419445,5.676484538334199
1265,46.06737910426495,43.75772558714462,7.359931025331174
1266,46.50452572037593,46.977329974811084,10.325685931352806
1267,46.91522342382379,48.0119709277469,9.744562606646115
1268,46.91522342382379,48.0119709277469,9.853858107906055
1269,46.91522342382379,47.969217614365114,9.755588853887941
1270,46.91522342382379,47.969217614365114,9.492863989538384
1271,47.36489083851736,49.54407294832827,9.325586708910858
1272,47.70810692584452,51.16483516483517,8.611548519576749
1273,47.949965116003135,52.81596452328159,8.444990186279131
1274,48.5071319450479,51.53177869227252,7.775414154607434
1275,48.99071053945904,50.352609308885754,7.517195931679036
1276,49.40404397690899,49.30120481927711,7.267333834771527
1277,49.74979269149888,48.39980305268341,6.896685919497634
1278,50.491141425623674,47.03196347031963,5.813875720768978
1279,51.535448478399715,44.96042216358839,4.662287846110012
1280,52.419659654146756,43.185550082101805,5.193564938289788
1281,53.167135631837844,37.7475947934352,12.644309598499854
1282,53.79343791601556,39.12536443148688,11.818151617256897
1283,54.30943019705452,40.33512866546978,8.596479142398096
1284,54.72288360222497,42.62996941896024,7.258619956076518
1285,55.001477585115964,44.94103041589075,4.5897532839271316
1286,55.085502649045736,46.072319201995015,4.782018876575742
1287,55.064574188228235,45.51681195516812,5.131333508657572
1288,54.9596724696954,45.23514851485149,5.67901903813099
1289,54.769743368981615,44.73684210526316,6.782755267745372
1290,54.29736377391294,54.058929645219486,3.3259592301607754
1291,53.63046157772163,55.269320843091336,2.6700416466967924
1292,53.26125815367928,55.84862385321101,2.319062232389886
1293,52.80251929222726,56.59955257270693,2.076121305296939
1294,52.24900494566289,57.93478260869565,2.339184556795235
1295,51.59366865074803,60.473684210526315,3.441850226388036
1296,50.931036871046295,61.003070624360284,3.5796121359329516
1297,50.240273567403435,59.54045954045954,3.708938486354413
1298,48.8879323838354,57.088122605363985,2.1376078020329117
1299,47.19931459893848,53.895508707607696,4.771985284196416
1300,47.21583550127947,54.07136322049405,4.457922973914457
1301,47.40576460199326,54.52029520295203,4.547699831913953
1302,47.51066632052609,55.23632993512511,3.9206550680200833
1303,47.707971199050995,55.93061415846226,3.285532501767472
1304,49.32938464313057,60.20358700920989,3.4922985723847084
1305,49.175095775871256,59.62554008641383,4.692326049684586
1306,49.004564389358165,59.00237529691211,5.320877022437919
1307,49.004564389358165,59.00237529691211,6.2644668282957765
1308,48.30590755014969,57.10955710955711,5.551528727510986
1309,47.41684615839941,56.680346557227544,6.011451936409683
1310,46.28792847282407,59.626500666963096,7.534840715889963
1311,44.81198561137537,60.873324686554255,7.604129650021869
1312,42.47645969010823,62.0125786163522,8.723900712040134
1313,42.800027875297324,62.23893065998329,9.52089453303666
1314,44.37846127277275,61.56143344709898,9.651628032274022
1315,46.2229282472612,60.92254134029591,10.131960225736634
1316,47.70572099625371,59.9290780141844,10.96104638341026
1317,48.700386438402454,60.84608460846085,10.868272503636037
1318,49.390069887125435,61.56648451730419,11.313681357413847
1319,49.84065035559321,62.44260789715335,13.097046572591097
1320,48.51369007195455,61.04363472784525,11.683901894896382
1321,47.71959561426924,58.06171229900043,8.882316967963286
1322,48.30660168943348,56.56089193825043,9.448148461651265
1323,47.278600910197014,54.414191419141915,8.200453782462166
1324,46.2131538830693,52.65469061876247,8.002529808251133
1325,45.06473157289429,50.9126213592233,7.442840201051448
1326,43.64264345490674,50.01884658876743,7.475533530863815
1327,43.78358629035959,47.73678204640548,7.887014343922405
1328,43.87730539416241,51.09070034443169,7.967274307492455
1329,43.92409265023054,51.938579654510555,8.97882336133792
1330,43.92993768142486,51.075268817204304,8.482680058924874
1331,44.39820546978712,49.21996879875195,8.411384150920668
1332,45.237594090303,48.0722891566265,8.662804408760262
1333,45.960054308835915,46.864686468646866,9.593814574896912
1334,46.576862034342845,45.604395604395606,8.968575355255656
1335,47.096263895739696,43.9119170984456,7.501799359961863
1336,47.52439712679086,46.394019349164466,7.695737146543999
1337,47.86584736928691,48.88392857142857,7.644474342782738
1338,48.124001440335704,51.30984643179765,7.564437673835171
1339,48.51395025538851,50.32317636195752,6.940121937952813
1340,48.8353593530146,49.48259642521167,6.796004776863436
1341,49.6612637352503,47.969052224371374,6.446162320351866
1342,50.85179284737402,45.532128514056225,5.946061581722977
1343,51.84185724908295,42.04781704781705,6.587715246675057
1344,51.99385384453114,42.025183630640086,7.71582104802819
1345,52.0779809942925,42.66877637130802,9.572030276136825
1346,52.09477964838044,42.8194297782471,10.013460856457986
1347,52.06164286955372,47.20758693361433,8.782245674494318
1348,52.06164286955372,45.574288724973655,9.537223904221158
1349,52.06164286955372,44.15173867228662,11.242083991017457
1350,52.0443569614614,42.78947368421053,12.462744285178651
1351,51.95778151887935,41.8848167539267,14.034958017129943
1352,51.80132665909738,41.13070539419087,16.260622800263285
1353,51.57390482832723,41.24872057318321,17.004617909797005
1354,51.27388382640831,46.83098591549296,12.426418612988742
1355,50.89901213146519,50.14778325123153,13.634800530671706
1356,50.446307390755365,53.31730769230769,12.058319560500433
1357,48.51248054117742,55.38178472861085,10.776576121838694
1358,46.770754947377036,57.73835920177384,9.994071906997132
1359,46.15894752966941,60.352991820921225,8.571906921729486
1360,45.45867883288493,62.65110462692789,7.350440312521142
1361,45.45867883288493,57.94080867027928,11.936432377714928
1362,45.45867883288493,62.06752813672364,9.712895348771982
1363,45.45867883288493,66.36098374322634,7.125129761293841
1364,45.45867883288493,70.82117548978741,7.385468096517164
1365,43.958088921280705,73.72708757637474,6.889837503100692
1366,43.567277796459074,74.64957949539448,7.321651720719377
1367,44.32502835741886,72.54658385093168,7.777905440676929
1368,44.99118456903584,70.18368218709954,9.02673406392036
1369,46.770754947377036,68.2039911308204,9.63283082832276
1370,48.72843435903759,60.17617060732499,15.595060576591115
1371,50.22840470652672,62.796323173681664,14.765931948280537
1372,51.45826133380491,65.39042821158691,15.928645928207644
1373,52.48946344124374,68.34118262689691,12.887418539033517
1374,52.35587207069584,69.08616187989556,13.728605033954445
1375,51.940557080849246,69.74571873378308,13.902658130392583
1376,52.52037172147722,69.00584795321637,15.142893661717677
1377,52.98732504426311,66.35919696147586,17.051246259938335
1378,53.34889160383733,69.27744070601213,16.027863487934873
1379,53.61030462218827,71.85929648241206,15.252036663594668
1380,53.77508167584227,74.84524479459763,11.922505119674723
1381,53.63570814624078,77.0565193060996,9.62269157937492
1382,53.38221480159535,79.11357340720221,9.337835208751631
1383,51.914684794485076,80.32520325203252,9.79638693260649
1384,51.4599339339479,81.99254128929142,9.569903081020534
1385,51.63611970801758,81.77897574123989,10.195981469280769
1386,51.74775365573837,81.64041281912004,10.49567630990815
1387,51.795482860168306,75.20435967302453,16.41233886325365
1388,51.77958068074196,78.76973326075122,13.240499682059149
1389,51.699956258365496,82.6204656199242,12.500967700732714
1390,51.55615136986608,86.27345844504022,8.724670713668525
1391,50.780937247588966,87.92120269569725,7.822218470606294
1392,50.46321378724411,88.15455007625826,7.963031079444185
1393,50.074210961121054,88.42523596621957,7.940437868794701
1394,49.61113127690331,88.72762457668118,8.224958224730408
1395,49.07039616553348,89.05589478628464,8.477588588589844
1396,48.44744404152085,89.40427467030469,8.674077230445718
1397,47.73643236020425,89.76723759332455,8.7623443697002
1398,46.929784010252845,91.02835378755819,7.760374601492274
1399,46.01746608074151,92.38909238909238,7.271028726918643
1400,44.985774235828615,93.51309105119188,7.008767427133155
1401,43.815114790068044,94.41738478831023,6.094760437847888
1402,42.13757038065733,94.91586108127461,5.7573285566584635
1403,40.00837115444669,95.24786324786325,5.493594546003451
1404,37.77792850536777,95.6820412168793,4.99256757765769
1405,36.293774924078015,96.20570711821888,4.6869027182687315
1406,34.54801954873164,96.57554821267648,4.600912377056239
1407,32.35250832060088,96.80759275237274,3.745459822084092
1408,30.157952821355615,97.21148536720044,2.992492066381273
1409,28.85425650342383,97.7683315621679,2.825116254217693
1410,27.385207418203354,98.1859989780276,2.6438275341849584
1411,26.79085315411959,98.23383084577114,2.701222256449417
1412,26.142697262282375,98.2825350749879,2.7462527376731662
1413,25.438216669053972,98.33176691729324,2.7164820677084016
1414,24.674434799692126,98.3812129502964,2.744512887606935
1415,23.84781232703131,98.43059239610963,2.775056138446905
1416,22.954097524113987,98.4796573875803,2.725317219105928
1417,21.98811590656735,98.52819237147595,2.6885725907611904
1418,20.943465148350754,98.57601283594063,2.60631648794293
1419,19.812055379992,98.62296353762606,2.5822574865723222
1420,18.583382726730086,98.66891638545182,2.5816175945070827
1421,17.243309173983988,98.71376811594203,2.569688455289194
1422,15.771840735738898,98.7574378718936,2.554540787479027
1423,14.138597169604772,99.01960784313725,2.033026150277264
1424,12.291842053933312,99.20013059092393,1.9401951790851817
1425,10.12240784152537,99.30643127364439,2.29299455746752
1426,7.115975381672694,99.3455098934551,3.1250171441106747
1427,5.237557751852812,99.49941107184924,3.1487731680573514
1428,3.0370119579712087,99.58701224722302,3.167344500125296
1429,-0.0,99.61432506887053,3.1899722298690674
1430,-0.0,99.61432506887053,3.2073797434853515
1431,-0.0,99.61432506887053,3.2688024572794254
1432,-0.0,99.61432506887053,3.586200646014653
1433,1.7263595531412619,99.6078431372549,4.090937843156695
1434,4.189190988298596,99.5511149724877,4.600574568755719
1435,6.208061115907181,99.4311377245509,5.107975340617243
1436,7.971385463025239,99.24172082946457,5.56230020625371
1437,9.551523848511046,99.10428662827896,6.106690297781788
1438,10.987424673037834,99.07438016528926,6.67017983543814
1439,12.303488665441556,99.04371584699453,7.202896865369223
1440,13.516430700908893,99.01234567901234,7.777122647028184
1441,14.638399322788548,98.98033503277495,8.329087142076466
1442,15.678604147459765,98.94776399849681,8.955218623287593
1443,16.170357449286655,97.02290076335878,8.125434322868443
1444,16.170357449286655,93.26335877862596,5.14297072654722
1445,16.170357449286655,89.58015267175573,5.882074230853857
1446,16.170357449286655,85.97328244274809,6.468599747589864
1447,17.842617941116988,97.27626459143968,13.498330697395412
1448,20.19575156756711,97.10877476748888,14.139291215949957
1449,22.102861419175802,96.84873949579831,14.24253453311429
1450,23.40964024170395,96.1923411662315,13.8259942502024
1451,23.84781232703131,93.63395225464191,11.510308943510978
1452,23.84781232703131,89.63306808134395,9.97162344128303
1453,25.495347342692824,87.5,8.640526950849514
1454,27.798246885133114,87.09449929478139,8.93130560426829
1455,30.399834433015766,86.66666666666667,9.03101561942738
1456,32.6759348531683,86.21483375959079,8.861989676487253
1457,34.504313452071436,85.64567769477054,8.649092013748891
1458,36.073229806362065,84.94713411240957,7.031566291265154
1459,37.45487778758444,84.33874709976799,6.800176370823433
1460,39.68688575945237,83.87878787878788,7.421097037077597
1461,41.71358856422634,83.21700507614213,7.539041100519198
1462,43.222079883483325,82.34903782349038,7.650365933845519
1463,44.54173037813586,81.31067961165049,7.5502841569302195
1464,45.1435069655576,78.38412473423104,7.035957637497604
1465,45.1435069655576,73.81289865343727,3.9765909334094953
1466,45.1435069655576,69.38341601700921,4.694255965056648
1467,45.1435069655576,65.09567682494685,9.158881684770908
1468,45.1435069655576,75.76187101346562,7.43039428536191
1469,45.1435069655576,75.76187101346562,8.880974780421221
1470,45.1435069655576,75.76187101346562,11.116516830072046
1471,45.1435069655576,75.76187101346562,12.746211571609617
1472,45.1435069655576,75.76187101346562,13.991614810229793
1473,45.1435069655576,75.76187101346562,14.992392708002141
1474,45.1435069655576,75.76187101346562,16.12616004562725
1475,45.1435069655576,75.76187101346562,17.38839169639425
1476,45.1435069655576,75.76187101346562,18.518923515961554
1477,46.7100842999966,75.29069767441861,19.60622784947732
1478,48.84798729151749,74.21695951107716,19.600978958712464
1479,50.534497282238945,72.95345104333869,18.39262398733021
1480,51.95767246771239,71.48272957034541,17.9964252400623
1481,54.61052964870697,70.22222222222223,17.30879167853703
1482,56.417706406449774,68.74414245548266,17.058590122259787
1483,57.89307066570287,67.02862783810464,17.066926143658
1484,59.1453014686988,65.05711318795431,13.756324676622715
1485,61.194604259074346,63.56164383561644,13.956671558069885
1486,62.26570777663174,59.95487873660463,12.414315567382491
1487,63.649331184277024,57.66944114149822,10.315143151925602
1488,64.58262703951765,54.95945102932002,9.118759935463439
1489,65.58926421535709,52.19672131147541,6.290386462022601
1490,66.50603270242097,43.77150722642808,4.84023249316738
1491,67.63676122672433,46.05358435916003,4.861084956002462
1492,68.66443590879699,48.401826484018265,5.48224813310717
1493,69.29073819297471,50.396196513470684,5.194316292015459
1494,69.45301595023612,47.843450479233226,5.38492772171322
1495,69.48527987949507,45.28,5.1019789964262605
1496,69.38829783466775,46.09872611464968,4.443931644357937
1497,69.15973832645209,46.69291338582677,4.327189658001273
1498,68.79381666221566,47.60061919504644,4.541313324970515
1499,68.28032725017738,48.789712556732226,3.8336967938685147
1500,67.60259887178641,51.1764705882353,4.408022075552092
1501,67.24409090819694,52.35336712527154,5.241905500648415
1502,67.04151859593534,52.20216606498195,5.84730405072041
1503,66.37637790401931,51.75375805297065,6.7253344189625075
1504,67.11618016591525,42.516753536857784,9.193513956703418
1505,67.72391777646168,44.64148033924441,8.757437930363327
1506,68.2121137605632,47.49801429706116,9.34233833101588
1507,69.74063690427808,50.24752475247525,11.032930380578751
1508,70.30982853695649,50.49751243781095,12.452859457718874
1509,70.13322668318101,50.413907284768214,13.345636142372808
1510,68.07844373308939,48.56459330143541,13.718588544353041
1511,65.8294932544043,46.276595744680854,15.52566735202276
1512,65.75485216123253,45.996978851963746,16.713109003349324
1513,65.6049797160029,46.04477611940298,17.886988261925737
1514,64.74513858821717,54.220314735336196,15.715926272664635
1515,63.70408060101869,56.89890710382514,15.612877578445648
1516,63.70408060101869,56.89890710382514,16.608418774706315
1517,63.70408060101869,51.91256830601093,20.809870250742502
1518,63.70408060101869,56.48907103825137,18.011360599300186
1519,63.70408060101869,61.33879781420765,16.55718214910002
1520,63.70408060101869,66.46174863387978,12.160403204818147
1521,61.292974761587125,68.04657179818888,12.091073771659918
1522,59.992514042926345,69.88916256157636,12.211346359452662
1523,58.35361183341941,71.46198830409357,12.33505522876926
1524,55.86288738449456,72.78270509977827,12.754966457802782
1525,55.47293856944175,73.38012958963283,12.062780404011066
1526,55.01186173137431,74.05660377358491,11.737179946660227
1527,54.47637804520708,74.7971602434077,11.69936632835016
1528,53.862348408717786,75.58708414872798,12.576009444495572
1529,53.16452719987771,76.41242937853107,11.72596727457987
1530,52.37619490403899,77.26039783001808,10.99366191137589
1531,51.48858850096768,78.11958405545927,11.198343903323785
1532,50.489971944039816,78.98009950248756,10.700050011002157
1533,49.36401220813242,79.83359746434232,11.108655238941264
1534,48.08666278696604,81.16490166414523,11.406474518393152
1535,46.61930452515357,82.28715728715729,11.398886098400585
1536,44.88988420673714,83.21870701513068,11.917741201767592
1537,42.710272329301944,83.97771952817824,12.229309051853122
1538,41.36661090621543,85.00627352572145,10.225831304886581
1539,39.834736630901936,85.86434573829531,9.143656992974787
1540,38.04250147482959,86.56716417910448,8.488877049058097
1541,36.43932611557415,87.17313515001376,8.652845062568913
1542,35.226580720919266,88.11854988092088,8.029414587956326
1543,33.879767989873585,88.91431477243835,8.006368581784296
1544,32.368617944109744,89.57264957264957,7.997087037282618
1545,30.641497717302922,90.10550996483,7.796888752473998
1546,29.634512769161613,91.09852774631936,7.38785724389172
1547,27.444869733516796,91.67211685197297,7.4495534865690765
1548,27.444869733516796,95.74885546108568,4.552111179721174
1549,25.367336076345037,96.01927508904254,4.635678065531384
1550,22.451063411938016,96.19488624924502,4.779496724180694
1551,19.52274639333266,96.36011616650532,4.867479452703296
1552,18.33833483472798,96.96686013855083,4.275030932707901
1553,18.33833483472798,96.96686013855083,4.377238870305861
1554,18.33833483472798,96.96686013855083,4.472996260062449
1555,18.33833483472798,96.96686013855083,4.56241014081699
1556,18.33833483472798,96.96686013855083,4.660614036036417
1557,18.33833483472798,96.96686013855083,4.75183391010912
1558,18.33833483472798,87.3619172439618,12.632601639517993
1559,18.33833483472798,91.0129189290395,9.554557082702521
1560,18.33833483472798,94.73881295637521,7.251709411753908
1561,18.33833483472798,98.53959932596892,3.1222413860144815
1562,17.05026530492479,98.62443438914028,3.0691430363964143
1563,15.641842702042474,98.70561483295435,3.1048153702627768
1564,14.088684996012587,99.0028730775731,2.8298825135582084
1565,12.351861486878212,99.21632653061225,2.7027275068785297
1566,10.359029128245753,99.3534142879672,2.7016474496615723
1567,7.921788301071481,99.42117288651941,2.6613545529718503
1568,5.908035540662013,99.54337899543378,2.6533743764840017
1569,3.4502350984670764,99.6011964107677,2.650961578502656
1570,-0.0,99.61432506887053,2.659027022957005
1571,-0.0,99.61432506887053,2.659027022957005
1572,-0.0,99.61432506887053,2.659027022957005
1573,-0.0,99.61432506887053,2.6535952823716715
1574,-0.0,99.61432506887053,2.647632542318756
1575,-0.0,99.61432506887053,2.6411323903442687
1576,-0.0,99.61432506887053,2.634062868549873
1577,-0.0,99.61432506887053,2.626350326274682
1578,-0.0,99.61432506887053,2.6180168443396665
1579,-0.0,99.61432506887053,2.6180168443396665
1580,-0.0,99.61432506887053,2.6180168443396665
1581,-0.0,99.61432506887053,2.6180168443396665
1582,-0.0,99.61432506887053,2.6063844957184354
1583,-0.0,99.61432506887053,2.594714665141526
1584,-0.0,99.61432506887053,2.5830288265309496
1585,-0.0,99.61432506887053,2.571346446530834
1586,-0.0,99.61432506887053,2.55970202910616
1587,-0.0,99.61432506887053,2.547619350748297
1588,-0.0,99.61432506887053,2.5312853758651985
1589,-0.0,99.61432506887053,2.506216395201369
1590,-0.0,99.61432506887053,2.468019086281795
1591,-0.0,99.61432506887053,2.4214263915484917
1592,-0.0,99.61432506887053,2.2796644123021967
1593,-0.0,99.61432506887053,2.145084871542061
1594,-0.0,99.61432506887053,2.3048784244646194
1595,-0.0,99.61432506887053,2.917893229811058
1596,-0.0,99.61432506887053,2.9343620211899824
1597,-0.0,99.61432506887053,2.967490381794178
1598,-0.0,99.61432506887053,3.0091079663693745
1599,-0.0,99.61432506887053,3.0318447602321488
1600,-0.0,99.61432506887053,3.042366540841963
1601,-0.0,99.61432506887053,3.0482634975779748
1602,-0.0,99.61432506887053,3.0539751854275354
1603,-0.0,99.61432506887053,3.058932290705714
1604,-0.0,99.61432506887053,3.0613984841745956
1605,-0.0,99.61432506887053,3.0639961463690297
1606,-0.0,99.61432506887053,3.0684160788829162
1607,1.7263595531412619,99.6078431372549,3.083157421880403
1608,4.189190988298596,99.5511149724877,3.1158109698694476
1609,6.208061115907181,99.4311377245509,3.255884957094725
1610,7.971385463025239,99.24172082946457,3.7175638142402962
1611,9.551523848511046,99.10428662827896,4.5982345508070965
1612,10.285745784398873,97.30081300813008,5.1429636854371195
1613,10.285745784398873,93.77235772357723,5.091864827957248
1614,10.285745784398873,90.3089430894309,6.862552157403894
1615,10.285745784398873,86.91056910569105,8.417896284849657
1616,10.285745784398873,97.72357723577235,9.373048352304716
1617,10.285745784398873,97.72357723577235,10.551523995035316
1618,10.987424673037834,97.53719008264463,11.636486948050763
1619,12.303488665441556,97.09699453551913,12.38670068667102
1620,14.61155260696702,96.78217821782178,13.226664269947932
1621,17.56895704850122,96.64096916299559,14.359054205541222
1622,20.51489626453036,96.49122807017544,14.553755292749347
1623,22.622699137179133,96.25594294770207,15.482904673526011
1624,24.406641130950856,95.92592592592592,16.43475515523747
1625,25.975843539708364,95.49145299145299,16.929186380245252
1626,27.937769779078664,95.28888888888889,17.71245927743863
1627,29.99637558495733,94.97685185185185,18.252374171398603
1628,31.730083494719214,94.55159112825459,18.920423653400704
1629,32.51206569793926,92.12792127921279,18.260360630362978
1630,32.51206569793926,87.87207872078721,16.250672744236713
1631,32.51206569793926,83.71463714637146,12.422234777336067
1632,33.247970113296795,81.27510040160642,12.473414561215732
1633,33.78381893063594,78.67553055484531,11.812809621169812
1634,34.78678281493485,77.43304163351895,12.72521177200414
1635,35.70541965702939,76.03737290464413,11.592655550860835
1636,36.546820368850526,74.70839260312944,12.177517324865521
1637,39.34210365969009,73.90527256479,12.842427692000198
1638,41.29584652590574,72.96538821328345,12.830439959390228
1639,42.92216612135809,71.87601957585645,14.451100365850857
1640,44.330014053853276,70.62436028659161,15.071262572334891
1641,45.57089553412915,69.80392156862744,16.983328425182716
1642,46.67494282903794,68.99888351321177,18.591976796213913
1643,47.66188350194503,68.21885913853318,20.68350119953586
1644,48.54556879587636,67.47474747474747,22.04744724747044
1645,49.3361933083543,66.77866442671147,23.796160735806968
1646,50.041512671447904,66.14379084967321,24.202363757047888
1647,50.66756721002521,65.58412268831755,24.30349818246982
1648,52.45822417813836,64.73634651600753,24.28461737161285
1649,54.47166613296698,63.392857142857146,25.50517545036329
1650,56.029568442829245,61.84759916492693,24.78180015280011
1651,57.606235719533714,60.21978021978022,24.67177270943874
1652,59.118251650655154,58.50694444444444,25.262814375921398
1653,59.58350934111773,55.48926014319809,23.31049460554032
1654,59.971485981398054,52.2671568627451,20.13523948764111
1655,60.285214714579794,48.87218045112782,18.330247441196583
1656,60.527005202712616,46.875,18.50275580991132
1657,61.92834991218512,43.91361256544503,17.30353185955747
1658,63.72607528046503,41.95323246217332,14.83005283541789
1659,64.5652608038328,39.30348258706468,11.288656167990307
1660,64.76592832347146,36.04902667627974,8.91383003822928
1661,64.88560424424976,32.8,6.080753503200637
1662,65.48645767735326,30.163447251114412,3.262024620683355
1663,66.42838661757563,28.076923076923077,5.725889078780254
1664,67.15497021000682,26.228209191759113,9.700908594233246
1665,67.70205902453806,26.704545454545453,9.595458076195873
1666,68.09041354446848,27.1900826446281,9.869929058956659
1667,68.33241584074527,28.42809364548495,9.966203546696628
1668,68.66629537238948,28.156996587030715,10.675021627718833
1669,68.88567623186742,30.103806228373703,9.606719490838797
1670,68.99444413106804,33.01393728222997,8.684862031637504
1671,68.99444413106804,36.062717770034844,7.342456330638006
1672,68.88567623186741,39.186851211072664,4.919168309248887
1673,68.69855930164843,40.598290598290596,4.725933535281174
1674,68.40086585654011,42.36577181208054,4.610027763499904
1675,67.98731096561035,45.49918166939444,5.291492121655688
1676,67.44981067290719,48.492063492063494,4.941552751108609
1677,68.12988058945629,50.314465408805034,4.094963753145303
1678,69.05227592968566,50.87440381558029,4.498807674143644
1679,69.95496218627638,52.03252032520325,5.832343071943044
1680,69.48800886349048,50.473186119873816,5.620779811540613
1681,68.59812321947078,49.04214559386973,6.842965943990089
1682,68.46453184892287,48.28113063407181,7.9443028383460055
1683,67.81431528062625,47.023809523809526,8.63853408288061
1684,66.67279977856005,45.07845934379458,8.879341882490904
1685,65.26922909018309,43.34705075445816,8.835458800924979
1686,63.00192813925095,41.52431011826544,8.774537030021001
1687,61.94785386870441,40.50632911392405,9.273717584541783
1688,60.61537608220448,48.54191980558931,10.672892292519267
1689,58.817650713924564,50.23255813953488,10.314326601623105
1690,58.03253937065325,52.41573033707865,11.933422224424081
1691,58.52163611722171,53.68421052631579,12.121981041227803
1692,59.29340006216171,53.98328690807799,13.44187340399936
1693,58.437674969170736,53.803442531926706,13.214795646160685
1694,58.77234481208726,54.164337618781445,15.117456939165773
1695,58.881341865557204,54.285714285714285,15.606260060769351
1696,58.77234481208726,54.164337618781445,16.41579615782067
1697,58.656164621100494,52.54048017867113,15.453397737863419
1698,58.656164621100494,49.134561697375766,14.245791584330927
1699,58.63434325010557,45.42920847268673,14.169570485731755
1700,58.63434325010557,42.028985507246375,11.50526152852631
1701,58.63434325010557,39.35340022296544,7.191240431607242
1702,58.63434325010557,36.95652173913044,5.3169417051958385
1703,58.63434325010557,40.07803790412486,8.629924767666742
1704,58.63434325010557,40.07803790412486,8.285345797942908
1705,58.63434325010557,38.01560758082497,4.247947600189847
1706,59.084780442624286,40.192743764172334,7.925998513918052
1707,59.932594678930386,41.461988304093566,8.385789740791013
1708,60.39954800171628,42.40430622009569,9.443057625070331
1709,59.632196875715174,41.755005889281506,8.410033975237498
1710,58.09567295868765,40.056497175141246,7.128809058164561
1711,55.776485162159275,38.53260869565217,4.87231287803585
1712,53.994248694144176,37.08158995815899,3.5618879046717713
1713,52.31718004866224,36.0447381799695,3.1383543443771473
1714,51.660422049364676,35.53884711779449,3.462983601672446
1715,50.74682093305057,34.908911866075826,3.875618210463692
1716,49.47154559124052,34.16867469879518,5.616080545278017
1717,48.12973348048548,34.96701225259189,4.574943082395455
1718,48.37833365238682,37.1414913957935,4.435961169310305
1719,48.559422522449694,38.743961352657,3.721207754779957
1720,48.64354967221106,41.116504854368934,6.759469017701966
1721,48.660348326298994,43.53741496598639,9.124100117675821
1722,48.609925639379966,45.97868217054263,9.358777495178146
1723,48.62502220323854,46.02327837051406,9.131453293496051
1724,48.579713121863136,46.276595744680854,8.59579568144288
1725,48.579713121863136,44.00386847195358,8.313094036815022
1726,48.579713121863136,42.311411992263054,5.9112727532544325
1727,48.579713121863136,40.32882011605416,4.040455713954188
1728,48.579713121863136,42.79497098646035,5.613325615079909
1729,48.579713121863136,42.79497098646035,5.182108618217674
1730,48.579713121863136,42.79497098646035,4.763478455796712
1731,48.579713121863136,42.79497098646035,4.343926453155127
1732,49.14424616865194,42.21894943544428,3.4647355447409462
1733,50.10567973347398,41.03987884906613,3.0719729716283357
1734,51.85039287180676,38.92931392931393,4.736030852786196
1735,52.664696474340275,39.29695697796432,4.560822629172731
1736,52.41609630243893,38.68801652892562,4.976790788665696
1737,52.09837284209408,37.94326241134752,6.763186102073853
1738,52.09837284209408,37.13272543059777,7.228966829031971
1739,52.09837284209408,46.45390070921986,3.387069166663604
1740,52.26599601636703,47.13408393039918,3.7904016948153973
1741,52.26599601636703,47.33879222108495,3.624658915680236
1742,51.51772210279092,46.489468405215646,3.779737366575845
1743,50.555574833508466,48.237022526934375,3.927771250674911
1744,50.555574833508466,50.44074436826641,4.2716485838643665
1745,50.555574833508466,50.342801175318314,4.783256781555985
1746,50.480933740336695,50.4390243902439,5.551314608959946
1747,50.33106129510707,50.726040658276865,6.242396716410054
1748,50.22756106869388,49.25373134328358,6.558261827779275
1749,50.22756106869388,49.25373134328358,7.499019103276293
1750,50.22756106869388,49.6870486278286,9.001095050421453
1751,50.22756106869388,49.783341357727494,10.407142223400719
1752,48.64912767121846,51.951104842501174,10.658096873251734
1753,47.48170630616569,51.98690977092099,11.58035156210393
1754,47.553633289224976,46.03100046970409,13.606024022409784
1755,47.568001946587636,45.886224729666196,14.463825555726398
1756,47.52487925864975,45.0070323488045,15.271065874267443
1757,47.42406381418177,51.420586865393574,14.90417267753521
1758,47.42406381418177,55.10013972985561,11.757211962285629
1759,47.42406381418177,58.96599906846763,8.083519723232484
1760,47.13613612712594,59.917544663307375,8.274226901880429
1761,46.78074267502342,60.97889537494387,8.605739800733947
1762,46.35559325348624,62.13251426064063,8.170551205641425
1763,47.34209855488592,62.729658792650916,7.648415457647945
1764,48.77062049912348,63.79003558718861,7.278059933789449
1765,49.705570684973125,64.65284039675383,5.7021390344662795
1766,50.32887771926966,65.30054644808743,5.459191429756585
1767,49.24040662750504,65.33756230176711,5.267730520567239
1768,50.004961615762866,67.79582366589327,5.559350984780441
1769,50.626434988370505,70.29843675982947,7.3761038512504875
1770,51.27194781668622,73.56377799415775,11.15783759641415
1771,51.23341924727829,75.0,13.90122542240398
1772,50.72819578176877,74.23809523809524,13.48808653759291
1773,50.72819578176877,74.23809523809524,13.86655165669806
1774,51.24676256515552,72.57751937984496,12.243189073815685
1775,52.75510761170952,71.30133597229094,11.453628485934546
1776,52.341782197233854,66.89156626506023,8.383226577573572
1777,52.109950903004666,63.6104513064133,4.806017399689929
1778,52.109950903004666,61.472684085510686,4.219135263820279
1779,52.109950903004666,59.524940617577194,4.2160720825871145
1780,53.361460144132835,58.43344545891399,4.080323753096138
1781,54.24568156517018,57.907542579075425,4.583514286399688
1782,54.27479119106842,57.86653677545056,4.634795210178661
1783,54.18732275322302,57.60077707625061,4.7903246898260345
1784,53.981572809195086,57.11529184756392,5.192792253360536
1785,54.05350971894638,60.71080817916261,6.841338435315203
1786,54.445144812277114,60.18981018981019,7.903012526528019
1787,54.77313135938656,59.80592441266599,9.005289979904886
1788,55.039244946590124,59.573361082206034,9.89393942215714
1789,55.039244946590124,50.52029136316337,10.564066520201932
1790,55.039244946590124,50.52029136316337,10.596351158201943
1791,55.039244946590124,50.52029136316337,10.537229172049148
1792,55.039244946590124,59.67741935483871,9.914969569274373
1793,53.35062716169321,61.30952380952381,9.64675744118386
1794,50.81217847340741,62.74787535410765,10.381368989115822
1795,48.25122802877792,64.11870503597122,10.937822069968309
1796,47.80988714882995,64.79929422143802,10.86968996201084
1797,48.75308967560023,65.04424778761062,11.208577752495307
1798,49.73853085119237,65.50802139037434,12.057162784505888
1799,50.072205517806665,64.33260393873086,11.106032519705227
1800,49.422111001291654,60.78767123287671,9.730640519385455
1801,49.422111001291654,56.63527397260274,7.236237543188881
1802,50.072205517806665,53.82932166301969,4.814545535715475
1803,51.600416988007844,52.267521759047185,4.45102854456958
1804,51.87626419828922,49.27671488567429,4.0882909089044155
1805,51.99290144821966,42.42709313264346,6.152795538392998
1806,51.99290144821966,42.05079962370649,6.808896808279953
1807,51.99290144821966,42.42709313264346,6.9515667886783445
1808,51.99290144821966,42.5211665098777,7.357413700539431
1809,51.27853152954973,49.09090909090909,4.642104229992592
1810,50.462352207214,50.788781770376865,4.531095952641818
1811,49.532795688340144,52.69814502529511,3.647923768531761
1812,48.473680972000786,54.45344129554656,2.7210258176428552
1813,47.26109937098889,56.05590062111801,2.8897510705380616
1814,46.58615009693266,56.80091185410334,2.8390530153949185
1815,46.58615009693266,56.80091185410334,3.2241432243506876
1816,46.58615009693266,56.80091185410334,3.8141447613351662
1817,46.58615009693266,56.80091185410334,4.814410057824161
1818,46.58615009693266,56.80091185410334,5.764450955744652
1819,46.58615009693266,56.80091185410334,6.688690317580848
1820,46.58615009693266,51.06382978723404,9.38219669204603
1821,47.26109937098889,53.99844720496895,8.966167106261848
1822,48.473680972000786,56.35627530364373,8.84510794121917
1823,49.532795688340144,58.68465430016863,8.980192811803336
1824,50.1715549690401,57.13671539122958,10.66636395008547
1825,50.683144639333065,55.85664335664335,11.73621153345341
1826,51.077725789047214,55.0044286979628,13.597807770574276
1827,51.36223520980554,54.29338103756709,15.185159038045299
1828,51.541256288941625,53.73537353735374,17.347431007344913
1829,51.61751115328116,52.66245487364621,18.450619664242517
1830,51.592123684733714,53.832281334535615,19.48655152298131
1831,51.46472201081382,55.3411131059246,18.24250846775049
1832,51.233404980131944,56.81211041852182,17.973370765813144
1833,51.61612921956993,60.355839416058394,15.949433547917337
1834,51.61612921956993,62.68248175182482,15.266442038772997
1835,51.61612921956993,65.19160583941606,15.096390506068376
1836,50.449222416787634,67.63636363636364,11.203501260868114
1837,50.72506962706901,71.80555555555556,7.877524023786307
1838,49.74683740815904,72.94860234445446,7.354905240562518
1839,48.53379257282234,73.9492119089317,5.893413976014025
1840,46.97822528899719,74.80916030534351,5.382479050903219
1841,45.13631108224402,75.59474979491387,5.604036381784612
1842,44.56908900441686,76.20385232744783,5.683248913076377
1843,43.90064776416477,76.8598277212216,5.2421312080260485
1844,43.12137350122187,77.55335365853658,4.873255508445747
1845,42.21793527413079,78.53441894892673,4.706605240532492
1846,41.17107355875277,79.66284074605451,4.450345842240763
1847,39.95107869174168,80.63844552394171,4.895431685107051
1848,38.50682836959145,81.40080428954424,5.343923716615969
1849,37.63922963847388,81.89881734559789,5.375438798554884
1850,37.54233256731957,82.26649248856957,5.624005080984433
1851,37.54233256731957,79.49052906596995,5.3275955561341215
1852,37.54233256731957,76.84519921619857,7.024952572752129
1853,37.54233256731957,70.50947093403005,13.426275388600201
1854,38.59027205638797,71.36695421366954,13.371240045235835
1855,40.25455022432107,73.56361149110808,11.745764199010525
1856,41.58151544946295,75.68613652357494,9.911946102798419
1857,42.864327987337816,78.61842105263158,6.154152752447396
1858,41.941932647108445,78.50909090909092,6.475988051606782
1859,40.94307585865046,78.91304347826087,5.789553008018523
1860,41.71828998092757,81.63946587537092,4.3625254842224415
1861,42.37368453971996,84.39393939393939,4.2095310063605735
1862,42.92026228488231,87.15277777777777,3.6527870439909536
1863,42.18229085415796,87.26993865030674,4.472251270186388
1864,39.71449123084722,83.5229357798165,4.233479427448538
1865,37.07117354713675,79.94380049174569,5.339665670369088
1866,36.7603552291619,76.40565712314591,9.121249022309676
1867,36.398950481512344,86.98884758364312,3.5915465783371974
1868,35.98566285697142,87.74364056821936,3.9937200589255366
1869,35.98566285697142,86.19094813346548,3.3519450426075714
1870,35.98566285697142,84.77039973571192,3.7205145115003035
1871,35.98566285697142,83.4819953749587,4.138171757841092
1872,37.32140788565509,83.1719532554257,4.072453619015692
1873,38.98223322234537,83.69084099421178,3.7888628401137696
1874,40.915222386148294,84.25251474158863,3.618842965544218
1875,42.493655783623716,84.85704200494176,3.2860001010807207
1876,43.59232927165828,85.38158366176998,3.2600577241086857
1877,44.505930387972384,85.88021778584393,3.9737657657002043
1878,45.16268838726995,86.76200953428676,5.223656031669001
1879,45.77228597588869,87.5323714391417,6.3897277698277755
1880,45.63908698982079,86.19307832422587,6.462951331905056
1881,44.711864298394076,82.81414070703535,5.268189617086596
1882,44.711864298394076,78.08890444522225,6.508906658901656
1883,44.711864298394076,73.50367518375919,8.625400287937113
1884,44.711864298394076,85.26426321316066,10.322625274013856
1885,44.711864298394076,85.26426321316066,12.186815233710469
1886,44.711864298394076,85.26426321316066,14.189460364360125
1887,44.711864298394076,85.26426321316066,17.00983377295079
1888,44.711864298394076,85.26426321316066,19.160733227397202
1889,44.711864298394076,85.26426321316066,20.851510784411598
1890,46.28264004612425,84.88872936109117,20.4924957902802
1891,48.42912154715221,84.0,21.329462028279856
1892,50.87025775772791,83.04209690230341,22.01845525202319
1893,52.981658669227436,82.00836820083683,22.833617808257944
1894,54.64085695312857,80.7488986784141,22.655384189079626
1895,56.89158485793612,79.46096654275092,22.798117909228036
1896,59.07285102093428,78.02844531633154,21.943414203072166
1897,61.10721498845388,76.59574468085107,20.50610368414237
1898,62.68680044119369,74.87657707076248,18.60650796800498
1899,63.30975256520631,71.7626925270964,15.764528371805529
1900,64.753079347434,69.36936936936937,14.323112537399304
1901,66.21372129601681,67.04761904761905,12.459392585277955
1902,67.10420677562988,63.98135818908123,9.093857948671914
1903,68.07796829322078,60.924369747899156,7.988273449401022
1904,68.90518643844081,57.48898678414097,6.586769255990083
1905,69.60484209189045,53.68098159509202,5.632871869332535
1906,70.18994840646073,50.15948963317384,6.742700195891506
1907,70.66975460096381,40.34653465346535,11.193097270984735
1908,71.05094407687531,43.2937181663837,8.864843688851643
1909,71.33833373430744,46.44097222222222,8.557298679639677
1910,71.53529983132162,49.735449735449734,8.241112658127427
1911,71.45217507207559,51.933216168717045,7.6397171667166734
1912,71.06026132256093,54.123711340206185,6.584115550195139
1913,70.53364737218517,56.17696160267112,6.179679016626796
1914,69.85826321108703,58.064516129032256,6.6442841715278105
1915,69.52896058077175,58.201892744479494,6.5450205353438315
1916,69.09819334452175,58.58895705521472,7.082935974951555
1917,68.55957467350119,59.19881305637982,7.607671662600068
1918,67.90410785852481,60.0,8.168212589357934
1919,67.1189965152535,60.95890410958904,8.978648444606547
1920,66.18544723540649,62.89267015706806,8.651226643082541
1921,65.07415926786342,64.58852867830424,10.205807609913247
1922,64.37742671088212,65.30984204131227,10.15783697482011
1923,63.862917414255435,64.99395405078597,10.497671453527719
1924,63.26498106315675,63.702801461632156,9.822722527789487
1925,63.39979417026063,55.59610705596107,12.001052508516088
1926,63.02189093884013,54.082840236686394,13.832759390317362
1927,62.572391744719525,52.408256880733944,15.879858216107177
1928,62.048052764857296,50.60908084163898,18.487434534822963
1929,61.197118565516185,64.97085320614732,9.599952222738386
1930,59.94488776252025,66.68344237544036,6.200506533555118
1931,58.469523503267155,68.16229116945108,4.399200811715482
1932,56.66234674552435,69.42559927634555,3.7340597549866787
1933,55.35044514214819,70.85665088247956,3.4627711353245374
1934,53.817338350137646,72.08350388866148,4.188693943617919
1935,52.54882166237162,73.40882467786021,5.2473376671602345
1936,52.97069025327378,73.5812133072407,6.544466239153129
1937,52.83535512268419,73.52366053969496,7.579436124035595
1938,52.65010781850241,73.4375,8.384895261081883
1939,51.64705968373519,73.26578332034295,9.446781503432526
1940,50.967936444519715,73.03807303807304,10.244707473834376
1941,51.484893327413936,72.21786833855799,11.210071874255624
1942,51.801882425333815,71.63120567375887,12.501088381736288
1943,51.935159813839924,71.40600315955766,12.917674725897152
1944,51.89089871918269,71.2707182320442,13.678970827017542
1945,51.66708873832573,71.22641509433963,14.092322782963645
1946,51.25294131987557,71.27244340359094,14.646519152648052
1947,50.62529294647624,71.90880989180835,14.614920495349407
1948,49.40633240101959,70.4647676161919,15.684881622249584
1949,47.51710554830496,67.09493219129193,18.781065481438993
1950,44.78463709512132,63.858695652173914,22.1791815305421
1951,42.862279865999454,60.920285158781596,24.232284121646053
1952,40.0975770051903,71.84796044499382,14.988103568742051
1953,40.0975770051903,76.20519159456119,10.392183754004652
1954,40.0975770051903,80.68603213844253,5.908081264762832
1955,40.0975770051903,85.29048207663783,2.3152952755458887
1956,39.64077644703324,87.42681047765794,2.629068948198587
1957,39.44064686528797,87.16216216216216,3.2979122907671643
1958,38.91790782334016,86.41900121802679,3.5508321141309827
1959,38.59028325426589,85.97394728870039,4.600293101529886
1960,38.17110547809462,85.45618789521228,4.899259771068092
1961,36.001790126795875,88.0,7.6660647478817925
1962,34.18391776452244,88.33479148439778,8.871401805933862
1963,34.69967014664651,88.02753666566896,8.400021592076438
1964,35.16337042241199,87.73382398037411,8.105456770140034
1965,35.576651079067254,87.4568830354343,8.108764830870923
1966,37.32714425769405,87.04243602202786,8.158680612387043
1967,39.45634348390469,86.36209813874788,7.893324688131348
1968,41.1338878933154,85.51748498763688,7.093655088851685
1969,42.54781944008986,84.49355432780847,5.940323485284604
1970,45.19113712380033,83.72541457770922,5.599541061945036
1971,46.98845895830186,82.77531262605889,5.3171434262429305
1972,48.45363129314307,81.62663295406658,5.503851306133093
1973,49.69530930303169,80.26373626373626,4.726953060164167
1974,50.76467277475341,79.45080091533181,4.436118057692051
1975,51.69149562424163,78.64954826438421,4.046110752956024
1976,52.9582448182364,77.1712158808933,3.9096457810977285
1977,54.0279278294386,75.45219638242894,5.7808847875601055
1978,55.93750030012472,73.88019427954669,6.874183082189945
1979,57.80715265146391,67.32617297908423,13.380108258416683
1980,59.215210356128246,69.87595983461311,11.178781299344717
1981,60.348909049051244,72.8,10.046936589051368
1982,61.279295712022105,76.10223642172524,7.239021486666257
1983,61.06561848136997,77.02100572883514,5.806517646311785
1984,60.54037188498628,77.79179810725552,5.044887023007211
1985,59.61110688533886,78.40696950840075,4.994786125082246
1986,60.09485886221269,77.8557753669432,5.131797513691611
1987,60.47422770520288,77.39413680781759,5.304985320553521
1988,60.754574232870226,77.0350761085374,5.799882137154455
1989,60.93956961558432,76.78929765886288,5.986270813185087
1990,61.03151311666471,76.66442501681237,6.049899838762649
1991,61.03151311666471,76.66442501681237,5.992532549954739
1992,60.93956961558432,73.51170568561874,8.544032207278752
1993,60.754574232870226,76.63798808735936,5.944470484770398
1994,60.47422770520288,79.54397394136808,5.3365673209032165
1995,60.09485886221269,82.19527760051054,5.497160468398264
1996,59.465097560962946,84.2529448233106,5.234458365517504
1997,58.53471089799209,85.71428571428571,8.058916835267556
1998,57.40101220506908,86.90407811602527,9.997172574503269
1999,57.325432286904665,86.97886921758995,10.707654217829008
2000,57.18897744532752,87.11136235161108,11.65586156236706
2001,58.01282780595584,85.76409064497385,10.97121258076574
2002,58.48713349468535,83.87670420865442,8.957767322159564
2003,58.84194148714707,81.75797712221554,9.402305347228463
2004,59.395869993585556,80.01226241569589,8.824015115149544
2005,59.76085189063175,75.9454432734036,4.568106306495354
2006,59.76085189063175,75.9454432734036,4.803047950825238
2007,60.07655017866471,76.70632435817157,6.653735443197111
2008,60.573901752065076,77.97581158497772,8.447883518386103
2009,60.707179140571185,76.42172523961662,6.544000029529698
2010,60.66291804591396,74.72878111040204,5.064600160796678
2011,60.43910806505699,73.43056436271401,3.961642280254715
2012,60.02496064660684,72.10031347962382,2.8686870594988947
2013,59.397312273207504,70.94386181369525,2.916147859578108
2014,58.51022878010205,69.48640483383686,2.990981125479058
2015,58.510812452003606,68.73879258816497,3.6584644383096765
2016,57.9416208193252,68.65671641791045,3.952594281765543
2017,57.68436617101187,68.57483601669648,4.3650276981492055
2018,59.11288811524944,68.15131177547285,4.757484224673002
2019,60.04783830109908,67.61963952765693,5.255702819953378
2020,60.671145335395614,66.98172652804033,5.633765071010808
2021,61.04701114791957,66.75143038779403,5.379547607869421
2022,61.20382852563097,67.13465220165922,5.205457011437964
2023,61.15182450268806,68.51497769279796,4.218023250765113
2024,60.88770019495665,69.79100696643445,4.721837888798076
2025,60.78107694193269,70.47318611987382,5.834333029704684
2026,60.04783830109908,69.42200124300808,7.006193927330717
2027,59.3581548523761,68.31804281345566,7.835038789719998
2028,58.363489410227345,66.92630317555422,8.970517704148257
2029,56.88069666123483,69.5499707773232,11.52130568526605
2030,55.60483764752323,70.69660333909039,13.750160462406516
2031,56.76862467731911,71.80232558139535,16.217286292508074
2032,58.16803699565845,72.86223277909738,18.51418688226413
2033,59.070723252249145,73.61111111111111,21.279022179080872
2034,59.76777580654689,74.60220318237454,24.70202361785317
2035,60.18253150956766,75.24691358024691,27.09071737828716
2036,59.802048400394156,74.05832320777643,28.59337262317135
2037,59.42702207887235,72.81959378733572,28.67171526129576
2038,59.19571539443319,72.08752217622708,29.83862459399735
2039,59.83765212820418,69.32026944274342,29.894994100774696
2040,60.37713606144533,66.26658243840808,27.154364950205874
2041,60.82115130564535,62.946138870863074,25.82844413047561
2042,61.336573144399374,61.415220293724964,25.048845068599196
2043,61.90004966028858,58.52819807427785,25.422402964330082
2044,62.349717074982145,55.43018335684062,23.28080289366628
2045,62.692933162309316,52.0863309352518,20.201465359722203
2046,62.93479135246793,49.12408759124087,18.338005269553385
2047,63.078639945304424,46.90721649484536,17.544983959250953
2048,63.17828843767802,44.0,15.801821329277466
2049,63.17828843767802,40.51851851851852,12.53236063644123
2050,63.54772989506788,37.696335078534034,10.300000420025071
2051,64.17537826846721,35.46910755148741,9.601402295738353
2052,64.58952568691737,33.25599381283836,7.588679992811508
2053,64.50358282992612,30.598159509202453,4.709924844369293
2054,64.11166908041146,27.969924812030076,6.886182385056015
2055,63.5850551300357,25.58651026392962,12.358020314343761
2056,62.90967096893756,23.470839260312946,17.333229341326284
2057,62.063411455728065,24.38186813186813,15.928352604991572
2058,61.00933718518151,26.948480845442536,12.051405266416902
2059,59.67685939868159,29.430379746835442,10.394436813532753
2060,57.87913403040168,31.801692865779927,8.93034086876503
2061,56.47778932092916,34.887839433293976,10.257370033745168
2062,56.09215023995986,37.60092272202999,9.727526048465363
2063,55.62191020696,40.684624017957354,6.778965748742872
2064,55.06229610781925,43.63438520130577,5.101613072179231
2065,55.06229610781925,48.04134929270947,4.224562372603638
2066,53.574619793661626,50.259605399792314,4.139406312402243
2067,51.62874736045138,52.274975272007914,4.09866696153209
2068,51.62874736045138,52.274975272007914,4.1420248156774555
2069,51.62874736045138,46.88427299703264,5.284701717864656
2070,51.62874736045138,50.79129574678536,4.295625116505545
2071,51.62874736045138,54.896142433234424,3.6506384528487876
2072,51.62874736045138,58.90207715133531,5.174544236942484
2073,51.28942822790287,60.18473505104521,5.3484327677343435
2074,50.925734491820116,59.16905444126075,5.193791558336724
2075,50.12049532782979,56.991720331186755,3.8046300263914357
2076,49.248305397453215,55.23851983950067,3.4042101368891964
2077,48.366957692735426,53.89638659120592,4.540924639228184
2078,48.366957692735426,51.67609925990422,6.817989463506075
2079,48.366957692735426,49.62995211144972,8.620047960754292
2080,48.366957692735426,51.45842403134523,8.65035225965658
2081,48.366957692735426,51.45842403134523,9.78584720101537
2082,48.366957692735426,50.63125816282107,11.926475207006705
2083,48.366957692735426,52.764475402699176,11.43495066663811
2084,48.366957692735426,55.071832825424465,10.863414848531617
2085,48.366957692735426,57.55333043099695,11.01675104839989
2086,47.85233681953881,58.100558659217874,12.450423408266708
2087,47.85233681953881,58.100558659217874,13.561269720108044
2088,47.85233681953881,54.61968199398367,15.900965406376132
2089,47.85233681953881,56.81134507950151,16.345321367365926
2090,47.85233681953881,59.17490330898152,16.27171281261402
2091,47.85233681953881,61.71035668242372,17.321059333915358
2092,46.84186429646371,62.745918794474676,18.004340901602713
2093,44.852440510549734,63.5809987819732,19.13942541918757
2094,43.44438280588539,64.47420244190626,20.697976206181355
2095,41.574730454546206,65.26877621044605,20.922668544319514
2096,40.13868486698686,67.12893553223388,19.44513772044098
2097,40.13868486698686,70.23988005997002,18.181073649719476
2098,40.13868486698686,73.46326836581709,16.618402473015088
2099,40.23240397078967,67.91101055806938,21.501650664827064
2100,40.279191226857805,71.40695915279879,19.78124500739196
2101,40.279191226857805,75.15128593040848,17.00052974446732
2102,40.23240397078967,78.80844645550528,12.780497610213521
2103,39.32414322955526,79.54711468224981,13.078258589379184
2104,38.285589657211474,80.54378531073446,13.471980553714742
2105,37.09288357032421,81.66325835037492,13.121314214041782
2106,35.70757540348356,82.6215505913272,14.207003844427428
2107,34.057766357256206,83.42820999367488,14.418235966537752
2108,32.99111338830416,85.28685996298582,12.449472593791496
2109,32.76690375331416,88.18514007308161,9.573959730326722
2110,32.49865311313246,90.9118176364727,6.6057912898088045
2111,30.912906436815955,91.4598961338719,6.826502931385694
2112,28.998660785432527,91.87465335551857,7.001646460140441
2113,26.241854594281655,92.1683537559936,7.189537934733662
2114,26.066643867770782,94.32418162618796,6.395679828867606
2115,25.683191902632295,94.64008285862248,6.417555271979465
2116,25.25482561275105,94.95436105476674,6.333392577929224
2117,24.780346871179322,95.26524541398116,6.015488581907277
2118,24.258364780167305,95.57115198451113,5.597466184180689
2119,23.687266027145988,95.87069372345447,5.317815534300955
2120,23.065177373132435,96.1626838235294,5.315839615874867
2121,22.389917693085053,96.44613321412606,5.198966789870413
2122,21.658935868907157,96.7202432667246,4.099579315956761
2123,20.869229111875647,96.98439477013918,3.9110547987202318
2124,20.01723355538306,97.23813420621931,3.5210899447904547
2125,19.09867446789201,97.48115827052757,3.500839550693664
2126,18.10835576990352,97.71329746348962,3.3798177613050773
2127,17.03985483685009,97.9344994417566,3.3118380572526704
2128,15.885062695553017,98.14481268011528,3.127923885401854
2129,14.633457470382094,98.34437086092716,2.9787752577500455
2130,13.270884165427137,98.75252865812543,2.7672310625786194
2131,11.777332757306647,99.07075317900228,2.387563135241309
2132,10.12240784152537,99.30643127364439,2.0798096832443034
2133,8.2543586470295,99.4666260286498,2.138303849658288
2134,5.237557751852812,99.49941107184924,2.7538967465740223
2135,3.0370119579712087,99.58701224722302,2.745222290807124
2136,-0.0,99.61432506887053,2.7568837486842224
2137,-0.0,99.61432506887053,2.786611674728668
2138,-0.0,99.61432506887053,2.814804802431017
2139,-0.0,99.61432506887053,2.8432110954161294
2140,1.7263595531412619,99.6078431372549,2.8755755742745377
2141,4.189190988298596,99.5511149724877,2.9141694292527904
2142,6.9538546023610674,99.49071300179749,2.9369160915640475
2143,9.396302188694612,99.42635658914729,2.964171415448832
2144,11.39443387713584,99.29396662387677,2.995968152065963
2145,13.136652638039287,99.08668216539355,2.9999434743206392
2146,14.69530505446085,98.93470790378007,3.0163274038320784
2147,16.10932556229681,98.89797369356559,3.0399229927114586
2148,18.45396095349142,98.85777450257922,3.0704598114357067
2149,20.830708536842156,98.75621890547264,3.096641582028
2150,22.76190955571545,98.5691573926868,3.1300231902150264
2151,24.435919942950086,98.28724721419728,3.1710156497405975
2152,24.435919942950086,94.30458109781263,4.878568370033818
2153,24.435919942950086,90.40445728435823,6.703581309947872
2154,24.435919942950086,86.5868757738341,10.686824475610837
2155,24.435919942950086,96.55385885266199,3.107965777841271
2156,24.435919942950086,96.55385885266199,3.125359397862934
2157,24.435919942950086,96.55385885266199,3.1692291675810464
2158,24.435919942950086,96.55385885266199,3.2345301981657992
2159,24.435919942950086,96.55385885266199,3.2976466571594356
2160,24.435919942950086,96.55385885266199,3.373493654261837
2161,24.435919942950086,96.55385885266199,3.4584199730629885
2162,24.435919942950086,96.55385885266199,3.5635750023716044
2163,24.435919942950086,96.55385885266199,3.7806497502156318
2164,24.435919942950086,96.55385885266199,4.339136906120606
2165,24.435919942950086,96.55385885266199,5.304870720794805
2166,24.435919942950086,96.55385885266199,6.624732794044122
2167,24.435919942950086,96.55385885266199,6.987604908730437
2168,24.435919942950086,96.55385885266199,7.350409331799662
2169,24.435919942950086,96.55385885266199,7.721300506776785
2170,25.200693390376173,96.34146341463415,7.898864314555269
2171,26.6130863556319,95.83151462243562,8.0032941418549
2172,27.26814087579832,93.46376167185416,6.148543213591657
2173,27.26814087579832,89.39528679413073,4.58032270313967
2174,27.26814087579832,85.61582925744776,4.747238476490993
2175,27.26814087579832,81.7696754112939,6.873184930525037
2176,27.26814087579832,92.50778123610493,5.923931788779463
2177,27.26814087579832,92.50778123610493,6.610125746523004
2178,27.26814087579832,92.50778123610493,6.98839547662279
2179,27.892888896667618,92.14221014492753,7.184564083698152
2180,29.060045565017408,91.3104744011273,6.73105803534621
2181,30.78716579182423,90.72896281800391,6.589348345755004
2182,32.29831583758806,90.01528273051451,5.77667039469994
2183,32.99004935442239,87.3960498960499,5.123769774305014
2184,32.99004935442239,83.05613305613305,6.877680254497293
2185,32.99004935442239,78.82016632016632,7.719681837568769
2186,32.99004935442239,74.6881496881497,13.619217299760365
2187,32.99004935442239,84.51143451143452,7.856655812307985
2188,32.99004935442239,84.51143451143452,8.261560787313513
2189,32.99004935442239,84.51143451143452,8.639984448115035
2190,32.99004935442239,84.51143451143452,8.986555803351328
2191,32.99004935442239,84.51143451143452,9.297489444495719
2192,32.99004935442239,84.51143451143452,9.568564262096539
2193,32.99004935442239,84.51143451143452,9.790517600111864
2194,32.99004935442239,84.51143451143452,9.95956398377534
2195,32.99004935442239,84.51143451143452,10.054821453903495
2196,32.99004935442239,84.51143451143452,10.103620501621759
2197,32.99004935442239,76.74116424116424,14.680134505270168
2198,32.99004935442239,80.92515592515592,11.149986288578592
2199,32.99004935442239,85.21309771309771,8.327011292032402
2200,32.99004935442239,89.60498960498961,3.832590340588529
2201,31.565798739314094,90.38941587618572,2.599004690933836
2202,29.955271415011996,91.03547459252157,1.9299923126990093
2203,28.69480607869088,91.36657433056325,1.569571457655262
2204,27.301340964728254,91.68888888888888,1.187348498406776
2205,25.74455934988114,92.27972626176219,0.8210246155528045
2206,23.972784628862037,92.75720164609054,0.7940657440614048
2207,22.74037239859735,92.90036304961679,2.346501890814448
2208,21.39941682097895,92.67605633802818,2.8005236156155924
2209,21.61928003405312,92.82547359935509,2.9743557615933556
2210,21.619280034053116,92.80532043530835,3.1093132096366873
2211,21.39941682097895,92.77665995975855,3.30761350312469
2212,22.869017272397627,92.66243082598893,3.497046379353072
2213,25.209983626095138,92.30113030496908,3.5974416475457867
2214,27.104672683793435,91.83492345240737,3.7386712462482325
2215,28.741409898769938,91.25317332102469,3.607673529033698
2216,30.192459636165992,90.73674106071515,3.9207986529377425
2217,31.49666902409142,90.37166375654776,4.045139310710774
2218,32.678331215181885,89.99740865509199,3.85911766019826
2219,33.75404666821307,89.61528114070487,3.863115880809697
2220,34.73584207474303,89.22690482835613,3.8770604456184197
2221,35.63279710233013,88.83424934914666,3.8440780526365725
2222,36.451977142992895,88.43965259059598,3.8327919732716635
2223,37.1990066757585,88.04583462372251,3.8830738104547478
2224,37.87844101669101,87.65590022385673,4.03883261414497
2225,38.49401769823032,87.2733267392021,4.3371030878643175
2226,39.04883228860489,86.90193417034273,4.672297815075837
2227,39.54546477162783,78.1456953642384,9.88579062362239
2228,39.98607241843141,82.02929617720615,7.439720848876081
2229,40.372459241450635,86.33540372670808,4.9680193986670105
2230,40.70612862591684,90.71934401789042,3.878154134492825
2231,39.603015397117225,91.33600291226793,4.280043476077906
2232,38.224049967067565,91.80560482440582,4.661183638171571
2233,38.446567166370535,91.69363538295578,4.706038885529282
2234,38.62147070696284,91.6030534351145,4.692578999640919
2235,39.379221267922624,90.1835893593106,3.8753321295670373
2236,40.04537747953961,80.11560693641619,8.81160783552356
2237,40.62657926684635,82.20640569395017,7.932901706949496
2238,41.12798355272306,85.10724403075677,6.70271224778514
2239,41.553630184761055,88.39322593969435,3.6526152209179017
2240,39.997706566603604,88.33535844471446,3.771099901957772
2241,38.54262757341564,87.52483114819229,5.05506096701485
2242,38.152678758362846,85.8869395711501,6.225874756219588
2243,37.6916019202954,84.0518885921404,8.471776426604407
2244,37.6916019202954,80.50362457077452,9.890284757990793
2245,37.6916019202954,90.38534910339565,1.9555231747941124
2246,37.6916019202954,90.38534910339565,1.9466102450745235
2247,37.6916019202954,90.38534910339565,2.20984327653031
2248,37.6916019202954,90.38534910339565,2.4508525546615187
2249,37.6916019202954,90.38534910339565,2.654476739414746
2250,37.6916019202954,90.38534910339565,2.98730202514607
2251,37.6916019202954,90.38534910339565,3.420456275423204
2252,37.6916019202954,90.38534910339565,3.808099841274443
2253,37.6916019202954,90.38534910339565,4.062566804626067
2254,37.6916019202954,90.38534910339565,4.203213231322341
2255,37.6916019202954,90.38534910339565,4.338953447029463
2256,37.6916019202954,90.38534910339565,4.463778197010397
2257,37.6916019202954,90.38534910339565,4.5873819007587935
2258,37.6916019202954,90.38534910339565,4.707567249237902
2259,37.6916019202954,90.38534910339565,4.81417987017849
2260,37.6916019202954,90.38534910339565,4.8457550651461565
2261,37.6916019202954,90.38534910339565,4.797914168797209
2262,37.6916019202954,90.38534910339565,4.803147625225972
2263,37.6916019202954,90.38534910339565,5.023716165889714
2264,37.6916019202954,82.25867989317055,10.757656029596072
2265,37.6916019202954,85.8832506676841,8.190682716917593
2266,37.6916019202954,89.66043494849295,5.6924292604409
2267,37.6916019202954,93.5902327355971,3.825206075190249
2268,37.156118234128165,93.74301675977654,3.832609575604632
2269,36.54208859763888,93.57997823721436,3.929233712851189
2270,35.8442673887988,94.9947127247092,4.160161933552388
2271,35.05593509296007,96.2051282051282,5.016632605840424
2272,35.05593509296007,96.2051282051282,5.162939966399539
2273,35.659343257323115,95.0505402579296,4.5989816001657795
2274,36.16471470539676,93.72562920950018,4.469453747871213
2275,36.578124319195915,93.95900755124056,4.708514984913743
2276,36.90408566142715,93.88868679519825,4.91767392211439
2277,37.14590160773717,93.8348623853211,5.136767666150325
2278,37.30588959124944,93.7984496124031,5.3249616359173535
2279,37.38552471863578,93.78008145131433,5.5268823632580775
2280,37.395462475698096,92.70370370370371,5.4566622280064765
2281,37.1562514517838,89.53913679590343,6.122399655476446
2282,36.65101930094306,85.42409123307199,10.005199912975986
2283,36.08125086637751,81.42758142758143,12.266289708403022
2284,35.443677122559755,77.84129119031607,15.581606210966884
2285,34.734296075276426,90.22801302931596,5.808880105783264
2286,33.94816445421998,90.61121613106491,5.488148281217049
2287,33.07909442803523,90.99208764455265,5.684601034059094
2288,32.119195487130966,91.3681738109219,5.7545832996262964
2289,31.05814938188503,91.73740803621958,5.96002333085219
2290,29.881991229002104,92.09809264305177,5.892908612111486
2291,28.570888782964865,92.6324069218668,5.922853866380247
2292,27.09461313439876,93.24256177508825,5.843514801035749
2293,25.401569666085205,93.72273388269511,5.811367676569544
2294,23.382723894246002,94.08476944573825,5.766266769560929
2295,21.840693217417282,94.32432432432432,5.3326429464686855
2296,21.158845854414842,94.52234881682735,5.232178409527868
2297,20.42141879769827,94.71890971039183,5.197898512873712
2298,19.625403228034543,94.23076923076923,5.5203390460608155
2299,18.767229623329545,95.30497592295345,4.488429256158994
2300,17.842617941116988,96.24513618677042,3.409926770242032
2301,16.84636710809334,97.03996983408749,1.9303185432820142
2302,16.84636710809334,97.03996983408749,1.9303185432820142
2303,16.84636710809334,97.03996983408749,1.9303185432820142
2304,16.84636710809334,97.03996983408749,1.9303185432820142
2305,16.84636710809334,97.03996983408749,1.9303185432820142
2306,16.84636710809334,97.03996983408749,1.9303185432820142
2307,16.84636710809334,97.03996983408749,1.9303185432820142
2308,16.84636710809334,97.03996983408749,2.3929772925333426
2309,16.84636710809334,97.03996983408749,2.4659225968287433
2310,16.84636710809334,97.03996983408749,2.434873267503143
2311,16.84636710809334,97.03996983408749,2.5434936933359102
2312,16.84636710809334,97.03996983408749,2.8009259722410236
2313,16.84636710809334,97.03996983408749,3.0248757760161546
2314,16.84636710809334,97.03996983408749,3.2250062660709444
2315,16.84636710809334,97.03996983408749,3.389372926297602
2316,16.84636710809334,97.03996983408749,3.5157857652338884
2317,16.84636710809334,97.03996983408749,3.6270428259883927
2318,16.84636710809334,97.03996983408749,3.730600961268514
2319,16.84636710809334,97.03996983408749,3.8434315570302426
2320,16.84636710809334,97.03996983408749,3.96846831836741
2321,16.84636710809334,97.03996983408749,4.084804167167377
2322,16.84636710809334,97.03996983408749,4.17135996111387
2323,16.84636710809334,97.03996983408749,4.235280480279137
2324,16.84636710809334,97.03996983408749,4.151990314709385
2325,16.84636710809334,97.03996983408749,4.099436336106608
2326,16.84636710809334,97.03996983408749,4.2611611918528185
2327,16.84636710809334,97.03996983408749,4.327379841705347
2328,16.84636710809334,85.69004524886878,12.453581990444512
2329,16.84636710809334,89.29110105580693,8.969121969656507
2330,16.84636710809334,92.96757164404224,6.657054943592842
2331,16.84636710809334,96.71945701357465,3.078361385763844
2332,16.31942750187989,98.66394507329746,2.6687902601376075
2333,15.203163929990762,98.74213836477988,2.6947384898932185
2334,13.995819799477069,98.81718559749521,2.716251263518417
2335,13.35434947684245,98.68240930869267,2.7530706855727303
2336,13.35434947684245,98.39151266255989,2.795869167003633
2337,13.35434947684245,98.39151266255989,2.8271690445163387
2338,13.35434947684245,98.39151266255989,2.8554758984835984
2339,13.967118527182038,98.56016455262255,2.880017528608184
2340,14.69530505446085,98.79725085910653,2.8941412861010267
2341,14.885322521102173,98.86519944979368,2.9158917259624744
2342,16.60566096531479,98.6284289276808,2.9528575632094967
2343,19.07783492222156,98.4478935698448,3.0304574426858366
2344,19.07783492222156,94.660014781966,4.941287903741473
2345,19.07783492222156,90.94604582409461,6.783700302685023
2346,19.07783492222156,87.3059866962306,10.948836260744045
2347,19.07783492222156,96.89578713968957,1.7829246712595908
2348,19.07783492222156,96.89578713968957,1.780384676659261
2349,19.07783492222156,96.89578713968957,1.780384676659261
2350,19.07783492222156,96.89578713968957,1.780384676659261
2351,19.07783492222156,96.89578713968957,1.780384676659261
2352,19.07783492222156,96.89578713968957,1.7780882174908923
2353,19.07783492222156,96.89578713968957,1.7758140348211187
2354,19.07783492222156,96.89578713968957,1.7734853042726475
2355,19.07783492222156,96.89578713968957,1.7710875361640988
2356,19.07783492222156,96.89578713968957,1.768603347261385
2357,19.07783492222156,96.89578713968957,1.766000575665129
2358,19.07783492222156,96.89578713968957,1.7632718391692745
2359,19.07783492222156,96.89578713968957,1.7604187498775041
2360,19.07783492222156,96.89578713968957,1.7574795705354915
2361,19.07783492222156,96.89578713968957,1.7544592067712057
2362,19.07783492222156,96.89578713968957,1.7513056759113768
2363,19.07783492222156,96.89578713968957,1.7479465998229573
2364,19.07783492222156,96.89578713968957,1.7443351873261614
2365,19.07783492222156,96.89578713968957,1.7404421810907296
2366,19.07783492222156,96.89578713968957,1.7404421810907296
2367,19.07783492222156,96.89578713968957,1.7404421810907296
2368,19.07783492222156,96.89578713968957,1.7369402853541245
2369,19.07783492222156,96.89578713968957,1.733452453455817
2370,19.07783492222156,96.89578713968957,1.7299786008436793
2371,19.07783492222156,96.89578713968957,1.7265186436419877
2372,19.07783492222156,96.89578713968957,2.0602156081458025
2373,19.07783492222156,96.89578713968957,2.0544244366703595
2374,19.07783492222156,96.89578713968957,2.0299239022977797
2375,19.07783492222156,96.89578713968957,2.277959478768621
2376,19.07783492222156,96.89578713968957,2.519759171558739
2377,19.07783492222156,96.89578713968957,2.738907597726131
2378,19.07783492222156,96.89578713968957,2.937129354610487
2379,19.07783492222156,96.89578713968957,3.1131967654893544
2380,19.07783492222156,96.89578713968957,3.0800543719898914
2381,19.07783492222156,96.89578713968957,3.0110384529736254
2382,19.07783492222156,96.89578713968957,2.954610362266953
2383,19.07783492222156,96.89578713968957,2.9166960497571974
2384,19.07783492222156,96.89578713968957,3.039119591427849
2385,19.07783492222156,96.89578713968957,3.453931236552611
2386,19.07783492222156,96.89578713968957,4.189893128715735
2387,19.07783492222156,96.89578713968957,4.252555533474674
2388,19.07783492222156,96.89578713968957,4.329517030916586
2389,19.07783492222156,96.89578713968957,4.41457349409759
2390,19.07783492222156,96.89578713968957,4.513034677826126
2391,19.07783492222156,96.89578713968957,4.614733895695432
2392,19.07783492222156,87.3059866962306,8.51272234530774
2393,19.07783492222156,90.94604582409461,5.478155193200343
2394,19.07783492222156,94.660014781966,3.6754568211049037
2395,19.07783492222156,98.4478935698448,4.595477298858502
2396,17.461386058305763,98.7339514978602,4.764098123098308
2397,15.631116007556061,98.93324156916724,4.990838815418076
2398,13.477868434403591,99.05378486055777,5.148595101875331
2399,11.777332757306647,99.07075317900228,5.264203772763093
2400,10.12240784152537,95.79129886506935,3.6689002454988247
2401,9.965493821373014,94.24627791563276,3.2935862394273716
2402,10.22274846968635,94.27551970214087,3.3893029999239763
2403,8.2543586470295,92.60896068271869,3.5218545902853786
2404,6.9538546023610674,89.37986818454164,4.805247499054285
2405,6.9538546023610674,86.12941881366088,8.157915801698817
2406,6.9538546023610674,82.9388855602157,11.225866996650835
2407,6.9538546023610674,93.10964649490712,2.4728036792326975
2408,6.9538546023610674,93.10964649490712,2.4728036792326975
2409,6.9538546023610674,93.10964649490712,2.4728036792326975
2410,6.9538546023610674,93.10964649490712,2.4728036792326975
2411,6.9538546023610674,93.10964649490712,2.4728036792326975
2412,6.9538546023610674,93.10964649490712,2.4728036792326975
2413,6.9538546023610674,93.10964649490712,2.4728036792326975
2414,6.9538546023610674,93.10964649490712,2.4656854102780543
2415,6.9538546023610674,93.10964649490712,2.4589926640295694
2416,6.9538546023610674,93.10964649490712,2.4589926640295694
2417,6.9538546023610674,93.10964649490712,2.4589926640295694
2418,6.9538546023610674,93.10964649490712,2.4589926640295694
2419,6.9538546023610674,93.10964649490712,2.4589926640295694
2420,6.9538546023610674,93.10964649490712,2.4589926640295694
2421,6.9538546023610674,93.10964649490712,2.4524412012341084
2422,6.9538546023610674,93.10964649490712,2.445657798853521
2423,6.9538546023610674,93.10964649490712,2.4386269457182452
2424,6.9538546023610674,93.10964649490712,2.431292140196416
2425,6.9538546023610674,93.10964649490712,2.431292140196416
2426,6.9538546023610674,93.10964649490712,2.431292140196416
2427,6.9538546023610674,93.10964649490712,2.431292140196416
2428,6.9538546023610674,93.10964649490712,2.423294468682611
2429,6.9538546023610674,93.10964649490712,2.415349240916436
2430,6.9538546023610674,93.10964649490712,2.4074559427435025
2431,6.9538546023610674,93.10964649490712,2.399614066708509
2432,6.9538546023610674,93.10964649490712,2.3918231119464655
2433,6.9538546023610674,93.10964649490712,2.3840825840760878
2434,6.9538546023610674,93.10964649490712,2.3763919950951933
2435,6.9538546023610674,93.10964649490712,2.368750863278167
2436,6.9538546023610674,93.10964649490712,2.4394556519451895
2437,6.9538546023610674,93.10964649490712,2.3379496198429908
2438,6.9538546023610674,93.10964649490712,2.2662389148152653
2439,6.9538546023610674,93.10964649490712,2.4204945775335283
2440,6.9538546023610674,93.10964649490712,2.7403169764747117
2441,6.9538546023610674,93.10964649490712,3.453929243416395
2442,6.9538546023610674,93.10964649490712,4.044739140713925
2443,6.9538546023610674,93.10964649490712,4.553017582594971
2444,6.9538546023610674,93.10964649490712,4.998528205212565
2445,6.9538546023610674,93.10964649490712,5.388944001240385
2446,6.9538546023610674,93.10964649490712,5.736840130528976
2447,6.9538546023610674,93.10964649490712,6.058362058276682
2448,6.9538546023610674,93.10964649490712,6.359130619733242
2449,6.9538546023610674,93.10964649490712,6.641184651347551
2450,6.9538546023610674,93.10964649490712,6.904303433593581
2451,6.9538546023610674,93.10964649490712,7.1509448918979555
2452,6.9538546023610674,93.10964649490712,7.378413204742967
2453,6.9538546023610674,93.10964649490712,7.595065241097367
2454,6.9538546023610674,93.10964649490712,7.796713007008896
2455,6.9538546023610674,93.10964649490712,7.986800337806944
2456,6.9538546023610674,84.52666267225884,15.718898495782389
2457,6.9538546023610674,87.74715398442181,12.181864431204566
2458,6.9538546023610674,91.02756141402037,8.799020230865429
2459,6.9538546023610674,94.36788496105453,6.705379378006443
2460,5.237557751852812,96.09835100117786,5.389567017413914
2461,5.237557751852812,99.49941107184924,2.8969395796384814
2462,3.0370119579712087,99.58701224722302,2.7093324891098147
2463,-0.0,99.61432506887053,2.7140108281662685
2464,-0.0,99.61432506887053,2.7140108281662685
2465,-0.0,99.61432506887053,2.7140108281662685
2466,-0.0,99.61432506887053,2.7140108281662685
2467,-0.0,99.61432506887053,2.7140108281662685
2468,-0.0,99.61432506887053,2.7140108281662685
2469,-0.0,99.61432506887053,2.713535190223249
2470,-0.0,99.61432506887053,2.7089459999694747
2471,-0.0,99.61432506887053,2.6959722790260017
2472,-0.0,99.61432506887053,2.6704284990602543
2473,-0.0,99.61432506887053,2.6367683990081914
2474,-0.0,99.61432506887053,2.6014114508511597
2475,-0.0,99.61432506887053,2.5598735783788187
2476,-0.0,99.61432506887053,2.507444055815931
2477,-0.0,99.61432506887053,2.439583385483164
2478,-0.0,99.61432506887053,2.370950156509967
2479,-0.0,99.61432506887053,2.3017794804092193
2480,-0.0,99.61432506887053,2.231752009820128
2481,-0.0,99.61432506887053,2.1561992884546735
2482,-0.0,99.61432506887053,2.0625685399502465
2483,-0.0,99.61432506887053,1.9527171922994728
2484,-0.0,99.61432506887053,1.8315500553740935
2485,-0.0,99.61432506887053,1.703489176470792
2486,-0.0,99.61432506887053,1.5703191213078385
2487,-0.0,99.61432506887053,1.4271442342693017
2488,-0.0,99.61432506887053,1.2709011228373142
2489,1.7263595531412619,99.6078431372549,1.1053518540619234
2490,4.189190988298596,99.5511149724877,1.0740110110343775
2491,6.208061115907181,99.4311377245509,0.9243837289718311
2492,7.971385463025239,99.24172082946457,0.8330724063298922
2493,9.551523848511046,99.10428662827896,0.7362705651519473
2494,12.542057481308383,99.0550397877984,0.6331973039774519
2495,14.69530505446085,98.93470790378007,0.5802689411058148
2496,16.525575105210557,98.73575498575498,0.5466719317366723
2497,18.14202396912635,98.45018450184502,0.5401800835487888
2498,19.59637621224772,98.39449541284404,0.6064221682956701
2499,20.918999527090655,98.3372921615202,0.7426461697334983
2500,23.20368711531416,98.27409081569755,0.968506633133123
2501,25.54465346901167,98.1398332264272,1.4546872769762735
2502,27.439342526709957,97.90878754171301,2.008400424945501
2503,29.076079741686467,97.57000694283731,2.4972566143647312
2504,31.46294043217773,97.29925247166626,2.968643535820054
2505,33.75259099569531,97.10546186760634,3.395125921883217
2506,36.59788304852625,96.9481715338069,3.6565432885091482
2507,38.60286350120488,96.67308221061315,4.129056034894447
2508,40.281711462032575,96.26544096523988,4.366952811387155
2509,41.74344530335918,95.7095709570957,5.76554181510163
2510,43.03964232213192,95.5214531788287,7.35322894744669
2511,44.200512774562206,95.32832407709898,7.735687048163677
2512,45.24586877973115,95.1310861423221,8.032980613413097
2513,46.18965346185971,94.93087557603687,8.442686640042746
2514,47.042161497342605,94.72908219683008,8.836108331249267
2515,47.811257800925034,94.5273631840796,9.27302496356383
2516,48.50310234949773,94.32764775882586,9.647056569095355
2517,49.12260802519416,94.13212966762413,9.993317606184192
2518,49.673743583386944,93.9432443879712,9.970227695941356
2519,50.7752091046459,93.56544733362715,9.800802927349018
2520,51.63324534861663,92.06057824690225,9.854536481273675
2521,52.39099590957642,90.27181688125894,9.242593734357715
2522,53.0571521211934,88.18586258032624,7.231042486154673
2523,53.63835390850015,88.2473173224323,7.479496214362103
2524,54.13975819437685,87.88836229594523,7.196980773040903
2525,54.56540482641484,87.56084369929691,7.106259195400758
2526,55.2243647836049,86.64804469273743,6.94797758417289
2527,56.064982489968784,84.90127758420441,5.352613949511974
2528,56.064982489968784,79.96515679442508,3.294046565903615
2529,56.064982489968784,75.26132404181185,5.896491236565924
2530,56.064982489968784,70.7897793263647,10.399903863930867
2531,56.064982489968784,80.0232288037166,3.360246436698083
2532,56.064982489968784,80.0232288037166,3.8831381864936194
2533,56.064982489968784,80.0232288037166,4.437293739478496
2534,56.064982489968784,80.0232288037166,4.963973877680533
2535,56.064982489968784,80.0232288037166,5.458039472656191
2536,56.064982489968784,80.0232288037166,5.932376596828531
2537,56.064982489968784,80.0232288037166,6.355930419740041
2538,56.064982489968784,80.0232288037166,6.8945197528573
2539,56.064982489968784,80.0232288037166,7.515290503310037
2540,56.064982489968784,80.0232288037166,8.200497557451037
2541,56.064982489968784,80.0232288037166,8.895155800083558
2542,56.064982489968784,80.0232288037166,9.585533081113322
2543,56.064982489968784,80.0232288037166,10.2514306734139
2544,56.064982489968784,80.0232288037166,10.878374684500654
2545,56.064982489968784,80.0232288037166,11.470721196019442
2546,56.064982489968784,70.7897793263647,21.80866583291896
2547,56.064982489968784,75.26132404181185,18.400120720514025
2548,56.064982489968784,79.96515679442508,12.986755735326135
2549,56.064982489968784,84.90127758420441,11.689852131181167
2550,55.2243647836049,86.20111731843575,10.095370140002027
2551,54.23778025734058,87.67416934619507,9.026769952422269
2552,53.07571735270263,88.87179487179488,7.684977526315445
2553,51.68722957372047,89.81390793339862,7.504104410868805
2554,50.658114005878794,90.32562529495044,6.4812215877027395
2555,50.16359525312225,90.60064190738194,6.391226317591144
2556,49.59587563097018,90.89293647267881,6.505088753845129
2557,48.95073205737801,90.81150708458566,6.820960777698983
2558,48.2228434100014,92.5879917184265,6.522457869980272
2559,47.40542204866137,94.10123555201275,5.288945531379421
2560,46.489643271933204,95.36576024511682,4.60653403181915
2561,45.14104072406294,96.04540461369461,4.068656916970765
2562,43.57232936522045,96.53725078698845,3.8603686851098398
2563,41.67464570453887,96.86143572621035,2.841659982791565
2564,38.93395377216371,97.03727301688436,2.7572945916854374
2565,37.00359386200457,97.31952482485532,2.497613206248843
2566,35.50600043993895,97.44793194485186,2.466302681522485
2567,34.819938071060236,97.52630082456639,2.5112378092458973
2568,34.06923303378613,97.60528488852188,2.50730038090206
2569,33.24971538451759,97.68432259781741,2.528271700055899
2570,32.3562869714641,97.76292105939831,2.384252734111676
2571,31.38261682482358,97.84065524944155,2.232948891811997
2572,30.320681878874193,97.91716542973425,2.368627402745475
2573,29.160040889737438,97.99215324255712,2.7567124941128256
2574,27.886614641664615,98.0653769179453,3.225152463390359
2575,26.480464422106877,98.13664596273291,3.775417832025162
2576,24.911262013349365,98.4739121468344,4.397151595132136
2577,23.127320019577645,98.70954933492158,5.077044020389448
2578,21.01951714692887,98.85343015478693,5.773366123330864
2579,19.084128321181872,98.83829866966461,6.4151218139765875
2580,18.583382726730086,98.66891638545182,6.990270918195071
2581,18.85405298790926,98.42283139316561,7.5374096112250655
2582,18.85405298790926,98.10364250844911,8.09921135734451
2583,18.583382726730086,98.10648668916386,8.746990707118373
2584,18.010315806104956,98.16822429906541,9.434885433980405
2585,17.03985483685009,98.15779679940454,10.115644821900243
2586,16.31942750187989,98.12581183893116,10.798274457617456
2587,17.58567168885603,98.63831374743518,11.754345380016257
2588,19.945704631851957,98.8562714449104,12.598133111220204
2589,22.05350750450073,98.7128712871287,13.319071073297755
2590,22.976993685317737,96.62966700302725,13.071041182867521
2591,22.976993685317737,92.73461150353178,10.02985050180853
2592,22.976993685317737,88.92028254288597,8.180152459188324
2593,23.837449498272452,86.81612505141916,6.694552435948553
2594,25.406651907029964,86.2879111490816,7.653314455783662
2595,26.812802126587705,85.65410199556541,8.698479223639115
2596,28.08622837466053,84.90566037735849,9.177322778759784
2597,29.24686936379728,84.22434367541766,9.418810089794801
2598,30.308804309746662,83.69619000494805,10.017644461202998
2599,31.28247445638718,83.16248077908764,10.558011121953733
2600,32.175902869440684,82.62599469496021,11.549825757591416
2601,32.99542051870922,82.08996160175535,12.946392890553552
2602,33.74612555598332,81.55807365439094,14.262095855565278
2603,35.695623447031515,81.04209596702974,14.700054229810844
2604,37.89892810558098,80.44348629504158,15.949801149757427
2605,39.65268616196463,79.71014492753623,17.594509894805455
2606,41.145063222445906,78.82867721305958,18.630132500646084
2607,43.38396267949179,78.00493479027142,19.488297086516187
2608,45.08800916892386,77.13335796084226,20.178617026352832
2609,46.52925242251864,76.09284332688588,19.570796797344777
2610,47.77970104216334,74.86847430190207,19.834357756050483
2611,48.87792541488737,73.446088794926,20.14710237668082
2612,49.84791859188141,72.56285840317601,21.177456489965465
2613,50.100494603629805,68.96551724137932,20.95207314495106
2614,50.100494603629805,64.44245409762651,18.38807156041281
2615,50.100494603629805,60.09852216748769,18.73874355578927
2616,50.100494603629805,55.93372145096283,19.93372689467438
2617,50.100494603629805,67.53246753246754,25.858156132976802
2618,50.100494603629805,67.53246753246754,27.234309036358503
2619,50.55642517367399,65.08521418701059,25.29591111708656
2620,50.948814949064754,62.16343882853094,24.528367702405795
2621,51.27974842432557,59.053597295992276,24.77300891665801
2622,51.82186270934665,56.28415300546448,24.18633004488668
2623,52.31024894692871,53.3401325854156,21.753717849604573
2624,52.49858425341311,49.76744186046512,19.275963318312552
2625,53.07099896512486,46.82203389830509,18.656009839511476
2626,53.95521014087191,44.45054945054945,17.251683334746172
2627,54.702686118562994,42.44318181818182,14.92230202757945
2628,55.328988402740706,39.92974238875878,12.669913114115028
2629,55.84498068377967,38.22115384615385,10.031908936589172
2630,56.25843408895012,37.59213759213759,9.415846890198502
2631,56.394898867739506,35.62152133580705,8.522152508604666
2632,56.27693234546628,32.18884120171674,7.468289827852507
2633,56.09065730457373,28.917120387174833,3.884463929330024
2634,55.834836403117706,25.846702317290553,4.139894707483463
2635,55.680318174181956,29.394473838918284,2.4266734222035313
2636,55.680318174181956,27.983539094650205,3.605172107393491
2637,55.680318174181956,28.101116990005877,4.480219799057662
2638,55.680318174181956,28.63021751910641,5.3800921251219345
2639,55.680318174181956,31.21693121693122,3.7715586015453786
2640,55.24414333001006,31.636784268363215,4.954015681144147
2641,54.66552535669139,32.35127478753541,5.139801572167897
2642,53.92709536023048,33.333333333333336,6.618176910593404
2643,53.00074998691674,35.24986566362171,6.911389904174993
2644,51.83674410983311,37.11608537220198,6.852388664110295
2645,50.327664469557696,38.914027149321264,6.07596851989609
2646,47.96074746859939,40.62953995157385,5.248583218279782
2647,47.319721567169665,42.85040113260972,4.9453608983547515
2648,46.9616440834179,45.62383612662942,5.652994755853465
2649,46.93453679101121,49.02416356877323,5.965076268670545
2650,46.853102473908024,52.125693160813306,6.925137517504707
2651,46.93453679101121,52.41635687732342,6.961105128143991
2652,46.9616440834179,52.513966480446925,6.5122105225162175
2653,46.93453679101121,52.0910780669145,5.943042476964279
2654,46.93453679101121,54.13568773234201,7.14489440045519
2655,46.93453679101121,54.13568773234201,7.333340092909055
2656,47.95735923807469,53.700189753320686,6.1618424966812055
2657,48.39848964517631,51.84287099903007,4.970320503363142
2658,48.75761110293696,49.901185770750985,3.4891369709810216
2659,49.037903044952074,47.89368104312939,2.9945300096456755
2660,49.37329037916512,46.49390243902439,2.7381408296057095
2661,49.95310501979309,47.60665972944849,3.5010435337696797
2662,50.42005834257899,48.460721868365184,4.392219441970521
2663,50.7816249021532,49.13700107874865,5.27549422476938
2664,50.61604557402285,47.00534759358289,6.250782887065768
2665,50.36564081325332,46.40971488912355,8.12655845222977
2666,50.02782846890214,45.638629283489095,8.233504392607564
2667,49.59890978856069,46.74465920651068,8.985847612239318
2668,48.369935567125374,47.58382642998028,8.815890061773747
2669,47.81642122056101,48.84615384615385,9.414381719625567
2670,47.16108492564614,50.046728971962615,9.629743032671104
2671,46.39436361245599,51.539855072463766,9.47307494983076
2672,45.50297096899721,52.933450087565674,8.937532773477418
2673,45.00484555248539,55.18279569892473,7.873211333588448
2674,44.863134046268485,54.58031529612271,8.675427489555142
2675,44.66910060259731,47.959612957509464,12.035808141124765
2676,44.421992936357434,50.72463768115942,11.93478776298527
2677,44.12082647859986,53.392929703372616,10.297381530576896
2678,43.76435931403873,55.94433399602386,8.344523189298952
2679,43.56492144737688,58.86051080550098,6.910215083229363
2680,43.56492144737688,62.90766208251473,6.141860386514947
2681,43.56492144737688,67.11198428290766,6.977907745514486
2682,43.92302494390245,70.46362909672263,10.653738186592513
2683,43.37546243060735,69.79414093428345,11.951617822088949
2684,43.37546243060735,69.79414093428345,13.377343929393811
2685,43.37546243060735,69.79414093428345,14.798256269397918
2686,42.70074869791461,67.08812260536398,13.404401731462174
2687,42.58584665020187,65.59546313799622,13.543611310901229
2688,43.2944420056313,64.78715459297983,13.320538678173325
2689,44.48096165359207,65.37302185380558,15.17606390077704
2690,43.68673647218891,63.58635863586358,15.793936017394406
2691,42.97406832952731,62.20699603317706,15.805193094268166
2692,43.343169244454224,53.55694802801327,14.355423534438257
2693,43.66050050418165,54.904171364148816,16.65467519413918
2694,43.92720654195787,64.38670233091327,20.50990332542235
2695,44.04187336640322,66.39722863741339,24.7053047753572
2696,43.80011881572685,62.4715693707354,23.206439349717545
2697,43.50822923270988,58.63737900223381,22.976980239574043
2698,43.769423262195666,56.03127326880119,22.860100082148424
2699,43.95868687201024,53.417533432392275,21.34238408561747
2700,43.52704480651738,49.81884057971015,19.91407570105796
2701,43.03911608880471,46.403385049365305,19.43288799143392
2702,42.77339033934865,44.10844629822732,19.49757741527856
2703,42.77339033934865,42.33576642335766,17.891515226998386
2704,42.77339033934865,40.70212026416406,17.54675307245759
2705,42.77339033934865,39.48557525199861,16.141070684669447
2706,42.77339033934865,40.21550225929788,18.42735654051918
2707,42.4927583063971,38.52739726027397,16.895054056947966
2708,41.885405104049305,37.35059760956175,17.071474306778374
2709,41.82800170753341,36.62618969478175,17.777149808314306
2710,42.24184262719808,36.59504132231405,18.731219194694628
2711,42.89453711867642,35.84714237402773,19.421574215899163
2712,43.83009832161347,34.083714386211746,21.741217953171184
2713,44.26302518058641,26.138400860523486,19.949014568013922
2714,44.26302518058641,26.138400860523486,20.631138725511594
2715,44.26302518058641,26.42524202223019,21.778015988148272
2716,45.15486633154042,27.102460521483657,23.390134346404306
2717,44.73691040115382,27.172312223858615,24.231628012632495
2718,45.19286207378202,27.333333333333332,25.04470301461037
2719,45.41272528685618,27.41456166419019,25.63732184695902
2720,44.87639853792842,26.836363636363636,26.32073666707517
2721,44.188639126057595,26.226012793176974,25.84025761543221
2722,42.797126250492354,25.067934782608695,23.69404077469711
2723,42.023939942969434,24.236387782204517,24.344549000406822
2724,43.60293916989114,23.613473970738347,22.109301909627458
2725,45.766215990396375,22.329403358342265,19.06727664156271
2726,46.87026328530516,20.887728459530027,16.90841790588782
2727,47.85720395821225,19.40879035394788,12.809265573010908
2728,48.74088925214359,17.901984609153505,12.017069344541747
2729,49.531513764621515,16.378947368421052,11.258823487245028
2730,49.531513764621515,14.694736842105263,11.263232274027299
2731,49.531513764621515,12.842105263157896,9.78529599728197
2732,49.531513764621515,11.115789473684211,
2733,49.531513764621515,13.263157894736842,9.221520788518042
2734,49.531513764621515,13.263157894736842,8.935847369758424
2735,50.01132732026783,12.516129032258064,7.790369203875532
2736,50.88923907836319,11.026445540116539,
2737,51.667550783318546,9.883449883449883,
2738,52.35500277257496,8.466376390904692,
2739,52.66681108849447,7.434761201378631,
2740,52.66681108849447,7.0901033973412115,
2741,52.66681108849447,7.58247168882324,
2742,52.66681108849447,7.730182176267848,
2743,52.02217582160431,9.358669833729216,
2744,52.36755747342574,9.985666507405638,
2745,53.609235483314365,10.87719298245614,
2746,54.49640354412429,11.343439623627809,
2747,55.09685391179323,11.748781808337846,2.882917838396074
2748,55.08885272429686,11.857923497267759,2.9170484309321267
2749,54.90849024881638,11.780673181324648,3.065210781241647
2750,54.969716599767324,14.012041598248494,2.7133296961538207
2751,54.760089890230354,14.65002712967987,3.3145937143062403
2752,54.44146798430454,16.443492233529728,4.640472009722667
2753,53.87362422611547,17.52738654147105,5.891645791641358
2754,53.05820336775845,16.658304064224787,7.185404553019409
2755,52.6054933378268,16.420845624385446,8.80679635669519
2756,53.48031216437212,16.68372569089048,10.549699505228249
2757,54.23966494962161,17.800212539851223,12.235682003580784
2758,54.894953578891915,18.536853685368538,14.684343466416415
2759,54.330174765152385,20.217391304347824,16.76722094081679
2760,54.82691930463333,22.986577181208055,13.216329729501366
2761,55.14133191804697,23.308698123934054,16.462697284426966
2762,55.69484626461134,23.90158172231986,18.44328151104747
2763,55.72545189501221,21.64222873900293,23.209070315885512
2764,55.63347270945415,20.1052016364699,29.776283722940935
2765,55.4169241474378,21.333333333333332,29.496362910927374
2766,55.07091380527518,23.068116771608473,27.33656335539779
2767,54.58691863686184,24.873382104670792,29.38722012863238
2768,54.79341200681449,27.55276668568169,24.642772109773283
2769,54.930312038404104,30.397236614853195,17.34354165818371
2770,54.87347322864833,30.23522662076879,21.480147863085147
2771,54.74039943750664,32.89698349459306,23.575217168203412
2772,54.529988767075345,35.24451939291737,27.57388691837838
2773,54.24044361633538,37.7003869541183,29.04528681983412
2774,54.179232355533635,41.221794166208035,26.663292598216394
2775,54.056485245219285,44.735406437534095,23.951232859045938
2776,53.871542650989944,47.7652127086699,23.862634045759325
2777,53.871542650989944,51.91168551427033,24.1622933383094
2778,53.871542650989944,55.9504577275175,22.51872663052752
2779,53.871542650989944,60.635433494884225,22.520100067784277
2780,53.755445198052044,65.01068376068376,22.611423743092537
2781,53.47518289030355,68.76310272536688,18.590878516519858
2782,53.06961064680693,72.100153295861,17.87589478883435
2783,52.67878698867495,75.4359740906826,15.690559416696768
2784,51.25621980940227,77.00712589073635,13.795230657435862
2785,49.242777854573646,78.26479891549933,12.895942069465766
2786,47.736958245067676,65.85903083700441,26.996808551867804
2787,47.736958245067676,70.39647577092511,22.876186061934874
2788,47.736958245067676,75.1101321585903,19.15865037514612
2789,47.736958245067676,80.0,13.520802434202526
2790,47.489434636049246,82.97872340425532,13.001952387368814
2791,46.94303837077434,83.91578947368421,13.294420725243535
2792,46.325187445526126,85.21384928716904,11.976117998626362
2793,45.63154497787551,87.25914274478961,10.354183069917413
2794,44.8566868250555,89.04888215233044,8.422630578977957
2795,43.99373178582101,90.59423988333941,6.737453650607328
2796,43.275772229030615,90.60190073917634,6.989423832913609
2797,42.48130209646384,92.12758737699355,6.701587697060331
2798,41.604120492540666,93.2375040836328,6.69184095818205
2799,40.636324881978105,94.40779139176877,5.635454925091656
2800,39.61184701540989,94.92600422832982,5.512761518758763
2801,38.48019358631081,95.79344357412242,4.802462666347958
2802,37.22482173174249,96.49122807017544,4.64327630204589
2803,35.82149193601267,97.03446433342239,3.6150453575413684
2804,34.2314071039531,97.43786830643096,3.4314922544456152
2805,32.205747761562606,97.66756690400196,3.408926456255956
2806,29.340244269398973,97.78875558692073,3.430413131685726
2807,28.173087601049186,97.8679972782944,3.4783918726370104
2808,26.893285060013465,97.94535519125684,3.4740332581608073
2809,25.480892094757746,98.02063592335229,3.4699897643693967
2810,23.905575007969126,98.35733117014804,3.340423762905784
2811,22.115641254720575,98.59402460456943,3.2548173052017693
2812,20.001964696468463,98.74036473021245,3.1423280334223658
2813,17.05026530492479,98.8054298642534,2.902617775801373
2814,15.090258028539147,98.97015185896316,2.741281900488967
2815,12.685250517465018,99.05739774448746,3.013274240223353
2816,11.254744944707303,99.08809640123758,3.034165452439193
2817,9.679905889030268,99.22822491730982,3.0401710319480864
2818,7.921788301071481,99.42117288651941,3.0515537082166486
2819,5.908035540662013,99.54337899543378,3.077781018657357
2820,3.4502350984670764,99.6011964107677,3.0582954699552247
2821,-0.0,99.61432506887053,3.08500755707307
2822,-0.0,99.61432506887053,3.108730947994879
2823,-0.0,99.61432506887053,3.127662365622278
2824,-0.0,99.61432506887053,3.1375352335146585
2825,-0.0,99.61432506887053,3.1436818121825696
2826,-0.0,99.61432506887053,3.1456395549211504
2827,-0.0,99.61432506887053,3.145592986406592
2828,-0.0,99.61432506887053,3.145387175490585
2829,1.7263595531412619,99.6078431372549,3.151209568826004
2830,4.189190988298596,99.5511149724877,3.219564721132275
2831,6.208061115907181,99.4311377245509,3.258774734559099
2832,7.115975381672694,97.6103500761035,3.5355869336519388
2833,7.115975381672694,94.18569254185692,5.505325499704674
2834,7.115975381672694,90.82191780821918,7.276585793574241
2835,7.115975381672694,87.51902587519025,11.349646847459159
2836,7.115975381672694,98.06697108066972,1.8043480101275238
2837,7.115975381672694,98.06697108066972,1.6817851990740793
2838,7.115975381672694,98.06697108066972,1.5506684274069493
2839,7.115975381672694,98.06697108066972,1.4072388808896912
2840,7.115975381672694,98.06697108066972,1.2488128875221356
2841,7.115975381672694,98.06697108066972,1.0895626933260243
2842,7.115975381672694,98.06697108066972,0.9208863022347518
2843,7.115975381672694,98.06697108066972,1.0944314136659306
2844,7.115975381672694,98.06697108066972,1.9618673241338576
2845,7.115975381672694,98.06697108066972,3.21244073070512
2846,7.115975381672694,98.06697108066972,3.3462923613531355
2847,7.115975381672694,98.06697108066972,3.5020194681205186
2848,7.115975381672694,98.06697108066972,3.6892464901810875
2849,7.115975381672694,98.06697108066972,3.927086213351867
2850,7.115975381672694,98.06697108066972,4.224676061894428
2851,7.115975381672694,98.06697108066972,4.603188531870719
2852,7.971385463025239,97.95728876508821,5.210608403037316
2853,9.551523848511046,97.680742162508,6.18354743185001
2854,10.987424673037834,97.32231404958678,7.454804147197274
2855,12.303488665441556,96.85792349726776,7.704544000353745
2856,13.516430700908893,96.41975308641975,7.253513619919397
2857,16.473835142443093,96.26510435737825,7.64882404843524
2858,18.593328077480496,96.0281261877613,8.04229406986736
2859,20.389193965764203,95.70019723865877,8.269154565963412
2860,21.97056364727433,95.27220630372493,8.238970070243113
2861,23.389134660742467,95.09554140127389,8.497698413966253
2862,24.58622972056152,94.58864936207655,8.467215561487727
2863,24.58622972056152,90.51913770347558,6.769910619301761
2864,24.58622972056152,86.53761548614166,3.7226212574543385
2865,24.58622972056152,82.6440827100748,4.547732472305442
2866,24.58622972056152,91.53101627804664,7.9901422229082515
2867,24.58622972056152,91.53101627804664,8.390631247839455
2868,25.1033194568002,91.07182814947416,8.285476832270374
2869,26.076191919774004,90.04859986114326,7.019522320885799
2870,26.973091460919896,88.87825878976321,6.435572623695933
2871,27.799730325839878,87.52778463818227,5.322379403478689
2872,27.799730325839878,83.50209928377377,5.038376470013186
2873,27.799730325839878,79.42701901704125,5.515462256529399
2874,27.799730325839878,75.45072857495678,11.40377188034313
2875,27.799730325839878,82.85996542356138,5.722744545577834
2876,27.799730325839878,82.85996542356138,6.109372486735187
2877,27.799730325839878,82.85996542356138,6.468738124530533
2878,27.799730325839878,82.85996542356138,6.799433800101633
2879,27.799730325839878,82.85996542356138,7.111329226766283
2880,27.799730325839878,82.85996542356138,7.393748718374192
2881,27.799730325839878,82.85996542356138,7.6532119511662655
2882,27.799730325839878,82.85996542356138,7.8924110024808325
2883,27.799730325839878,82.85996542356138,8.1144351472353
2884,27.799730325839878,82.85996542356138,8.306913510913388
2885,27.799730325839878,82.85996542356138,8.481954041767453
2886,27.799730325839878,75.62361076809088,15.548358441096852
2887,27.799730325839878,79.55050629785133,10.340250449954464
2888,27.799730325839878,83.57619165225982,8.689711957758645
2889,27.799730325839878,87.40429735737219,4.335925801963313
2890,26.973091460919896,88.78258789763214,2.7778791915942103
2891,26.076191919774004,90.00231427910207,2.3837034070539667
2892,25.1033194568002,91.04945177892147,2.1259184968629476
2893,25.1033194568002,91.04945177892147,2.3349741225976928
2894,25.1033194568002,91.04945177892147,2.6365915770980486
2895,25.1033194568002,91.04945177892147,2.9727675068436255
2896,25.1033194568002,91.04945177892147,3.3058405132645894
2897,25.1033194568002,91.04945177892147,3.6038330363153697
2898,25.1033194568002,91.04945177892147,3.8604162308451184
2899,25.1033194568002,91.04945177892147,4.087411384049628
2900,25.1033194568002,91.04945177892147,4.106336662521927
2901,25.1033194568002,91.04945177892147,4.0861325957448535
2902,25.1033194568002,91.04945177892147,4.0664351721781
2903,25.1033194568002,91.04945177892147,4.052083277437319
2904,25.1033194568002,91.04945177892147,4.097325773664858
2905,25.1033194568002,91.04945177892147,5.320537660467516
2906,25.1033194568002,91.04945177892147,6.310351460337608
2907,25.1033194568002,91.04945177892147,6.327454941878967
2908,25.1033194568002,91.04945177892147,6.310860127499983
2909,25.1033194568002,82.30029089281719,10.43835258488591
2910,25.1033194568002,86.17140299843365,8.110712941118743
2911,25.1033194568002,90.13202058626091,6.133409748726998
2912,25.1033194568002,94.02550906243007,5.691806019998851
2913,24.047326896621453,94.72432432432433,6.042402419144205
2914,22.89905823909713,95.46878262685321,6.431551801284765
2915,21.646415436430587,96.0894980850635,6.776705459979517
2916,21.94499171792611,96.52846657409245,7.089909957957181
2917,22.897244686305037,96.61758853959411,7.747490249079838
2918,23.38578352444559,96.47129186602871,7.306491163608228
2919,23.478424230170102,96.50977263661747,7.45461691576461
2920,21.682558341886395,92.95044179792546,5.718495662675197
2921,20.34563996081703,91.12994350282486,5.338092861142522
2922,18.85405298790926,90.8561772437101,5.176287718625674
2923,19.405791811172783,90.62619320351278,5.163969818694551
2924,19.405791811172783,86.90339824360443,6.845052215328388
2925,19.405791811172783,74.53226422298587,17.356288546853882
2926,19.405791811172783,74.53226422298587,17.739822056594225
2927,19.405791811172783,87.0561282932417,5.933593812860467
2928,19.405791811172783,90.77892325315005,1.4399225361171886
2929,17.708167467037534,91.20029455081001,1.4005659961926147
2930,15.753811160270553,91.53354632587859,1.1740273186830936
2931,13.35434947684245,91.78644763860369,1.1174612827197392
2932,11.659258326629562,91.8850806451613,1.0115901787831887
2933,11.659258326629562,91.8850806451613,0.9699565124975689
2934,11.659258326629562,91.8850806451613,0.9086495463136584
2935,11.659258326629562,91.8850806451613,0.831611937034264
2936,11.659258326629562,91.8850806451613,0.7476049078340771
2937,11.659258326629562,91.8850806451613,0.6598475159792178
2938,11.659258326629562,91.8850806451613,0.5746265337437149
2939,11.659258326629562,91.8850806451613,0.5040142311878254
2940,11.659258326629562,91.8850806451613,0.47063688944909404
2941,11.659258326629562,91.8850806451613,0.5124436432850655
2942,11.659258326629562,91.8850806451613,0.639549912561674
2943,11.659258326629562,91.8850806451613,0.8452510430952188
2944,11.659258326629562,91.8850806451613,1.0925279124243388
2945,11.659258326629562,91.8850806451613,1.344746662197342
2946,11.659258326629562,91.8850806451613,1.6657745658972571
2947,11.659258326629562,91.8850806451613,2.124067388814987
2948,11.659258326629562,91.8850806451613,2.718548852499749
2949,11.659258326629562,91.8850806451613,3.4505248406836446
2950,11.659258326629562,91.8850806451613,4.639473437549944
2951,13.35434947684245,91.78644763860369,6.096428050056467
2952,15.753811160270553,91.53354632587859,7.8408445415409895
2953,17.708167467037534,91.20029455081001,9.144325929529947
2954,19.405791811172783,90.77892325315005,10.142089908774835
2955,20.918999527090655,90.41963578780681,10.449273163581058
2956,22.28669197794863,90.19286007386131,10.421760025082234
2957,23.533220102584064,89.96598639455782,9.9247908881773
2958,24.67524601441041,89.74020255394099,9.876919909615635
2959,25.724862281626258,89.51686417502279,9.901901758633787
2960,27.858982026020602,89.25189393939394,9.8998860453246
2961,30.14863258953818,88.8641975308642,9.834686613066888
2962,31.9908765076019,88.36251287332647,9.626920744757495
2963,33.57398836937837,87.73483628556092,9.07778021415863
2964,34.97017815784024,87.19239373601789,8.887414985024185
2965,36.218234768514705,86.83750728013977,8.940659107330461
2966,37.22548674922204,85.96491228070175,8.742703825611732
2967,38.029379089432176,84.4298245614035,8.879373654107658
2968,38.76071852212078,82.69604666234608,8.03609961877846
2969,39.4240386042776,80.75635876840695,7.592338946924692
2970,39.4240386042776,76.23828647925033,10.069182574439948
2971,39.4240386042776,71.85408299866131,13.92422074439281
2972,39.4240386042776,67.60374832663989,17.61304284040097
2973,39.4240386042776,67.60374832663989,17.857481440998257
2974,39.4240386042776,71.85408299866131,14.212295988585911
2975,39.4240386042776,75.97054886211512,10.097644864246254
2976,39.4240386042776,80.48862115127176,5.841045814442464
2977,38.294972510700006,81.74807197943444,5.178903523111385
2978,37.02975329245691,82.58323057953145,4.811320267181516
2979,35.598212578847445,83.51063829787235,4.2487054566370155
2980,34.80540854892066,86.11512872432745,4.406234419112967
2981,34.80540854892066,90.59878507376338,8.881563746735623
2982,33.013173392848316,91.18869492934331,10.215406842214115
2983,30.772360362687845,91.64234544972142,12.036212075410512
2984,29.508924840518368,91.06483921982077,12.518212622984326
2985,30.17130447320342,89.41368078175896,11.638683234808562
2986,31.25513757806104,88.30985915492958,11.593028887232652
2987,32.056834769399,86.70352051207449,10.036042968208589
2988,32.056834769399,82.3101542042479,8.335465376221668
2989,32.056834769399,78.03316846086703,7.243456705812446
2990,32.056834769399,73.87256328193192,5.8481529474259775
2991,32.056834769399,82.6592958975851,8.769426223924647
2992,32.056834769399,82.6592958975851,8.86321243911591
2993,32.056834769399,82.6592958975851,8.962154390284994
2994,32.056834769399,82.6592958975851,9.063761220365176
2995,32.056834769399,82.6592958975851,9.17245266778336
2996,33.64775886274505,82.26718238619459,9.199077368652999
2997,35.835373421217525,81.36858475894246,8.788468394715773
2998,37.57301721882547,80.30549236269093,8.522678078710166
2999,39.0488322886049,79.06345436036648,8.124637748250471
3000,39.71269760324481,76.01386481802426,8.925136689199315
3001,39.71269760324481,71.40381282495667,12.279655228195008
3002,39.71269760324481,66.93240901213171,16.475995083512505
3003,39.71269760324481,62.599653379549395,20.535828586000225
3004,39.71269760324481,71.57712305025997,14.486972397431304
3005,39.71269760324481,71.57712305025997,15.272651012169437
3006,39.71269760324481,71.57712305025997,16.033426070620003
3007,39.71269760324481,71.57712305025997,16.789634668906825
3008,39.71269760324481,64.95667244367418,24.535841930443166
3009,39.71269760324481,69.04679376083189,19.818229550883114
3010,39.71269760324481,73.58752166377816,16.72646097575438
3011,39.71269760324481,78.26689774696708,11.316894041731256
3012,39.1663398208372,79.62276860895925,10.47454625457332
3013,38.55898661848941,80.95393662201894,10.35245524546758
3014,37.88755495859417,82.25245175577349,9.878932828108399
3015,37.14831885624727,83.5117773019272,10.42609931403777
3016,36.336733660057625,84.72673559822748,9.963189637742893
3017,35.447184760575986,86.26389284696495,8.322130389363858
3018,34.47261591739166,87.61329305135952,7.2920190102256415
3019,33.40395596457837,88.7860354403597,5.851681373074148
3020,32.22918612236539,89.7938406719267,5.498280649819762
3021,31.132791779622327,90.31150355653666,4.4236789581056195
3022,29.930918149199183,90.81030002362391,4.063234875884324
3023,28.606944103137998,91.58517170798271,3.7371087000877834
3024,27.13655716102735,92.23024731888816,3.799749018038991
3025,25.480892094757746,92.75636976205517,3.9713674500486023
3026,23.567667565117944,93.17399230301803,4.188648034992566
3027,22.193983354783136,93.78542114520226,4.269733229291303
3028,20.67490195326193,94.28840716305372,3.787074305778344
3029,18.971517433612146,94.69187420469005,3.8055105509608245
3030,18.030577690984167,94.84112816851125,3.9016059337038214
3031,18.030577690984167,94.84112816851125,4.016847907525077
3032,18.030577690984167,94.84112816851125,4.108652901735519
3033,18.030577690984167,94.84112816851125,4.094214533029895
3034,18.030577690984167,94.84112816851125,3.9959807808089973
3035,18.030577690984167,94.84112816851125,3.967583843402904
3036,18.030577690984167,94.84112816851125,4.181611387467744
3037,18.030577690984167,94.84112816851125,4.395811911522152
3038,18.030577690984167,94.84112816851125,4.5878211438787435
3039,18.030577690984167,94.84112816851125,4.770861243153586
3040,18.030577690984167,94.84112816851125,4.960286706391472
3041,18.030577690984167,86.36201356658336,11.14579041003973
3042,18.030577690984167,89.95001785076758,8.089309395642065
3043,18.030577690984167,93.60942520528383,6.073208329712833
3044,18.030577690984167,97.3402356301321,3.2649710592845564
3045,15.888370655869394,97.52151462994837,3.3250199638566444
3046,13.477868434403595,97.6593625498008,3.345890822293172
3047,10.487334801606254,97.75784753363229,3.377244302657541
3048,10.487334801606254,97.75784753363229,3.4197964451714813
3049,12.908676801725191,97.6269498838367,3.471490683653593
3050,14.885322521102173,97.42090784044017,3.5418118335781523
3051,16.60566096531479,97.13216957605985,3.5857037741672837
3052,18.14202396912635,96.90036900369003,3.7479521002418736
3053,19.533330376884944,87.10355368742836,11.485225356400234
3054,20.80394966878497,90.625,7.509875892784742
3055,23.065685553332454,94.31444991789819,5.250439860545002
3056,25.406651907029964,98.14181973515592,1.8104610617174794
3057,25.74455934988114,98.267750213858,1.7682661499172139
3058,25.63462774334406,98.22573749465583,1.7133035550392994
3059,25.040032586613155,98.18686006825939,1.6689636371688408
3060,23.485399778342607,98.21504462388441,1.6302187131560615
3061,24.71950710906764,98.14977973568281,1.5968611884627832
3062,25.84884791529887,98.08306709265176,1.6024684581368718
3063,26.885503270763017,98.01512287334593,1.6214384126905639
3064,27.838611075601072,97.94621026894866,1.6361503683015624
3065,28.715299177414277,97.87664307381193,1.6499666747597819
3066,29.52125915262238,97.80678851174935,1.641781482331094
3067,30.261118528588533,97.73706896551724,1.6320701126506765
3068,30.938692696697697,97.66796224319822,1.6720686615933364
3069,31.55716133707945,97.6,1.6921431103199607
3070,32.119195487130966,97.53376394597768,1.7492441611931857
3071,32.62705119959675,97.46987951807229,1.7795311640402667
3072,33.08263989762379,97.40900678593461,1.8137707474497071
3073,33.487582042768736,97.35182849936949,1.840638324917034
3074,33.843248566274525,97.29903536977491,1.875677957780991
3075,34.150793126946304,97.25130890052355,1.9161492860796903
3076,34.411177344882084,97.20930232558139,1.9729011551692675
3077,34.62519054185906,97.1736204576043,2.0042654621117055
3078,34.79346509009492,97.14479945615227,2.018391887120067
3079,34.91648816577998,97.12328767123287,2.0319370008759567
3080,34.994610480505656,97.10942876806607,2.0141466442464004
3081,35.028052395194756,97.10344827586206,1.9402989458001507
3082,35.01690768888975,97.10544452101999,1.8260393837943396
3083,34.96114514572169,97.11538461538461,1.7063509232625098
3084,34.86060802778003,97.13310580204778,1.57885697421544
3085,34.715011411458846,97.15832205683355,1.4978596048527122
3086,34.52393727290985,97.19063545150502,1.436475735975294
3087,34.286827106996284,97.22955145118733,1.3860125348562973
3088,34.00297174488724,97.2744970798183,1.2369657393350715
3089,33.67149788695652,97.32484076433121,1.363761998607089
3090,33.29135067451731,97.37991266375546,1.5709487701264626
3091,32.86127136377411,97.4390243902439,1.8586929666071463
3092,32.37976880459264,97.50148720999405,2.1613081049393092
3093,31.845082913152172,97.56662804171495,2.4669965135350727
3094,31.255137578061042,97.63380281690141,2.776322891363942
3095,30.607479317375308,97.70240700218818,3.0774591576960617
3096,31.512627769716712,97.72234273318873,3.4069114883410205
3097,32.99542051870922,97.6138233680746,3.743290364461419
3098,34.73587944731185,97.50554323725055,4.050406814757689
3099,36.10468613525031,97.39787353105764,4.41895772578567
3100,37.719053393127396,97.29119638826185,4.797704652495803
3101,37.719053393127396,96.47291196388262,4.056884407394345
3102,37.719053393127396,95.76749435665914,4.163891211936566
3103,38.420838737315876,95.55240793201133,4.329117939499512
3104,39.35010373696331,95.66704675028507,4.728456305768076
3105,39.93536976629189,96.07787002576582,5.287302630867232
3106,40.24168770266855,96.29842180774749,5.775387329115135
3107,41.177498655763756,96.51998849582974,6.29730084278052
3108,39.60858230147314,92.42632883503167,3.2122443483665584
3109,39.36689064185062,90.17325392528424,2.291414756997139
3110,39.650115748650066,89.79924036896365,1.6508871198154915
3111,39.587069913287294,89.28958785249458,1.5606023823576374
3112,40.3152564405661,89.33803581117743,1.694394662370535
3113,41.45363970592291,89.53235454051115,1.8602360294286424
3114,41.71089435423624,89.5810663764962,1.986835948888719
3115,40.70784621946901,89.43508962520369,2.170205812494464
3116,42.28390258102758,88.82586500283608,2.1178140392573095
3117,43.67286580614382,88.30669034931913,2.0562925726735313
3118,44.913516288712835,87.98641136504015,1.9166777542448648
3119,46.03007557417973,87.66902768834514,1.9951465172873468
3120,47.03906715434972,87.35747820254862,2.464325088205422
3121,47.95243484480877,87.05512909979065,3.2008741645239294
3122,48.77916890663449,86.76577229876722,3.9728830851642436
3123,49.526238089323115,86.49360421369451,4.85347973487846
3124,50.19916218974989,86.24318004676539,5.695402903832338
3125,50.80238288370946,86.01933924254634,6.323361993048797
3126,51.339514051541954,85.82709891936824,7.36914719854749
3127,51.81351638395368,85.67151411462788,8.138443380479394
3128,52.22682235827061,85.55750658472344,8.93146801232446
3129,52.58142747978353,85.48966756513926,9.590519198040093
3130,52.87895783294244,85.47204399633364,10.555786373874493
3131,53.12072048104355,85.50792171481827,11.620026501515865
3132,53.30774106863585,85.59962228517469,12.966602844947436
3133,53.44079156970763,85.7483317445186,14.084820653653386
3134,54.36693191335766,85.58162267839687,14.745919016741931
3135,55.524164944142115,84.56852791878173,13.959944151242688
3136,56.88919641308281,83.55297838692672,13.904148045800863
3137,58.28860866734087,82.7661909989023,14.160072026476067
3138,58.873714981911164,80.98194130925508,13.850331949263897
3139,59.35352117641423,78.95953757225433,12.757490938185814
3140,59.73471065232574,76.70990566037736,10.123261811935329
3141,60.02210030975789,74.25149700598803,7.584776287794923
3142,60.21906640677206,72.63922518159806,6.5332053450261895
3143,60.32780692514663,71.13276492082827,6.241495353125051
3144,60.7369889226557,69.81481481481481,6.133435391262356
3145,61.66903857208301,68.73417721518987,6.3002089411488305
3146,63.41384007634334,67.98959011060508,7.341201428252275
3147,64.8701152021272,67.33466933867736,8.423321339707222
3148,65.59040428125104,66.3716814159292,8.959382067123448
3149,66.75816724188462,65.19641626464507,10.801942889098207
3150,66.75816724188462,63.47346657477602,11.407149405242537
3151,66.75816724188462,62.02618883528601,12.460096992836508
3152,66.75816724188462,60.85458304617505,13.373315889417182
3153,66.75816724188462,61.40592694693315,13.523501018078127
3154,66.75816724188462,62.71536871123363,12.662714931711383
3155,66.75816724188462,64.30048242591316,13.175153147352527
3156,66.75816724188462,66.16126809097175,10.514450697595649
3157,66.2412103589904,67.27766463000678,10.165906555953242
3158,65.49181165396833,68.26347305389221,9.09839060296736
3159,65.56494252313327,71.14228456913828,6.921243380014884
3160,65.54059275054983,73.91594396264176,4.734199078314304
3161,64.581263159345,74.90272373540856,4.507995507831749
3162,63.52940261258555,75.84905660377359,4.2374980987755615
3163,62.1258319242086,76.60996354799514,3.5133632890650417
3164,61.35927852820333,76.9689737470167,3.3543635700128207
3165,60.45751654956691,76.74003569303986,3.5487915030424966
3166,61.41991574031705,78.37181044957472,3.4587613065863327
3167,62.04756411371638,79.62962962962963,4.1271647820535255
3168,61.44857853742594,78.22922983626441,3.4037406478935868
3169,61.44857853742594,78.22922983626441,3.372274888331009
3170,60.09558913375419,75.08731082654249,5.331099715698567
3171,59.562479541094525,72.88135593220339,6.634580227808696
3172,58.93256687025039,70.49180327868852,8.07072507634911
3173,57.268288702317285,67.1875,11.530366390091885
3174,57.268288702317285,79.21875,4.321369662367367
3175,57.268288702317285,79.21875,4.383386863422401
3176,57.268288702317285,79.21875,4.447029727802368
3177,57.268288702317285,79.21875,4.6960350346440975
3178,57.268288702317285,79.21875,5.250675467730314
3179,57.268288702317285,79.21875,6.008904172075518
3180,57.268288702317285,79.21875,6.787577052099288
3181,57.268288702317285,79.21875,7.610864710359914
3182,57.268288702317285,79.21875,8.323416780776004
3183,57.268288702317285,79.21875,8.974078509889743
3184,57.268288702317285,79.21875,9.562961060224403
3185,57.268288702317285,79.21875,10.169427382429557
3186,57.268288702317285,79.21875,10.772782931741492
3187,57.268288702317285,79.21875,11.308302290464697
3188,57.268288702317285,79.21875,11.791648581477968
3189,58.154176062826835,78.65528281750267,11.295107664615607
3190,59.62929942723171,77.2930648769575,11.069695637200818
3191,60.833228100499284,66.66666666666667,3.964706540487924
3192,61.83732291553142,69.02439024390245,4.508864722075436
3193,62.67942728932977,72.24334600760456,5.774610472041232
3194,63.3827144285476,76.0498687664042,9.774027122993562
3195,63.31856675526416,76.62082514734774,11.324012750531017
3196,63.72922585989682,76.12231620039037,10.701484925957693
3197,62.17365857607167,72.62569832402235,7.869486445530133
3198,60.992333743899565,68.96962477665276,5.5261662367770334
3199,60.620548528884974,66.49122807017544,3.0635031684842846
3200,60.620548528884974,65.49707602339181,2.28380321854142
3201,60.21711962162244,64.2570281124498,1.8652138820445598
3202,60.64678477740203,64.55331412103746,1.783160916085947
3203,60.64678477740203,64.55331412103746,1.7364389089175118
3204,60.64678477740203,64.55331412103746,1.7038750142454009
3205,59.03515893860445,63.81766381766382,2.317449506988093
3206,57.3237087526225,63.40640809443508,2.3497277258532008
3207,56.86775707999432,63.899721448467965,2.160267359714513
3208,56.05920274151601,64.28571428571429,2.28513084876911
3209,54.84636454576008,64.5979492714517,2.945909126660041
3210,55.13375420319223,64.09414340448824,3.009354435029676
3211,55.3307203002064,63.73687119955777,3.287797264929376
3212,55.43946081858097,63.53529738743747,3.7205516052569023
3213,55.46115113972589,63.49471341124096,4.105843594074308
3214,56.13370470807204,63.23198198198198,4.354732397216412
3215,57.208028423523174,62.55760368663594,4.804935782641434
3216,57.98518031009154,61.79577464788732,5.535505144849672
3217,58.28509527600269,60.5558840922531,6.053715573266456
3218,58.28509527600269,59.07746895328208,5.5464193594949105
3219,58.28509527600269,57.83560023654642,7.24677644445537
3220,58.28509527600269,56.83027794204612,7.782824811890993
3221,58.28509527600269,57.30337078651685,7.656782336184302
3222,58.28509527600269,58.42696629213483,6.84607578920485
3223,58.28509527600269,59.78710821998817,6.235785183746436
3224,58.28509527600269,61.383796570076875,6.3691828807024935
3225,57.29042983385395,61.971014492753625,6.067334310767706
3226,55.238445452183036,62.408140192198985,5.660771649898625
3227,53.70591546205965,62.97520661157025,5.731940478072813
3228,52.43101259289741,64.42151004888647,5.762523895253837
3229,52.43101259289741,66.97447039652363,4.9958287147484235
3230,52.43101259289741,69.74470396523628,5.302064351448163
3231,52.70054122561625,69.98341625207297,5.715307818179662
3232,52.90118492387147,70.36414565826331,6.284921984948628
3233,54.369993038686935,70.35118019573979,6.70604277742527
3234,56.152229506702035,69.72972972972973,6.778417485292273
3235,57.468369168463184,68.95690193628982,7.30074002772498
3236,58.505157530917415,68.02588996763754,8.838675322539663
3237,59.333066571879854,67.46826987307949,9.739566342220268
3238,59.6808789309387,65.98915989159892,11.513752891594686
3239,59.62017731286876,62.955465587044536,13.556385288171874
3240,59.47799161277247,59.893048128342244,15.876546137164933
3241,59.252974320550386,56.851119894598156,19.62319962546973
3242,58.9429151577455,64.72868217054264,16.968031950846456
3243,58.54460210780492,65.82597730138714,16.544095240040328
3244,58.053599317093955,67.0343137254902,16.119133709758486
3245,57.463898883993714,68.32740213523131,14.728612602769436
3246,56.76736661947142,70.4233409610984,12.916102488143327
3247,55.95282498203981,72.27722772277228,12.245234587925497
3248,55.00443930805401,73.89240506329114,10.927254492224574
3249,53.898609701437685,75.27749747729565,10.420917493836775
3250,52.96042980191078,75.79864472410455,10.379004779050913
3251,51.880126171843656,76.36700648748841,9.438711943428034
3252,50.62789536884772,77.5465013286094,7.6704799766272584
3253,49.15253110959462,78.52916314454777,7.442550701764923
3254,47.34535435185182,79.33118452860596,7.173723689072428
3255,44.69249717085725,79.96930161166539,7.203684582527315
3256,44.05088719125957,82.72624859181374,6.638820066883817
3257,42.618609518975525,83.5788717211642,7.126965020142716
3258,40.92326679485371,84.26657506011679,7.483582912080565
3259,38.77678529382575,84.80472595996062,7.607619304115038
3260,38.77678529382575,89.23531342303906,5.606628172037824
3261,39.67148291422101,92.29725144214456,6.4441471292717045
3262,38.7356719611258,92.04737732656514,6.558200357007479
3263,39.32467162574931,89.26104972375691,6.17935845775479
3264,39.32467162574931,84.73756906077348,9.425373653245765
3265,39.32467162574931,80.35220994475138,11.173668965202495
3266,39.32467162574931,76.10497237569061,16.206452470654966
3267,39.32467162574931,86.74033149171271,8.300090204644164
3268,39.32467162574931,86.74033149171271,8.6047326174536
3269,39.32467162574931,86.74033149171271,8.899582822628378
3270,39.32467162574931,86.74033149171271,9.199668810552923
3271,39.32467162574931,78.1767955801105,15.468727628462632
3272,39.32467162574931,82.49309392265194,12.774233673654777
3273,39.32467162574931,86.9475138121547,9.742651747643215
3274,39.32467162574931,91.54005524861878,5.099266641828571
3275,38.10916397445779,92.44031830238727,4.940735663614381
3276,36.72598961040288,93.1615776081425,5.03234437180522
3277,35.123680943384514,93.71951219512195,5.111226630421559
3278,34.61582523091874,93.93939393939394,4.885320093114074
3279,34.05379108086722,94.16184971098266,4.534315205408126
3280,33.43532244048547,94.38517686692869,4.456556551275198
3281,32.75774827237631,94.6078431372549,4.424754226480069
3282,32.01788889641015,94.82849604221636,4.362705334304212
3283,31.211928921202052,95.04596527068438,4.232422466262886
3284,30.335240819388847,95.25925925925925,4.121111029822655
3285,29.382133014550792,95.4675572519084,4.004658410575454
3286,28.345477659086644,95.67019806540765,3.9004600669263265
3287,27.21613685285541,95.86666666666666,3.778635402784897
3288,25.98202952213038,96.05657951135876,3.7620699025282294
3289,24.626504344025022,96.2396694214876,3.6001683348629396
3290,23.125220522619134,96.67463162086818,2.55643363546084
3291,21.439286240872512,97.0069071373753,2.447896244088352
3292,19.496395159610593,97.24584103512015,2.8774442165744523
3293,17.108182350754795,97.4002849002849,2.8565756910910944
3294,15.631116007556061,97.48795595320027,2.8621462229227226
3295,13.99237773103026,97.78922872340425,2.862958074857923
3296,12.140227363589725,98.00899165061014,2.9138334313027907
3297,9.965493821373014,98.15446650124069,4.2600032837318285
3298,6.9538546023610674,98.23247453565008,5.323056278170767
3299,6.9538546023610674,98.23247453565008,6.240788879283325
3300,6.9538546023610674,98.23247453565008,7.04282571883714
3301,6.9538546023610674,98.23247453565008,7.191155955285828
3302,6.9538546023610674,98.23247453565008,7.340013904930407
3303,6.9538546023610674,98.23247453565008,7.48777919943516
3304,6.9538546023610674,98.23247453565008,7.635267516250298
3305,6.9538546023610674,98.23247453565008,7.778490329280137
3306,7.921788301071479,98.15689261233815,7.913705696417589
3307,10.12240784152537,97.99810844892812,7.97774930530852
3308,11.777332757306647,97.71763938702315,8.023939041377599
3309,12.542057481308383,95.7393899204244,6.974993075218566
3310,12.542057481308383,92.3076923076923,5.581667433527947
3311,12.542057481308383,88.84283819628648,5.664596117034318
3312,12.542057481308383,85.44429708222812,8.07138622601362
3313,12.542057481308383,95.30835543766578,6.584213402083098
3314,12.542057481308383,95.30835543766578,6.6713411311205855
3315,14.239883325735569,95.22201587033598,6.711947271110552
3316,14.239883325735569,91.5920985986831,5.307224964692964
3317,14.965975315640023,79.91071428571429,10.984864342583714
3318,14.965975315640023,79.77335164835165,11.445734126063748
3319,14.965975315640023,79.77335164835165,11.75305490577798
3320,14.965975315640023,80.04807692307692,11.769437699334011
3321,14.239883325735569,91.5920985986831,1.7753954094711895
3322,12.190555897802513,91.92890917984673,1.4176608853904944
3323,10.535630982021237,92.2907141731042,1.3834676581681178
3324,10.535630982021237,92.2907141731042,1.3834676581681178
3325,10.535630982021237,92.2907141731042,1.375480854597814
3326,10.535630982021237,92.2907141731042,1.3467940019654259
3327,10.535630982021237,92.2907141731042,1.2953952780071492
3328,10.535630982021237,92.2907141731042,1.2212089586593458
3329,10.535630982021237,92.2907141731042,1.1314634442608686
3330,10.535630982021237,92.2907141731042,1.0329614545933892
3331,10.535630982021237,92.2907141731042,0.9316672113514913
3332,10.535630982021237,92.2907141731042,0.8301804211535232
3333,10.535630982021237,92.2907141731042,0.7465219042214997
3334,10.535630982021237,92.2907141731042,0.7133630455886064
3335,10.535630982021237,92.2907141731042,0.773295940491596
3336,10.535630982021237,92.2907141731042,0.9285752564929637
3337,10.535630982021237,92.2907141731042,1.1361910679805618
3338,10.535630982021237,92.2907141731042,1.3790930768412202
3339,10.535630982021237,92.2907141731042,1.6517335993386466
3340,10.535630982021237,92.2907141731042,1.9482429429767014
3341,10.535630982021237,92.2907141731042,2.2643053119367744
3342,10.535630982021237,92.2907141731042,2.599775436328565
3343,10.535630982021237,92.2907141731042,4.127689376193245
3344,10.535630982021237,92.2907141731042,4.777488295766408
3345,11.828290379224656,92.18549422336329,5.024008146310949
3346,13.99237773103026,91.88829787234043,5.150429865523773
3347,15.833688319817657,91.51170798898072,5.143433585430259
3348,17.461386058305763,91.04850213980029,5.035918435771946
3349,18.92720352693219,90.63884785819793,5.061284957937535
3350,20.261516904163756,90.34785932721712,5.051259880397036
3351,21.48431587182233,90.05142405063292,4.742935143141328
3352,23.31151922489273,89.72096840377513,6.583004950930877
3353,25.395230930276906,89.28723858301323,7.690489021120861
3354,27.154584857385615,88.74833555259654,8.281818698508927
3355,28.69868136663761,88.09413936317489,8.101421230397703
3356,30.079185568848533,87.50599520383693,7.806226924290256
3357,31.326401926246938,87.07025411061285,7.776843197782674
3358,32.46024379309594,86.62700465597517,8.055568932817605
3359,33.4947632765197,86.17820719269994,8.411945171652656
3360,34.44037259651378,85.72621035058431,9.09922848950325
3361,35.305063694841934,85.27377521613833,9.950360657325279
3362,36.09513410960647,84.82409063804413,10.683091507719377
3363,36.815646019163424,75.66235366605052,7.5655471562349605
3364,37.47073058751251,79.56134774316592,10.015493733663346
3365,38.23473430653696,83.10322156476002,10.974545734758498
3366,39.08724234201985,86.1622358554874,13.909730979914812
3367,38.28762728675979,85.34773801485483,13.72164339291145
3368,39.03463935369679,85.60785641720284,14.555444289410518
3369,39.03463935369679,85.57399254994921,15.04499229410953
3370,41.484479329582754,84.92373181979426,14.483609050267193
3371,41.484479329582754,80.34764100744945,12.267153303355261
3372,41.484479329582754,66.40652713728272,4.576734528693602
3373,42.62487136353984,67.99854703959318,3.914702230857005
3374,44.47901762672604,71.25999238675296,4.348014222600712
3375,45.53379083027413,73.99209486166008,6.458404052280438
3376,45.680295296561155,74.79025169796245,7.070911979108555
3377,45.32826995850196,74.9699639567481,7.290134245935937
3378,45.84046403295937,72.58130918073282,5.539522844564203
3379,46.13885503776988,69.64882943143813,3.70517591036801
3380,46.13885503776988,65.42642140468227,4.137686593096003
3381,46.13885503776988,61.37123745819398,6.9728884473758725
3382,46.13885503776988,57.48327759197324,8.93119196427128
3383,46.13885503776988,68.31103678929766,1.9284102201950242
3384,46.13885503776988,68.31103678929766,1.8989189642444095
3385,46.13885503776988,68.31103678929766,2.2142402772684164
3386,46.13885503776988,68.31103678929766,2.629415842317272
3387,46.13885503776988,68.31103678929766,3.1010394561930434
3388,46.13885503776988,68.31103678929766,3.6016629432260645
3389,46.13885503776988,68.31103678929766,4.205432968109116
3390,46.13885503776988,68.31103678929766,4.874316912732579
3391,46.13885503776988,68.31103678929766,5.5773819155253825
3392,46.13885503776988,68.31103678929766,6.281171613584972
3393,46.13885503776988,68.31103678929766,6.933043633053107
3394,46.13885503776988,68.31103678929766,7.558069781288437
3395,46.13885503776988,68.31103678929766,8.168727566099303
3396,46.13885503776988,68.31103678929766,8.791418636388045
3397,46.13885503776988,68.31103678929766,9.417177394910912
3398,46.13885503776988,68.31103678929766,10.04322917662537
3399,46.13885503776988,68.31103678929766,10.656602183846163
3400,46.13885503776988,68.31103678929766,11.260464873950802
3401,46.13885503776988,68.31103678929766,11.857711722983744
3402,46.13885503776988,59.40635451505017,18.430780236124328
3403,46.13885503776988,63.37792642140468,17.386964150084264
3404,46.13885503776988,67.51672240802675,14.32184811034835
3405,46.13885503776988,71.82274247491638,12.08652249442538
3406,45.522821090075944,72.93354943273906,11.447486030847765
3407,44.82719637195827,74.05956112852665,10.52033150628722
3408,44.04596109715412,75.18910741301059,10.541974589332643
3409,43.17137829003338,76.78571428571429,8.832857486341204
3410,42.193270350526646,78.19074333800842,7.426998750996239
3411,41.09780156512494,79.41374663072776,7.111536272585649
3412,39.86525859635939,80.46571798188874,7.232469886627093
3413,39.35458363335292,81.04534005037783,7.904286395908914
3414,38.788021254318295,81.64014687882496,8.303132388755971
3415,38.16314999324425,82.24465558194774,8.630758257221974
3416,37.47708762436554,82.85385500575374,10.026832706749834
3417,36.726382587091436,83.46325167037863,10.880364952927707
3418,35.90686493782289,84.06889128094726,11.115067281475346
3419,35.0134365247694,84.66735966735966,11.335800285026425
3420,34.039766378128874,85.25576730190572,10.821520358170245
3421,32.97783143217949,85.83172147001935,10.683088030105731
3422,31.81719044304274,86.69617893755824,10.464516803288861
3423,30.543764194969913,87.25314183123878,10.275570231788045
3424,29.13761397541218,87.8781331028522,9.748253652942177
3425,27.56841156665467,88.39434276206323,8.93628353237758
3426,25.987041885144542,88.88221153846153,8.449447442486289
3427,24.191175996860835,89.2746913580247,8.26184407541634
3428,22.071683061823432,89.58023774145617,8.15664727194003
3429,19.94072490128097,89.87115246957767,7.973977916660758
3430,16.97207158517446,90.08620689655173,7.806466101241706
3431,16.226278098720577,91.7987594762233,6.16468492919199
3432,17.946616542933196,95.10888968225633,3.35398774595751
3433,19.48297954674475,98.52071005917159,1.0903446178140386
3434,19.56306540684899,98.55715871254162,1.2076358044669722
3435,19.48297954674475,98.52071005917159,1.3997118323277247
3436,19.48297954674475,98.52071005917159,1.6656822860908687
3437,19.84959886716156,98.63013698630137,2.4982262410998084
3438,20.18750631001274,98.73980726464048,3.7457068153427655
3439,20.18750631001274,98.73980726464048,5.257137213473717
3440,21.79248994842348,98.4435049961568,5.468410755797122
3441,23.23515212915622,98.04780876494024,5.695720293216778
3442,24.54585154948717,97.54335260115607,5.950447874638991
3443,25.74455934988114,96.92044482463645,6.384659056146417
3444,26.84538929210006,96.54561558901683,6.70914754055819
3445,27.858819472780034,96.15032080659945,7.867501423064736
3446,28.79291232728186,95.73459715639811,8.233751413377437
3447,29.654040946561878,95.29872673849168,8.43273867059231
3448,30.447348617721904,94.84327603640041,8.585458265667823
3449,31.177053728590483,94.36913451511991,8.9954856993742
3450,31.846659924621157,93.87755102040816,9.133019722796362
3451,32.45910553144993,93.37016574585635,10.419765430410065
3452,33.016872553761736,92.84903518728717,11.885846624872732
3453,33.522067894057464,92.31664726426077,12.691228673564922
3454,33.976484942767904,91.77592371871275,13.307730170360713
3455,34.95424113005257,91.17466174661746,13.805615468807591
3456,36.33741549410748,90.68501920614597,14.451648554819137
3457,36.33741549410748,86.29961587708067,10.62519810855067
3458,36.33741549410748,82.04225352112677,9.08947953749234
3459,36.33741549410748,77.91293213828425,7.964948034007682
3460,36.33741549410748,87.99615877080666,13.771276260441779
3461,36.9639234807755,87.49591903362716,13.645437201370694
3462,38.10768153139398,86.35900916185952,13.174150820086691
3463,38.10768153139398,81.91381065490329,10.645349766353785
3464,38.10768153139398,77.60434340006786,8.28721726963589
3465,38.10768153139398,73.73600271462504,4.629220202345839
3466,38.10768153139398,81.71021377672209,11.604802787378677
3467,38.630855432090094,81.01659751037344,11.278611839277893
3468,39.28630472297697,78.76955903271693,10.545128546518297
3469,39.892324383776575,76.33308984660336,7.71439330184509
3470,39.892324383776575,71.91380569758948,3.881969370932222
3471,39.892324383776575,67.64061358655954,2.230084454601286
3472,39.892324383776575,63.513513513513516,5.344829708865367
3473,39.892324383776575,69.24762600438277,2.964305802763956
3474,39.892324383776575,69.24762600438277,3.311160454777597
3475,39.892324383776575,69.24762600438277,3.6499156664715855
3476,39.892324383776575,69.24762600438277,3.6862102825663627
3477,39.892324383776575,69.24762600438277,3.8300326624936867
3478,39.892324383776575,69.24762600438277,4.073961461869604
3479,39.892324383776575,69.24762600438277,4.341757112466282
3480,39.892324383776575,69.24762600438277,4.440659567373255
3481,39.892324383776575,69.24762600438277,4.445531303724899
3482,39.892324383776575,69.24762600438277,4.4670927563101195
3483,39.892324383776575,69.24762600438277,4.480901053670291
3484,39.892324383776575,69.24762600438277,4.487323074371695
3485,39.892324383776575,69.24762600438277,4.476592038986907
3486,39.892324383776575,69.24762600438277,4.444990197173144
3487,40.323068934877575,68.26458565589,4.478583996909095
3488,41.1114012307163,60.85286208221283,8.692406410270252
3489,41.809222439556386,62.78240190249703,7.664368836173894
3490,42.42325207604568,64.62668298653611,6.842038051052583
3491,42.9587357622129,66.69459572685379,4.652676524361806
3492,42.019747177351356,66.43298969072166,4.780620423504229
3493,40.4641798935262,64.46578631452581,7.2469527942334215
3494,38.05307405409464,62.766369624176676,8.095585626922713
3495,38.05307405409464,62.49515691592406,8.144241019106921
3496,38.05307405409464,69.70166602092212,2.927614669521428
3497,38.05307405409464,72.76249515691592,3.0843248817577593
3498,37.6916019202954,74.74246470812668,4.862077910762314
3499,37.48167810531678,75.68078668683812,5.83283990976872
3500,37.25172018825898,73.32334207568378,4.247895839216792
3501,37.25172018825898,70.21356313225927,3.007159162876985
3502,37.25172018825898,67.25365305357812,4.33872893848309
3503,37.25172018825898,71.37504683402024,3.6219467395270524
3504,37.25172018825898,71.37504683402024,3.683835799466531
3505,37.25172018825898,71.37504683402024,3.7679966772825093
3506,37.25172018825898,71.37504683402024,4.035445023306426
3507,37.25172018825898,71.37504683402024,4.538917742663296
3508,37.25172018825898,71.37504683402024,5.1407297569531964
3509,37.25172018825898,71.37504683402024,6.076341211903841
3510,37.25172018825898,71.37504683402024,6.943279398593048
3511,37.48167810531678,70.46142208774585,7.375660859944682
3512,37.88193726880735,65.15384615384616,11.191936864286435
3513,37.88193726880735,64.8076923076923,11.592288517866358
3514,37.88193726880735,64.8076923076923,11.744967394965093
3515,37.88193726880735,65.15384615384616,11.646538713779238
3516,37.48167810531678,70.46142208774585,7.096566528132473
3517,37.28155381279332,71.24624624624624,6.895505599672218
3518,37.30540637487593,66.2781954887218,9.445502920808096
3519,37.28155381279332,69.18168168168168,7.616786435826441
3520,37.209919573640924,72.6457399103139,6.825214272348872
3521,37.09027251582749,76.00148367952522,7.710966688603669
3522,36.54208859763888,76.27856365614798,8.379383463174845
3523,36.273805970713106,73.95833333333333,8.136042793907983
3524,36.273805970713106,66.12787356321839,9.278105103821497
3525,36.273805970713106,65.84051724137932,9.584397497566691
3526,36.273805970713106,75.43103448275862,9.669018628495575
3527,36.273805970713106,78.62787356321839,13.378318279210486
3528,35.66725637773144,80.23909985935302,15.331140705600957
3529,35.746871482982115,84.06360424028269,17.249112355192295
3530,35.3947553908462,84.78184991273997,18.523578839050767
3531,36.82777578083205,82.5948245303084,18.144247028070886
3532,36.725313849142566,78.72490313490665,15.856574958166684
3533,36.97791786426487,76.0014179369018,13.215387658474787
3534,37.27368848689679,73.6484067311135,11.704345444310711
3535,37.27368848689679,70.67669172932331,10.208229867708269
3536,37.27368848689679,67.84819190834229,10.601023035179471
3537,37.18032297939439,64.79174083303667,8.030334375543744
3538,38.48367223725055,62.77817659727207,7.383561879117893
3539,40.86568580206744,62.112259970457906,6.9972746701988715
3540,42.64792227008254,61.41881638846738,6.325551126349203
3541,44.70985541829758,60.74766355140187,6.475859439672284
3542,46.99495865264569,60.15187849720224,6.537372025619067
3543,48.674717498652385,59.54135954135954,7.043106677404994
3544,50.058733358836996,57.537688442211056,6.715423314000806
3545,51.22500057536852,58.717948717948715,7.748391494635428
3546,52.957526047301464,59.89537925021796,8.43669035576662
3547,54.46570626484141,61.06666666666667,8.938453608871919
3548,55.29809394972873,60.87151841868823,9.658570919708804
3549,55.80549035847402,60.95022624434389,10.341618441113823
3550,56.98388973558707,61.3947128532361,10.69627558658055
3551,57.446743098579866,61.64759725400457,11.645567400081983
3552,57.86473640153529,61.78226917776757,12.089477791054955
3553,57.91464857512747,59.237132352941174,11.803897452004337
3554,57.91464857512747,54.411764705882355,9.712143381868996
3555,57.91464857512747,49.7702205882353,8.402536676062903
3556,57.91464857512747,39.43014705882353,8.723010511932499
3557,57.91464857512747,52.02205882352941,9.109299616918403
3558,57.91464857512747,56.755514705882355,12.009050261315185
3559,58.579903204207774,60.74458058435438,14.761620216360031
3560,59.19746111300233,59.75845410628019,15.24246778226285
3561,59.72364486298199,56.64335664335665,13.051693894038543
3562,60.181163199653156,53.295571575695156,9.933724067627608
3563,60.57279829298391,50.15873015873016,8.240165919535364
3564,60.900784840093344,50.75839653304442,7.785661223690799
3565,61.166898427296914,49.77900552486188,7.245540616974298
3566,61.37251964187366,48.98989898989899,7.1555851219569915
3567,61.518680335843946,48.41089670828604,6.431594727120012
3568,62.056533411686765,43.83720930232558,4.453235610870387
3569,62.913006442847795,44.98792270531401,4.405127237366053
3570,63.63139014592419,46.5625,4.581531665020861
3571,64.22710696597852,48.00257731958763,5.261566489891155
3572,63.63139014592419,46.5625,5.543121565976446
3573,63.288358961484846,43.9459127228027,7.170586208102929
3574,63.288358961484846,40.442532267977874,11.576164747802864
3575,63.288358961484846,43.08543331284573,11.284156518488142
3576,63.288358961484846,43.08543331284573,13.070809961467127
3577,63.288358961484846,43.08543331284573,14.874345796066022
3578,63.288358961484846,43.08543331284573,17.051045427410394
3579,63.288358961484846,40.442532267977874,21.715363577803164
3580,63.288358961484846,43.9459127228027,19.980249389616514
3581,63.288358961484846,47.69514443761524,19.80021884996013
3582,63.288358961484846,51.69022741241549,20.681316037588108
3583,63.22714770068308,51.92660550458716,21.66567774125937
3584,63.10440059036873,52.39248940036342,21.975754856232193
3585,62.919457996139414,53.07462686567164,22.662707570723594
3586,62.67130346633601,53.95430579964851,22.918521663011834
3587,62.35852879619591,52.6044647967945,25.16286798350638
3588,61.97928278201078,56.155988857938716,23.572878252450135
3589,61.53119866648807,59.48136142625608,22.42040000133488
3590,61.0112924451841,62.55874673629243,21.326079006339054
3591,59.21745105045129,64.72346786248131,20.309932255067423
3592,59.21745105045129,69.95515695067265,15.956597203847945
3593,59.21745105045129,75.38614848031888,12.448832341772649
3594,58.215329364638954,76.93770803613884,10.84163802597713
3595,57.550310276922154,79.40503432494279,8.74326216902159
3596,56.80318748728551,81.58241758241758,7.3233702909806295
3597,55.96713324957271,83.48082595870207,7.114611119502537
3598,55.96713324957271,88.91698272229246,3.961700377055394
3599,54.41595838944085,89.82779335202243,4.283869757512158
3600,53.09877219753854,89.96108949416342,4.5977789841659815
3601,51.43514233579805,89.2746913580247,4.918294983065774
3602,50.81781432051569,88.65900383141762,5.384545089372201
3603,48.92858746780106,84.32944606413994,9.146516787649345
3604,46.196119014617416,80.4920304920305,10.902454029139648
3605,44.27376178549556,76.78335535006605,14.971946200281185
3606,41.50905892468639,86.8156073001888,7.926768433282596
3607,40.149911215201655,87.82399035563593,7.407141498290982
3608,38.60294279625599,88.66128101557992,6.510418726726338
3609,36.79598626818433,89.34290447266703,6.313370062416361
3610,34.54080666741027,89.8837823560486,6.396510498316739
3611,31.289183822960954,90.3209502148092,5.991346828662093
3612,29.263524480570446,90.8408044584444,6.003141638661622
3613,26.398020988406824,91.24274099883856,6.283395571522804
3614,26.398020988406824,91.24274099883856,6.516155113097545
3615,26.398020988406824,91.24274099883856,6.741288250318006
3616,26.398020988406824,82.4390243902439,14.357638389295335
3617,26.398020988406824,86.2020905923345,12.067139911880608
3618,26.398020988406824,90.267131242741,7.442491541556448
3619,26.398020988406824,94.42508710801394,4.871615931546833
3620,25.27512541471426,95.22528581035643,4.191619407684408
3621,24.11645661184412,95.65123323236693,3.78471560767017
3622,22.923926859662565,95.80200501253132,3.6376867036511427
3623,21.61928003405312,95.94921402660218,3.559648435081052
3624,20.182549988355536,96.09253499222395,3.5101957390373757
3625,18.583382726730086,96.47544056992876,3.3011502882623254
3626,16.77006660054322,96.76428054953001,2.4839584633370744
3627,14.633457470382094,96.96758452422446,2.2240235978549663
3628,11.659258326629562,97.09341397849462,2.056384825516907
3629,10.285745784398873,97.52845528455285,1.7360685174255759
3630,8.781452263906967,97.84455632473254,1.5001160576984338
3631,7.115975381672694,98.08219178082192,1.248103060554982
3632,6.208061115907181,98.17365269461078,1.0599760133517977
3633,6.208061115907181,98.17365269461078,0.8996874173709416
3634,6.208061115907181,98.17365269461078,0.7352474018232079
3635,6.208061115907181,98.17365269461078,0.5682117725351221
3636,7.921788301071479,98.14166031987814,0.4073571500141584
3637,10.359029128245753,98.02870209746096,2.2157322717892742
3638,12.351861486878214,97.84489795918367,2.572907773680039
3639,14.088684996012587,97.58323474733818,2.6616867733000804
3640,15.641842702042474,97.37624628301556,2.827320227144101
3641,17.05026530492479,97.28506787330316,3.0104351988092968
3642,18.33833483472798,97.19153716532485,3.1671250244602915
3643,19.522746393332664,97.09583736689254,3.269981215033254
3644,21.74927806774954,96.98855651475607,3.320914257810618
3645,24.096359099478157,96.80517853414074,3.333925289407046
3646,25.997290902874436,96.52551574375678,3.2644649719553485
3647,27.640404410813836,96.13908331451795,3.264562630176933
3648,29.097969827422922,95.82257685989204,3.2297270959817963
3649,30.408840511316004,95.65959522067789,3.367423430043848
3650,31.597316272957766,95.49252975436819,3.7581328046997187
3651,32.68000469627205,95.32194480946123,3.7995910062693605
3652,33.668940110069954,95.14854183701281,3.7681404581442712
3653,34.573210381550915,94.97317142050268,3.8001995045117947
3654,35.39988972137274,94.79684302835429,3.7905720593554344
3655,36.15461211011785,94.62073133877304,3.821242073362378
3656,36.84194312070866,94.44617784711389,3.874821929648979
3657,37.465631379986405,83.56384689610807,10.036261970562274
3658,38.0287844818713,87.81860311155246,6.016263682884591
3659,38.53399547440131,92.21353281196872,3.006631646607756
3660,38.98343585460525,96.72359707215057,4.378501742650126
3661,37.70138075502435,97.02970297029702,4.725291860512123
3662,35.95138459117438,97.1971971971972,5.037184227576621
3663,34.988497111664465,96.64879356568365,4.914047382403363
3664,35.75425277767388,95.3287197231834,3.8159659159672557
3665,36.438506007650716,93.79457917261055,2.533244868937062
3666,37.046662287922985,92.03961848862802,2.237963750361284
3667,37.58303796231454,93.67469879518072,2.7829938775411267
3668,37.80930734197056,90.72519083969466,2.1687491665128165
3669,37.984460762876566,87.57716049382717,5.335216659665665
3670,38.10913024844627,84.25349922239502,9.006701565679831
3671,38.18375774762375,90.15625,2.5080335162786667
3672,38.208604730708025,90.14084507042253,2.728773550775898
3673,38.18375774762375,90.15625,2.907536586540445
3674,38.10913024844627,90.20217729393468,3.074787017435447
3675,37.984460762876566,90.27777777777777,3.225843136492486
3676,37.80930734197056,90.38167938931298,3.3973201883079063
3677,37.58303796231454,90.51204819277109,3.494440086691866
3678,37.304816358971784,90.66666666666667,3.6422908287559053
3679,36.97358246267768,90.84302325581395,3.790216729273964
3680,36.58802623261525,91.03840682788051,3.8758764213155446
3681,36.1465531446166,91.25,4.036680059341024
3682,35.647238831244174,91.47496617050068,3.9481973427942036
3683,35.087769237198714,91.71052631578948,4.140896057365277
3684,34.465360918327185,91.95402298850574,4.08795816577213
3685,33.776653367622934,92.20297029702971,4.248698496409927
3686,33.01756075338803,92.45508982035928,4.307417816038434
3687,32.18306278277703,92.70833333333333,4.346915381882372
3688,31.26690069728695,92.9608938547486,4.4523804055330505
3689,30.261118528588533,93.21120689655173,4.373812327277534
3690,29.155337488385964,93.45794392523365,4.361543553588858
3691,27.935536593513177,93.7,4.343618851059215
3692,26.58183151359001,93.93647738209818,3.95912382849688
3693,25.06394489501243,94.4675925925926,3.154205805417608
3694,23.330236985250544,94.87978628673197,2.7336776076826417
3695,21.27163117937188,95.18407534246575,2.306323835554209
3696,18.373893986906367,95.39094650205762,1.9214005845372524
3697,17.541107850748812,95.52536955653216,1.675146866132196
3698,18.313529017353435,95.57399723374827,1.5036017638922805
3699,19.712941335692765,95.48258706467662,1.4644060530046898
3700,20.61562759228347,95.31719031418851,2.569499369968792
3701,21.202748540044126,95.49929676511955,2.7805857323856165
3702,21.537418382960656,95.85095669687814,2.809841869472726
3703,21.646415436430587,96.27091312235436,2.897263661378386
3704,21.537418382960656,96.61631419939577,3.348170642313156
3705,22.697979766728505,96.49781113195748,3.2850309420281176
3706,23.76652388523746,96.37696786715549,3.4456594910539127
3707,24.75221787371283,96.25418060200668,3.5995989470138414
3708,25.662220777026818,96.12992398064962,3.6683625042788783
3709,26.50225751072819,96.00475624256838,3.6396077735549865
3710,29.35436313411043,95.8074919374845,3.706906824319426
3711,31.366316557072143,95.4980595084088,3.8745182502423705
3712,33.0523045251678,95.06339357971406,3.7715370882474333
3713,34.521353610388275,94.48973854371661,3.7093339297880883
3714,35.825049928320055,94.2606149341142,3.7132535399572975
3715,36.993613236729864,94.02621152087778,3.73622149936696
3716,38.046865911557084,93.78763866877972,3.8040637373843063
3717,38.99876217142408,93.54626275930194,3.802058418078923
3718,39.859608718417306,93.30372394943629,3.813996170695654
3719,40.6372835315068,93.06194690265487,3.8498204651021393
3720,41.33796081347986,81.94800439399488,11.138123746661954
3721,41.96656897598689,86.31379962192817,7.970749964759552
3722,42.52709377185345,90.84534476042073,3.57247958500968
3723,43.0227864254101,95.51461754104926,2.4149885388870684
3724,42.25358405101648,95.86451358802678,2.6470653811103277
3725,43.50189892291037,96.24357453538948,2.8720759656801995
3726,44.34897856549506,96.43423137876387,3.0761569762289067
3727,44.24769240936426,96.39603960396039,3.200000254566259
3728,43.70606712561438,94.99799919967987,2.593412674809815
3729,44.07086417153919,92.31083844580778,2.490653881914222
3730,44.378947317805405,89.3705710712797,4.194271313702307
3731,44.631650124251934,86.19229140194832,8.14272634638319
3732,44.83002776188292,92.32089232089233,2.4717020902175393
3733,44.97488524140499,92.24772628843655,2.6338792637496877
3734,45.06679788422978,92.2004357298475,2.7395470198062406
3735,45.10612539938427,92.17999126256007,2.6792188782692876
3736,45.093020454047064,92.18681798341336,2.6531027803948772
3737,45.027432257876995,92.22077357670578,2.9194169527761153
3738,44.90910537405725,92.28115567054765,2.870205831045546
3739,44.73757368672976,92.36673773987206,2.8691422455636237
3740,44.51214916336742,92.47583018074822,2.8780407937673114
3741,44.23190471830083,92.606361007848,2.917027196060785
3742,43.89565006903495,92.75596924322137,2.943635984450961
3743,43.50189892291038,92.92210359826018,3.0146801897472217
3744,43.04882505131615,93.10211946050096,3.0711896017280313
3745,42.53420366280163,93.2933683027351,3.1106628757214296
3746,41.95533274142548,93.49327517266448,3.1758369702833464
3747,41.30892626420736,93.69940161914819,3.3074869735616916
3748,40.59096670741697,93.90949302483838,3.3224419679513977
3749,39.796496574850195,94.12151067323481,3.346901174728771
3750,38.91931497092702,94.33364988920545,3.440379257063726
3751,37.95151936036446,94.54434623590369,3.548213623826863
3752,36.88278039913901,94.75227206097918,3.665395636880066
3753,35.699122947097024,94.9563257255565,3.7247560029170885
3754,34.75505099995837,94.44444444444444,3.9019474615768566
3755,33.27877535139226,90.65469904963041,4.792747259754629
3756,31.58573188307871,86.98074974670719,9.093980576973134
3757,29.566886111239505,83.43051506316813,12.707570455040406
3758,26.708043915043522,92.70736253494874,3.9709145891785806
3759,25.887937121595744,92.97651309846432,4.014986611409229
3760,25.000598611641312,93.24146981627297,3.8087048079095114
3761,24.040859739792666,93.5012701100762,4.202395232471313
3762,23.002323659607175,93.75511875511876,4.569202759766867
3763,21.876905650725245,94.00237529691212,4.8799466409974235
3764,20.654106683066672,94.24254016832441,4.841574017741729
3765,19.319793305835105,94.47524020694752,4.9026694364271535
3766,17.853975837208683,94.82512491077802,4.9742859557959385
3767,16.226278098720577,95.22742935906271,5.077883269877477
3768,14.384967509933178,95.54224883566201,5.220574061574902
3769,12.220880158127576,95.77713551701991,5.347712211329051
3770,10.928220760924157,95.85108061208392,5.452658922349907
3771,10.928220760924157,95.85108061208392,5.539341191855351
3772,10.928220760924157,95.85108061208392,5.623628345975387
3773,10.928220760924157,95.85108061208392,5.70150290726498
3774,10.928220760924157,95.85108061208392,5.771690927432857
3775,10.928220760924157,95.85108061208392,5.823063795719696
3776,10.928220760924157,95.85108061208392,5.864302768389587
3777,10.928220760924157,95.85108061208392,5.8738473112460206
3778,12.220880158127576,95.77713551701991,5.961873168065395
3779,14.384967509933178,95.54224883566201,6.187445296414541
3780,15.336999867906476,93.56695446080921,5.953430212958706
3781,15.336999867906476,80.24377856780092,12.999665912701
3782,15.336999867906476,80.24377856780092,13.210051877856488
3783,15.336999867906476,80.37921110546809,13.424790815565116
3784,15.336999867906476,93.58388352801761,3.2128824817083554
3785,14.384967509933178,95.55888223552894,2.5426998656478963
3786,12.220880158127576,95.7931920359666,2.624611335218932
3787,9.219700334919128,95.95474271543708,2.714363817267087
3788,6.208061115907181,96.10778443113773,2.809700277947137
3789,6.208061115907181,96.10778443113773,2.8937665683757317
3790,6.208061115907181,96.10778443113773,2.985432302271289
3791,6.208061115907181,96.10778443113773,3.530618878024614
3792,6.208061115907181,96.10778443113773,3.7640934973215714
3793,9.632923475414996,95.96961711362579,3.866154731860827
3794,12.064911665945042,95.77781345320277,3.982519077146197
3795,14.052397163975158,95.51122194513715,4.0099724913417205
3796,16.639501239216443,95.26107185938308,4.01761966016374
3797,16.639501239216443,91.5905566086507,3.288046937162333
3798,16.639501239216443,87.98897122178184,5.643775470816613
3799,16.639501239216443,84.45631569877649,9.62068570549612
3800,16.639501239216443,91.88350853007066,3.1087350627755885
3801,16.639501239216443,91.88350853007066,3.127325582168476
3802,16.639501239216443,91.88350853007066,3.1089384791346832
3803,16.639501239216443,91.88350853007066,3.074125368414201
3804,16.639501239216443,91.88350853007066,3.0243961425228445
3805,16.639501239216443,91.88350853007066,2.966920900767828
3806,16.639501239216443,91.88350853007066,2.8998678015248927
3807,16.639501239216443,91.88350853007066,2.838235835385889
3808,16.639501239216443,91.88350853007066,2.794072656528925
3809,16.639501239216443,91.88350853007066,2.7805825636528936
3810,16.639501239216443,91.88350853007066,2.8170868274727
3811,16.639501239216443,84.43908323281062,8.791954886973524
3812,16.639501239216443,87.97173875581596,4.976872243287613
3813,16.639501239216443,91.57332414268483,3.7228338577220548
3814,16.639501239216443,95.2438393934172,5.736546765465418
3815,15.690203575457446,95.37836465210766,7.138896500209938
3816,15.690203575457446,95.37836465210766,7.830678231051886
3817,18.09521108653157,95.171202809482,7.978902252180512
3818,19.94528675638013,94.82978336064082,7.951857757223926
3819,21.475944710201162,94.35955480098094,7.875274958702278
3820,22.861434741174463,93.78542114520226,7.358083071107113
3821,24.126121898039337,93.09856304391823,7.340202163168559
3822,25.286683281807186,92.45757385292269,7.264289319373745
3823,26.35522740031614,91.93583351398222,7.281619628170227
3824,27.340921388791507,91.3920645595158,7.091363532431203
3825,28.250924292105502,90.82696316886727,6.8025335729557375
3826,29.090961025806866,90.24156900263095,6.562860679948516
3827,29.865694798970754,89.63730569948187,6.083356864921932
3828,30.578979252088356,89.01601830663616,5.876811769785721
3829,32.53062832454923,88.45241233851833,6.157895926691026
3830,35.340632987388105,87.90966675846875,6.122883304492308
3831,38.13591627822767,87.33083789231212,5.874794670385045
3832,38.13591627822767,82.86783760437662,5.772442703262781
3833,38.13591627822767,78.5200115174201,7.180196693670691
3834,38.13591627822767,74.28735963144256,11.296883271645124
3835,38.13591627822767,74.28735963144256,11.659640563690983
3836,38.13591627822767,78.5200115174201,7.724097820829454
3837,38.13591627822767,82.86783760437662,5.250636227669701
3838,38.13591627822767,87.33083789231212,3.920017014059843
3839,36.167079268379844,88.0066170388751,4.188774414916883
3840,33.35707460554096,88.54579044602798,4.48247598193003
3841,33.35707460554096,88.54579044602798,4.543692531540071
3842,33.35707460554096,88.54579044602798,4.596123310744482
3843,33.35707460554096,88.54579044602798,4.634582884314166
3844,33.35707460554096,88.54579044602798,4.653976692096375
3845,33.35707460554096,88.54579044602798,4.650252643153197
3846,34.55728295742359,88.26860841423948,4.589969323334626
3847,36.533526095376864,87.61261261261261,4.501673091405927
3848,38.182926821700555,86.8096357226792,4.500469828341391
3849,39.61446753531003,74.90808823529412,12.137677900516191
3850,40.87968675355312,78.06513409961686,7.816492028706832
3851,41.738151847659,80.82644628099173,6.176320178259886
3852,42.251819648155966,83.07849133537206,5.4043133586978955
3853,41.82244275754743,83.33333333333333,5.497196833733388
3854,41.82244275754743,83.33333333333333,5.620449504441596
3855,41.82244275754743,87.42331288343559,6.554690187050709
3856,41.82244275754743,89.50238582140423,8.824128959739747
3857,41.680971996093376,89.73657201505303,9.359943331213113
3858,42.051342325053675,89.4442502621461,9.594479770096402
3859,42.37140428172751,89.16993231207695,9.681379301208747
3860,42.64224789790519,88.91705903658095,9.905563384220088
3861,42.86476509720817,88.68894601542416,10.02392481451187
3862,43.039668637800474,88.48867434088378,10.179617488529894
3863,43.16750652791613,88.31898165481093,10.678534859444378
3864,44.033273886344936,87.9019908116386,10.927233889792928
3865,45.44469635931262,87.08267090620032,11.012137429979466
3866,46.630611826033174,86.07907742998353,10.995728356806927
3867,47.64204333538176,84.88074957410562,10.147211015104771
3868,48.50858899575626,83.83128295254834,9.804287688811723
3869,49.32433808155473,82.75237664101404,9.801386287045172
3870,49.24645585205316,78.4781629896443,7.272552576948418
3871,49.116321989783096,74.16331994645248,3.9810359267845805
3872,48.933433252416926,69.85456148082856,4.547887555980039
3873,48.69706857070917,71.01952277657267,4.657024843775032
3874,48.83827842696433,73.44902386117137,4.967520598696654
3875,49.30867212764988,74.7025121198766,5.746979435057058
3876,49.66706719082814,75.72512271307453,6.661529997800829
3877,49.80617799249952,76.18834080717488,7.567346303899702
3878,49.80617799249952,77.75784753363229,10.453412116620006
3879,50.42020762898881,77.10843373493977,9.892091902639805
3880,50.95569131515604,76.50429799426934,8.6889281781131
3881,51.41676815322348,75.9568204121688,8.151145065458852
3882,51.77474607513357,74.0592072252885,6.856455412061458
3883,52.03545355468974,70.59724349157733,4.231181797694373
3884,52.233501094256276,66.9425763062597,3.4283925131281032
3885,52.36995593583343,63.133159268929504,6.088049361822403
3886,52.445535853997846,66.24671916010499,4.604914697987691
3887,52.46063241785643,70.36258539148713,4.811094197081542
3888,52.66443548839611,71.18553960659224,5.362049192373905
3889,52.79337947280823,71.71933583288698,6.223863111480185
3890,50.527726123100166,69.34230968410151,6.082874506139341
3891,48.192200201833025,66.84972541188218,8.22140530162483
3892,46.80595205621908,63.69426751592356,11.634258682161432
3893,46.76064297484369,59.84367366878359,14.324011761744659
3894,46.654694518617276,65.79330422125182,10.935012240802235
3895,46.487554207803925,66.05856937109938,11.490797711761264
3896,46.25833318731692,66.44581164221486,11.799505964849038
3897,45.96577684623693,66.94560669456067,12.362923338807382
3898,45.608221153196716,67.54665452890305,12.122393392864934
3899,45.18353066570808,68.23633940470901,12.21664005769608
3900,44.689011912951536,69.00129701686122,11.87530526376101
3901,44.12129229079946,69.82794796475031,11.563985543372457
3902,43.476148717207295,70.7029662738724,11.516001882584233
3903,42.74826006983068,71.73144876325088,11.538296675478202
3904,41.93083870849066,73.8356683074593,9.85391095732688
3905,41.01505993176249,75.72001458257382,9.123934849818403
3906,39.9891316680143,77.39221871713985,6.690555395943366
3907,38.836669852085556,78.59306630764053,6.742724856527161
3908,37.53358134813488,79.88375847594446,6.011807036159794
3909,36.041204287653606,80.99659548127515,6.1771630854565265
3910,34.28744623126995,81.94485621108805,6.240741905320033
3911,33.2657137706023,84.56628952712504,6.0564162771935806
3912,32.08414157272049,84.89923360772069,5.927047246577998
3913,32.08414157272049,84.89923360772069,6.262145993536306
3914,32.08414157272049,84.89923360772069,6.952393405490355
3915,32.08414157272049,84.89923360772069,7.585844575863713
3916,32.08414157272049,84.89923360772069,8.09314975376861
3917,32.08414157272049,84.89923360772069,8.518964912013159
3918,32.08414157272049,84.89923360772069,8.879351534045814
3919,32.08414157272049,84.89923360772069,9.0912066585228
3920,32.08414157272049,84.89923360772069,9.124983817695536
3921,32.08414157272049,76.35537893840477,15.309677052017744
3922,32.08414157272049,80.41441952881067,10.91472398178473
3923,32.08414157272049,84.58699971615101,9.244642005454645
3924,32.08414157272049,88.87311950042577,5.382333856690489
3925,31.50681972221634,89.45042805854736,5.268364511874203
3926,30.873445654570077,89.2943386101422,5.660886892784866
3927,30.181329679221424,90.93985941161156,4.900634609048373
3928,29.427274795769414,92.40474388089831,4.809306603498948
3929,28.607449501400733,93.69655509406303,4.981761815764338
3930,26.973091460919896,93.82922745754604,5.21773678276803
3931,26.973091460919896,83.56852427648887,12.62942875182592
3932,26.973091460919896,87.56278402296101,9.392161335093766
3933,26.973091460919896,91.65271466156422,5.776687395058292
3934,26.973091460919896,95.83831619229849,4.366066186976281
3935,26.076191919774,96.20458227262208,4.52661759058698
3936,26.076191919774,95.62601249710715,4.629747776012679
3937,26.076191919774,95.1400138856746,4.927740568334573
3938,26.076191919774,94.74658643832446,5.213272016156467
3939,25.599659901241502,93.17250796540738,6.0980958658542646
3940,24.58622972056152,90.23317201935768,7.534531879707745
3941,23.485399778342604,87.2078198045049,11.353738553241463
3942,22.286691977948635,84.2429216249487,14.498610011148958
3943,20.918999527090655,96.02137767220903,3.7882430802052633
3944,19.405791811172783,96.29629629629629,3.770049511942884
3945,17.708167467037534,96.63107511045655,3.0607495666902667
3946,15.753811160270553,96.87610933617323,2.956891906111574
3947,13.354349476842447,97.03969883641342,2.8886973040762083
3948,10.987424673037834,97.30578512396694,2.7347078528228836
3949,9.551523848511046,97.66474728087012,2.653415470072275
3950,7.971385463025239,97.94181367997524,2.584960641152458
3951,7.971385463025239,97.94181367997524,2.584960641152458
3952,7.971385463025239,97.94181367997524,2.584960641152458
3953,7.971385463025239,97.94181367997524,2.584960641152458
3954,7.971385463025239,97.94181367997524,2.584960641152458
3955,7.971385463025239,97.94181367997524,2.5838873921860945
3956,7.971385463025239,97.94181367997524,2.582586748471334
3957,7.971385463025239,97.94181367997524,2.5810650038608602
3958,7.971385463025239,97.94181367997524,2.579312077619133
3959,7.971385463025239,97.94181367997524,2.579312077619133
3960,7.971385463025239,97.94181367997524,2.579312077619133
3961,7.971385463025239,97.94181367997524,2.579312077619133
3962,7.971385463025239,97.94181367997524,2.579312077619133
3963,7.971385463025239,97.94181367997524,2.579312077619133
3964,7.971385463025239,97.94181367997524,2.5763439065300675
3965,7.971385463025239,97.94181367997524,2.573342590078708
3966,7.971385463025239,97.94181367997524,2.570317393091017
3967,7.971385463025239,97.94181367997524,2.567276908630579
3968,7.971385463025239,97.94181367997524,2.5642286871614344
3969,7.971385463025239,97.94181367997524,2.561178692578757
3970,7.971385463025239,97.94181367997524,2.5581313027609838
3971,7.971385463025239,97.94181367997524,2.555089529511561
3972,7.971385463025239,97.94181367997524,2.727885558303874
3973,7.971385463025239,97.94181367997524,2.674934439750826
3974,7.971385463025239,97.94181367997524,2.5840317072114884
3975,7.971385463025239,97.94181367997524,2.6581180496888646
3976,7.971385463025239,97.94181367997524,2.8879688682667988
3977,7.971385463025239,97.94181367997524,3.0996059482363663
3978,7.971385463025239,97.94181367997524,3.280425520124552
3979,7.971385463025239,97.94181367997524,3.427465383415716
3980,7.971385463025239,97.94181367997524,3.4356551397686244
3981,7.971385463025239,97.94181367997524,3.3318601048942083
3982,7.971385463025239,97.94181367997524,3.250394465200493
3983,7.971385463025239,97.94181367997524,3.2020503554879713
3984,7.971385463025239,97.94181367997524,3.1898971830162917
3985,7.971385463025239,97.94181367997524,3.2898875945451436
3986,7.971385463025239,97.94181367997524,3.6700699391682203
3987,7.971385463025239,97.94181367997524,4.390268265981136
3988,7.971385463025239,97.94181367997524,5.414870686052971
3989,7.971385463025239,97.94181367997524,5.575135135037759
3990,7.971385463025239,97.94181367997524,5.761274959713923
3991,7.971385463025239,97.94181367997524,5.9633486694716975
3992,7.971385463025239,87.3259052924791,7.771275282981288
3993,7.971385463025239,90.65304859176726,5.638267458403105
3994,7.971385463025239,94.04209223150727,5.116904586312074
3995,7.971385463025239,97.49303621169916,7.02294285830326
3996,7.115975381672694,99.3455098934551,8.749120360404987
3997,6.9538546023610674,99.49071300179749,10.057056255521804
3998,7.2111092506744,99.52052741983817,10.556641564291066
3999,6.208061115907181,99.4311377245509,10.959628545689759
4000,7.115975381672694,97.6103500761035,10.607937784329796
4001,7.115975381672694,94.18569254185692,8.462359305632011
4002,7.971385463025239,92.33983286908078,7.68244869349751
4003,9.551523848511046,91.97056941778631,7.911060977494659
4004,10.987424673037834,91.6694214876033,7.983912044270022
4005,11.659258326629562,89.70094086021506,6.791786862324711
4006,11.659258326629562,86.29032258064517,4.431994458974282
4007,11.659258326629562,82.93010752688173,3.8549653626894385
4008,11.659258326629562,79.62029569892474,4.987672411163399
4009,11.659258326629562,90.08736559139786,7.991546717327733
4010,13.35434947684245,89.97262149212868,8.33026085852456
4011,15.753811160270553,89.68761093361732,8.668794773568246
4012,17.708167467037534,89.32253313696613,9.001713669053117
4013,17.708167467037534,85.69587628865979,5.822139365213373
4014,19.389195646128872,83.73053105648339,4.537030214894588
4015,19.389195646128872,80.18389941827735,3.907908652696281
4016,19.389195646128872,76.71232876712328,3.613716647654428
4017,19.389195646128872,73.3158191030212,6.0045931527384715
4018,19.389195646128872,82.90486019891162,5.73247867608604
4019,19.389195646128872,82.90486019891162,6.355908731257783
4020,19.389195646128872,82.90486019891162,7.112599520154819
4021,19.389195646128872,82.90486019891162,8.009677993093502
4022,20.261516904163756,82.62614678899082,9.027703083330705
4023,21.85481048018586,81.99841395717684,10.018932366354365
4024,23.28554876640662,81.27055921052632,10.377872543928358
4025,24.584080913984952,80.3921568627451,11.54639776583717
4026,25.77036792046853,79.57155477031802,13.021129295663608
4027,26.858512757092328,78.88838060384263,13.563382738901886
4028,29.01017659724082,78.22676491561683,13.992518809414513
4029,31.299827160758397,77.51053806099678,14.548057256105265
4030,33.14207107882212,76.67442461856737,13.992952213591783
4031,34.72518294059859,75.7077379347533,13.246535668202705
4032,36.12137272906046,74.824388873279,13.329212816918778
4033,37.36942933973492,74.12935323383084,13.892550646503862
4034,38.49358346967494,73.43892780992994,14.11715914739468
4035,39.51036848026364,72.75894836870447,14.194519277159529
4036,40.43173885175997,72.09608423823626,13.418796682400997
4037,41.266696392777206,71.45783543871629,13.448856774937806
4038,42.02222238343278,70.85249380969225,13.445779565003612
4039,42.77877745053033,69.61143695014663,13.110075411751865
4040,43.53033725540214,67.55319148936171,11.683045880013317
4041,44.204113735853504,65.29088050314465,9.434595316068568
4042,44.80498653517717,62.824675324675326,7.728372900727807
4043,45.336887951109915,62.66722408026756,8.341709360888048
4044,45.336887951109915,58.27759197324415,7.8493338367856
4045,45.336887951109915,54.05518394648829,8.990953262073642
4046,45.336887951109915,50.0,12.05968762432159
4047,45.336887951109915,54.47324414715719,10.58778353922281
4048,45.336887951109915,54.47324414715719,11.339083263320644
4049,45.336887951109915,54.47324414715719,12.33947066590412
4050,45.336887951109915,54.47324414715719,13.624824659430182
4051,45.336887951109915,54.47324414715719,14.970602463752291
4052,45.336887951109915,54.47324414715719,16.36227592779251
4053,45.336887951109915,54.47324414715719,17.91043770145114
4054,45.336887951109915,50.0,22.37621934295043
4055,45.336887951109915,54.05518394648829,21.16182058937579
4056,45.336887951109915,58.19397993311037,19.910387577408986
4057,45.336887951109915,62.5,19.091310410576998
4058,44.31489075117297,64.28571428571429,19.081411062890336
4059,43.153620543086156,65.65384615384616,17.19004129362772
4060,41.82308606333722,67.15758468335788,16.724217980268726
4061,41.82308606333722,71.61266568483063,15.20527252420287
4062,41.82308606333722,76.21502209131076,12.210565673839996
4063,40.271911203205356,77.42957746478874,10.713946058666918
4064,38.3912628599978,78.46567967698519,10.919014415841701
4065,35.66713291832449,79.33804627249357,10.678405853088323
4066,35.66713291832449,79.33804627249357,11.278863025657197
4067,35.66713291832449,71.2082262210797,19.975748131107483
4068,35.66713291832449,75.2892030848329,17.339083461357493
4069,35.66713291832449,79.27377892030849,13.059662039373963
4070,35.66713291832449,83.67609254498714,11.520896328615049
4071,35.02816260875111,85.56733167082294,10.1308480427667
4072,34.32334079927114,87.2584541062802,9.195053374454387
4073,33.94498483230248,90.25839025839026,6.327134653814414
4074,32.35018949392481,92.6829268292683,5.725338543736607
4075,32.35018949392481,92.6829268292683,5.923046600949927
4076,32.35018949392481,92.6829268292683,6.137352134424867
4077,32.35018949392481,92.6829268292683,6.361910121858275
4078,32.35018949392481,92.6829268292683,6.599972264201204
4079,32.35018949392481,82.14285714285714,14.779576447955838
4080,32.35018949392481,86.35307781649244,12.205705422421353
4081,32.35018949392481,90.6794425087108,7.839178171185139
4082,32.35018949392481,95.1219512195122,4.9226009219856905
4083,31.531009453262044,95.2835485682201,4.943873409473351
4084,30.63405442567495,95.44468546637744,4.877890477776844
4085,29.65225901914499,95.99686028257457,4.681587926361832
4086,28.5765435661138,96.82139253279516,3.997114522095254
4087,27.39488137502334,97.49635391346621,3.754415691263698
4088,26.090671987097906,98.03370786516854,3.6519469301004674
4089,25.216294388895182,98.09610154125113,3.664922852530769
4090,24.269240622641654,98.15789473684211,3.671455222242818
4091,23.243125336366553,98.21882951653944,3.6724958987671434
4092,22.129874600237244,98.27868852459017,3.6592243171539756
4093,20.918999527090655,98.3372921615202,3.577742999538254
4094,19.59637621224772,98.39449541284404,3.5436531897656964
4095,18.14202396912635,98.45018450184502,3.500640651335683
4096,16.525575105210557,98.73575498575498,3.330216248831593
4097,14.69530505446085,98.93470790378007,3.1307003446358426
4098,12.542057481308383,99.0550397877984,3.023943018532596
4099,9.551523848511046,99.10428662827896,2.9496974751532345
4100,7.971385463025239,99.24172082946457,2.8194735410520084
4101,6.208061115907181,99.4311377245509,2.6477139942282135
4102,4.189190988298596,99.5511149724877,2.498195722221924
4103,1.7263595531412619,99.6078431372549,2.325664275603979
4104,-0.0,99.61432506887053,2.245497493122735
4105,-0.0,99.61432506887053,2.163731661564089
4106,-0.0,99.61432506887053,2.080763700128864
4107,1.7263595531412619,99.6078431372549,1.99355463217406
4108,4.189190988298596,99.5511149724877,2.0024225875426835
4109,6.208061115907181,99.4311377245509,1.989840589259776
4110,7.971385463025239,99.24172082946457,2.010133725510547
4111,9.551523848511046,99.10428662827896,1.9957738974745354
4112,11.98628146149582,99.0728476821192,1.9137733519448936
4113,14.396783682961619,98.98729831788535,1.7810560665270863
4114,16.362388864300907,98.82562277580071,1.7075798080477593
4115,18.07147843394122,98.57985983032091,1.6002956476058436
4116,19.59637621224772,98.39449541284404,1.5028512237865286
4117,20.97599255761768,98.33663366336634,1.3434143128755
4118,22.234687955005725,98.27727645611157,1.247780321859511
4119,23.389134660742467,98.21656050955414,1.1354313572828683
4120,24.451436033553435,98.15465729349737,1.0409075924095155
4121,25.430753729065913,98.09177646524307,0.985453943115679
4122,26.334240953166866,98.02816901408451,0.9694644664972198
4123,27.16761639090059,97.96412990790111,0.9744412620552296
4124,27.935536593513177,97.9,1.3842598471374639
4125,28.641848076347685,97.83616692426584,2.284303444747677
4126,29.28976395123344,97.77306468716861,3.4591905960021396
4127,29.881991229002104,97.71117166212534,3.676085201427102
4128,30.42082474199752,97.6510067114094,3.899411511015528
4129,30.908217798877267,97.59312320916905,4.203466694196029
4130,31.345836193499764,97.53810082063306,4.6896261768215215
4131,31.735100025181428,97.48653500897666,5.428686241234243
4132,32.47970432305238,97.1076923076923,6.350384468634006
4133,33.52316908551119,96.26913265306122,6.019474198535611
4134,34.45701593036069,95.24752475247524,6.211992125373644
4135,35.293070168073484,94.03137789904503,6.064744743163841
4136,36.04019295771014,94.08866995073892,7.223913599821503
4137,36.70521204542694,93.91304347826087,7.705966735202573
4138,37.29349281157458,93.74534623976173,8.096947093033888
4139,37.80930734197056,93.58778625954199,8.640408931942162
4140,38.25608269410961,93.44262295081967,9.163339737461653
4141,38.63657308113534,93.31210191082802,9.65575534425935
4142,38.95298198429795,93.19838056680162,10.119581390543303
4143,39.20704998786921,93.10344827586206,10.570439625746161
4144,39.20704998786921,89.28571428571429,8.557100940818485
4145,39.20704998786921,85.63218390804597,5.380679825741854
4146,39.20704998786921,82.14285714285714,4.483075458919805
4147,39.20704998786921,89.65517241379311,9.341173612088527
4148,39.20704998786921,89.65517241379311,9.458612462670674
4149,39.31113952135763,88.27415359207266,8.4128344338055
4150,39.474098869415876,85.375,5.710663129221112
4151,39.57741693216632,82.31349538977368,4.284220431585422
4152,39.62160577063957,79.11764705882354,3.946756774166039
4153,39.606882153387566,83.54324097397145,5.675672556876186
4154,39.606882153387566,80.47858942065491,5.035507407786007
4155,39.606882153387566,77.58186397984886,6.218388392387069
4156,39.606882153387566,74.85306465155331,10.058124916943328
4157,39.606882153387566,77.66582703610412,7.051138936879014
4158,39.606882153387566,77.66582703610412,7.539082583654533
4159,39.606882153387566,77.66582703610412,8.009046225305546
4160,39.606882153387566,77.66582703610412,8.470377141847608
4161,39.606882153387566,77.66582703610412,8.925880930975257
4162,39.606882153387566,77.66582703610412,9.37642443611061
4163,39.606882153387566,77.66582703610412,9.819463398279982
4164,39.606882153387566,74.85306465155331,14.38219022199481
4165,39.606882153387566,77.58186397984886,10.928294529851174
4166,39.606882153387566,80.47858942065491,9.217817423927555
4167,39.606882153387566,83.54324097397145,8.29270144112637
4168,39.62160577063957,83.52941176470588,8.574690436254427
4169,39.57741693216632,80.76278290025147,10.04641325032897
4170,39.474098869415876,83.91666666666667,8.92340669520902
4171,39.31113952135763,86.91164327002477,6.433787795941881
4172,39.087716023364926,89.7226753670473,3.6237301905975454
4173,38.93956895843459,89.81406628940987,3.837848178139274
4174,38.736646191415936,89.93610223642173,4.009241845461315
4175,38.478084889226885,90.0865460267506,4.093984145734252
4176,38.162752252652,90.26275115919628,3.8628111461911616
4177,37.78921362182267,90.46177138531415,3.9277270990845388
4178,37.355689318445656,90.68047337278107,4.013207692335664
4179,36.85999666488901,90.91564527757751,4.089207307512428
4180,36.29947186902245,91.164095371669,4.270861740742399
4181,35.67086370651542,91.42273655547991,4.261719112923043
4182,34.97018642454236,91.688654353562,4.423001109338742
4183,34.19251161145287,91.95915762603701,4.413908443831991
4184,33.33166506445964,92.23181257706536,4.607857880575504
4185,32.37976880459264,92.50446162998216,4.7257850470108735
4186,31.326516129765423,92.77522935779817,4.438992817018913
4187,30.157952821355615,93.04251794588625,4.265157133282099
4188,28.85425650342383,93.30499468650372,4.187960215922739
4189,27.385207418203354,93.89371486969851,4.3733115317922255
4190,25.6992194501077,94.3516699410609,4.023260591843576
4191,23.687266027145988,94.69089193015573,4.1257188745285625
4192,20.835160403763748,94.92293744333635,4.220912799580847
4193,20.199673880968806,95.0551876379691,4.288687930904614
4194,19.511310838753325,95.18900343642612,4.427330342910951
4195,18.76750748907386,95.32359081419624,4.4962528897933085
4196,17.96524917371215,95.45823195458232,4.600036393223906
4197,17.10096089097604,95.59228650137742,4.6910580995304105
4198,16.170357449286655,95.72519083969466,4.8136178785479355
4199,15.16823293065967,95.85645578986312,4.87079597691701
4200,14.088155445306416,96.11111111111111,4.93535305128301
4201,12.922007284400156,96.70253384241583,4.476043013386678
4202,11.659258326629562,97.19422043010752,4.3235359061306005
4203,10.285745784398873,97.59349593495935,4.344906528365503
4204,9.551523848511046,97.76071657069738,4.418146359972217
4205,9.551523848511046,97.76071657069738,4.507805294612594
4206,9.551523848511046,88.69161868202175,10.911811702431114
4207,9.551523848511046,92.09852847088932,8.3303121702572
4208,9.551523848511046,95.56941778630838,5.56608995371848
4209,9.551523848511046,99.10428662827896,3.4614299213429085
4210,7.971385463025239,99.24172082946457,3.4069845738289635
4211,6.208061115907181,99.4311377245509,3.293982829724646
4212,4.189190988298596,99.5511149724877,3.2009034836721812
4213,1.7263595531412619,99.6078431372549,3.074832466190749
4214,-0.0,99.61432506887053,3.0393752739278734
4215,-0.0,99.61432506887053,3.0019809069355974
4216,-0.0,99.61432506887053,2.9577622511916153
4217,-0.0,99.61432506887053,2.9015140501044945
4218,-0.0,99.61432506887053,2.8281241807525443
4219,-0.0,99.61432506887053,2.7539957451458346
4220,-0.0,99.61432506887053,2.6791580693313475
4221,-0.0,99.61432506887053,2.6035822636024863
4222,-0.0,99.61432506887053,2.5246811935961864
4223,-0.0,99.61432506887053,2.4446805709761015
4224,-0.0,99.61432506887053,2.3635093037377457
4225,-0.0,99.61432506887053,2.281050192736033
4226,-0.0,99.61432506887053,2.1971261937664344
4227,-0.0,99.61432506887053,2.1147712272584243
4228,-0.0,99.61432506887053,2.0310473917862644
4229,1.7263595531412619,99.6078431372549,1.9464854049672353
4230,4.189190988298596,99.5511149724877,1.9483910103335544
4231,6.208061115907181,99.4311377245509,1.9303435509022664
4232,7.971385463025239,99.24172082946457,1.9528272976091796
4233,9.551523848511046,99.10428662827896,1.9309627457917533
4234,10.987424673037834,99.07438016528926,1.864702981590619
4235,13.967118527182038,99.0229688035653,1.808558941607536
4236,16.10932556229681,98.89797369356559,1.8192326821328497
4237,17.928346738474204,98.69148544047181,1.86746056134826
4238,19.533330376884944,98.39510890332441,1.900066484564193
4239,20.97599255761768,98.33663366336634,1.8702772643902825
4240,22.28669197794863,98.27656955272876,1.8948112214689863
4241,23.485399778342604,98.21504462388441,1.8810504319362165
4242,24.58622972056152,98.152221733392,1.853666469582456
4243,25.599659901241502,98.08830223031407,1.8437719872228346
4244,26.533752755743322,98.02352941176471,1.8317633750101399
4245,27.39488137502334,97.95819154107924,1.8531651657232804
4246,28.188189046183364,97.89262418464627,1.854707201661891
4247,28.917894157051943,97.82721158820486,1.8638947966001655
4248,29.587500353082625,97.76238678742675,1.8658158829709135
4249,30.19994595991139,97.6986301369863,1.879475613657043
4250,30.757712982223207,97.63646595385481,1.893102058689661
4251,31.262908322518935,97.57645701096365,1.9267821296329581
4252,31.717325371229364,97.51919669226226,1.9746734361324876
4253,32.12249138233738,97.46529873264937,2.001086720486678
4254,32.47970432305238,97.41538461538461,2.0365814228118553
4255,32.79006176518278,97.3700688791484,2.0687796565051113
4256,33.05448363791667,97.32994278448824,2.1185310409826865
4257,33.27373015012254,97.29555698647779,2.1541473193183607
4258,33.44841583194502,97.26740403383214,2.1960130422833934
4259,33.57902038842321,97.24590163934427,2.242409510722459
4260,33.665896868694155,97.2313777191826,2.3052718531292595
4261,33.709277510984,97.22405816259088,2.349558928821031
4262,33.709277510984,97.22405816259088,2.3965771906481907
4263,33.665896868694155,97.2313777191826,2.4460301628640995
4264,33.57902038842321,97.24590163934427,2.4760263619240774
4265,33.44841583194502,97.26740403383214,2.5208937581270967
4266,33.27373015012254,97.29555698647779,2.5893634619535506
4267,33.05448363791667,97.32994278448824,2.6732963803860526
4268,32.79006176518278,97.3700688791484,2.7437779402001556
4269,32.47970432305238,97.41538461538461,2.824842340174335
4270,32.12249138233738,97.46529873264937,2.8933246873891365
4271,31.717325371229364,97.51919669226226,2.971136892070625
4272,31.262908322518935,97.57645701096365,3.031512043301713
4273,30.757712982223207,97.63646595385481,3.1036013016697592
4274,30.19994595991139,97.6986301369863,3.1864596620844976
4275,29.587500353082625,97.76238678742675,3.256211892126376
4276,28.917894157051943,97.82721158820486,3.3240740926097696
4277,28.188189046183364,97.89262418464627,3.3673591093962267
4278,27.39488137502334,97.95819154107924,3.3974503581518807
4279,26.533752755743322,98.02352941176471,3.3833281902900385
4280,25.599659901241502,98.08830223031407,3.2764265117272533
4281,24.58622972056152,98.152221733392,3.0755657488397525
4282,23.485399778342604,98.21504462388441,2.993843213235157
4283,22.28669197794863,98.27656955272876,3.204529304149873
4284,20.97599255761768,98.33663366336634,3.1997617703413956
4285,19.533330376884944,98.39510890332441,3.2302309411494052
4286,17.928346738474204,98.69148544047181,3.2129977156761336
4287,16.10932556229681,98.89797369356559,3.168155391086797
4288,13.967118527182038,99.0229688035653,3.1562711215751897
4289,10.987424673037834,99.07438016528926,3.155619185450136
4290,9.551523848511046,99.10428662827896,3.0952145852408743
4291,7.971385463025239,99.24172082946457,3.103691582049479
4292,6.208061115907181,99.4311377245509,3.3841110112774686
4293,4.189190988298596,99.5511149724877,4.067439999888972
4294,1.7263595531412619,99.6078431372549,4.15347479742981
4295,-0.0,99.61432506887053,4.210600129991986
4296,1.7263595531412619,99.6078431372549,4.27330959106224
4297,4.189190988298596,99.5511149724877,4.301063961804558
4298,6.208061115907181,99.4311377245509,4.345338176186489
4299,7.971385463025239,99.24172082946457,4.379229167892984
4300,8.781452263906967,97.3568281938326,4.108563389190137
4301,8.781452263906967,93.87979861548143,4.262700107372312
4302,8.781452263906967,90.46570169918188,5.477239614156519
4303,8.781452263906967,87.11453744493392,8.935057414565849
4304,8.781452263906967,97.79735682819383,3.374689538452811
4305,8.781452263906967,97.79735682819383,3.478188603512733
4306,8.781452263906967,97.79735682819383,3.6105155826177704
4307,11.777332757306647,97.70133681121617,3.762393538744128
4308,13.936024857343174,97.53378378378379,3.920552932230423
4309,16.577653655137688,97.37256962690489,4.121554696772568
4310,17.461386058305763,95.36376604850214,3.1883198377302
4311,17.461386058305763,91.67261055634808,2.9052984891438642
4312,17.461386058305763,88.0527817403709,5.275812468198011
4313,17.461386058305763,84.50427960057061,8.865016703359359
4314,17.461386058305763,94.73965763195434,1.8692324405184082
4315,17.461386058305763,94.73965763195434,2.176812664291288
4316,17.461386058305763,94.73965763195434,2.5053965059950913
4317,17.461386058305763,94.73965763195434,2.85140734543958
4318,17.461386058305763,94.73965763195434,3.212443245081647
4319,17.461386058305763,94.73965763195434,3.5868978091558525
4320,18.21230833429242,94.52005080747595,3.8233429154571636
4321,19.609374917565543,94.007138831486,3.569323879885613
4322,20.88586789506891,93.38907252576317,3.5925182740744046
4323,22.74037239859735,92.88019362646229,3.80769859164637
4324,24.830198782012637,92.49161073825503,3.8563644202796152
4325,26.59579545481933,91.99738334060183,4.018073999542179
4326,28.14626825703422,91.3871260199456,3.9914607543151486
4327,29.53328813845817,90.83843617522373,3.9920218832182086
4328,30.78716579182423,90.43542074363992,4.06901698346694
4329,31.927821229224527,90.02031488065008,3.640104548025515
4330,32.969313682931386,89.59430979978926,3.550090334199708
4331,33.92206301019342,89.15892954669579,3.411578307784192
4332,34.79406935241543,88.71606334841628,3.2299155914365483
4333,35.59163906633903,88.26799297834991,2.9498306860591943
4334,36.319843831875495,87.8174123337364,2.296833678747348
4335,36.98282506988287,87.3674360573924,1.951719515484582
4336,37.584003549842635,86.92159383033419,2.1154138361905406
4337,38.126228190910034,86.48380700594845,2.4957023130895797
4338,38.6118843552477,86.05834464043419,3.0325727951803674
4339,39.04297426320459,85.64975677553856,3.6152232884515296
4340,39.4211776649421,85.2627840909091,4.348830853045297
4341,39.7478981623433,84.90224475018103,5.287804410923537
4342,40.02429884509546,84.57290132547864,5.918693582146635
4343,40.25132977851983,84.27931292008962,6.265471087855975
4344,40.42974912596306,84.02567975830816,6.785344970868891
4345,40.56013916830861,83.81568926123381,7.333997343607185
4346,40.642918113766015,83.65237366003063,8.00273088218027
4347,40.67834831979546,83.53798925556409,8.583087467878094
4348,40.66654134134516,83.4739263803681,9.073614690483625
4349,40.607460051945516,83.46065699006876,9.559798209823109
4350,40.50091793946929,83.49772382397572,10.192733599528015
4351,40.34657554287256,83.58377160030052,10.748831011121311
4352,40.143933857694215,83.71661721068249,11.221941343254649
4353,39.89232438377657,81.44631117604091,12.26670372504069
4354,39.5908953034755,84.32568149210904,11.634408337743709
4355,39.23859304263653,86.99929725931132,9.646724543225684
4356,38.83413815149597,89.25137362637362,7.24154046958949
4357,37.838493713278616,90.41005291005291,6.463454833138302
4358,36.72598961040288,91.38040712468194,6.2893810656230285
4359,35.47688465093549,92.1760391198044,6.201710307677427
4360,34.06103403740302,92.81103286384976,6.0666313832505
4361,33.53748822486024,92.9388221841052,6.2853194418340195
4362,32.96016637435609,93.07563959955506,6.426147100586155
4363,32.32679230670982,91.13992436520799,7.762500514682454
4364,31.634676331361174,92.68867924528301,6.967932925514733
4365,30.880621447909164,94.05789740985271,6.316458442954942
4366,30.06079615354048,95.25565388397247,5.092094492587549
4367,28.79291232728186,95.97156398104265,4.638595107748847
4368,26.92386928693039,96.24487938097406,4.546691242476459
4369,24.608008832738395,96.41608391608392,4.479497385965307
4370,22.954097524113987,98.4796573875803,3.0688420469245576
4371,21.988115906567355,98.52819237147595,2.951180058953815
4372,20.943465148350754,98.57601283594063,2.841551075651803
4373,19.812055379992,98.62296353762606,2.678460542382916
4374,18.583382726730086,98.66891638545182,2.5759119832689783
4375,17.243309173983988,98.71376811594203,2.82008419419846
4376,15.771840735738898,98.7574378718936,3.537843340247665
4377,14.138597169604772,99.01960784313725,3.4891512584939317
4378,12.291842053933312,99.20013059092393,3.4829578499231877
4379,10.12240784152537,99.30643127364439,3.5040538955478664
4380,7.115975381672694,99.3455098934551,3.537091974706081
4381,5.237557751852812,99.49941107184924,3.5782749706516093
4382,4.758382620976999,99.57995365005793,3.6364164419344998
4383,4.189190988298596,99.5511149724877,3.6536705526457833
4384,6.9538546023610674,99.49071300179749,3.6707460821762976
4385,9.39630218869461,99.42635658914729,3.6924723389873435
4386,11.394433877135839,99.29396662387677,3.709461773831034
4387,13.136652638039289,99.08668216539355,3.695792709219888
4388,14.885322521102173,98.86519944979368,3.7123472170084657
4389,16.60566096531479,98.6284289276808,3.699370424134396
4390,18.14202396912635,98.30258302583026,3.710125656943597
4391,19.533330376884944,97.87925105082155,3.716572274139674
4392,20.80394966878497,97.50791139240506,3.7463145035076337
4393,21.39941682097895,95.41247484909456,3.5759098260462774
4394,21.39941682097895,91.52917505030182,5.095011249946352
4395,21.39941682097895,87.72635814889335,8.803052325910429
4396,21.39941682097895,84.00402414486922,12.297446189284395
4397,21.39941682097895,95.69416498993964,1.6686057530672007
4398,21.39941682097895,95.69416498993964,1.6686057530672007
4399,21.39941682097895,95.69416498993964,1.6686057530672007
4400,21.39941682097895,95.69416498993964,1.6686057530672007
4401,21.39941682097895,95.69416498993964,1.6686057530672007
4402,21.39941682097895,95.69416498993964,1.6686057530672007
4403,21.39941682097895,95.69416498993964,1.6686057530672007
4404,21.39941682097895,95.69416498993964,1.6686057530672007
4405,21.39941682097895,95.69416498993964,1.6686057530672007
4406,21.39941682097895,95.69416498993964,1.6686057530672007
4407,21.39941682097895,95.69416498993964,1.6686057530672007
4408,21.39941682097895,95.69416498993964,1.6686057530672007
4409,21.39941682097895,95.69416498993964,1.6686057530672007
4410,21.39941682097895,95.69416498993964,1.667526275829486
4411,21.39941682097895,95.69416498993964,1.6663858703591135
4412,21.39941682097895,95.69416498993964,1.6651702113696811
4413,21.39941682097895,95.69416498993964,1.6638625003624434
4414,21.39941682097895,95.69416498993964,1.6624225392850145
4415,21.39941682097895,95.69416498993964,1.6624225392850145
4416,21.39941682097895,95.69416498993964,1.6624225392850145
4417,21.39941682097895,95.69416498993964,1.6624225392850145
4418,21.39941682097895,95.69416498993964,1.6608688733604515
4419,21.39941682097895,95.69416498993964,2.1248672063069933
4420,21.39941682097895,95.69416498993964,2.1602348055925895
4421,21.39941682097895,95.69416498993964,2.1215385212586155
4422,21.39941682097895,95.69416498993964,2.326773377344111
4423,21.39941682097895,95.69416498993964,2.570318053924878
4424,21.39941682097895,95.69416498993964,2.833932234795257
4425,21.39941682097895,95.69416498993964,3.0930753296287743
4426,21.39941682097895,95.69416498993964,3.340743621856793
4427,21.39941682097895,95.69416498993964,3.5739930007878247
4428,21.39941682097895,95.69416498993964,3.7870968163251004
4429,21.39941682097895,95.69416498993964,3.9798620152926336
4430,21.39941682097895,95.69416498993964,4.170422640568389
4431,21.39941682097895,95.69416498993964,4.352475589973645
4432,21.39941682097895,95.69416498993964,4.52027634372941
4433,21.39941682097895,95.69416498993964,4.6716587224310615
4434,21.39941682097895,95.69416498993964,4.80659373931004
4435,21.39941682097895,95.69416498993964,4.919905997430154
4436,21.39941682097895,95.69416498993964,5.014991128619046
4437,21.39941682097895,95.69416498993964,5.114939579912833
4438,21.39941682097895,95.69416498993964,5.222591378042189
4439,21.39941682097895,85.85513078470825,13.15738277687275
4440,21.39941682097895,89.61770623742454,9.669073764943397
4441,21.39941682097895,93.46076458752515,6.921188440834015
4442,21.39941682097895,97.38430583501005,3.4285978797733674
4443,20.182549988355536,97.9587869362364,3.246273674158395
4444,18.85405298790926,98.42283139316561,3.0100973212868753
4445,17.243309173983988,98.71376811594203,2.8474982364997143
4446,15.41863702818793,98.91646277525341,2.67773693598996
4447,13.270884165427137,99.03910991233985,2.5532695171412136
4448,10.285745784398873,99.08943089430895,2.4742417297180976
4449,8.781452263906967,99.11894273127753,2.3808614068714378
4450,7.115975381672694,99.3455098934551,2.204239699607283
4451,5.237557751852812,99.49941107184924,2.0674724894963763
4452,4.758382620976999,99.57995365005793,1.8663438748760193
4453,4.189190988298596,99.5511149724877,1.8589024610043072
4454,6.208061115907181,99.4311377245509,1.832511425693501
4455,7.971385463025239,99.24172082946457,1.835113364133066
4456,9.551523848511046,99.10428662827896,1.8054020760120377
4457,10.987424673037834,99.07438016528926,1.7328506515864748
4458,12.303488665441556,99.04371584699453,1.6578457274014247
4459,13.516430700908893,99.01234567901234,1.5867239496791172
4460,15.772049798254617,98.97735573411249,1.5194293023123293
4461,18.148797381605355,98.88130451270384,1.5112982098444214
4462,20.079998400478647,98.7007874015748,1.5391579718596569
4463,21.754008787713285,98.42664487127094,1.5629845534711369
4464,23.243125336366553,98.21882951653944,1.6138885967381795
4465,24.58622972056152,98.152221733392,1.5636770223273808
4466,25.807651945691433,98.08394160583941,1.5053477235847699
4467,26.924031840170958,98.01418439716312,1.4244339509463495
4468,27.947438216712396,97.94319294809011,1.3121202867727138
4469,28.886995878185413,97.87126203750634,1.1881608077166266
4470,29.74981866083804,97.79874213836477,1.0733290486604252
4471,30.541583128560283,97.72604223064428,0.9703869646439781
4472,31.26690069728695,97.6536312849162,0.8602611327399466
4473,31.929569438131594,97.58203799654576,1.2159499691856563
4474,32.53275037806071,97.51184834123222,2.053851426116437
4475,33.07909442803523,97.44370054777845,3.137645818588711
4476,33.57083588172531,97.37827715355806,3.3061585889626666
4477,34.00986258905051,97.31629392971246,3.5779354906030107
4478,34.397769416721424,97.25848563968668,4.007617137596659
4479,34.7358994415166,97.2055888223553,4.588490558597477
4480,35.02537593406704,97.15832205683355,5.138174582997489
4481,35.26712727563005,97.11736444749485,6.06930568079785
4482,35.461906330347,97.08333333333333,7.2860993560471945
4483,35.61030536445822,97.05676243868255,8.866915667920939
4484,35.71276729614771,97.03808180535967,9.22546315635934
4485,38.284657899122614,96.8841642228739,9.512020796703858
4486,40.008017356455355,96.57534246575342,9.334629852444936
4487,41.396505135437515,96.09621451104101,9.379879259991235
4488,42.558568040075464,95.43230016313214,9.328002212002417
4489,43.54515256633978,95.28619528619528,9.344436499981688
4490,44.385770272703674,95.1473136915078,9.389263407653832
4491,45.09945633947652,95.01779359430606,9.421380384469
4492,45.412950046510645,93.15623592976137,8.021663306930817
4493,45.412950046510645,89.68932913102206,5.981183348358372
4494,45.412950046510645,86.40252138676271,4.836849007324602
4495,45.412950046510645,83.29581269698335,5.708205309669507
4496,45.680644280517086,90.39599453800638,6.356225583813437
4497,46.14182689011748,88.67749419953596,5.469281522761829
4498,46.508748860366886,86.75153229608675,5.182218884352476
4499,46.78567124434507,84.63007159904535,5.856684721413784
4500,46.76594695662277,84.39581351094196,6.123495820206836
4501,46.46909288165249,80.06535947712419,7.591839475765506
4502,46.10953095544426,75.79908675799086,12.542497026843218
4503,45.685265382623186,71.63846838824577,17.261068816915444
4504,45.193800624810635,84.24242424242425,5.638294924147113
4505,44.63203748187164,84.71872376154492,5.251554133602713
4506,43.99612802005308,85.21527213647441,4.611375956012147
4507,43.28126915967537,85.72549019607843,4.245414183329784
4508,42.48140100849845,86.24338624338624,3.7876100740287995
4509,41.58875013325638,87.74545454545455,2.682879249286281
4510,40.59310569503903,89.02865129280224,1.0553265669578638
4511,39.48060159216329,90.10731052984575,0.8415162549377714
4512,38.55898661848941,90.0686050310356,0.8654126999902454
4513,39.14477149579999,89.47542065324976,0.79972997502445
4514,39.55861241546469,88.76703223662346,0.9827855530279327
4515,39.815766180500475,87.9465776293823,1.924753429931357
4516,39.92459332161181,87.28671796587487,2.8185196460921813
4517,39.88840723507593,88.26479438314945,1.42082115433463
4518,39.70612019509824,89.13695434855049,0.6271485486963854
4519,39.37203647992275,89.89731699238159,0.600965951513202
4520,38.87468490652238,90.54187192118226,1.5849277794504488
4521,39.50543173690424,90.24059640799729,2.3754435340512448
4522,40.07347984045677,89.94764397905759,2.46569213564735
4523,40.58162688722955,89.66630785791173,2.5409800343764526
4524,41.0322024620388,89.40007361059993,2.522900266535525
4525,41.42714792977501,89.15254237288136,2.414300335967251
4526,41.76807647104505,88.92733564013841,2.374671132787147
4527,42.05631866527117,88.7279843444227,2.3164919645252153
4528,42.29295726451087,88.55780691299165,2.1917127256806315
4529,42.478853669949,88.41978287092883,2.184881822721834
4530,42.614667861823705,88.31643002028397,2.223501486264699
4531,42.70087300494803,88.24969400244798,2.317821877142302
4532,42.737765571664596,88.22085889570552,2.422818750630661
4533,42.725471538333096,88.23048630976706,2.7180288450008305
4534,42.663948984492805,88.27838827838828,2.8552538104893235
4535,42.55298723018592,88.36363636363636,2.931486457792148
4536,42.39220246664258,88.48460615753699,3.2335509611805997
4537,42.18102965084514,88.63905325443787,3.3614201786652806
4538,42.46572260053817,88.28650573802928,3.2654847341322477
4539,43.17328455826897,87.28300363342753,3.070324513534117
4540,43.74693760663514,86.11909650924025,3.2205749687812646
4541,44.198980835073634,80.42482299042065,6.635077819982586
4542,44.537821070059564,82.02105263157895,5.382378395500067
4543,44.76913810074144,84.13237165888842,5.233430177043952
4544,44.896539774661335,86.15253515125693,4.04392743211887
4545,44.77796339968086,87.12829226847919,3.904424683776574
4546,44.38769196286101,87.17409587888983,4.066700128168526
4547,43.85169277150475,87.26141078838174,4.220657080246915
4548,43.15303593229628,87.38775510204081,4.25553234971812
4549,42.263974540545995,88.07045636509207,3.8316360510937195
4550,41.135056854970664,88.60610806577917,3.543038973605267
4551,39.65911399352196,88.9992360580596,3.5675892041550408
4552,37.323588072254815,89.25650557620818,3.7802381332979107
4553,37.560226671494505,80.31674208144797,9.802445287159797
4554,37.74612307693263,84.1723874904653,8.068543310273053
4555,37.88193726880735,88.0,5.1368794369672335
4556,37.96814241193168,91.76334106728538,3.4911030589681573
4557,38.152678758362846,84.60038986354776,8.518438122135166
4558,38.46640749154459,85.80466587584026,7.391681029652073
4559,38.70819797967741,86.76529388244703,7.093931743017677
4560,38.879749403317945,87.46473196291818,6.6091303561252275
4561,38.879749403317945,91.6968964127368,3.0907877447282237
4562,38.879749403317945,91.6968964127368,3.141286055324449
4563,38.879749403317945,91.6968964127368,3.1876827813756075
4564,38.879749403317945,91.6968964127368,3.2319341754686346
4565,38.879749403317945,91.6968964127368,3.2042893757259447
4566,38.879749403317945,91.6968964127368,3.125622668201728
4567,38.879749403317945,91.6968964127368,3.097476855634641
4568,38.879749403317945,91.6968964127368,3.213155142146625
4569,38.879749403317945,88.43208383716244,5.396245949356104
4570,38.879749403317945,90.48770656993148,3.7706491834129694
4571,41.090211544494295,92.65373503920759,2.6125628568479247
4572,42.43308061480131,94.60598398651496,2.434202382486411
4573,43.734846931382826,95.68439407149084,3.2422996301167535
4574,44.896909836020775,94.93212669683258,2.8866538005770592
4575,45.883494362285084,94.75164011246486,3.0918442747348682
4576,46.724112068648985,94.57889641819942,3.203174444113176
4577,47.43779813542183,94.41674975074775,3.220533590603193
4578,48.03762806724412,94.26816786079836,3.2614195084592157
4579,48.53292316201202,94.13612565445027,3.3168444301337003
4580,48.930450762662296,94.02347918890075,3.2732844329752666
4581,49.235126328186766,93.93282773564464,3.374639301586448
4582,49.45044289744799,93.86637458926616,3.3959196043451936
4583,49.57873824401489,93.8257993384785,3.4912162760963845
4584,49.62135702597732,93.8121546961326,3.615155721603642
4585,49.6107091371576,92.37990060739922,3.371454490832603
4586,49.6107091371576,89.67421314191054,3.6338811382534395
4587,49.6107091371576,87.18939812258421,5.915674207310497
4588,49.6107091371576,84.9254555494202,8.020842402425655
4589,49.6107091371576,89.17725013804528,4.308360651266844
4590,49.6107091371576,89.17725013804528,4.503528987149705
4591,49.6107091371576,89.17725013804528,4.6993080145950294
4592,49.6107091371576,89.17725013804528,4.902234268503669
4593,49.6107091371576,89.17725013804528,5.1107531924811145
4594,49.6107091371576,89.17725013804528,5.3575857321782046
4595,49.6107091371576,86.02981778023192,8.659669440756717
4596,49.6107091371576,88.40419657647709,6.650108254987344
4597,49.6107091371576,90.99944781888459,4.584124856610521
4598,49.6107091371576,93.81557150745445,3.291595955824659
4599,49.776919707126,93.75348577802565,3.49374091379866
4600,49.868846708390095,93.71845204711161,3.6999108089996504
4601,49.88719718063713,93.71139809096013,3.8706075720726165
4602,49.8321109156577,93.73251259093453,4.014153006032761
4603,49.703166931245576,93.7812326485286,4.146680686200239
4604,49.49936386070591,93.85628085573231,4.297161990964806
4605,49.2190719186908,93.95574743658932,4.278526211997546
4606,48.85995046093015,94.0772078265468,4.243962524721365
4607,48.418820053828526,94.21786267423852,4.217436488945705
4608,47.89146988394671,94.37468608739327,4.238418081368541
4609,47.27236734121229,94.54456892352654,4.26666283751341
4610,46.55421052557024,94.72444653791804,4.322747192296801
4611,45.727212023266375,94.91140390731486,4.240054436941541
4612,44.77788741743446,95.10275470048099,4.094938200869104
4613,43.68684080283521,95.29609407811844,4.026730665368518
4614,42.4242407802556,96.01288763592429,3.7145623944594557
4615,40.93885593011913,96.52911685306594,3.3534923061283703
4616,39.1219845274004,96.8646255994098,2.683643282511115
4617,36.459738108732054,97.03912583715191,2.773011372183914
4618,35.90426081538997,97.12032910524512,2.7658151067847707
4619,35.283241806719296,97.20465890183029,2.786378482698472
4620,34.593035431475194,97.29119638826185,2.8252361845256804
4621,33.829170929309285,97.37909516380655,2.8758030934582783
4622,32.98610181055361,97.46759119686463,2.9357339088068635
4623,32.056834769399,97.55600814663951,2.9860511539710113
4624,31.032356902830788,97.6437587657784,3.043289634455567
4625,29.90070347373171,97.73034315049986,3.1072800057139798
4626,28.645331619163382,97.81534460338102,3.1559751054733676
4627,27.242001823433565,98.07355516637477,3.1705526546527154
4628,25.651916991374,98.41231657445273,3.149119226849594
4629,23.802859502758984,98.63583815028902,3.1591345942364573
4630,21.506547643273755,98.75583203732504,3.2138529858721974
4631,19.511310838753325,98.79725085910653,3.2457796006421034
4632,18.76750748907386,98.83089770354906,3.29565057856625
4633,17.96524917371215,98.86455798864559,3.3460463802184717
4634,18.767229623329545,98.87640449438203,3.409585167154529
4635,17.842617941116988,95.07782101167315,4.7167433551366065
4636,16.84636710809334,91.44042232277526,7.282767258020649
4637,15.772049798254617,87.96566837107378,10.718926165604332
4638,14.61155260696702,97.52475247524752,2.7695016753606394
4639,13.35434947684245,97.60438056125942,2.7474623683180344
4640,11.98628146149582,97.68211920529801,2.7493765433905195
4641,10.487334801606254,97.75784753363229,2.713639116561904
4642,8.827110556016208,98.03283767038414,2.6320273156386413
4643,6.9538546023610674,98.23247453565008,2.5833498201727365
4644,4.758382620976999,98.3632676709154,2.5006403031386863
4645,1.7263595531412619,98.43137254901961,2.4837330828814235
4646,1.7263595531412619,98.43137254901961,2.482509151256785
4647,1.7263595531412619,98.43137254901961,2.481221513321821
4648,1.7263595531412619,98.43137254901961,2.479876956829277
4649,1.7263595531412619,98.43137254901961,2.4784817417124896
4650,1.7263595531412619,98.43137254901961,2.477039942227318
4651,1.7263595531412619,98.43137254901961,2.4755489788661333
4652,1.7263595531412619,98.43137254901961,2.4740063360710356
4653,1.7263595531412619,98.43137254901961,2.4724101787617125
4654,1.7263595531412619,98.43137254901961,2.4707558624744568
4655,1.7263595531412619,98.43137254901961,2.469029546931072
4656,1.7263595531412619,98.43137254901961,2.469029546931072
4657,1.7263595531412619,98.43137254901961,2.469029546931072
4658,1.7263595531412619,98.43137254901961,2.469029546931072
4659,1.7263595531412619,98.43137254901961,2.4669048600677597
4660,1.7263595531412619,98.43137254901961,2.4647657296811305
4661,1.7263595531412619,98.43137254901961,2.4626156663873995
4662,1.7263595531412619,98.43137254901961,2.460458016873036
4663,1.7263595531412619,98.43137254901961,2.4582956612317015
4664,1.7263595531412619,98.43137254901961,2.456132521993443
4665,1.7263595531412619,98.43137254901961,2.453971096208122
4666,1.7263595531412619,98.43137254901961,2.4518128102835743
4667,1.7263595531412619,98.43137254901961,2.449658317480159
4668,1.7263595531412619,98.43137254901961,2.447507607807217
4669,1.7263595531412619,98.43137254901961,2.4453606713091376
4670,1.7263595531412619,98.43137254901961,2.4432174980652204
4671,1.7263595531412619,98.43137254901961,2.4776788459366634
4672,1.7263595531412619,98.43137254901961,2.365936925873703
4673,1.7263595531412619,98.43137254901961,2.2992804683528583
4674,1.7263595531412619,98.43137254901961,2.4834350164920784
4675,1.7263595531412619,98.43137254901961,2.6531705103465573
4676,1.7263595531412619,98.43137254901961,2.801446747135529
4677,1.7263595531412619,98.43137254901961,2.933569262822102
4678,1.7263595531412619,98.43137254901961,3.047450571731207
4679,1.7263595531412619,98.43137254901961,3.1509326519764516
4680,1.7263595531412619,98.43137254901961,3.2433068692848406
4681,1.7263595531412619,98.43137254901961,3.3277518475144423
4682,1.7263595531412619,98.43137254901961,3.405775443661727
4683,1.7263595531412619,98.43137254901961,3.478193425161345
4684,1.7263595531412619,98.43137254901961,3.547443579386884
4685,1.7263595531412619,98.43137254901961,3.6157413919549684
4686,1.7263595531412619,98.43137254901961,3.6842477950454144
4687,1.7263595531412619,98.43137254901961,3.7479929952299047
4688,1.7263595531412619,98.43137254901961,3.810047665148582
4689,1.7263595531412619,98.43137254901961,3.8789729246451325
4690,1.7263595531412619,98.43137254901961,3.94700763354473
4691,1.7263595531412619,89.81792717086834,9.811192278068619
4692,1.7263595531412619,93.02521008403362,7.4611770696536075
4693,1.7263595531412619,96.28851540616246,4.782836072836623
4694,1.7263595531412619,99.6078431372549,2.9495594302982124
4695,-0.0,99.61432506887053,2.9488034317158753
4696,-0.0,99.61432506887053,2.9477568812458608
4697,-0.0,99.61432506887053,2.946564055286249
4698,-0.0,99.61432506887053,2.9452354791314406
4699,-0.0,99.61432506887053,2.943781532491389
4700,-0.0,99.61432506887053,2.942209596428243
4701,-0.0,99.61432506887053,2.9405279454258233
4702,-0.0,99.61432506887053,2.9387484520208416
4703,-0.0,99.61432506887053,2.9368823397169144
4704,-0.0,99.61432506887053,2.934934779129696
4705,-0.0,99.61432506887053,2.9329098061628702
4706,-0.0,99.61432506887053,2.9308132502642392
4707,-0.0,99.61432506887053,2.928650251990393
4708,-0.0,99.61432506887053,2.9264231687760174
4709,-0.0,99.61432506887053,2.924127851779994
4710,-0.0,99.61432506887053,2.9217489845836533
4711,-0.0,99.61432506887053,2.919284465914629
4712,-0.0,99.61432506887053,2.919284465914629
4713,-0.0,99.61432506887053,2.919284465914629
4714,-0.0,99.61432506887053,2.919284465914629
4715,-0.0,99.61432506887053,2.9162750370526904
4716,-0.0,99.61432506887053,2.913271664202991
4717,-0.0,99.61432506887053,2.910274471132819
4718,-0.0,99.61432506887053,2.9072834387883795
4719,-0.0,99.61432506887053,2.9042985481941357
4720,-0.0,99.61432506887053,2.9013197804523925
4721,-0.0,99.61432506887053,2.8983471167429062
4722,-0.0,99.61432506887053,2.8953805383224895
4723,-0.0,99.61432506887053,2.892420026524605
4724,-0.0,99.61432506887053,2.889465562758998
4725,-0.0,99.61432506887053,2.88651712851128
4726,-0.0,99.61432506887053,2.8835747053425567
4727,-0.0,99.61432506887053,2.8806382748890456
4728,-0.0,99.61432506887053,2.877707818861684
4729,-0.0,99.61432506887053,2.8747833190457643
4730,-0.0,99.61432506887053,2.871864757300534
4731,-0.0,99.61432506887053,2.868952115558845
4732,-0.0,99.61432506887053,2.866045375826761
4733,-0.0,99.61432506887053,2.8631445201832078
4734,-0.0,99.61432506887053,2.860249530779578
4735,-0.0,99.61432506887053,2.8568773997103536
4736,-0.0,99.61432506887053,2.84933228425791
4737,-0.0,99.61432506887053,2.833264729224116
4738,-0.0,99.61432506887053,2.804375758891685
4739,-0.0,99.61432506887053,2.767147394127787
4740,-0.0,99.61432506887053,2.7294071322886473
4741,-0.0,99.61432506887053,2.6912689203657294
4742,-0.0,99.61432506887053,2.6527784699204275
4743,-0.0,99.61432506887053,2.6136944182033837
4744,-0.0,99.61432506887053,2.569793008585719
4745,-0.0,99.61432506887053,2.515574059298009
4746,-0.0,99.61432506887053,2.4456397094041633
4747,-0.0,99.61432506887053,2.3651551928311894
4748,-0.0,99.61432506887053,2.2831905156569383
4749,-0.0,99.61432506887053,2.199764516440997
4750,-0.0,99.61432506887053,2.1148863590336235
4751,-0.0,99.61432506887053,2.0284253109361163
4752,-0.0,99.61432506887053,1.9401786889042343
4753,-0.0,99.61432506887053,1.850075072825497
4754,-0.0,99.61432506887053,1.7583071148092446
4755,1.7263595531412619,99.6078431372549,1.6652041116267526
4756,4.189190988298596,99.5511149724877,1.651664359218286
4757,6.208061115907181,99.4311377245509,1.6139300000272527
4758,7.971385463025239,99.24172082946457,1.6015856092917702
4759,9.551523848511046,99.10428662827896,1.56499674812274
4760,10.987424673037834,99.07438016528926,1.4984670044127757
4761,12.303488665441556,99.04371584699453,1.4208384206603433
4762,13.516430700908893,99.01234567901234,1.345000278651889
4763,15.772049798254617,98.97735573411249,1.177129598108502
4764,18.148797381605355,98.88130451270384,1.3729216420479278
4765,20.079998400478647,98.7007874015748,2.196342658803926
4766,21.754008787713285,98.42664487127094,3.4053591434829316
4767,23.243125336366553,98.21882951653944,3.4240904879976934
4768,24.58622972056152,98.152221733392,3.475155828580761
4769,25.807651945691433,98.08394160583941,3.5292399793021656
4770,26.924031840170958,98.01418439716312,3.585796444293509
4771,27.947438216712396,97.94319294809011,3.6282327032440227
4772,28.886995878185413,97.87126203750634,3.6689972671733866
4773,29.74981866083804,97.79874213836477,3.716539301659604
4774,30.541583128560283,97.72604223064428,3.757222524545591
4775,31.26690069728695,97.6536312849162,3.8085067417641483
4776,31.929569438131594,97.58203799654576,3.869918447610699
4777,32.53275037806071,97.51184834123222,3.9224601519534663
4778,33.07909442803523,97.44370054777845,3.9808713393615016
4779,33.57083588172531,97.37827715355806,4.046259086645462
4780,34.00986258905051,97.31629392971246,4.106041239522147
4781,34.397769416721424,97.25848563968668,4.178976123480366
4782,34.7358994415166,97.2055888223553,4.259195927785839
4783,34.886657038818576,95.03355704697987,3.412191939335407
4784,34.886657038818576,90.83892617449665,4.312547442176626
4785,34.886657038818576,86.77852348993288,8.02489401035384
4786,34.886657038818576,82.85234899328859,11.26101191700919
4787,34.886657038818576,94.36241610738254,1.56885426262446
4788,34.886657038818576,94.36241610738254,1.56885426262446
4789,34.886657038818576,94.36241610738254,1.56885426262446
4790,34.886657038818576,94.36241610738254,1.56885426262446
4791,34.886657038818576,94.36241610738254,1.56885426262446
4792,34.886657038818576,94.36241610738254,2.0851244342705417
4793,34.886657038818576,94.36241610738254,2.119874411050124
4794,34.886657038818576,94.36241610738254,2.102987403272821
4795,34.886657038818576,94.36241610738254,2.3993068471923102
4796,34.886657038818576,94.36241610738254,2.664648947027655
4797,34.886657038818576,94.36241610738254,2.908042069837688
4798,34.886657038818576,94.36241610738254,3.134363453003674
4799,34.886657038818576,94.36241610738254,3.3498446235723476
4800,34.886657038818576,94.36241610738254,3.5843307829109925
4801,34.886657038818576,94.36241610738254,3.819016396881136
4802,34.886657038818576,94.36241610738254,4.04638901572657
4803,34.886657038818576,94.36241610738254,4.264729688382255
4804,34.886657038818576,94.36241610738254,4.468928383774396
4805,34.886657038818576,94.36241610738254,4.655717502947898
4806,34.886657038818576,94.36241610738254,4.828454305674356
4807,34.886657038818576,94.36241610738254,4.987817695133117
4808,34.886657038818576,94.36241610738254,5.131343890401445
4809,34.886657038818576,94.36241610738254,5.256320605549847
4810,34.886657038818576,94.36241610738254,5.368692949521334
4811,34.886657038818576,94.36241610738254,5.481596236356539
4812,34.886657038818576,84.79865771812081,13.152367893880289
4813,34.886657038818576,88.79194630872483,9.269018077379013
4814,34.886657038818576,92.91946308724832,6.165004604001809
4815,34.886657038818576,97.18120805369128,2.4289286407764066
4816,34.00297174488724,97.2744970798183,2.3889986771110254
4817,33.016031071980144,97.36842105263158,2.3620347578950387
4818,31.911983777071363,97.46223564954683,2.3296470903546544
4819,30.671102296795492,97.55529685681024,2.285457535445111
4820,29.263254364300295,98.01120448179272,2.1441008781962965
4821,27.636934768847944,98.32974137931035,1.9893410405973395
4822,25.683191902632295,98.52408078715692,1.9053289443893557
4823,22.887908611792735,98.60696517412936,1.8734578562204098
4824,22.444820949912174,98.63614223088163,1.843379980758806
4825,21.955975637726866,98.66666666666667,1.8088858768928033
4826,21.41996507621385,98.69827986982799,1.7617951962789127
4827,22.46951844424458,98.70490286771508,1.7124880246382217
4828,24.130343780934865,98.61697140178153,1.6820498685035814
4829,25.317539458283893,98.43453510436433,1.700161465675681
4830,26.21684961654383,98.15524676569238,1.6630595823024132
4831,26.897529801622976,97.97101449275362,1.8314276567347705
4832,27.39488137502334,97.95819154107924,2.536034325538662
4833,27.72896509019883,97.94921875,3.7476911549154446
4834,27.91125213017652,97.94419970631424,3.77522922483951
4835,27.947438216712396,97.94319294809011,3.8163786212515576
4836,27.838611075601072,97.94621026894866,3.866103795682269
4837,27.581457310565277,97.953216374269,3.914467132428695
4838,27.16761639090059,97.96412990790111,3.9540431486855816
4839,26.58183151359001,97.97882579403273,3.9999106970254306
4840,26.21684961654383,98.15524676569238,4.076169529134734
4841,26.21684961654383,98.15524676569238,4.12670559413252
4842,26.21684961654383,98.15524676569238,4.180333402359474
4843,26.21684961654383,98.15524676569238,4.235017389730097
4844,27.641100231652132,97.90836653386454,4.243343200054015
4845,28.917894157051943,97.82721158820486,4.291653889394268
4846,30.071495521495972,97.74436090225564,4.348531437461549
4847,31.118473659801815,97.66016713091922,4.3945313679956906
4848,33.204472307293834,97.56380510440836,4.458253346988278
4849,35.407776965843304,97.36203759854457,4.4882729094240155
4850,36.324301084993074,94.9163050216987,3.7114285902351623
4851,36.324301084993074,90.42157470551767,4.798101461883151
4852,36.324301084993074,86.05083694978302,8.688609857160069
4853,36.324301084993074,81.80409175449473,11.814291174808824
4854,36.324301084993074,94.60632362058277,1.517061972290608
4855,36.324301084993074,94.60632362058277,1.517061972290608
4856,36.324301084993074,94.60632362058277,1.517061972290608
4857,36.324301084993074,94.60632362058277,1.517061972290608
4858,36.324301084993074,94.60632362058277,1.517061972290608
4859,36.324301084993074,94.60632362058277,1.517061972290608
4860,36.324301084993074,94.60632362058277,1.517061972290608
4861,36.324301084993074,94.60632362058277,1.517061972290608
4862,36.324301084993074,94.60632362058277,1.517061972290608
4863,36.324301084993074,94.60632362058277,1.517061972290608
4864,36.324301084993074,94.60632362058277,2.254671507716882
4865,36.324301084993074,94.60632362058277,2.3519158735753267
4866,36.324301084993074,94.60632362058277,2.3296806345474574
4867,36.324301084993074,94.60632362058277,2.579173005198972
4868,36.324301084993074,94.60632362058277,2.8118015684096114
4869,36.324301084993074,94.60632362058277,3.0260388437192773
4870,36.324301084993074,94.60632362058277,3.22759495039639
4871,36.324301084993074,94.60632362058277,3.41989405266705
4872,36.324301084993074,94.60632362058277,3.6061375968538183
4873,36.324301084993074,94.60632362058277,3.779801648534759
4874,36.324301084993074,94.60632362058277,3.942281022778715
4875,36.324301084993074,94.60632362058277,4.098372835029379
4876,36.324301084993074,94.60632362058277,4.249322682338339
4877,36.324301084993074,94.60632362058277,4.4094227833574084
4878,36.324301084993074,94.60632362058277,4.5735581815076936
4879,36.324301084993074,94.60632362058277,4.733330046587955
4880,36.324301084993074,94.60632362058277,4.88644278411808
4881,36.324301084993074,94.60632362058277,5.034002342083861
4882,36.324301084993074,94.60632362058277,5.194295228765192
4883,36.324301084993074,94.60632362058277,5.366374586958295
4884,36.324301084993074,83.91196528208307,13.856741430590212
4885,36.324301084993074,88.22070675759454,10.171452878131284
4886,36.324301084993074,92.65344079355239,6.568944044374754
4887,36.324301084993074,97.21016738995661,2.8050519553386293
4888,35.6613198469857,97.29567307692308,2.8778988073674494
4889,34.93311508144923,97.38219895287958,2.955998822564631
4890,34.13554536752563,97.46906636670417,3.028618893155207
4891,33.26353902530362,97.5556762629006,3.077950567739197
4892,32.31078969804159,97.64150943396227,3.1118451438251276
4893,31.26929724433473,97.72612430520465,3.1635846449404905
4894,30.128641806934432,97.80915287244402,3.1875891188803953
4895,28.87476415356838,97.8902953586498,3.218170389452029
4896,27.487744272144422,97.96931407942239,3.2449491704570548
4897,25.937271469929534,98.32826747720365,3.129787324388046
4898,24.17167479712284,98.57978279030911,3.055122639985836
4899,22.081848413707558,98.7344314985938,3.0495595865393854
4900,19.153531395102203,98.80216383307574,2.9993643557059424
4901,18.010315806104956,98.8411214953271,2.976843760087014
4902,16.77006660054322,98.87924801156905,2.9451044038976946
4903,15.41863702818793,98.91646277525341,2.9147781355699705
4904,13.936024857343174,98.95270270270271,2.862858529998642
4905,12.291842053933312,99.20013059092393,2.761763651526478
4906,10.434344825890438,99.36908517350157,2.67666274388822
4907,8.254358647029498,99.4666260286498,2.622710928177296
4908,5.237557751852812,99.49941107184924,2.5624472693585387
4909,3.0370119579712087,99.58701224722302,2.4223242474332136
4910,-0.0,99.61432506887053,2.383792603281448
4911,-0.0,99.61432506887053,2.342242636293673
4912,-0.0,99.61432506887053,2.299847352296251
4913,-0.0,99.61432506887053,2.2566453738177787
4914,-0.0,99.61432506887053,2.0895560741301757
4915,-0.0,99.61432506887053,2.1567437463505197
4916,-0.0,99.61432506887053,2.2787404803787505
4917,1.7263595531412619,99.6078431372549,2.4605989716047727
4918,4.189190988298596,99.5511149724877,2.674790019138611
4919,6.208061115907181,99.4311377245509,2.932905719697305
4920,7.971385463025239,99.24172082946457,3.2111073382393975
4921,9.551523848511046,99.10428662827896,3.553430770047327
4922,10.987424673037834,99.07438016528926,3.9478749769937673
4923,12.303488665441556,99.04371584699453,4.407889721404883
4924,13.516430700908893,99.01234567901234,4.88996591364161
4925,14.638399322788548,98.98033503277495,5.378265601067465
4926,15.678604147459765,98.94776399849681,5.880074699490385
4927,16.64424935008254,98.91472868217055,6.374460578634434
4928,17.541107850748812,98.88134238913304,6.9190735623507535
4929,18.373893986906367,98.8477366255144,7.482264588479324
4930,19.14651592853603,98.81406183820415,8.04661629206927
4931,19.862252664107675,98.78048780487805,8.612844340802418
4932,20.52388169805002,98.74720357941834,9.146093984489942
4933,21.13377341556091,98.71441689623508,9.699537927754573
4934,21.13377341556091,94.74288337924702,7.342372647209932
4935,21.13377341556091,90.86317722681359,5.164273228310022
4936,23.97906546839185,90.6548757170172,5.388918255084519
4937,25.984045921070475,90.34825870646766,5.549869722357928
4938,28.46870680129696,90.04923555325213,5.318005841221665
4939,30.702204587563575,89.75952445285058,5.373697872778463
4940,32.24167370735019,89.25457102672293,5.280415336708752
4941,33.59312856085541,88.61574480538484,4.860039697884104
4942,34.79530194373574,87.83084879829632,3.9328602894768006
4943,35.87236401437042,86.88783570300158,3.3266446024439245
4944,36.84078267540456,86.3323500491642,3.1272320439223247
4945,38.846091955415375,85.86548310003414,2.7474981582849014
4946,40.966458448225644,85.38763844230083,2.423818284578277
4947,42.63490037082577,84.75905864774,2.2912012713333514
4948,44.03944267992645,83.96410456496294,2.2467716184397917
4949,45.25202428093834,83.3129833129833,2.4574917084437473
4950,46.3111389972777,82.95888088172954,2.564982259125812
4951,47.24069551615155,82.63552225650066,2.849268297136288
4952,48.05687483848728,82.35025148605395,3.0664793074569103
4953,48.77124475715722,82.11074301940369,3.4504897798340797
4954,49.392381410138256,81.9247679531021,4.067070959488757
4955,49.926795941376874,81.79989944695826,4.539773520830279
4956,50.3795006820867,81.7431665807117,4.734669456968917
4957,50.754372377029824,81.76067474960463,4.883135159120794
4958,51.054393378948745,81.85721953837896,4.941644927981053
4959,51.281815209718886,82.03592814371258,4.962534356695827
4960,51.43827006950086,82.2979659153381,4.739226173677829
4961,51.52484551208292,82.64234383637368,4.948441004828122
4962,51.54213142017523,83.06585500830106,4.9934008526956735
4963,51.490244574579,83.56315499172642,5.014749923046048
4964,51.36883344325418,84.12698412698413,4.80925901002482
4965,51.177063690553545,84.74851270957274,4.567684894075776
4966,50.91358288127581,85.41777541245344,4.367154096987457
4967,50.576460520059996,86.12415232133542,4.1630722357150605
4968,50.16309641123223,86.85685175751401,4.044377628406077
4969,49.67008553922336,87.60535448686167,3.9741547578011986
4970,49.09301979395157,88.35978835978835,3.93892343815882
4971,48.42619301185619,89.11121451838065,4.092977279078703
4972,47.6621498174733,89.85181859003143,4.291302819339097
4973,46.79096641594821,90.57501080847385,4.5678863499608715
4974,45.79903665454778,91.81553801412547,5.245372796564325
4975,44.84305617128922,91.41821112006447,5.1342522431944575
4976,43.88162260646718,89.40110323089047,4.965565873898494
4977,42.684479950556835,87.2021521906226,6.232488359168011
4978,42.684479950556835,84.78093774019985,8.102529661548123
4979,42.541903324061,88.4952380952381,6.103591828365589
4980,42.2177734368789,84.12401942472917,9.308851513430897
4981,41.84063025255867,79.83193277310924,12.18741882153735
4982,41.40898818706582,75.65062388591801,17.840286349080667
4983,40.921059469353146,88.68448455397431,6.133710533641496
4984,40.37470168694553,89.00505902192243,6.14629287943396
4985,39.76734848459774,89.33595027805038,6.187123515261117
4986,39.095916824702506,89.67374089325308,6.254299137278077
4987,38.3566807223556,90.01531393568148,6.250887225612172
4988,37.54509552616596,90.35788228334812,5.841890005158962
4989,36.65554662668431,90.69900142653353,5.7949098557995695
4990,35.68097778349998,91.2290349188892,5.694487885639815
4991,34.6123178306867,92.2689965581149,4.796895533206285
4992,33.437547988473725,93.14649681528662,4.230075921402304
4993,32.140075173362035,93.87405047782406,3.9133135371512533
4994,30.46763728260695,94.37514709343375,3.291170372461086
4995,28.15822206095363,94.67148340483179,3.444000006755836
4996,25.968579025308813,95.19669637035427,3.0486353332502483
4997,24.820310367784483,95.92864637985309,2.871574433186038
4998,23.567667565117944,96.53635811221389,2.860252371099903
4999,21.208542179190992,96.7270601987142,3.1933815772099576
5000,18.85405298790926,96.8456627863312,3.4340425161995385
5001,17.393940569273358,96.95431472081218,3.7104913673478506
5002,15.771840735738898,97.2873643682184,4.11000776271846
5003,13.936024857343174,97.53378378378379,4.458083946825354
5004,11.777332757306647,97.70133681121617,4.8617274754925415
5005,9.551523848511046,97.64875239923225,5.260764837471729
5006,10.987424673037834,97.2892561983471,5.632156311537694
5007,12.303488665441556,96.84084699453553,5.958304236955424
5008,13.516430700908893,96.29629629629629,5.942031048206173
5009,14.638399322788548,95.92134013109978,6.606439873533569
5010,15.678604147459765,95.79105599398723,7.537635020123467
5011,16.64424935008254,95.65891472868218,8.294974482995181
5012,17.541107850748812,95.52536955653216,10.261045254929673
5013,17.541107850748812,91.70994806232521,9.583659433816706
5014,17.541107850748812,87.97443068318019,8.775682121640223
5015,17.541107850748812,84.31881741909709,8.380893120878941
5016,17.541107850748812,92.72872552936477,13.737373308853309
5017,17.96524917371215,92.19383617193836,14.31042947454161
5018,18.76750748907386,91.02296450939457,14.460754685844686
5019,20.797256140240776,90.19226614819615,14.784434609628033
5020,23.6758629945725,89.76838317967169,15.060286596889283
5021,25.972174854057734,89.2765160383985,15.676679208678236
5022,27.821232342672747,88.66682914940287,16.271550998326024
5023,30.6596320466262,88.15153826595474,17.00583709105961
5024,32.65755699908692,87.50994431185362,17.80403978197335
5025,34.32917839656899,86.72933370196296,18.949604358887463
5026,35.78350610979015,85.79660040334197,19.29713163492056
5027,36.75516214291074,84.48224410623695,18.892560154616373
5028,37.32962119160366,82.28431071538225,19.037312998149723
5029,37.84840773234856,79.88016398612424,17.591728192479916
5030,38.31357523460006,77.27125767862917,15.87122858983969
5031,38.72685922586599,77.86966589480649,17.077694080645223
5032,38.72685922586599,65.9609659278862,7.175659463443708
5033,38.72685922586599,65.9609659278862,7.404515717568576
5034,38.72685922586599,65.7624875951042,7.401997363031251
5035,40.28485805079793,67.27580372250424,8.581211159941482
5036,42.018055560559965,66.45898234683281,8.534674232250495
5037,44.02810186317877,67.77502652989034,9.667453158495338
5038,45.28911967223902,68.87608069164266,11.313233665982432
5039,45.867737645557696,69.37956204379562,12.127873699102356
5040,46.62306490983418,67.32149603324518,10.769971428075248
5041,47.08409282602517,64.68762126503687,9.266676327631497
5042,47.29307018997111,61.45383104125737,7.196672814646773
5043,47.29307018997111,57.24950884086444,7.787868439349384
5044,47.29307018997111,53.90962671905697,8.673462784691639
5045,47.29307018997111,50.17681728880157,9.416032583478696
5046,47.29307018997111,58.70333988212181,10.303326905379341
5047,47.29307018997111,58.70333988212181,10.6811926493886
5048,47.29307018997111,58.70333988212181,11.13649491676479
5049,47.29307018997111,58.70333988212181,11.600080630920022
5050,47.29307018997111,58.70333988212181,12.01210578444997
5051,47.29307018997111,58.70333988212181,12.396049568397155
5052,47.29307018997111,58.70333988212181,12.719120025841
5053,47.29307018997111,58.70333988212181,13.046140029132129
5054,47.29307018997111,58.70333988212181,13.778516728625771
5055,47.29307018997111,58.70333988212181,14.306978076164613
5056,47.29307018997111,58.70333988212181,14.619915092672382
5057,47.48799952833465,57.29622266401591,14.1146289967944
5058,48.11625412974381,54.75409836065574,12.486845030600156
5059,49.242289969392665,52.64730999146029,10.630402168834074
5060,50.4945207723886,50.579839429081176,8.158077209935708
5061,52.23996509437177,48.59681945743686,7.145342853663965
5062,53.71140700028434,41.6952474277315,3.2680337479101245
5063,53.71140700028434,41.20529152376286,3.5181307533159094
5064,53.71140700028434,40.813326800587944,3.8140307238451494
5065,53.71140700028434,40.813326800587944,4.0015624002196715
5066,53.42890221289199,47.47717443536761,4.780169999915497
5067,53.26548387631718,47.338403041825096,4.527081003816888
5068,53.26548387631718,45.72243346007605,4.081386213421645
5069,53.640510197838985,45.08670520231214,3.7250372559375347
5070,53.90409115777981,45.42801556420233,3.656835182548973
5071,54.06060245759793,45.54794520547945,3.5394792719863006
5072,54.112507549354014,46.22549019607843,3.5430360881937366
5073,54.33788125829264,45.84783689706614,3.4136647124873423
5074,54.762571745781266,39.49923352069494,9.107121697365727
5075,55.12012743882148,41.81057038199895,7.0604717963871355
5076,55.412683779901485,45.168179391350776,5.042369143740212
5077,55.641904800388474,48.6706456863809,4.824250567572795
5078,55.35451514295633,50.93632958801498,5.339426004981693
5079,54.97332566704481,53.12664214398318,5.362576347646613
5080,53.962853143969724,54.656488549618324,6.133040843875529
5081,52.58388771392005,56.013745704467354,7.739743364180257
5082,51.31116513984529,57.41354808147797,9.159114987835828
5083,50.81387996802093,57.055503292568204,10.338901823391547
5084,51.25638185643475,50.19212295869357,13.395776528701775
5085,51.61292866278938,51.46627565982405,14.620160950718576
5086,51.88698491326452,51.78394449950446,15.038857708572015
5087,52.08105745895705,53.5035035035035,15.112211495500837
5088,52.08105745895705,52.8028028028028,16.62372639175987
5089,52.08105745895705,53.953953953953956,16.514914503131905
5090,52.08105745895705,55.25525525525526,16.595131091649765
5091,52.08105745895705,56.706706706706704,17.336429890294728
5092,51.9134342846841,55.74826560951437,18.680616908037727
5093,51.9134342846841,56.14469772051536,19.5101317341237
5094,51.9134342846841,56.24380574826561,19.759949052690875
5095,51.9134342846841,65.85728444003965,12.340882386519956
5096,50.425757970526476,67.61633428300095,11.315749015367963
5097,48.47988553731623,69.16439600363306,10.730302901458307
5098,45.941436849030424,70.57291666666667,10.78845329052711
5099,45.66558963874905,73.59215017064847,9.394537618244142
5100,45.33190652992711,76.75585284280936,7.048384591714321
5101,44.830072552530886,79.29210740439382,5.449746489531058
5102,44.25828881870853,81.5955766192733,5.105705347636494
5103,44.25828881870853,81.5955766192733,5.592868443965306
5104,44.25828881870853,81.5955766192733,5.59247714232159
5105,44.25828881870853,81.5955766192733,5.687330778389065
5106,44.25828881870853,81.5955766192733,6.012434293824262
5107,44.25828881870853,81.5955766192733,6.674662159661474
5108,44.25828881870853,81.5955766192733,7.394323013260639
5109,44.25828881870853,81.5955766192733,8.104650562557277
5110,44.25828881870853,81.5955766192733,8.76137396181411
5111,44.25828881870853,81.5955766192733,9.377316646290925
5112,44.25828881870853,81.5955766192733,9.940065786375886
5113,44.25828881870853,81.5955766192733,10.463329356200292
5114,44.25828881870853,73.73617693522907,19.167824485789907
5115,44.25828881870853,77.8041074249605,14.622441653196603
5116,44.25828881870853,82.34597156398104,11.242054173597872
5117,44.25828881870853,87.04581358609795,9.083921816144183
5118,43.61268471191403,89.02065799540934,7.425519411658038
5119,43.160900434422025,91.49888143176734,6.011077283078946
5120,41.049499522922495,91.99288256227759,5.946040544810008
5121,38.507077156216,92.42269792728509,6.048707006566816
5122,35.79140402250964,92.79454722492697,5.971270217800436
5123,34.220628274779465,92.95685279187818,6.190206942874664
5124,34.220628274779465,82.58248730964468,13.997688246899822
5125,34.220628274779465,86.80203045685279,11.565199751868946
5126,34.220628274779465,91.1484771573604,7.672958554350186
5127,34.220628274779465,95.62182741116752,3.8961858845289155
5128,33.417934663021164,96.90184049079754,2.972629932273851
5129,32.69569309290181,97.50297265160523,2.8507717586910655
5130,32.070821831827764,97.57505773672055,2.9142063083107064
5131,31.384759462949052,97.64837625979843,2.9739981776238884
5132,30.63405442567495,97.72234273318873,3.0450755631004944
5133,29.814536776406413,97.79643231899266,3.074572860302959
5134,28.92110836335292,97.87018255578093,3.118676545459192
5135,27.947438216712396,97.94319294809011,3.159004948233927
5136,26.88550327076301,98.01512287334593,3.1906634272737437
5137,25.724862281626258,98.08568824065634,3.210923143240615
5138,24.451436033553435,98.15465729349737,3.2314804510004187
5139,23.045285813995697,98.22184589331076,3.260790431124194
5140,21.47608340523819,98.55220228384992,3.1361751752887095
5141,19.692141411466466,98.78240377062058,3.0783677649964694
5142,17.58433853881769,98.92208774583963,3.0436182030341326
5143,14.638399322788548,98.98033503277495,3.0299499114493416
5144,13.516430700908893,99.01234567901234,3.04135011257784
5145,12.303488665441556,99.04371584699453,3.0530793449835225
5146,10.987424673037834,99.07438016528926,3.063209636710417
5147,9.551523848511046,99.10428662827896,3.055798686276497
5148,7.971385463025239,99.24172082946457,2.912201088344873
5149,6.208061115907181,99.4311377245509,2.6693365393165682
5150,4.189190988298596,99.5511149724877,2.603385855417317
5151,1.7263595531412619,99.6078431372549,2.9086532616263465
5152,-0.0,99.61432506887053,2.9212947354377663
5153,-0.0,99.61432506887053,2.940534889630689
5154,-0.0,99.61432506887053,2.9641904441736964
5155,-0.0,99.61432506887053,2.9870508582432374
5156,-0.0,99.61432506887053,3.0092072461558472
5157,-0.0,99.61432506887053,3.0303908001106983
5158,-0.0,99.61432506887053,3.05067140615717
5159,-0.0,99.61432506887053,3.0685937534381553
5160,-0.0,99.61432506887053,3.081072106829109
5161,-0.0,99.61432506887053,3.0889596231749543
5162,-0.0,99.61432506887053,3.096628302757511
5163,-0.0,99.61432506887053,3.1059413851913753
5164,-0.0,99.61432506887053,3.1142388216036005
5165,-0.0,99.61432506887053,3.122077949148866
5166,1.7263595531412619,99.6078431372549,3.1369226940035104
5167,4.189190988298596,99.5511149724877,3.1934463910865403
5168,5.237557751852812,97.79151943462898,3.4036732605143314
5169,5.237557751852812,94.41990577149588,5.154532998121853
5170,5.237557751852812,91.10718492343933,7.606178075224456
5171,5.237557751852812,87.85335689045937,10.928482787516307
5172,5.237557751852812,98.26266195524146,2.1341092764257934
5173,5.237557751852812,98.26266195524146,2.0172703265667113
5174,5.237557751852812,98.26266195524146,1.8885981745293974
5175,5.237557751852812,98.26266195524146,1.7887868763285142
5176,5.237557751852812,98.26266195524146,1.730003093467557
5177,5.237557751852812,98.26266195524146,1.7255691170107064
5178,5.237557751852812,98.26266195524146,1.7847917086472467
5179,5.237557751852812,98.26266195524146,1.8865984311077677
5180,5.237557751852812,98.26266195524146,2.025017428842913
5181,5.237557751852812,98.26266195524146,2.1986108562095263
5182,5.237557751852812,98.26266195524146,2.407911090036521
5183,5.237557751852812,98.26266195524146,2.6539438130338024
5184,5.237557751852812,98.26266195524146,2.926453553064505
5185,5.237557751852812,98.26266195524146,3.2109505068923276
5186,5.237557751852812,98.26266195524146,3.505790374958822
5187,5.237557751852812,98.26266195524146,3.809396136418751
5188,5.237557751852812,98.26266195524146,4.121084621790531
5189,5.237557751852812,98.26266195524146,4.440351902005963
5190,5.237557751852812,98.26266195524146,4.764369081801698
5191,5.237557751852812,98.26266195524146,5.096156792616452
5192,6.9538546023610674,98.23247453565008,5.427249640693689
5193,8.2543586470295,96.4492532764401,4.571141654736038
5194,8.2543586470295,93.02042060347455,2.093854189983035
5195,11.260791106882175,92.85037878787878,2.2544575729064813
5196,13.430225319290118,92.61196469434455,2.1712622165027344
5197,15.27698043496158,92.29857819905213,2.3148451049747982
5198,16.910224001095703,91.90325972660358,2.4416331701813156
5199,18.381692439340792,91.72714078374456,2.6833500191217716
5200,20.74775818292235,91.53339604891815,2.7829706319141447
5201,23.118689389487795,91.26099706744868,2.7740876214949197
5202,25.043958273325934,90.89985781027829,3.047504705374485
5203,26.711916065839063,90.44102131251319,4.541203627330431
5204,28.194854566279915,90.05040543502082,4.890239625142299
5205,29.531650137842657,89.806598407281,5.199680637071794
5206,30.746627130433907,89.56316410861865,5.335000019076221
5207,31.856419341958365,89.321577271614,5.6759311821156
5208,32.873089145686066,89.08352373698908,6.096713502897117
5209,33.80575445828159,88.85090717854325,6.118468198849602
5210,34.66152174071631,88.62585034013605,5.992580761251775
5211,35.44605964509293,88.41068917018283,5.884105747900253
5212,36.16397108571414,88.2079581760093,5.813455575027159
5213,36.819044982085664,88.02036537885594,6.096034303469016
5214,37.414432491596074,87.85075547332717,6.642118170292383
5215,39.26958537990059,87.584,7.4457715454251305
5216,42.00205383308423,87.16057660073751,7.404790884166548
5217,43.89128068579885,86.59178659178659,7.4470580520421406
5218,45.451288279331074,85.8611825192802,7.332235010760849
5219,46.790925245890605,84.95201535508637,7.143642370123306
5220,47.96158469165119,84.52905811623246,7.161326758060718
5221,48.99327653656408,84.12035102381947,7.322149622279034
5222,49.905594466075414,83.73205741626795,7.283234616109617
5223,51.414028160215295,73.26057298772169,5.213326609264487
5224,53.17021546673059,76.9708552317248,3.6867213068876095
5225,54.081784046034784,79.75247524752476,5.752016315018818
5226,54.3712822556355,81.36363636363636,6.940844278759193
5227,52.912625302279125,78.89324191968659,5.820608655657875
5228,50.59343750575075,76.2784090909091,3.973244967105957
5229,50.757073470945905,83.33333333333333,9.514219476752613
5230,50.865784355053854,83.4942084942085,10.213134201462614
5231,51.52992745355737,83.22644301924025,10.76813146712795
5232,52.11055611824468,80.78470824949699,9.8770465649232
5233,52.08281797365865,76.7570281124498,6.100064501809969
5234,51.99948304797686,72.65469061876247,3.3200080126346236
5235,51.86018669974551,68.97233201581028,4.145753632153153
5236,51.66431043038524,77.87524366471735,9.2440034337709
5237,52.28578380299287,76.54382470119522,7.883660214725843
5238,52.779023001038794,75.05070993914808,6.740537759614162
5239,53.154049322560596,73.40534979423869,6.367523446069877
5240,53.41763028250141,73.28482328482329,6.798658757654264
5241,53.574141582319534,73.43096234309624,7.77284447215987
5242,53.62604667407563,73.68972746331237,8.733742055643761
5243,53.574141582319534,74.05857740585775,10.54059465955834
5244,54.69253315166366,74.18335089567967,11.77285691631584
5245,56.02907591034318,73.90139335476957,12.988705190547169
5246,55.716886699843904,71.71610169491525,12.337636071222565
5247,55.69077430554847,70.30590717299577,13.799961733928251
5248,55.35884674667505,68.1159420289855,14.756243646016527
5249,55.177522685865156,66.869918699187,15.750239303358082
5250,55.46018085823099,67.07441386340469,18.0019948798875
5251,55.36754015250649,67.00610997963341,20.203116493662474
5252,54.87900131436593,66.66666666666667,22.600063896505535
5253,53.26737547556836,66.39919759277834,24.645509067504566
5254,52.12511692226482,66.6170634920635,26.38197219821809
5255,50.81824315995988,64.44987775061125,25.361528811514514
5256,51.010108437580485,62.58000984736583,25.223432644703873
5257,51.30780188268881,60.079641612742655,24.03302363102647
5258,51.41494179121747,60.31984007996002,24.897035701725088
5259,51.41494179121747,60.31984007996002,25.54791187900295
5260,51.41494179121747,60.31984007996002,26.055147166758324
5261,53.09171075083691,57.58835758835759,25.47041373802532
5262,55.03758318404716,55.415754923413566,25.80020472947787
5263,55.68658631167198,52.11984171848502,22.760229172807826
5264,56.89582336539934,49.379065641632174,19.975594621563694
5265,57.70550381315175,45.965770171149146,18.338372548159825
5266,58.12783712471611,42.16791979949875,15.067572413290684
5267,58.674414869878454,38.63049095607235,11.553463898934982
5268,60.2878715398476,35.369127516778526,9.622246114254727
5269,62.03786770369758,32.34880450070324,9.702341073789405
5270,62.897953329098776,28.851744186046513,5.862341976400846
5271,63.17829985676614,25.0,11.517103760267668
5272,63.36329523948022,21.03293413173653,12.88154219519547
5273,63.455238740560624,21.15963855421687,14.420983856854487
5274,63.45523874056062,25.0,16.323823948043383
5275,63.36329523948022,27.919161676646706,13.336826682821059
5276,62.906229706899566,29.553767373811265,10.723584293343498
5277,62.52890113440489,30.637079455977094,6.820679583300804
5278,62.040705150303374,32.055749128919864,8.978844389704888
5279,61.432967539756945,33.7609723160027,13.967049445586364
5280,60.69316527786103,36.5472312703583,16.190968174826665
5281,59.80273868595191,39.198497182216656,15.03833697596124
5282,58.73258842413874,41.691661667666466,12.815945597675608
5283,57.43212770547795,44.01146131805157,10.691069952514988
5284,56.45836618788705,46.45409565695437,10.994723782663034
5285,55.30859731658061,48.60599684376644,10.457382171030666
5286,54.819000009154216,49.56566172713337,11.24896959971486
5287,54.24915527188615,50.66798614547254,11.556144762187664
5288,53.59393921861459,52.603917821309125,10.102100250230873
5289,52.8467414507621,55.13115508513576,8.535762871083904
5290,51.99889713120327,57.45245466607696,
5291,51.038758877450476,59.56724649978786,
5292,49.533824459096806,61.23027114528531,
5293,48.42621084869901,62.73749515316014,
5294,47.16665974224371,64.37847866419295,
5295,45.71658375524857,65.83894998226322,
5296,44.82474260429455,66.48180242634315,
5297,45.03926998688815,66.45724258289704,
5298,45.787543900464264,66.79646017699115,
5299,46.358026343029564,66.80988184747584,
5300,46.77176833150744,67.06392199349946,
5301,47.54892021807581,67.84800876872488,
5302,47.84883518398695,68.17180616740089,
5303,47.84883518398695,68.17180616740089,
5304,47.84883518398695,68.17180616740089,
5305,48.55821623127028,70.662100456621,
5306,49.542639773044826,72.45415528677331,
5307,49.542639773044826,72.45415528677331,
5308,48.48237490687479,71.61588893173929,
5309,47.289892977367806,70.85082029759634,
