second,entropy_g,det_g,rmse_g
30,32.63145311797969,75.57697184884606,
31,31.02766236649135,76.47918188458729,
32,29.165207009094928,77.2610422996027,
33,27.52091202992886,77.57437070938215,
34,26.507481849248876,74.96682883679787,
35,26.507481849248876,75.16585581601062,
36,24.900174360703524,73.57714780350574,
37,23.931175200395096,73.4341252699784,
38,22.8241025124782,70.42988313856428,
39,21.619280034053116,67.59371221281741,
40,20.97599255761768,66.23762376237623,
41,20.97599255761768,66.23762376237623,
42,19.59637621224772,63.93348623853211,
43,18.07147843394122,61.6931021763187,
44,16.362388864300907,59.50177935943061,
45,16.362388864300907,65.37366548042705,
46,16.362388864300907,65.37366548042705,
47,16.362388864300907,65.37366548042705,
48,16.362388864300907,65.37366548042705,
49,16.362388864300907,65.37366548042705,
50,16.362388864300907,59.62633451957296,
51,16.362388864300907,62.63345195729537,
52,16.362388864300907,65.71174377224199,
53,16.362388864300907,68.86120996441281,
54,14.885322521102173,69.54951856946354,
55,13.24658424457637,70.29900332225914,
56,13.24658424457637,73.43853820598007,11.092569133834369
57,13.24658424457637,76.54485049833887,11.282958734117084
58,12.291842053933312,76.82011100228534,11.4958696026215
59,12.291842053933312,76.82011100228534,11.602696375194178
60,12.291842053933312,76.82011100228534,11.594722527745041
61,12.291842053933312,76.82011100228534,11.450345676315415
62,12.291842053933312,76.82011100228534,11.214291480889775
63,12.291842053933312,76.82011100228534,10.902255989626287
64,12.291842053933312,76.82011100228534,10.645252471294484
65,12.291842053933312,69.65393405158342,12.13618709317205
66,12.291842053933312,72.73914462944825,10.580729976345248
67,12.291842053933312,75.88965066927848,9.78249870612469
68,12.291842053933312,79.1054521710741,9.274046907057015
69,10.434344825890438,79.60567823343848,9.109631014304345
70,8.2543586470295,79.91466016458396,8.478736025737762
71,8.2543586470295,79.91466016458396,7.646196759882007
72,8.2543586470295,79.91466016458396,6.854807931731772
73,8.2543586470295,79.91466016458396,6.3800014744110385
74,9.219700334919128,79.69621822690638,6.06408827913645
75,10.972565286233687,79.32029496633537,5.463208737383034
76,12.542057481308383,78.73010610079575,5.3361561165018925
77,14.396783682961619,78.16683831101956,4.911479671901618
78,16.362388864300907,77.63345195729538,4.191641851973651
79,18.07147843394122,77.01954998155662,4.285561617513508
80,18.85405298790926,74.97183627487796,4.463336815786181
81,18.85405298790926,71.61096507698085,4.71805366389805
82,18.85405298790926,68.32519714607585,5.889836020910864
83,18.85405298790926,65.2647390161472,6.363159386749251
84,18.85405298790926,74.20202778820878,5.187757243297583
85,18.85405298790926,74.20202778820878,5.539342705280171
86,20.532187165342926,73.90888208269526,5.711572713629538
87,22.897244686305037,73.25905292479109,4.863954377166189
88,24.81652181066634,72.51861042183623,5.216862409710657
89,26.47836492514837,71.68027503223034,5.838181911949552
90,27.955060679891236,63.370535714285715,3.080417418631424
91,27.955060679891236,63.370535714285715,3.2059789973855852
92,27.955060679891236,63.370535714285715,3.393750928796546
93,27.955060679891236,63.370535714285715,3.5344278961404534
94,27.98824888710446,63.38468408126814,3.758358371668569
95,29.31866816570431,65.82425226060747,4.513615055006698
96,30.527129479082515,68.32731648616125,3.6931943131384806
97,30.527129479082515,68.13477737665464,4.171472782327478
98,31.630260394639333,70.66167290886392,4.058636639844112
99,32.64011662781573,73.75097074812322,5.029595297158161
100,33.56580897012817,77.01796728345401,4.279975350326438
101,32.59604354822107,75.5829185223998,5.317336865282228
102,31.827690266692255,72.3305954825462,7.297075093192259
103,31.827690266692255,68.55749486652978,9.80494724844029
104,31.827690266692255,64.8870636550308,11.658805952586725
105,31.827690266692255,74.58932238193019,9.95607244937545
106,31.827690266692255,74.58932238193019,10.869608484592254
107,31.827690266692255,74.58932238193019,11.72554042828845
108,31.827690266692255,74.58932238193019,12.52580963303439
109,31.827690266692255,74.58932238193019,13.286604185302659
110,31.827690266692255,74.58932238193019,14.075832403521247
111,31.827690266692255,74.58932238193019,15.282957466442442
112,31.827690266692255,74.58932238193019,16.353688206310654
113,31.827690266692255,74.58932238193019,17.383427503124008
114,31.827690266692255,74.58932238193019,18.339511491765982
115,32.59604354822107,74.11579774692167,19.815106776603788
116,33.99937334395089,73.06957708049113,18.719816261631525
117,33.99937334395089,69.00409276944066,20.922145191894074
118,33.99937334395089,65.04774897680764,21.2167894364041
119,34.41443624529494,62.25367749097974,21.52638131452086
120,35.191658905777686,60.659971305595406,21.693346418776635
121,35.902071047239836,58.75555555555555,21.60871807310172
122,36.54945208763185,56.70638557897953,22.44244929336274
123,36.54945208763185,53.40666055606477,
124,36.54945208763185,49.83195844790712,
125,36.54945208763185,46.3794683776352,
126,36.54945208763185,51.115184845707304,
127,36.54945208763185,51.115184845707304,
128,36.54945208763185,51.115184845707304,
129,36.54945208763185,51.115184845707304,
130,37.167454835282385,50.26504521359526,
131,38.30463250659841,44.01168451801363,
132,38.828687541146856,44.554783184376035,
133,38.828687541146856,44.28997020854022,
134,38.828687541146856,44.554783184376035,
135,37.751625470512174,42.82532612153993,
136,36.54945208763185,51.35960892147877,
137,35.197997234126625,53.06361770741718,
138,34.53532849328198,55.13221495592835,
139,34.180721485925524,56.28323537643437,
140,34.13767907201276,55.5033185840708,
141,35.44878151804999,53.91705069124424,
142,36.62493967093292,52.18824940047961,
143,36.993613236729864,44.285278878390734,
144,37.68094424732067,45.73497009757633,
145,38.30463250659841,47.160012982797795,11.528871191590767
146,38.86778560848331,49.08118944203141,11.890333697298974
147,38.0783649050296,50.44451761606849,11.870946864712208
148,37.077729298238395,51.11686629977339,12.20398635752227
149,35.7956741986575,51.76246427437282,12.533222340472882
150,34.04567803480754,52.377991917935965,12.862105451429285
151,32.84760412805717,53.87957790192427,13.134727532440044
152,33.172685187439576,56.826801517067004,3.256847739521771
153,33.45113747349668,59.82658959537572,2.1536057367278794
154,33.68378354684643,62.630208333333336,4.208367822289914
155,33.68378354684643,62.630208333333336,3.918176083566113
156,33.68378354684643,62.630208333333336,3.65689631083573
157,33.68378354684643,62.630208333333336,3.4582798097965375
158,33.68378354684643,58.7890625,5.329069372910292
159,33.68378354684643,60.774739583333336,2.5279809657209986
160,33.68378354684643,62.890625,3.9855745033490533
161,33.68378354684643,65.13671875,4.749895969320019
162,33.871292237342324,64.68071099407506,5.75813835912554
163,34.014190827152014,64.30942895086321,7.1709128852165245
164,34.11287428587326,64.02805611222445,8.353748643657418
165,34.1676119782018,63.84048257372654,9.46558435252781
166,34.178552136547204,63.74916163648558,10.543789424084993
167,34.145724287364665,63.75502008032129,11.563033103378501
168,34.06903973150562,63.85742838107928,12.630153855506618
169,33.9482900982687,64.05423280423281,13.726152872389662
170,33.783143913730314,64.3418467583497,14.840211270895626
171,33.57314104022343,64.71539456662354,16.10176062811758
172,33.31768474880028,63.79859783301466,17.018154097012307
173,33.016031071980144,66.16541353383458,18.063859519962996
174,32.6672749392321,68.68469575906576,18.17406857931258
175,32.27033240731561,71.05896510228641,19.684184660982833
176,31.133154735999586,72.02898550724638,23.812939221715478
177,30.28629286583965,73.65757660950239,24.031230865627855
178,29.791206952980374,75.69272976680384,23.065547965487756
179,29.244874140825907,77.35899492114407,22.55578735001568
180,29.244874140825907,81.28842555466453,20.028549620141092
181,29.244874140825907,85.32477947072975,
182,29.244874140825907,89.46805666933975,
183,28.95188934923692,91.71940928270043,
184,28.32490193516867,92.0,
185,27.641100231652132,92.2808764940239,
186,26.897529801622976,92.56038647342996,
187,26.090671987097906,92.48595505617978,
188,25.216294388895182,93.60834088848594,
189,24.26924062264165,94.58333333333333,
190,23.243125336366553,95.41984732824427,
191,23.417235860262668,95.78903481342506,
192,24.09635909947816,95.94904990603466,
193,24.89021821495754,95.86742185861128,
194,24.300803657485066,93.77447948876521,
195,23.04210826009702,90.18905472636816,
196,21.662491914727056,87.03668139043594,
197,20.137594136420557,84.12080785621642,
198,18.428504566780248,95.60321715817695,
199,16.462899385440956,95.84554387174624,
200,15.336999867906476,97.76536312849161,
201,13.354909621645431,97.95718254616767,
202,10.928220760924155,98.0754062154914,
203,7.921788301071481,98.14166031987814,
204,7.921788301071481,98.14166031987814,
205,7.921788301071481,98.14166031987814,
206,7.921788301071481,98.14166031987814,
207,7.921788301071481,98.14166031987814,
208,7.921788301071481,98.14166031987814,
209,7.921788301071481,98.14166031987814,
210,7.921788301071481,98.14166031987814,
211,7.921788301071481,98.14166031987814,4.719280045107626
212,7.921788301071481,98.14166031987814,4.533865922422705
213,7.921788301071481,98.14166031987814,4.411071047436344
214,7.921788301071481,98.14166031987814,4.550887273020074
215,7.921788301071481,98.14166031987814,5.2231692389131785
216,7.921788301071481,98.14166031987814,6.240415225306652
217,7.921788301071481,98.14166031987814,6.390271043468541
218,7.921788301071481,98.14166031987814,6.518740463616084
219,7.921788301071481,98.14166031987814,6.261117336505001
220,7.921788301071481,98.14166031987814,6.210368121272489
221,7.921788301071481,98.14166031987814,6.294841686448728
222,9.219700334919128,98.09361438313701,6.506700265283181
223,11.394433877135839,97.94608472400513,6.852614205325286
224,13.246584244576374,97.72425249169436,7.429041424009174
225,14.885322521102173,97.42090784044017,8.336762760459589
226,16.362388864300907,97.02846975088968,9.576077769394253
227,17.708167467037534,96.53902798232696,10.994141450135691
228,18.942656497084737,96.09672505712109,12.138373833366417
229,20.07999840047865,95.76771653543307,12.850831820539549
230,21.13070175341675,95.42310821806346,13.16940068105227
231,23.286319919654957,95.14870280531534,13.28499022200083
232,25.614865479442066,94.8847420417124,12.910552709456422
233,27.496869431545246,94.51679232350925,12.553835229218436
234,27.496869431545246,90.38153986748915,10.973303255045275
235,27.496869431545246,86.33767420607722,12.465146294953609
236,27.496869431545246,82.38519533927348,7.909309937126186
237,27.496869431545246,91.31825451222298,10.804276008044745
238,27.496869431545246,91.31825451222298,10.857711022922533
239,28.335351491312537,91.0510370542997,10.965709607869009
240,29.859899405857764,90.42424242424242,11.024277420006719
241,31.22041805633223,89.63952609024452,11.328316571035261
242,32.28972561184441,88.49673202614379,11.931873102389298
243,33.1163832683809,86.99648553663152,11.304386971656108
244,33.703822569923936,84.20617420066152,10.662440985957707
245,33.703822569923936,79.82359426681367,15.086815616638527
246,33.703822569923936,75.79933847850054,18.919700161038396
247,33.703822569923936,71.69239250275633,20.16679955128764
248,33.703822569923936,73.56670341786108,20.03706851449475
249,33.703822569923936,77.78390297684675,16.034070407950225
250,33.703822569923936,82.11135611907387,12.357769568108598
251,33.703822569923936,86.54906284454245,5.354511859486562
252,32.884304920655396,88.0863539445629,5.209162943237684
253,31.9908765076019,89.3923789907312,5.049161005477332
254,30.90954807633077,90.41945892280962,4.717384608340442
255,30.90954807633077,90.41945892280962,3.7855084616392087
256,30.90954807633077,90.41945892280962,3.7855084616392087
257,30.90954807633077,90.41945892280962,3.7855084616392087
258,30.90954807633077,90.41945892280962,3.2593341289151225
259,30.90954807633077,90.41945892280962,4.140214644356725
260,30.90954807633077,90.41945892280962,4.366000386722298
261,30.90954807633077,90.41945892280962,4.273466996294007
262,30.90954807633077,90.41945892280962,4.054470923732012
263,30.90954807633077,90.41945892280962,3.850030373004374
264,30.90954807633077,90.41945892280962,3.558405351803123
265,30.90954807633077,90.41945892280962,3.2037418920397593
266,30.90954807633077,90.41945892280962,2.850238963423829
267,30.90954807633077,90.41945892280962,2.624797571328606
268,30.90954807633077,90.41945892280962,2.5329639629779908
269,30.90954807633077,90.41945892280962,2.5632128413066977
270,30.90954807633077,90.41945892280962,2.8542941543864755
271,30.90954807633077,90.41945892280962,3.28051124380008
272,30.90954807633077,90.41945892280962,3.770936828208899
273,30.90954807633077,90.41945892280962,4.2031006977742225
274,30.90954807633077,90.41945892280962,4.594299568254486
275,30.90954807633077,90.41945892280962,4.931967764105912
276,30.90954807633077,90.41945892280962,5.581533527740588
277,30.90954807633077,90.41945892280962,5.800754762840945
278,30.90954807633077,90.41945892280962,5.883893093027309
279,30.90954807633077,81.45941921072226,13.867215016258037
280,30.90954807633077,85.50508811119384,5.2904006997037
281,30.90954807633077,89.50111690245718,5.544529509164525
282,30.90954807633077,93.79498634896997,4.041203290940257
283,29.605338688405336,94.48292333412945,3.6089256300615915
284,28.15428895100928,95.03790489317711,3.6153817849656016
285,28.755412895498182,95.24241051200725,3.259497270311466
286,29.94193254345895,95.28473804100227,3.3043216610693444
287,30.602514270432206,95.24462734339278,3.1968227619128604
288,30.908832206808874,95.41914796152085,3.1862269219214
289,31.84464315990408,95.5943093162001,3.2206747503654207
290,33.09295803179797,95.81416743330267,3.195562971933599
291,33.526814533886785,95.902394106814,3.2819132451988047
292,33.52681453388678,95.902394106814,3.443974360825191
293,32.8476912946713,95.72610294117646,3.689955664454411
294,32.6609617321143,95.48538011695906,4.1350942826116075
295,34.40808525474203,95.24969549330085,4.803370170045695
296,36.073861849529465,84.03148007108403,6.012297335245381
297,37.364521094089866,87.45046235138706,7.310662239974368
298,40.19594782776023,91.51230301354714,9.352897204019234
299,42.18673277295299,95.74775817182528,8.965971777514072
300,42.29666437949008,95.80318379160637,9.436081126360985
301,41.9587569366389,95.63709910430511,9.915519394701983
302,41.25956727026407,95.61959654178675,10.405052170981538
303,40.437312335581574,95.29006318207927,10.959465989372625
304,38.36045933334522,94.66476462196862,10.00304730634276
305,39.407437471651065,93.65173539009196,9.983546569660698
306,42.19522146333156,93.31259720062208,10.141237335065128
307,44.81174926237689,92.9177545691906,10.458659340281734
308,46.599556293219344,92.23931623931624,10.308377276802304
309,47.72862238679692,91.14601927882899,10.570852174926355
310,48.7413021424883,89.83240223463687,10.527418226694635
311,49.651489516440996,88.28094683740784,10.491313816722114
312,50.46942573573925,87.80783205490513,10.761865712699908
313,52.31446951211485,86.95282617934552,10.684741059208251
314,53.82894342775262,85.87393831023692,10.681777269784746
315,54.49908479192078,82.49312557286893,5.1124280329254255
316,54.49908479192078,77.13107241063244,10.036321801994575
317,54.49908479192078,71.95233730522456,11.75396287618854
318,54.49908479192078,66.95692025664528,9.475168238944855
319,54.49908479192078,81.39321723189734,1.7520891539264658
320,54.49908479192078,81.39321723189734,1.7520891539264658
321,54.49908479192078,81.39321723189734,1.7520891539264658
322,54.49908479192078,81.39321723189734,2.4487003031908294
323,54.49908479192078,81.39321723189734,2.5079829238731812
324,54.49908479192078,81.39321723189734,2.555491284747952
325,54.49908479192078,81.39321723189734,2.920614386163105
326,54.49908479192078,81.39321723189734,3.6188170811934084
327,54.49908479192078,81.39321723189734,4.268925038770634
328,54.49908479192078,81.39321723189734,4.893581336942831
329,54.49908479192078,81.39321723189734,5.473407176017845
330,54.49908479192078,81.39321723189734,6.01376127548882
331,54.49908479192078,81.39321723189734,6.544318864811149
332,54.49908479192078,81.39321723189734,7.138347627813103
333,54.49908479192078,81.39321723189734,7.760454900791424
334,54.49908479192078,81.39321723189734,8.380986799726086
335,54.49908479192078,81.39321723189734,8.977138949916913
336,54.49908479192078,81.39321723189734,9.46582897954752
337,54.49908479192078,81.39321723189734,10.001809676173822
338,54.49908479192078,81.39321723189734,10.483424771322328
339,54.49908479192078,81.39321723189734,10.901620831431982
340,54.49908479192078,81.39321723189734,11.296546222440856
341,54.49908479192078,81.39321723189734,11.750490758254863
342,54.49908479192078,69.43171402383135,16.388608032342255
343,54.49908479192078,74.51879010082493,21.089533475789633
344,54.49908479192078,79.78918423464711,15.789071174672156
345,54.49908479192078,85.24289642529789,6.650344514609448
346,53.41039991648087,86.74540682414698,6.431938042646595
347,52.169194935535145,87.98999165971642,5.778013458977562
348,50.736917263251094,88.99920571882447,6.527549915023782
349,49.04157453912929,89.79591836734694,6.538494270819927
350,47.46428467077974,90.59798270893371,7.067044056023317
351,46.48752749823527,91.32088520055325,6.8268000464079
352,45.40235384986215,92.44031830238727,7.024594948977449
353,44.19228379732354,93.36086404066074,6.948181691810595
354,42.833136087838795,94.09975669099757,7.469527051710646
355,41.28616766889313,94.67403958090803,7.174972838423141
356,39.30260928704598,95.04730105731775,7.128850235667111
357,37.04742968627193,95.34326769558275,5.652625046664786
358,34.94700141304282,95.52658486707567,5.734381345843678
359,33.930331609315125,96.05522682445759,5.630681934501076
360,32.82053939779067,96.8393536121673,5.434211119760217
361,31.60556240519943,97.48168498168498,5.346197178156888
362,30.268766833636683,97.99382716049382,4.836161934152256
363,27.364786895473188,98.0956411341515,4.691645557958513
364,25.45156236583339,98.3109483109483,4.145192932860329
365,23.092436979906438,98.43444227005871,3.797429871469119
366,20.308282632845124,98.53135002824327,3.5121642231745427
367,17.35658324130145,98.60431393873482,3.3482789150795003
368,16.525575105210557,98.73575498575498,2.6164311500565907
369,16.60566096531479,98.6284289276808,2.5728066103275253
370,16.525575105210557,98.59330484330485,2.375308525800484
371,16.525575105210557,98.59330484330485,2.061572056466463
372,16.525575105210557,98.59330484330485,2.175767703682527
373,16.525575105210557,98.59330484330485,3.0220694477222056
374,17.461386058305763,98.7339514978602,4.277031416165251
375,18.23315000324576,98.9103251161129,5.841543469609121
376,20.18750631001274,98.73980726464048,6.596603952995444
377,22.740855747138966,98.59507313317937,7.649568731415811
378,24.819379807788504,98.40063974410236,9.242130986801492
379,26.320663629194392,98.02904564315352,11.181166766220809
380,27.676188807299745,97.54627636676712,13.06821410259361
381,28.910296138024783,96.94196428571429,15.052258420245764
382,30.03963694425601,96.3905599259602,17.082761504738716
383,31.07629229972016,95.97315436241611,19.09123832162814
384,32.02940010455821,95.53349875930522,20.792533846727693
385,32.90608820637142,95.07186858316221,21.596463813745935
386,33.712048181579526,94.58885941644563,22.991309903750707
387,34.451907557545674,94.08543263964951,24.070299850783844
388,35.91364139887229,93.46461187214612,25.479076494367348
389,37.20983841764502,92.68727705112961,26.64927097177524
390,38.370708870075305,91.73886138613861,27.876805717119026
391,38.90684996663339,88.86083938150836,28.253182266025256
392,38.90684996663339,84.28526349005996,26.54294532194973
393,38.90684996663339,79.83591038182392,22.410126781722074
394,39.416064875244246,76.994851994852,15.13114711071225
395,41.47485804205715,76.18407793080281,16.34776127956984
396,43.62979635105206,75.34343078548785,16.92301242373087
397,44.07710680613094,72.31597845601436,17.480778043280502
398,44.07710680613094,67.97127468581688,20.543731731188544
399,44.07710680613094,63.77019748653501,21.097206450642116
400,45.065913998384474,61.16219198234645,19.81102497642787
401,45.63035687303729,58.930602957906714,13.715477493490393
402,46.13253157910589,56.535310183378854,12.418183825885233
403,46.57492661892411,53.9847817380857,10.552062686131288
404,46.959599178973555,55.268552685526856,12.028575496831964
405,47.28824346923535,54.834658853076604,12.802002626564674
406,47.5622420533213,54.53770771197273,13.479044261663207
407,47.782704555602706,54.38824038045828,13.684584372686734
408,47.95049672911029,54.394403148229124,13.686396141682316
409,48.06626193401769,54.561480828558835,13.560132992686581
410,49.55985753035444,54.26636568848758,13.105701699783811
411,50.35135328311521,52.23605348086676,11.217684137167515
412,51.04160538422067,50.18796992481203,11.092790794039633
413,51.04160538422067,47.32142857142857,9.597234805083692
414,51.04160538422067,44.642857142857146,8.978625200896555
415,51.04160538422067,42.152255639097746,7.991565629780903
416,51.04160538422067,47.744360902255636,9.884523113974494
417,51.04160538422067,47.744360902255636,9.441009093505222
418,52.47102648231865,47.216890595009595,8.204263514458857
419,53.48044936823826,45.20078354554359,7.541441725168934
420,53.48044936823826,42.40940254652302,7.548763186915342
421,53.48044936823826,39.81390793339863,
422,53.48044936823826,37.41429970617042,
423,53.48044936823826,39.81390793339863,
424,53.48044936823826,39.81390793339863,
425,53.48044936823826,38.5896180215475,
426,53.48044936823826,40.69539666993144,8.836650100507955
427,53.48044936823826,43.388834476003915,7.6463264864996425
428,53.48044936823826,46.278158667972576,6.720168212706038
429,52.838512634467264,48.0,6.790948424225469
430,52.084614329950526,49.63065558633426,7.879743018288795
431,50.73227314638249,50.88809946714032,9.010115680402695
432,49.04365536148557,52.0460358056266,13.216787138924598
433,46.50520667319976,53.10457516339869,14.887633093188438
434,45.55588206736785,54.57774269928966,16.18109141926302
435,45.412092463878416,57.46677091477717,14.454937271697268
436,45.21964270311198,60.270270270270274,8.927927660956986
437,44.97788815243559,62.965779467680605,4.20841411934009
438,43.33761860349235,63.87472687545521,4.6503631795211575
439,43.0268002855175,63.759828448892065,5.681680255970653
440,42.66539553786794,63.75087473757873,6.668235030733199
441,42.252107913327016,63.84142173615858,7.330653264640433
442,41.78538525830575,64.02398401065956,7.828048059006658
443,41.26337894629846,64.29034348671419,8.623029937754465
444,40.68389078748361,62.42920075519194,11.551206067049296
445,40.0443031775103,64.39902379499695,11.00676762781625
446,39.34148588052127,66.21382161842882,11.69760406839213
447,38.57166934814397,67.87549971444889,13.696620977710568
448,37.5158092961521,69.1969196919692,12.241384901428761
449,36.11247950042229,70.19535374868005,14.903917452568416
450,34.52239466836273,71.07396149949342,14.30714875050537
451,32.673337179747705,71.8415937803693,18.988984858002354
452,32.673337179747705,75.60738581146744,19.698889971737387
453,32.673337179747705,79.47035957240038,11.629037691125694
454,32.673337179747705,83.43051506316813,6.515916400888029
455,30.37702532026248,83.90027958993477,6.522289643986506
456,28.06761009860915,84.34704830053667,6.72124236592415
457,25.847678254226004,84.51937814758047,5.088160691999787
458,27.72968220632918,87.96992481203007,4.0843907210364225
459,28.568164266096467,89.72809667673717,4.915139446466504
460,28.568164266096467,89.72809667673717,5.0539517457867476
461,27.02898440442644,86.06942889137738,6.771244557183197
462,26.04329041595107,82.71604938271605,9.954573521781723
463,24.974746297442117,93.59430604982207,5.615358288028983
464,23.814184913674268,93.85237613751264,5.714722133969489
465,24.221758248639723,93.98526190001992,5.9479198040878
466,25.20719942423187,93.94605394605395,6.02717634761687
467,25.62519272718729,94.09645787472483,6.134765944058807
468,25.62519272718729,94.09645787472483,6.223793579213658
469,25.20719942423187,94.10589410589411,6.28823790650704
470,24.221758248639727,94.1844254132643,6.2498445885998795
471,22.144905246403376,94.21094369547978,6.244927365671345
472,20.389193965764203,94.2603550295858,6.227286761701769
473,22.609733880704255,94.04664484451719,6.311633926144867
474,24.95070023440176,93.74201787994892,6.297981970014127
475,26.84538929210006,84.54384410983171,6.349387073523075
476,28.482126507076565,87.7475817595578,4.701155951400089
477,29.933176244472616,91.4272030651341,5.372163372399683
478,31.237385632398052,95.49527127924341,3.3824292445010316
479,30.712139036014374,95.68452380952381,3.188860047912973
480,31.80171980820614,95.5223880597015,3.3048306119743387
481,32.797710722221964,95.35752401280683,3.1280248087647866
482,33.70920755704854,95.19071310116087,3.1551898092660053
483,34.543293024975824,95.0228832951945,4.366097856517143
484,35.305610258194065,94.85511531638085,4.379131449450702
485,36.000734699203576,94.68864468864469,4.596497294856686
486,36.632425639518594,94.52485840151039,4.145418881437813
487,37.20380222059501,94.36528497409327,3.884501028654639
488,37.71747002109198,94.21157684630738,3.6803823670787894
489,38.175614166606174,94.06548431105048,4.086747168959247
490,38.580069057746734,93.9288206559665,3.9973687285468675
491,38.932371318585695,93.80341880341881,3.90551572862695
492,39.23380039888677,93.69108049311095,3.8533441172341023
493,39.48540987280442,93.59351988217968,3.843522623857718
494,39.68805155798275,93.51230425055928,3.846935439969154
495,39.8423939545795,93.4487951807229,3.943438395147875
496,39.94893606705572,93.4040940106141,4.1688075205767365
497,40.008017356455355,93.37899543378995,4.305940165488904
498,40.01982433490567,93.37395277989337,4.523547642199679
499,39.98439412887622,93.38905775075987,4.770280806407316
500,39.90161518341881,93.42403628117914,5.440779368286527
501,41.27181505267749,93.33843797856049,5.311034535206014
502,43.69695130543227,93.07753164556962,5.572702416672659
503,45.26724220650943,92.65905383360521,5.783851791873345
504,47.63415920746774,92.38215488215488,5.824746557764726
505,49.143238847743156,91.94107452339688,5.867190808789473
506,49.61246773262134,89.29969551979121,5.616178071110642
507,49.27621308335547,84.63175819497658,5.67432456710074
508,48.882461937230886,80.05816368923972,12.06235963636739
509,48.42938806563667,75.61665992721392,22.217374964227393
510,47.91476667712215,89.24224577934825,4.797049611697513
511,47.335895755746,89.5777862305059,4.5413510071315715
512,46.68948927852787,89.92276572269216,5.063307955518274
513,45.97152972173749,90.27334043308484,5.043625805847524
514,45.17705958917071,90.5234348272323,5.276541680824678
515,44.299877985247534,91.96575567994732,3.9852103365097777
516,43.33208237468497,93.1940487496043,3.2782788864093364
517,42.26334341345952,94.22316813621161,2.9148902058915778
518,40.2945064036117,94.6267789718269,2.5433239901168703
519,37.48450174077283,94.89597780859917,2.030293258348146
520,36.271756346117954,95.09464142895229,1.6969663417735938
521,34.924943615072266,95.28809218950065,1.4116235193098767
522,33.41379356930843,95.79542660437669,1.744697608150818
523,31.686673342501603,96.17654000472032,2.0499365957090023
524,29.634512769161613,96.44394110985277,2.510356759216919
525,27.983772557456867,96.53948535936114,2.9867344680088284
526,28.954233526711725,96.40945584299732,3.0858221639316805
527,29.527300447336856,96.19516562220232,3.257967042374295
528,28.24118909366892,92.25625539257982,1.4784645263822203
529,27.55003419965496,90.1969087444421,1.6969115828439438
530,28.485845152750166,90.34994697773065,1.6686981321772436
531,29.257609097690167,90.54197662061637,1.5576939831349705
532,29.39294422827975,90.5804805443334,1.5786482532035415
533,28.971075637377595,90.46506689318326,1.630222611189465
534,30.454014137818454,90.0727994705493,1.8492371802493275
535,31.7908097093812,89.82817869415807,1.9675518074739435
536,33.00578670197245,89.58382877526753,2.3742466541125022
537,34.115578913496904,89.34122871946707,2.113170846740652
538,35.1322487172246,89.10207214121259,2.6365098463821988
539,36.06491402982013,88.8682745825603,2.5592987691999993
540,36.92068131225485,88.64197530864197,2.8188230183963183
541,37.70521921663146,88.42553191489361,2.7888494454488835
542,38.42313065725267,88.22150600644594,2.8170430965650777
543,39.0782045536242,88.03263825929284,2.9078470484652335
544,39.67359206313461,87.86181139122316,2.900158798663716
545,40.21193343207186,87.712,2.935862518545929
546,40.69545140657041,87.58620689655173,2.9408256359022227
547,41.12602130592865,87.48738647830474,2.9781494521124054
548,41.50522436828931,87.41835682365074,3.244249837731087
549,41.834388811773756,87.38170347003154,3.3629696516070258
550,42.114621665625215,87.37967914438502,3.382046959992968
551,42.346833509904116,87.41410488245931,3.609459489791954
552,42.53175764137979,87.48627881448957,3.4269933615343118
553,42.66996475107912,87.59689922480621,3.7216487810635823
554,42.7618738896613,87.7460081693279,3.980925784069988
555,42.80776026840214,87.93296089385476,4.27719750353627
556,42.80776026840214,88.15642458100558,4.759949609135179
557,42.7618738896613,88.41440772372819,5.220037032404693
558,42.66996475107912,82.79808047249908,9.825155305333087
559,42.53175764137979,86.2788144895719,6.804073920748774
560,42.34683350990412,89.58408679927668,5.843733170655339
561,42.11462166562521,92.6916221033868,5.909183304858099
562,40.51544281466898,93.2626538987688,6.141780965859522
563,38.40404190316944,93.6435124508519,6.78715827817536
564,36.038221390238434,94.03078856424756,7.039087824952578
565,34.14899453752381,94.42267108833283,7.167766428564248
566,31.41652608434017,94.68054350968488,7.3767383872048775
567,31.049736139043464,94.95321803232208,7.336263859232784
568,30.636461378927798,95.22620038856509,6.715620110500114
569,30.175460028248796,95.49769460265799,6.874924991595316
570,29.665279971757347,95.7660756813972,6.71915529514496
571,29.10422578760356,96.02990461459139,6.79209926327896
572,28.490316695327454,96.2879357913218,6.908819922481959
573,27.821232342672747,96.53911771874239,6.749673983136026
574,27.094241970126365,96.78258812396498,6.601782036003291
575,26.306110328181088,97.01766460197292,6.30490848594599
576,25.45297023231162,97.24383196265836,5.822316612847851
577,24.530145803496065,97.46072735097913,5.882487560658613
578,23.531900256690495,97.66812408911098,5.631236844269377
579,22.451063411938016,97.86591503925911,5.76278713833279
580,21.278457673971833,98.05409612765129,5.859206882549545
581,20.001964696468463,98.23275051701448,5.685702445781029
582,18.604898113195336,98.63809696749591,5.526366860345964
583,17.062884139765117,98.94792214623882,5.425152359010532
584,15.336999867906476,99.17047570678855,5.218228437337003
585,13.354909621645431,99.31361333551234,5.19094347801443
586,11.362077263012974,99.4475138121547,4.881810437113831
587,8.924836435838701,99.51212075011435,4.92072426130723
588,6.064004032844547,99.55804360636417,4.831057220180967
589,3.0370119579712087,99.58701224722302,4.852612437745902
590,-0.0,99.61432506887053,4.865117745533418
591,-0.0,99.61432506887053,4.875313796647456
592,-0.0,99.61432506887053,4.883620603165038
593,1.7263595531412619,99.6078431372549,4.889395801010082
594,1.7263595531412619,96.28851540616246,6.092944543371667
595,1.7263595531412619,93.02521008403362,7.262734130869659
596,1.7263595531412619,89.81792717086834,8.401187351460205
597,1.7263595531412619,98.43137254901961,5.215037170427631
598,1.7263595531412619,98.43137254901961,5.167307218793905
599,1.7263595531412619,98.43137254901961,5.119711648238192
600,1.7263595531412619,98.43137254901961,5.072153321540336
601,1.7263595531412619,98.43137254901961,5.024586247000839
602,1.7263595531412619,98.43137254901961,4.97699576095006
603,1.7263595531412619,98.43137254901961,4.929581986214864
604,1.7263595531412619,98.43137254901961,4.882552854129485
605,1.7263595531412619,98.43137254901961,4.836046385094533
606,1.7263595531412619,98.43137254901961,4.790127662200589
607,1.7263595531412619,98.43137254901961,4.744856297843059
608,1.7263595531412619,98.43137254901961,4.700359209569816
609,1.7263595531412619,98.43137254901961,4.656736151087279
610,1.7263595531412619,98.43137254901961,4.614006228736108
611,1.7263595531412619,98.43137254901961,4.572085845125709
612,1.7263595531412619,98.43137254901961,4.530891679286579
613,1.7263595531412619,98.43137254901961,4.490308862277048
614,1.7263595531412619,98.43137254901961,4.450182576786601
615,1.7263595531412619,98.43137254901961,4.410550310592354
616,1.7263595531412619,98.43137254901961,4.410550310592354
617,1.7263595531412619,98.43137254901961,4.410550310592354
618,1.7263595531412619,98.43137254901961,4.369711881790576
619,1.7263595531412619,98.43137254901961,4.32962278195764
620,1.7263595531412619,98.43137254901961,4.290262574848935
621,1.7263595531412619,98.43137254901961,4.2453521434105275
622,1.7263595531412619,98.43137254901961,4.189604326382156
623,1.7263595531412619,98.43137254901961,4.117750661197335
624,1.7263595531412619,98.43137254901961,4.024611369121034
625,1.7263595531412619,98.43137254901961,3.929289000359676
626,1.7263595531412619,98.43137254901961,3.8324479248081356
627,1.7263595531412619,98.43137254901961,3.7346092801341664
628,1.7263595531412619,98.43137254901961,3.636165785142701
629,1.7263595531412619,98.43137254901961,3.537434545770179
630,1.7263595531412619,98.43137254901961,3.211159154304866
631,1.7263595531412619,98.43137254901961,2.8699860390401857
632,1.7263595531412619,98.43137254901961,2.719138003458598
633,1.7263595531412619,98.43137254901961,2.9942101036565645
634,1.7263595531412619,98.43137254901961,2.993920072690182
635,1.7263595531412619,98.43137254901961,2.813058206610753
636,1.7263595531412619,98.43137254901961,2.7130309485461273
637,1.7263595531412619,98.43137254901961,2.9678952051279346
638,1.7263595531412619,98.43137254901961,3.185790405413996
639,1.7263595531412619,98.43137254901961,3.3980374304030323
640,1.7263595531412619,98.43137254901961,3.6051640152356024
641,4.758382620976999,98.3632676709154,3.7938234997905904
642,6.9538546023610674,98.23247453565008,3.931953030683254
643,8.827110556016208,98.03283767038414,4.066113268946598
644,10.487334801606254,97.75784753363229,4.163726759978201
645,11.98628146149582,97.68211920529801,4.248023365694514
646,13.35434947684245,97.60438056125942,4.3206919007219255
647,14.61155260696702,97.52475247524752,4.4359989642296584
648,15.772049798254617,97.44338933528122,4.513973349131841
649,16.84636710809334,97.3604826546003,4.569887356440982
650,17.842617941116988,87.64591439688716,5.474110325650267
651,18.767229623329545,91.21187800963082,5.858610765206901
652,19.625403228034543,94.93382961124897,5.230347074041361
653,21.68485431986775,98.8011132519803,3.9115891241059977
654,20.42141879769827,96.2947189097104,4.199500986608136
655,20.42141879769827,92.39778534923339,5.480398363423303
656,20.42141879769827,88.58603066439522,6.021845494880614
657,20.42141879769827,84.8594548551959,6.585018282975561
658,20.42141879769827,96.48637137989779,1.7975578585467156
659,20.42141879769827,96.48637137989779,1.617353124054787
660,20.42141879769827,96.48637137989779,1.4374025929542347
661,20.42141879769827,96.48637137989779,1.252484170393428
662,20.42141879769827,96.48637137989779,1.0678508419776542
663,20.42141879769827,96.48637137989779,0.9039861808793594
664,20.42141879769827,96.48637137989779,0.8062463705314133
665,20.42141879769827,96.48637137989779,0.8149807849426067
666,20.42141879769827,96.48637137989779,0.9319037294480873
667,20.42141879769827,96.48637137989779,1.2202465091924897
668,20.42141879769827,96.48637137989779,1.8374443151356987
669,20.42141879769827,96.48637137989779,2.745467837076296
670,20.42141879769827,96.48637137989779,3.889700518938698
671,20.42141879769827,96.48637137989779,4.384594057853842
672,20.42141879769827,96.48637137989779,4.919936610892949
673,20.42141879769827,96.48637137989779,5.513268159537466
674,20.797256140240776,95.8954417800821,5.88590427227755
675,21.506547643273755,94.60119973339258,4.754497553204336
676,22.161588994261034,93.15224834512668,5.421189922935753
677,22.764744138958186,91.54368704614664,7.1783618360871175
678,23.31804060856353,93.80552220888356,7.78991530305469
679,23.82322404548761,93.61022364217253,8.389540122114832
680,25.254825612751052,93.38235294117646,9.172225817166881
681,27.223662622598876,92.98153034300792,9.544360360405614
682,28.865468504449453,92.45334796926454,10.29830271048096
683,30.28921578764021,91.78551055333713,10.795089913194795
684,31.546432324846034,91.20260663507109,11.29354938440826
685,32.6672749392321,90.81130915795943,11.886093501211038
686,33.67149788695652,90.4140127388535,12.75310946619556
687,34.301741834669365,88.87798495256787,13.567947178767056
688,34.60032081403041,86.05657237936772,14.295912465496926
689,34.85146139326719,83.04626815265114,13.086570919866292
690,35.05593509296007,79.86324786324786,8.84288867783821
691,36.65688076138986,84.21606453875833,15.210070125098623
692,38.69124472890947,83.46111719605696,15.600148977328232
693,40.270830181649266,82.5426944971537,14.20297825957751
694,41.58346575438487,81.44938952343442,12.815449912271573
695,42.70087300494803,80.49775601795186,12.20975648378716
696,43.661304262566134,79.8397300716997,11.696424331855875
697,44.488398849750496,70.07394519356242,8.251160810998057
698,45.198036059610004,73.19910514541387,5.204093679051513
699,45.80144422397305,76.41119779715466,5.91325523095444
700,46.06823867578094,77.09782104775151,7.75563773915163
701,46.627264382002366,76.90114068441065,9.072561345063397
702,47.141509606546975,74.70760233918129,10.685613064916673
703,47.56893228238578,72.70916334661355,13.313587607038631
704,47.91368508278377,73.73225152129818,14.698906150723348
705,49.44231598310977,73.16310578426264,16.912695031528468
706,49.872107513018996,70.97288676236045,22.08219898747488
707,50.140825773306666,68.42672413793103,24.206651162542613
708,50.26050169408497,65.56399132321042,23.430506185138963
709,51.60714861364236,63.61126449475428,23.57629753298421
710,53.228200793080205,62.77746158224246,23.777596819250462
711,54.37277768846681,64.46522501461133,25.98995740381121
712,55.22618443937471,65.92946802151823,27.352510895646812
713,55.85712738332298,67.62020693852709,27.320009496196928
714,57.397289539699116,69.86899563318778,30.06986241268222
715,57.73873978219516,66.47546207775653,29.838510456218483
716,58.24954630591416,63.44015696533682,28.523954671068363
717,58.88830558661411,60.755225893459205,25.07690463520968
718,59.11895184587949,57.181942544459645,14.132747916513027
719,59.32350205678591,53.67036011080332,13.124431682840672
720,59.436374018683814,50.0697350069735,14.52410422584934
721,59.45888379800179,46.43854748603352,13.293681207966703
722,59.39129006950482,42.837273991655074,13.098768672652465
723,59.23281230999938,39.32506887052342,15.358364450220582
724,58.981575408230256,39.21302578018996,14.988840269754379
725,58.63447049449903,39.76063829787234,14.175934841783924
726,58.18690460416107,40.59662775616083,13.582256941470554
727,57.632383753714166,41.68765743073048,10.927817807863022
728,56.96182037487921,42.996345919610235,10.1447892017106
729,56.57919695262241,43.122009569377994,9.516210202920966
730,56.57919695262241,42.10526315789474,8.992632783042575
731,56.57919695262241,42.10526315789474,8.340125853833555
732,56.57919695262241,42.10526315789474,7.761166753029709
733,56.05752701947674,41.21779859484778,7.200660340449434
734,55.68166120695278,40.882694541231125,6.37584990015074
735,56.221145140193926,37.85885167464115,5.448096833773666
736,56.66516038439396,34.7239263803681,2.9124880725590527
737,57.01887490817148,32.581453634085214,
738,57.286078323028946,35.605095541401276,2.3887784993889736
739,57.469459934575276,38.78865979381443,3.022809338768467
740,57.57078538310654,42.023346303501945,7.594870560608403
741,57.528166601144115,42.30271668822768,8.70280263098088
742,57.39987125457721,42.87548138639281,10.006671086691451
743,57.184554685315995,43.72623574144487,12.828117056514303
744,56.87987911979152,45.39227895392279,13.68126351011807
745,56.48235151914124,48.47746650426309,14.165153185757223
746,55.987056424373336,51.42348754448398,15.03124741454901
747,55.387226492551044,54.20023014959724,17.019685373260245
748,55.17255238097262,53.34467120181406,17.34861432497002
749,54.88962418710989,56.95216907675194,18.121891288055377
750,54.53656793877366,60.380434782608695,9.656488470814917
751,54.11092130673566,63.597883597883595,6.222306763915285
752,53.66142211261506,65.12345679012346,6.163630989527483
753,53.13708313275283,66.6999002991027,5.269711721189401
754,54.029063297194334,67.59030183077684,7.972397499643626
755,55.36560605587385,67.72247360482655,9.04658064872691
756,54.61840828802138,64.71725471242146,9.171986435924396
757,53.77056396846254,62.07695873898934,11.009622528252986
758,52.810425714709744,59.431868619618285,20.950654133638118
759,51.72174083926983,69.70725498515061,10.022986283270383
760,50.80820400578154,71.88264058679707,14.36793370787641
761,49.839061647585545,73.125,14.228959438897858
762,48.7522966274941,74.83171278982798,15.280416393417111
763,47.52821046669551,76.32331902718168,15.647230833895241
764,46.136697591130265,77.61449077238551,13.144569228957618
765,44.526277346373476,78.72062663185379,9.723587113956526
766,42.24680497019175,79.7069825436409,9.319859192803332
767,40.714930694878255,80.72792362768496,7.567850978720678
768,38.74609368503043,81.54592127780947,7.080650276915829
769,35.93608902219155,82.2246455834242,6.598761530791217
770,35.93608902219155,82.2246455834242,6.725458381211848
771,35.93608902219155,73.5278080697928,18.334113263538338
772,35.93608902219155,77.58996728462377,15.041273859573609
773,35.93608902219155,81.76117775354416,7.38452260677071
774,37.136297374074175,85.78199052132702,2.4291622441520024
775,37.77967386777317,86.23878923766816,2.574097098897831
776,38.74522968402368,87.01923076923077,2.3461807767452396
777,40.29960423107481,90.87418783225044,1.2664846600429456
778,41.23549279634067,93.12953995157385,1.5452969986598504
779,40.683908122837344,92.7925211097708,1.7316118395870368
780,39.58946989377527,92.23621103117506,2.0601451643718605
781,38.57173004386045,91.48236700537956,2.482193185708318
782,38.57173004386045,91.1237298266587,3.357737765553282
783,38.42170693314169,90.7871198568873,4.318341102917984
784,38.41664780977558,90.437890974084,5.51050863655125
785,38.250324214412345,89.69102792632205,6.684040752821308
786,37.64589889367272,88.9510901591043,7.856789790515241
787,36.81684191534826,88.01749271137027,9.51060772813923
788,35.694774799279635,87.16177317213587,10.40742674802118
789,34.09465108065928,87.63471355643789,12.225532863728144
790,34.09465108065928,88.91094724900738,12.901510621869367
791,34.42224511065801,90.10550327915597,15.15019300457105
792,34.95824430201427,90.96402877697842,16.42231533241343
793,34.09700649770595,90.96402877697842,17.67054719742354
794,36.026983263239714,89.86547085201794,19.021138141444386
795,38.222494491370476,89.30247106662496,19.898509677689518
796,40.71404335317074,88.69963969865705,21.0432281915115
797,42.30812854099757,87.87255909558068,22.583284748045603
798,44.58129972220883,87.07824838478105,23.588823911082375
799,46.71049894841946,86.32253202712886,24.59440679092694
800,47.63095813880771,84.50704225352112,25.536552776219526
801,48.12388920617732,81.84380032206118,22.81963872852091
802,48.55674474871144,78.92561983471074,20.55897645826284
803,49.68892589129694,77.2648835202761,16.333290376640807
804,50.68085565269737,75.35971223021583,15.798715714668402
805,51.552039054222455,73.19925163704397,16.732639755850904
806,52.31608224860535,70.77669902912622,19.83052211682108
807,52.98290903070072,68.94472361809045,20.767575052213175
808,53.559974775972506,67.11618257261411,19.015157341962716
809,54.05298564798139,65.31483457844183,19.36977678358538
810,54.46634975680915,63.566739606126916,18.312131075845176
811,54.80347211802496,53.35195530726257,6.957783126948467
812,55.0669529273027,56.36363636363637,5.217194797348535
813,55.25872268000334,59.4361334867664,11.61644161754564
814,55.38013381132816,62.52900232018561,18.298818625574718
815,54.61358041532288,62.82782212086659,18.290978561188297
816,53.28560000666649,59.719887955182074,13.401273255283675
817,53.268801352578556,56.23950755456072,4.916811970374917
818,53.24449375793383,52.513966480446925,4.327410221107264
819,53.20720977637038,48.99665551839465,3.127276516731316
820,53.0950644460462,45.51495016611295,3.3694651483602023
821,52.90716355493288,42.11391018619934,5.759791712543495
822,52.641968176776345,45.361380798274006,6.21656500951892
823,52.29721537637837,45.767195767195766,7.162789241539435
824,51.86979270053955,46.38055842812823,7.234951112694966
825,51.355547475994946,47.18026183282981,6.5857429503552956
826,50.74899788301328,48.142717497556205,6.276709800541178
827,50.04288665100353,49.24314096499527,6.6300306902878745
828,49.22746579264651,50.45662100456621,8.510666734153995
829,48.2892858931196,51.75901495162709,7.2391762307721885
830,47.20898226305248,53.12764158918005,6.965446284364928
831,45.95675146005654,55.06893755068938,6.44419693484403
832,44.48138720080344,56.837606837606835,7.94981489941518
833,42.94091648083686,55.29100529100529,6.183202064096848
834,40.54417929876797,53.99853264856933,6.593968000961422
835,39.83049323199512,52.90739411342427,6.228021818795096
836,38.98987552563122,56.48213034337772,5.832420198476628
837,38.00329099936691,57.26962457337884,7.355585499848578
838,38.29219937641092,56.912521440823326,7.077476389265813
839,38.380690910720276,53.673680579510176,5.698340569815692
840,38.40831121430994,50.345542501727714,6.966077365019831
841,38.40831121430994,43.08914996544575,4.98501668640287
842,38.40831121430994,43.08914996544575,5.24482035920674
843,38.40831121430994,43.15825846579129,5.453976105450104
844,38.40831121430994,52.073255010366275,5.197317152183983
845,37.06343970558949,53.67156208277704,5.519809453128307
846,37.106820347879335,50.502008032128515,7.199712406226567
847,37.106820347879335,47.62382864792503,5.408854104453009
848,37.06343970558949,40.68758344459279,7.7888931964072246
849,36.97656322531855,45.91633466135458,6.679258284233084
850,36.84595866884036,48.484848484848484,6.524787107567257
851,37.46088545500722,50.481887670322365,7.952931285257564
852,38.071343810871525,50.51546391752577,8.237993261846263
853,37.29957986593153,50.34802784222738,8.587550472673563
854,36.830815340087234,50.81967213114754,8.038463618343128
855,37.86250718500013,52.33806719778317,6.040403688767495
856,38.77482511451147,54.09953455066237,6.093815255476916
857,37.67203672108946,52.998947737635916,5.601171153167875
858,37.67203672108946,52.998947737635916,5.6791812661937895
859,36.83968473793666,51.55237120436711,6.105181372964002
860,36.339810471612985,50.68768869506877,6.067566020995124
861,36.13919683577988,49.95028173682466,5.80321385718406
862,35.89284303116732,49.101600784057496,5.846928585019005
863,36.275466453424116,49.05971626525899,5.799370800399314
864,37.23550632480952,47.7963785445849,5.508973949945763
865,38.09145625555749,46.41469445425645,5.212296649564858
866,38.8534573881016,44.95078381334306,5.651708085496996
867,39.52920659209464,44.31092752534735,6.258081240634858
868,40.12467939579301,44.07564646854496,7.15761896173275
869,40.644585617097,44.00474871388999,7.987687486486933
870,41.0926697326197,44.111695669769325,8.991631220553565
871,41.471915746804825,44.40775897647544,9.970213843038556
872,41.78469041694493,44.60763743180865,11.01144577420797
873,42.032844946748334,47.55423224159932,11.689647729644543
874,42.21778754097766,50.58014611087237,10.840781524392291
875,42.34053465129201,53.65642578970143,12.319340996623142
876,41.00040120262125,55.78318395219804,13.300244429324133
877,41.01549776647982,58.821016659547205,8.64167098460414
878,40.970188685104425,61.78099701746911,2.711219377959603
879,40.92706599716654,61.708457288567786,2.9220534719054863
880,40.82625055269856,61.76594845796367,3.0402925376543837
881,40.66726685005485,61.95060694851402,3.258744320698098
882,40.449351602146606,62.25713104588673,3.8834499289346898
883,40.17143103649274,62.67806267806268,4.863622887038762
884,39.832087439344605,63.20415501398322,5.338272757676132
885,39.42951218766845,63.82479468126711,5.780362284697761
886,38.96144105788998,64.52844597174494,6.462527687679836
887,38.42506538349843,65.30308664931201,7.364445358916342
888,37.81690910322615,66.1366100469823,8.018364441080317
889,37.13265587324931,66.77181913774973,7.4965343659833685
890,36.3669002072399,68.74787919918562,9.717026447298645
891,35.51277790140578,70.54772056411939,10.220113284296817
892,35.710490357113,71.62730507926237,12.731695778505925
893,36.89202771321387,71.65354330708661,12.92594721765316
894,38.0560335902975,71.78714859437751,13.793111816071098
895,38.98237896361124,71.66212534059946,13.954235338231742
896,38.49672279927356,69.80756469807565,13.059986688934465
897,37.95449815820617,67.87096774193549,16.62970450707705
898,37.35331967824641,65.87351283656857,16.680050171318072
899,37.02975329245691,77.71270036991369,14.14309506933783
900,36.33462885144739,79.70149253731343,10.728198824772086
901,35.15847069856447,80.4360298336202,9.489866433316253
902,33.84736825252723,81.34986225895317,9.87294238746088
903,32.371092603961124,82.33738762559493,9.214487864584308
904,30.678049135647566,83.18112633181126,8.463678392018158
905,28.65920336380836,83.89294403892944,8.69766658407444
906,27.02648294019312,84.49812382739212,8.614248309040814
907,26.152105341990396,85.44504995458674,8.084785139755157
908,25.20505157573686,86.62126537785589,8.356884312555875
909,24.178936289461763,87.51062022090059,7.510675187404839
910,23.06568555333245,88.44417077175697,8.28942258643939
911,21.85481048018586,89.25455987311658,8.680097672759596
912,21.85481048018586,93.16019032513879,7.39146933358161
913,21.08100361347883,82.90831224450068,12.590780778898285
914,21.08100361347883,86.58750243332685,9.828647739302934
915,21.08100361347883,90.34455908117579,8.871000442858882
916,21.08100361347883,94.1794821880475,6.692285849303002
917,20.43178400200824,96.40329060646643,4.124370713398726
918,19.04047759424965,96.87788656937003,3.7043895477449666
919,17.504114590438093,97.25343320848938,3.584361362002297
920,14.977963226826684,97.45442036463709,3.600207619013192
921,13.136652638039287,97.69179674526735,3.3914597065406107
922,10.972565286233687,97.85187560115422,3.3934237822043634
923,7.971385463025239,97.94181367997524,3.3407754821643363
924,7.971385463025239,97.94181367997524,3.3407754821643363
925,7.971385463025239,97.94181367997524,3.3407754821643363
926,7.971385463025239,97.94181367997524,3.3407754821643363
927,7.971385463025239,97.94181367997524,3.3407754821643363
928,7.971385463025239,97.94181367997524,3.3407754821643363
929,7.971385463025239,97.94181367997524,3.1090184150123004
930,7.971385463025239,97.94181367997524,2.8521629554455545
931,7.971385463025239,97.94181367997524,2.752375404798924
932,7.971385463025239,97.94181367997524,3.0109746325727285
933,7.971385463025239,97.94181367997524,3.272825739923799
934,7.971385463025239,97.94181367997524,3.528698184831513
935,7.971385463025239,97.94181367997524,3.767885966738684
936,7.971385463025239,97.94181367997524,3.9751783359781765
937,7.971385463025239,97.94181367997524,4.146098755040063
938,7.971385463025239,97.94181367997524,4.277786670309974
939,7.971385463025239,97.94181367997524,4.389816463239583
940,7.971385463025239,97.94181367997524,4.487388272915633
941,7.971385463025239,97.94181367997524,4.573805411879332
942,7.971385463025239,97.94181367997524,4.652021583499723
943,7.971385463025239,97.94181367997524,4.720630233562713
944,7.971385463025239,97.94181367997524,4.779754596568677
945,7.971385463025239,97.94181367997524,4.828864047051309
946,7.971385463025239,97.94181367997524,4.875037093037601
947,7.971385463025239,97.94181367997524,4.926232313795358
948,7.971385463025239,97.94181367997524,4.981335033237774
949,7.971385463025239,88.98173939956669,10.609227715074619
950,7.971385463025239,92.33983286908078,9.262776231659092
951,7.971385463025239,95.75982667904674,5.716960228107411
952,7.971385463025239,99.24172082946457,3.6773867963791527
953,6.208061115907181,99.4311377245509,3.572896357521579
954,4.189190988298596,99.5511149724877,3.127864614603085
955,1.7263595531412619,99.6078431372549,3.12233134748977
956,-0.0,99.61432506887053,3.1144473023108152
957,-0.0,99.61432506887053,3.1053747295745566
958,-0.0,99.61432506887053,3.0953585851292846
959,-0.0,99.61432506887053,3.084503095963969
960,-0.0,99.61432506887053,3.0729199152242117
961,-0.0,99.61432506887053,3.060664318214084
962,-0.0,99.61432506887053,3.0478245245577154
963,-0.0,99.61432506887053,3.034427042110457
964,-0.0,99.61432506887053,3.0205603756403057
965,-0.0,99.61432506887053,3.006318095322965
966,-0.0,99.61432506887053,2.991875658392135
967,-0.0,99.61432506887053,2.977259171601972
968,-0.0,99.61432506887053,2.9623994889474914
969,-0.0,99.61432506887053,2.947248514990923
970,-0.0,99.61432506887053,2.947248514990923
971,-0.0,99.61432506887053,2.947248514990923
972,-0.0,99.61432506887053,2.947248514990923
973,-0.0,99.61432506887053,2.9283305522783754
974,-0.0,99.61432506887053,2.9095971363583035
975,-0.0,99.61432506887053,2.8910748392900483
976,-0.0,99.61432506887053,2.872777827995741
977,-0.0,99.61432506887053,2.8547100429140007
978,-0.0,99.61432506887053,2.836868105145786
979,-0.0,99.61432506887053,2.819247806356059
980,-0.0,99.61432506887053,2.80184504211929
981,-0.0,99.61432506887053,2.784655808732051
982,-0.0,99.61432506887053,2.7676762001422177
983,-0.0,99.61432506887053,2.750902404989838
984,-0.0,99.61432506887053,2.734330703754958
985,-0.0,99.61432506887053,2.7179574660079195
986,-0.0,99.61432506887053,2.701779147757871
987,-0.0,99.61432506887053,2.685792288895396
988,-0.0,99.61432506887053,2.6699935107254262
989,-0.0,99.61432506887053,2.6543795135866852
990,-0.0,99.61432506887053,2.6389470745542107
991,-0.0,99.61432506887053,2.6236930452215352
992,-0.0,99.61432506887053,2.608085111801299
993,-0.0,99.61432506887053,2.477886083113047
994,-0.0,99.61432506887053,2.2897503506786405
995,-0.0,99.61432506887053,2.1124548325751316
996,-0.0,99.61432506887053,1.945860329727863
997,-0.0,99.61432506887053,1.7909498692863604
998,-0.0,99.61432506887053,1.6518749932987071
999,-0.0,99.61432506887053,1.5326465234251867
1000,-0.0,99.61432506887053,1.4362676090495095
1001,-0.0,99.61432506887053,1.36643267344026
1002,-0.0,99.61432506887053,1.3257271252767897
1003,-0.0,99.61432506887053,1.3143018325595788
1004,-0.0,99.61432506887053,1.3328524712165266
1005,-0.0,99.61432506887053,1.3792530763732602
1006,-0.0,99.61432506887053,1.4505004715795606
1007,-0.0,99.61432506887053,1.5421698371729262
1008,-0.0,99.61432506887053,1.6471550514492108
1009,-0.0,99.61432506887053,1.7576346019899856
1010,-0.0,99.61432506887053,1.8711879404987395
1011,-0.0,99.61432506887053,1.992115334820249
1012,1.7263595531412619,99.6078431372549,2.1215655346381332
1013,3.0370119579712087,97.90657932213044,1.1482014128937774
1014,4.758382620976999,96.20509849362688,1.1974559349717113
1015,7.2111092506744,96.08930176805514,1.1878058168543923
1016,9.219700334919128,95.90824550526969,1.1491434960259863
1017,10.972565286233687,95.65565886502084,1.0958498290148013
1018,12.542057481308383,95.45755968169762,0.9664747163115686
1019,13.967118527182038,95.37195749057251,1.3892696053788685
1020,15.272141981548065,95.28703047484053,1.258299288901962
1021,16.473835142443093,95.20322226290736,1.206057448981369
1022,17.58433853881769,95.12102874432678,1.309086156631693
1023,18.612853301100273,95.04099960952753,1.2461936929097066
1024,19.566574609211067,94.96373892022562,1.1018998276214733
1025,20.45126583712472,94.88990444536768,1.674143037238825
1026,21.27163117937188,94.82020547945206,1.622564801776305
1027,22.031568015406428,94.75539885412076,1.6334307185547432
1028,22.73434383922637,94.69628286491387,1.6678958431138757
1029,23.382723894246002,94.64368886818816,1.5782842961310632
1030,23.97906546839185,94.59847036328871,1.3882055266308395
1031,24.525388967714097,94.56148946594807,1.4197118512074436
1032,25.023432397370232,94.53360080240722,1.9493987609178167
1033,25.474693715621743,94.51563300871348,1.9243975193853198
1034,28.262477707302246,94.36732514682328,1.9120207844018182
1035,30.20852771753838,94.10783768760423,1.956456655513286
1036,31.826950643332445,93.7246963562753,1.9604735010660466
1037,33.22668699808921,93.20505111244738,2.02282350622634
1038,34.45922996685475,93.06683322923173,2.016349950084782
1039,35.55469875225646,92.93583927414129,2.055988819003394
1040,36.5328066917632,92.81396910678308,2.101936011343741
1041,37.40738949888394,92.7032661570535,2.1669946782419856
1042,38.18862477368808,92.60588657573582,2.2949761958323327
1043,38.884249491805754,92.5240562546262,2.443366444163691
1044,39.5002834394997,92.46001523229246,2.636617374589109
1045,40.04148543844311,92.41594996090696,2.871435263458289
1046,40.511654418616224,92.39391513210569,3.0945933453467758
1047,40.91383512678689,92.39574816026165,3.314336633656808
1048,42.55733612131455,92.33038348082596,3.5417961404707654
1049,43.75348084126595,90.98005203816132,3.867888533098858
1050,44.00163537106935,88.34652594547053,3.9347470304207537
1051,44.18657796529868,85.5111111111111,4.151382494603449
1052,44.309325075613025,82.4977618621307,7.999443612079944
1053,44.370536336414766,88.90386343216532,4.839249590419956
1054,44.370536336414766,89.08355795148248,4.989086506923656
1055,44.309325075613025,89.30170098478067,5.331326812152495
1056,44.18657796529868,89.55555555555556,5.246591570743484
1057,44.00163537106935,89.84168865435356,5.696449599839156
1058,43.75348084126595,90.1561144839549,5.839707734358758
1059,43.44070617112584,90.49445865302643,6.131841410877707
1060,43.06146015694071,90.85213032581454,6.2998114490759045
1061,42.613376041418014,91.22448979591837,6.157999480896937
1062,42.093469820114024,91.60700079554495,6.323285793194555
1063,41.49799701641567,91.9953596287703,5.8417026657657765
1064,40.82224781242262,92.38559639909977,5.792512553868786
1065,40.06024667987851,92.77414669571532,5.855537715225115
1066,39.20429674913053,93.15789473684211,5.725494229306042
1067,38.24425687774513,93.53419092755585,5.696721561222338
1068,37.16632459105404,93.90084801043704,5.615879280910244
1069,35.95081693976252,94.66415568110483,5.244910332753009
1070,34.56764257570761,95.26252263126132,4.0608831197629485
1071,32.965333908689246,95.71014492753623,3.41687517462656
1072,31.034973998530113,96.02114635503617,3.4284236150250305
1073,28.262477707302246,96.20928990923652,3.4772667888840956
1074,25.474693715621743,96.38646847770374,3.471317900932469
1075,25.023432397370232,96.46439317953862,3.488133552634191
1076,24.525388967714097,96.54581087702107,3.4439284353963777
1077,23.97906546839185,96.6300191204589,2.7716289125565963
1078,23.382723894246002,96.71634839310666,2.7838527881347597
1079,22.73434383922637,96.80417044424297,2.805994858106812
1080,22.031568015406428,96.89290436315558,2.8109954408371
1081,21.27163117937188,96.98202054794521,2.8282265235603608
1082,20.45126583712472,97.07104279185708,2.847005725594058
1083,19.566574609211067,97.15954875100725,2.784261367893858
1084,18.612853301100273,97.24716907458024,2.790701108704449
1085,17.58433853881769,97.33358547655068,2.713154091743462
1086,16.473835142443093,97.41852801171731,2.5355125311614626
1087,15.272141981548065,97.50177179305457,2.461871309131668
1088,13.967118527182038,97.58313335618786,2.6255324929632846
1089,12.542057481308383,97.66246684350132,2.7432208565152507
1090,10.972565286233687,97.85187560115422,2.9010609101551608
1091,9.219700334919128,98.09361438313701,2.9996801994022175
1092,7.2111092506744,98.26191189691339,3.101806170293703
1093,4.758382620976999,98.3632676709154,3.1983742815242007
1094,3.0370119579712087,98.39077185986898,3.2952420173727326
1095,3.0370119579712087,98.39077185986898,3.3791850156112075
1096,3.0370119579712087,98.39077185986898,3.450208898074705
1097,3.0370119579712087,98.39077185986898,3.509516677884143
1098,3.0370119579712087,98.39077185986898,3.563231189253638
1099,3.0370119579712087,98.39077185986898,3.6118630455809564
1100,3.0370119579712087,98.39077185986898,3.6610195884721777
1101,3.0370119579712087,98.39077185986898,3.7029382544329965
1102,3.0370119579712087,98.39077185986898,3.744578759331511
1103,3.0370119579712087,98.39077185986898,3.792419960655197
1104,3.0370119579712087,98.39077185986898,3.847245605047377
1105,3.0370119579712087,89.71802905155226,9.846322978513864
1106,3.0370119579712087,92.9507262888066,8.311806285396433
1107,3.0370119579712087,96.24038735403019,5.156550423126869
1108,3.0370119579712087,99.58701224722302,2.3047820935180594
1109,-0.0,99.61432506887053,2.3049419040930794
1110,-0.0,99.61432506887053,2.3036576061220586
1111,-0.0,99.61432506887053,2.301634739374719
1112,-0.0,99.61432506887053,2.2989717220708057
1113,-0.0,99.61432506887053,2.295751983213401
1114,-0.0,99.61432506887053,2.2920378030282835
1115,-0.0,99.61432506887053,2.287882745724694
1116,-0.0,99.61432506887053,2.2833379320941196
1117,-0.0,99.61432506887053,2.2784251023505875
1118,-0.0,99.61432506887053,2.273183308489361
1119,-0.0,99.61432506887053,2.2676217665459646
1120,-0.0,99.61432506887053,2.2617815102292216
1121,-0.0,99.61432506887053,2.2557066681912015
1122,-0.0,99.61432506887053,2.2489712856428867
1123,-0.0,99.61432506887053,2.2376943336478536
1124,-0.0,99.61432506887053,2.2173957730062455
1125,-0.0,99.61432506887053,2.1838233589681058
1126,-0.0,99.61432506887053,2.1489023379648993
1127,-0.0,99.61432506887053,2.1139457698863025
1128,-0.0,99.61432506887053,2.075029759596058
1129,-0.0,99.61432506887053,2.018015213157688
1130,-0.0,99.61432506887053,1.9472890013990563
1131,-0.0,99.61432506887053,1.8680529942625714
1132,-0.0,99.61432506887053,1.788832764999334
1133,-0.0,99.61432506887053,1.6371198998291043
1134,-0.0,99.61432506887053,1.6857026064821405
1135,-0.0,99.61432506887053,1.8257557485247295
1136,-0.0,99.61432506887053,2.0756008370490373
1137,-0.0,99.61432506887053,2.4263726121230276
1138,-0.0,99.61432506887053,2.869165647950294
1139,-0.0,99.61432506887053,3.253002305212885
1140,-0.0,99.61432506887053,3.6340830972049774
1141,-0.0,99.61432506887053,4.017153426413419
1142,1.7263595531412619,99.6078431372549,4.409409502177223
1143,4.189190988298596,99.5511149724877,4.818357892939855
1144,6.208061115907181,99.4311377245509,5.0188385977046615
1145,7.971385463025239,99.24172082946457,5.523820850482474
1146,9.551523848511046,99.10428662827896,6.189861693833944
1147,11.98628146149582,99.0728476821192,6.98523671764592
1148,14.396783682961619,98.98729831788535,7.656938709341563
1149,16.362388864300907,98.82562277580071,8.174104107568846
1150,18.07147843394122,98.57985983032091,8.56548945679202
1151,19.59637621224772,98.39449541284404,9.022167066274257
1152,20.97599255761768,98.33663366336634,9.586704539736527
1153,21.619280034053116,96.33212414349053,8.215242732322801
1154,21.619280034053116,92.44256348246675,5.244112100142308
1155,23.89791502755511,92.02762084118017,5.417619902962814
1156,25.046183685079438,91.28927410617551,5.263589352110224
1157,26.102176245258192,90.42386185243328,5.265536101885857
1158,27.075048708231986,89.42240779401531,5.389455584523014
1159,27.97194824937789,89.71469671541597,5.444508621948956
1160,28.798587114297863,89.52711067095815,5.7474139447024335
1161,30.81112420916114,89.28296067848882,5.503442821379281
1162,33.635495442613596,88.93959731543625,5.525439664977823
1163,35.61905382446074,88.47771236333053,5.7858867125153415
1164,36.8302575282141,87.39813736903376,5.7827733901195995
1165,37.485331424585624,85.65426170468187,5.260457897297456
1166,38.08071893409604,83.71446229913474,2.7807193176754397
1167,38.61906030303329,81.57560355781449,1.3341129826035472
1168,39.10257827753183,82.88787483702738,1.679614424152128
1169,39.53314817689008,82.67690253671562,1.3294680164821362
1170,39.91235123925075,82.50341064120055,1.4226659651702607
1171,40.24151568273518,82.37134909596662,1.634728401761463
1172,40.521748536586635,82.28429985855729,2.0732398304917323
1173,40.75396038086554,82.24533715925395,2.3848256227623508
1174,40.93888451234122,82.25689404934688,2.721412182460613
1175,41.077091622040555,82.32064421669106,2.9180982008616088
1176,41.16900076062274,82.43740795287187,3.1967373853675607
1177,41.21488713936357,82.60709010339734,3.261459044525409
1178,41.21488713936357,82.82865583456426,3.7035392767612016
1179,41.16900076062274,83.100147275405,2.959994498282204
1180,41.077091622040555,83.41874084919473,3.5325056455086212
1181,40.93888451234122,83.78084179970972,3.4709285452612657
1182,40.75396038086554,84.18220946915352,4.105602250674678
1183,40.521748536586635,84.61810466760961,3.5659333861929463
1184,40.24151568273518,85.08344923504868,3.610874007304979
1185,39.91235123925075,85.57298772169167,3.6453198809003347
1186,39.53314817689008,86.08144192256341,4.662249885348833
1187,39.10257827753183,86.60365058670143,4.645400601694188
1188,38.61906030303329,87.13468869123253,5.0687007968760405
1189,38.08071893409604,87.6699629171817,4.321526524303039
1190,37.485331424585624,88.20528211284514,4.668432393584802
1191,36.8302575282141,88.73690337601863,4.651040848334798
1192,36.11234608759289,89.26155580608794,4.880272976470513
1193,35.32780818321628,89.77644492911668,5.07314854686378
1194,34.47204090078156,90.27924130663857,5.138799017780864
1195,33.53937558818602,90.76805696846388,5.597135979900446
1196,32.52270578445833,91.24141315014721,5.569951552328835
1197,31.41291357293387,91.69820245979186,5.685426339420447
1198,30.197936580342628,92.1376481312671,5.186011371564151
1199,28.861141008779885,92.84460052677788,4.870434570222998
1200,27.37820250833903,93.42772612003381,4.687920175795049
1201,25.710244715825898,93.89747762408462,4.7299618386496505
1202,23.78497583198776,94.2638997650744,4.826614829606836
1203,22.336439965651685,94.46543256516811,5.04473293409159
1204,20.725696151726417,94.89795918367346,5.0476915674509275
1205,18.90102400593036,95.23725834797891,4.793291651315193
1206,16.753271143169567,95.49152542372882,4.603392186486735
1207,13.768132762141299,95.6685191238967,4.789663780911047
1208,13.768132762141299,95.6685191238967,4.9374701355383515
1209,13.768132762141299,95.6685191238967,5.066016683002931
1210,13.768132762141299,87.4141876430206,9.089193933907628
1211,13.768132762141299,90.86302713305001,8.699230058732365
1212,13.768132762141299,94.37724746649232,6.451724273717002
1213,13.768132762141299,97.9568486433475,3.389762955290153
1214,11.341443901420025,98.07510255601136,3.292483091912826
1215,7.921788301071479,98.14166031987814,3.2372750890898185
1216,7.921788301071479,98.14166031987814,3.198704829027987
1217,7.921788301071479,98.14166031987814,3.1634367806915087
1218,7.921788301071479,89.23076923076923,9.056874640985694
1219,7.921788301071479,92.56664127951257,7.391115500646175
1220,7.921788301071479,95.96344249809596,3.7462859238277595
1221,7.921788301071479,99.42117288651941,1.1209479582008612
1222,5.237557751852812,99.49941107184924,1.5972706488307702
1223,3.0370119579712087,99.58701224722302,2.759954894921831
1224,-0.0,99.61432506887053,4.208853068016218
1225,1.7263595531412619,99.6078431372549,4.322261543393522
1226,4.189190988298596,99.5511149724877,4.43582070760761
1227,6.208061115907181,99.4311377245509,4.3887655090508355
1228,8.82711055601621,99.33395291201983,4.455109528251327
1229,10.972565286233687,99.1984610452068,4.557786971918306
1230,12.542057481308383,98.92241379310344,4.594602764485765
1231,13.967118527182038,98.56016455262255,4.581229184994764
1232,15.272141981548065,98.1041814316088,4.533712971172568
1233,16.473835142443093,97.69315269132186,4.537555494376189
1234,19.2638058662897,97.56607720098879,4.563982160923746
1235,22.198055019930212,97.45008895038545,4.6194395371915915
1236,24.293933998067,97.24676392027943,4.687149652101443
1237,26.065708719086107,96.94640187913731,4.688605092067082
1238,27.622490333933218,96.53871755047703,4.308141357201467
1239,29.98495460820428,96.39722863741339,4.307545953064082
1240,32.28785415064457,96.17052023121387,4.312362116192943
1241,33.25508365804638,93.85145105755042,4.077946441224749
1242,33.25508365804638,89.59665518937531,4.667374310782997
1243,33.25508365804638,85.44023610427939,5.6045612830766975
1244,33.25508365804638,81.38219380226266,10.425742337601868
1245,33.25508365804638,93.94982784062961,2.2658167441013686
1246,33.25508365804638,93.94982784062961,2.255302689074632
1247,33.25508365804638,93.94982784062961,2.2185846975351953
1248,33.25508365804638,93.94982784062961,2.149805002437029
1249,33.25508365804638,93.94982784062961,2.0453493463736585
1250,33.25508365804638,93.94982784062961,1.9149899964008539
1251,33.25508365804638,93.94982784062961,1.7701332395735685
1252,33.25508365804638,93.94982784062961,1.6127805390007892
1253,33.25508365804638,93.94982784062961,1.444894076787731
1254,33.25508365804638,93.94982784062961,1.2696764112738619
1255,33.25508365804638,93.94982784062961,1.0928886963162923
1256,33.25508365804638,93.94982784062961,0.9259417642833561
1257,33.25508365804638,93.94982784062961,0.8023847751753181
1258,33.25508365804638,93.94982784062961,1.0014648201772716
1259,33.25508365804638,93.94982784062961,1.5099208382295062
1260,33.25508365804638,93.94982784062961,2.1572552242137326
1261,33.25508365804638,93.94982784062961,2.9376240251429846
1262,33.25508365804638,93.94982784062961,5.746042245179872
1263,33.25508365804638,93.94982784062961,7.3402897681846095
1264,33.25508365804638,93.94982784062961,8.484933717439596
1265,33.25508365804638,93.94982784062961,9.383225348425505
1266,34.889441698527214,93.81598793363499,9.828365943972127
1267,37.16554211867975,93.46113445378151,9.98363995393906
1268,38.99392071758289,92.9786066922655,10.090665642632434
1269,40.56283707187351,92.35395189003437,10.114837702290401
1270,41.94448505309588,91.81111775254034,9.97886899962913
1271,43.17763623650583,91.45885286783043,10.031481182403166
1272,44.28650266599322,91.09811565951917,10.011779719954461
1273,45.28759757650492,90.73071718538566,9.876854281309877
1274,46.192853689225544,90.35890218156229,10.152963367783439
1275,47.01124923954093,89.98538011695906,10.116274957497165
1276,47.74973991272249,89.61334344200152,10.27007343783808
1277,48.96947526352043,89.04705417160933,10.106046807311735
1278,49.58898093921686,86.83026584867076,9.821212308059438
1279,50.43455285927069,84.91287717807054,8.729024584351142
1280,51.45655005920765,83.31114070128717,7.071465864914113
1281,52.35884739783562,81.44377602961592,5.347480282656654
1282,53.00669949071821,67.8485864877815,10.959629640453779
1283,53.43096506353928,69.71935007385524,8.71526253391894
1284,53.79052698974752,71.40695915279879,9.648307241932644
1285,54.08738106471779,72.87699433865157,11.300640254784819
1286,53.57579139442482,79.0509843513377,4.463846218548081
1287,52.93703211372487,80.36507153428713,1.1326890466254744
1288,52.156139000728274,81.49927919269582,1.1548746132424474
1289,50.615668280761696,82.07152810032512,2.1779323650536537
1290,51.0485881495077,82.46097337006428,3.678442216267794
1291,52.29690302140158,82.84132841328413,5.36619702281775
1292,52.7307595234904,82.99445471349352,6.229132650162312
1293,52.47350487517707,82.91782086795938,6.5128288892735
1294,51.80302708636787,82.80313508529277,5.914544945917477
1295,51.34654258657332,82.62476894639556,6.180946029274509
1296,51.71703719493686,83.08550185873607,7.258984733171804
1297,51.83707606082666,83.61266294227188,7.734968354021996
1298,51.71703719493686,84.34014869888476,8.120207024920118
1299,51.34654258657332,84.93530499075786,9.905847908773994
1300,50.376081617318455,85.23765996343693,10.947089460096498
1301,48.504459711128035,85.4054054054054,12.063947441789841
1302,49.06947987276752,84.9074074074074,12.374017764235077
1303,49.54993779502364,84.44022770398482,12.162305481196563
1304,49.950196958514205,84.01162790697674,11.974293518278325
1305,50.273611588467205,83.62919132149901,12.150579491255241
1306,50.52272374038227,83.3,12.082813667609427
1307,51.2604772050754,82.65984654731457,11.113183362571222
1308,51.89653958513467,80.53235908141963,9.148979160048274
1309,51.968911758206424,77.25366876310272,4.558366569538008
1310,51.96891175820642,73.84696016771488,4.775469981987528
1311,51.89653958513467,70.82463465553236,4.4717292372181925
1312,51.75125747598377,77.48447204968944,5.118293162918675
1313,51.531965505179286,77.65848670756647,4.7640133061546575
1314,51.23694994591218,77.91750503018109,5.031854307554907
1315,51.430719008252815,77.64942240080362,5.4946565238826555
1316,52.007391147446135,76.6412213740458,7.89527242931009
1317,52.390756659792444,75.44940934771444,8.82899201629627
1318,52.5987487042424,74.13526071244192,8.922608493495765
1319,51.95681197047139,70.52631578947368,7.122537404283949
1320,51.202913665954654,67.44298884036876,9.245873041368943
1321,50.32381505582738,64.59016393442623,11.216767133345298
1322,49.300337962846505,70.99684258006315,9.032387858444721
1323,48.1028448521791,72.60511486779367,12.685484292467706
1324,46.68027767290642,74.01247401247402,12.301270739464629
1325,44.924090366391134,75.22899243329351,14.285220841752194
1326,42.32053476619313,76.26666666666667,13.799516142165613
1327,42.078780215516744,76.77298311444653,14.04885997054658
1328,41.78689063249978,77.33136748986362,13.666166814446667
1329,41.443832010359806,77.93427230046949,11.72176467503415
1330,41.04834270052997,78.57394987645606,8.512452124346687
1331,40.59890232032603,79.24268502581755,8.575224372656725
1332,40.09369132779603,79.93299832495812,7.221271654370947
1333,39.53053822591114,80.6378132118451,6.538283849644218
1334,38.906849966633395,80.49857999368886,7.010569281526206
1335,38.219518956042585,82.49312557286893,6.14846156144496
1336,37.46479656729746,84.28360413589365,5.019576841346083
1337,36.63811722747563,85.87731811697574,3.6779673857972974
1338,36.196083877152965,88.87331838565022,2.046254317743854
1339,36.867497431460755,89.93641139065524,1.7250415518826119
1340,37.43668906413916,90.08584879534754,1.623197679230627
1341,37.260087210363665,90.03598117907556,1.6830468527914135
1342,36.01177233846978,89.78746894838531,1.878355700614872
1343,36.38763815099374,89.55389304516487,2.52060191249721
1344,36.544455528705136,89.53649736330836,4.844301204413852
1345,36.492451505762226,89.54230235783633,6.431242477539635
1346,36.22832719803083,89.57123098201936,6.728671099411856
1347,35.733846955994686,89.98073217726397,6.732407055948218
1348,34.96649582999357,90.29789559989068,6.819838767925633
1349,33.82433815996757,90.52261034389386,6.63123037564482
1350,31.79887140150531,90.65595716198126,6.624690825307563
1351,29.721499551286957,90.79608569161597,6.630591063484999
1352,29.260014162191585,91.41506957206616,7.3900685530533945
1353,28.645331619163382,91.88556566970091,7.885398584457464
1354,29.244874140825907,91.65998396150762,7.795546971116073
1355,29.791206952980374,91.440329218107,7.890147484185289
1356,30.28629286583965,91.22856339612032,7.919486675946378
1357,30.731807930120436,91.0267471958585,7.959465106135787
1358,32.515431485154465,90.73359073359073,7.718436550691665
1359,34.678708305659704,90.23861171366595,7.779585565117452
1360,36.391333304598845,89.59612277867528,7.6429063775821815
1361,37.31088623897102,87.84548784548785,7.377690559114718
1362,37.60946521833207,84.95425279566248,5.848112679485199
1363,37.60946521833207,80.65062690613351,5.2072068560200755
1364,37.60946521833207,69.73907150118603,11.031672069979395
1365,37.60946521833207,69.46797695696374,11.855028554361471
1366,37.60946521833207,80.58285327007793,3.981945461364622
1367,37.60946521833207,84.8864791596069,2.3210447285659113
1368,36.34991411187677,85.88196935115748,2.4654506529839946
1369,36.34991411187677,85.88196935115748,2.630197887596469
1370,36.34991411187677,85.88196935115748,2.8181476216473804
1371,36.34991411187677,85.88196935115748,2.95167058596932
1372,37.89908020340835,77.7407530823059,8.570879993351978
1373,40.001378628097285,81.14782608695653,4.199152534467313
1374,42.39698116077852,84.7439157282964,4.466899996349571
1375,44.46141256683466,88.53889943074003,6.7676403606825035
1376,44.70667930396133,88.67350817179779,8.525640906457228
1377,44.46141256683466,88.53889943074003,10.02080272240409
1378,43.60956276179042,88.43974310540234,11.46699929376938
1379,43.15771834694188,88.26237054085155,12.026124923740063
1380,44.0976440853994,87.83300198807157,12.65215873562468
1381,44.92456639226725,87.41258741258741,13.003632836787505
1382,45.650081017242194,87.00636942675159,13.377785052163302
1383,46.28279531417008,86.62002623524268,13.976691958750852
1384,46.829255429041,86.25954198473282,14.425094535673221
1385,47.29451311950358,85.93103448275862,14.871729334764385
1386,47.6824897597839,85.64054434537776,16.141297899437678
1387,49.27112136212789,85.21024649589174,16.825750009359496
1388,51.113035568881045,84.46455505279035,17.106896363446353
1389,52.49200099893071,83.51591027647366,17.59701431252147
1390,54.450839320721286,82.6204656199242,18.06690260633939
1391,56.770027117249676,81.87957231288689,18.624098329537656
1392,57.55438279667091,79.54154727793696,17.65346191873329
1393,57.55438279667091,75.93123209169055,11.337452484581215
1394,57.62425899025301,72.84234752589182,12.494246860248667
1395,57.67405871744923,69.87882285054818,16.54287356150126
1396,57.67405871744923,64.33929601846509,15.358568969839306
1397,57.67405871744923,64.33929601846509,16.482056006826262
1398,57.67405871744923,64.33929601846509,17.501679074285803
1399,57.67405871744923,71.43681477207156,20.92785864393299
1400,57.788771331333976,71.08784176847004,21.941752945338
1401,59.80762908606946,70.02427184466019,23.130504666515115
1402,61.32100396319905,68.7934301958307,23.477769197779978
1403,62.26515161992875,67.23348593852191,22.6512648199538
1404,63.02251512570607,65.47538772757923,21.59139311040971
1405,63.79161852592933,63.75,21.618118993198966
1406,64.53989243950544,62.07142857142857,21.57825686378802
1407,65.25350657753776,60.410557184750736,18.978002274987045
1408,65.90983699003347,58.78378378378378,13.804156808423812
1409,66.32367790969816,56.94656488549618,10.182395541134605
1410,66.58083167473396,55.01543209876543,8.85393460927883
1411,66.77867510969416,53.18818040435459,8.873261771239228
1412,66.77867510969416,51.244167962674965,9.254364390413881
1413,66.62865199897541,49.304482225656876,8.309184645358958
1414,66.16849918863295,46.903323262839876,9.181173221330308
1415,65.40394420037514,45.13081395348837,7.927612837861288
1416,64.80894487161731,44.04255319148936,6.832556192682013
1417,64.30154846287202,43.54838709677419,6.145009755100549
1418,63.46916077798471,43.37931034482759,5.926844448994374
1419,63.50142470724365,43.43922651933702,5.366269605728161
1420,63.40444266241633,43.810178817056396,5.153270164152841
1421,63.175883154200676,44.6866485013624,5.034702808237547
1422,61.66770293666072,44.907407407407405,4.668737353421453
1423,60.50776764090444,44.36435124508519,4.323556996033381
1424,60.65764008613406,43.24503311258278,4.139208604671264
1425,60.73228117930582,42.41011984021305,4.095555035433739
1426,60.73228117930582,41.87749667110519,3.800117384233742
1427,60.657640086134066,41.65562913907285,3.8305261042653145
1428,60.50776764090444,41.74311926605505,4.008051860648111
1429,60.281454791046784,42.25806451612903,4.4247411494793205
1430,59.976813076448266,44.879898862199745,4.147127346872696
1431,59.591173995478954,46.9173859432799,3.8947648181973746
1432,59.120933962479086,49.34131736526946,4.597059799051549
1433,59.120933962479086,53.35329341317365,5.080061788584196
1434,59.120933962479086,57.604790419161674,4.032920137285601
1435,59.676544912891025,57.09134615384615,6.063988248395699
1436,60.7752184009256,55.79531442663379,8.359939625804088
1437,61.578887910702626,54.4080604534005,9.162485966669948
1438,62.15556004989595,52.9449423815621,10.453869707240479
1439,62.53892556224228,51.943005181347154,11.329058982203465
1440,62.74691760669221,51.62972620599739,12.343372528786306
1441,62.788113576299644,51.56657963446475,13.798846844228786
1442,62.66412794262703,51.7555266579974,15.057921979685318
1443,62.37001939006668,52.19072164948454,17.138702190143864
1444,61.89300241195672,53.6848792884371,18.57185789461098
1445,61.20849123111287,55.11221945137157,20.712293566670713
1446,60.269502646251304,56.45554202192448,22.02849553603736
1447,58.970833676407196,57.70142180094787,21.328579605494994
1448,58.2225597628311,59.317129629629626,20.22906730590814
1449,57.26041249354863,60.810810810810814,17.186955632957226
1450,56.01451014963076,62.172489082969435,15.541842019628858
1451,53.885375407465176,63.363205060622036,16.461467259045488
1452,51.5661876109368,64.51448906964922,17.188319684705796
1453,51.12049390160123,66.76631788739412,16.261599593921364
1454,50.573916156438884,68.85644768856447,16.648443785605544
1455,48.16281031700732,69.91109031352363,17.545520865469754
1456,47.4796776136289,70.9148839326354,18.694600915443907
1457,46.677958984870706,72.27373068432671,20.331247557332915
1458,45.74186734421641,73.81460914139257,20.965576408582077
1459,44.64784471605039,75.17525773195877,21.746106665430457
1460,43.35771089965848,76.36074692093763,21.06391478726958
1461,42.56537638854636,78.64077669902913,15.534325834672206
1462,42.56537638854636,82.79611650485437,12.0482811180279
1463,42.42158678505693,86.30242400923431,9.60107069264885
1464,42.22913702429048,89.62371721778791,7.8474524451394085
1465,41.9873824736141,92.73680269561962,6.179562583242624
1466,41.05551497588557,93.89671361502347,5.451219489700014
1467,40.0048943960148,94.85217391304347,4.764900995712389
1468,37.89349348451526,95.17149517149517,4.314361084079506
1469,35.750878645438796,95.65356343879834,3.931243277304025
1470,34.45624694945508,96.28035659391331,3.929836962807822
1471,33.55252859438047,97.70286396181385,3.4363086958065683
1472,31.942108349623677,98.0515759312321,3.4947808963029376
1473,30.003851769806257,98.26732673267327,3.544024858277383
1474,27.223662622598876,98.36411609498681,3.592168332135472
1475,25.25482561275105,98.55476673427992,3.571639327586391
1476,22.444820949912174,98.63614223088163,3.572469435459591
1477,21.955975637726866,98.66666666666667,3.7616396701766632
1478,21.41996507621385,98.69827986982799,4.275297106970831
1479,22.46951844424458,98.70490286771508,4.347207078259718
1480,23.065177373132435,96.66819852941177,4.09119077937286
1481,22.389917693085053,92.75815824765311,5.7789365191556445
1482,21.658935868907157,88.98783666377064,7.8277745649727155
1483,20.869229111875647,85.36482496836777,10.316154710597006
1484,20.01723355538306,97.11538461538461,2.8491322381070336
1485,19.09867446789201,97.20349067830226,2.9207587043136694
1486,18.10835576990352,97.29054573405072,2.9907781014680683
1487,17.03985483685009,97.37625604763677,3.055019385510126
1488,15.885062695553017,97.46037463976946,3.1123630339748187
1489,14.633457470382094,97.54269780411293,3.183341824515071
1490,13.270884165427137,97.62306136210384,3.260876041406466
1491,14.239883325735569,97.48438291406381,3.26110210240122
1492,15.091733130779808,97.68228726103874,3.3404483161880325
1493,15.336999867906476,97.74843406128322,3.3833930940733232
1494,15.276980434961576,97.73188896411645,3.4398336227405713
1495,14.249632379343593,96.00931160625208,3.0629272916116497
1496,14.249632379343593,92.43431992018623,4.7691581996441235
1497,14.249632379343593,88.92583970734952,6.765224447750491
1498,14.249632379343593,85.48387096774194,9.013518595455126
1499,14.249632379343593,95.4938476887263,0.6821004586408869
1500,14.249632379343593,95.4938476887263,0.5891919285512874
1501,14.249632379343593,95.4938476887263,0.6172155061391233
1502,14.249632379343593,95.4938476887263,0.7820280451895537
1503,14.249632379343593,95.4938476887263,1.0190889926961229
1504,14.249632379343593,95.4938476887263,1.2984096012358954
1505,14.249632379343593,95.4938476887263,1.6083382385080085
1506,14.249632379343593,95.4938476887263,1.9405008003092827
1507,14.249632379343593,95.4938476887263,2.291174362284572
1508,14.249632379343593,95.4938476887263,2.657515756158595
1509,14.249632379343593,95.4938476887263,3.1127146213070076
1510,15.94745822377078,95.41066892464013,3.4315314108320045
1511,18.352465734844905,95.18707184261373,4.497246234032587
1512,20.312473011230548,94.88067043177264,5.603091883088185
1513,22.871582623871305,94.5905050122943,7.211144921875973
1514,25.242513830436753,94.31885197562414,7.582546386519815
1515,27.167782714274885,93.95301327885598,7.753505418342261
1516,28.83574050678801,93.48333687115262,8.647994064414657
1517,30.318679007228873,92.89966923925027,9.012752878840253
1518,32.6543313672496,92.40302960752811,9.068933551642726
1519,34.96374658890292,92.00383050035911,9.064361550611304
1520,36.82620194629933,91.4856429463171,8.87074554194345
1521,38.42999269778768,90.83571986461858,8.456889402109713
1522,39.84735096401849,90.25780189959295,8.772534305393249
1523,41.1170893892004,89.85015549901046,9.093400457153965
1524,42.26346419029879,89.43185163379452,9.80851175724302
1525,43.30303620049919,89.00459418070444,10.757022526508122
1526,44.247789528052024,88.57051894301178,11.02323627698471
1527,45.10675799750325,88.13223140495867,12.11158609817132
1528,45.88695755659912,87.69283510455948,12.81288982151263
1529,47.007800170985185,86.40429338103756,11.783078520946063
1530,47.52351669402331,83.15674095725247,10.40507890788893
1531,47.52351669402331,78.22433321154548,6.14573312334043
1532,47.52351669402331,73.43807088052613,5.781326179464619
1533,47.52351669402331,69.1267811472415,6.442785118657486
1534,47.52351669402331,78.58969674826453,7.161258078777933
1535,47.52351669402331,78.58969674826453,7.1307362939507435
1536,47.52351669402331,71.1728169528681,6.157152237114354
1537,47.52351669402331,75.88600657654366,5.449046633167084
1538,47.52351669402331,80.74534161490683,8.642210210465203
1539,48.23011054079555,85.22812266267763,11.45575184790527
1540,46.809069103072915,84.85863095238095,11.616389749062598
1541,47.9528271536914,83.51477449455676,11.272282769362619
1542,48.47600105438752,80.17481128327374,10.057681787086347
1543,48.47600105438752,75.12912197059993,4.885744422120601
1544,48.47600105438752,70.24235200635677,6.479842146086633
1545,48.47600105438752,65.5145013905443,9.415501314825152
1546,48.47600105438752,74.97020262216925,8.389083572896011
1547,48.47600105438752,65.5145013905443,12.405134626049469
1548,48.94683813245283,69.29006085192698,13.908363046343167
1549,49.81217730087458,72.1588508660752,13.31711320734546
1550,50.583873078394625,75.01097935880544,14.286812500015428
1551,51.249127707474926,76.83310841205578,16.62448566970928
1552,51.249127707474926,76.83310841205578,18.000834093498113
1553,51.249127707474926,76.83310841205578,19.38023636362868
1554,51.249127707474926,76.83310841205578,20.140637380982383
1555,51.6997081759427,77.73242630385488,23.25851385436546
1556,52.75882289228206,76.69672520170859,20.612380372982805
1557,53.68837941115592,75.65691621219634,20.461589931848977
1558,54.50455873349165,74.62532299741602,20.836870999213897
1559,56.352579127627656,73.38753387533875,20.666285756858493
1560,57.0078282657762,70.51209904333146,20.71822529203404
1561,57.57284842741568,67.32673267326733,18.382083979992764
1562,58.05330634967179,63.84384384384384,15.562639947140529
1563,58.263230164650416,59.31790499390986,8.751049626336927
1564,58.830452242477584,55.9823677581864,8.105092550524107
1565,59.816540472962245,52.94888597640891,8.960311436834308
1566,61.06017077242233,50.206043956043956,9.366162815793563
1567,62.969096920620714,43.907714491708724,10.519263830991482
1568,64.71909308447069,46.019711902956786,11.317472620152119
1569,64.99487520924947,46.754250386398766,12.188421233417339
1570,65.1322516468987,46.56786271450858,13.438535383664753
1571,64.47657653476413,45.022624434389144,15.495138618724464
1572,63.66577436523148,43.32365747460087,16.88374349762264
1573,62.671204021582724,42.14186369958276,18.967272251382536
1574,61.5526018925183,50.86436170212766,17.36321800818592
1575,60.68680364744187,54.06790518898142,18.064618553518518
1576,60.19966571530395,57.61342448725917,15.623604382578502
1577,59.6190440763329,60.9009009009009,8.972684674868015
1578,58.93777982740741,63.909774436090224,6.583469272295861
1579,58.40336529616879,64.96922216004477,7.03192851065764
1580,57.782228643187764,66.10901241230437,7.332058227050229
1581,57.06785872451782,67.30669434353918,7.36445417446201
1582,56.251679402182084,68.54156296665008,7.594289588794352
1583,55.322122883308246,69.79514054311576,7.265141680001409
1584,54.26300816696889,71.05143377332726,7.687233409157173
1585,53.05042656595699,72.60095527572732,9.568644194471414
1586,51.6458842568563,74.26561853537443,9.872873562802294
1587,49.97744233425618,75.69909413154785,9.62642228289148
1588,47.85707584144592,76.92019482952416,9.096353781169869
1589,45.81057059182767,78.33870390261367,6.679421062832975
1590,44.75007051189484,79.86946066643765,4.141878307501045
1591,44.75007051189484,79.86946066643765,4.228515494631471
1592,44.75007051189484,79.86946066643765,4.310657325289337
1593,44.75007051189484,79.86946066643765,4.377514795116831
1594,44.75007051189484,79.86946066643765,4.42872860944172
1595,44.75007051189484,79.86946066643765,4.51054945115844
1596,44.75007051189484,70.7660597732738,10.335551360031321
1597,44.75007051189484,75.2662315355548,12.019810052144418
1598,44.75007051189484,79.90381312263827,4.052441591139424
1599,44.75007051189484,84.67880453452422,2.8151852163546067
1600,43.147761844876484,85.59238595339679,3.0507670072713524
1601,41.21740193471734,86.3365716076465,3.5400502850275513
1602,38.44490564348948,86.92790906371522,4.260512272779797
1603,38.44490564348948,86.92790906371522,4.733122885048293
1604,38.44490564348948,86.92790906371522,5.321333380697427
1605,39.62647784137128,75.88001224364861,15.188698428526209
1606,41.56473442118871,79.4296699775713,9.555165485306611
1607,42.211816308500524,82.00463116109825,7.323855837754649
1608,42.79665973153034,84.52096829185135,6.914116305862939
1609,42.16104872768464,83.43991921911814,7.732406035078902
1610,41.35207319603859,84.8193569771296,7.916968754729964
1611,40.333087117000346,84.92347769456204,8.306526642162757
1612,40.333087117000346,84.92347769456204,8.773108560629064
1613,40.333087117000346,84.92347769456204,9.21851047117954
1614,40.333087117000346,84.92347769456204,9.644169908707102
1615,40.333087117000346,84.92347769456204,10.049928963946758
1616,40.333087117000346,83.2627808531423,11.177473599937658
1617,40.333087117000346,84.5978508629111,11.040231751099737
1618,40.333087117000346,86.06317160534029,10.858228276109267
1619,40.333087117000346,87.65874308042983,9.054373498703265
1620,39.650017593709904,88.2333978078659,9.139111999385971
1621,39.650017593709904,90.0709219858156,8.754467238414309
1622,39.650017593709904,92.03739522888459,7.359500959959571
1623,39.650017593709904,94.13281753707285,5.658267070809308
1624,39.22997747757855,96.45046789286867,3.0977730252941025
1625,37.704995657876786,96.6235405490691,2.132903379920591
1626,36.14942837405163,96.79309281529449,1.9173544528603321
1627,33.738322534620075,96.84210526315789,1.8442308122301645
1628,31.868670183280884,96.94925198005281,2.155003269515599
1629,30.432624595721535,98.26288361320208,2.7181596877636482
1630,27.954453096549447,98.33615341229554,3.5571233837092757
1631,28.158529238492385,98.31717056474615,4.496430865806241
1632,28.321216319642094,98.30166954519287,5.308348854301496
1633,28.442900638684954,98.28985507246377,6.031439260915868
1634,28.523867216704623,98.28188701223064,6.725809859641829
1635,30.0701234843308,98.24873849807065,7.3780828556553075
1636,32.1146793762623,98.0952380952381,8.006260112283767
1637,34.4506111085633,97.93322734499205,8.687847604124437
1638,36.4533100788598,97.76242184929254,9.432814307695283
1639,38.00006768241706,97.44984699081945,10.0943477382819
1640,39.27862385486213,96.98351455629604,10.705875842293885
1641,40.36060089939585,96.64138678223185,11.128975626630181
1642,41.284139590297386,96.5491651205937,11.063943942107516
1643,42.07275327371837,96.46253328261696,11.548374083707415
1644,43.83730015189211,96.36292530308955,11.928175876508302
1645,45.6648457012826,96.12747075433643,12.28452782218833
1646,45.6648457012826,93.02137958854377,9.362197618165649
1647,45.6648457012826,90.0766438079871,7.475687138746302
1648,45.6648457012826,87.29326341266639,6.699226945993082
1649,46.38825990831364,86.24641833810888,6.001722520232994
1650,46.90129805354316,84.27336352408399,5.363811263079317
1651,48.122749859379496,82.36754966887418,5.2254599623943125
1652,49.8386614610492,82.35544217687075,5.623397599499552
1653,51.08456380496706,82.22996515679442,5.9839837491894565
1654,52.04671107424953,81.98398576512456,6.514054669744121
1655,52.794984987825636,81.97463768115942,7.005851645605549
1656,53.10088869667945,81.33272478320401,6.83525771670839
1657,53.10088869667945,79.82656321314468,5.430006079306417
1658,53.10088869667945,78.50296668188042,4.703888813754006
1659,53.10088869667945,77.36193518941123,2.9424170604365383
1660,53.10088869667945,78.32040164308535,3.911087876648722
1661,53.10088869667945,78.32040164308535,4.096622881820283
1662,53.10088869667945,77.86398904609767,4.140247799459857
1663,53.10088869667945,78.73117298037425,6.5648803793782315
1664,53.10088869667945,80.14605203103606,9.982038919835837
1665,53.10088869667945,81.74349612049292,12.075196968105612
1666,51.95631180129284,81.80599016540009,13.452542524458025
1667,51.432995612547025,81.33393017009848,13.72584784188417
1668,52.55340198161156,80.7710171853228,13.850479091037165
1669,52.87634210590137,77.55102040816327,7.075087536730306
1670,53.14104460987774,74.09376510391493,5.508334511963869
1671,53.34872785768834,70.42667974497303,6.958039203213522
1672,53.500318239251186,73.32672285572633,6.362487470084719
1673,53.59647617360639,72.6410384423365,6.415732550996519
1674,53.6376138793363,72.05808713069604,6.668947821014325
1675,53.62390614807349,71.58579289644823,8.395345658780967
1676,53.55529483964369,71.22946739671478,8.098378026002644
1677,53.431487391677166,70.99161322150962,8.424287501297325
1678,53.25194924705565,70.87189478811496,8.525769802311357
1679,53.0158897012103,70.8672735984667,8.803125837513415
1680,52.72224020751294,70.9722874589009,8.909650186904802
1681,53.19973571216963,71.07243650047036,9.145717783528376
1682,53.77835368548831,69.76076555023923,9.095642843949504
1683,53.787751133132886,66.93586698337292,7.137830983997698
1684,53.28591715573665,62.828189774297556,4.893338912163301
1685,52.7141334219143,59.28730512249443,5.556530492357313
1686,52.0685293151198,55.694026643747314,10.417815109858022
1687,51.344281217068314,65.90815059991725,5.87554731647244
1688,50.53531057908079,66.8389662027833,6.470202702374022
1689,50.521348006561105,67.13615023474179,5.502895709110846
1690,51.094414927186236,66.73228346456693,5.423382618391716
1691,51.02528521196356,65.98505701926858,4.4700182169893665
1692,51.02528521196356,65.98505701926858,4.456721459813612
1693,51.02528521196356,65.98505701926858,4.616688572545961
1694,51.02528521196356,65.98505701926858,4.941218733691604
1695,51.02528521196356,66.29964608729847,5.607664046638319
1696,50.493168956161824,66.3924794359577,6.287270590112532
1697,49.24485408426794,66.13343737807257,6.689868071222471
1698,49.441522365202765,65.33646322378716,7.3323154091185625
1699,49.39726127054554,64.46442533229086,8.202098474969862
1700,50.423253461381,64.075382803298,8.73253342337178
1701,51.40869463697315,64.48044251284078,9.515977881297465
1702,51.11828588871384,64.2266824085006,9.929182660173808
1703,50.569693510361134,63.774912075029306,10.411110397540904
1704,49.70111973893793,63.133462282398455,12.000025968868302
1705,48.90150468367788,63.375430539609646,12.104938975396673
1706,48.7146609295282,64.89938080495357,11.766520293005687
1707,49.34326909203522,68.77502001601282,9.019278615709684
1708,49.903793887901784,72.85123966942149,9.366707960367874
1709,50.39948654145843,77.1063829787234,6.94730798002617
1710,49.55019830696059,77.9030910609858,5.375547834771225
1711,49.55019830696059,80.28404344193818,3.0907508888409128
1712,49.075892618231066,80.97199341021417,3.2773946182668734
1713,48.47222152903941,82.22672064777328,3.8959581873321656
1714,47.724465194869516,83.33333333333333,4.612526197067874
1715,46.80998071132501,84.25135764158262,4.983626953297811
1716,45.69137858226059,84.98487140695916,6.099675935606471
1717,45.918409515684964,84.76592478894858,6.060188390571363
1718,46.096828863128195,84.58850931677019,6.309473562598752
1719,46.22721890547374,84.45575567736883,6.836568407184559
1720,46.953053527765114,83.90712570056044,7.345678842104408
1721,48.150546638432516,82.765780730897,6.704190393824192
1722,49.17402373141339,81.42734307824591,5.660778575051631
1723,50.05312234154066,79.88454706927176,4.396738486885792
1724,50.807020646057396,78.49954254345838,3.586090833131127
1725,51.4489573798284,72.83834586466165,7.023254623731624
1726,51.988441313069536,75.69778633301252,6.664571286618906
1727,52.43245655726956,78.58546168958743,3.7722504995600357
1728,52.786171081047094,81.46853146853147,5.132134549457942
1729,52.49712244446668,81.25623130608176,5.310457653694026
1730,52.69778996410533,80.56394763343404,5.138953018128056
1731,52.81746588488364,79.93920972644376,5.100252444197216
1732,52.85723904213609,79.39086294416244,4.25875306114536
1733,52.81746588488364,78.92603850050658,4.219948417697321
1734,52.69778996410533,78.54984894259819,4.427922357226971
1735,53.188709626494145,78.01418439716312,4.110324947442941
1736,54.10231074280824,77.14138286893704,4.834315794162445
1737,54.75906874210582,76.12565445026178,5.790823881364577
1738,54.377879266194306,72.73662551440329,6.442109499804878
1739,53.89807307169122,71.19838872104734,5.95332248458895
1740,53.31296675712094,69.4499017681729,6.768310527546077
1741,52.613311103671315,76.31327602674308,5.540933011526141
1742,51.93645856370973,78.52789498359118,3.7002251345073143
1743,51.93645856370973,82.32536333802156,6.562267404968674
1744,51.095840857345834,82.68968650613357,7.421784077979297
1745,50.10925633108152,83.09178743961353,8.580217404251236
1746,48.959487459775076,82.15345485375158,8.44679412439267
1747,48.385537083630595,80.71636817992503,8.024079853309127
1748,47.228232922458716,79.00529963310233,6.710127266154403
1749,44.70136187811976,75.91069330199765,5.169151219101622
1750,42.720747772473686,72.99435028248588,6.357954622682641
1751,40.67144498209812,70.60957910014514,7.581429124438884
1752,40.56898305040863,78.1182408074982,8.985638749125126
1753,41.93659555021527,72.3458591754834,7.181240113513942
1754,43.806247901554464,74.63304478735417,7.056462164011878
1755,45.96009909267269,76.94994179278231,8.43866753577111
1756,48.34211265748959,79.35174069627851,12.743802436866932
1757,48.59936730580292,79.41529835802963,13.320138306290369
1758,47.596319171035695,79.22493008389932,13.662466935222966
1759,48.95155989933981,82.65944143393081,18.120116726867753
1760,47.688959876760215,79.28828468612555,14.655031959773888
1761,45.89163804225868,75.83173996175908,10.017750935501464
1762,44.63456850416214,72.13782882549093,9.547718073714453
1763,45.102118125028035,70.03341997772002,10.85816565398542
1764,46.156192395574585,69.18406072106262,11.412370286785846
1765,47.00245190878408,68.20116054158608,11.4021524881623
1766,47.677836069882225,67.08611875737319,12.726618798703223
1767,48.20445002025799,66.2016739736947,13.315595719325506
1768,47.68058499304448,62.359767891682786,12.7832089627949
1769,47.092748490357586,58.711127763207195,8.492105581311918
1770,46.43763824782921,55.269829771821804,8.048192656053791
1771,45.711221883071865,62.11114994757078,14.159847715401472
1772,44.90852827131357,63.15257662512631,14.947025753926868
1773,44.75462080132112,63.46153846153846,15.788712182260756
1774,45.13048661384508,62.99133910726182,15.237452799690534
1775,45.28730399155646,62.483311081441926,15.256559129544465
1776,45.23529996861356,61.874583055370245,14.83797733483901
1777,44.97117566088215,61.93484042553192,14.888092131240505
1778,44.47669541884602,62.194315928618636,14.6702257414407
1779,43.709344292844904,62.418086500655306,14.809483828246941
1780,42.567186622818895,62.605314322747894,14.646795838474302
1781,43.29052337447023,61.3682092555332,13.586003328691973
1782,43.94561997743553,60.15246015246015,11.423423481647646
1783,44.24876178970506,57.374164026751146,8.074285627809545
1784,44.24876178970506,53.396691305878214,6.925380578250329
1785,44.24876178970506,49.34882083773319,6.418696067985378
1786,44.24876178970506,45.723336853220694,6.7110159324584755
1787,44.24876178970506,50.897571277719116,6.270754882500064
1788,44.24876178970506,50.897571277719116,6.2083262115099735
1789,44.24876178970506,50.897571277719116,6.4565445381648034
1790,44.24876178970506,50.897571277719116,7.455745351886009
1791,44.24876178970506,50.897571277719116,8.225609396701495
1792,44.24876178970506,47.41288278775079,9.10139568058413
1793,44.24876178970506,51.39035550862373,8.949570092660146
1794,44.24876178970506,55.26223160858852,8.974222384055716
1795,44.737268214391364,58.88689407540395,12.606285978675867
1796,45.04208258694655,59.385171790235084,13.405488405555454
1797,45.222445062427035,59.68034871049764,14.021028852289849
1798,45.64179055262364,58.570899666790076,11.962829653445178
1799,46.33363510119634,57.07167497125335,9.47713667980134
1800,46.652162921757835,54.28682774746687,7.726299979390953
1801,46.652162921757835,50.038971161340605,6.594542585884675
1802,46.652162921757835,45.94699922057677,6.369735813890486
1803,46.652162921757835,38.54247856586126,6.65014988970403
1804,46.652162921757835,47.81761496492595,6.385212710483772
1805,46.652162921757835,52.06547155105222,6.877251753768488
1806,47.29377290135551,55.48027102431247,7.545706681501518
1807,45.802185928447734,55.12871287128713,8.379958351656358
1808,43.91584132161897,52.80941533788914,9.486033864040085
1809,43.91584132161897,48.59529233105543,10.143015237759826
1810,43.91584132161897,41.23006833712984,10.511351482370653
1811,44.26212232372676,42.13982232522209,11.582209206979638
1812,44.898901983932845,42.9940119760479,12.529132548063217
1813,45.46484781742496,44.421572663647595,13.814841732599822
1814,45.36519932505137,44.357816988100126,15.23172579124461
1815,45.164487924770356,49.16428862617204,16.55051757466969
1816,42.954025783594005,50.378335324571886,17.50395666547331
1817,42.19666227781669,51.93586233867814,18.878427170972838
1818,41.25251462108698,53.4278054385293,19.361458324691323
1819,40.07171008991541,54.769921436588106,19.85483843508866
1820,39.49851635960652,56.98324022346369,19.570422957206745
1821,39.73025031939953,60.71023800528901,14.425919583801907
1822,39.912330860582294,64.50133740924723,9.305213661701659
1823,40.04537747953961,68.32369942196532,7.2310575992833614
1824,39.48576338039885,68.99283289324784,6.464558263387473
1825,38.83047475112855,70.79189686924494,5.77061437669725
1826,38.07112196587907,72.44348762109796,6.43685786904053
1827,37.19630313933375,73.94489012905476,5.8519571723880395
1828,36.70531300071963,74.88835451734799,5.626963690181645
1829,36.661128101498406,75.43679342240493,5.205659429372456
1830,36.57263656718905,72.91311754684838,5.691857566606166
1831,36.439592900620625,76.2757688408246,4.277423412146856
1832,36.26162370740883,79.50518221330658,5.917517962114632
1833,36.03822127275807,82.58000659848236,9.771007355801153
1834,36.03822127275807,82.58000659848236,10.683015529057572
1835,36.03822127275807,82.58000659848236,10.782865387072219
1836,36.03822127275807,82.58000659848236,10.8591217847088
1837,36.03822127275807,82.58000659848236,10.896979106372662
1838,36.03822127275807,82.58000659848236,10.913757473017826
1839,36.03822127275807,82.58000659848236,10.9134387372465
1840,36.26162370740883,70.57840187228352,5.283789597325444
1841,36.439592900620625,71.34166948293343,5.550511835806865
1842,37.028858771919026,72.59233690024163,6.467559522201834
1843,37.96878451037655,75.25846702317291,6.998233046576557
1844,38.69124472890947,74.6257758305951,7.020623218957724
1845,39.3080524544164,73.89033942558747,7.279297042869575
1846,40.73069848083186,73.08567096285064,7.414760161671192
1847,42.572612687585035,73.14308053166536,7.588091457116451
1848,43.951578117634696,73.12952534191473,7.74984648072225
1849,44.53201334384984,72.11577660008153,8.08465563142791
1850,44.53201334384984,70.28128821850795,7.393865411385552
1851,44.4045968299193,68.05499393449251,8.88262279462589
1852,44.110037101837776,65.22429535529972,10.963764445864554
1853,43.761517297451356,64.16634279051691,12.091152601188224
1854,43.35761059514187,62.65654648956357,13.963919535743994
1855,42.89658267895088,77.63401109057301,5.857139359678615
1856,42.042460373116754,78.9454934093338,4.040341175990327
1857,41.09107702955663,80.39081247857388,2.1219221786524196
1858,40.0305769496238,81.91103789126853,1.8596169931854418
1859,39.374747616718,80.91056910569105,2.5455938698295677
1860,38.54683857575555,79.731027857829,3.71164611645302
1861,38.54683857575555,79.09061799551714,4.505651848760906
1862,38.54683857575555,78.80243355747679,5.205134415084563
1863,38.54683857575555,79.09061799551714,5.88066532437749
1864,38.54683857575555,79.7630483509446,6.914171233401582
1865,38.54683857575555,80.56356067883445,9.013182764423354
1866,38.54683857575555,81.49215497918668,10.77725717203411
1867,36.83092697408584,80.89112017571384,12.30898580005677
1868,35.46886200324918,81.16076970825574,14.317724349961194
1869,35.46886200324918,82.4332712600869,17.337417663617497
1870,35.46886200324918,83.76784605834885,20.2617083549526
1871,35.46886200324918,85.22656734947238,23.16975291906939
1872,35.85746602365534,84.27393785668991,24.279122275572135
1873,36.197643646896324,83.32255979314803,25.87479514236352
1874,36.490464590316094,82.38001314924392,26.85326659389445
1875,36.736818394928655,81.45430286857905,27.477104217091153
1876,36.937432030761755,80.55367994598244,28.82056394922715
1877,37.643298541433666,79.50932964754665,29.133604914650615
1878,37.76632161711872,76.04456824512535,25.494836157463464
1879,37.8444439318444,72.4632610216935,26.2155772509526
1880,37.8778858465335,68.7938288920056,27.583462030153854
1881,39.3565880673006,66.32142857142857,27.657282722641163
1882,41.314267478961156,64.98889711324945,27.041302578901178
1883,42.81423782645029,63.5145482388974,27.05058320299387
1884,44.04409445372849,61.89723320158103,26.39445702686309
1885,43.99029311421573,58.1725088617566,18.94831813960971
1886,43.99029311421573,54.82473414730209,17.41895011691217
1887,43.99029311421573,51.63450177235132,16.64851513420381
1888,43.8465035107263,48.1467030823254,15.645017422202434
1889,43.65405374995986,45.433526011560694,16.00065461644821
1890,44.07755382836377,43.08407593955831,15.793960710057963
1891,45.00794049133463,41.53113843712812,15.20431726598433
1892,45.77249547959246,39.93519643580397,13.99820515467804
1893,46.39396885220008,38.30927835051546,13.602589205553357
1894,46.88720805024601,37.00293009627459,13.752864070244033
1895,47.26223437176782,36.1711139347734,17.30685828185593
1896,47.52581533170863,34.04527979495942,18.12829068096249
1897,47.682326631526756,35.294117647058826,17.83778796496895
1898,48.02454254276838,36.045002163565556,18.11526881262856
1899,48.495376492960084,35.72365544381285,18.177773250412802
1900,49.13290361567605,36.620349619004934,15.696088071015819
1901,49.44549415582951,37.254901960784316,16.2585776984251
1902,50.013213777981576,38.48327837965144,16.797698418693717
1903,49.59947178950371,38.05309734513274,16.882765466911863
1904,49.07777044351992,37.5632183908046,18.330667763060084
1905,48.421440031024204,37.01857725419121,18.98933098843441
1906,48.23409354908212,37.187073281747836,19.596918592516236
1907,48.23409354908212,37.187073281747836,20.12860279825187
1908,48.23409354908212,41.55666818388712,21.552464492579233
1909,47.77657521241095,40.45192733717324,20.869326019743482
1910,47.77657521241095,40.45192733717324,21.0776870879314
1911,47.77657521241095,40.45192733717324,20.847451952633275
1912,47.53419112507445,38.70685889034513,19.34548608956347
1913,47.53419112507445,37.702053298383575,19.363623848110816
1914,47.53419112507445,36.87199650502403,19.150526280843007
1915,47.27474123501472,35.98794662074903,19.115979177278177
1916,46.702957501192365,35.54443053817272,15.935025687077014
1917,46.05735339439786,34.36869705526422,13.515966283305689
1918,46.017443808076386,33.29350856232577,12.765417032382935
1919,46.869779755521336,32.70645952575634,13.1371418137549
1920,47.95846463096126,31.21263877028181,11.252799417469262
1921,48.91860288471404,29.65271593944791,15.656075314291355
1922,49.766447204272886,28.405931417979613,
1923,50.51364497212536,27.670837343599615,
1924,51.16886102539693,27.168494516450647,
1925,51.73870576266499,26.93099897013388,
1926,52.228303070091386,26.98833510074231,
1927,52.64165566879788,27.36670293797606,
1928,52.9818889084607,28.086763070077865,
1929,53.25141754117955,29.161947904869763,
1930,53.452061239434755,30.597014925373134,5.9111030481013085
1931,53.58512432556657,32.38702201622248,9.365731989568872
1932,53.65144919191196,34.51688009313155,14.476014943613666
1933,53.65144919191196,36.9615832363213,13.701575241771408
1934,53.58512432556657,40.440324449594435,9.58262422928778
1935,53.452061239434755,43.9150401836969,6.308215202127798
1936,53.25141754117955,47.338618346545864,5.958218884974089
1937,52.981888908460704,50.667408231368185,4.7801302059487645
1938,52.8207461900636,54.485415520088054,4.039253270827089
1939,52.44429631369329,57.657173562600754,2.5391808893002086
1940,51.99326221310787,60.63774176685834,2.7513879445819303
1941,51.99326221310787,60.63774176685834,2.8133542476700213
1942,51.18959270333083,59.57883923985619,2.7948865110243246
1943,50.09091921529627,58.32076420311714,3.796271415012609
1944,48.512485817820846,56.890632663070136,6.513882034516987
1945,47.21589262751368,56.94242864054185,7.217602730482882
1946,46.84086630599188,57.088305489260144,7.884375348142694
1947,46.347627107945954,56.92163303613327,8.511226188273783
1948,46.05370885660251,57.71375464684015,7.975783149392958
1949,46.05370885660251,59.24721189591078,7.0478524244007135
1950,46.05370885660251,60.96654275092937,4.7697600581019195
1951,45.82869156438043,60.073597056117755,7.647720971088887
1952,45.518632401575545,59.346642468239565,9.855371107561515
1953,45.12031935163496,58.78679750223015,10.850183324539499
1954,44.629316560923996,58.39160839160839,12.034550234082463
1955,44.039616127823756,58.79590093936806,12.265260758872843
1956,43.34308386330145,59.81697171381032,11.85517522238655
1957,42.52854222586985,60.75181891673403,11.36370705434946
1958,41.58015655188404,61.5987460815047,8.906127752859268
1959,41.556303989801435,64.358372456964,7.649534640441909
1960,41.48466975064904,67.05607476635514,5.949730024480689
1961,41.43086841113628,69.965075669383,5.4181672071698515
1962,40.96159378557307,70.69820679130103,5.078587624514108
1963,40.96159378557307,70.77451354444868,5.385195661706467
1964,40.96159378557307,70.85082029759634,5.5391330391362
1965,41.76986617295612,70.69163163928162,5.626711500918811
1966,42.44898941217161,70.90839402069759,5.862478602529563
1967,42.5243051098163,70.93558282208589,5.836373724315313
1968,42.21236812545123,70.82695252679939,5.587312527853216
1969,43.138443309171485,72.2547870261821,6.043341248887282
1970,44.69634561903376,75.11183407889386,5.909548325868292
1971,45.98647943542567,77.9467680608365,3.6981941410776584
1972,47.08050206359168,80.46430135786247,3.8134672198993247
1973,46.1770638365006,77.80601440067768,3.431735740885715
1974,45.67309338879447,76.4461090303787,4.3683098978407
1975,45.67309338879447,76.4461090303787,4.315954575869924
1976,46.64533162486288,79.49159844894442,4.545198910917209
1977,47.484720245378746,82.15398308856253,7.351681270950249
1978,48.20718046391166,85.00687757909216,11.084667996326445
1979,48.50171306030558,82.41299303944315,9.575720013869228
1980,48.4220944508123,78.12644208583295,6.663711410905251
1981,48.28904394974054,73.7997256515775,6.342419155676091
1982,48.10202336214824,69.48081264108352,8.32517513309505
1983,47.86026071404712,80.2754331408263,12.46277094858852
1984,47.56273036088821,80.3921568627451,13.457012374143293
1985,47.392655780065915,79.13793103448276,13.092315862268151
1986,47.392655780065915,76.59482758620689,10.609089312099751
1987,47.392655780065915,74.22413793103448,10.808210734972379
1988,47.392655780065915,72.02586206896552,12.295794138055484
1989,47.392655780065915,76.85344827586206,13.527092268170552
1990,47.392655780065915,76.85344827586206,14.599844774357251
1991,47.392655780065915,76.85344827586206,15.787183726829753
1992,47.392655780065915,76.85344827586206,17.03849913655078
1993,47.2081252393753,74.69109501491265,17.282219868973094
1994,46.79481926505837,70.46115496468633,18.896304559761376
1995,47.85149129969386,68.04807293825114,18.83505090829608
1996,47.85149129969386,65.9345213427269,19.565010131521202
1997,47.85149129969386,62.24616659759635,18.42212339070883
1998,47.85149129969386,62.16328222130129,19.768007646724342
1999,47.323749369535136,60.27342179332529,17.67045089520525
2000,47.86105761503251,59.880239520958085,18.33663247419518
2001,48.162035470167446,58.685064935064936,18.66114254105542
2002,48.71317102836023,56.49078726968174,16.479196751457646
2003,49.19916903694094,53.87931034482759,15.439743110392017
2004,49.6226727494346,54.203539823008846,16.39369217968138
2005,49.985842160680235,53.48731884057971,16.092811912450152
2006,50.290431812723014,52.91127541589649,15.784547510870953
2007,50.537848408607054,52.4906015037594,15.603776788468064
2008,50.72919353167886,52.23809523809524,15.606100574175816
2009,50.86529501297691,52.16346153846154,15.66363693943163
2010,51.18051313374359,49.43875061005369,15.348379819422991
2011,51.74012723288435,47.36578023080783,13.914851585749195
2012,52.553010763927674,45.52045572242361,13.69069202372478
2013,53.5430751656366,43.907675791733766,12.668788734947093
2014,54.370455922182934,42.65113699389906,10.694158574063064
2015,55.058254161135956,40.89091947458595,7.773196652338913
2016,55.058254161135956,38.092518560822384,7.03409200054716
2017,55.02725541785103,35.44159544159544,8.04294476362741
2018,55.02725541785103,33.105413105413106,5.198415763001598
2019,55.02725541785103,30.826210826210826,2.595069835485191
2020,55.02725541785103,30.826210826210826,4.016891054182954
2021,55.02725541785103,33.04843304843305,7.64853604760861
2022,55.02725541785103,34.92877492877493,10.458125263022648
2023,54.629727817200745,36.7392518146287,10.933326057298439
2024,54.134432722432855,38.09264305177112,10.316364197459066
2025,53.53460279061056,39.851616322204556,7.607820192494301
2026,52.53050797557842,41.338783852835974,6.396664466615123
2027,51.57162719431294,42.89940828402367,6.996440868673103
2028,50.231838960497655,44.270833333333336,8.287167365918517
2029,49.0120673173901,45.74031890660592,8.55771487236282
2030,48.039829081321685,47.299077733860344,8.685822081631379
2031,46.91106478071985,48.75369666244191,7.726666012025212
2032,45.58748904963883,50.10141987829615,7.65912375118332
2033,44.83269262448849,52.44338498212157,6.65491165131767
2034,44.83269262448849,55.97934048470401,7.075942561712954
2035,43.94058721027241,56.962025316455694,7.7390275662015116
2036,42.928444933576735,58.48428835489834,9.412298735994844
2037,41.77671422277403,59.871931696905015,10.226784921192063
2038,40.58687137335281,59.82081323225362,10.050406335928937
2039,39.30011838595483,58.361316319677634,8.526377565273545
2040,40.36758597666888,56.4332528458089,6.52526168793472
2041,41.86282575004661,55.14890563329745,5.7237661266768285
2042,43.13561769703811,47.37234439060753,4.401698510083286
2043,43.70562635344888,48.17767653758542,5.378448118578904
2044,43.70562635344888,47.87395596051633,5.525336957445006
2045,44.46042277859922,48.83810999225407,6.325524744124415
2046,44.30608038200248,45.85889570552147,6.143259136645295
2047,44.103438696824135,42.95987887963664,8.501612635674885
2048,43.85182922290649,40.16393442622951,13.80685083674635
2049,43.55040014260542,47.43964886613021,9.850434484046813
2050,43.19809788176646,46.81232091690544,10.255623735301938
2051,42.793642990625905,49.02029391182645,11.407498122883839
2052,42.335498845111694,51.432469304229194,12.653336711672416
2053,41.82183104461473,53.71599203715992,13.492711231287826
2054,41.82183104461473,57.49834107498341,11.150947869342422
2055,42.085733030039954,60.02691790040377,9.635617839532474
2056,41.33811314335109,59.53333333333333,11.354237674518162
2057,41.33811314335109,59.56666666666667,12.558756009404217
2058,41.33811314335109,59.56666666666667,13.83672287069759
2059,41.578261887292804,64.20128335021953,8.390843136287241
2060,41.578261887292804,64.23505572441742,9.383992091049375
2061,40.180560536116786,61.10749185667753,13.933165287746164
2062,39.65033074491797,57.88973384030418,19.595288326035014
2063,39.06283990506585,66.18461538461538,9.967648863674768
2064,38.41545886467384,67.0346062052506,10.067527164626531
2065,37.70504672321169,67.90872328134027,11.127636377794301
2066,36.92782406272894,68.99441340782123,9.888405362021096
2067,36.07919678756216,70.4533189422558,10.334083254703406
2068,35.15350444524972,71.97916666666667,11.04677235443253
2069,34.14364821207333,73.3550979407333,11.047279132649765
2070,33.60441207765062,75.9861932938856,10.734515801479738
2071,32.159950023209625,76.94312796208531,9.570825249648168
2072,30.52965804077179,77.77777777777777,7.8816484783501775
2073,28.207421293616903,78.43094405594405,6.656557838628731
2074,25.63601170141142,79.06781440268738,6.345665623242676
2075,23.54618531799614,79.6890773268726,5.89469102885305
2076,22.290128791221118,81.80558305286083,4.7661572570573
2077,22.290128791221118,85.54741635319739,6.028345883032091
2078,21.6916808144677,85.94783962631374,6.5074936232353044
2079,21.6916808144677,85.94783962631374,6.691247302130454
2080,21.6916808144677,85.94783962631374,6.837529877429759
2081,21.6916808144677,85.94783962631374,6.96999815181049
2082,21.6916808144677,85.94783962631374,7.092860924403921
2083,21.6916808144677,85.94783962631374,7.20185059258513
2084,21.6916808144677,85.94783962631374,7.271754301594134
2085,23.363941306298027,85.74831282254863,7.519453685725156
2086,25.71707493274815,85.28075970272502,6.8212614450433655
2087,27.624184784356842,84.71446972949764,6.517466991738436
2088,29.273607104928466,84.04017857142857,6.09239399939433
2089,30.02589369150992,81.65680473372781,5.7803003236581
2090,30.02589369150992,77.71961766044606,7.6319111266527315
2091,30.02589369150992,73.87346381429222,9.435361037834609
2092,30.02589369150992,70.11834319526628,8.559406962385841
2093,30.867615787772646,78.75551427908057,5.950766143774426
2094,33.29720501039624,77.90416263310746,6.648542048734311
2095,35.58685557391382,69.95957554320364,8.62708486406885
2096,37.42909949197754,72.96940928270043,8.952037555735377
2097,39.86793644674498,76.04740904079382,8.532757079848889
2098,42.27194453243362,79.62481962481962,5.080719442606356
2099,43.10912811318236,80.0406150275602,4.334535688722383
2100,43.52537765609611,80.27349432644748,4.182985427054543
2101,43.43273695037159,80.2268101192207,4.2863294466786925
2102,43.43273695037159,80.2268101192207,4.628046272779396
2103,43.76199894281649,80.34362259755387,5.3448501190136755
2104,45.561640226994285,84.11585365853658,7.751423826137036
2105,46.92838278095215,87.92224346717654,12.98692489064346
2106,46.5553221705634,87.07792207792208,13.82483643663059
2107,47.656395169632084,85.73848238482385,13.95308484654061
2108,48.64948739910651,84.18079096045197,13.64656317485028
2109,49.54652003263561,83.01470588235294,14.38703228119155
2110,50.35645877498405,81.80428134556576,14.745730696008732
2111,51.086245682855335,80.55555555555556,16.10204444939786
2112,51.74137146857102,69.86019736842105,13.94126018496236
2113,52.32624603702101,73.63945578231292,13.93427983698981
2114,52.84444846989563,77.58771929824562,15.11401027580786
2115,53.298901234090145,81.67870036101083,21.01195106842402
2116,53.020479130604926,81.61073825503355,22.34358555826586
2117,52.927838424880406,81.53777380420206,23.776931438019744
2118,52.43929958673985,81.17489986648866,25.403216526789688
2119,51.10604605208887,79.8598949211909,26.31797100443101
2120,51.29057659277949,78.24545857332743,25.574050600250192
2121,51.29057659277949,73.23881258307487,24.827868997175923
2122,51.29057659277949,68.40939299955693,26.016273133283594
2123,51.46065117360179,64.47132616487455,24.933761005763436
2124,51.75818152676071,61.15173674588665,22.27921824759794
2125,51.999944174861824,57.66728624535316,18.812141335546265
2126,52.186964762454124,54.048964218455744,16.51435019377477
2127,52.32001526352589,57.88973384030418,20.954358108662145
2128,52.3664786436216,55.55555555555556,18.814885834350005
2129,52.3664786436216,51.692894611349544,18.075329243719015
2130,52.3664786436216,48.020982355746305,19.038125526482485
2131,52.3664786436216,44.539818788745826,19.775173002387792
2132,52.3664786436216,50.882212684787795,20.443011546691743
2133,52.3664786436216,50.882212684787795,20.70387348122949
2134,52.78935504901888,49.73313925278991,20.559876993059753
2135,53.54325335353563,47.31829573934837,20.179720589458043
2136,54.18519008730662,44.75993804852865,19.761990915404784
2137,54.18519008730662,40.991223541559116,15.615289942858881
2138,55.60090345414179,38.25857519788918,10.026247532359186
2139,55.60090345414179,34.82849604221636,7.887708286137468
2140,55.60090345414179,31.609498680738785,9.982726743964179
2141,55.60090345414179,28.601583113456464,10.28537730563474
2142,55.60090345414179,28.601583113456464,8.923168793563605
2143,55.60090345414179,31.609498680738785,6.625546828730017
2144,55.59380570039887,33.22784810126582,5.5996517545862865
2145,55.53697528119817,33.5609243697479,5.419944169979303
2146,54.4125823683179,32.34106962663976,4.473858515605155
2147,53.060241184749856,31.09284332688588,3.42227220753577
2148,51.5046739009247,30.438842203548084,3.077931629481632
2149,49.09356806149314,29.406474820143885,3.039119868893064
2150,49.09356806149314,26.528776978417266,4.790363264296409
2151,49.09356806149314,29.136690647482013,6.620385749897767
2152,49.09356806149314,31.969424460431654,7.988411379029389
2153,49.09356806149314,34.98201438848921,13.560472654353296
2154,49.145448526400386,38.312274368231044,12.94269869011808
2155,47.81848330125851,40.2088772845953,9.64530197688593
2156,46.154205133325405,42.00167504187605,7.548740199969037
2157,43.63914106743675,43.68463395012068,7.203566021070648
2158,42.103740513918176,45.429899302866,7.655650728012741
2159,41.33969731953528,47.5187969924812,8.134944078837528
2160,40.4685139180102,49.49016751638747,7.709911306339418
2161,39.920253411586984,51.99714693295292,7.461327219415089
2162,39.74872884125518,55.081157374735355,6.849077816569913
2163,39.53054741029949,58.07799442896936,6.6127522572914
2164,37.43749262430955,59.37917222963952,6.61250117378804
2165,35.752292552727994,60.33700583279326,7.627276033904513
2166,35.43591525865585,61.107574793125394,9.77501589500326
2167,35.07167022564299,61.9463505926388,11.837103376122716
2168,34.65838956898772,62.84319707138499,12.01402800278634
2169,35.77771671691,63.21559074299635,12.802587549453813
2170,37.4574755629167,62.99627791563275,12.537454047700779
2171,38.66488956932582,62.73644388398487,12.936845074063033
2172,39.58589004873069,62.43606138107417,13.404891524187844
2173,39.64274739125134,61.08296390120329,11.072346914356995
2174,38.95541638066054,59.135499693439606,7.659306558151382
2175,38.200693991915415,57.172495554238296,5.399114638272188
2176,37.796672400099055,56.189921351587536,3.8464037556324575
2177,36.9600435093464,55.122367672168465,3.348071687175507
2178,35.57108028423016,52.89459311851447,2.578144088633277
2179,33.99502392267159,50.73336825563122,2.904612999751412
2180,33.8169616865702,50.43904958677686,2.786496315627957
2181,33.288582400302396,51.37614678899082,2.8433241375795753
2182,34.11524005683888,53.076714556790456,2.727416974223929
2183,34.502549776636634,53.706255166712594,2.7219154916919086
2184,33.710785308914396,51.506264996001065,2.759915059801058
2185,32.84796252626177,50.21901571759856,3.2241709594708987
2186,31.908404864788753,48.743468524508586,3.725770450388883
2187,31.523848996000343,56.33871757219775,2.771929689347754
2188,31.61593041489903,56.34492895639392,2.89869441628121
2189,32.7123247576421,54.829689883070664,3.0517764172634965
2190,33.71528864194101,53.18924617817607,3.704488194975239
2191,34.633925484035544,46.61387220098307,4.3124085532388055
2192,35.47532619585668,49.23685698134539,4.383549674900668
2193,36.24514272823398,52.04558737580362,4.688609571800417
2194,36.94796002522301,55.03922751961376,4.401552028126221
2195,35.82589290915438,55.71768910065515,4.726057948794047
2196,34.22576919053403,56.36363636363637,5.407258153825826
2197,32.63097385215636,55.176369371952966,6.749416260420073
2198,32.63097385215636,55.233725265271005,7.955011512005603
2199,31.032356902830788,52.37026647966339,8.263142666744127
2200,31.032356902830788,57.55960729312763,10.565469971021546
2201,31.032356902830788,52.37026647966339,9.264904696598702
2202,32.63097385215636,55.061657585316894,10.679869715079489
2203,34.834278510705815,57.53670961941864,13.079320796995628
2204,36.588036567089475,60.093896713615024,15.880303505240988
2205,37.00335155693607,60.32045240339303,17.66691229811601
2206,38.072753880579185,60.517187007253234,19.438502181244118
2207,38.924603685623424,60.43051598607154,21.39133199108027
2208,39.943056730273,59.83155166828636,21.475300192772654
2209,41.34712445145852,58.43760568143389,21.626457949885904
2210,42.508164776894326,56.85583362707085,21.243660423501403
2211,44.593786585443766,55.36306671581276,20.985589396018753
2212,47.2743791296217,54.00696864111498,21.28996673534108
2213,48.59566997067165,52.32887808829486,20.773347302102056
2214,50.716399841782774,50.679694137638066,21.409338106656435
2215,52.28930714587516,48.84341637010676,21.674855385694926
2216,52.28930714587516,44.795373665480426,22.123116452261012
2217,52.28930714587516,40.92526690391459,18.991455982259335
2218,52.28930714587516,37.23309608540925,14.13860688559776
2219,52.28930714587516,40.12455516014235,17.33445715256989
2220,52.28930714587516,40.12455516014235,17.36263387071172
2221,52.83126711675463,38.926784902228285,13.919614048202993
2222,54.26962821672845,36.93994280266921,12.539415364167803
2223,55.83847068493613,34.569138276553105,11.040378202505321
2224,57.206315740242616,31.985294117647058,12.862536966322827
2225,58.42507132486735,29.262926292629263,11.626385960351675
2226,59.172378526484536,26.659038901601832,10.377606905402594
2227,59.172378526484536,26.08695652173913,8.15388249490162
2228,59.31437336041233,26.24277456647399,7.7972012313102175
2229,59.54970488154233,26.58823529411765,6.445778382357128
2230,59.54970488154233,21.764705882352942,
2231,59.54970488154233,21.764705882352942,
2232,59.54970488154233,28.470588235294116,4.246392485439626
2233,60.13033998558572,30.1255230125523,5.846161647360225
2234,61.061585706016054,30.884184308841842,7.677908122538278
2235,62.13173596782923,32.291666666666664,8.928912221075755
2236,63.022162559738334,33.649932157394844,11.982287276090352
2237,62.90700757152553,32.83983849259758,11.84372552610795
2238,62.9911347212869,32.520325203252035,12.953755399992513
2239,63.007933375374826,32.56445047489824,14.471661756456276
2240,62.957510688455784,32.432432432432435,15.210086224668432
2241,62.957510688455784,43.04054054054054,9.752557287732348
2242,62.30204387347942,46.60574412532637,8.532253281404667
2243,61.5169325302081,49.937185929648244,9.320755549519328
2244,61.34074675613841,50.55762081784387,9.532143601214049
2245,61.098965352153286,55.04866180048662,8.813045753410528
2246,60.79010920427995,59.274673008323425,5.524650192129906
2247,60.412205972859454,63.19444444444444,4.992850321940729
2248,60.412205972859454,63.19444444444444,4.919299140106566
2249,60.412205972859454,63.19444444444444,4.868185212015069
2250,60.412205972859454,63.19444444444444,4.800613737519237
2251,60.412205972859454,63.19444444444444,4.700589631742221
2252,60.412205972859454,63.19444444444444,4.605818729297827
2253,60.412205972859454,52.66203703703704,11.489290391839665
2254,60.412205972859454,57.69675925925926,8.38167206412592
2255,61.01764350943275,61.839762611275965,3.3187715520051944
2256,62.08732652063495,64.9221183800623,4.507660123631894
2257,62.8135058564319,65.7014157014157,4.922654335953421
2258,62.81019514432803,62.70753512132823,3.3255051469877954
2259,62.31718427231916,58.641975308641975,8.4139931359427
2260,61.74011852704737,56.48038049940547,11.479651146689694
2261,61.07329174495199,54.22374429223744,13.32865248498404
2262,60.77310328680574,67.54336877448237,3.3114489698681866
2263,60.8002386891832,67.58118701007838,3.2370789198122223
2264,60.64698054105605,67.35491071428571,3.175966652312891
2265,60.46778300946691,67.09282934963869,2.851986846861914
2266,59.937116680894896,66.35514018691589,1.6979547798071628
2267,59.610744199075604,65.77656675749319,1.7152678660000933
2268,59.26632491004391,65.24324324324324,2.5318745733073054
2269,59.140878193682475,65.49865229110512,2.6775658899984096
2270,58.93830588142088,65.4653039268424,3.212542261467966
2271,58.672972717134876,65.28969957081546,3.5481346137982923
2272,58.307562253272685,65.4653039268424,3.8948901684752757
2273,58.7458289467953,65.92632719393283,3.750863025163368
2274,58.98841737081314,66.2132752992383,3.781161275113085
2275,58.854826000265234,66.50380021715526,3.7168621418505925
2276,59.02720240046422,67.32133115111839,3.59846028691478
2277,59.25375053509915,68.09445359692477,3.3266068500307586
2278,59.328465191042966,69.7303247110622,2.8709312245327543
2279,59.25375053509915,71.22460186710599,3.0534839472428845
2280,59.02720240046422,72.17675941080196,3.541685860712999
2281,58.64111466234583,73.50242849433351,4.314979695529733
2282,58.41384967822307,74.15549597855228,4.695484802666984
2283,58.27071798275606,73.99678972712681,5.565642988379751
2284,58.03048902162801,73.48565356004251,6.92020402355542
2285,57.48340020709676,72.3326359832636,7.976150887682769
2286,56.8273621498507,70.99589322381931,9.547117690295764
2287,56.091347982670314,69.98491704374057,10.981410966235813
2288,55.28237245102427,75.42997542997543,10.886191005152329
2289,55.56487723841662,74.83709273182957,12.270501785178595
2290,55.78935914031514,67.19307182883342,14.3056198865391
2291,55.956851701304345,71.68643630737493,15.473878100252891
2292,56.06810619951812,76.18304732189287,16.67819913721577
2293,57.09930830695696,79.23201730665224,21.19054905855354
2294,56.492424094636704,77.59533898305085,20.868508187805357
2295,55.36803118175643,74.51678535096643,19.773688061784046
2296,54.0156899981884,71.39376218323586,22.006600632280605
2297,53.22500515743332,69.82840800762631,22.14058704587215
2298,54.72497550492247,69.12350597609561,22.60138992135747
2299,55.17498731269722,66.3115169964485,20.507921830898617
2300,55.17498731269722,62.404870624048705,16.079697602346766
2301,55.761788263141455,59.9171413775246,11.01381399652314
2302,56.792990370580284,58.58912224017232,9.62148339804194
2303,57.66349381506451,57.11892797319933,8.451017440124065
2304,58.59173685380286,55.70353213665316,7.155678961123916
2305,58.93476803824221,53.23529411764706,6.739695999285734
2306,59.29502399302069,50.926479378362224,6.263010247803793
2307,59.9190997283059,49.41538461538462,6.046289521713754
2308,60.42458162049974,47.82334384858044,5.4568161777607616
2309,60.820260665241456,46.16870573084353,4.97107702602774
2310,61.11227931399328,44.47351209941138,5.385682025457172
2311,61.304809549193564,43.29147389292796,6.765283470675872
2312,61.565723432185614,43.87959866220736,6.89286816341018
2313,61.58420157995263,43.733333333333334,7.781604213309513
2314,61.225080122191976,42.65279583875162,9.561985613790029
2315,60.783949715090344,41.41414141414141,10.703349306156932
2316,59.456984489948475,39.375750300120046,15.58053742066423
2317,57.79270632201536,51.42369020501139,8.702093044290473
2318,55.27764225612671,53.937432578209275,8.386840405261998
2319,54.67719188845778,57.34375,7.44053360151173
2320,54.57925665196751,58.80842321520288,7.698784039709683
2321,54.88457692930634,59.17312661498708,7.955931289548066
2322,54.771307717740115,58.92949047864128,8.155630896692264
2323,53.821061267190686,57.9746835443038,8.080937304360047
2324,53.68815885536673,57.307307307307305,8.100681822972588
2325,52.940961087514246,55.10105871029836,8.444318189697807
2326,52.5302633840664,54.40829797265441,8.590015383444038
2327,51.627966045438434,52.23678264798915,8.894833921789232
2328,50.60596884550147,63.380890618244706,11.58031701067939
2329,49.978578422969164,66.43006263048017,14.52864717315839
2330,48.861721173872375,68.6626746506986,15.980830918334613
2331,47.593204486106345,70.56805184902782,17.421137107518987
2332,48.67113677279743,68.49860613301473,16.188618842148074
2333,49.63117664418284,66.1404237640216,14.834241901196723
2334,50.38956693323776,63.314630988347,12.071436909396915
2335,50.97120559030138,60.062472110664885,6.0889350898893735
2336,51.4832314921095,56.55775425678785,3.929855122584764
2337,51.928792842570004,53.24183625177473,3.7870541888679
2338,52.31043963342865,50.9946627850558,3.580313784876063
2339,52.63022840238446,44.12493802677243,4.439585073768668
2340,52.889798495791275,47.09742554265522,4.554235232306908
2341,53.09042783560719,50.17921146953405,4.3237845321883235
2342,53.23307341351213,53.33678220382825,4.013547781714758
2343,53.23307341351213,56.1821003621314,3.8414557214451563
2344,52.1144712844477,57.27863931965983,4.181636126921017
2345,52.16997764754028,56.20291310899046,6.416777259553618
2346,52.16997764754028,55.29884480160723,7.93183659633122
2347,52.1144712844477,54.57728864432216,9.065362600810941
2348,52.00321678623393,54.044665012406945,9.778416993455888
2349,51.835724225244725,49.92643452672879,11.125304710220112
2350,51.611242323346204,53.06615161757605,10.936164831856802
2351,51.32873753595386,55.80293699668404,10.03785053731557
2352,51.67631779934753,57.98956851588431,8.738366315594284
2353,52.32413474959634,58.82635882635883,8.421035734571461
2354,52.543997962670495,59.053597295992276,8.867337144717952
2355,52.543997962670495,59.053597295992276,9.271709918504017
2356,52.32413474959633,59.21115921115921,9.566166726409966
2357,51.86818307696813,59.665871121718375,9.357063238629964
2358,50.2269125684702,58.11250581125058,11.038694096039718
2359,48.59073114012468,56.74080798910577,12.536203474481837
2360,47.444011171133376,55.28527200353826,14.800380953116536
2361,45.95126965559675,58.8740868070477,12.49803014861478
2362,46.16079199953273,62.96296296296296,7.494309912863027
2363,46.31722712300164,67.10700132100396,6.262154831767806
2364,46.42118534945873,71.26385809312639,7.625940435175992
2365,46.13920570281757,74.33084686265906,9.458962140479358
2366,44.00137477106975,74.42258340461933,10.121609986934281
2367,43.684385673149876,73.9795918367347,10.609990165835393
2368,44.2245588517051,71.95121951219512,9.949904876246602
2369,44.198630897694485,61.73913043478261,13.558111999869006
2370,44.12074866819291,61.80795847750865,14.296411619898185
2371,43.990614805922846,61.36363636363637,16.544043082525853
2372,43.80772606855668,68.77118644067797,11.227610041662317
2373,42.65687690330442,70.49714751426242,11.678686228032339
2374,42.65687690330442,70.49714751426242,12.53712592160566
2375,42.65687690330442,70.49714751426242,13.350191167267523
2376,42.65687690330442,70.49714751426242,14.12523078707302
2377,42.65687690330442,65.89242053789731,16.999310440176004
2378,42.65687690330442,69.92665036674816,15.581298547541493
2379,42.65687690330442,73.87938060309699,16.435317278810558
2380,42.65687690330442,78.32110839445802,13.995348018098424
2381,42.00168884330695,80.43478260869566,11.395250531435128
2382,41.25956322488747,82.32593726090283,10.041495518688054
2383,40.96146610742008,85.38692712246431,7.084093234508954
2384,39.556923798319396,86.38328530259366,6.158330590994585
2385,39.556923798319396,86.38328530259366,6.239092148417328
2386,39.556923798319396,86.38328530259366,6.318960035191385
2387,39.556923798319396,86.38328530259366,6.3405190842917
2388,39.556923798319396,76.29682997118155,17.031395840496863
2389,39.556923798319396,80.43948126801153,12.035171473865809
2390,39.556923798319396,84.72622478386167,7.78897183290601
2391,39.556923798319396,89.157060518732,3.0667857216153216
2392,38.7626536800523,91.74894217207334,1.1790777264923267
2393,36.9085074168661,92.26873733963538,0.840654004115643
2394,34.210116557977074,92.63565891472868,0.8105286036272248
2395,33.796832566711146,92.79848389134554,1.0350139849135769
2396,33.33166506445964,92.97163995067818,1.3996177892101138
2397,32.81287852371474,93.15315315315316,1.7805900536856256
2398,32.23841947502182,93.3411214953271,2.1570458863429818
2399,32.070821831827764,92.98498845265588,2.3051448602702904
2400,32.26680906327163,92.0,2.1756909599583176
2401,32.35018949392481,90.91173054587689,2.460160628184806
2402,32.322436312378514,89.66918165989553,2.721253954315698
2403,32.18306278277703,89.81481481481481,2.9131356759461644
2404,31.929569438131594,89.5797351755901,2.884804875799862
2405,31.557161337079442,89.37142857142857,3.0260654090614056
2406,31.058149381885038,89.19071873231466,3.477845676019442
2407,31.058149381885038,88.59649122807018,4.184509235551656
2408,31.058149381885038,88.11544991511036,4.726880852516175
2409,31.058149381885038,88.11544991511036,5.252695219703637
2410,31.058149381885038,88.11544991511036,5.726616424609046
2411,31.058149381885038,88.59649122807018,6.043072022665993
2412,31.058149381885038,89.19071873231466,6.039065559678525
2413,31.557161337079442,89.37142857142857,6.244721591599528
2414,31.929569438131594,88.37075417386298,6.953628969227684
2415,32.18306278277703,89.78587962962963,6.621397867932704
2416,32.322436312378514,91.06210098665119,6.411326624107803
2417,32.35018949392481,92.24738675958189,6.132133037829404
2418,32.67814590117015,92.68867924528301,6.155504224861875
2419,33.34112713917752,92.46200607902736,6.431571398148963
2420,33.9423056191373,92.24030037546933,6.714790526914486
2421,34.484530260204686,92.02572347266882,6.896459168884435
2422,34.97018642454236,91.82058047493403,7.237297745595142
2423,35.40127633249925,81.80283592167454,16.57010227802205
2424,35.77947973423675,85.86206896551724,12.015376017134658
2425,36.106200231637956,89.73998594518622,8.552437469920488
2426,36.3826009143901,93.96428571428571,5.602107792303057
2427,35.92386205293808,95.35864978902954,4.141069798825768
2428,35.37034770637372,96.58149171270718,3.1572301068437314
2429,35.140869227471995,97.11340206185567,2.2108431927451995
2430,35.27644525290981,97.0893970893971,2.2620365877052206
2431,35.36661315126779,97.07317073170732,2.3612611982683904
2432,35.41163270990373,97.06498951781971,2.421224929336608
2433,35.41163270990373,97.06498951781971,2.472503866914748
2434,35.36661315126779,97.07317073170732,2.5148678085580096
2435,35.27644525290981,97.0893970893971,2.516577625333043
2436,35.140869227471995,97.11340206185567,2.5885411582847913
2437,34.95948973389893,97.14479945615227,2.6820009105461673
2438,34.73176880565914,97.1830985915493,2.7798705107485584
2439,34.45701593036069,97.22772277227723,2.8545817965800913
2440,34.13437480583033,97.27802981205444,2.937820564126544
2441,33.76280610289819,97.33333333333333,2.995395426661108
2442,33.34106530366531,97.39292364990689,3.0599414310469326
2443,32.86767432222229,97.45608721986675,3.141555538059502
2444,32.340885100440104,97.52212389380531,3.201493437808282
2445,31.758632621328488,97.59036144578313,3.2192591824911614
2446,31.118473659801815,97.66016713091922,3.2444450504250524
2447,30.417505863658583,97.73095623987034,3.2902324674870673
2448,29.65225901914499,97.8021978021978,3.322785795126497
2449,28.8185458623906,97.87341772151899,3.337944088854257
2450,27.91125213017652,97.94419970631424,3.3088776846126065
2451,26.924031840170958,98.01418439716312,3.3213299266851655
2452,25.84884791529887,98.08306709265176,3.2733895768647834
2453,24.67524601441041,98.15059445178335,3.241522241327526
2454,23.389134660742467,98.21656050955414,3.2209792761607976
2455,21.97056364727433,98.28080229226362,3.2085164064220475
2456,20.389193965764203,98.59960552268245,2.98656119300271
2457,18.593328077480496,98.82174078297226,2.843846433841615
2458,16.473835142443093,98.95642621750275,2.792139461394149
2459,13.516430700908893,99.01234567901234,2.718038963608602
2460,12.303488665441556,99.04371584699453,2.6990315682153594
2461,10.987424673037834,99.07438016528926,2.5533116235739626
2462,9.551523848511046,99.10428662827896,2.3272353253997555
2463,7.971385463025239,99.24172082946457,2.1253619538343034
2464,6.208061115907181,99.4311377245509,2.0831433352334563
2465,5.237557751852812,99.49941107184924,2.3707011068588817
2466,5.237557751852812,99.49941107184924,2.4416873911292516
2467,6.208061115907181,99.4311377245509,2.494114503357091
2468,7.971385463025239,99.24172082946457,2.598447654217676
2469,9.551523848511046,99.10428662827896,2.747579946826006
2470,10.987424673037834,99.07438016528926,2.9231603594163293
2471,12.303488665441556,99.04371584699453,3.1368913465606605
2472,13.516430700908893,99.01234567901234,3.3766416976885054
2473,14.638399322788548,98.98033503277495,3.6255068040346186
2474,15.678604147459765,98.94776399849681,3.8518144394205347
2475,16.64424935008254,98.91472868217055,4.1251915902544045
2476,17.541107850748812,98.88134238913304,4.375065444947057
2477,18.373893986906367,98.8477366255144,4.657456755997999
2478,19.14651592853603,98.81406183820415,5.011849971706528
2479,19.862252664107675,98.78048780487805,5.547128840882478
2480,20.52388169805002,98.74720357941834,6.3400863713776765
2481,20.835160403763748,96.73617407071623,6.5751331870310095
2482,21.13377341556091,94.00826446280992,5.085575155854129
2483,21.693962234043738,92.37647058823529,6.095556498983425
2484,22.206201171185725,90.58285163776493,6.0950041108828055
2485,22.672004296676736,88.84785819793206,6.091322013512023
2486,24.494024860277367,92.51269035532995,7.490167280100387
2487,26.712617219279466,92.23454833597464,7.719729302198184
2488,28.482065375740106,91.84065934065934,7.955790930512046
2489,29.990556694997096,91.31924614505996,8.147937225090244
2490,31.31020718964962,90.89561091340451,8.183522567119526
2491,32.47970432305238,90.67692307692307,8.35861355999255
2492,33.52316908551119,90.46556122448979,8.760737267747086
2493,34.45701593036069,90.26402640264027,9.148390413446165
2494,35.293070168073484,90.075034106412,9.25881024094895
2495,36.04019295771014,89.90147783251231,9.52963095857444
2496,36.70521204542694,89.7463768115942,9.752293398049998
2497,37.29349281157458,89.61280714817572,10.131546779030353
2498,37.659471873626224,88.05007587253414,9.750945399311489
2499,37.820256637169564,84.90421455938697,6.6296846620573975
2500,37.93121839147645,81.59722222222223,4.0166743540254215
2501,37.93121839147645,77.85493827160494,2.9643511490904775
2502,37.93121839147645,74.26697530864197,4.7601118077887845
2503,37.93121839147645,70.83333333333333,4.847443249202537
2504,37.93121839147645,78.35648148148148,2.4887805921283035
2505,37.93121839147645,78.35648148148148,2.601180159441153
2506,37.93121839147645,78.35648148148148,2.819587515434639
2507,37.93121839147645,78.35648148148148,3.3694732613692633
2508,37.93121839147645,78.35648148148148,4.180108690075143
2509,37.93121839147645,78.35648148148148,5.225188194402103
2510,37.93121839147645,78.35648148148148,6.442456693606089
2511,37.93121839147645,78.35648148148148,7.819247376690335
2512,37.93121839147645,78.35648148148148,9.309970493471893
2513,37.93121839147645,78.35648148148148,10.848004583676252
2514,37.93121839147645,78.35648148148148,12.443384208777767
2515,37.93121839147645,78.35648148148148,14.059496357958473
2516,37.93121839147645,78.35648148148148,15.210353991836303
2517,37.96814241193168,76.68213457076565,14.150525144953425
2518,38.00503497864825,73.25581395348837,14.627974633821719
2519,37.99274094531674,69.75213013168087,15.584653404330666
2520,37.93121839147645,66.55092592592592,15.17819774271595
2521,37.820256637169564,72.183908045977,16.20487029501165
2522,37.659471873626224,67.56449165402124,15.303958186583586
2523,37.448299057828784,70.48689138576779,16.89959151915149
2524,37.323588072254815,71.89591078066914,17.244265736429938
2525,37.323588072254815,72.0817843866171,17.5778246078848
2526,37.448299057828784,68.72659176029963,16.548076153650648
2527,37.448299057828784,64.9438202247191,13.29924006484317
2528,37.659471873626224,62.101669195751136,10.238466394147835
2529,37.820256637169564,59.157088122605366,6.134988494557241
2530,37.93121839147645,56.48148148148148,4.965658099062134
2531,37.96814241193168,53.67362722351121,4.398240976509169
2532,38.18375774762376,51.09375,4.135168976601304
2533,38.561660979044255,48.96579156722355,3.8329569875820244
2534,38.87051712691759,46.76898222940226,4.338099849846425
2535,39.11229853090272,44.889615699100574,5.423320809290419
2536,39.28848430497241,49.257425742574256,4.771339975500836
2537,39.40011825269318,49.79253112033195,5.003087514745804
2538,39.447847457123125,50.45757071547421,5.240228803565373
2539,39.43194527769678,53.20033250207814,4.66906414948171
2540,39.35232085532032,56.25,4.8674181937509235
2541,39.28848430497241,57.7970297029703,5.896157960332425
2542,39.455624615785766,58.32639467110741,7.118150979613433
2543,39.455624615785766,56.07826810990841,6.452175884005969
2544,39.455624615785766,56.07826810990841,7.256338243622673
2545,39.455624615785766,59.3255620316403,9.914328941652972
2546,39.455624615785766,61.19900083263947,13.386025540703908
2547,39.53317400132629,60.20066889632107,11.964160786826755
2548,39.53317400132629,56.98160535117057,9.53164107159197
2549,39.53317400132629,53.929765886287626,8.443601042042543
2550,39.53317400132629,51.37959866220736,8.800420539742902
2551,39.53317400132629,54.4314381270903,10.247940367889921
2552,39.53317400132629,54.4314381270903,10.987955479414905
2553,39.53317400132629,54.4314381270903,11.668928544151719
2554,39.53317400132629,54.4314381270903,12.33518657936167
2555,39.49764489906854,49.89570296203588,11.53579014869537
2556,39.447847457123125,49.66722129783694,11.933076786519754
2557,39.40011825269318,49.170124481327804,12.437540597259087
2558,39.40011825269318,49.170124481327804,12.525893101207117
2559,39.43194527769678,48.87780548628429,12.377318571475714
2560,39.43194527769678,48.79467996674979,12.424796451177157
2561,39.474098869415876,47.583333333333336,12.151546748593425
2562,39.474098869415876,45.041666666666664,12.295319422470245
2563,39.474098869415876,43.041666666666664,10.435749223752628
2564,39.474098869415876,41.208333333333336,8.713398125477
2565,39.474098869415876,44.875,11.412876914485103
2566,39.474098869415876,44.875,11.075838268976455
2567,39.50217525804136,44.031719532554256,10.620972585998407
2568,39.516205671364574,41.72932330827068,7.902800741218108
2569,39.516205671364574,39.8078529657477,3.5870462057877095
2570,39.516205671364574,37.76106934001671,5.34709423348612
2571,39.516205671364574,36.25730994152047,7.218087070550114
2572,39.516205671364574,36.59147869674185,8.880470305614134
2573,39.516205671364574,36.59147869674185,10.466555853038548
2574,39.516205671364574,36.25730994152047,12.163770525048559
2575,39.516205671364574,37.510442773600666,12.976901191045192
2576,39.516205671364574,39.64076858813701,11.710876932596179
2577,39.516205671364574,41.93817878028404,9.178612509451916
2578,39.50217525804136,42.23706176961603,9.930688423889295
2579,39.43194527769678,42.7265170407315,11.094793891764107
2580,39.30520187921819,43.399339933993396,11.866232522366047
2581,39.121371193490205,43.87755102040816,12.23392636540084
2582,38.87960338349936,46.256038647343,13.626676353762988
2583,38.736646191415936,47.48402555910543,16.323516702749494
2584,38.578748123859974,47.149643705463184,17.34066439425288
2585,38.578748123859974,47.07046714172605,18.536365151624427
2586,38.578748123859974,46.99129057798891,19.908532864586928
2587,38.21731966206142,46.933229813664596,21.48809087133112
2588,38.01332294076436,54.723502304147466,20.559182955087643
2589,38.01332294076436,57.91090629800307,19.357418212118702
2590,38.01332294076436,61.866359447004605,14.325509725821837
2591,38.01332294076436,65.97542242703533,11.08053367036537
2592,37.55739237072018,68.52963240810203,10.962676153265637
2593,37.23601339766734,69.18262150220913,11.34546645349494
2594,36.85999666488901,69.89906272530642,11.853000183390792
2595,36.42776721558935,70.66901408450704,12.288579820096695
2596,35.93741848352766,71.4824982841455,12.91201805861041
2597,35.38665265479246,72.32977303070761,14.211882358462763
2598,34.772701143887886,72.52106286454958,15.394158695873456
2599,34.09221707237515,74.65452261306532,16.39679132527576
2600,33.34112713917753,76.35258358662614,16.254510319067816
2601,32.514422598985234,78.11398354876616,14.93128927169086
2602,31.835955074579637,79.4017094017094,14.18942678783809
2603,31.092656165410986,80.65673289183223,13.077751885920314
2604,30.280365079488075,82.06086492258409,11.522877802141736
2605,29.393992166652488,83.51393188854489,10.078874053059522
2606,28.42721436888945,84.80318883906328,8.805340684299754
2607,27.372015995753813,85.9375,7.982478729029269
2608,26.318296449391443,86.70225110234394,7.317428282049307
2609,25.27512541471426,87.20017933198834,7.319831371892086
2610,24.139408315520143,87.68664791170742,6.929322582916522
2611,22.89905823909713,88.1603675088745,7.098642889703536
2612,21.537418382960656,88.8821752265861,6.864353693126014
2613,20.03014280207794,89.49310545737036,6.1480030659571145
2614,18.33833483472798,90.00187230855644,5.95632637930141
2615,16.389683577951526,90.41689225771522,5.8013667093333
2616,16.389683577951526,94.15268002165674,3.769631848287765
2617,15.090258028539147,94.74602897538837,3.5708204922442217
2618,13.270884165427137,95.12811867835468,3.5481644160576655
2619,10.285745784398873,95.3170731707317,3.615118243397048
2620,10.487334801606254,95.6598334401025,4.113883294978506
2621,11.259098746546254,95.76515880654476,4.252059413732643
2622,12.351861486878214,95.62448979591836,4.312892551634385
2623,14.944410089003558,95.38149213331077,4.320355863356413
2624,17.349417600077686,86.8222495174592,7.513558699912772
2625,19.30942487646333,89.89990900818927,6.051561040840135
2626,21.01280939611311,93.2251368182676,4.80380980557073
2627,22.53189079763432,96.8108002347877,5.004102566170127
2628,21.98030612413099,96.93538942026157,5.129208755361087
2629,22.144905246403376,96.90721649484536,5.239399843539733
2630,24.406641130950852,96.79012345679013,5.330910393956792
2631,25.65664506300437,94.68933669185559,5.174862465402475
2632,25.65664506300437,90.72208228379513,6.90095671766461
2633,25.65664506300437,86.83879093198992,8.621894582809675
2634,25.65664506300437,83.03946263643996,13.657537693435229
2635,25.65664506300437,93.76574307304786,5.443613710258631
2636,25.65664506300437,93.76574307304786,5.548520642848487
2637,25.65664506300437,93.76574307304786,5.635410603804202
2638,25.65664506300437,93.76574307304786,5.7202708676487894
2639,25.65664506300437,93.76574307304786,5.8035350452312136
2640,25.65664506300437,84.92863140218304,12.496935334953035
2641,25.65664506300437,88.76994122586062,8.816231707610607
2642,25.65664506300437,92.69521410579345,6.265245016444701
2643,25.65664506300437,96.70445004198153,1.8199166504053432
2644,22.74037239859735,96.85356998789834,1.722690660562907
2645,22.74037239859735,96.85356998789834,1.6315336018335476
2646,22.74037239859735,96.85356998789834,1.4709651546034352
2647,22.74037239859735,96.85356998789834,1.769887951475625
2648,22.74037239859735,96.85356998789834,2.6728212246282674
2649,22.74037239859735,96.85356998789834,2.705371371795556
2650,22.74037239859735,96.85356998789834,2.7649654921234585
2651,22.74037239859735,96.85356998789834,2.852005380461525
2652,22.74037239859735,96.85356998789834,2.9702264608031377
2653,22.74037239859735,96.85356998789834,3.120862888944325
2654,22.74037239859735,96.85356998789834,3.327690829411564
2655,22.74037239859735,96.85356998789834,3.6073695427634886
2656,22.74037239859735,96.85356998789834,3.9730610788884566
2657,22.74037239859735,96.85356998789834,5.43493051788931
2658,22.74037239859735,96.85356998789834,6.14510188487667
2659,22.74037239859735,96.85356998789834,6.5462209645407246
2660,22.74037239859735,96.85356998789834,6.770362544199914
2661,22.74037239859735,96.85356998789834,6.97446275756101
2662,22.74037239859735,96.85356998789834,7.16119920927959
2663,23.550916037959883,96.69132757912043,7.289091353195488
2664,25.040032586613155,96.28839590443685,6.699981402991448
2665,26.383136970808117,95.77246569278442,6.689906371686124
2666,26.383136970808117,91.67773351040283,4.21486371584571
2667,26.383136970808117,87.67153607791057,4.346654237621315
2668,26.383136970808117,83.75387339530766,7.973334899675666
2669,26.383136970808117,92.67374944665781,4.316887703638213
2670,26.383136970808117,92.67374944665781,4.577162771380076
2671,27.00788499167741,92.33543733092877,4.671046679385149
2672,28.1750416600272,91.5614773258532,4.802444090983154
2673,29.24363790194423,90.64922480620154,4.905472529895448
2674,30.280194284298144,89.60582475520964,4.913997741346192
2675,31.28315816859706,88.47254748894093,5.161202351650194
2676,32.20179501069158,87.17326866073834,5.507032787341745
2677,33.04319572251273,76.9724003345414,16.761304911283265
2678,33.813012254890026,81.47507922788822,11.249889247299102
2679,34.51582955187906,85.16205768658935,6.760235889558513
2680,35.15541716185236,89.27367453263868,3.4785693078859325
2681,34.82153763020816,90.2342561606328,3.102061278307821
2682,34.36678676967097,91.08165109972883,2.7452875029596093
2683,33.78146615272637,91.8130395951176,2.642749286069977
2684,33.78146615272637,91.8130395951176,2.6225972716315713
2685,33.78146615272637,91.8130395951176,2.6002138015405425
2686,33.78146615272637,91.8130395951176,2.6033943902754744
2687,33.78146615272637,89.0443584400119,2.8642495294789097
2688,33.78146615272637,90.68175052098839,2.4442759096480704
2689,33.78146615272637,92.43822566239952,2.9547567675507205
2690,33.78146615272637,94.31378386424531,4.5989939592719535
2691,33.78146615272637,94.31378386424531,4.813047560910603
2692,35.70382338184823,93.90736711221635,4.597657246853399
2693,37.077729298238395,93.1693104564584,4.053424560025215
2694,38.08195224596282,92.0672268907563,3.4737426787250616
2695,38.98343585460525,90.76333217148833,2.5858180765575227
2696,39.378925164435074,88.16399286987522,1.8849480280141793
2697,39.72198378657505,85.66751546016734,2.6964218014618453
2698,40.01387336959202,82.71010736764161,6.753717312049747
2699,40.2556279202684,87.07252912438933,1.9851876342071977
2700,40.448077681034846,86.91517687333587,2.290764605543223
2701,40.59186728452428,86.79462571976967,2.6050599269979897
2702,40.68746923865509,86.71301660872923,3.1486194358204167
2703,40.73519347801604,86.67183262301434,3.540912212210523
2704,40.73519347801604,86.67183262301434,3.9894700587222385
2705,40.68746923865509,86.71301660872923,4.472868429361576
2706,40.59186728452428,86.79462571976967,4.73205197669308
2707,40.448077681034846,86.91517687333587,5.146527377205465
2708,40.2556279202684,87.07252912438933,5.445451617080024
2709,40.01387336959202,87.26397630507219,5.758997051224457
2710,39.72198378657505,87.48635867588214,5.550856634646935
2711,39.378925164435074,87.7361853832442,5.8985361578617175
2712,38.98343585460525,88.00975949808296,6.299416190781568
2713,38.53399547440131,88.30329819789188,6.491643757526201
2714,38.0287844818713,88.61304203905992,6.958102299923667
2715,37.465631379986405,88.93534898681249,7.198947355364628
2716,36.84194312070866,89.26677067082683,7.160877493843752
2717,36.15461211011785,89.60411000302206,7.242197893275827
2718,35.39988972137274,89.94446068401052,7.435750060981166
2719,34.57321038155091,90.28523016097148,7.446799313746251
2720,33.668940110069954,90.86944671572635,7.542241723917324
2721,32.68000469627205,91.95795006570302,6.838034407304299
2722,31.597316272957766,92.70701443403394,6.534614484166269
2723,30.408840511316004,93.53816142404291,6.134881717899713
2724,29.340244269398973,94.44836509056692,5.23497072514918
2725,28.173087601049186,95.21433431617147,4.26499969470398
2726,26.893285060013465,95.62841530054645,3.7210892597233878
2727,25.480892094757746,95.78858707096231,3.6409123256105413
2728,23.905575007969123,96.20766578787264,3.3315262673973254
2729,22.11564125472058,96.52411638351884,3.0104649396461083
2730,20.001964696468463,96.74750893025005,2.7159981081224487
2731,17.05026530492479,96.8868778280543,2.944227434153107
2732,15.641842702042474,97.30627951722931,3.0429388515991085
2733,14.088684996012587,97.61703565996282,3.1559651087015577
2734,12.351861486878214,97.84489795918367,3.314715116834118
2735,12.351861486878214,97.84489795918367,3.4621358537210836
2736,12.351861486878214,97.84489795918367,3.5850865016954128
2737,12.351861486878214,97.84489795918367,3.689285408486483
2738,12.351861486878214,97.84489795918367,3.7839636531194216
2739,12.351861486878214,97.84489795918367,3.865739349974119
2740,12.351861486878214,97.84489795918367,3.9276270607538986
2741,12.351861486878214,97.84489795918367,3.971224021235308
2742,12.351861486878214,97.84489795918367,4.0026554631526885
2743,12.351861486878214,97.84489795918367,4.029166580128811
2744,12.351861486878214,97.84489795918367,4.063416584609746
2745,12.351861486878214,97.84489795918367,4.113838445575215
2746,12.351861486878214,97.84489795918367,4.168022344836357
2747,12.351861486878214,86.98775510204082,11.062936126564916
2748,12.351861486878214,90.4,9.279222530855172
2749,12.351861486878214,93.87755102040816,6.924591766215592
2750,12.351861486878214,97.42040816326531,3.143744664875206
2751,13.246584244576374,99.11960132890366,2.4326664719676128
2752,13.246584244576374,99.11960132890366,2.388977329314771
2753,14.052397163975158,99.20199501246883,2.2857368391719253
2754,14.486253666063975,99.26800865080685,2.248253260950594
2755,14.052397163975158,99.20199501246883,2.195260473821043
2756,14.088684996012587,99.0028730775731,2.2208574597732516
2757,15.641842702042474,98.84554836452685,2.234591970928659
2758,17.05026530492479,98.8054298642534,2.164243344404035
2759,18.33833483472798,98.76427635274293,2.1275465963196587
2760,19.522746393332664,98.72216844143271,1.957859763512498
2761,20.61562759228347,98.67920752451471,1.8153409142171117
2762,21.626165865332563,98.63551788298533,2.066662435164403
2763,22.561541852478328,98.59124866595518,2.8257140432834245
2764,23.427503473849363,98.54657564413125,2.83497646002139
2765,24.228738477962736,98.5017026106697,2.856217117793331
2766,24.969126719290514,98.45686228664952,2.8968758006880733
2767,25.651916991374,98.41231657445273,2.945711535291356
2768,26.279854554151104,98.36835599505562,2.999468365600122
2769,26.85527530891847,98.32529814767825,3.053946670423079
2770,27.380176737409233,98.28348504551366,3.0981803633772103
2771,27.856272231720425,98.24327921213734,3.1730344151310383
2772,28.285033278234305,98.20505847158009,3.2623886476258086
2773,28.667722574226573,98.16920943134535,3.4121143560156693
2774,29.00542024490861,98.13611974018639,3.6769218446654746
2775,29.29904471407465,98.10616929698709,4.0818205400086915
2776,30.991895400717535,98.05367148333825,4.192908456222219
2777,33.12109462692816,97.88278613071495,4.317455537678199
2778,34.79863903633888,97.57575757575758,4.382312226860267
2779,36.21257058311334,97.1182510765154,4.4653125850541295
2780,36.92813173876118,95.25262800949474,3.2158150787170903
2781,37.06117540532961,91.96581196581197,3.0860554371032642
2782,37.14966693963896,88.51839119972499,4.495692974073686
2783,37.19385183886018,84.93622888659083,7.976357323916332
2784,37.19385183886018,93.86418476387452,1.6618673214705157
2785,37.14966693963896,93.88105878308697,1.7150722509018883
2786,37.06117540532961,93.91452991452991,1.7642811743057563
2787,36.92813173876118,93.96405561207189,1.9016738239104805
2788,36.750162545549394,94.02884937940289,1.9746572305876475
2789,36.526760110898636,94.1079112876531,2.082624131010065
2790,36.25727340615226,94.2000651678071,2.2964709366523333
2791,35.940896112080125,94.304,2.6172395784885385
2792,35.764825317930836,93.18757921419518,2.560774155924751
2793,35.764825317930836,90.93789607097592,3.19973384027583
2794,35.764825317930836,88.8149556400507,4.221857766047305
2795,35.764825317930836,86.81875792141952,5.471881497740664
2796,35.764825317930836,91.69835234474017,3.4521995204384788
2797,35.764825317930836,91.69835234474017,3.631724711906146
2798,35.764825317930836,91.69835234474017,3.7957056222323104
2799,35.764825317930836,91.69835234474017,3.9446824563759244
2800,35.764825317930836,91.69835234474017,4.092883449936168
2801,35.764825317930836,91.69835234474017,4.234565582307525
2802,35.764825317930836,91.69835234474017,4.364817265970312
2803,35.764825317930836,91.69835234474017,4.4875813848558135
2804,35.764825317930836,91.69835234474017,4.589382721562679
2805,35.764825317930836,91.69835234474017,4.670012374180521
2806,35.764825317930836,91.69835234474017,4.748275976625537
2807,35.764825317930836,86.81875792141952,7.183934803575806
2808,35.764825317930836,88.8149556400507,6.311477805597876
2809,35.764825317930836,90.93789607097592,5.20214850440472
2810,35.764825317930836,93.18757921419518,3.7123533344045625
2811,35.124370658770786,94.54545454545455,2.2093556895079556
2812,33.56880337494563,94.82230392156863,1.80528401745972
2813,31.15769753551406,94.97907949790795,1.8245305757616042
2814,31.425948175695762,94.90291262135922,2.537349886293397
2815,31.65015781068575,94.83712354025815,3.3272344645662577
2816,31.830923419128254,94.78260869565217,3.3197892314766464
2817,31.968716534234176,94.74013775829681,3.3582214139158224
2818,32.06389088468291,94.7103274559194,3.4586037831628396
2819,32.11668796466333,94.6936197094125,3.6270438278790795
2820,32.12724075777062,94.69026548672566,3.8275874144605697
2821,32.095575760547526,94.70031545741325,4.034510028398978
2822,32.021613383378735,94.72361809045226,4.24442988925666
2823,31.90516674400723,94.75982532751091,4.427310153708788
2824,31.74593880759523,94.80840543881335,4.616150333803126
2825,31.543517762589378,94.86866218692731,4.736372423200507
2826,31.297370448861816,94.93975903614458,4.893221518273586
2827,31.006833567910242,95.02074688796681,4.986313692381125
2828,31.31020718964962,94.78054567022538,5.25133847489249
2829,32.12249138233738,94.11587205793603,5.518982736875494
2830,32.794387441864046,93.32107843137256,5.813876004748921
2831,33.34106530366531,92.39602731222843,6.2262509343092916
2832,33.77293043494291,92.09535759096612,6.417149026785822
2833,33.26225547193643,85.57457212713936,10.183062009219917
2834,32.69569309290181,83.23424494649227,13.663568115685917
2835,32.070821831827764,80.83140877598153,16.965952897885064
2836,31.384759462949052,92.94512877939529,5.252888977488933
2837,30.417505863658583,93.59805510534846,4.870627624811857
2838,29.355985918113248,94.53125,3.8308185330488858
2839,28.188189046183364,95.30858003010538,2.8184208766637124
2840,26.897529801622976,95.94202898550725,2.1562637922112615
2841,26.090671987097906,96.06741573033707,2.0022058131783753
2842,25.216294388895182,96.19220308250226,1.866349446218005
2843,24.269240622641654,96.3157894736842,1.7170980144741805
2844,23.243125336366553,96.43765903307889,1.5546861212006533
2845,22.129874600237244,96.55737704918033,1.3426860007183121
2846,20.918999527090655,96.67458432304038,0.7077071739449408
2847,19.59637621224772,96.78899082568807,0.6118940185943526
2848,18.85405298790926,96.69545625234697,0.5131773003755385
2849,18.753649824574573,96.6597860761869,0.44428141565455653
2850,18.753649824574573,96.6597860761869,0.39570316069702505
2851,18.753649824574573,96.6597860761869,0.3969201396618857
2852,18.753649824574573,96.6597860761869,0.44899121916958823
2853,20.27273122609578,96.40147831161252,0.6603904835554772
2854,21.646415436430587,96.27091312235436,0.641370113504766
2855,22.89905823909713,96.13698058049697,0.636954503829518
2856,24.047326896621453,96.0,0.6424704952217385
2857,25.1033194568002,95.86037144775118,0.6697822280901942
2858,26.076191919774004,95.71858366118954,0.6663642935935918
2859,26.973091460919896,95.57522123893806,0.6822936692079601
2860,27.799730325839878,95.43097061002717,0.8851252618311851
2861,28.56075817957498,95.28662420382166,0.9597898351605703
2862,29.260014162191585,95.1430821737989,1.0324933105332077
2863,29.900703473731703,95.00135098621995,1.1631515382122013
2864,30.485524623394923,94.86253818383783,1.420870788756184
2865,31.01676329191721,94.72784269022513,1.575107589717303
2866,31.496362918378264,94.5985401459854,1.5389772886223685
2867,31.92597863196348,94.4759629740221,1.7632997073897265
2868,32.30701898445363,94.36147516001219,2.207298512345189
2869,32.64067855334309,94.2564420987271,2.6309560486051446
2870,32.92796357280056,94.16219627642789,3.0457936199058855
2871,33.1697121329609,94.08,3.4865196063554023
2872,33.36661006113057,94.0110067983166,3.8645843849165824
2873,33.5192032959162,93.9562234563868,4.229931738537965
2874,33.62790734552081,93.91647484380138,4.486467073666111
2875,33.69301425743303,93.89237372069991,4.773706928805387
2876,33.714697400310556,93.88429752066116,5.011781813533781
2877,33.69301425743303,93.89237372069991,5.217238438033282
2878,33.62790734552081,93.91647484380138,5.377163921880259
2879,33.5192032959162,93.9562234563868,5.574629656469037
2880,33.36661006113057,94.0110067983166,5.676737730088574
2881,33.1697121329609,94.08,5.764423743354544
2882,32.92796357280056,94.16219627642789,5.793596705886886
2883,32.64067855334309,94.2564420987271,5.854975572695356
2884,32.30701898445363,94.36147516001219,5.8941429139838615
2885,31.92597863196348,91.16154075843535,8.378153646404517
2886,31.496362918378264,93.1970802919708,7.2230192648447495
2887,31.01676329191721,95.26930749501282,5.154870380846796
2888,30.485524623394923,97.13968342127187,3.560201636311005
2889,29.24487414082591,97.54076450147019,3.544294230943164
2890,27.855910915709675,98.0200565698123,3.405705855833935
2891,26.279854554151104,98.36835599505562,3.3331790261752845
2892,24.44450298496487,98.59824186267522,3.2408398183309153
2893,23.065177373132435,98.69025735294117,3.2414715161096272
2894,22.389917693085053,98.72597228430935,3.2768211233250284
2895,21.658935868907157,98.7619461337967,3.2910580818776407
2896,20.869229111875647,98.79797553774779,3.2827931779066266
2897,20.01723355538306,98.83387888707037,3.286081108059733
2898,19.09867446789201,98.86949623165411,3.308922252513011
2899,18.10835576990352,98.90468870099923,3.292084202387428
2900,17.03985483685009,98.93933755117231,3.283712886072075
2901,15.885062695553017,98.97334293948127,3.2352642411180295
2902,14.633457470382094,99.00662251655629,3.214513468954528
2903,13.270884165427137,99.03910991233985,3.1985643434798368
2904,11.777332757306647,99.07075317900228,3.180118014228267
2905,10.12240784152537,99.30643127364439,3.0763710271140647
2906,8.2543586470295,99.4666260286498,2.9166505553167004
2907,6.064004032844547,99.55804360636417,2.7218120711668674
2908,3.0370119579712087,99.58701224722302,2.6865595437302905
2909,-0.0,99.61432506887053,2.6433712438561012
2910,-0.0,99.61432506887053,2.5989173752134973
2911,-0.0,99.61432506887053,2.5539094307037153
2912,-0.0,99.61432506887053,2.5083723791350647
2913,-0.0,99.61432506887053,2.4622790584252012
2914,-0.0,99.61432506887053,2.4156854221893926
2915,-0.0,99.61432506887053,2.3687358095913713
2916,-0.0,99.61432506887053,2.3217173794433186
2917,1.7263595531412619,99.6078431372549,2.275126340313821
2918,4.189190988298596,99.5511149724877,2.229219226910673
2919,6.208061115907181,99.4311377245509,2.378261060499788
2920,7.971385463025239,99.24172082946457,2.4400276083854684
2921,9.551523848511046,99.10428662827896,2.4524880881397335
2922,10.987424673037834,99.07438016528926,2.4295393295450984
2923,12.303488665441556,99.04371584699453,2.3649363527870912
2924,13.516430700908893,99.01234567901234,2.2729282080434063
2925,14.638399322788548,98.98033503277495,2.17686263460884
2926,15.678604147459765,98.94776399849681,2.106322612423696
2927,16.64424935008254,98.91472868217055,2.0031960966555733
2928,17.541107850748812,98.88134238913304,1.9279201232584084
2929,18.373893986906367,98.8477366255144,1.826718111359301
2930,19.14651592853603,98.81406183820415,1.7252635620935381
2931,19.862252664107675,98.78048780487805,1.6468107787108945
2932,20.52388169805002,98.74720357941834,1.5868405606651868
2933,21.13377341556091,98.71441689623508,1.4962825755415223
2934,21.693962234043738,98.68235294117648,1.400644080812604
2935,22.206201171185725,98.65125240847784,1.3094162104305027
2936,22.672004296676736,98.62136878385031,1.2406366887407345
2937,23.092680150804856,98.5929648241206,1.1736662598431826
2938,23.469358303053795,98.5663082437276,1.097072917501909
2939,23.803010610264064,98.54166666666667,1.025728039607521
2940,24.094468310916263,98.5193019566367,0.9997906201487922
2941,25.799514787554536,98.47991313789359,1.0070381626746168
2942,27.954453096549447,98.33615341229554,1.0064174229354306
2943,29.658499585981524,98.06791569086651,1.092676966965353
2944,31.0997428395763,97.66241651487553,1.178846473674409
2945,32.350191459221,97.35849056603773,1.2774390096811254
2946,33.44841583194502,97.26740403383214,1.3239940722075547
2947,34.41840900893908,97.1774193548387,1.352611806045029
2948,35.27644525290981,97.0893970893971,1.383630740845333
2949,36.034195813869594,97.00427960057061,1.4595866812129086
2950,36.70035202548657,96.92307692307692,1.6049599574539224
2951,37.28155381279332,96.84684684684684,1.643724558792825
2952,37.78295809867003,96.7766692248657,1.7265570813197533
2953,38.208604730708025,96.71361502347418,1.7712224039606541
2954,38.561660979044255,96.65871121718376,1.8730249811151327
2955,38.84458917290698,96.61290322580645,2.378874673835393
2956,39.05926328448541,96.57701711491443,2.545816945414228
2957,39.20704998786921,96.55172413793103,2.674755828358756
2958,39.28886375447942,96.53751030502886,2.786032237693012
2959,39.30520187921819,96.53465346534654,2.8858017820376287
2960,39.256162920965124,96.54320987654322,2.9813255842951736
2961,39.14145030708037,96.56301145662847,3.0508915425497958
2962,38.9603614370175,96.59367396593674,3.1076548388057303
2963,38.71176126511615,96.63461538461539,2.7633214881089447
2964,38.3940378047713,96.68508287292818,2.816902524517373
2965,38.00503497864825,96.74418604651163,2.8655146769391666
2966,37.5419552944305,96.81093394077449,2.913904126821418
2967,37.00122018306067,96.88427299703264,2.948848571409127
2968,36.37826805904805,96.96312364425162,2.892388050887033
2969,35.66725637773144,97.0464135021097,2.9294493556462777
2970,34.86060802778003,97.13310580204778,2.9272495841788437
2971,33.9482900982687,97.22222222222223,2.9607876059416696
2972,32.9165982533558,97.31285988483685,2.994127686372803
2973,31.74593880759523,97.40420271940667,2.995678928699251
2974,30.406301841035692,97.88312462731068,2.8405971353250696
2975,28.84629424750347,98.2183908045977,2.7563582872001167
2976,26.957067394788847,98.42280022136137,2.7302069288297854
2977,24.2245989416052,98.5090521831736,2.680941860586683
2978,23.953966930663693,98.53018372703411,2.7239045333500544
2979,23.641507615016003,98.55371900826447,2.740727921041349
2980,23.286454720563402,98.57940131912734,2.793103930231193
2981,22.887908611792735,98.60696517412936,2.8447441633592376
2982,22.444820949912174,98.63614223088163,2.871211946186595
2983,21.955975637726866,98.66666666666667,2.889957385626616
2984,21.41996507621385,98.69827986982799,2.9326342932260703
2985,20.835160403763748,98.73073436083409,2.9610571024695385
2986,20.199673880968806,98.76379690949227,2.982572154225837
2987,19.511310838753325,98.79725085910653,2.9759772738981787
2988,18.76750748907386,98.83089770354906,2.981485316317278
2989,17.96524917371215,98.86455798864559,3.0056503962324266
2990,17.10096089097604,98.89807162534436,3.0156989992763275
2991,16.170357449286655,98.93129770992367,3.022006008875187
2992,15.16823293065967,98.96411394746578,3.042655720836256
2993,14.088155445306416,98.99641577060932,3.025299988510039
2994,12.922007284400156,99.02811523776467,3.0358200800070216
2995,11.659258326629562,99.05913978494624,3.0547109974085207
2996,10.285745784398873,99.08943089430895,3.0623472158550795
2997,8.781452263906967,99.11894273127753,3.0543725841196268
2998,7.115975381672694,99.3455098934551,2.987012208535531
2999,5.237557751852812,99.49941107184924,2.7947413154008864
3000,3.0370119579712087,99.58701224722302,2.74938638448737
3001,-0.0,99.61432506887053,2.7485836982031606
3002,-0.0,99.61432506887053,2.7446204189006784
3003,-0.0,99.61432506887053,2.7405824821042213
3004,-0.0,99.61432506887053,2.736476454184965
3005,-0.0,99.61432506887053,2.7323084206682693
3006,-0.0,99.61432506887053,2.7280840462265696
3007,-0.0,99.61432506887053,2.7238085203413167
3008,-0.0,99.61432506887053,2.719486741190495
3009,-0.0,99.61432506887053,2.7151234237252693
3010,-0.0,99.61432506887053,2.7107232362080365
3011,-0.0,99.61432506887053,2.7062905774277377
3012,-0.0,99.61432506887053,2.7018294705788812
3013,-0.0,99.61432506887053,2.69734365854111
3014,-0.0,99.61432506887053,2.6928365574505952
3015,-0.0,99.61432506887053,2.6883113174254887
3016,-0.0,99.61432506887053,2.683771241895966
3017,-0.0,99.61432506887053,2.6792198602652495
3018,-0.0,99.61432506887053,2.674660667864621
3019,-0.0,99.61432506887053,2.670096857506576
3020,-0.0,99.61432506887053,2.6655380261206836
3021,-0.0,99.61432506887053,2.660990349725927
3022,-0.0,99.61432506887053,2.65645714640442
3023,-0.0,99.61432506887053,2.6519393621418303
3024,-0.0,99.61432506887053,2.6474369184030517
3025,-0.0,99.61432506887053,2.642949737185421
3026,-0.0,99.61432506887053,2.6384777410142117
3027,-0.0,99.61432506887053,2.634020852938175
3028,-0.0,99.61432506887053,2.629578996525128
3029,-0.0,99.61432506887053,2.625152095857581
3030,-0.0,99.61432506887053,2.6207400755284116
3031,-0.0,99.61432506887053,2.6163428606365864
3032,-0.0,99.61432506887053,2.6119603767829274
3033,-0.0,99.61432506887053,2.607592550065901
3034,-0.0,99.61432506887053,2.603239307077478
3035,-0.0,99.61432506887053,2.5989005748990177
3036,-0.0,99.61432506887053,2.594576281097191
3037,-0.0,99.61432506887053,2.5902663537199553
3038,-0.0,99.61432506887053,2.5854873247388346
3039,-0.0,99.61432506887053,2.576547573919101
3040,-0.0,99.61432506887053,2.559149458897965
3041,-0.0,99.61432506887053,2.5290959937880713
3042,-0.0,99.61432506887053,2.490924802735244
3043,-0.0,99.61432506887053,2.4522450302446166
3044,-0.0,99.61432506887053,2.40945099557461
3045,-0.0,99.61432506887053,2.357768581977202
3046,-0.0,99.61432506887053,2.292505084334918
3047,-0.0,99.61432506887053,2.218290351762272
3048,-0.0,99.61432506887053,2.1431142106428998
3049,-0.0,99.61432506887053,2.0668732620045023
3050,-0.0,99.61432506887053,1.9895417215263087
3051,-0.0,99.61432506887053,1.9110856916057046
3052,-0.0,99.61432506887053,1.831337436504254
3053,-0.0,99.61432506887053,1.750036452285412
3054,-0.0,99.61432506887053,1.6669209573723085
3055,-0.0,99.61432506887053,1.5819148039791342
3056,-0.0,99.61432506887053,1.495135093660697
3057,-0.0,99.61432506887053,1.4068107845808102
3058,1.7263595531412619,99.6078431372549,1.317444566737103
3059,4.189190988298596,99.5511149724877,1.2266289506698829
3060,6.208061115907181,99.4311377245509,1.3044371230898137
3061,7.971385463025239,99.24172082946457,1.3114043990499291
3062,9.551523848511046,99.10428662827896,1.2797573430754103
3063,11.98628146149582,99.0728476821192,1.2240050425378683
3064,14.396783682961619,98.98729831788535,1.154452474935624
3065,16.362388864300907,98.82562277580071,1.1443980040519546
3066,18.07147843394122,98.57985983032091,1.2038721504844154
3067,19.59637621224772,98.39449541284404,1.2736182010745516
3068,20.97599255761768,98.33663366336634,1.23451365256811
3069,22.234687955005725,98.27727645611157,1.22566249012722
3070,23.389134660742467,98.21656050955414,1.1980016864942522
3071,24.451436033553435,98.15465729349737,1.1789577681033707
3072,25.430753729065913,98.09177646524307,1.1807990151518106
3073,26.334240953166866,98.02816901408451,1.1935239219394749
3074,27.16761639090059,97.96412990790111,1.1880456100596677
3075,27.935536593513177,97.9,1.1855160661441417
3076,28.641848076347685,97.83616692426584,1.2234504868126448
3077,29.28976395123344,97.77306468716861,1.2384869919197712
3078,29.881991229002104,97.71117166212534,1.2639671617719992
3079,30.42082474199752,97.6510067114094,1.3038237599318525
3080,30.908217798877267,97.59312320916905,1.344471544010218
3081,31.345836193499764,97.53810082063306,1.412168318326826
3082,31.735100025181428,97.48653500897666,1.4617874963356914
3083,32.077216402037855,97.4390243902439,1.491867913595444
3084,32.373205186805585,97.39615623062616,1.5230454049000266
3085,32.62391932827666,97.35849056603773,1.5630498479327644
3086,32.830060895145316,97.32654360280077,1.6014019286661547
3087,32.99219362721505,97.30077120822622,1.670612215078584
3088,33.110752600060934,97.28155339805825,1.7123211704680732
3089,33.186051436385036,97.26918075422627,1.7552346951880269
3090,33.21828737236988,97.26384364820846,1.7985346936895186
3091,33.207544387837764,97.265625,1.843630340375887
3092,33.15379452596423,97.2744970798183,1.8855436789884272
3093,33.05689745480992,97.29032258064517,1.9166476829542762
3094,32.9165982533558,97.31285988483685,1.9275619573181966
3095,32.73252333385954,97.34177215189874,1.9162967782525286
3096,32.50417433484307,97.37663960024985,1.9257697132498757
3097,32.23091972870883,97.41697416974169,1.8252152716670929
3098,31.911983777071363,97.46223564954683,1.752220359716733
3099,31.54643232484603,97.51184834123222,2.0461082595802456
3100,31.133154735999586,97.56521739130434,2.7632303227500885
3101,30.670841017630856,97.62174405436014,2.825312368831359
3102,30.157952821355615,97.68083931529542,2.8814255300812293
3103,29.592686499884746,97.74193548387096,2.947707758939128
3104,28.972925649162118,97.8044955567172,3.002982222045235
3105,28.29617944586349,97.86802030456853,3.049501844448043
3106,27.559501364711814,97.93205317577548,3.059812536730467
3107,26.759380123000486,97.99618320610686,3.1755499970218044
3108,25.89159020775283,98.06004618937645,3.601714322452976
3109,24.950981674037966,98.12332439678285,4.415129458798861
3110,23.931175200395096,98.18574514038878,4.497411841177441
3111,22.8241025124782,98.24707846410685,4.584070797502787
3112,23.28554876640662,98.27302631578948,4.665974596803157
3113,24.32798297252579,98.20470491126703,4.736735833636188
3114,24.81652181066634,98.05624483043837,4.762851441030862
3115,24.909162516390854,98.09681423251965,4.855936539910028
3116,24.62650434402502,98.14049586776859,4.9460963376066704
3117,23.23090587285069,96.2970457304735,4.2989826350547045
3118,20.302588854245336,92.58754863813229,4.476327324976938
3119,18.85405298790926,89.03492301915134,6.038430356713484
3120,17.243309173983988,85.90579710144928,8.643020298542913
3121,16.362388864300907,97.33096085409252,3.911461808015986
3122,17.108182350754795,97.4002849002849,3.9862176955576927
3123,17.93462863174653,97.46970776906629,4.059406876688898
3124,20.32284144060233,97.31779504254531,4.122338010265474
3125,23.011526008318135,97.15603382013836,4.165161823931229
3126,24.273514670128314,95.12147335423198,3.214761527041724
3127,24.273514670128314,91.26175548589342,4.431211796480998
3128,24.273514670128314,87.48040752351098,6.167383470754638
3129,24.273514670128314,83.77742946708464,11.370705423327788
3130,24.273514670128314,94.33777429467085,1.6075562741756588
3131,24.273514670128314,94.33777429467085,1.6075562741756588
3132,24.273514670128314,94.33777429467085,1.6075562741756588
3133,24.273514670128314,94.33777429467085,1.6075562741756588
3134,24.273514670128314,94.33777429467085,1.6075562741756588
3135,24.273514670128314,94.33777429467085,1.6075562741756588
3136,24.273514670128314,94.33777429467085,1.6075562741756588
3137,24.273514670128314,94.33777429467085,1.6075562741756588
3138,24.273514670128314,94.33777429467085,1.6060857045593977
3139,24.273514670128314,94.33777429467085,1.6042308367270763
3140,24.273514670128314,94.33777429467085,1.6042308367270763
3141,24.273514670128314,94.33777429467085,1.6042308367270763
3142,24.273514670128314,94.33777429467085,1.6022217475426308
3143,24.273514670128314,94.33777429467085,1.6022217475426308
3144,24.273514670128314,94.33777429467085,1.6022217475426308
3145,24.273514670128314,94.33777429467085,1.5999992655895479
3146,24.273514670128314,94.33777429467085,1.597655443587997
3147,24.273514670128314,94.33777429467085,1.5951207514918044
3148,24.273514670128314,94.33777429467085,1.5951207514918044
3149,24.273514670128314,94.33777429467085,2.0061817503890174
3150,24.273514670128314,94.33777429467085,2.0329468765786785
3151,24.273514670128314,94.33777429467085,1.9809747148049794
3152,24.273514670128314,94.33777429467085,1.940820049801016
3153,24.273514670128314,94.33777429467085,2.1716058516996553
3154,24.273514670128314,94.33777429467085,2.772877954915984
3155,24.273514670128314,94.33777429467085,2.866179960055718
3156,24.273514670128314,94.33777429467085,2.9711512399948634
3157,24.273514670128314,94.33777429467085,3.1028146959736485
3158,24.273514670128314,94.33777429467085,3.3244244807014236
3159,24.273514670128314,94.33777429467085,3.4049729630246266
3160,24.273514670128314,94.33777429467085,3.504290864242719
3161,24.273514670128314,94.33777429467085,3.79371668249788
3162,24.273514670128314,94.33777429467085,4.083669274790236
3163,24.273514670128314,94.33777429467085,4.362442025066046
3164,24.273514670128314,94.33777429467085,4.622778417858949
3165,24.273514670128314,94.33777429467085,4.856441933445285
3166,24.273514670128314,94.33777429467085,5.065180657155947
3167,24.273514670128314,94.33777429467085,5.27297743635802
3168,24.273514670128314,94.33777429467085,5.482568162966391
3169,25.37658352928024,85.43747502996405,9.683615157261437
3170,27.295860653641547,88.82890365448505,7.491856364360251
3171,28.15327480679215,90.55884843353091,7.241987784610312
3172,28.15327480679215,90.55884843353091,7.4826979351657
3173,26.7285891152929,86.92370461036312,9.325645953199803
3174,25.141227674305956,83.74606918238993,13.852513347961203
3175,23.339488100418908,94.71790988262022,4.76925329861867
3176,21.21423498986697,95.0036469730124,4.5150272755201275
3177,18.25117957871411,95.20547945205479,4.530835732799117
3178,18.25117957871411,86.86336494555673,10.29444154497887
3179,18.25117957871411,90.2880224798033,8.461022799555698
3180,18.25117957871411,93.92342817000352,5.632087480067968
3181,18.25117957871411,97.6290832455216,1.9871985422060994
3182,16.415363700318384,97.86440677966101,1.8749408637670146
3183,13.430225319290118,97.9568486433475,1.7759741363820352
3184,11.260791106882175,98.10606060606061,1.6439589392320006
3185,8.2543586470295,98.18652849740933,1.5233918862988427
3186,5.237557751852812,98.26266195524146,1.3920841124596723
3187,5.237557751852812,98.26266195524146,1.2763736271111303
3188,5.237557751852812,98.26266195524146,1.1532431369434621
3189,5.237557751852812,98.26266195524146,1.024798574768917
3190,5.237557751852812,98.26266195524146,0.8951388041869133
3191,5.237557751852812,98.26266195524146,0.7720870274229048
3192,5.237557751852812,98.26266195524146,0.6698379692253004
3193,5.237557751852812,98.26266195524146,0.6105916660049335
3194,5.237557751852812,98.26266195524146,0.6180621570457586
3195,5.237557751852812,98.26266195524146,0.6996010810700556
3196,5.237557751852812,98.26266195524146,0.8364493663776099
3197,5.237557751852812,98.26266195524146,1.0212272738483013
3198,5.237557751852812,98.26266195524146,1.2523911560993901
3199,5.237557751852812,98.26266195524146,1.5333554124306608
3200,6.208061115907181,98.18862275449102,1.8141264385397788
3201,7.971385463025239,97.98823893531414,2.0431323534033403
3202,9.551523848511046,97.69673704414588,2.265514364828896
3203,10.987424673037834,97.30578512396694,2.353671281537327
3204,12.303488665441556,96.9603825136612,2.590178257987271
3205,13.516430700908893,96.71957671957672,2.7631959587868153
3206,14.638399322788548,96.46758922068463,3.757557940312934
3207,15.678604147459765,96.2044344231492,4.302751261367671
3208,16.64424935008254,95.93023255813954,4.523780620513676
3209,17.541107850748812,95.64522572912504,4.642891120180758
3210,18.373893986906367,95.34979423868313,4.552153637961177
3211,19.14651592853603,95.04447268106735,4.619813324948154
3212,19.862252664107675,94.72996515679442,4.3148752843154785
3213,20.52388169805002,94.40715883668904,4.209342291788169
3214,21.13377341556091,94.0771349862259,4.048746310808718
3215,21.693962234043738,93.74117647058823,3.941082837444664
3216,24.525388967714097,93.45908868201862,3.8982051922038212
3217,26.516173912906872,93.06476287608363,3.8961909879205505
3218,28.180480066495083,92.54641909814323,3.855600035404998
3219,29.62730848055718,91.89189189189189,3.7674932258276073
3220,30.908217798877267,91.57593123209169,3.8372080338639476
3221,32.053398151230574,91.25520523497917,4.06749562300484
3222,33.08263989762379,90.93152375077113,4.610804522765943
3223,34.00986258905051,90.6070287539936,5.374431527181148
3224,34.84533530705938,90.28420356906808,5.404891785374523
3225,35.59689511193118,89.96587030716724,5.38341278582927
3226,36.270671592382556,80.04926108374384,10.39397357135726
3227,36.871544391706216,83.92469225199132,6.669151390168335
3228,37.304816358971784,86.44444444444444,4.971951298842699
3229,37.58303796231454,87.87650602409639,4.763152772595307
3230,37.58303796231454,87.87650602409639,4.769428432879546
3231,37.58303796231454,87.87650602409639,4.772244299378313
3232,37.80930734197056,93.58778625954199,5.966115904822142
3233,37.984460762876566,93.51851851851852,6.193057341628066
3234,38.10913024844627,93.46811819595645,6.338852245792676
3235,38.18375774762376,93.4375,6.467619264651717
3236,38.208604730708025,93.42723004694835,6.617447278777277
3237,38.18375774762376,93.4375,6.797341751642776
3238,38.10913024844626,93.46811819595645,7.145765583637977
3239,38.10913024844626,90.16329704510109,5.39578707304451
3240,38.05307405409464,86.71057729562185,4.21421059873605
3241,37.90322944889672,82.95585412667947,4.381398624886787
3242,37.70260942620658,79.484262419416,8.37548790968895
3243,37.450481926702075,75.79379902876354,12.295831686334198
3244,37.14590160773717,85.1743119266055,2.549789582012581
3245,36.787687158374816,85.68860122258181,2.7142626688139435
3246,36.37439121839156,86.22144112478031,2.838871717103056
3247,35.90426081538997,86.76722660267399,3.2198107936850895
3248,35.37518530779969,87.32065398732065,3.655058665077375
3249,34.78462742492919,87.87682333873582,4.154045066086515
3250,34.1295308219639,88.43131090851934,4.563050509869653
3251,34.0298823295903,87.11194731890875,3.9102974965366353
3252,33.829170929309285,85.70982839313572,4.264163024328858
3253,33.524443179490866,84.23660576029731,3.6580322619422403
3254,33.11092852046031,86.87519165900031,5.925190339976826
3255,32.581536566751375,87.21599515298395,6.233185106574773
3256,31.92597863196348,87.57838160644968,6.9551330249832155
3257,30.93643225823277,86.36627906976744,5.91260340573957
3258,29.600667504804534,83.18410744264129,3.691457975966297
3259,28.07648608547056,80.03229278794403,5.193148975775176
3260,26.29175022855728,76.92705638903259,8.984443714863481
3261,26.29175022855728,85.43714433523022,4.7195561690833845
3262,26.29175022855728,85.43714433523022,4.7847215198983655
3263,26.29175022855728,85.43714433523022,4.826695271695818
3264,26.29175022855728,85.43714433523022,4.87072308678816
3265,26.29175022855728,85.43714433523022,4.915283842404017
3266,26.29175022855728,85.43714433523022,4.935467159618777
3267,28.07648608547056,84.71474703982777,4.295682360980318
3268,29.600667504804534,83.8276440962507,3.7120703071618606
3269,30.93643225823277,82.76162790697674,3.587341264872525
3270,32.12249138233738,81.53289076644538,4.041051999438316
3271,33.182991462270216,80.66332916145181,4.326633530091166
3272,34.13437480583033,71.84057031756319,9.354434161745779
3273,34.988497111664465,75.06702412868633,8.860924252550111
3274,35.75425277767388,78.44290657439447,4.821749156912728
3275,36.438506007650716,81.9543509272468,3.8153362396305948
3276,36.90408566142715,83.55765732993817,5.903193261635573
3277,37.14590160773717,83.19266055045871,5.84867414432865
3278,37.30588959124943,82.8719084533038,5.890326958853258
3279,37.38552471863578,82.59903739355794,5.969239621045995
3280,37.38552471863578,82.3768974453906,6.117541185754125
3281,37.30588959124943,82.20745662606127,6.382925830210326
3282,37.14590160773717,82.09174311926606,6.663573028419138
3283,36.90408566142715,82.02982902873772,6.981177313329209
3284,36.578124319195915,82.02085580726357,7.239709670103439
3285,36.16471470539676,81.95675292449486,7.482486627854881
3286,35.659343257323115,83.19972115719763,7.627670091823999
3287,35.05593509296007,84.3076923076923,7.865074440195954
3288,34.34629788310056,85.27935764469723,8.513554608700145
3289,34.41840900893908,83.13172043010752,8.132871470419365
3290,34.41840900893908,79.26747311827957,10.396920627600235
3291,34.41840900893908,75.80645161290323,13.611072979880557
3292,34.41840900893908,72.27822580645162,14.107473698900895
3293,34.47934154966899,76.99831365935918,14.452187759640422
3294,34.56783308397834,73.65208545269583,15.33751852395423
3295,34.612017983199564,65.14790887453248,19.884658074283628
3296,34.612017983199564,65.07990479428766,21.031283269396706
3297,34.56783308397834,76.22923024754154,16.924751470785033
3298,34.47934154966899,79.49409780775717,13.787808109127695
3299,34.41840900893908,82.96370967741936,9.718235062560469
3300,34.41840900893908,86.82795698924731,5.565170781145266
3301,34.26295746937662,86.95073235685753,5.899331096401348
3302,34.06234383354353,87.10526315789474,6.1626594551317435
3303,33.81599002893096,87.28923476005188,6.157461370636786
3304,33.52316908551119,87.5,6.174907191328388
3305,33.182991462270216,87.73466833541927,6.43804004063657
3306,32.794387441864046,87.99019607843137,6.755616998265472
3307,32.356084651929315,86.16766467065868,8.747704877928795
3308,31.86657941171059,88.4053738317757,7.1723060719935186
3309,31.324100089851402,90.44368600682594,6.3399222105957245
3310,30.726559910287154,92.28429203539822,5.0167666971634555
3311,29.84745346373462,93.25842696629213,4.399271834359344
3312,28.64184807634768,93.50850077279753,4.1757071760633275
3313,27.3020083155851,93.75309866137829,4.0323939330805825
3314,25.79767184037256,94.30138292799236,3.5878032168951575
3315,24.07721290953338,94.72718936267768,3.3005927408784146
3316,22.031568015406428,95.04186866460996,3.0693118005062385
3317,19.14651592853603,95.2562473528166,2.9926974567885773
3318,18.373893986906367,95.39094650205762,2.944148013302856
3319,17.541107850748812,95.52536955653216,2.8987280599837693
3320,16.64424935008254,95.65891472868218,2.906235419211602
3321,15.678604147459765,95.79105599398723,2.9197868887948664
3322,14.638399322788548,95.92134013109978,2.945913127743741
3323,13.516430700908893,96.29629629629629,2.9662475943800186
3324,12.303488665441556,96.84084699453553,3.164952038463951
3325,10.987424673037834,97.2892561983471,3.27773259686983
3326,9.551523848511046,97.64875239923225,3.8488792407632153
3327,8.781452263906967,97.79735682819383,4.062223190591077
3328,10.487334801606254,97.75784753363229,4.136522977647305
3329,12.90867680172519,97.6269498838367,4.232631781033968
3330,13.936024857343174,95.70945945945945,3.6602045559319456
3331,13.936024857343174,92.11148648648648,4.681714563517327
3332,13.936024857343174,88.58108108108108,6.849746751138058
3333,13.936024857343174,85.11824324324324,10.362181616483822
3334,13.936024857343174,95.16891891891892,3.227530905389689
3335,13.936024857343174,95.16891891891892,3.402558008623092
3336,13.936024857343174,95.16891891891892,3.5676736843075276
3337,13.936024857343174,95.16891891891892,3.7230558903352318
3338,13.936024857343174,95.16891891891892,3.861572901238029
3339,13.936024857343174,95.16891891891892,3.9852268623144016
3340,13.936024857343174,95.16891891891892,4.094837131014564
3341,13.936024857343174,95.16891891891892,4.1969762079790796
3342,13.936024857343174,95.16891891891892,4.296633059126273
3343,13.936024857343174,95.16891891891892,4.39025316323051
3344,13.936024857343174,95.16891891891892,4.488571914386707
3345,13.936024857343174,95.16891891891892,4.587674630715912
3346,13.936024857343174,86.84121621621621,10.314199362270639
3347,13.936024857343174,90.33783783783784,8.361350303824048
3348,13.936024857343174,93.90202702702703,5.669247256624325
3349,13.936024857343174,97.53378378378379,2.1339859315707517
3350,12.291842053933312,97.82892588965066,2.0138047413765947
3351,10.434344825890438,98.04416403785488,1.9614743060393858
3352,8.2543586470295,98.18652849740933,1.9042708489581939
3353,5.237557751852812,98.26266195524146,1.883435515613466
3354,5.237557751852812,98.26266195524146,1.883435515613466
3355,5.237557751852812,98.26266195524146,1.8809217532865032
3356,5.237557751852812,98.26266195524146,1.8696644387002461
3357,5.237557751852812,98.26266195524146,1.8449003321044468
3358,5.237557751852812,98.26266195524146,1.8022184173029696
3359,5.237557751852812,98.26266195524146,1.7471472821613605
3360,5.237557751852812,98.26266195524146,1.607836747543952
3361,5.237557751852812,98.26266195524146,1.6057078605772028
3362,5.237557751852812,98.26266195524146,2.0791581588282284
3363,5.237557751852812,98.26266195524146,3.007040641355764
3364,5.237557751852812,98.26266195524146,3.0248974001102575
3365,5.237557751852812,98.26266195524146,3.5602784382433326
3366,5.237557751852812,98.26266195524146,3.7744629561894225
3367,5.237557751852812,98.26266195524146,3.860491542933611
3368,5.237557751852812,98.26266195524146,3.954253363673993
3369,5.237557751852812,98.26266195524146,4.047529656122987
3370,5.237557751852812,98.26266195524146,4.142656157328001
3371,5.237557751852812,98.26266195524146,4.2261670576086425
3372,5.237557751852812,98.26266195524146,4.299628730544066
3373,5.237557751852812,98.26266195524146,4.363556610403598
3374,5.237557751852812,98.26266195524146,4.423363732138141
3375,6.9538546023610674,98.23247453565008,4.469672513324479
3376,9.396302188694612,98.12403100775194,4.492577709939839
3377,11.39443387713584,97.94608472400513,4.510597601397581
3378,13.136652638039287,97.69179674526735,4.500099302995495
3379,14.69530505446085,97.4914089347079,4.511412527657244
3380,15.41863702818793,95.59594547361063,4.047031110718626
3381,15.41863702818793,91.94337644180357,4.987313853234046
3382,15.41863702818793,88.3607130373995,6.742068276018673
3383,15.41863702818793,84.84795526039846,10.320738965503464
3384,15.41863702818793,95.00174764068508,2.9042880346213202
3385,15.41863702818793,86.5955959454736,8.202892503696622
3386,17.108182350754795,90.02849002849003,6.064022132416834
3387,18.92720352693219,93.35302806499261,3.4396429668030377
3388,20.532187165342926,96.78407350689127,1.478440650406921
3389,21.430640790466228,96.91393521180755,2.4226018382763304
3390,22.109764029681713,97.06277596467652,2.7585099866610836
3391,24.040965048555005,96.80957128614158,2.9137646533324197
3392,25.714975435789643,96.45889418098986,2.6382414880157867
3393,27.20409198444291,96.17286605031175,2.784075067687343
3394,28.547196368637877,96.02767239455478,2.936629688054759
3395,29.768618593767794,95.87867561935633,3.0482802616060565
3396,30.884998488247316,95.72629051620649,3.202575079419811
3397,31.908404864788753,95.57103757153521,3.296702077578524
3398,32.84796252626177,95.4135532079361,3.2887254763286604
3399,33.710785308914396,95.25459877366036,3.3556475549907554
3400,34.50254977663665,95.09506751171122,3.5316991574375636
3401,35.22786734536331,94.93598862019914,3.6653157063977777
3402,35.890536086207945,94.77852742739806,3.8763253109879345
3403,36.49371702613708,94.6239806704923,4.1843985391065
3404,37.0400610761116,94.47376591120769,4.520673420560027
3405,38.86754755848534,94.27100096556164,4.851284932280177
3406,41.02248586748025,93.90367126978781,5.304561725385817
3407,41.4622795407474,91.50845702450812,4.839512289694001
3408,41.84944852379563,88.88104482880338,4.678818205079822
3409,42.185412659895825,86.02808786460209,4.886037627726563
3410,42.47135283993209,90.2894833272261,7.138825605904664
3411,42.708238696597725,90.14503532911863,7.922045926915899
3412,42.89684996845284,90.02634550244636,8.667708345881588
3413,43.0377928039057,89.93543486517281,9.307068347702554
3414,43.13151190770852,89.87390141383263,9.871634502557171
3415,43.17829916377666,89.84285166730548,10.45135734416134
3416,43.17829916377666,89.84285166730548,11.28121076697359
3417,43.13151190770852,89.87390141383263,12.296850988362545
3418,43.72724670090559,89.54703832752614,13.500484765690308
3419,44.83853466844866,88.7116074990028,13.329318854514911
3420,45.77208394829566,87.69987699877,13.198528313790865
3421,46.55719529156699,86.50693568726355,12.225533863397958
3422,47.212662106543355,85.47486033519553,11.187323310205633
3423,47.751280777563906,84.7568988173456,10.417354457387528
3424,48.182048013813926,84.06764574988874,9.436526815128897
3425,48.35906411592469,82.30286738351255,7.8384356868525735
3426,48.35906411592469,79.56989247311827,6.733498309719864
3427,48.35906411592469,77.01612903225806,7.5041406773008905
3428,48.63941064359204,75.45289855072464,8.206353807127622
3429,48.824406026306136,73.76824817518248,7.911597215491527
3430,48.91634952738653,71.97802197802197,7.909826686268717
3431,48.91634952738653,72.66483516483517,7.819309806888071
3432,49.4505214278041,72.4042455006922,8.001073443095654
3433,50.33760492090955,73.55836849507736,8.089346869434308
3434,51.86370691943218,74.71428571428571,8.808428643412235
3435,51.68854084642932,73.66197183098592,8.512628775322394
3436,50.64998727408554,69.7841726618705,9.134719148324148
3437,49.457281187198284,66.72398968185726,10.704466985009626
3438,48.07197302035763,63.71100164203612,14.14177649471069
3439,46.422163974130285,76.07674236491778,7.374113989811775
3440,44.319865549441346,77.31343283582089,6.162574254276677
3441,43.46574324360722,78.50467289719626,4.357937873118521
3442,42.5143599000471,79.66804979253112,4.2116887631176985
3443,41.45385982011426,81.22923588039868,4.1389124679215294
3444,40.26780069600965,82.58928571428571,5.332696110041002
3445,38.93203594258142,83.76146788990826,6.252159668990412
3446,37.407854523247444,84.75967174677608,7.603039774328582
3447,37.407854523247444,84.78898007033997,7.678017652227112
3448,37.956862604075695,84.1477603257708,6.919420099123053
3449,37.26330093603792,81.53889515219842,5.544378739753021
3450,37.26330093603792,77.22660653889515,7.128107610478623
3451,37.26330093603792,73.02705749718152,8.310908617035366
3452,37.26330093603792,82.6944757609921,5.71438639026145
3453,37.26330093603792,82.6944757609921,5.77186193368488
3454,37.26330093603792,82.6944757609921,5.8378412433569355
3455,37.26330093603792,82.6944757609921,5.8870998494929685
3456,37.97096355939925,82.15827338129496,5.725537952329911
3457,37.97096355939925,77.64028776978417,7.396615235278229
3458,37.97096355939925,73.23741007194245,9.11414727447333
3459,37.97096355939925,68.94964028776978,10.532564618254021
3460,37.97096355939925,74.93525179856115,10.137639191690049
3461,37.97096355939925,74.93525179856115,10.547215684632894
3462,37.97096355939925,68.94964028776978,12.052531791962066
3463,37.97096355939925,73.23741007194245,11.062547688060452
3464,37.97096355939925,77.64028776978417,8.511633989452298
3465,37.97096355939925,82.15827338129496,4.01491748807763
3466,36.50922971807264,83.245928788297,3.5698000078215872
3467,35.70161114509293,83.70270270270271,3.633927622327864
3468,35.70161114509293,83.70270270270271,3.868658073076133
3469,35.70161114509293,83.70270270270271,4.153654093015524
3470,35.70161114509293,83.70270270270271,4.499231351192229
3471,35.70161114509293,83.70270270270271,4.868822845173182
3472,35.70161114509293,83.70270270270271,5.237651776006175
3473,35.70161114509293,83.70270270270271,5.605688220671307
3474,35.70161114509293,83.70270270270271,5.959446429438048
3475,35.70161114509293,76.08108108108108,13.703540614494255
3476,35.70161114509293,80.27027027027027,9.485794607579399
3477,36.90181949697555,84.24979276043106,5.930165654691653
3478,38.87806263492883,88.04504764654924,4.399781725444253
3479,40.18425353014585,87.81770376862401,4.4137572211268505
3480,41.45680698220089,87.62551683402245,4.465039244320515
3481,42.331737735105634,87.33988680369377,4.641154075405494
3482,42.154741440316315,85.51319648093842,5.575750811071885
3483,41.14164402772404,82.27990970654628,8.971351464753702
3484,40.02872298025353,79.1101465002713,11.998305317473552
3485,38.80194911509764,76.22523461939521,14.624641123904333
3486,36.95289162648263,86.83816183816184,4.727635174882074
3487,34.6565797669974,87.46411483253588,4.63483805163619
3488,32.33374893247824,87.98805695911805,4.6258427723012945
3489,30.863361990367586,88.77596111356607,4.656279191969688
3490,29.20769692409798,89.43901402464938,4.652159112731098
3491,27.29447239445818,89.98774008990601,4.678290802320072
3492,24.93534700853123,90.43222003929273,4.667458127237517
3493,23.243539041181272,90.98826202196138,4.853375933064582
3494,21.294887784404818,91.44472820138635,5.0372350117808455
3495,19.233594351888375,91.85862493406013,5.200310456835415
3496,19.233594351888375,91.85862493406013,5.379777090716208
3497,19.233594351888375,91.85862493406013,5.571813240896728
3498,19.233594351888375,91.85862493406013,5.771364044981033
3499,19.233594351888375,91.85862493406013,5.9646818554208405
3500,20.252661885646038,91.67263610315186,6.123728191768172
3501,22.07168306182343,91.1961367013373,6.1890525581911495
3502,23.67666670023417,90.62018489984591,6.289390529083809
3503,23.67666670023417,77.5808936825886,16.478750168299992
3504,23.67666670023417,77.5808936825886,16.949895151856545
3505,23.67666670023417,77.73497688751927,16.40639819232369
3506,23.67666670023417,88.7326656394453,5.268698650788201
3507,21.998532522800502,90.85757461276917,4.829279263073889
3508,19.873279412248564,91.28457059679766,4.549607680606121
3509,19.873279412248564,91.28457059679766,4.673101110529063
3510,19.873279412248564,91.28457059679766,4.78206734550679
3511,19.873279412248564,91.28457059679766,4.869318096544695
3512,19.873279412248564,91.28457059679766,4.95258738157726
3513,19.873279412248564,83.75181950509462,11.595375355556627
3514,19.873279412248564,87.372634643377,6.990336155387604
3515,19.873279412248564,91.06622998544395,4.6601793137675855
3516,19.873279412248564,94.83260553129548,1.950986790382543
3517,19.08499980829,95.01251340722203,2.098292975916314
3518,19.08499980829,95.01251340722203,2.3395241296723945
3519,19.08499980829,95.01251340722203,2.5765543232790753
3520,19.08499980829,95.01251340722203,2.8018066810046536
3521,19.08499980829,95.01251340722203,3.005573361248871
3522,19.08499980829,95.01251340722203,3.1991120546560663
3523,19.08499980829,95.01251340722203,3.3741947348970505
3524,19.08499980829,95.01251340722203,3.5389078180589606
3525,19.08499980829,95.01251340722203,3.694967375513158
3526,19.08499980829,95.01251340722203,3.834801351796889
3527,19.08499980829,95.01251340722203,3.962573572574537
3528,19.08499980829,95.01251340722203,4.075697039024893
3529,19.08499980829,95.01251340722203,4.183401982966154
3530,19.08499980829,95.01251340722203,4.290230928742028
3531,19.08499980829,95.01251340722203,4.386319990369858
3532,19.08499980829,95.01251340722203,4.4824941431329215
3533,19.08499980829,95.01251340722203,4.573250463549639
3534,19.08499980829,86.52127279227744,10.60009038459934
3535,19.08499980829,90.11440829460136,8.398117909047373
3536,19.08499980829,93.77904898105113,5.566834500367378
3537,19.08499980829,97.51519485162675,2.3966764630998663
3538,16.942792773175228,97.69045156842468,2.4486651422519086
3539,13.963098919031026,97.78996344300432,2.3921121537369303
3540,10.972565286233687,97.88393715934595,2.480964905543274
3541,7.971385463025239,97.97276385020118,2.563546809844241
3542,6.208061115907181,98.17365269461078,2.6337974681394387
3543,6.208061115907181,98.17365269461078,2.6789323036245487
3544,6.208061115907181,98.17365269461078,2.6898363937412797
3545,6.208061115907181,98.17365269461078,2.6794183908335256
3546,6.208061115907181,98.17365269461078,2.670672180328029
3547,6.208061115907181,98.17365269461078,2.6707911192961196
3548,6.208061115907181,98.17365269461078,2.676037693015248
3549,6.208061115907181,98.17365269461078,2.681109453476104
3550,6.208061115907181,98.17365269461078,2.684492666134342
3551,7.921788301071479,98.14166031987814,2.686185017429895
3552,10.359029128245753,98.02870209746096,2.702027198272202
3553,12.351861486878214,97.84489795918367,2.7346765730582097
3554,14.944410089003558,97.68228726103874,2.795332722891131
3555,17.349417600077686,97.54342867169679,2.8941561794597863
3556,19.30942487646333,97.32484076433121,2.9848276091914334
3557,21.01280939611311,87.33723344027175,7.346123665324128
3558,22.53189079763432,90.70631970260223,5.483142475311907
3559,24.90443179642711,94.39138386506808,2.1755603155336125
3560,27.25151282815573,98.22372594628885,2.665733751752349
3561,27.25151282815573,98.22372594628885,2.9726395867268716
3562,26.572389588940236,98.05784251636057,3.234641443653427
3563,26.207694663969193,97.57614757614758,3.3664287833989115
3564,27.393981670452767,96.93196976433971,3.3856110409496267
3565,28.482126507076565,96.15384615384616,2.8852426657180166
3566,29.48259577600484,95.80352885073916,2.953872989321782
3567,30.40343965158396,95.65860878145043,3.138320944576502
3568,31.565132628753016,95.34288638689867,3.048139902786458
3569,32.90497238951561,94.75505857294995,2.5967236496974335
3570,35.72220361570012,94.48775055679288,2.5989752524984904
3571,37.6984467536534,94.0919674039581,2.3567049328991363
3572,39.34784747997709,93.55231143552311,2.0304224800966457
3573,40.779388193586556,92.85260482846252,1.6976188729884945
3574,42.04460741182965,92.53978779840848,1.6053755127267135
3575,43.173673505407244,92.21991701244814,1.5264021260135285
3576,44.18635326109862,91.89481268011528,1.2663945959516059
3577,45.09654063505131,91.56671664167916,1.1405041929045434
3578,45.91447685434956,91.23831775700934,0.9089138166058135
3579,46.64796859110004,90.91276252019387,0.7466179841837303
3580,47.303112195178635,90.59364548494983,0.7898045223242145
3581,47.884750852242256,90.28497409326425,0.8973621532539399
3582,48.39677675405038,89.99110320284697,1.1246431598093125
3583,48.842338104510894,89.71663619744058,1.1947538702722185
3584,49.22398489536954,89.46629213483146,1.3883536879307254
3585,49.543773664325336,89.24474187380497,1.721381114400065
3586,49.80334375773216,89.05642023346303,1.9242130105336182
3587,50.00397309754807,88.90532544378698,2.331618008622574
3588,50.146618675453006,88.79482071713147,2.5852592158797747
3589,50.23194521965617,88.72745490981964,2.842208353565514
3590,50.260344290342054,88.70481927710843,3.151135744000489
3591,50.23194521965617,88.72745490981964,3.4129444293489577
3592,50.146618675453006,88.79482071713147,3.7003932878779664
3593,50.00397309754807,88.90532544378698,3.9074489754272794
3594,49.80334375773216,89.05642023346303,3.8131654223496434
3595,49.543773664325336,89.24474187380497,3.8804382063468563
3596,49.22398489536954,89.46629213483146,3.715027308067907
3597,48.842338104510894,89.71663619744058,3.707926906266843
3598,48.39677675405038,89.99110320284697,3.809090698043641
3599,47.884750852242256,90.28497409326425,3.730655312916087
3600,47.303112195178635,90.59364548494983,3.9515763921590246
3601,46.64796859110004,90.91276252019387,3.778298159303275
3602,45.91447685434956,91.23831775700934,3.680328429366081
3603,45.09654063505131,91.56671664167916,3.4821720940946936
3604,44.18635326109862,91.89481268011528,3.431945666444608
3605,43.173673505407244,92.21991701244814,3.1262378879026445
3606,42.04460741182965,92.53978779840848,3.065972103665442
3607,40.779388193586556,92.85260482846252,3.0684202779550063
3608,39.34784747997709,93.55231143552311,2.9916367294957396
3609,37.6984467536534,94.0919674039581,2.936925655235601
3610,35.72220361570012,94.48775055679288,2.9057704226533154
3611,32.90497238951561,94.75505857294995,3.0250487269010677
3612,31.837150507263857,94.84509242384796,3.1259297820107173
3613,30.999966926515103,94.40269499870433,3.6695964287792484
3614,29.24425564587594,93.77091377091377,4.339525627103531
3615,29.24425564587594,92.76705276705276,5.0965458006973146
3616,29.24425564587594,92.32947232947232,5.52027628003467
3617,29.24425564587594,92.14929214929215,5.875322800660482
3618,29.24425564587594,92.81853281853282,5.608699070786032
3619,29.24425564587594,93.82239382239382,4.954345394798918
3620,28.974500168052852,94.53986157395539,4.349839133972788
3621,28.56075817957498,95.10828025477707,3.82808810045463
3622,27.990275737009675,95.57745766995198,3.384737214885386
3623,27.640141388617433,95.77464788732394,3.3295154498988233
3624,27.640141388617433,95.77464788732394,3.2233845256245734
3625,27.640141388617433,94.19014084507042,4.782032677218026
3626,27.640141388617433,95.32193158953723,3.6315398474410445
3627,27.640141388617433,96.55432595573441,2.8686541724618575
3628,27.640141388617433,97.88732394366197,2.4138370112953895
3629,26.79085315411959,98.23383084577114,2.3750495615372538
3630,26.57399746330026,98.34669338677355,2.508815923812138
3631,27.123927738552627,98.30421377183967,3.0179071972183364
3632,27.624228015057206,98.26315789473684,3.9378760891066116
3633,28.07648608547056,98.22389666307858,4.057474807542706
3634,28.482065375740106,98.18681318681318,4.185981253235381
3635,28.84213438482209,98.15229563269877,4.336994031263106
3636,29.15769006444247,98.12072892938497,4.455499348041366
3637,29.42957646095431,98.09248554913295,4.578761789077914
3638,29.658499585981517,98.06791569086651,4.700307492885488
3639,29.845039229213832,98.04733727810651,4.858015082568078
3640,29.98965824224221,98.0310262529833,5.0491520790515985
3641,30.092709684912304,98.01920768307323,5.304620134792106
3642,30.154442120671938,98.01204819277109,5.617783169999432
3643,31.68082287417348,97.97483890764038,5.988825816703413
3644,31.67045365458981,94.44955535111929,3.7667766073988687
3645,31.618576142071436,90.82849281565271,2.9712952090834066
3646,31.525064196685452,87.13894800851322,4.189491109193527
3647,31.38968882235606,95.47511312217195,5.111214163239287
3648,31.212114760434478,95.52105106001791,5.846888838117533
3649,31.74408130625069,95.34254807692308,6.537876044517824
3650,31.489230227212868,91.35071090047393,5.06620955801732
3651,31.190236538294336,87.38344988344988,4.295785543475114
3652,30.846281787988065,83.46681922196797,6.636834054233774
3653,30.456392597795507,91.76008968609865,5.035822588171757
3654,30.01942222783479,91.9407894736842,5.177957276585641
3655,29.534027378594725,92.13062098501071,5.367990539190641
3656,28.998638910581846,92.3277661795407,5.566867431775172
3657,29.172722435076942,92.2518787250583,5.596568752425861
3658,29.94192480947055,91.77364422321195,5.318654968289688
3659,30.53491703135383,91.19746233148295,5.013800942977663
3660,30.772360362687845,90.2361369063412,4.6093944323115865
3661,30.772360362687845,89.0421862563014,4.377976966969313
3662,30.772360362687845,87.9543645529318,4.08986453563596
3663,30.772360362687845,86.97267179623242,3.8100979952149605
3664,30.772360362687845,88.64420270628814,4.259816827211273
3665,30.97300879241513,88.3151450625499,4.193673456354953
3666,31.26928189344687,87.59026477667825,3.9732791439260593
3667,30.948187251872483,85.22128556375132,4.346099516324663
3668,30.05475883881899,81.41547861507128,8.047929217857945
3669,29.081088692178465,78.39233038348083,11.232907277812277
3670,28.01915374622908,75.83017077798861,13.725750853067472
3671,26.858512757092328,86.04757548032937,2.1708470147553407
3672,25.585086509019504,87.01499118165785,1.5934237971424856
3673,24.484256566800592,88.05366269165248,1.7500290970539505
3674,23.285548766406617,88.93914473684211,2.339695883421586
3675,22.645272224888576,89.31528984043628,2.9619318279920948
3676,22.645272224888576,89.31528984043628,3.379900304679071
3677,22.645272224888576,89.31528984043628,3.8336665654178654
3678,22.645272224888576,89.31528984043628,4.338539825954013
3679,22.645272224888576,89.31528984043628,4.910459311581106
3680,22.645272224888576,89.31528984043628,6.389252446540618
3681,22.645272224888576,89.31528984043628,7.213547349670759
3682,22.645272224888576,89.31528984043628,7.635929783215636
3683,22.645272224888576,89.31528984043628,7.808520187181068
3684,23.898317816746207,89.10177173465183,7.884340160483872
3685,25.982029522130386,88.55550792970425,7.664980815010948
3686,27.741383449239088,87.89567543468569,8.142249633588698
3687,29.285479958491088,87.11172925359296,7.708853911543578
3688,30.665984160702003,86.3855421686747,7.436817469319927
3689,31.913200518100414,85.80370555833751,6.958689411545414
3690,33.047042384949414,85.20540821632865,6.152158473436246
3691,34.08156186837318,84.59255261737722,5.632506908270073
3692,35.02717118836727,83.96754336877449,5.2259653874216925
3693,35.89186228669541,83.33333333333333,5.142164398904464
3694,36.68193270145994,82.69346130773845,5.049737480142187
3695,37.402444611016904,82.05207687538747,5.130015964352302
3696,38.05752917936599,81.41394753678823,5.628773580334152
3697,39.936541383074776,80.64516129032258,6.675841333843128
3698,42.09147969206969,79.60962007668176,8.236517382310325
3699,43.79552618150176,78.38627236217597,9.756804734322387
3700,45.236769435096534,70.08024455483378,13.303196535741632
3701,46.487218054741234,73.59168997203356,13.124673309359498
3702,47.58544242746526,77.63871506049229,12.16996670738962
3703,48.55543560445932,81.94867333623314,8.99042697157795
3704,49.17741558640439,82.64167782240071,8.978393610341055
3705,49.94553536694786,81.96569309225777,10.180432326043693
3706,50.62243456309695,73.13791446419991,17.06124262988318
3707,51.214781056708716,77.54595131644312,16.01997036788935
3708,51.727762986532255,82.1300563236047,11.495127763706286
3709,52.16545520220255,86.84902682798527,6.851512091149789
3710,52.08105259251678,87.27560718057022,7.102572550570491
3711,52.38990874039011,87.01508620689656,7.599065646776193
3712,52.631690144375234,86.80175246440307,7.87347774899655
3713,52.80787591844492,86.64079822616408,8.330949854145487
3714,52.919509866165704,78.99441340782123,17.62383811708524
3715,52.96723907059564,83.23991031390135,13.189970194636729
3716,52.95133689116929,87.34602463605823,8.398673974542705
3717,52.87171246879284,91.25835189309576,6.293463699533518
3718,51.95219360226905,92.4812030075188,5.29919509340762
3719,50.854305195869856,93.4400826446281,4.802819788545965
3720,49.52733997072798,94.15262636273538,4.31883262732515
3721,48.52820249471091,94.37022900763358,4.2230745698045355
3722,47.35409400644066,95.18790100824931,3.4657901037511203
3723,45.954028583511665,95.78207381370827,3.0663521220078414
3724,44.21952441987391,96.17325483599663,2.9617933209277774
3725,41.63689083236689,96.38263665594856,3.0079890746120514
3726,39.85978151316061,96.72825250192456,2.4829447945216363
3727,37.23601339766734,96.90721649484536,2.547808227584259
3728,36.85999666488901,96.9718817591925,2.5458583300178437
3729,36.42776721558935,97.04225352112677,2.6144675972895213
3730,35.93741848352766,97.11736444749485,2.6432095322096667
3731,35.38665265479246,97.19626168224299,2.7124772120147673
3732,34.772701143887886,97.27802981205444,2.7598071037771366
3733,34.09221707237515,97.36180904522612,2.7353145458113506
3734,33.34112713917753,97.44680851063829,2.7970598712470154
3735,32.514422598985234,97.53231492361927,2.8439074657199086
3736,31.605855357968267,97.61769710720363,2.871466319853167
3737,30.607479317375308,97.70240700218818,2.9137568405800005
3738,29.508924840518368,97.7859778597786,2.9431052139629106
3739,28.29617944586349,97.86802030456853,2.989340618487283
3740,26.949366714817806,97.94821690278457,3.0082565565890835
3741,25.438216669053972,98.33176691729324,2.954290213619787
3742,23.711096442247143,98.59918662449164,2.8520866951420283
3743,21.658935868907154,98.7619461337967,2.8232733054847086
3744,18.76750748907386,98.83089770354906,2.808103743922734
3745,17.96524917371215,98.86455798864559,2.833969894718718
3746,17.10096089097604,98.89807162534436,2.8445071826036807
3747,16.170357449286655,98.93129770992367,2.8482968011569043
3748,15.16823293065967,98.96411394746578,2.8696007605780394
3749,14.088155445306416,98.99641577060932,2.8642308884354293
3750,12.922007284400156,99.02811523776467,2.8722904878445554
3751,11.659258326629562,99.05913978494624,2.886272749852475
3752,10.285745784398873,99.08943089430895,2.8833915256677853
3753,8.781452263906967,99.11894273127753,2.856890880539111
3754,7.115975381672694,99.3455098934551,2.756775012775312
3755,5.237557751852812,99.49941107184924,2.579719091661876
3756,3.0370119579712087,99.58701224722302,2.5126323744376027
3757,-0.0,99.61432506887053,2.477359544100988
3758,-0.0,99.61432506887053,2.4394690915220374
3759,-0.0,99.61432506887053,2.2866148663471004
3760,-0.0,99.61432506887053,2.312023729867035
3761,-0.0,99.61432506887053,2.7554197983153856
3762,-0.0,99.61432506887053,2.7342756016896894
3763,-0.0,99.61432506887053,2.7173835783143456
3764,-0.0,99.61432506887053,2.7071558540994585
3765,-0.0,99.61432506887053,2.6986377620670003
3766,-0.0,99.61432506887053,2.688183663741249
3767,-0.0,99.61432506887053,2.6762142946703396
3768,-0.0,99.61432506887053,2.66662077306687
3769,-0.0,99.61432506887053,2.6600844453341694
3770,1.7263595531412619,99.6078431372549,2.657445096721403
3771,4.189190988298596,99.5511149724877,2.6570345599807226
3772,6.208061115907181,99.4311377245509,2.669754893965694
3773,7.971385463025239,99.24172082946457,2.6808102683426687
3774,9.551523848511046,99.10428662827896,2.688758856867458
3775,10.987424673037834,99.07438016528926,2.6972568200389007
3776,12.303488665441556,99.04371584699453,2.7100876060226256
3777,13.516430700908893,99.01234567901234,2.7365059029779184
3778,14.638399322788548,98.98033503277495,2.782685940824619
3779,14.638399322788548,95.24763292061179,3.681309147032109
3780,14.638399322788548,91.5877640203933,6.631686487288951
3781,14.638399322788548,88.00072833211945,9.079712595915284
3782,14.638399322788548,97.45083758193736,1.4899389053627097
3783,14.638399322788548,97.45083758193736,1.4890652228292962
3784,14.638399322788548,97.45083758193736,1.4882177907248093
3785,14.638399322788548,97.45083758193736,1.4873875576305005
3786,14.638399322788548,97.45083758193736,1.486570654250021
3787,14.638399322788548,97.45083758193736,1.4576835658342184
3788,14.638399322788548,97.45083758193736,1.3779564712991468
3789,14.638399322788548,97.45083758193736,1.2608871139363902
3790,14.638399322788548,97.45083758193736,1.1354301328442087
3791,14.638399322788548,97.45083758193736,1.026377207548507
3792,14.638399322788548,97.45083758193736,0.9195945056386295
3793,14.638399322788548,97.45083758193736,0.8165239824549946
3794,14.638399322788548,97.45083758193736,0.7228212741915061
3795,14.638399322788548,97.45083758193736,0.6583591791892216
3796,14.638399322788548,97.45083758193736,0.6619855052946196
3797,14.638399322788548,97.45083758193736,0.730282843907387
3798,14.638399322788548,97.45083758193736,0.852150507031266
3799,14.638399322788548,97.45083758193736,1.0124091261115993
3800,14.638399322788548,97.45083758193736,1.197679457779472
3801,14.638399322788548,97.45083758193736,1.3991813091776415
3802,14.638399322788548,97.45083758193736,1.6136619546226627
3803,14.638399322788548,97.45083758193736,1.8401069623363464
3804,14.638399322788548,97.45083758193736,2.0764653662167882
3805,14.638399322788548,97.45083758193736,2.3213744058811785
3806,14.638399322788548,97.45083758193736,2.575717736343902
3807,15.16823293065967,97.11431742508324,3.9087259531724325
3808,16.170357449286655,96.35496183206106,3.8211283571415957
3809,17.10096089097604,95.47422274695002,3.692979617562608
3810,17.96524917371215,94.4647201946472,3.0866105919297517
3811,18.76750748907386,95.32359081419624,3.668495119618629
3812,19.511310838753325,95.18900343642612,3.6679096846376216
3813,22.389917693085053,94.97094322753688,3.6482155112838375
3814,24.428974904256947,94.65116279069767,3.4249076704217942
3815,26.142697262282383,94.21867440735365,3.2559677225426267
3816,27.640141388617433,93.66197183098592,3.191772913784286
3817,28.972925649162118,93.4134866701516,3.3140403320164555
3818,30.17130447320342,93.15960912052117,3.5538401079523716
3819,31.25513757806104,92.90140845070422,3.8306455054238358
3820,32.23841947502182,92.64018691588785,4.107544694625045
3821,33.13150042964057,92.37749546279491,4.35077109215851
3822,33.9423056191373,92.11514392991239,4.739278474988686
3823,34.67706049540497,91.8552036199095,5.138515448515976
3824,35.340749247440414,91.6,5.436829055304029
3825,35.93741848352766,91.35209334248455,5.703641375215469
3826,36.470385997551766,91.11424541607899,6.118616048426617
3827,36.94238860410387,81.23644251626898,15.085767190833371
3828,37.35568931844565,85.2810650887574,10.372266974412128
3829,37.71215648300679,89.39622641509433,6.953065623018327
3830,38.01332294076436,93.54838709677419,4.408661726348388
3831,37.82542204965104,93.59756097560975,4.501238102988887
3832,37.56022667149451,93.66515837104072,4.574705319175492
3833,37.21547387109653,93.75,4.41590383417626
3834,36.78805119525771,93.8506588579795,4.240849773407716
3835,36.273805970713106,93.46264367816092,4.6932000404834415
3836,35.66725637773144,94.76090014064698,3.6299500713161565
3837,34.96114514572169,95.87912087912088,2.9504365844784877
3838,34.145724287364665,96.8206157965194,2.75320174042114
3839,33.709277510984,97.22405816259088,2.7827014197066915
3840,33.709277510984,97.22405816259088,2.8217012731657385
3841,33.665896868694155,97.2313777191826,2.865658948129602
3842,33.57902038842321,97.24590163934427,2.918193173638024
3843,33.44841583194502,97.26740403383214,2.97500732857311
3844,33.27373015012254,97.29555698647779,3.042304699365899
3845,33.05448363791667,97.32994278448824,3.114226534451667
3846,32.79006176518278,97.3700688791484,3.202011421824778
3847,32.47970432305238,97.41538461538461,3.267907632917355
3848,32.12249138233738,97.46529873264937,3.330318132837796
3849,31.717325371229364,97.51919669226226,3.3972909542643253
3850,31.262908322518935,97.57645701096365,3.467634842626732
3851,30.757712982223207,97.63646595385481,3.538563876192446
3852,31.802336142762183,97.64771772612714,3.634277836742475
3853,31.197296664038877,93.38415464198204,5.261382452369824
3854,30.53491703135383,89.26777689664287,7.910968062673423
3855,29.812267420703158,85.31145860035888,11.760778451977345
3856,29.025852098420618,95.82815992053638,3.035015912380887
3857,28.171460051954337,95.96250901225667,3.039598349219425
3858,27.24395488040758,96.09574715314896,2.984801600186211
3859,26.23696993226627,96.22726251964967,2.979285739781402
3860,25.142448802679578,96.35653871177618,2.9628649729488115
3861,23.94991905049802,96.48314841951016,2.8513484538155263
3862,22.645272224888576,96.60674611189658,2.776438074903951
3863,21.208542179190992,96.7270601987142,2.299984251182761
3864,19.609374917565546,97.08810820965621,2.1282813529626137
3865,17.796058791378677,97.35555153051983,1.9703513920931386
3866,15.65944966121755,97.53797799895233,1.8812541036906774
3867,12.685250517465022,97.64349436121864,1.781541486340072
3868,11.254744944707303,97.72024100309396,1.6986083529826959
3869,9.679905889030268,97.90518191841235,1.5598066343870667
3870,7.921788301071479,98.14166031987814,1.4239516746296075
3871,5.908035540662013,98.30608337015761,1.2973205966370285
3872,3.4502350984670764,98.40478564307078,1.1336209286832004
3873,1.7263595531412619,98.43137254901961,1.1038652653937973
3874,1.7263595531412619,98.43137254901961,1.3427280067403962
3875,1.7263595531412619,98.43137254901961,2.186291391371322
3876,1.7263595531412619,98.43137254901961,3.40690345154601
3877,3.4502350984670764,98.40478564307078,4.851495849666763
3878,5.908035540662013,98.30608337015761,5.164461087504946
3879,7.921788301071479,98.14166031987814,5.476292121723113
3880,9.679905889030268,97.90518191841235,5.764918877181755
3881,11.254744944707303,97.72024100309396,6.018860328720572
3882,12.685250517465022,97.64349436121864,6.29328701102465
3883,13.995819799477069,97.56479387719604,6.544297880870353
3884,15.203163929990762,97.48427672955975,6.812625990591152
3885,16.31942750187989,97.40211542030062,7.082865228177133
3886,17.353815949765817,97.31852135606206,7.293041550180684
3887,18.313529017353435,97.23374827109267,7.552141331469144
3888,19.204334923298195,97.1480953350988,7.836874815182662
3889,20.03094301124334,97.06190975865687,8.711876514557373
3890,20.797256140240776,96.97558868006048,9.29938217849573
3891,21.506547643273755,96.8895800933126,9.587203648876622
3892,21.840693217417282,94.1891891891892,7.200252220970661
3893,22.46951844424458,92.66882516188714,6.234933082618871
3894,23.047509546143385,90.98671726755218,5.0628034066001355
3895,23.047509546143385,87.02561669829223,3.313777008064874
3896,23.047509546143385,83.15939278937381,4.86474964738113
3897,23.047509546143385,79.38804554079697,8.697635125155099
3898,23.047509546143385,87.66603415559773,3.019152452882978
3899,23.047509546143385,87.66603415559773,3.1120838745272414
3900,23.047509546143385,87.66603415559773,3.266145599916904
3901,23.047509546143385,87.66603415559773,3.5585177377707984
3902,23.047509546143385,87.66603415559773,4.0336472443951115
3903,23.047509546143385,87.66603415559773,4.710651820696537
3904,23.047509546143385,87.66603415559773,5.818224418727665
3905,23.047509546143385,87.66603415559773,7.159481621852999
3906,23.047509546143385,87.66603415559773,8.599013052399192
3907,24.671587920663175,87.43645606390704,9.98896938552686
3908,26.926767521437224,86.89185782707335,11.121513977410272
3909,28.73372404950888,77.85358173707688,7.900284135134171
3910,30.28069246845455,80.999180999181,9.725868086177668
3911,31.639840177939295,84.44507521998297,13.771931340575655
3912,32.8499102304779,88.29253907401946,18.804168126980038
3913,32.356084651929315,88.1437125748503,20.724892472311037
3914,33.34106530366531,87.7715704531347,22.52745151943172
3915,35.36340990115015,87.33850129198966,23.525283269510286
3916,37.50131289267104,86.73193787981094,24.259301601179423
3917,39.18782288339249,85.96614950634697,24.313909673193592
3918,40.61099806886594,85.02575423105225,23.933799127971152
3919,41.84281381213788,84.20245398773007,23.43036065671594
3920,42.78701035559377,83.04140127388536,22.686780718096095
3921,43.49502348884576,81.11111111111111,21.1928070434398
3922,44.11960591844235,78.94736842105263,19.59671108447383
3923,44.66602976295499,76.55021834061135,17.927278008154467
3924,44.66602976295499,72.0524017467249,16.641795781816164
3925,44.9112706714222,68.6283185840708,15.69329223121624
3926,45.34799773690622,66.00181323662738,14.670267211183774
3927,45.71543677264104,63.56481481481482,12.901841187852513
3928,46.015917409449635,60.69745523091423,8.215545954663826
3929,47.8956322519862,59.43165115139637,7.1794762853308605
3930,48.911830209588324,56.75675675675676,5.59554942288689
3931,48.911830209588324,53.003003003003,4.4823144537296935
3932,48.911830209588324,49.449449449449446,4.390677008575533
3933,48.911830209588324,46.0960960960961,5.917541181862058
3934,48.911830209588324,47.747747747747745,5.143994486591189
3935,48.911830209588324,51.2012012012012,3.9296878366701216
3936,48.911830209588324,54.85485485485486,3.1298834057200002
3937,48.911830209588324,58.708708708708706,4.80328956874345
3938,48.72688761535899,59.297725024727995,5.149700018587509
3939,49.92760168178834,59.29247633283508,5.072677902295982
3940,52.11784549390459,58.58534085084572,4.308677916856557
3941,53.696278891380025,57.86428195686481,3.8464939810073404
3942,54.79495237941458,57.073695535233995,3.588405461185347
3943,54.61691979171681,54.72,3.2152092858441397
3944,54.34733241770064,52.39599789362823,3.874570006095724
3945,54.31901437587827,50.760356581017305,3.991413984721407
3946,54.47918609608675,50.18430753027909,4.503435329394659
3947,54.479186096086764,49.28909952606635,4.367425862451619
3948,54.31901437587827,48.76769795490299,4.511028879577381
3949,53.99264189405898,50.18200728029121,4.8070905215170825
3950,53.48651529005078,51.56651258346174,4.343940482305697
3951,52.77548648599828,52.905507832238506,3.7987631703082414
3952,52.508880685534606,55.33636823469904,3.2541050822783704
3953,51.364303790148,56.59911023232822,3.3650246341855614
3954,49.74325161071015,57.77563793933558,3.8764951835855896
3955,48.536057088404945,58.14620162446249,4.52037206944893
3956,48.707600121490394,57.89473684210526,5.074418329964797
3957,48.816316818481525,57.802625182304325,5.342219769334921
3958,48.86280446203127,57.874207703559236,5.568366038625363
3959,48.84731556176645,58.110082805650265,5.853404395734356
3960,48.76976617622593,58.50702859912749,6.6671219226547205
3961,48.62973315781926,59.05814512253724,7.31373890814995
3962,48.500420708065576,57.98760133524082,8.940218603416607
3963,48.37535692797478,55.187115111321646,11.77813514856134
3964,48.17775527831521,50.58602906704173,14.377005206893287
3965,48.17775527831521,50.58602906704173,16.134229994178604
3966,48.17775527831521,50.91420534458509,17.745541117173023
3967,48.17775527831521,50.49226441631505,19.614262598574282
3968,48.37535692797478,53.81335859782094,20.507300305114565
3969,48.500420708065576,55.50786838340486,21.213361612617515
3970,48.55385937182092,57.38880918220947,21.431053207387937
3971,48.536057088404945,59.43621595795509,21.076208212389556
3972,48.446886261245254,61.86400380408939,17.91701549006847
3973,48.28570197266801,64.54502593116455,15.946035901726423
3974,48.05131343800495,67.07033069399162,15.161602029398706
3975,47.74192922137516,69.46354883081156,15.161088234552198
3976,47.74192922137516,69.2801467216873,15.50290975546848
3977,47.68768657030805,63.31658291457286,20.10696428447834
3978,47.578975686200096,66.80272108843538,17.282058055725173
3979,47.41533972100495,69.85195154777928,16.881235100153425
3980,47.19607882924752,73.15347191508182,16.67348180674688
3981,46.687112766288934,75.54885923374947,16.787008717114983
3982,46.102192755697885,77.3923944839114,16.323363271407143
3983,45.436635476116734,79.36058276001619,14.657029626599929
3984,45.071818513419096,82.5308396339037,11.792296337288859
3985,45.071818513419096,87.1866295264624,7.475309334786629
3986,44.2736312943391,88.82059162504802,6.641808178376814
3987,43.37648539398369,90.2258422806368,6.256414467807921
3988,42.36862519835684,91.41432133950838,5.636429785354873
3989,41.618248032929934,93.1975138121547,5.012903509790725
3990,38.91115340873064,93.53562005277045,5.1310876223922195
3991,38.91115340873064,93.53562005277045,5.320802827186025
3992,38.91115340873064,93.53562005277045,5.501515577379335
3993,38.91115340873064,93.53562005277045,5.664106138323852
3994,38.91115340873064,93.53562005277045,5.823824662514251
3995,38.91115340873064,93.53562005277045,5.997098860480057
3996,38.91115340873064,83.14643799472296,15.095731839526376
3997,38.91115340873064,87.40105540897098,10.34511813200427
3998,38.91115340873064,91.78759894459102,7.224256643619975
3999,38.91115340873064,96.3060686015831,3.422162530289317
4000,36.18702346705732,96.50063051702396,3.359318305728733
4001,34.449379669449385,96.85800604229607,2.93571294054675
4002,32.26176511097692,97.07754629629629,2.9154842051204612
4003,30.045044839561612,97.44444444444444,2.851190132333572
4004,28.678302285603753,97.94227685729557,2.738527581213796
4005,27.123927738552627,98.30421377183967,2.7162926077176164
4006,26.57399746330026,98.34669338677355,2.7590373913185684
4007,25.972587698998584,98.39024390243902,2.801730883686918
4008,25.317539458283893,98.43453510436433,2.8267545097363107
4009,24.60632229224174,98.47926267281106,2.8603337603930092
4010,23.835952739924835,98.52415026833631,2.8566457988788834
4011,23.00288503472535,98.56895056374675,2.8734363759870245
4012,22.102861419175802,98.61344537815125,2.9014034879374333
4013,21.130701753416755,98.65744507729862,2.9020065567168385
4014,20.079998400478647,98.7007874015748,2.9226834010901626
4015,18.942656497084737,98.74333587204875,2.938390267120737
4016,17.708167467037534,98.78497790868924,2.940621331120489
4017,16.362388864300907,98.82562277580071,2.9383053091403255
4018,14.885322521102173,98.86519944979368,2.9579295761556113
4019,13.246584244576374,99.11960132890366,2.914529708898281
4020,11.39443387713584,99.29396662387677,2.877040619797089
4021,9.219700334919128,99.39553626782393,2.834178123663851
4022,6.208061115907181,99.4311377245509,2.8263470224728784
4023,4.189190988298596,99.5511149724877,2.715790586382264
4024,1.7263595531412619,99.6078431372549,2.718464690931142
4025,-0.0,99.61432506887053,2.7167131259935626
4026,-0.0,99.61432506887053,2.714450297744468
4027,-0.0,99.61432506887053,2.712127046680679
4028,-0.0,99.61432506887053,2.7097478198244658
4029,-0.0,99.61432506887053,2.7073168703328423
4030,-0.0,99.61432506887053,2.704838248326332
4031,-0.0,99.61432506887053,2.702315818193175
4032,-0.0,99.61432506887053,2.699753204468366
4033,-0.0,99.61432506887053,2.697153809211553
4034,-0.0,99.61432506887053,2.694520887791759
4035,-0.0,99.61432506887053,2.6918575715690367
4036,-0.0,99.61432506887053,2.689166781437083
4037,-0.0,99.61432506887053,2.6864515580548054
4038,-0.0,99.61432506887053,2.683715131742326
4039,-0.0,99.61432506887053,2.6809606380205757
4040,-0.0,99.61432506887053,2.6781908291662346
4041,-0.0,99.61432506887053,2.6754129884267637
4042,-0.0,99.61432506887053,2.6726321708413536
4043,-0.0,99.61432506887053,2.669851415382102
4044,-0.0,99.61432506887053,2.6670719805128584
4045,-0.0,99.61432506887053,2.664296824568654
4046,-0.0,99.61432506887053,2.6615272852499685
4047,-0.0,99.61432506887053,2.658763497830181
4048,-0.0,99.61432506887053,2.6560054444091907
4049,-0.0,99.61432506887053,2.653253107161092
4050,-0.0,99.61432506887053,2.6505064683337953
4051,-0.0,99.61432506887053,2.647765510248646
4052,-0.0,99.61432506887053,2.645030215300036
4053,-0.0,99.61432506887053,2.642300565955036
4054,-0.0,99.61432506887053,2.639576544753015
4055,-0.0,99.61432506887053,2.6368581343052693
4056,-0.0,99.61432506887053,2.634145317294663
4057,-0.0,99.61432506887053,2.6314380764752396
4058,-0.0,99.61432506887053,2.6287363946718716
4059,-0.0,99.61432506887053,2.6250980691317456
4060,-0.0,99.61432506887053,2.6173954440299423
4061,-0.0,99.61432506887053,2.605609036170673
4062,-0.0,99.61432506887053,2.589687940541597
4063,-0.0,99.61432506887053,2.4761985717150767
4064,-0.0,99.61432506887053,2.3553462083962007
4065,-0.0,99.61432506887053,2.483535019323982
4066,-0.0,99.61432506887053,3.022750421915431
4067,-0.0,99.61432506887053,3.029167928426954
4068,-0.0,99.61432506887053,3.035287049011447
4069,-0.0,99.61432506887053,3.0433506884214006
4070,-0.0,99.61432506887053,3.0508682996657583
4071,-0.0,99.61432506887053,3.056382734041897
4072,-0.0,99.61432506887053,3.060219804264833
4073,-0.0,99.61432506887053,3.0650164173242005
4074,-0.0,99.61432506887053,3.071190180624096
4075,-0.0,99.61432506887053,3.0788237956527507
4076,-0.0,99.61432506887053,3.086589768272386
4077,-0.0,99.61432506887053,3.0934511236880975
4078,-0.0,99.61432506887053,3.0992323024703015
4079,3.4502350984670764,99.6011964107677,3.106074627511385
4080,5.908035540662013,99.54337899543378,3.117413072464421
4081,8.667581787525366,99.48178631306203,3.1469681646886527
4082,11.10482261469964,99.41612750512861,3.183612567035299
4083,12.140227363589725,97.57546563904945,3.275705048563298
4084,12.140227363589725,94.05908798972382,5.158348440695572
4085,12.140227363589725,90.60693641618496,8.142889585587113
4086,12.140227363589725,87.21901091843289,10.63309604294551
4087,12.140227363589725,98.00899165061014,1.663525661336681
4088,12.140227363589725,98.00899165061014,1.6346992493076569
4089,12.140227363589725,98.00899165061014,1.5823881942102276
4090,12.140227363589725,98.00899165061014,1.504385881816723
4091,12.140227363589725,98.00899165061014,1.4078158816337363
4092,12.140227363589725,98.00899165061014,1.301052339766618
4093,12.140227363589725,98.00899165061014,1.1858604982723373
4094,12.140227363589725,98.00899165061014,1.2526939827298225
4095,12.140227363589725,98.00899165061014,1.8821557025637659
4096,12.140227363589725,98.00899165061014,2.9501247575877194
4097,12.140227363589725,98.00899165061014,3.009182441911111
4098,12.140227363589725,98.00899165061014,3.078742333697998
4099,12.140227363589725,98.00899165061014,3.165812699923673
4100,12.140227363589725,98.00899165061014,3.2783997652669776
4101,12.140227363589725,98.00899165061014,3.4227858684801147
4102,12.140227363589725,98.00899165061014,3.6057756821154645
4103,12.140227363589725,98.00899165061014,3.8271772399297843
4104,12.140227363589725,98.00899165061014,4.081779539580251
4105,12.140227363589725,98.00899165061014,4.368276716693235
4106,12.140227363589725,98.00899165061014,4.684185203713925
4107,13.097654973332098,97.90883842509393,5.015310577823914
4108,14.834478482466473,97.64924742093692,5.299764247390681
4109,16.387636188496362,97.30439348853493,5.526761977819163
4110,17.796058791378677,96.8665096902735,5.7912977254543465
4111,19.08412832118187,96.47742177253139,5.617974395578461
4112,20.268539879786545,96.2022863786088,5.913030967913196
4113,21.361421078737358,95.91427999198878,6.2075832697324556
4114,21.361421078737358,92.00881233727218,3.625324072566999
4115,21.361421078737358,88.34368115361507,4.111036699872803
4116,21.361421078737358,84.63849389144802,5.61695240659838
4117,21.361421078737358,93.19046665331464,6.916314574310355
4118,21.361421078737358,93.19046665331464,7.131178971895475
4119,22.281896324636975,92.97815880791998,7.164121831095184
4120,23.943739439118993,92.47403010387958,6.933607399661087
4121,25.420435193861866,91.85560202509355,6.52751021819181
4122,26.750854472461715,91.11263422435458,6.162150979641219
4123,27.959315785839927,90.42427115430196,5.82496983726116
4124,29.062446701396738,89.87466207913492,5.912323966147386
4125,30.072302934573138,89.3048128342246,5.991436669524115
4126,30.99799527688557,88.71605589243343,6.094589153310044
4127,31.846622552052345,88.1101718025634,6.240435223764939
4128,32.6238452125351,87.4894336432798,6.325569232022797
4129,33.33425735399725,86.85664437336435,6.592317477651853
4130,33.98163839438926,86.21516332034761,6.929125969639111
4131,34.56912923424139,85.56891766882516,7.535833787668402
4132,35.099359025440194,84.92239467849224,8.153499607791387
4133,35.574538488428416,84.2806105878532,9.05673192988361
4134,35.996529878279595,83.64905284147558,10.209716667930014
4135,36.3669002072399,73.05734645402104,18.506662109597638
4136,36.68696216391373,76.73695126166609,17.540700396754833
4137,36.95780578009142,80.47067088162979,13.786187652964703
4138,37.18032297939439,84.22926308294767,10.145449314159048
4139,35.8442673887988,86.1825872400423,7.960165806043051
4140,35.8442673887988,89.10821290095171,5.665777421849113
4141,35.8442673887988,92.17483256961579,3.4361740635450384
4142,35.21435471795466,93.33793579565068,2.756827465675489
4143,34.47934154966899,94.33389544688028,2.0702897394615083
4144,34.567833083978336,94.3031536113937,2.2192779366712077
4145,34.612017983199564,94.28765725943556,2.4125398961994344
4146,34.612017983199564,94.28765725943556,2.6312880691665517
4147,34.567833083978336,94.3031536113937,2.828355147963764
4148,34.47934154966899,94.33389544688028,2.940774009675698
4149,34.34629788310056,94.37939110070258,3.0147285141451334
4150,34.168328689888774,94.43892750744787,3.0761139852325354
4151,33.944926255238016,94.51159751715126,3.015684775199499
4152,33.67543955049164,94.59633322611772,3.064752074247198
4153,33.359062256419506,94.69194312796209,3.1372152980486936
4154,32.99481722340665,94.79715082068752,3.215507907161948
4155,32.58153656675138,94.91063314147227,3.177271232140758
4156,32.11783629098589,95.03105590062111,3.161347574306174
4157,31.60208390886182,95.157105794177,3.2459527877054715
4158,31.032356902830788,95.2875175315568,3.265701986404279
4159,30.406388963289977,95.42109566639411,3.3131444798481815
4160,29.721499551286957,95.55673102353875,3.2245938437693553
4161,28.974500168052852,95.69341194565496,3.20423771356221
4162,28.161567222561658,95.83023082650782,3.19626899142207
4163,27.27806555019715,95.96638655462185,3.1444027702675577
4164,26.318296449391443,96.17080529125087,3.0082566295099373
4165,25.27512541471426,96.99618919524771,2.152912041180612
4166,24.139408315520143,97.6844838779485,1.9064770736839887
4167,23.485399778342607,97.93880152996175,1.8032771920338457
4168,23.485399778342607,97.4500637484063,1.94176358320029
4169,23.485399778342607,97.04632384190396,2.0598749695068017
4170,23.485399778342607,96.8763280917977,2.1127527142358793
4171,23.485399778342607,97.04632384190396,1.9866925761605112
4172,23.485399778342607,97.4500637484063,1.7714818707480562
4173,23.485399778342607,97.93880152996175,1.5335630997907486
4174,23.389134660742467,98.21656050955414,1.3947148239001674
4175,23.045285813995697,98.22184589331076,1.3277553550280206
4176,22.48050700025617,98.50400337126001,1.1291516488542799
4177,21.650286314595242,98.70184254606365,0.9811456141696081
4178,21.10819597702705,98.76929495202336,0.8746929287913258
4179,21.10819597702705,98.76929495202336,0.8020799359883636
4180,23.002885034725345,98.56895056374675,0.8078667433363227
4181,24.639622249701855,98.26498422712933,0.8848247209043713
4182,26.090671987097906,98.03370786516854,0.9004526830763419
4183,27.39488137502334,97.95819154107924,0.8696741854537754
4184,28.5765435661138,97.88092835519677,0.8570027083792896
4185,29.65225901914499,97.8021978021978,0.8534348052539011
4186,30.63405442567495,97.72234273318873,0.8664156628129225
4187,31.531009453262044,97.64177428411006,0.8797734887305669
4188,32.35018949392481,97.5609756097561,0.9255818765388046
4189,33.09721902669041,97.48050389922015,0.9532705289957204
4190,33.776653367622934,97.4009900990099,0.980937894822627
4191,34.392230049162244,97.32313575525812,1.0444228538583133
4192,34.947044639536806,97.24770642201835,1.0935681986102832
4193,35.443677122559755,97.17552118359113,1.1407098191537726
4194,35.884284769363326,97.10743801652893,1.1825323870907052
4195,36.270671592382556,97.04433497536945,1.2486301603846992
4196,36.60434097684875,96.987087517934,1.2986668035018152
4197,36.88653591488979,96.93654266958424,1.407351098833559
4198,37.11826987468281,96.89349112426035,1.4658603731015127
4199,37.300350415865566,96.8586387434555,1.5172807573704339
4200,37.43339703482288,96.83257918552036,1.57246464651939
4201,37.517854282648685,96.81576952236543,1.6344793335661318
4202,37.5540008780628,96.80851063829788,1.6907710684012036
4203,37.5419552944305,96.81093394077449,1.7476212863738945
4204,37.48167810531678,96.82299546142208,1.825563436149988
4205,37.37297120584877,96.84447783621337,1.9253064530427875
4206,37.21547387109653,96.875,2.026093228428687
4207,37.00865545296741,96.91403379867744,2.121059869664019
4208,36.75180433843246,96.96092619392185,2.148491042795413
4209,36.444012575989134,97.01492537313433,2.2276487641272213
4210,36.08415529976122,97.07520891364902,2.302601324952211
4211,35.67086370651542,97.14091218515998,2.34798770535456
4212,35.202489816995076,97.21115537848605,2.410585591102024
4213,34.67706049540497,97.28506787330316,2.4643356995624894
4214,34.09221707237515,97.36180904522612,2.455320854043895
4215,33.44513518506334,97.44058500914076,2.5221761353582393
4216,32.7324167059251,97.52066115702479,2.5752650015880247
4217,31.94994113563368,97.60137064534551,2.612803638552869
4218,31.092656165410986,97.68211920529801,2.670175594593894
4219,30.154273408762528,97.76238678742675,2.7041319809537114
4220,29.126809425556672,97.84172661870504,2.7494395731211916
4221,27.999859907585154,97.91976225854383,2.7812578928746734
4222,26.759380123000494,97.99618320610686,2.8215504449028503
4223,25.385463603744636,98.07073954983923,2.8552752543624016
4224,23.84781232703131,98.43059239610963,2.776940772926261
4225,22.09476721255482,98.68141216503615,2.6981070244139445
4226,20.01723355538306,98.83387888707037,2.675740786232777
4227,17.10096089097604,98.89807162534436,2.6889476246208464
4228,16.170357449286655,98.93129770992367,2.690952468516371
4229,15.16823293065967,98.96411394746578,2.7133261992566116
4230,14.088155445306416,98.99641577060932,2.715411842466762
4231,12.922007284400156,99.02811523776467,2.7261202498997914
4232,11.659258326629562,99.05913978494624,2.7442703730359037
4233,10.285745784398873,99.08943089430895,2.7554027249841666
4234,8.781452263906967,99.11894273127753,2.7585069298187026
4235,7.115975381672694,99.3455098934551,2.7051583975294053
4236,5.237557751852812,99.49941107184924,2.5865094226608876
4237,3.0370119579712087,99.58701224722302,2.562620801347084
4238,-0.0,99.61432506887053,2.5633768248493465
4239,-0.0,99.61432506887053,2.561660800957853
4240,-0.0,99.61432506887053,2.5598730463259347
4241,-0.0,99.61432506887053,2.5580191705987665
4242,-0.0,99.61432506887053,2.5561047486435196
4243,-0.0,99.61432506887053,2.554135396442677
4244,-0.0,99.61432506887053,2.5521164652019106
4245,-0.0,99.61432506887053,2.550052791506934
4246,-0.0,99.61432506887053,2.547954425784457
4247,-0.0,99.61432506887053,2.545828526676646
4248,-0.0,99.61432506887053,2.543679790833455
4249,-0.0,99.61432506887053,2.54151084438349
4250,-0.0,99.61432506887053,2.539323570236088
4251,-0.0,99.61432506887053,2.5366591660837474
4252,-0.0,99.61432506887053,2.5300009030327084
4253,-0.0,99.61432506887053,2.5152446416485925
4254,-0.0,99.61432506887053,2.3750441254623955
4255,-0.0,99.61432506887053,2.3470970287995576
4256,-0.0,99.61432506887053,2.651383170835389
4257,-0.0,99.61432506887053,2.6382015393976057
4258,-0.0,99.61432506887053,2.6218504859588783
4259,-0.0,99.61432506887053,2.5994477331896753
4260,-0.0,99.61432506887053,2.5679176943197115
4261,-0.0,99.61432506887053,2.525470531787163
4262,-0.0,99.61432506887053,2.477357482888522
4263,-0.0,99.61432506887053,2.4307900049607385
4264,-0.0,99.61432506887053,2.388587468649599
4265,-0.0,99.61432506887053,2.3540249055042337
4266,-0.0,99.61432506887053,2.32763640873685
4267,-0.0,99.61432506887053,2.3093770544237215
4268,-0.0,99.61432506887053,2.3013462020676667
4269,-0.0,99.61432506887053,2.312064848297665
4270,-0.0,99.61432506887053,2.350427917531368
4271,1.7263595531412619,99.6078431372549,2.413071738483666
4272,4.189190988298596,99.5511149724877,2.50324359343133
4273,6.208061115907181,99.4311377245509,2.5664640265996588
4274,6.208061115907181,96.00299401197604,2.023302287869678
4275,6.208061115907181,92.63473053892216,3.9716060021029076
4276,6.208061115907181,89.32634730538922,6.5632900083426415
4277,6.208061115907181,98.17365269461078,1.6753593400344355
4278,7.115975381672694,98.08219178082192,1.887011189041048
4279,8.781452263906967,97.84455632473254,2.0540410137429377
4280,10.285745784398873,97.52845528455285,2.179987614343948
4281,11.659258326629562,97.09341397849462,2.2666443325547143
4282,12.922007284400156,96.70253384241583,2.361405256321751
4283,14.088155445306416,96.415770609319,1.9110942897718588
4284,15.16823293065967,96.11542730299666,2.010479122279473
4285,17.353815949765814,95.88201493966673,2.0516998382635596
4286,19.712941335692765,95.66169154228855,2.312965218813233
4287,22.629214000099786,95.4667770647899,2.7563833378638676
4288,24.70674765727155,95.17761033369214,2.9749412472132035
4289,26.459792771748035,94.78397134542199,3.447272420388422
4290,27.99744404846136,94.27507563416337,4.199467706129865
4291,29.371360567717215,94.05078597339782,5.456320854206208
4292,30.61184035230188,93.82064807837227,6.9600667321666005
4293,31.738789870273397,93.58539765319426,8.569875377771012
4294,32.766253853479256,93.34595618068704,10.232188871830308
4295,33.70463661012771,93.10344827586206,11.751628160035388
4296,34.5619215803504,92.85921625544267,13.193641815042318
4297,35.34439715064182,92.61483038126688,14.72907460526628
4298,36.05711562978007,92.37209302325581,16.404644281922586
4299,36.70419751709188,92.13303485769107,18.074547437997587
4300,37.289040940121694,91.89990121830753,19.802120884863424
4301,37.814470261711804,91.6751269035533,21.462804376493807
4302,38.28284415123215,91.46129816036098,23.17465300636509
4303,38.69613574447795,91.26110124333925,24.71028602656633
4304,39.055993020705856,91.0772578890098,26.541146844815934
4305,39.363784783149185,90.91244920576284,28.466004515268928
4306,39.49851635960652,88.64059590316573,29.225673653786586
4307,41.13159502887204,86.88147295742232,29.28340390652931
4308,43.15558977680797,86.26351621946336,30.035025155100904
4309,43.33074319771398,82.90805994329688,27.36931227334884
4310,43.45541268328368,79.37933850551245,24.59891978656765
4311,43.49896119320026,75.55282555282555,22.511310204941964
4312,43.49896119320026,71.66257166257166,21.93912658356982
4313,43.548676768590234,68.15940838126541,20.699713142912287
4314,44.333277972968986,65.80159062369192,18.896149565890024
4315,45.66024319811086,64.54269614217598,17.836696095386053
4316,46.47312672915419,62.806236080178174,15.452419683873407
4317,46.88651899166979,60.599182932364954,11.28319082274366
4318,46.88651899166979,57.37630503858375,8.347015276446193
4319,46.83278470795434,54.13839891451832,6.890432673711236
4320,48.151762219844265,51.94686211635364,6.688332596227115
4321,49.918096508433,50.87553241836252,6.523220997227945
4322,51.21743751610622,49.73183812774256,6.4328339788416065
4323,51.625024111315184,47.47672709456149,5.9821259236572875
4324,51.316592392398064,44.263082093134905,4.386218891825556
4325,50.945885759884824,41.20956399437412,7.212311027697169
4326,50.51087720253163,38.33865814696485,13.810373141234509
4327,50.849524567514116,48.18346957311535,5.902535069627043
4328,51.763125683828214,48.52262234533703,6.042566549527877
4329,51.14709173613428,46.7885816235504,6.811950679411638
4330,50.451467018016615,45.05588993981083,7.2720611345539545
4331,49.670231743212454,43.38296112489661,9.46097597364678
4332,48.99645526276109,52.394253790901836,6.450655112646564
4333,48.24489545788928,54.7271329746349,5.767240505490071
4334,47.39078074909868,56.55707425193942,5.2366901590200055
4335,46.422362088064546,58.48989719957462,5.415811227313598
4336,45.345300017429864,60.24464831804281,6.309736218636667
4337,44.14312663454953,61.82883176049463,9.47042176680456
4338,43.48801349429869,62.59153135943967,10.724958198370699
4339,43.83186234104546,62.32811000959386,11.42341689240599
4340,45.001939973722514,61.9935691318328,11.589257374213553
4341,46.09637820278459,61.84466019417476,12.068126971681055
4342,46.64796287628792,62.085769980506825,12.740722815233642
4343,46.65042234427218,62.065605716141604,13.244278132990134
4344,46.18728703018413,61.78467507274491,13.621917602594046
4345,45.39342791470475,61.348314606741575,12.461633040978134
4346,44.77012088040823,60.918074593560725,11.462682938465415
4347,44.75561699909543,59.922430510665805,9.554632122136269
4348,45.51470961333034,58.472873409243135,8.030395049663662
4349,46.20341716403459,57.03395703395704,6.980008609206129
4350,46.82582548290612,55.61918396564066,5.700755016039522
4351,47.385295076951586,54.24354243542435,5.377190392875425
4352,47.884609390324,52.923310554290055,6.029862292564852
4353,48.326082478322654,51.67575993764614,7.1017854673096625
4354,48.71163870838509,50.51875498802873,8.080898166960896
4355,49.0428726046792,49.47025264873675,8.97082904510197
4356,49.32109420802195,48.54771784232365,9.961862553196259
4357,49.547363587677964,47.76748104465038,11.050743209671332
4358,49.72251700858397,47.14407502131287,12.385977724777643
4359,49.847186494153675,46.689595872742906,13.414027328064096
4360,49.92181399333116,46.41313742437338,14.959328794978141
4361,49.94666097641543,46.32034632034632,16.35045860505584
4362,49.92181399333116,46.41313742437338,18.149061701144383
4363,49.847186494153675,45.05588993981083,19.3179684733877
4364,49.72251700858397,48.209718670076725,21.299527939575864
4365,49.547363587677964,51.30581297388374,22.81159470161667
4366,49.32109420802195,54.315352697095435,23.32394832342073
4367,49.18853817240948,57.71287535993418,22.166364609138235
4368,47.70315332227301,58.79574970484062,22.546212198023234
4369,46.68743625306346,60.53333333333333,22.077322194988177
4370,46.32757897683555,63.2128214685054,17.9899249411977
4371,45.914287383589745,65.73299381593307,16.181531499774366
4372,45.914287383589745,69.91633321207712,13.755974947429369
4373,45.68710079963408,73.28545780969479,13.583630826658725
4374,45.19046831661113,75.58505064617535,13.32560963718802
4375,43.29278465592956,76.39213071023674,13.523095075826252
4376,40.552092723554395,77.06013363028953,13.606533609460799
4377,38.36447816508192,77.74399513529949,12.697907131880868
4378,36.773554071735866,80.11887072808321,10.763335734514097
4379,36.773554071735866,84.36849925705795,6.897287665784093
4380,36.162680275827235,86.17604617604617,5.616083790398772
4381,34.50578025034447,86.77731673582296,5.86148909596725
4382,32.52222186849734,87.25152398621786,6.348916894192867
4383,29.69785063504488,87.6110687991876,6.404041896539992
4384,28.984566181927285,86.67159398866715,7.731685567508653
4385,28.209832408763397,88.0105087174588,7.348097137837925
4386,27.369795675062026,89.19731667823271,7.266691833502096
4387,26.459792771748035,90.23953436310723,7.255639821519739
4388,24.13755602459314,90.51816813588475,7.626876815124428
4389,21.988115906567355,90.69237147595356,7.786904819915758
4390,20.943465148350754,90.83433614119535,7.919591851719231
4391,19.812055379992,90.98138091543832,7.918165988931409
4392,18.583382726730086,91.1323584551931,8.090486358075218
4393,17.243309173983988,91.28623188405797,8.186093352808118
4394,15.771840735738898,91.44207210360518,8.106624987128086
4395,14.138597169604772,91.81879648411089,8.045209290084374
4396,12.291842053933312,92.11557296767874,7.921203746110839
4397,10.12240784152537,92.33921815889029,7.822795306978933
4398,7.115975381672694,92.49619482496195,7.891209610482551
4399,7.115975381672694,95.89041095890411,4.559249304860578
4400,7.115975381672694,99.3455098934551,2.6312337218206996
4401,5.237557751852812,99.49941107184924,2.5156701385803397
4402,3.0370119579712087,99.58701224722302,2.493668329266062
4403,-0.0,99.61432506887053,2.495788964054549
4404,-0.0,99.61432506887053,2.495788964054549
4405,-0.0,99.61432506887053,2.495788964054549
4406,-0.0,99.61432506887053,2.493845950541691
4407,-0.0,99.61432506887053,2.4889185067344632
4408,-0.0,99.61432506887053,2.4799233804756704
4409,-0.0,99.61432506887053,2.466815030392385
4410,-0.0,99.61432506887053,2.4495253607068435
4411,-0.0,99.61432506887053,2.423523279266184
4412,-0.0,99.61432506887053,2.286855303647827
4413,-0.0,99.61432506887053,2.317352967994851
4414,-0.0,99.61432506887053,2.7420508844990326
4415,-0.0,99.61432506887053,2.7243686964660476
4416,-0.0,99.61432506887053,2.708035376794223
4417,-0.0,99.61432506887053,2.6951975018758447
4418,-0.0,99.61432506887053,2.6822186200164584
4419,-0.0,99.61432506887053,2.664650229656062
4420,-0.0,99.61432506887053,2.6439548647573727
4421,-0.0,99.61432506887053,2.6201957155020072
4422,-0.0,99.61432506887053,2.593475295184671
4423,-0.0,99.61432506887053,2.5650184230686466
4424,-0.0,99.61432506887053,2.5382863158185027
4425,-0.0,99.61432506887053,2.5140997965375016
4426,3.0370119579712087,99.58701224722302,2.497301935523866
4427,5.908035540662013,99.54337899543378,2.4985150812000154
4428,8.355644803160297,99.48178631306203,2.506149277985366
4429,11.10482261469964,99.41612750512861,2.5438707164697085
4430,13.531511475420915,99.34608468203368,2.6094358021343966
4431,15.51360172168196,99.20406435224386,2.715359060160507
4432,15.51360172168196,95.56308213378493,2.4154297783444028
4433,15.51360172168196,91.98983911939035,4.8765862888385305
4434,15.51360172168196,88.48433530906011,7.375489301165277
4435,15.51360172168196,97.78154106689246,1.8026169726212038
4436,15.51360172168196,97.78154106689246,2.34181267736164
4437,15.51360172168196,97.78154106689246,3.4056867373188036
4438,17.208692871894844,97.74021045368293,4.838289715619358
4439,19.60815455532295,97.6015750850188,6.518304910822006
4440,22.565558996857153,97.49023982152816,6.81940248658761
4441,24.685051931894556,97.29677543927399,7.07983168522802
4442,26.480917820178256,97.01223180268698,7.347066126323007
4443,28.062287501688388,96.62710805746408,7.583231035817577
4444,29.969397353297072,96.33961446826945,7.323983908819828
4445,31.618819673868696,95.94503266501464,7.556750778833384
4446,33.08283032301645,95.43218552354182,7.743791723817664
4447,34.4002886898646,94.78938397857317,7.530620630628142
4448,35.5955010243201,94.43460662787756,7.642385818006908
4449,36.685081796511874,94.0635671132125,7.805194897259761
4450,37.681072710527694,93.67675115835378,8.064499127797463
4451,38.592569545354266,93.27493642271828,8.714577432905857
4452,39.426655013281554,92.85923324553703,9.728543535007253
4453,40.188972246499794,92.43112322131395,11.138551195103057
4454,40.884096687509306,91.99249296215201,12.699493202235912
4455,41.515787627824324,91.54565989028718,13.374874138243143
4456,41.80884155325857,88.96167703897805,12.592148471076774
4457,41.80884155325857,84.3432689158205,9.969819637441022
4458,41.80884155325857,79.85587946282345,7.658989366868918
4459,41.80884155325857,75.4995086799869,7.372407419977455
4460,41.80884155325857,86.73435964624959,13.72745934025172
4461,41.80884155325857,86.73435964624959,14.35440099344125
4462,41.80884155325857,86.73435964624959,15.534289234163692
4463,42.57794447980912,86.26925653047556,15.907775591167468
4464,43.961118843864035,85.19944016794962,15.091844229209478
4465,45.176626495155546,83.92987582176771,13.701797022461824
4466,47.53361427468621,82.98198543503258,12.870584238954054
4467,50.20510433205354,82.06368399838775,12.031295843830378
4468,52.28876988036971,81.00890207715133,11.360066145648533
4469,53.91934478433702,79.73273942093542,10.674229566822481
4470,55.284777437053044,78.21411874707807,10.409842445677084
4471,55.89214342143571,74.67687888942078,9.327519930369036
4472,55.89214342143571,69.45907132599329,8.324247555497164
4473,55.89214342143571,64.43274293920535,9.943200889796092
4474,55.89214342143571,59.59789372905696,17.69216083539442
4475,55.89214342143571,67.97510770703686,9.309071608951413
4476,55.89214342143571,67.97510770703686,9.649911907482835
4477,55.89214342143571,67.97510770703686,10.267379666520705
4478,55.89214342143571,67.97510770703686,11.223205563210373
4479,55.89214342143571,67.97510770703686,12.161576806643874
4480,55.89214342143571,67.97510770703686,13.101949164716785
4481,55.89214342143571,67.97510770703686,14.039686690913209
4482,55.89214342143571,59.59789372905696,25.58072410319507
4483,55.89214342143571,64.43274293920535,19.05958233544681
4484,55.89214342143571,69.45907132599329,15.651794062241493
4485,55.89214342143571,74.67687888942078,14.865561480476796
4486,55.672269113417194,78.95233600755073,12.434903143554386
4487,55.183636839643135,81.92219679633867,10.002482564634075
4488,53.55306193567583,83.12309699869509,8.93738157830515
4489,51.46939638735966,84.09748038000826,8.298814495275334
4490,50.28949330290009,85.47177260165812,6.943611262954181
4491,48.94089075502982,86.6189219751225,6.075308532852992
4492,48.188704849496666,87.11340206185567,6.021096312600734
4493,48.188704849496666,87.11340206185567,6.058799351909922
4494,48.188704849496666,87.11340206185567,6.068119011021148
4495,48.188704849496666,77.79823269513992,14.980325156046808
4496,48.188704849496666,82.47422680412372,10.879677732606325
4497,48.188704849496666,87.29749631811488,5.3655384155329005
4498,48.188704849496666,92.26804123711341,1.5611336404508271
4499,46.04222334846872,92.74193548387096,1.1817235960427217
4500,43.7949853799125,93.30655957161981,3.0712057327863778
4501,42.2944967416928,93.95006402048655,3.7954805146434456
4502,40.53284201565085,94.43084455324357,4.41029439264563
4503,38.32184450112187,94.76608187134502,4.842098308264819
4504,36.36484731091462,94.9648382559775,5.288692375081222
4505,35.99413674954442,94.4367561583172,4.827989569629845
4506,35.99413674954442,93.30196512593413,4.183744801530869
4507,35.99413674954442,92.27788541378357,3.8502932168810324
4508,35.99413674954442,91.36451702186548,3.556075493237847
4509,35.99413674954442,92.72073069471354,4.277591896838071
4510,36.28444756902994,92.47013059183107,4.288452673614463
4511,36.727528337675366,91.89264746994688,4.033356733177185
4512,37.00189679655175,91.21526803255684,3.6874069509535086
4513,37.11780742210299,90.69440539780715,3.4285180891446445
4514,37.11780742210299,90.69440539780715,3.5443810817358523
4515,38.23281590678734,91.07848673066064,4.023828121696612
4516,39.988527187426506,91.75199089874857,4.746851885935997
4517,41.96477032537979,91.2202380952381,4.458873983770873
4518,43.61417105170348,90.53549190535492,3.9840704738050357
4519,45.045711765312944,89.68098958333333,3.805162103649849
4520,46.31093098355604,77.68707482993197,9.33240762406406
4521,47.43999707713363,81.85369318181819,5.650263447005876
4522,48.40841573816778,85.30717986676535,1.7448940135985491
4523,49.29871653349425,88.82466281310212,2.380934305623892
4524,49.1681141927954,88.48368522072937,2.4420896086685353
4525,48.910859544482065,88.41580360567703,2.607652946437538
4526,47.35925313862939,88.11162079510703,2.5316989592953387
4527,45.78310071066822,87.40993553280242,2.1898247870368697
4528,45.829704288197526,87.4762808349146,2.571173802357444
4529,45.829704288197526,87.4762808349146,2.7306891077053295
4530,45.657898330283466,87.2115020809686,2.40359792981542
4531,45.30679674719609,86.68672433245581,2.3293685919411953
4532,46.02775092166702,87.01754385964912,2.7900309438158666
4533,46.6737742205721,86.56716417910448,2.813524585521926
4534,47.249259551348324,86.1307788421491,2.7827856626442062
4535,47.757767339247,85.71428571428571,2.8802031375528947
4536,48.20219951255816,85.32393124724548,3.1275885497067764
4537,48.584923751996136,84.96613995485328,3.826892525134997
4538,48.90786387628595,84.64730290456431,4.392610969291225
4539,49.172566380262325,84.37353355232285,4.748827703339585
4540,49.38024962807292,84.15040456925274,5.137571116017377
4541,49.53184000963576,83.98268398268398,5.503587682936868
4542,49.62799794399096,83.87409200968523,5.917068535291772
4543,49.669135649720864,83.82710053423992,6.278449014667379
4544,49.65542791845805,83.84279475982532,6.859277402369883
4545,49.586816610028265,83.92081120231772,7.417113986039086
4546,49.46300916206174,84.05935854475825,8.145642651668057
4547,49.283471017440235,84.25531914893617,9.024409405740098
4548,50.52611369236196,84.12017167381974,9.275154985487308
4549,52.2242230106157,83.48894348894349,8.613594701950841
4550,53.451191845217174,82.68551236749117,8.360928766217468
4551,54.39312078543953,81.70542635658914,7.353121644738139
4552,55.11970437787072,80.96995255666842,6.875808409876333
4553,55.666793192401954,80.66416711301554,6.862350437022298
4554,55.9382455630997,79.5245813074014,6.078185009227357
4555,55.967355188997935,77.39318550567874,5.304058364807434
4556,55.87988675115254,75.14824797843666,5.0107801135254375
4557,55.67413680712461,72.81968967362226,4.826398667429774
4558,55.34592880653535,72.65996827075621,4.848055519878053
4559,54.888063641218544,72.25403435710568,4.620390408157655
4560,54.289227338839765,71.97549770290965,4.659976992328603
4561,53.531863833062445,71.82044887780549,4.792763452873668
4562,52.972264328123956,72.07472959685349,5.322890027749534
4563,52.499021754683184,71.74975562072336,5.902939171728003
4564,52.385143864071146,70.74698795180723,5.997196711685746
4565,51.81595223139275,70.6788637457872,6.355544351589067
4566,53.09800733097363,70.35200793257313,7.127848414372596
4567,54.09864293776483,68.85496183206106,8.252284500550436
4568,54.888063641218544,70.38001041124414,8.065123121878955
4569,55.502746184246746,72.73209549071618,8.49922640823056
4570,55.96423157334212,75.06731287022079,7.880259882942218
4571,55.82014613150052,76.27482555018787,7.754515004521794
4572,55.47629728475375,77.3574853489611,7.542867297165287
4573,54.91151847101422,78.30437072143233,6.819962230768682
4574,54.587013540027584,79.93713986380304,5.3568075138413835
4575,54.61353116323624,82.27582590456214,4.563894009127837
4576,54.451630873527556,82.49868212967844,4.493693492297241
4577,54.84157968858035,82.04434829637643,4.610615831794252
4578,56.45958197651362,69.17462099943852,10.646188882399326
4579,58.355738834333884,72.77023036030715,9.481150157305136
4580,59.79153468358427,76.3794172349659,7.664980296945211
4581,60.95432565112194,79.9480856586632,3.883617628296762
4582,61.73397390875333,82.94314381270902,1.4315187682863268
4583,62.34098892055972,84.96598639455782,2.639824791615409
4584,62.34098892055972,84.96598639455782,3.2067451043583617
4585,62.70913682593323,84.39189189189189,3.1683102260973257
4586,62.966391474246564,84.50608930987822,3.8987459483232585
4587,61.96334333947934,84.1644204851752,4.017476662588395
4588,62.653026788202325,85.66529492455419,6.182604877149401
4589,63.59890235143799,84.5272206303725,5.490156427613814
4590,64.3797954644346,83.90461997019374,5.127484215056252
4591,65.01855474513455,83.33333333333333,4.917296796441298
4592,65.53014441542751,82.82988871224165,4.88936117975578
4593,65.92472556514166,82.41042345276873,4.7729299305617054
4594,66.20923498589998,82.08955223880596,4.678944657316066
4595,66.38825606503607,81.87919463087249,4.670916969702152
4596,66.46451092937559,81.78752107925801,4.802960588051024
4597,66.43912346082817,81.81818181818181,5.052890685464054
4598,67.58662465607051,81.56996587030717,5.12253483941165
4599,69.52462297668738,80.89788732394366,4.797784663271161
4600,70.8270532501994,80.10849909584087,4.431830639421758
4601,72.36670585213267,79.35185185185185,3.9154136293323982
4602,73.5089644054362,78.63894139886578,3.846855199358789
4603,73.77963466661538,77.23809523809524,3.905033701014993
4604,73.77963466661538,75.61904761904762,4.599001640326007
4605,73.5089644054362,75.04725897920605,5.209118827520995
4606,72.93589748481108,73.9292364990689,6.2607735981475505
4607,71.96543651555622,73.8615664845173,6.846841237398392
4608,70.09381460936578,73.6283185840708,6.875969989363028
4609,69.7674421275465,72.94938917975567,7.457911192035389
4610,69.2613155235383,72.47863247863248,7.994467074736823
4611,68.55028671948578,73.2945091514143,8.024850741328471
4612,67.58694836204081,73.91304347826087,8.604880336330156
4613,66.26576961287873,74.34108527131782,8.632032034142554
4614,64.07552580076248,74.59138187221397,8.400121124793214
4615,63.717130737584206,74.52692867540028,8.697410182066344
4616,63.24673703689867,74.60992907801419,8.779001840478855
4617,62.65579808044017,74.828060522696,8.49513184530774
4618,61.93189799797059,75.1660026560425,8.407422612316127
4619,61.05656796992005,76.4367816091954,8.179895072713972
4620,60.00078636546956,77.47858017135863,7.43508148399969
4621,58.71403337807158,78.30409356725146,6.492641213218076
4622,57.08823611390186,78.92976588628763,5.753985740997233
4623,57.08823611390186,83.4448160535117,3.0635073129305734
4624,56.058933210962515,86.02501359434476,4.241038534896004
4625,55.715833792191496,86.0180754917597,4.336197772429223
4626,55.302491349104635,86.06939409632315,4.464361513179275
4627,54.81602704248974,86.17395676219206,4.603853600188333
4628,55.07215931303912,85.97804391217565,4.702897239380543
4629,55.871774368299185,85.32388663967612,4.672200222063751
4630,56.4024406968712,84.50920245398773,4.884083674055181
4631,56.70776097421002,83.53909465020575,4.243331910348692
4632,56.807585321394406,82.83505154639175,4.115466816309028
4633,56.70776097421003,82.56172839506173,4.1090987476148015
4634,56.4024406968712,82.36196319018404,4.088694597363471
4635,55.871774368299185,82.89473684210526,4.325617780377936
4636,55.07215931303912,83.28343313373253,4.4894021162367475
4637,53.9008920171149,83.52941176470588,4.629376865335369
4638,51.848907635443986,83.63723608445298,4.799737979090554
4639,51.23877298554997,83.60113421550095,4.860250680408336
4640,50.22820190742989,82.0888685295465,4.782450127454441
4641,48.783951585279674,78.42450765864332,5.719828797727418
4642,47.0068422660734,75.15657620041753,7.602986015366289
4643,44.38307415058013,71.70712296060485,9.25375019684019
4644,44.618108571163944,86.61290322580645,5.64101287820396
4645,43.5306531524697,86.76351896690879,5.7748044431083105
4646,43.402357805902795,84.4578313253012,4.256450104256358
4647,43.18704123664157,82.07171314741036,4.2976825310812234
4648,42.56098669806427,78.36166924265842,6.340808625918167
4649,41.85566733497066,74.53253552729993,8.46071668169447
4650,41.06504282249273,71.20664739884393,9.259573433241808
4651,40.18135752856139,79.79094076655052,4.821878805358765
4652,39.19441685565431,80.53691275167785,3.7976523567250537
4653,38.09036956074552,81.27824402840542,3.2607790591587658
4654,36.849488080469655,82.00992555831266,2.4250368824598154
4655,35.441640147974454,83.11494937462776,2.42836555001622
4656,33.8153205525221,84.05714285714286,3.798319902781126
4657,32.106647323532385,83.77703826955074,4.813560479109656
4658,32.106647323532385,83.77703826955074,6.2251211654650405
4659,31.280201042540646,83.6842105263158,7.778095225572612
4660,30.96826405817558,83.59158826784726,8.525951920027289
4661,29.62730848055718,83.31494760066188,9.185825387180362
4662,30.420824741997514,84.8434004474273,11.680408491001536
4663,31.326516129765423,85.3211009174312,13.20798444616902
4664,32.37976880459264,84.77096966091612,14.155362541027323
4665,33.33166506445964,84.2170160295931,14.832842371597241
4666,34.19251161145287,83.66305041480535,15.177039145695378
4667,34.97018642454236,83.11345646437995,15.750126487029211
4668,35.67086370651542,82.57317903335603,16.253287082875534
4669,36.29947186902245,82.0476858345021,16.447317362743163
4670,36.85999666488901,81.54289834174477,16.81671015790285
4671,37.355689318445656,81.06508875739645,17.234972760278353
4672,37.78921362182267,80.62074186222559,17.845330407313796
4673,38.15343581446562,78.98802626496717,17.052780104556202
4674,38.45096616762452,75.99214145383104,15.571274216276318
4675,38.692728815725644,72.81785571941012,14.863185962710018
4676,38.879749403317945,69.48810963321242,14.267809450662192
4677,39.14586299052151,66.46216768916156,12.510815308251871
4678,39.351484205098245,63.301613570541996,8.601426124118872
4679,39.49764489906854,60.03337505214852,3.1096177518483628
4680,39.58506078239263,64.77987421383648,9.296346039804751
4681,41.015497766479825,64.11789833404528,9.181203904559805
4682,42.00361933545646,61.772371850564724,6.077501989787407
4683,42.00361933545646,58.51433536055604,1.718040983198677
4684,43.544090055423034,57.219730941704036,2.2613756964941456
4685,45.54704563073217,54.46552521980565,4.816233427224295
4686,47.28024314049421,56.085918854415276,4.5416802072274685
4687,48.54449595665912,57.584683357879236,4.43980922523236
4688,50.38192314712489,58.75820292781424,4.676629250213735
4689,50.5033342784497,56.888662938485005,6.439574533780631
4690,51.574207203084185,56.528578919769274,7.568079399740316
4691,52.5183548598139,56.179168915272534,8.851023446281298
4692,53.34626390077635,56.28808864265928,9.389120115571776
4693,54.002093233682146,56.03399433427762,10.370703658748145
4694,54.50777872324042,55.68378534333526,11.299025050165453
4695,54.8771826934371,55.70509069631363,11.823844461114845
4696,55.119118724000906,56.349675132900174,11.35096248091677
4697,55.238851091105246,57.92284866468843,10.624917232151383
4698,55.238851091105246,59.40652818991098,10.25809007023977
4699,55.119118724000906,60.83874778499705,9.002049846271396
4700,54.8771826934371,62.20011702750146,6.774639799031483
4701,54.982084411969936,59.15244261330194,11.824215181278513
4702,55.00301287278744,61.75604007071302,7.781328707494032
4703,54.940175761764905,64.2982971227246,5.203902423186047
4704,54.7929469058816,66.74432149097262,3.4963026734615883
4705,54.26355495217267,68.35515082527034,3.7323875181164823
4706,53.60799701738477,69.80609418282549,4.916226057398975
4707,52.81120172496181,71.09081139172488,6.291813785015586
4708,52.19086172233032,71.87008905185961,7.310181214283907
4709,51.805222641361006,72.34479220112878,8.729379479658343
4710,51.334982608361145,72.9093640460691,10.325452818366985
4711,52.217894552655586,73.24364723467862,11.49398098094716
4712,53.48413873963174,73.21879737241031,12.754593345718924
4713,54.23680188550368,73.09851965288412,14.251718178234064
4714,53.50369456517527,70.99652949925633,14.515036834969942
4715,52.63319112069104,68.7469995199232,13.742042040724762
4716,51.6019890132522,66.38850254983774,13.121663157649957
4717,50.37213238597401,73.24698526127736,15.04001549364932
4718,49.815507017909354,73.99122807017544,15.18813495157292
4719,49.815507017909354,73.99122807017544,15.339340994661065
4720,49.815507017909354,73.99122807017544,15.459969989093722
4721,50.37213238597401,73.24698526127736,15.397067833209896
4722,51.35871691223832,71.61349976883957,15.01622776564392
4723,51.795905711339685,68.65601503759399,13.076021390588464
4724,52.41951389003889,65.86883676400191,10.366059883846384
4725,52.41951389003889,61.99138343705122,7.084496309183419
4726,52.816167725618904,59.212445308701994,7.4508569411926855
4727,53.515823379068536,57.27863931965983,8.79226157514582
4728,54.10092969363882,55.6182657773217,11.106357334426235
4729,54.35352736378669,52.93201868188895,13.41767404182779
4730,54.723939429019296,49.58071278825996,14.704716296834624
4731,54.535604122534885,48.81075491209928,15.441631381748207
4732,54.28784100757837,47.510162601626014,17.25215693521096
4733,53.97940928866126,46.517412935323385,17.760402684276546
4734,53.25389466368631,59.443911792905084,13.673385702454466
4735,52.42697235681846,61.705069124423964,10.39544806387471
4736,51.48704661836094,63.748894783377544,8.374021154260943
4737,50.75578591313472,65.15798462852263,7.127882633841705
4738,50.281783580723015,65.26970954356847,7.351190612655541
4739,50.87149287711563,67.27197688815518,5.652720102602926
4740,52.122418446342245,68.45863082738346,5.379701878949305
4741,53.00950193944769,69.45036216446528,4.839483892127216
4742,53.08958779955193,69.50959488272922,5.2799679888381625
4743,52.60104896141138,69.51167728237792,6.128567491823565
4744,52.457917265944374,69.69054684188215,7.401956047917914
4745,52.59325239653396,69.4102672889266,8.789038815220405
4746,53.99779470563464,72.9380294248774,9.787485768341625
4747,55.21037630664654,76.55591951333645,10.8102129694519
4748,56.26949102298588,80.62775870524767,14.673297172401284
4749,56.24235562060842,81.51960784313725,16.146905916601447
4750,55.86197259801673,82.28404099560761,17.52126880844668
4751,54.7717180676561,82.06863218946351,17.899742262027747
4752,55.56799719802383,79.84886649874055,16.848525164082506
4753,56.26826589480831,77.31796752226296,15.132357095101453
4754,56.88007331251595,74.47039652362847,13.789304888065518
4755,57.40923077993894,74.50870297585627,14.0952893076292
4756,57.86026488052436,73.74204742625795,14.344616286794393
4757,58.23671475689467,73.05637982195846,14.62779777875232
4758,58.54133327190232,72.46816252274105,14.855979205507833
4759,58.77622571254084,71.99259716224553,15.52600691876949
4760,59.24338232490287,70.65148640101202,15.3859335627452
4761,59.64623306445888,67.22689075630252,13.043746858208683
4762,59.98542458246132,63.66030283080974,8.94751552580153
4763,60.25236764723984,59.946595460614155,5.428307184053757
4764,60.25236764723984,55.60747663551402,6.304892979053255
4765,60.25236764723984,51.53538050734313,8.25302048722658
4766,60.25236764723984,47.73030707610147,8.349301199365591
4767,60.25236764723984,52.87049399198932,8.838065044898471
4768,60.25236764723984,49.59946595460614,9.736137623642032
4769,60.25236764723984,53.538050734312414,9.45463005484697
4770,60.25236764723984,57.74365821094793,6.97485759461073
4771,60.25236764723984,62.21628838451269,4.100942899101569
4772,59.69611559580197,63.28534031413613,4.911298635367165
4773,59.69611559580197,63.28534031413613,5.572545756719006
4774,59.69611559580197,62.36910994764398,6.0012501544882735
4775,60.41640467492583,61.86666666666667,6.746838486679868
4776,60.46656261546873,60.145888594164454,8.024082018619987
4777,59.95057033442978,57.345360824742265,9.434125337822113
4778,59.32426805025206,55.48628428927681,10.538835606682014
4779,58.57679207256098,53.48557692307692,11.153364538136652
4780,57.69258089681393,64.08775981524249,11.712172474798292
4781,56.64827384403789,66.42699115044248,13.994169982548138
4782,55.64913636802083,68.7168610816543,15.345228894834145
4783,55.00634150347562,69.74093264248705,16.787171311440076
4784,54.70002356709895,69.5562435500516,17.52655398826742
4785,54.41982486271739,69.30591259640103,18.0973379870878
4786,54.41982486271739,69.30591259640103,19.25549545100481
4787,54.8124146416203,69.44873776403915,20.730167483481267
4788,54.13811336768517,68.39167935058346,21.435100354600134
4789,51.835724225244725,66.1108386463953,21.240553982065645
4790,50.40196028261401,64.00759734093067,19.899932676988396
4791,51.93195375975229,61.11382510991695,16.631188046458444
4792,53.84093362624598,59.17220235053654,15.272998488105369
4793,55.290129036640224,57.013333333333335,15.0430928640563
4794,56.5768820240382,54.6970539188438,13.905098213061143
4795,57.632663628488686,52.16637781629116,13.441241197254614
4796,58.507993656539234,45.42190305206463,15.896621335340688
4797,59.23189373900881,46.88079061148857,16.24022197045451
4798,59.82283269546731,49.26984126984127,16.984091665175104
4799,60.293226396152846,51.786874593892136,16.632598717012606
4800,61.22249139580028,51.41727092946605,17.1803065574924
4801,61.1596589157425,50.748210800260246,17.63254245792024
4802,60.920357235637624,49.90403071017275,17.964780711560667
4803,60.540193281365084,48.93350062735257,18.716979179004657
4804,60.01026117208019,48.05675508945096,18.516208231256186
4805,60.12189511980098,44.803982576229,18.70236087895309
4806,60.16962432423092,41.53653966271081,15.330668708047076
4807,61.08410880777543,39.792611795204145,10.828197349368002
4808,61.83186514194532,35.69993302076357,7.750138559988699
4809,62.35274656707179,36.63230240549828,7.4306840988710094
4810,62.677029145082564,37.29881035689293,8.182377651193008
4811,62.89866900618107,37.77462792345854,8.187709652198519
4812,62.862114574754045,36.74484719260839,7.823858806483314
4813,63.566188387867264,35.59445660102115,8.23346043153973
4814,64.08892742981507,34.47505584512286,9.199647029511835
4815,64.25063474479157,33.13343328335832,11.499210623565542
4816,64.31956357164222,31.930879038317055,13.050315711350612
4817,64.12357634019835,31.598513011152416,13.17206062410571
4818,63.81138712969907,31.089978054133137,14.130171701038227
4819,63.37685459822199,30.994989262705797,14.883969084508077
4820,62.81046749059378,34.35540069686411,10.592723114463164
4821,61.36961282065337,35.852842809364546,9.750672314555446
4822,60.621856486483495,37.73462783171521,9.782049760960039
4823,58.286330565216346,39.208410636982066,11.702358191928601
4824,58.238601360786404,38.69377695625385,9.76818380854579
4825,58.12696741306562,38.485033598045206,9.74987537238819
4826,57.95078163899593,38.577456298975285,9.299841904622689
4827,57.70900023501081,38.95796329188869,9.07721083215807
4828,57.82302049253477,38.32052040212892,8.0132087289502
4829,58.23668555738869,36.45645645645646,6.748849614524608
4830,58.18329004581203,35.67599761762954,6.023754424339616
4831,57.70573832201793,34.56433929601847,5.807880207379856
4832,57.14747122869671,33.871866295264624,6.255883043655222
4833,56.694761198765065,33.169934640522875,6.150546297837195
4834,57.14747122869671,33.92757660167131,4.894365288856059
4835,56.79049311647655,33.59073359073359,4.854921908839604
4836,56.256613330922065,33.115823817292004,4.6853350652700705
4837,56.256613330922065,31.756389342033714,5.5928410173957674
4838,56.256613330922065,31.91952147906471,4.8944230372215465
4839,56.256613330922065,31.91952147906471,4.411244196839987
4840,56.256613330922065,31.756389342033714,4.25625767893366
4841,56.256613330922065,33.115823817292004,4.318223358498197
4842,56.256613330922065,34.692767808591626,5.3164687434851565
4843,56.256613330922065,36.48722131593257,6.865111522265405
4844,55.52019705832212,37.80032034169781,7.108736791329446
4845,54.53346507284307,39.112271540469976,6.787712932335268
4846,54.09437397787222,41.44050104384134,3.98698874449354
4847,54.398975902584525,44.93603411513859,4.538983490511703
4848,53.86147560988137,46.812957157784744,4.7501194031767255
4849,52.9974138132559,48.474059003051885,5.380349537994204
4850,52.62640906599979,49.32262920220773,5.804515973211298
4851,51.835724225244725,48.20990681706719,6.041054733936442
4852,51.06456446154494,46.47420728821581,5.820806839863832
4853,50.17838858496094,44.32801822323462,6.189289548868712
4854,49.68739844634682,41.89370254577936,10.53580811639234
4855,49.68739844634682,47.52121482804824,9.326027977066317
4856,49.68739844634682,41.89370254577936,13.321992293349567
4857,49.68739844634682,45.06476105404198,10.871742084614567
4858,49.68739844634682,48.41447074586869,12.519503174907815
4859,49.68739844634682,51.942831621259494,13.849767542204248
4860,49.21812382078361,54.57731055628559,13.200378744942162
4861,48.17957024843983,56.07909129154396,12.313385562575522
4862,46.13501435650833,57.16579686872742,11.663697642323605
4863,44.057167337586364,58.35574337303112,11.316447216694288
4864,42.82535159431443,59.6387762624401,10.61448383560347
4865,42.45625067938752,62.06274792643347,7.862796581794191
4866,42.78179575988516,63.8359121986326,7.149124403253788
4867,43.209770725259155,64.71869328493648,7.192275823129602
4868,42.856567017708194,64.53130655085053,7.237154606996937
4869,42.07138745990235,63.871896365599135,7.533146408499178
4870,43.04052981809835,66.6292555181444,6.637312215722509
4871,43.45382575808161,67.95707167497126,6.212194844612811
4872,43.812040207443964,69.44770857814336,6.472197614112139
4873,42.91389384863823,68.30203142966654,6.925957691169136
4874,41.810780619838624,73.62514029180696,7.465675690015008
4875,41.28231712305102,76.15327380952381,8.561566711338182
4876,38.87121128361945,76.89530685920577,9.172051923260174
4877,39.04611482421176,77.08029197080292,9.750298890079932
4878,39.17395271432741,77.33627667402502,10.17604534765425
4879,39.220350934493325,75.71955719557195,9.99517481275496
4880,39.220350934493325,72.28782287822878,9.422932455082353
4881,39.220350934493325,69.00369003690037,9.219642487310939
4882,41.78130137912282,68.54838709677419,9.682936436666056
4883,42.70870258203813,66.79733437867503,9.701395388800977
4884,42.70870258203813,63.77891023128185,12.65580749369566
4885,42.66097834267717,56.389214536928485,20.51021575413768
4886,42.565376388546355,56.03883495145631,21.145760468682735
4887,42.421586785056924,68.14159292035399,9.176166989096663
4888,42.22913702429048,71.68377042949449,7.6076350998091495
4889,40.43181518978895,73.04189435336977,7.202984660870894
4890,37.788497506078485,74.22392745029647,6.898025923316139
4891,37.50826465222703,77.04974271012007,5.55191253370471
4892,37.17910020874258,80.00673174015483,5.667464604779136
4893,36.79989714638193,82.7677100494234,6.61664246330188
4894,35.7956741986575,84.12194347411877,7.60209598503727
4895,35.25089064176279,84.730445621689,8.408493636753839
4896,35.25089064176279,84.730445621689,8.50728882235989
4897,35.25089064176279,84.730445621689,8.605161121437536
4898,35.7956741986575,84.12194347411877,8.108278607286834
4899,36.79989714638193,82.73476112026358,7.703356215952638
4900,37.70138075502435,81.11983612154319,7.75911533689977
4901,38.510351393011874,79.3006004945249,8.186267077577842
4902,39.23459949106336,78.47500912075884,8.595660156545074
4903,39.23459949106336,74.06056183874499,10.542314145833942
4904,39.23459949106336,69.7920466982853,11.340755998461885
4905,39.23459949106336,65.66946369937979,14.714408370201138
4906,39.23459949106336,71.32433418460415,12.621199092107414
4907,39.23459949106336,65.66946369937979,16.425132002688606
4908,39.23459949106336,69.57314848595404,14.114193027015036
4909,39.23459949106336,73.9146296971908,13.765387187339222
4910,39.23459949106336,78.40204304998176,10.533915637274736
4911,38.510351393011874,80.39561992228894,9.562893969227598
4912,38.11486208318205,81.17443868739205,9.53353113408728
4913,37.66542170297811,81.96831816649815,8.89406614485584
4914,37.1602107104481,82.76993764358386,8.333225593001098
4915,36.597057608563205,83.5725677830941,7.800164092143891
4916,35.97336934928547,84.37016403590219,6.573967365861109
4917,35.28603833869465,85.15742128935533,5.409474288752385
4918,34.53131594994954,85.9297940237888,4.516149485525984
4919,33.70463661012771,86.68348752453042,3.967701741014831
4920,32.80036633864676,87.41542625169147,3.5716272262307696
4921,31.811430924848842,88.1232054293918,3.409592311955878
4922,30.728742501534562,88.80503144654088,3.4362859978657996
4923,29.540266739892807,89.7746547128665,3.412361792111952
4924,28.22939605599972,90.59948682062048,3.4646892929209585
4925,26.771830639390636,91.29068462401796,3.6249215287808583
4926,25.614865479442074,91.35016465422612,3.7089621610866668
4927,25.614865479442074,90.82327113062568,3.7230403634266533
4928,25.614865479442074,90.82327113062568,3.8083371195492512
4929,25.614865479442074,90.82327113062568,3.891176559998716
4930,25.614865479442074,91.35016465422612,3.9777788790045436
4931,26.771830639390636,91.29068462401796,4.042109482961068
4932,28.22939605599972,90.59948682062048,4.085494783008068
4933,29.540266739892807,89.7746547128665,3.994227643558484
4934,30.728742501534562,88.80503144654088,4.269887845648316
4935,31.811430924848842,88.1232054293918,4.4535071707023794
4936,32.80036633864676,78.29499323410013,13.087138369665864
4937,33.70463661012771,81.80543874404262,10.476140961114485
4938,34.53131594994954,85.49463301421525,6.588723403808651
4939,35.28603833869465,89.35532233883059,3.2252770208231754
4940,35.28603833869465,90.4647676161919,2.977794791679628
4941,35.28603833869465,91.69415292353823,2.3183078532263632
4942,34.61614422178702,92.46126340882003,2.2410727557386494
4943,32.51442259898523,92.59694477085782,2.287991427217292
4944,33.13150042964057,92.37749546279491,2.2816720876557937
4945,33.69006012763791,92.16417910447761,2.27366711539219
4946,34.192511611452865,91.95915762603701,2.2683081292060656
4947,34.640883794227086,91.76470588235294,2.2869201367561645
4948,35.03688551067568,91.58316633266533,2.3521392317133145
4949,35.381952133586466,91.41689373297002,2.739749526394303
4950,35.6772815512965,91.26819126819127,3.498821454116868
4951,35.92386205293808,91.13924050632912,4.475182174284799
4952,36.12249391567657,91.03202846975088,5.502774631946693
4953,36.273805970713106,90.94827586206897,6.604885534451301
4954,36.37826805904804,90.88937093275489,7.646155816946315
4955,36.43620002142118,83.34542815674891,7.889988641253258
4956,36.44777766536802,87.00072621641249,8.420102842342041
4957,36.413035992932194,90.54347826086956,10.743962204107692
4958,36.33186983888213,93.943763518385,13.96338609953864
4959,37.11612497396419,93.99356453342867,15.151984658184936
4960,37.40721261470482,93.02901627742392,15.608291316551536
4961,36.97006599859383,91.57088122605364,15.607363266645718
4962,36.97006599859383,91.57088122605364,16.514488863463296
4963,37.338779526952116,91.01479915433404,16.747037761927718
4964,37.994115821866984,89.77681785457163,16.834456492425403
4965,38.54763016843135,89.58180484225971,17.313801778589834
4966,39.00636902988337,89.41088739746458,17.796262898587532
4967,39.37557245392572,89.26681783824641,18.218507502179957
4968,39.38218820919014,87.11379050489826,16.67334036886543
4969,39.05095431289604,82.96378418329638,12.177654729683402
4970,38.665398082833605,78.88647866955893,8.812600995968408
4971,38.52948883839113,76.0028653295129,6.726190229231425
4972,38.6180110277056,74.17385057471265,5.5033206668344405
4973,38.6180110277056,72.27011494252874,5.046739699882934
4974,38.58485335956791,70.72120559741657,4.638156719833769
4975,38.58485335956791,69.10656620021528,3.565356886575436
4976,38.58485335956791,67.63545030498744,3.1033776260784904
4977,38.58485335956791,66.30785791173305,3.078335926863508
4978,41.07544835028213,66.24087591240875,3.9133184796768763
4979,42.53172347606598,66.14814814814815,4.633146018797044
4980,43.4972792923165,66.00449775112443,5.514745886442665
4981,44.154698811780534,65.80937972768533,6.197736444507585
4982,44.56909319371244,65.8675799086758,7.156064289777196
4983,44.77017166608106,66.79389312977099,8.267588106721236
4984,44.77017166608106,67.67175572519083,8.952498783954026
4985,44.56909319371244,68.4931506849315,10.139996941949073
4986,44.154698811780534,69.25113464447806,11.458607086711735
4987,44.41827977172136,68.40701219512195,12.629379925183036
4988,44.57479107153948,70.13782542113323,14.81287018436864
4989,45.283626303197906,71.52241112828439,16.88985736062301
4990,46.306044926892945,72.17868338557994,18.06601850146969
4991,47.38293911025861,72.04517950786608,18.911758705306994
4992,48.32444403404502,70.37347880822493,19.55239554819218
4993,50.132204463689376,68.7964989059081,19.404397662524183
4994,52.17676035562088,67.7567941040995,19.557527624291215
4995,53.34890529851257,66.28075253256151,19.259140544187996
4996,54.366163093216926,64.59909228441755,17.24047949275847
4997,55.25233896980093,62.70384008416623,15.105856586739248
4998,56.02349873350072,60.59113300492611,11.718215784777295
4999,56.691081396102526,59.22771152754117,10.470710682663793
5000,57.263518503916686,57.95654726952437,9.592629151582349
5001,57.747158098060424,56.80580762250454,8.878629817481382
5002,58.14682759235295,55.80384854127871,7.8252456231840695
5003,59.97437314174344,54.92498369210698,7.662543210854258
5004,61.33824200793453,53.38345864661654,7.436440065779043
5005,61.91083218411117,50.593990216631724,7.163928246389622
5006,62.54843227855841,48.30813534917207,6.827673835314113
5007,62.73181389010474,45.36834427425237,6.147460389576315
5008,62.83313933863599,42.39529757531227,8.910590564432702
5009,62.853357667696095,39.44076526857984,15.676394386339787
5010,62.79265604962616,43.58974358974359,10.04657302798655
5011,62.650470349529876,44.452501812907904,10.436432837516476
5012,62.42545305730779,45.610278372591004,10.82018919985935
5013,62.1153938945029,47.030048916841366,12.257814817716508
5014,61.717080844562325,48.67256637168141,12.579751860900284
5015,61.22607805385135,50.495049504950494,14.418175759147266
5016,60.63637762075111,53.2823454429573,14.600894802232236
5017,59.939845356228815,55.85530349478847,14.393365218794674
5018,59.125303718797205,58.2010582010582,14.296833203487756
5019,58.17691804481141,60.31478358628443,14.38053739354673
5020,56.99100257809084,62.13176218532405,13.068303503941138
5021,55.862238277489,63.515585079202864,12.719925968539437
5022,55.22834599513096,64.71168063085264,13.071385280275043
5023,54.50678152070705,65.95542911332385,12.671341466017411
5024,53.68994124634374,67.22803823395539,13.071766065843827
5025,52.767768393591155,69.07980811164414,13.397178981726746
5026,51.72653705139416,70.71339173967459,13.521234034214572
5027,50.54663396693459,72.1402949382224,14.114395102389137
5028,49.19803141906432,73.37390642829973,14.285409864282983
5029,47.73925166675891,74.48275862068965,15.067999105708832
5030,46.018169859852826,75.42402215299411,14.956920052682541
5031,45.42566878707776,75.86206896551724,15.17694029193124
5032,43.815248542320965,72.48062015503876,17.320522311372944
5033,41.87699196250354,69.21653300431832,19.542930009402482
5034,39.09680281529616,66.07773851590106,21.997154170604155
5035,39.09680281529616,78.09187279151944,14.723033158803222
5036,39.09680281529616,82.4793875147232,11.130826749017965
5037,39.09680281529616,86.9846878680801,5.856922870080217
5038,38.35013772543634,89.68002306140097,4.0266848441561605
5039,37.59943268816223,90.1255230125523,5.268277414349386
5040,36.7799150388937,90.5634942032893,6.059690652987891
5041,35.8864866258402,90.99192918510805,6.542558816457007
5042,34.91281647919968,91.40919366993218,7.200003494737747
5043,33.8508815332503,91.81399854686364,7.946948219252518
5044,32.69024054411354,92.2053675612602,9.025934742166724
5045,31.41681429604072,92.5826028320971,9.45019118703367
5046,30.010664076482975,93.22657433455961,9.952117773041412
5047,28.441461667725466,93.75130181212248,10.456704175587126
5048,27.471074248233666,93.95424836601308,10.944942723421844
5049,26.876479091502762,93.80350591112924,11.056968460524846
5050,27.04586319655114,93.80476869777868,11.349530676236936
5051,27.045863196551135,93.80476869777868,11.636349573813924
5052,25.90747993119433,93.65208545269583,11.7863820956515
5053,24.56652435357593,93.42399025776335,11.940960936489146
5054,24.613128173654992,93.32927818329279,12.24197434975064
5055,24.199905033159123,91.32373809041151,10.888377116583792
5056,24.199905033159123,87.41131157510642,8.409262515067338
5057,24.199905033159123,83.57997161970404,4.85938640652153
5058,25.296982132834223,81.41409964854249,4.1810709051899995
5059,27.20409198444291,70.99548484196947,7.018710116239754
5060,28.85351430501454,73.77598926894701,5.91037018183405
5061,30.317524954162295,76.4815245177783,4.230411573530025
5062,30.317524954162295,76.4815245177783,4.217326567695279
5063,29.638989098809216,75.03419972640219,5.351083379388708
5064,28.16860215669856,72.37823606845107,7.031336508956811
5065,26.512937090428952,81.27902068383284,5.771250753476495
5066,24.86504572507516,81.97520829099777,6.738553812620921
5067,24.86504572507516,81.97520829099777,7.1559864848448145
5068,24.86504572507516,81.97520829099777,8.07278256916737
5069,24.86504572507516,81.97520829099777,8.619300544599746
5070,24.86504572507516,81.97520829099777,8.946108409900912
5071,24.86504572507516,81.97520829099777,9.14787455253937
5072,25.785520970974773,81.68634762792625,9.000633983631506
5073,27.36727822535256,80.97697439208092,8.79653528005577
5074,28.710382609547523,80.0982800982801,8.481580905146796
5075,29.93180483467744,79.09617612977983,7.787650856230763
5076,31.048184729156965,78.17832251862534,7.432979070542887
5077,32.0715911056984,77.33499377334994,7.092542107068417
5078,33.01114876717142,76.83776115553263,6.767860097611825
5079,33.87397154982404,76.3544168668268,6.662161589645379
5080,35.35024719839015,75.32684283727399,6.305818178123539
5081,36.02423255625119,72.65758091993186,5.039223524606671
5082,36.02423255625119,68.54060193072118,4.0529840338753145
5083,36.02423255625119,64.53719477569562,5.430730864052595
5084,36.02423255625119,60.6473594548552,10.506013411495628
5085,36.02423255625119,69.19363997728563,5.778968430863008
5086,36.02423255625119,69.19363997728563,7.133165418564832
5087,36.02423255625119,69.19363997728563,7.35012144326351
5088,36.02423255625119,62.57808063600227,9.010709051288353
5089,36.02423255625119,66.52470187393527,7.925326200740962
5090,36.02423255625119,70.58489494605338,7.584573295836525
5091,36.02423255625119,74.75865985235662,8.444477030534705
5092,34.41443624529494,75.15958923119622,8.888661853520112
5093,34.41443624529494,75.15958923119622,9.101306356620608
5094,34.41443624529494,75.15958923119622,9.293710287757875
5095,34.41443624529494,75.15958923119622,9.506931018401835
5096,34.41443624529494,75.15958923119622,9.663850999535606
5097,34.41443624529494,75.15958923119622,9.80445155746025
5098,34.811664429873794,74.31555179226645,9.106074862402682
5099,35.554963339042445,72.49927092446778,8.621500430524273
5100,36.23343086344804,70.508576587421,7.859838141215257
5101,36.850508694103375,68.34108527131782,6.878013505698836
5102,37.746942994097246,68.25040128410915,6.755802596314754
5103,38.86778560848331,66.68894086201136,5.787018335222892
5104,38.86778560848331,62.44570664884731,6.8301840716642355
5105,38.86778560848331,51.687270297360506,16.081199685190743
5106,38.86778560848331,51.987971934513865,16.24856189612557
5107,38.86778560848331,62.746408286000666,6.475498207416038
5108,38.86778560848331,66.98964249916472,3.8091627673167094
5109,37.55635859302231,68.43960269144505,5.449911124147409
5110,36.588036567089475,68.88888888888889,6.552016839453787
5111,37.00164063774905,68.20334701610356,7.033005406024584
5112,36.84194312070866,67.17628705148206,7.461554948418238
5113,36.939723284065124,66.49166151945646,8.181724030425054
5114,37.62423446490899,67.11346633416458,8.379059060854662
5115,37.92955474224781,66.8648310387985,9.117231169848264
5116,40.10072728543656,69.83971213608112,9.992735324311303
5117,42.27222758513333,72.96740994854203,11.127765676419903
5118,43.99330939203942,76.48327939590075,13.020751607524131
5119,44.099601672741045,76.45578720345075,13.49364823899361
5120,44.04759764979814,76.40086206896552,13.91947848422284
5121,43.78347334206675,76.05583392984968,14.113047727629393
5122,43.99558694680285,74.82720989450709,14.00559209309547
5123,44.788243414333955,72.70668176670442,13.638750755964868
5124,45.500232007494155,71.02072741493939,13.75599294352829
5125,46.13701166770024,69.30853214718965,13.629694564677056
5126,47.09874164932957,67.54939050021017,13.976053137509465
5127,48.3014683271002,65.97802197802197,14.289918218346765
5128,48.84061605408517,63.00997280145059,13.128485135242684
5129,49.69893340737872,52.98823529411764,9.284630387389742
5130,50.768296879100426,55.33169533169533,11.734348566472143
5131,51.69511972858866,57.65488991295443,14.658488036760282
5132,52.49873360849537,59.92549228312932,17.670788103441367
5133,52.64269745202329,60.213903743315505,19.716977606369344
5134,52.64269745202329,58.1283422459893,20.240634536895552
5135,52.64269745202329,56.25668449197861,20.51492539148633
5136,52.64269745202329,54.973262032085564,20.86503218904739
5137,52.64269745202329,56.25668449197861,22.243728182413452
5138,53.89420669315147,57.90899241603467,23.91554863943875
5139,54.977191914513945,59.0281612368857,24.796148385418576
5140,55.39103283417863,59.75405254332029,25.271275933498448
5141,55.67729622511267,60.29328821206994,26.01795865238387
5142,56.37111342379091,57.293497363796135,23.77108955515106
5143,56.96484000809917,54.517889630078834,21.468650784287746
5144,58.07995253930065,52.149178255372945,19.799279562846852
5145,59.021235604041486,48.9822718319107,19.716581406711963
5146,59.351264787187475,45.06380120886501,18.47150547178039
5147,59.60097126507918,41.01161995898838,13.79399769852325
5148,59.77253403145373,36.88581314878893,9.526564331198339
5149,59.92771275251892,32.84416491963662,7.853235349552096
5150,59.92771275251892,28.72117400419287,6.053687240157307
5151,59.92771275251892,24.87770789657582,6.689177129677937
5152,59.92771275251892,21.313766596785463,9.616746702416249
5153,59.92771275251892,25.22711390635919,7.428248770742
5154,59.92771275251892,25.22711390635919,8.1088857306536
5155,59.92771275251892,23.060796645702307,11.171137339602765
5156,59.92771275251892,26.76450034940601,9.338547307082424
5157,59.92771275251892,30.74772886093641,7.422356725088896
5158,59.92771275251892,35.0104821802935,9.153731444842187
5159,59.77294864023233,37.456807187284035,9.982855913188043
5160,59.539144341766956,41.53636981645139,4.654891605027551
5161,59.22421172247956,45.50898203592814,4.305373741256684
5162,58.82518811732663,49.31950745301361,4.387781134176166
5163,58.15576314521101,52.59212991880075,5.778519851022382
5164,57.777202858513924,54.133496631965706,6.150425052429445
5165,57.777202858513924,54.133496631965706,6.768550031429543
5166,57.777202858513924,54.133496631965706,7.431117839752919
5167,57.777202858513924,44.7642375995101,5.734716932355333
5168,58.21833326561554,46.06175173282924,7.10998745011884
5169,58.603972346584854,47.252747252747255,9.071455951374654
5170,58.908614061183386,48.25082508250825,10.296028983891004
5171,58.3951246491451,47.31391585760518,11.66369214816426
5172,57.71739627075413,48.83133291219204,12.522828519308502
5173,57.85836223027129,51.818761965539245,14.613342411441792
5174,57.607125328502164,53.241032095657644,14.366868773826269
5175,57.26002041477092,55.15750463248919,13.996708973120288
5176,56.81245452443295,56.97042848521424,13.01681332833147
5177,56.366760815097386,58.86859163229228,12.132043063405815
5178,55.820183069935034,60.63037249283668,11.495058414026706
5179,55.16478851114264,62.243198223209326,9.086175618834103
5180,54.857150969411514,64.29743028977583,7.251513541234376
5181,54.16061870488922,64.83342147012164,7.739451322342138
5182,53.34607706745761,65.47679755226925,7.2455571678931125
5183,52.3976913934718,66.8464933791074,6.501137376757088
5184,51.291861786855485,68.04705882352941,6.525628485822007
5185,49.9903709204249,69.08517350157729,6.38716941612306
5186,48.42152845221721,69.96984058595433,6.066243494476864
5187,47.49197193334336,71.29821650767316,5.670396634706927
5188,46.033049689373975,72.25755166931637,6.404204964484147
5189,46.033049689373975,76.35135135135135,6.5148639417915675
5190,44.74038222825784,77.28658536585365,7.28792834345337
5191,43.22590831262008,78.06569343065694,7.662149312768212
5192,41.380864536244474,78.70111731843575,7.985652586674742
5193,40.244921585208765,78.9689313758962,8.363824432677555
5194,40.244921585208765,74.97439399112325,9.604756959546066
5195,40.244921585208765,63.22977125298737,15.580313634861922
5196,40.244921585208765,63.22977125298737,16.28402497122866
5197,40.244921585208765,74.97439399112325,9.952384812308814
5198,41.380864536244474,78.73603351955308,8.011180638794988
5199,41.380864536244474,78.73603351955308,8.223491493491332
5200,41.73406824379544,78.36134453781513,8.695508106365459
5201,41.734068243795434,78.36134453781513,8.86621654083985
5202,41.380864536244474,78.42178770949721,8.54678355437253
5203,40.59568497843863,78.64583333333333,8.820825452606526
5204,38.884234792456695,78.78787878787878,9.008452165925085
5205,36.19467666696803,75.3623188405797,11.805953643404541
5206,36.19467666696803,75.3623188405797,12.109081179433895
5207,36.19467666696803,75.3623188405797,12.437106902202821
5208,36.19467666696803,87.25296442687747,1.310100293099566
5209,37.17910020874258,89.16189835072366,1.7383832933768109
5210,38.49523987050374,88.68249054007568,1.5960503752836042
5211,40.387753325948935,88.26010544815466,1.5386200629725237
5212,42.06751217195562,87.89946140035907,1.4596278233490287
5213,43.27492617836475,87.41309915843395,1.4883806077229766
5214,44.195926657769604,86.79806619561175,1.782677105528096
5215,44.90000047088282,86.35506973237844,2.1243193893592593
5216,45.42273951283063,86.20952380952382,2.279310293125363
5217,45.78457640955241,86.10364683301344,2.3775361898827536
5218,45.99746907993097,86.03933667566525,2.4915049747367712
5219,46.06776765163435,86.01776747779066,2.534447693096329
5220,45.99746907993097,86.03933667566525,2.5604779260800203
5221,45.78457640955241,86.10364683301344,2.5139946455586615
5222,45.42273951283063,86.20952380952382,2.4715736304022307
5223,44.90000047088282,86.35506973237844,2.3575328794908077
5224,44.195926657769604,86.79806619561175,1.9806419357186507
5225,43.27492617836475,87.41309915843395,1.401301160522082
5226,42.06751217195562,87.89946140035907,0.9060949348770962
5227,40.387753325948935,88.26010544815466,0.8299627275984368
5228,38.49523987050374,88.68249054007568,0.8559944964691021
5229,38.856644618153304,88.443976115209,1.1255300110936217
5230,39.16746293612815,88.22898032200358,1.9287527748869338
5231,39.42876705502174,88.04071246819339,2.862316005684545
5232,39.64142933108344,87.88213627992633,2.9838576512738086
5233,39.80614094726385,87.75586155563826,3.123982178893045
5234,39.9234260442722,87.66404199475066,3.3503721693739337
5235,39.99365203997684,87.60828625235405,3.645276633348252
5236,40.01703666237399,87.58958883440211,3.9914327934541425
5237,39.99365203997684,87.60828625235405,4.359453440274791
5238,39.9234260442722,87.66404199475066,4.725137165153925
5239,39.80614094726385,87.75586155563826,5.062128102740712
5240,39.64142933108344,87.88213627992633,5.320447836548304
5241,39.42876705502174,88.04071246819339,5.683932537450656
5242,39.16746293612815,88.22898032200358,5.942175894818635
5243,38.856644618153304,88.443976115209,6.195919684353692
5244,38.49523987050374,88.68249054007568,6.599840969509566
5245,39.63995107089476,88.68249054007568,6.90656591488064
5246,41.319709916901445,88.33860203723218,7.14701469599236
5247,42.527123923310576,87.87119856887298,7.547165695715726
5248,43.448124402715436,87.27735368956743,8.438155692557935
5249,42.866145029352,82.83397955586888,13.582944611592257
5250,42.219386937897035,79.32446264073695,16.83438504151467
5251,41.50416176398413,76.65677546983186,19.51658915600698
5252,40.71595952385099,89.50047725103404,7.36462108434964
5253,39.849197623981055,90.95369518552592,6.787024049362554
5254,38.85565348234767,91.64945411625848,6.306532467962842
5255,37.849871313649246,92.55893212155638,5.596392790921106
5256,36.74409027344668,93.52635891832833,5.033333068725835
5257,35.5242893785739,94.32922026778682,4.095761984023668
5258,34.17058429865073,94.98108448928122,3.0776317983892314
5259,32.975371964195226,95.16873027433843,2.8443306643670874
5260,31.657913597347086,95.35155337537958,2.9030467885005575
5261,30.19390294819933,95.68636261514267,3.197786336635188
5262,28.544480627627706,96.08986822207821,3.7242716314113444
5263,26.637370776019015,96.38629283489097,4.354164282106544
5264,24.284237149568888,96.5861449391096,5.022992183778716
5265,21.835218480555806,96.84797232365943,6.047813433253393
5266,20.137594136420557,97.1650917176209,6.850649917951493
5267,18.183237829653578,97.39239149848187,7.626821444315504
5268,15.783776146225472,97.53830263384404,8.410929146840047
5269,13.136652638039287,97.69179674526735,9.380786467113445
5270,10.972565286233687,97.85187560115422,10.65649396822895
5271,8.781452263906967,97.81308999370674,12.122014896152582
5272,10.285745784398873,97.4959349593496,13.712296048789176
5273,12.685250517465018,97.25635414913314,14.323176301711632
5274,15.65944966121755,97.13637157324952,14.993038624286218
5275,18.62250507237041,97.00924415443176,15.610233013540023
5276,20.74775818292235,96.80150517403575,16.098751821263704
5277,22.549497756809394,96.50458894747119,16.068798648393482
5278,23.366033155648754,94.35050726079173,14.40592974004198
5279,23.366033155648754,90.47145414760294,11.352437432914495
5280,23.366033155648754,86.6719713546847,9.271986842655165
5281,25.035312822919646,84.61850649350649,7.231666192191673
5282,27.382393854648267,84.18496621621621,7.355577638844999
5283,29.28332565804454,83.65553602811951,7.0226917588019555
5284,30.926439165983943,83.02102376599635,6.727168785112151
5285,33.319815535688235,82.42857142857143,6.367042500920304
5286,35.358872746860136,81.84302036761054,5.99972306308218
5287,36.97995439916105,81.09787674779906,5.7887198284193095
5288,38.32676713020673,80.1779935275081,5.506976133074462
5289,38.948481841395186,77.5454045129334,4.233245444193304
5290,38.948481841395186,73.39020363236104,3.751593848044284
5291,38.948481841395186,69.59273527793066,4.832181041784691
5292,38.948481841395186,65.68519537699504,7.6375244509934515
5293,38.948481841395186,76.08695652173913,2.429329189161216
5294,38.948481841395186,76.08695652173913,2.4449093766318803
5295,38.948481841395186,76.08695652173913,2.5045646804440262
5296,38.948481841395186,76.08695652173913,2.5681022759626724
5297,38.948481841395186,76.08695652173913,2.60526547919282
5298,38.948481841395186,76.08695652173913,2.6473484094816713
5299,38.948481841395186,76.08695652173913,2.710529140642044
5300,38.948481841395186,76.08695652173913,2.746509684523442
5301,38.948481841395186,76.08695652173913,2.7953712856868527
5302,38.948481841395186,67.80407264722069,4.944268764475522
5303,38.948481841395186,71.73913043478261,2.953270818229561
5304,39.53951252486162,75.04211117349803,2.050296588901071
5305,40.63806700171855,78.06658878504673,3.8860860379498003
5306,40.39579255974251,77.83925451368667,4.444146226404211
5307,41.096406662494935,77.81659388646288,5.03810659323501
5308,41.77552990171043,77.99824919754887,6.60880055975112
5309,42.71116836138586,77.58208955223881,7.09928420278603
5310,44.25063748117247,76.59176029962546,7.3573479004970626
5311,45.6020923346777,75.70123939986954,7.439086243542676
5312,46.80426571755802,75.03405994550408,7.478962186884453
5313,47.8813277881927,74.37810945273633,7.422554521590603
5314,48.84974644922684,73.74074074074075,7.8869849055853365
5315,49.72140525377159,73.13030069390902,7.958474385260937
5316,50.50522898790233,72.55608974358974,7.785261552381873
5317,51.20811509425194,72.02826267664173,7.686551111287716
5318,51.83550551678425,71.55765920826161,7.795479159315811
5319,52.39175670530043,71.15555555555555,7.56767639764731
5320,52.880388979074475,70.83333333333333,7.883465510973658
5321,53.30426000839007,70.60206961429915,8.032972898465665
5322,53.66568847018862,70.47206165703275,7.911585707300617
5323,53.96654372982801,70.45231071779745,8.0911945571668
5324,54.208311539818865,70.55,8.51391447386866
5325,54.6112936205142,69.61636828644501,8.726020351921342
5326,55.15146679906942,67.40389678778304,8.940778968007976
5327,55.60599676731493,64.99189627228525,9.36309002834788
5328,56.41242146858605,56.83212493028444,17.91327545273914
5329,57.047485088469564,58.462421113023524,18.57690911313734
5330,57.85976928115733,60.474777448071215,18.134728333527896
5331,58.53166534068399,62.32415902140673,16.14602921784529
5332,57.602400341036564,61.496680748340374,18.637800829194823
5333,55.76696452138202,61.82572614107884,19.079819754525534
5334,54.25381990892701,62.78392545136867,18.9446368626564
5335,53.856872053453344,64.60381723539618,17.79988846406693
5336,53.856872053453344,67.0908039329092,16.417863854267758
5337,53.748104154252715,69.37248128957974,16.388311775066875
5338,53.52872329477479,71.19224187107815,16.287490253702053
5339,53.661797085916476,74.92811960897068,15.383677091655352
5340,53.718635895672264,78.59203693017888,12.925800835106466
5341,53.69970238635587,82.13256484149856,11.086905428258985
5342,53.69970238635587,76.77233429394812,15.64731753013482
5343,53.69970238635587,79.94236311239193,13.244655567316254
5344,53.69970238635587,83.342939481268,11.125391381362773
5345,53.69970238635587,86.97406340057637,6.878898933583893
5346,51.67185380032109,87.60422456920512,6.303021127959546
5347,49.92185763647111,88.21638993036957,6.307919610118384
5348,49.40586535543217,90.10989010989012,5.543737707376706
5349,48.77956307125444,91.74732552215995,4.575219054390977
5350,48.55870104393913,91.8552036199095,4.711470947678483
5351,48.26748209007536,91.99209095402867,4.753809139510864
5352,47.90385522237847,92.15496368038741,4.724083382412503
5353,47.465115155124536,92.34042553191489,4.561174982726239
5354,46.947764666151855,92.54486884491486,4.509917027956095
5355,46.347314298482914,92.76462706565431,4.375348449062984
5356,45.65798576004384,92.99610894941634,4.154430713193949
5357,44.87225942278342,93.23590814196243,4.029751436713986
5358,43.980154008567354,93.48088531187123,3.8577891770214596
5359,42.968011731871655,93.72822299651568,3.6283341047293556
5360,41.81628102106896,93.97545555968762,3.2589167115710533
5361,40.49499018001901,94.68426685693899,2.2706376744632784
5362,38.95278090119788,95.21367521367522,1.6052849695458964
5363,37.08083632330059,95.5810147299509,1.1567198013077022
5364,35.93174052403324,95.70925392251041,1.0541455680931973
5365,37.026178753095316,96.32613599742184,0.7686466869980204
5366,37.577763426598636,96.70009705596894,0.8749023106014695
5367,37.75048999242739,96.82539682539682,1.0306688089519507
5368,38.63183769714519,96.53808110781405,1.0084540966763553
5369,39.34450583980678,96.48476732507532,1.0697306349652322
5370,39.91089294743498,96.43947100712106,1.0516446721153194
5371,41.027324244474315,96.35237439779766,1.067908538906446
5372,42.34850299363641,96.11616515045486,1.1180715063496207
5373,43.311841351081384,95.7416607523066,
5374,44.022870155133894,95.22613065326634,
5375,44.52899675914209,94.85879797248371,
5376,44.85536924096139,94.75600873998543,
5377,45.01554096116986,94.66764061358656,
5378,45.01554096116986,94.5945945945946,
5379,44.85536924096139,94.5375091041515,
5380,44.52899675914209,94.49674149167271,
5381,44.022870155133894,94.47236180904522,
5382,43.311841351081384,94.92547906316537,
5383,42.34850299363641,95.24142757172848,
5384,41.027324244474315,95.42326221610462,
5385,38.837080432358064,95.47602970965563,
5386,37.85537833488327,95.84993359893758,
5387,37.93590458146269,96.08165953243332,
5388,37.40997430808296,95.703509347327,
5389,36.49706037661622,95.73490813648294,
5390,36.93685404988338,93.4475806451613,
5391,38.68608800376827,92.04031977754606,
5392,41.77080120163147,91.66666666666667,
