second,entropy_g,det_g,rmse_g
30,43.19065886564823,69.30821695355635,
31,41.25240228583081,70.35658914728683,
32,40.469926715539394,72.11740041928721,
33,39.16623039760761,73.28353921286987,
34,37.69718131238714,74.30459928394382,
35,36.011193344291485,75.19134336236473,
36,36.011193344291485,79.28213248878332,
37,33.172793640338035,79.89391260419298,
38,32.72528141741992,82.3938415694065,
39,31.772173612581867,83.5931878148237,
40,31.772173612581867,87.69489086111777,
41,31.772173612581867,91.8925401775006,
42,31.26480475159945,94.27292010370022,
43,30.183105147514322,94.7464180122811,
44,29.00312695366297,95.48146523360386,
45,27.710772854297044,96.08796785789808,
46,27.710772854297044,96.08796785789808,
47,27.710772854297044,96.08796785789808,
48,26.925593296491208,95.76396206533192,
49,25.21414311050927,95.2820297756343,
50,26.321215798426167,94.85565443889733,
51,27.341022272069043,94.40826409162362,
52,28.2816308057839,93.94009751567216,
53,29.149420721031564,93.4516670664428,
54,29.55765698893166,80.91640263222033,
55,29.55765698893166,81.13575432610286,
56,29.55765698893166,81.18449914696563,
57,29.55765698893166,81.23324396782841,6.882018300929456
58,27.947129664629568,93.86273131881002,
59,26.078086624278097,94.26063470627955,
60,23.762226170086105,94.55135135135136,
61,20.86448897762059,94.78495740702265,
62,17.541107850748812,94.98601677986416,
63,16.64424935008254,95.93023255813954,6.278384186630185
64,15.678604147459765,96.74934235249906,6.212490059086603
65,14.638399322788548,97.45083758193736,6.68314979650144
66,14.638399322788548,97.45083758193736,6.806539890737528
67,14.638399322788548,97.45083758193736,6.972515893563859
68,14.638399322788548,97.45083758193736,7.1673029438782
69,15.16823293065967,97.11431742508324,6.950226469938162
70,16.170357449286655,96.35496183206106,7.378651776958449
71,17.10096089097604,95.47422274695002,7.934296833425686
72,19.204334923298195,94.88694235078427,8.276210142149143
73,21.539123228783293,94.61978394407964,8.98952953076664
74,23.427503473849363,94.25236731997357,9.723886894596443
75,25.057795456287195,93.77431906614785,10.377048373127796
76,27.438068463823402,93.35239456754825,11.046328631121197
77,29.720982454527235,92.99378881987577,11.935402184370298
78,31.366316557072143,92.41914618369987,13.159349079103896
79,32.636054982254045,91.60613397901534,14.74465096453178
80,33.59420484516729,90.35674470457079,15.170135325634703
81,34.287766513205064,88.64289821736631,16.86810420035636
82,34.920330630258626,86.72985781990522,19.375157945017
83,35.494789678951534,84.61304082876295,20.34156106122774
84,36.01357621969644,85.57571964956195,22.622368339143193
85,36.47874372194795,84.83001924310456,23.803916861419527
86,36.89202771321387,84.08792650918635,27.923884813489515
87,37.25489265083575,83.3556597454789,30.064351534943164
88,38.96246018989562,82.61320428620809,31.53105177355431
89,41.05551497588557,81.72625496569158,33.16491312723324
90,42.69578452482882,80.66339992461364,34.6797646906865
91,44.0712377684282,79.4106090373281,36.45240247603687
92,45.25375193090356,78.28220858895706,38.06809516211129
93,46.28175271014005,77.43306417339566,36.99037755119893
94,47.17907329302905,76.59762009695902,38.09060170975614
95,47.961810700675684,75.78659370725035,38.65124070688259
96,48.641438946909794,75.01176470588236,38.65531776902518
97,49.00029996927003,72.67497603068072,38.37781225913171
98,49.06891127769982,68.64161849710983,36.33599203491084
99,49.08261900896263,64.51301832208293,
100,49.06891127769982,60.45279383429673,
101,49.06891127769982,57.08092485549133,
102,49.06891127769982,46.820809248554916,
103,49.731733404338186,47.6213830308975,
104,50.670296378851276,49.013657056145675,
105,50.92508951740437,48.97959183673469,
106,51.12767252295838,47.78578784757981,
107,51.61131211710212,45.82452431289641,
108,52.010981611394634,43.78378378378378,
109,52.33034694324519,42.180616740088105,
110,52.57214869336764,46.03351955307262,
111,52.738359263336044,45.54176072234763,
112,52.83028626460013,49.03518728717366,
113,52.848636736847176,52.55681818181818,
114,52.79355047186775,55.719139297848244,
115,52.77675181777981,56.44796380090498,
116,52.69262466801845,57.36782902137233,
117,52.54062807257025,58.46325167037862,
118,52.31976604525494,59.71459934138309,
119,52.02854709139116,61.099137931034484,
120,51.664920223694274,62.59220231822972,29.737876036340523
121,51.226180156440336,64.16837782340862,31.04403244420235
122,50.70882966746766,65.80259222333001,32.473916975117795
123,50.10837929979872,67.47104247104247,15.63746512386556
124,49.41905076135965,69.15191053122088,7.47440456208098
125,48.63332442409923,70.82585278276481,11.216416166455788
126,47.74121900988315,73.03710094909404,13.145208310963978
127,46.72907673318746,75.0,20.442905717189547
128,45.57734602238476,76.7248215701824,24.98063137444735
129,44.256055181334816,78.22458270106222,20.191550826677002
130,43.765706449273125,80.92250922509226,15.670002718550078
131,43.214940620537924,83.3810888252149,17.752270899345813
132,42.60098910963335,85.6002775850104,22.538255837749407
133,41.57997084243165,87.0,22.123982718380166
134,40.44279317111562,88.1957773512476,17.46874506729388
135,39.169677283214234,89.20245398773007,13.314260198777939
136,37.730443713625256,90.0352733686067,12.420672631391893
137,36.0735436881425,90.70945945945945,12.278895112503692
138,34.08998530629536,91.2398921832884,10.490586457988337
139,32.40399733819971,91.83040330920372,7.719105913013694
140,30.39204391523799,92.29053049082796,7.40017925307164
141,29.591922673526668,92.91546589817483,7.442164599131914
142,28.724132758279,93.51464435146444,6.923045307909255
143,27.783524224564143,94.08723021582733,7.108531649629029
144,26.763717750921273,94.63276836158192,7.138297781353346
145,25.656645063004373,95.424013434089,7.079080651947572
146,24.45182258457929,96.08836643696797,7.010873988970345
147,23.13513140477151,96.63536776212833,7.05989405767182
148,21.686595538435434,97.03661759154397,7.233349138314254
149,21.686595538435434,97.03661759154397,7.424083017878196
150,21.686595538435434,97.03661759154397,7.613435295783473
151,21.686595538435434,97.03661759154397,7.790725971213521
152,21.686595538435434,97.03661759154397,7.948012863210496
153,21.686595538435434,97.03661759154397,8.059420579383646
154,21.686595538435434,87.35371838429596,19.12246962124078
155,21.686595538435434,91.03435258588146,13.184405909386896
156,21.686595538435434,94.79048697621744,8.729191370743488
157,21.686595538435434,98.62212155530389,8.081418604964115
158,20.075851724510162,98.9075018208303,8.277434460808326
159,18.25117957871411,99.10432033719705,9.40560346710503
160,16.10342671595331,99.22086720867209,9.391106119503691
161,14.256671600281853,99.39483153418384,9.007650913461237
162,12.08723738787391,99.49463044851548,8.970028867259327
163,9.080804928021236,99.52729490698384,8.930691968991486
164,6.064004032844547,99.55804360636417,8.890749357767762
165,3.0370119579712087,99.58701224722302,8.846022952563898
166,-0.0,99.61432506887053,8.760756565099491
167,-0.0,99.61432506887053,8.628392356363069
168,-0.0,99.61432506887053,7.246525424181627
169,-0.0,99.61432506887053,5.998307849514263
170,-0.0,99.61432506887053,4.975046118338589
171,-0.0,99.61432506887053,4.410839832575697
172,-0.0,99.61432506887053,4.1288750035723645
173,-0.0,99.61432506887053,3.9708704274013904
174,-0.0,99.61432506887053,3.9083676963983205
175,-0.0,99.61432506887053,3.950002189672928
176,-0.0,99.61432506887053,4.016076452797808
177,-0.0,99.61432506887053,4.092225210547244
178,3.0370119579712087,99.58701224722302,4.067247219014893
179,5.237557751852812,99.49941107184924,4.038035805023888
180,7.115975381672694,99.3455098934551,3.9716744167058025
181,8.781452263906967,99.11894273127753,3.8898015140557125
182,10.285745784398873,99.08943089430895,3.773595065919584
183,11.659258326629562,99.05913978494624,3.209038318500299
184,13.995819799477069,99.02591755087842,3.362319622185814
185,16.38968357795153,98.93521025085725,3.4788955164129036
186,17.58567168885603,98.39582167506062,3.5215481482567363
187,18.690358708445338,97.7452302948545,3.5252359778239275
188,19.211424629055447,95.436741088915,3.9103275481487114
189,19.211424629055447,91.61770466118293,5.32677132516447
190,19.211424629055447,87.87700744222484,7.874776986241406
191,19.211424629055447,84.21464943204073,17.61915451170768
192,19.211424629055447,95.73051312181747,2.681273076154247
193,19.211424629055447,95.73051312181747,2.681273076154247
194,19.211424629055447,95.73051312181747,2.681273076154247
195,19.211424629055447,95.73051312181747,2.681273076154247
196,19.211424629055447,95.73051312181747,2.681273076154247
197,19.211424629055447,95.73051312181747,2.681273076154247
198,19.211424629055447,95.73051312181747,2.681273076154247
199,19.211424629055447,95.73051312181747,2.681273076154247
200,19.211424629055447,95.73051312181747,2.681273076154247
201,19.211424629055447,95.73051312181747,2.681273076154247
202,19.211424629055447,95.73051312181747,2.681273076154247
203,19.211424629055447,95.73051312181747,2.681273076154247
204,19.211424629055447,95.73051312181747,2.681273076154247
205,19.211424629055447,95.73051312181747,2.681273076154247
206,19.211424629055447,95.73051312181747,2.681273076154247
207,19.211424629055447,95.73051312181747,2.640666663363423
208,19.211424629055447,95.73051312181747,2.6009031385096715
209,19.211424629055447,95.73051312181747,2.560038557588066
210,19.211424629055447,95.73051312181747,2.560038557588066
211,19.211424629055447,95.73051312181747,2.560038557588066
212,19.211424629055447,95.73051312181747,2.560038557588066
213,19.211424629055447,95.73051312181747,2.509841723125557
214,19.211424629055447,95.73051312181747,2.8658660022853515
215,19.211424629055447,95.73051312181747,2.9383171377011372
216,19.211424629055447,95.73051312181747,2.923548806351179
217,19.211424629055447,95.73051312181747,3.0132104399319544
218,19.211424629055447,95.73051312181747,3.221239570118531
219,19.211424629055447,95.73051312181747,3.366988351415319
220,19.211424629055447,95.73051312181747,3.466540985926929
221,19.211424629055447,95.73051312181747,3.5534380756862145
222,19.211424629055447,95.73051312181747,3.668331727322846
223,19.211424629055447,95.73051312181747,3.8376771003331687
224,19.211424629055447,95.73051312181747,4.038641569763592
225,19.211424629055447,95.73051312181747,4.244128244813747
226,19.211424629055447,95.73051312181747,4.445162257572496
227,19.211424629055447,95.73051312181747,4.638867694519219
228,19.211424629055447,95.73051312181747,4.8199477331060505
229,19.211424629055447,95.73051312181747,4.96957361277163
230,19.211424629055447,95.73051312181747,5.0974049422094785
231,19.211424629055447,95.73051312181747,5.231912217290651
232,19.211424629055447,95.73051312181747,5.394275582192331
233,19.211424629055447,95.73051312181747,5.569090690904944
234,19.211424629055447,84.21464943204073,19.21554074314912
235,19.211424629055447,87.87700744222484,10.306478541853995
236,19.211424629055447,91.61770466118293,8.17688217567296
237,19.211424629055447,95.436741088915,5.248323561099213
238,18.690358708445338,97.51397186355753,3.8879312751691897
239,17.58567168885603,97.78026487595598,3.814405651444963
240,16.38968357795153,98.03284605666848,3.751126269058626
241,15.090258028539147,98.49886542153953,3.635266709537088
242,13.670691693057165,98.86919831223629,3.4289177737157215
243,12.106594749751542,99.15157448197095,3.2017814350009814
244,10.359029128245753,99.3534142879672,3.209579689535165
245,7.921788301071479,99.42117288651941,3.0233939591646326
246,5.237557751852812,99.49941107184924,3.013766847928435
247,3.0370119579712087,99.58701224722302,2.9899679381302118
248,-0.0,99.61432506887053,2.956403162622726
249,-0.0,99.61432506887053,2.921584852891941
250,-0.0,99.61432506887053,2.885995598440419
251,-0.0,99.61432506887053,2.84845537912236
252,-0.0,99.61432506887053,2.804159602423522
253,-0.0,99.61432506887053,2.748104891273461
254,-0.0,99.61432506887053,2.675404958542694
255,-0.0,99.61432506887053,2.601563407464778
256,-0.0,99.61432506887053,2.5262711683847496
257,-0.0,99.61432506887053,2.4335793128370793
258,-0.0,99.61432506887053,2.331280039083681
259,-0.0,99.61432506887053,2.1602087758985813
260,-0.0,99.61432506887053,1.9737099454567866
261,-0.0,99.61432506887053,1.7704872342408355
262,-0.0,99.61432506887053,1.5553884117523842
263,-0.0,99.61432506887053,1.3458575715989531
264,1.7263595531412619,99.6078431372549,1.1625304538967276
265,4.189190988298596,99.5511149724877,1.0297158201081171
266,6.208061115907181,99.4311377245509,0.9761769422968947
267,7.971385463025239,99.24172082946457,0.9793134292035613
268,9.551523848511046,99.10428662827896,1.1008785800366492
269,10.987424673037834,99.07438016528926,1.4704597925101202
270,13.35434947684245,99.04175222450377,1.7259234304936941
271,16.323002792948955,98.98792613636364,2.0196230280380583
272,18.45396095349142,98.85777450257922,2.274424598009817
273,20.261516904163756,98.64296636085626,2.6416097812772477
274,21.854810480185865,98.33465503568597,2.8585303685817247
275,23.28554876640662,98.27302631578948,3.1597101959866563
276,25.610073104820408,98.20551164281136,3.471243351955258
277,27.48181810645047,97.86856127886324,3.68804512600872
278,29.540423912329132,97.66419981498612,3.9930862073989646
279,32.079944741489804,97.46804919218712,4.247978525501298
280,33.6904720657919,97.08615925646822,4.467843773308417
281,35.11472268090019,96.57337169761968,4.268426950832223
282,36.39151660630001,95.91614484072964,3.969221080440169
283,37.54511797074404,95.32710280373831,3.9277371395596083
284,38.592096109049876,94.90727112157786,4.155746424194501
285,40.26487161604603,94.53316953316953,4.233972876094152
286,42.881399415091366,94.20289855072464,4.58908676587228
287,45.069013973563834,93.8154782020953,4.644141983068589
288,46.80665777117178,93.26479971641263,4.710555290502768
289,48.2824728409512,92.53065774804905,3.1621228141269184
290,49.56852602742786,91.90346438302842,3.0801581635937674
291,50.70345134464597,91.5274949083503,2.547874688442428
292,51.71131154027283,91.14516815666241,2.7775592566266205
293,52.60845744062823,90.75966237227898,3.1588351921249522
294,53.40664465970823,90.37482646922722,3.1440657484210686
295,54.11465779296021,89.99518999518999,3.741300179657468
296,54.739240222556795,89.62593516209476,3.532193999082539
297,55.28566406706944,89.27282104177411,3.763519205408894
298,55.75809795517558,88.94205209994684,3.768092976611727
299,56.15985374867868,88.6400873839432,3.6903269555332154
300,56.49355687963629,88.3733929569592,3.5016044302658127
301,56.761266237632015,88.14814814814815,3.6744324623155786
302,56.9645593041084,87.96992481203007,3.9792072513386083
303,57.10459232251507,87.84336645236704,4.163537250426342
304,57.18214170805559,87.77189888301,5.386568824202631
305,57.1976306083204,87.75750441436139,5.600634886457983
306,57.15114296477066,87.80058651026393,5.797743932665817
307,57.04242626777953,87.8999418266434,4.803394581293472
308,56.870883234694084,88.05284319356691,4.568101554939643
309,56.63555171356409,88.25522303783174,4.459972312038153
310,56.3350710767555,88.50193477059149,4.610330509853603
311,55.967632041020664,88.78706199460916,3.923657247833654
312,55.53090497553664,89.1042430591933,3.9135504595752
313,55.02193891257807,89.44698122780315,4.314834049287301
314,54.43701890198701,89.80891719745223,3.931851580028391
315,53.771461622405866,90.1840490797546,4.516254503451679
316,53.019315413103016,90.56689342403628,4.995876218450339
317,52.17290497963914,90.95258808177468,5.678081149173235
318,51.22210874695274,91.33694294044149,5.962110356168028
319,50.15314204157237,91.71644763042613,5.701491075313353
320,48.94633815559112,92.08824648155192,5.702461930152121
321,47.57162059950317,92.92196007259528,3.8157242488579644
322,45.97753541167633,93.56178608515057,3.8434461705152043
323,44.05517818255447,94.02837347410096,4.025542063142747
324,41.29047532174531,94.34140207481924,4.05199026084349
325,40.1219120133355,94.57013574660634,4.30006744772339
326,38.818215695403715,94.79317327162279,4.354317718440268
327,37.34916661018325,95.37011366786804,4.456622486394349
328,35.66317864208759,95.80345285524568,4.32475768223487
329,33.65122521912588,96.10786059526838,4.155012195828014
330,30.799119595743633,96.29719853836784,4.113169096535705
331,28.546385153919594,96.46618300959513,3.9764683200255226
332,27.22241110785842,96.64187514086095,3.328555939750553
333,25.752024165747766,97.09264482534172,3.246918465836353
334,24.096359099478157,97.43161411568177,3.1161429027154215
335,22.18313456983836,97.66927868193692,2.940169185275695
336,19.824009183911407,97.81558090083124,2.8685296267711466
337,18.680793594914157,98.42902562184402,2.9302487863355404
338,16.38968357795153,98.71864284425195,3.526499372909892
339,14.63345747038209,99.00662251655629,3.173715442618612
340,13.270884165427137,99.03910991233985,3.1837210231611595
341,11.777332757306647,99.07075317900228,3.200143266061987
342,10.12240784152537,99.30643127364439,3.145914610368832
343,8.254358647029498,99.4666260286498,3.1957317607669484
344,6.064004032844547,99.55804360636417,3.233962146716985
345,3.0370119579712087,99.58701224722302,3.278908618187478
346,-0.0,99.61432506887053,3.3115208720265654
347,3.0370119579712087,99.58701224722302,3.337411138198611
348,5.237557751852812,99.49941107184924,3.3368081907028935
349,7.115975381672694,99.3455098934551,3.328333681796417
350,9.679905889030268,99.22822491730982,3.3464331491252017
351,12.106594749751542,99.15157448197095,3.407124038247914
352,14.088684996012587,99.0028730775731,3.499963689848696
353,16.670294360862197,98.87857017697564,3.634604354169173
354,19.064158139336655,98.78159665393709,3.8660224672413444
355,20.077574703475655,96.79510929974064,3.6097270650832405
356,20.077574703475655,93.03445720637274,3.225172328843732
357,20.077574703475655,89.34790663208595,4.022990351609063
358,20.077574703475655,85.73545757688032,6.265282427671596
359,20.077574703475655,97.14709151537606,3.8809047424138687
360,20.077574703475655,97.14709151537606,4.428366223180317
361,20.077574703475655,97.14709151537606,5.006880889388074
362,21.758602882566997,97.09159584513692,5.613804306526098
363,24.12953408913244,96.91854759568204,6.264883297990673
364,26.05480297297058,96.65510911686722,6.816721383928264
365,27.722760765483706,96.29158720067811,6.889731345706069
366,30.626740703647204,96.1139324354162,7.61100763140653
367,32.69172280248876,95.83620887968713,8.579604140259804
368,34.33930568573917,95.40119760479043,9.808166322345325
369,35.71322220499503,94.79192623972091,11.481649426005603
370,36.95370198957969,94.03990671158331,12.176228083931473
371,38.0806515075512,93.13223808241314,12.464690804417113
372,39.108115490757065,92.27972027972028,11.630160706897783
373,40.04649824740552,91.58200290275762,11.813710571055871
374,40.90378321762822,90.8516400842612,12.189606391807104
375,41.68625878791963,90.0903708320349,12.934262879797329
376,42.39897726705787,89.30067676442152,13.411292643352319
377,43.046059154369686,88.48585690515807,13.229708866467076
378,43.6309025773995,87.6500857632933,12.582787023146967
379,44.15633189898961,86.79844687610307,12.20539044212263
380,44.624705788509964,85.93693367162015,11.562946177852904
381,45.03799738175576,85.0724099517267,10.886874653210954
382,45.397854657983665,84.21252371916509,8.478273458345196
383,45.705646420426994,83.36557059961315,9.345235905722788
384,45.96249753496195,82.54030672434133,9.620910186295491
385,46.16931595309106,81.7457154244719,9.52306859599856
386,46.25419249786011,79.15831663326654,6.280828502526643
387,46.25419249786011,74.86973947895791,3.588323823072166
388,46.25419249786011,70.74148296593187,7.043298759621276
389,46.25419249786011,66.77354709418837,6.399177958136915
390,46.25419249786011,75.75150300601203,5.94276853692063
391,46.25419249786011,75.75150300601203,7.2001409342859555
392,46.25419249786011,75.75150300601203,8.351092532607046
393,46.25419249786011,75.75150300601203,9.402953428803345
394,46.25419249786011,75.75150300601203,10.410059237794835
395,46.25419249786011,75.75150300601203,11.358719575519682
396,46.25419249786011,75.75150300601203,12.233206281456729
397,46.25419249786011,75.75150300601203,13.046318142899993
398,46.25419249786011,75.75150300601203,13.814654833949028
399,46.25419249786011,75.75150300601203,14.057991341838125
400,46.25419249786011,75.75150300601203,14.410620756073207
401,46.25419249786011,75.75150300601203,14.911651819997163
402,46.25419249786011,75.75150300601203,15.575101668120181
403,46.25419249786011,66.77354709418837,15.2385872259417
404,46.25419249786011,70.74148296593187,11.764456018593641
405,46.25419249786011,74.86973947895791,17.237043728949228
406,46.25419249786011,79.15831663326654,14.523095803282498
407,46.16931595309106,83.14069350338781,12.560245609352194
408,45.96249753496195,86.55131734172238,6.792821817093504
409,45.705646420426994,89.74854932301741,4.5402917669071625
410,45.397854657983665,92.7134724857685,4.0603950117551975
411,43.87399150467213,93.35270613875772,3.191722029881791
412,42.019845241485925,93.81729767280305,3.260189491784857
413,39.32145438259689,94.12545635579157,3.297152445634114
414,37.432227529882276,94.53447727994916,3.4753380608817532
415,34.69975907669863,94.80085132259045,3.4678526696273613
416,34.69975907669863,94.80085132259045,3.5200577729715343
417,34.69975907669863,94.80085132259045,3.590465421633492
418,34.69975907669863,94.80085132259045,3.6895088895741477
419,34.69975907669863,84.67619337184554,15.615781570820948
420,34.69975907669863,88.78078443295834,6.146754464300785
421,34.69975907669863,93.00699300699301,3.2347417950409265
422,34.69975907669863,97.35481909394953,1.848101135666468
423,33.41195189597911,96.69323885444346,1.9439946228288267
424,32.06357193005283,94.79015918958032,2.479920603698653
425,30.250749997914344,92.74992919852733,3.068748212021842
426,28.172214504440795,90.7202216066482,5.5952743416240915
427,26.559816801414936,96.18093174431202,2.1020373872234566
428,24.094468310916263,96.29825489159175,2.0323142861502275
429,24.094468310916263,96.29825489159175,1.9344507980846173
430,24.094468310916263,96.29825489159175,2.140998923091201
431,24.094468310916263,96.29825489159175,2.8488339573440973
432,24.094468310916263,96.29825489159175,2.9330091880044935
433,24.094468310916263,96.29825489159175,3.0252894608086764
434,24.094468310916263,96.29825489159175,3.103531564639935
435,24.094468310916263,96.29825489159175,3.1551469515541157
436,24.094468310916263,96.29825489159175,3.173770056748177
437,24.094468310916263,96.29825489159175,3.1863952714349755
438,24.094468310916263,96.29825489159175,3.2010529500691454
439,24.094468310916263,96.29825489159175,3.218643318148472
440,24.094468310916263,96.29825489159175,3.2432732031118587
441,24.094468310916263,96.29825489159175,3.2625344119666018
442,24.094468310916263,96.29825489159175,3.288721018503426
443,24.094468310916263,91.61819143310417,4.752331366666061
444,24.094468310916263,93.8127974616605,3.3983498898507363
445,25.53699435435146,96.11884368308351,3.168774708291367
446,27.42004626683453,98.38356164383562,3.582824969858473
447,29.15769006444247,98.12072892938497,3.60995422653707
448,29.92265289277386,95.90829947765525,3.142892769157344
449,29.92265289277386,91.93267556587348,4.146859770148197
450,29.92265289277386,88.07312826465467,5.7483988699412
451,29.92265289277386,84.32965757399884,14.43107917039185
452,29.92265289277386,95.50203134068485,1.3646709115874271
453,29.92265289277386,95.50203134068485,1.3646159100045456
454,29.92265289277386,95.50203134068485,1.3635355106304234
455,29.92265289277386,95.50203134068485,1.3616823924234907
456,29.92265289277386,95.50203134068485,1.3594933128883924
457,29.92265289277386,95.50203134068485,1.3571877653602735
458,29.92265289277386,95.50203134068485,1.3548218034778023
459,29.92265289277386,95.50203134068485,1.3524683642751223
460,29.92265289277386,95.50203134068485,1.9280240274401406
461,29.92265289277386,95.50203134068485,2.027788437005952
462,29.92265289277386,95.50203134068485,2.0465899553244213
463,29.92265289277386,95.50203134068485,2.266743608506485
464,29.92265289277386,95.50203134068485,2.391372237626733
465,29.92265289277386,95.50203134068485,2.432017798446072
466,29.92265289277386,95.50203134068485,2.386230160062487
467,29.92265289277386,95.50203134068485,2.3811438183706573
468,29.92265289277386,95.50203134068485,2.741124411875966
469,29.92265289277386,95.50203134068485,3.5884158542213176
470,29.92265289277386,95.50203134068485,4.810814544338749
471,29.92265289277386,95.50203134068485,4.902271884883509
472,29.92265289277386,95.50203134068485,4.99096577739215
473,29.92265289277386,95.50203134068485,5.0696791179023
474,29.92265289277386,95.50203134068485,5.121155345752002
475,29.92265289277386,95.50203134068485,5.145388209040044
476,29.92265289277386,95.50203134068485,5.161057592946975
477,29.92265289277386,95.50203134068485,5.18206613960592
478,29.92265289277386,95.50203134068485,5.236462240122057
479,29.92265289277386,95.50203134068485,5.318577932773174
480,29.92265289277386,86.18688334300639,6.385302364101045
481,31.489230227212868,89.89928909952607,4.566042426660542
482,33.62713321873375,93.61505243676743,4.664011274582506
483,34.97573576660402,97.21332479180013,5.709551171076908
484,35.90928504645103,96.5946299934512,5.421670329488749
485,36.69439638972235,95.8249832999332,5.136252761233771
486,37.03742757416171,94.10178631614426,4.991054886482468
487,36.87450962824407,90.78464106844741,4.97735277427288
488,36.51164469062218,86.68629375204449,7.067460348537462
489,36.098360699356256,82.66709306044132,12.617090601046554
490,35.63319319710476,78.75195007800312,17.4407821999057
491,35.11440665635984,91.55271953813431,4.492396729778399
492,34.53994760766693,91.90546528803544,4.254838226272271
493,33.90738349061338,92.2569544020648,4.482742794287273
494,33.2138218225756,92.60494856825132,4.065727127662661
495,32.455801541407645,92.94751009421265,3.4013276431103523
496,31.62914388487115,93.28299921895339,3.4060664089122317
497,30.72874250153457,93.61006289308176,3.363232463074962
498,29.74825878434274,93.9276171969881,3.3792060771560246
499,28.67966254242571,94.2348254042653,3.4024618672620686
500,27.512505874075927,94.53107344632768,3.4964701782083605
501,26.23270333304021,94.81594423872795,3.4051894032279844
502,24.820310367784483,95.3620146904512,3.3840472228996656
503,23.244993280995864,95.79543157469173,3.2699045592603992
504,21.455059527747316,96.1261436636169,3.133170557808079
505,19.341382969495204,96.36363636363636,2.9417180768504294
506,18.05331343969201,96.90161261098025,2.339769916255525
507,16.644890836809694,97.33846962003152,2.231967816322133
508,15.091733130779808,97.68228726103874,2.1909358181149363
509,15.091733130779808,97.68228726103874,2.1909358181149363
510,15.091733130779808,97.68228726103874,2.1909358181149363
511,15.091733130779808,97.68228726103874,2.1909358181149363
512,15.091733130779808,97.68228726103874,2.1909358181149363
513,15.091733130779808,97.68228726103874,2.1909358181149363
514,15.091733130779808,97.68228726103874,2.1909358181149363
515,15.091733130779808,97.68228726103874,2.1909358181149363
516,15.091733130779808,97.68228726103874,2.1909358181149363
517,15.091733130779808,97.68228726103874,2.1909358181149363
518,15.091733130779808,97.68228726103874,2.423239138671138
519,15.091733130779808,97.68228726103874,2.404398622342061
520,15.091733130779808,97.68228726103874,2.368078112704312
521,15.091733130779808,97.68228726103874,2.545970343941021
522,15.091733130779808,97.68228726103874,2.699510014650343
523,15.091733130779808,97.68228726103874,2.844583252275225
524,15.091733130779808,97.68228726103874,2.9813428808650526
525,15.091733130779808,97.68228726103874,3.108643230076388
526,15.091733130779808,97.68228726103874,3.221235586601867
527,15.091733130779808,97.68228726103874,3.1482147082899172
528,15.091733130779808,97.68228726103874,3.0842196729937754
529,15.091733130779808,97.68228726103874,3.1994784849449887
530,15.091733130779808,97.68228726103874,3.2995897040620923
531,15.091733130779808,97.68228726103874,3.3851855102569193
532,15.091733130779808,97.68228726103874,3.452585797194635
533,15.091733130779808,97.68228726103874,3.5036967049800154
534,15.091733130779808,97.68228726103874,3.547875135785796
535,15.091733130779808,97.68228726103874,3.5906631958013144
536,15.091733130779808,97.68228726103874,3.6515512857672823
537,15.091733130779808,97.68228726103874,3.7251130517782753
538,15.091733130779808,88.3945186939604,7.583373868082806
539,15.091733130779808,91.89646421925224,5.804072039374587
540,15.091733130779808,95.46608018947724,4.019089931404793
541,15.091733130779808,99.10336660463543,2.8525899430683865
542,12.675786382429946,99.18393993797943,2.8241073336722695
543,10.12240784152537,99.30643127364439,2.72646377300982
544,8.254358647029498,99.4666260286498,2.7094528479606947
545,7.780300883352803,99.55035971223022,2.7331888931660586
546,7.2111092506744,99.52052741983817,2.793900751642255
547,4.189190988298596,96.17723718505647,3.647639557657161
548,4.189190988298596,92.86128004633652,4.727644062169742
549,4.189190988298596,89.60324355632783,7.529044019932293
550,4.189190988298596,98.33478134955112,2.481460199840661
551,4.189190988298596,98.33478134955112,2.4785773036785983
552,4.189190988298596,98.33478134955112,2.4752919360209598
553,4.189190988298596,98.33478134955112,2.4716850687796414
554,4.189190988298596,98.33478134955112,2.4678135860680337
555,4.189190988298596,98.33478134955112,2.4637022556079686
556,4.189190988298596,98.33478134955112,2.4593736076856376
557,4.189190988298596,98.33478134955112,2.454737165759238
558,4.189190988298596,98.33478134955112,2.449733694069377
559,4.189190988298596,98.33478134955112,2.449733694069377
560,4.189190988298596,98.33478134955112,2.449733694069377
561,4.189190988298596,98.33478134955112,2.442762774151651
562,4.189190988298596,98.33478134955112,2.435544326673979
563,4.189190988298596,98.33478134955112,2.428405199028482
564,4.189190988298596,98.33478134955112,2.4213778663126355
565,4.189190988298596,98.33478134955112,2.414465296344884
566,4.189190988298596,98.33478134955112,2.407622729559274
567,4.189190988298596,98.33478134955112,2.400746602062328
568,4.189190988298596,98.33478134955112,2.393702145522515
569,4.189190988298596,98.33478134955112,2.3887854351282156
570,4.189190988298596,98.33478134955112,2.37506661026978
571,4.189190988298596,98.33478134955112,2.3402811016527467
572,4.189190988298596,98.33478134955112,2.2897235787104764
573,4.189190988298596,98.33478134955112,2.1703501013277586
574,4.189190988298596,98.33478134955112,2.136393583576301
575,4.189190988298596,98.33478134955112,2.4615606054246233
576,4.189190988298596,98.33478134955112,3.220296661446232
577,4.189190988298596,98.33478134955112,3.208786214782667
578,4.189190988298596,98.33478134955112,3.1939825436876137
579,4.189190988298596,98.33478134955112,3.180504167903779
580,4.189190988298596,98.33478134955112,3.1699775431974007
581,4.189190988298596,98.33478134955112,3.1626943217044268
582,4.189190988298596,98.33478134955112,3.671033130388323
583,4.189190988298596,98.33478134955112,3.8851329773653216
584,4.189190988298596,98.33478134955112,3.947539916200012
585,4.189190988298596,98.33478134955112,3.98656194869812
586,4.189190988298596,98.33478134955112,4.030155300391215
587,4.189190988298596,98.33478134955112,4.075417561717868
588,4.189190988298596,98.33478134955112,4.119818014672287
589,7.2111092506744,98.26191189691339,4.123616639391515
590,9.396302188694612,98.12403100775194,4.172101375416876
591,11.259098746546254,97.91466153352583,4.4176267837315
592,12.908676801725191,97.6269498838367,4.9167805570074
593,13.670691693057165,95.76371308016877,5.269812684386149
594,13.670691693057165,92.16877637130801,4.384800551550716
595,13.670691693057165,88.64135021097046,4.551716061495446
596,13.670691693057165,85.18143459915612,6.816466391566008
597,13.670691693057165,95.22362869198312,4.508386076051247
598,13.670691693057165,95.22362869198312,4.541059760798888
599,13.670691693057165,95.22362869198312,4.578150217560266
600,13.670691693057165,95.22362869198312,4.639184275495429
601,14.69530505446085,95.10309278350516,4.727602956555873
602,16.525575105210557,86.4494301994302,4.764584186230726
603,18.14202396912635,89.40959409594096,3.621518255531658
604,19.59637621224772,92.6223241590214,3.6410594808052292
605,20.918999527090655,96.08076009501188,4.856956415588524
606,21.94499171792611,96.46895457250545,5.242659088140246
607,23.63071340048072,96.53495440729483,5.549060448029062
608,25.290874628116423,96.12876078266358,5.6407492340414045
609,26.531224704539436,95.48527808069792,5.873371182422709
610,27.111323498086932,93.05062166962699,5.107391163580323
611,27.111323498086932,88.98756660746004,3.717900168309095
612,27.111323498086932,85.01332149200711,3.7396520625108787
613,27.111323498086932,81.1278863232682,7.142343688739785
614,27.111323498086932,92.00710479573712,5.461313032002044
615,27.111323498086932,92.00710479573712,6.473705147530968
616,27.111323498086932,92.00710479573712,7.888785458645005
617,27.111323498086932,92.00710479573712,9.616145603026089
618,27.111323498086932,92.00710479573712,11.58646438205056
619,27.111323498086932,92.00710479573712,12.432941195257488
620,27.111323498086932,92.00710479573712,13.23758238155044
621,27.111323498086932,92.00710479573712,13.995698014760983
622,27.111323498086932,92.00710479573712,14.713873903683421
623,27.666941803733557,91.57062146892656,15.1206752156016
624,28.71011283841074,90.59208986660425,15.358454843330055
625,29.669881939216445,89.46476144344878,16.1578739982504
626,30.553383611580955,88.17931379914852,16.25235690349499
627,32.253400050177596,87.67945706081963,15.921285878955011
628,33.736815706011654,86.86429154201795,15.83728891313416
629,35.05523339594275,85.83970546587369,15.010687189495165
630,36.23889084798474,84.64485705865016,11.910285975492732
631,37.307629809210184,83.78792522218816,13.128631800702241
632,38.5176998617488,82.49760459916959,12.63279786847768
633,39.60287351012191,81.0109743930828,11.82792126917348
634,40.579630682666384,79.31511587685922,10.629600839178046
635,41.03119953242105,76.23413258110014,7.237452237025147
636,41.03119953242105,71.5444287729196,7.621534465385371
637,41.03119953242105,66.99576868829337,4.067156361453894
638,41.03119953242105,62.58815232722144,7.430895631018271
639,41.03119953242105,71.72073342736249,8.027825590732682
640,41.03119953242105,71.72073342736249,7.285585254474626
641,41.03119953242105,71.72073342736249,6.498043896202474
642,41.03119953242105,71.72073342736249,5.701445101136129
643,41.03119953242105,71.72073342736249,4.988889151077564
644,41.03119953242105,71.72073342736249,4.5501720016720935
645,41.03119953242105,62.34132581100141,13.245355676017166
646,41.03119953242105,66.8194640338505,8.00220958302174
647,41.03119953242105,71.43864598025388,5.578740739595326
648,41.03119953242105,76.19887165021157,6.859731537606006
649,40.579630682666384,79.28052576962989,10.166080180773495
650,39.60287351012191,80.94446291985368,9.605257917708816
651,38.5176998617488,82.36984988821463,10.325955749446234
652,37.307629809210184,83.6040453570334,9.820760415278954
653,35.948482099725446,84.66059359388774,10.826017225357312
654,35.948482099725446,84.66059359388774,11.250747436311588
655,35.948482099725446,84.66059359388774,11.631249631562769
656,35.948482099725446,84.66059359388774,11.93012926805238
657,35.948482099725446,84.66059359388774,12.159244545736465
658,35.948482099725446,75.63914193358801,14.635686358712018
659,35.948482099725446,79.90008815750808,14.21929672102004
660,35.948482099725446,84.2785777255363,12.374135699485375
661,35.948482099725446,88.5689097854834,5.697566483467663
662,35.121802759903616,89.58274198126597,5.555863437131013
663,34.21753248842267,90.87921117502054,4.861888388956343
664,33.22859707462476,91.97253762872987,4.377283562469054
665,32.14590865131047,92.74993640295091,3.5511643009596328
666,30.957432889668713,93.58314964486897,3.5221345934570176
667,29.803379583487022,94.40641963653529,3.530617619062008
668,28.53639856795287,95.08979313480336,3.1069963466991215
669,27.199602996390126,95.68644624479965,2.986146691752817
670,25.71666449594927,96.16276618174152,3.004582219050482
671,25.71666449594927,96.16276618174152,3.0417318699310747
672,25.71666449594927,96.16276618174152,3.0680671353437656
673,25.71666449594927,96.16276618174152,3.109304148775162
674,25.71666449594927,96.16276618174152,3.1825557306983363
675,25.71666449594927,96.16276618174152,3.2990304049870125
676,25.71666449594927,96.16276618174152,3.407164751462965
677,25.71666449594927,96.16276618174152,3.524991559397133
678,25.71666449594927,96.16276618174152,3.6659724808220076
679,25.71666449594927,96.16276618174152,3.817848819018272
680,25.71666449594927,86.10584018553658,10.204526177439917
681,25.71666449594927,89.96415770609319,7.315515854755446
682,25.71666449594927,93.9068100358423,4.236691368748088
683,25.71666449594927,97.93379717478389,1.8678194346998809
684,24.04870670343614,98.23421960625127,1.7051449967876653
685,22.897244686305037,98.26900119379228,1.623710719699967
686,21.974849346075665,97.99603174603175,1.603539417036556
687,20.918999527090655,97.58511480601742,1.6267022903083284
688,20.628590778831356,97.23429474516001,1.6304121042466424
689,20.07999840047865,97.04724409448819,1.6585886443713413
690,19.211424629055447,96.92518605562084,1.7077278530527016
691,17.842617941116984,96.73151750972762,1.8312841005178535
692,16.64424935008254,96.87984496124031,2.152180127285368
693,16.64424935008254,97.48062015503876,2.859644009370535
694,16.64424935008254,98.15891472868218,4.1139707094157
695,16.64424935008254,98.91472868217055,5.790975561735315
696,17.541107850748812,98.88134238913304,7.562461375537975
697,18.373893986906367,98.8477366255144,7.948907588545321
698,20.42141879769827,98.80749574105621,8.287048308751805
699,23.30647088456867,98.73670212765957,8.655157866363853
700,24.537542723238882,96.65309814563545,8.527227830930585
701,25.972174854057727,95.92601264340904,8.380574593824894
702,27.821232342672747,95.63733853278089,8.642511418141257
703,29.411317174732314,95.23205680953589,8.571163828347439
704,30.814646970462128,94.69796887364811,8.505730895563147
705,32.07001882503045,94.24184261036469,8.340434914544504
706,33.20167225412954,93.96183423526061,8.506219739656432
707,34.226150120697746,93.6742536210464,8.682162735246894
708,35.15541716185236,93.38032485442844,8.85503539430405
709,35.998486280608034,93.08156140907649,8.716068580534904
710,36.762350782773936,92.7797833935018,8.903285179050751
711,37.392733629111326,91.64411366711772,7.805790978441016
712,37.90088067588411,89.50660180681028,6.496452840269746
713,38.13323524804842,86.10133708655876,4.633662086991963
714,38.13323524804842,81.70302603800141,3.014942401022516
715,38.13323524804842,77.44546094299788,5.278590248466375
716,38.13323524804842,73.3286418015482,6.194947125653567
717,38.13323524804842,85.39760731878958,1.2826229610394957
718,38.13323524804842,85.39760731878958,1.2826229610394957
719,38.13323524804842,85.39760731878958,1.2826229610394957
720,38.13323524804842,85.39760731878958,1.2826229610394957
721,38.13323524804842,85.39760731878958,1.2826229610394957
722,38.13323524804842,85.39760731878958,2.5057939046075783
723,38.13323524804842,85.39760731878958,2.8214168002522477
724,38.13323524804842,85.39760731878958,2.8320990713720415
725,38.13323524804842,85.39760731878958,2.862738407802791
726,38.13323524804842,85.39760731878958,2.977266688078184
727,38.13323524804842,85.39760731878958,3.1764529609968153
728,38.13323524804842,85.39760731878958,3.4523836201649862
729,38.13323524804842,85.39760731878958,3.751176779949815
730,38.13323524804842,85.39760731878958,4.002779632651622
731,38.13323524804842,85.39760731878958,4.188535051977408
732,38.13323524804842,85.39760731878958,4.393128127618583
733,38.13323524804842,85.39760731878958,4.651179425126207
734,38.13323524804842,85.39760731878958,4.930081836485504
735,38.13323524804842,85.39760731878958,5.246018100701039
736,38.13323524804842,85.39760731878958,5.578423218685545
737,38.13323524804842,85.39760731878958,5.96087305676183
738,38.13323524804842,85.39760731878958,6.358099200499865
739,38.13323524804842,85.39760731878958,6.780042165111368
740,38.13323524804842,85.39760731878958,7.126779846593665
741,38.13323524804842,85.39760731878958,7.55298564125903
742,38.13323524804842,75.36945812807882,12.442492106024837
743,38.13323524804842,79.55665024630542,12.31832033341493
744,38.13323524804842,83.88458831808586,9.70253291729339
745,38.13323524804842,88.35327234342013,6.3918711431098725
746,37.6541392637361,88.92318244170096,5.985396170604213
747,37.116359990835555,89.49299533022014,6.860379203097564
748,36.51734529999809,90.05829015544042,6.474762640720908
749,35.85402521784128,90.6151914626491,6.687337307846399
750,35.12268578515267,91.16038882138518,6.757262667051241
751,34.31879344494254,91.69113329418673,6.5625491844309005
752,33.43674384461997,92.20521541950113,6.615594014323708
753,32.469490245329496,92.70092946965555,6.2240041967707205
754,31.407970299784154,93.17702845100105,5.479429793355997
755,30.240173427854277,93.96245560629123,5.332996124564241
756,28.949514183293886,94.6044921875,5.265512723587215
757,27.511713424820545,95.11507750117426,4.653552915507423
758,25.887937121595744,95.50587172538393,4.360582519806748
759,25.000598611641312,96.50043744531933,4.08267297713639
760,22.102861419175802,96.61764705882354,3.8754815694823406
761,21.188500851307296,98.72217642209398,3.264197161393083
762,20.210226507517138,98.7624750499002,3.2719834345317294
763,19.153531395102203,98.80216383307574,3.282587050178034
764,18.010315806104956,98.8411214953271,3.2732855681739825
765,16.77006660054322,98.87924801156905,3.2972250273116104
766,15.41863702818793,98.91646277525341,3.2952372277264868
767,13.936024857343174,98.95270270270271,3.271228878165357
768,12.291842053933312,99.20013059092393,3.210782345492374
769,10.434344825890438,99.36908517350157,3.0755922508934415
770,8.2543586470295,99.4666260286498,3.0917791664488354
771,5.237557751852812,99.49941107184924,3.0723571645958296
772,3.0370119579712087,99.58701224722302,3.027205698837402
773,-0.0,99.61432506887053,3.0122867763139842
774,-0.0,99.61432506887053,3.0122867763139842
775,-0.0,99.61432506887053,3.0122867763139842
776,-0.0,99.61432506887053,3.0122867763139842
777,-0.0,99.61432506887053,3.0122867763139842
778,-0.0,99.61432506887053,3.0122867763139842
779,-0.0,99.61432506887053,3.0122867763139842
780,-0.0,99.61432506887053,3.0122867763139842
781,-0.0,99.61432506887053,2.9999070483919317
782,-0.0,99.61432506887053,2.987311816765035
783,-0.0,99.61432506887053,2.974690815831942
784,-0.0,99.61432506887053,2.962053538606784
785,-0.0,99.61432506887053,2.949408292599061
786,-0.0,99.61432506887053,2.936764661933038
787,-0.0,99.61432506887053,2.9241354572847955
788,-0.0,99.61432506887053,2.9115339177901567
789,-0.0,99.61432506887053,2.8989713418335747
790,-0.0,99.61432506887053,2.886473898648735
791,-0.0,99.61432506887053,2.874059029498612
792,-0.0,99.61432506887053,2.8617364074725025
793,-0.0,99.61432506887053,2.8495090762258672
794,-0.0,99.61432506887053,2.837383505688742
795,-0.0,99.61432506887053,2.8253606942239653
796,-0.0,99.61432506887053,2.8134393410837837
797,-0.0,99.61432506887053,2.8016181673817564
798,-0.0,99.61432506887053,2.789895915635395
799,-0.0,99.61432506887053,2.7782713493202533
800,-0.0,99.61432506887053,2.7667432524351123
801,-0.0,99.61432506887053,2.753255358745845
802,-0.0,99.61432506887053,2.7334573538589257
803,-0.0,99.61432506887053,2.7030047821262686
804,-0.0,99.61432506887053,2.657688865993685
805,-0.0,99.61432506887053,2.6119834091492686
806,-0.0,99.61432506887053,2.5658059208794755
807,-0.0,99.61432506887053,2.519219798364886
808,-0.0,99.61432506887053,2.472360959231438
809,-0.0,99.61432506887053,2.4253841594664545
810,-0.0,99.61432506887053,2.378217539133908
811,-0.0,99.61432506887053,2.330844017813891
812,-0.0,99.61432506887053,2.2832685916542035
813,-0.0,99.61432506887053,2.2350841353074644
814,-0.0,99.61432506887053,2.1808027564803334
815,-0.0,99.61432506887053,2.1135630315847544
816,-0.0,99.61432506887053,2.026790910043749
817,-0.0,99.61432506887053,1.926691259395672
818,-0.0,99.61432506887053,1.8239760650365606
819,-0.0,99.61432506887053,1.7185744400749277
820,-0.0,99.61432506887053,1.6112349070061052
821,3.0370119579712087,99.58701224722302,1.5205727175805381
822,5.237557751852812,99.49941107184924,1.4506363517062109
823,7.115975381672694,99.3455098934551,1.391303284583821
824,8.781452263906967,99.11894273127753,1.4605402231756672
825,10.285745784398873,99.08943089430895,1.3956655998594518
826,11.659258326629562,99.05913978494624,1.3557681350273478
827,12.922007284400156,99.02811523776467,1.2570335110167177
828,14.088155445306416,98.99641577060932,1.1564598529228316
829,15.16823293065967,98.96411394746578,1.053696059527037
830,16.170357449286655,98.93129770992367,0.9487917359298715
831,17.10096089097604,98.89807162534436,0.9012927339817234
832,17.96524917371215,98.86455798864559,0.7966639347217872
833,20.03094301124334,98.82476390346275,0.7369512025140195
834,22.353179758398227,98.71207160008731,0.7606886060808573
835,24.228738477962736,98.5017026106697,0.869574300306582
836,25.84592709823248,98.18267642199669,0.92593966832077
837,27.276991283892073,97.93966151582046,0.8732656911299909
838,28.56075817957498,97.85987261146497,0.8519623253517213
839,29.721499551286957,97.77836551176938,0.7714136217081389
840,30.775792933486663,97.6954732510288,0.7187298294425095
841,31.73564040467167,97.61160079613306,0.7176483035823169
842,32.61009516052113,97.52722990874301,0.8131365748881131
843,33.40619407031256,97.44292237442923,0.9801353973521896
844,34.1295308219639,97.35932096824898,1.1748609710261422
845,34.78462742492919,97.2771474878444,1.372888266286382
846,35.37518530779969,97.1971971971972,1.5308778412208324
847,35.90426081538997,97.12032910524512,1.7351844142087394
848,36.37439121839156,97.04745166959579,2.191309401878094
849,36.787687158374816,96.97950377562029,2.8443612109041307
850,37.14590160773717,96.91743119266054,3.5263518066778454
851,37.450481926702075,96.86215913335823,4.125530460814303
852,37.70260942620658,96.81456200227531,4.653272548968543
853,37.90322944889672,96.77543186180422,5.160038792750306
854,38.05307405409464,96.74544750096862,5.632374479784117
855,38.152678758362846,96.72514619883042,6.13314488683339
856,38.20239433375282,96.71490027375832,6.584066936818097
857,38.20239433375282,96.71490027375832,6.969299371863672
858,39.61980333518311,96.6600397614314,7.270110399256008
859,41.00474588287631,94.59241323648104,5.430646154252918
860,42.84666008962947,94.28690575479567,5.49087435172562
861,44.22562551967914,93.8091143594153,5.5379598298018955
862,45.328738748478756,93.14765694076038,5.314719895109978
863,46.22688510728448,92.65639165911152,4.888562811212229
864,46.95735553336205,92.49304911955514,4.796174201533818
865,47.542676150306654,92.35127478753542,4.768484930976768
866,49.09254891690196,92.18146718146718,4.864157547639199
867,51.26186426820071,91.9226957383548,4.8870356898190614
868,51.26186426820071,89.39544103072349,3.6189137270631053
869,51.26186426820071,87.06640237859267,1.6906970386003757
870,52.123543996867085,86.00100351229302,1.2448135544301902
871,53.39881933867714,85.94150846587993,1.3241132070871657
872,54.62435743935631,85.9088528025144,1.4585713690614674
873,55.483687750915465,85.72189664358018,1.6296916795646819
874,56.08073049391393,85.37506745817593,2.0371315880466048
875,56.46076542719658,84.86663037561242,2.769906656859764
876,56.6460468386456,85.12848551120831,2.367482833570149
877,56.6460468386456,85.83925642427556,1.7041445105262925
878,56.46076542719658,86.82634730538922,1.0626205170666039
879,56.08073049391393,87.64166216945493,0.9150971096762385
880,55.483687750915465,88.27916888652105,0.8786755098761445
881,55.130073194030594,88.4065643197459,1.4445136093041695
882,55.130073194030594,88.19481206987824,1.0119390811365372
883,55.026065148144774,88.03373748023195,1.1846906710072185
884,54.81643843860782,87.92472556194458,1.2857751617951472
885,54.49781653268199,87.86783686112545,1.3747835854058976
886,54.0647068135599,87.86185881157948,1.4349599622825728
887,53.5088560486097,87.9044300647088,1.4672630370133135
888,52.81809274496684,87.99222168206126,1.5131038835888901
889,51.97415379660747,88.1211547562707,1.4676545246964705
890,50.94819237326755,88.88378502526413,0.897843103034968
891,49.689838456555464,89.4619831036016,1.5764061217990966
892,48.09114848479242,89.86689566337483,1.396762044769287
893,45.63890493963095,90.11170872983037,1.5135786446505453
894,45.675797506347514,90.00414765657403,1.6288198857680014
895,45.66350347301601,89.92954828014919,1.7172755046077113
896,45.60198091917572,89.88856789104416,1.952376143848426
897,45.49101916486883,89.88119623105285,2.134791472729657
898,45.3302344013255,89.9067693554925,2.3166618361311206
899,45.11906158552805,89.9640143942423,2.3740334571074526
900,44.85674216161165,90.05112072355486,2.605443320773905
901,44.54230691940549,90.16583108368685,2.8614672664590612
902,44.17455297275903,90.30554507732931,2.9179958757843503
903,43.752013394076776,90.46742730953257,3.133578566586133
904,43.27291740976446,90.64851307774991,3.0878486220849894
905,42.73513813686392,90.84580577793247,3.1007462823757974
906,42.13612344602646,91.05636179547756,3.0565038810570866
907,41.472803363869644,91.27736033975825,2.9362959419193153
908,40.74146393118103,91.50615724660562,2.7578860273472134
909,39.9375715909709,91.74032307223408,2.667768718048765
910,39.05552199064833,91.97766676461946,2.9332815315937117
911,38.08826839135786,92.21624681573734,3.2564370241050704
912,37.026748445812515,92.45437210569327,3.4447300462498727
913,35.85895157388264,92.69059470788578,3.4821842034827264
914,34.56829232932225,92.92369680181315,3.3179829178435116
915,33.13049157084891,93.46721509799177,3.2829883320895252
916,31.506715267624102,93.88798512665582,3.4469362817820475
917,29.624711315520923,94.1977237223834,3.5430135866552743
918,27.29616575573382,94.40754231840583,3.606523137293787
919,23.972784628862037,94.54732510288066,3.661172713466506
920,22.761909555715448,94.65421303656598,3.60832295979118
921,23.11449804317856,94.69771081980043,3.4768385808768523
922,24.606085016086336,94.66143277723258,3.6093837105525597
923,25.14122767430595,94.79166666666667,3.420788911834035
924,24.938655362044354,94.7172034564022,3.400264486868131
925,24.673322197758342,94.62428879733176,3.5118338666420432
926,22.740855747138962,92.75,3.821441234449084
927,22.740855747138962,92.75,3.7691343903356835
928,20.98798213251836,89.41416388579904,5.554608465271227
929,19.371533268602565,86.27906976744185,8.056057441708274
930,17.541263217852865,97.79081808767691,1.6891551212414706
931,15.130760996387066,97.91944074567243,2.0526518617070337
932,13.430225319290118,97.9568486433475,2.666206307779999
933,13.430225319290118,97.9568486433475,3.7833062179383923
934,15.27698043496158,97.7657413676371,5.220666693626945
935,16.910224001095703,97.45881528215914,6.913180462869492
936,18.381692439340792,97.06095791001451,7.248606999160947
937,19.721765992086894,96.56402553511077,7.125235968950653
938,20.9504386453488,96.28982128982129,7.303478755736097
939,22.08184841370756,96.00241060666934,7.4577796369831235
940,23.12649917192416,95.70182724252491,7.6480033867354775
941,24.092480789470788,95.3882453882454,7.822075931379522
942,24.986195592388118,95.06200177147919,7.819416972864315
943,25.812818065048926,94.72361809045226,7.762128834153212
944,26.576599934410773,94.3738229755179,7.632895928437173
945,27.821232342672747,93.98001462344627,7.775042620636913
946,29.411317174732314,93.45675881308648,7.938972919120361
947,30.814646970462128,92.79873384331312,7.847794354676464
948,33.068875613488444,92.24635688754468,7.190108869314557
949,35.294967271649604,91.81269750071819,7.41396373311826
950,37.07210828408976,91.23912391239124,7.354161388535938
951,38.58849627300503,90.51049170059505,7.360389661534186
952,39.27307007156951,87.74792066538707,6.078183173597462
953,39.27307007156951,83.17338451695457,3.691710484145657
954,39.27307007156951,78.72680742162508,4.67060663233312
955,39.27307007156951,74.40818937939859,7.357769150511183
956,39.27307007156951,85.6046065259117,5.167601341148174
957,39.27307007156951,85.6046065259117,5.656548479517542
958,39.27307007156951,85.6046065259117,6.752791012424501
959,39.27307007156951,85.6046065259117,7.383117504367941
960,39.27307007156951,85.6046065259117,7.725867136462553
961,39.27307007156951,85.6046065259117,7.911327068788546
962,39.27307007156951,85.6046065259117,7.995458827071505
963,39.27307007156951,85.6046065259117,8.125632011911454
964,39.27307007156951,85.6046065259117,8.252076187417442
965,39.27307007156951,85.6046065259117,8.356547236328117
966,39.27307007156951,85.6046065259117,8.36682493747919
967,39.27307007156951,85.6046065259117,8.380848952485868
968,39.27307007156951,85.6046065259117,8.410386105147868
969,39.844446652645914,83.49802371541502,7.0639924656637305
970,40.35811445314288,81.11035883547731,5.628878463230794
971,40.816258598657086,78.50694444444444,4.787278962597653
972,41.220713489797646,79.95735607675905,5.21970098358675
973,41.573015750636614,79.24528301886792,5.049784979292527
974,41.87444483093768,78.56614929785661,4.727245185988791
975,42.12605430485533,77.92792792792793,4.011529928925113
976,42.32869599003367,77.33840304182509,3.880148710801514
977,42.4830383866304,76.80491551459293,3.651860942614699
978,42.589580499106624,70.49497293116782,5.030053547661463
979,42.64866178850627,73.5248447204969,5.079514971807929
980,43.128736555318845,76.55880031570639,3.3504581447593718
981,43.968125175834714,78.9430894308943,2.2891891537080293
982,44.715432377451904,81.33891213389121,4.659733993338517
983,42.87999655779735,80.37190082644628,3.0456485318047344
984,42.87999655779735,80.70247933884298,3.969195986747998
985,42.87999655779735,81.48760330578513,4.793403413720731
986,43.45243366561151,84.4623200677392,5.554492712940556
987,43.962001213765866,83.578856152513,5.7436256736889515
988,44.38877800046508,82.71441202475685,5.994856150766726
989,44.7365424030015,81.87949640287769,6.540367342359274
990,45.00816433423454,73.74658158614403,4.8094718865241655
991,45.20576598389411,76.38121546961327,5.448749641568118
992,45.330829763984916,78.96200185356813,8.095898824327627
993,45.38426842774026,81.45910780669145,8.301155057474263
994,45.46676670319996,82.29799159271369,8.828005997637224
995,45.586422890689185,81.6,9.266363202822044
996,45.646100629427245,80.96362777515353,10.119059887925374
997,45.646100629427245,80.39678790741615,11.421195203248663
998,45.58642289068917,79.90588235294118,11.80436768688516
999,45.46676670319996,79.49556282111163,12.155985723750211
1000,45.28652144704939,79.16859122401847,12.883811615499651
1001,45.04474747680965,78.92580791989076,13.261136221068114
1002,44.74014555209733,75.9499329459097,13.059208901421691
1003,44.371012215110284,78.24945295404814,12.89395302859759
1004,43.935177021316655,80.35027765912004,13.52769618682757
1005,43.42991528402798,81.995841995842,11.994768864750018
1006,43.42991528402798,86.27858627858627,9.133374642340213
1007,43.42991528402798,90.72765072765073,5.551447927366835
1008,43.42991528402798,95.34303534303534,2.2451297782515964
1009,42.167315261448366,96.05105704028719,2.0229195440245378
1010,40.6819304113119,96.56094764998089,1.736581472905405
1011,38.865059008593164,96.89213893967093,1.3036931033404153
1012,36.20281258992482,97.06396364907376,1.3374073005420588
1013,35.77117052443197,97.13212700580402,1.4119222995902874
1014,35.283241806719296,97.20465890183029,1.4481251845131524
1015,34.736884024311685,97.28067335707348,1.4160581027205585
1016,34.1295308219639,97.35932096824898,1.3421241759618705
1017,33.458099162068656,97.43980493751904,1.5461780548097397
1018,32.71886305972175,97.5213927412216,2.200516997814273
1019,33.505894812857676,97.54887656842719,3.2265497382083432
1020,34.8424375715372,97.43740795287187,3.3079062651793705
1021,34.8424375715372,96.52430044182621,3.254118209188539
1022,34.8424375715372,95.72901325478645,3.3486034371549462
1023,34.8424375715372,95.05154639175258,3.4703097007023924
1024,34.8424375715372,94.96318114874816,3.5723266003349248
1025,34.8424375715372,94.75699558173785,3.6375252117452983
1026,34.8424375715372,95.37555228276878,3.427834611671277
1027,34.8424375715372,96.1119293078056,3.4079096344174666
1028,34.8424375715372,96.9661266568483,3.503674706448181
1029,34.91736477289771,97.43362831858407,3.61151195996327
1030,34.97708002919681,97.43059657412877,3.6605459706539847
1031,34.91736477289771,97.43362831858407,3.7090963479694508
1032,34.73700229741723,97.44268077601411,3.766198302244957
1033,34.432187924862035,97.45762711864407,3.8565981039262804
1034,34.23109757077671,97.117903930131,3.943444368261457
1035,34.23109757077671,96.5065502183406,3.726097096767103
1036,33.683341432852025,94.20165666952299,3.300427017652488
1037,32.49968398081004,90.62929376202253,3.8678885606177036
1038,31.181266290878938,87.37120211360634,5.9314585246964935
1039,29.69785063504488,83.95531860878395,8.676812869451224
1040,27.997834196448235,96.3667398195562,2.7120247286012655
1041,27.997834196448235,96.3667398195562,3.031952917467918
1042,27.997834196448235,96.3667398195562,3.359934314747109
1043,27.997834196448235,96.3667398195562,3.6940342053032564
1044,27.997834196448235,96.3667398195562,4.032234820765441
1045,28.879585179923883,96.19308285643194,4.287773834358239
1046,30.462697041700356,95.75239575239576,4.349689313363281
1047,31.85888683016222,95.17650229048773,4.243393021763246
1048,33.10694344083669,94.45222751471,3.790259585183925
1049,34.23109757077671,93.79912663755458,3.8700401142743726
1050,36.34300448742353,93.41426403641881,4.077217194562566
1051,38.530619045895996,93.01365512861226,3.952922147020576
1052,40.26826284350394,92.4609764197941,3.3767409997462003
1053,41.74407791328336,91.73897952099965,3.1927957042504045
1054,43.03013109976001,91.11997100398695,2.8901697019764896
1055,44.16505641697813,90.73724007561437,2.901348335300063
1056,45.17291661260499,90.35053170539582,2.891706644091137
1057,46.0700625129604,89.9631298648095,2.9666989837156414
1058,46.86824973204039,89.57890259464058,2.483384954983096
1059,47.57626286529237,89.20229175848391,2.7534306837331712
1060,48.200845294888964,88.8382687927107,2.638541444406107
1061,48.7472691394016,88.49224988257397,2.4030396929125586
1062,49.219703027507734,88.16996619990343,2.3928022002425995
1063,49.62145882101085,87.87728847105393,2.7278742530508935
1064,49.95516195196845,87.6200101061142,3.043884294426101
1065,50.22287130996418,87.40359897172236,3.4096030513898627
1066,50.42616437644056,87.23293381969776,3.4800212274703886
1067,50.56619739484722,87.11204629142557,3.606481984391865
1068,50.643746780387744,87.04389212057113,3.806895574922968
1069,50.65923568065256,87.03017469560614,3.8848518140495316
1070,50.61274803710282,87.0712401055409,3.798465454086075
1071,50.5040313401117,87.16605552645365,3.7231468946736768
1072,50.33248830702624,87.31227343345417,3.748184840809352
1073,50.097156785896246,87.50637429882713,3.7543765388369064
1074,49.79667614908765,87.74387193596799,3.547824487729439
1075,49.42923711335283,88.01955990220048,3.4180116068436317
1076,48.99251004786881,86.46974749880896,4.43348493935316
1077,48.483543984910234,88.94030541416011,2.30390708626837
1078,47.89862397431918,91.12505602868669,1.9556422092581884
1079,47.233066694738035,93.02728453876136,2.0241830351049708
1080,45.17849021192317,93.48453608247422,2.3070247367333616
1081,43.39685225687908,93.7351308485329,2.439584291286699
1082,42.836327461012516,93.92307692307692,2.6863447187130705
1083,42.20771929850549,94.11764705882354,2.8809675017449425
1084,41.507042016532424,94.31654676258992,3.060474904328644
1085,41.20082263182381,93.91365888181174,3.0542232333613057
1086,41.23700871835968,92.81161473087819,2.7371423609030594
1087,41.12818157724836,91.59010600706713,2.4132346969525083
1088,40.87102781221256,90.26019690576652,2.657010887436021
1089,41.683308665128614,90.36568213783404,3.054847890323994
1090,41.236897317419526,89.14106145251397,3.506902009435197
1091,40.58013931812196,88.27800829875518,4.499981804257072
1092,39.66653820180785,87.19262295081967,5.317600235169687
1093,38.3912628599978,88.86271870794079,4.0971491780840745
1094,36.243637829843976,89.08730158730158,4.647832744819007
1095,36.051107594643696,90.49342105263158,4.711196481603064
1096,35.759088945891875,91.77545691906005,4.392884275518522
1097,35.759088945891875,91.77545691906005,4.586534337560546
1098,35.759088945891875,91.77545691906005,4.765627683939291
1099,35.759088945891875,91.77545691906005,4.932101522636575
1100,35.759088945891875,91.77545691906005,5.085733865069529
1101,35.759088945891875,91.77545691906005,5.2323111555041715
1102,35.759088945891875,88.93603133159269,6.060296271936916
1103,35.759088945891875,90.66579634464752,6.010327904006027
1104,35.759088945891875,92.5261096605744,4.9520712835955045
1105,35.759088945891875,94.51697127937337,3.9482424703717176
1106,35.36340990115015,94.57364341085271,3.958178443089678
1107,34.85792800895632,95.3125,3.300851159930711
1108,34.23385227367111,96.16834170854271,2.666367953859388
1109,33.478561111510366,96.88271604938272,1.8512103051932836
1110,32.573410902349245,97.45762711864407,1.7247497512239307
1111,32.85536927379376,97.41697416974169,1.7678579084289359
1112,33.092683854120956,97.38154613466334,1.803819707109095
1113,33.286002412316215,97.35182849936949,1.857652609254136
1114,33.43584111105443,97.32824427480917,1.8947869261087533
1115,33.54259310545001,97.31113956466069,1.9454823339300593
1116,33.60653489173542,97.30077120822622,1.9910388323564279
1117,33.62783066937485,97.29729729729729,2.0381058276604667
1118,33.60653489173542,97.30077120822622,2.08637271125522
1119,33.54259310545001,97.31113956466069,2.135559431257531
1120,33.43584111105443,97.32824427480917,2.1782331214221875
1121,33.286002412316215,97.35182849936949,2.2327649005200247
1122,33.092683854120956,97.38154613466334,2.2877911263061543
1123,32.85536927379376,97.41697416974169,2.3685725088696987
1124,32.573410902349245,97.45762711864407,2.442418822181641
1125,32.24601814274482,97.50297265160523,2.523684269881816
1126,31.872243211327977,97.55244755244755,2.6082573266454205
1127,31.450962941444256,97.6054732041049,2.7053328656710733
1128,30.980855792656826,97.66146993318486,2.7855808965355964
1129,30.46037275190846,97.71986970684038,2.859655067215119
1130,29.88770030233213,97.78012684989429,2.9193178374660036
1131,29.26071288826388,97.84172661870504,2.981128331977349
1132,28.57691118474734,97.90419161676647,3.029846418414635
1133,27.83334075471819,97.96708615682478,3.0808766697635366
1134,27.02648294019312,98.03001876172608,3.1344101568678986
1135,26.152105341990396,98.09264305177112,3.1694407505318205
1136,25.20505157573686,98.15465729349737,3.2169374469458596
1137,24.178936289461767,98.21580288870008,3.250804813966008
1138,23.065685553332454,98.27586206896552,3.245799638112113
1139,21.854810480185865,98.33465503568597,3.271960134622198
1140,20.53218716534293,98.39203675344564,3.2968915694995244
1141,19.07783492222156,98.4478935698448,3.3137202205565672
1142,17.461386058305763,98.7339514978602,3.099931941752519
1143,15.631116007556061,98.93324156916724,3.021033519900953
1144,13.477868434403595,99.05378486055777,3.0159502930931548
1145,10.487334801606254,99.10313901345292,2.992061827824251
1146,8.827110556016208,99.33395291201983,2.8551129435905835
1147,6.9538546023610674,99.49071300179749,2.7627270362672767
1148,4.758382620976999,99.57995365005793,2.7016422490106846
1149,1.7263595531412619,99.6078431372549,2.687168293754615
1150,-0.0,99.61432506887053,2.6822514943568065
1151,-0.0,99.61432506887053,2.6769848406164667
1152,-0.0,99.61432506887053,2.6715255776760682
1153,-0.0,99.61432506887053,2.665891449988667
1154,-0.0,99.61432506887053,2.6600987812141152
1155,-0.0,99.61432506887053,2.654161840675826
1156,-0.0,99.61432506887053,2.648092927735858
1157,-0.0,99.61432506887053,2.64190390230828
1158,-0.0,99.61432506887053,2.6356059961640366
1159,-0.0,99.61432506887053,2.629209552733489
1160,-0.0,99.61432506887053,2.622724752908983
1161,-0.0,99.61432506887053,2.6161629420140975
1162,-0.0,99.61432506887053,2.609535325076862
1163,-0.0,99.61432506887053,2.60285216855643
1164,-0.0,99.61432506887053,2.596136007885333
1165,-0.0,99.61432506887053,2.589403936047533
1166,-0.0,99.61432506887053,2.5826677842520653
1167,-0.0,99.61432506887053,2.5759341412180867
1168,-0.0,99.61432506887053,2.5692183213322
1169,-0.0,99.61432506887053,2.562530058547267
1170,-0.0,99.61432506887053,2.555874512368355
1171,-0.0,99.61432506887053,2.5492530758078193
1172,-0.0,99.61432506887053,2.542665858557673
1173,-0.0,99.61432506887053,2.536112596035621
1174,-0.0,99.61432506887053,2.5295930263800055
1175,-0.0,99.61432506887053,2.5231068904149327
1176,-0.0,99.61432506887053,2.5166539316159193
1177,-0.0,99.61432506887053,2.510233896076087
1178,-0.0,99.61432506887053,2.5038465324728416
1179,-0.0,99.61432506887053,2.497491592035097
1180,-0.0,99.61432506887053,2.4906795311625842
1181,-0.0,99.61432506887053,2.479672199446834
1182,-0.0,99.61432506887053,2.4666688749924583
1183,-0.0,99.61432506887053,2.4471807303723074
1184,-0.0,99.61432506887053,2.416689744045801
1185,-0.0,99.61432506887053,2.3709447238879298
1186,-0.0,99.61432506887053,2.324942836371397
1187,-0.0,99.61432506887053,2.2788187528294537
1188,-0.0,99.61432506887053,2.2324737351684982
1189,-0.0,99.61432506887053,2.185839944149392
1190,-0.0,99.61432506887053,2.138883411795189
1191,-0.0,99.61432506887053,2.09145974192381
1192,-0.0,99.61432506887053,2.043459732662545
1193,-0.0,99.61432506887053,1.994700224161224
1194,-0.0,99.61432506887053,1.9450418124823128
1195,-0.0,99.61432506887053,1.894399256821359
1196,-0.0,99.61432506887053,1.842460014941967
1197,-0.0,99.61432506887053,1.7889709530514117
1198,-0.0,99.61432506887053,1.7278902382346606
1199,-0.0,99.61432506887053,1.607369023564963
1200,1.7263595531412619,99.6078431372549,1.4484162974473254
1201,4.189190988298596,99.5511149724877,1.4310281214192757
1202,7.2111092506744,99.52052741983817,1.6307213017913065
1203,9.396302188694612,99.42635658914729,2.1372639077429274
1204,11.259098746546254,99.26211100417068,3.1244070320778565
1205,12.908676801725191,99.02090939263192,4.486400480850127
1206,14.396783682961619,98.98729831788535,6.03243249364525
1207,15.753811160270553,98.95278665246717,6.275915299288153
1208,16.999765415822814,98.91743119266054,6.499941881653531
1209,18.14879738160536,98.88130451270384,6.73644248715035
1210,19.211424629055447,98.84449667058362,6.980052449534604
1211,20.19575156756711,98.8071168621108,7.205235784002214
1212,21.10819597702705,98.76929495202336,7.44771206584397
1213,21.953948787821652,98.73118279569893,7.6578725956406455
1214,22.737279251890268,98.6929552503323,7.818370753105846
1215,23.461745396855132,98.65481076151391,8.022639127354402
1216,24.130343780934865,98.61697140178153,8.214645645850336
1217,24.745618864397116,98.57968223399133,8.420814499432552
1218,25.984045921070475,98.45771144278606,8.48836104281638
1219,27.123927738552627,97.4563206577595,8.46419202342524
1220,27.624228015057206,95.57894736842105,7.199162276702233
1221,28.07648608547056,93.51453175457482,5.92237329679222
1222,28.482065375740106,91.51098901098901,4.593141772964161
1223,30.06906728369908,89.25666199158485,3.8837884584229676
1224,30.06906728369908,85.18934081346424,3.1791925649390165
1225,30.06906728369908,81.23422159887798,4.877085165279036
1226,30.06906728369908,77.3913043478261,6.90872786508434
1227,30.06906728369908,88.97615708274895,1.7853185946612822
1228,30.06906728369908,88.97615708274895,1.7853185946612822
1229,30.06906728369908,88.97615708274895,1.7853185946612822
1230,30.06906728369908,88.97615708274895,1.7853185946612822
1231,30.06906728369908,88.97615708274895,1.7853185946612822
1232,30.06906728369908,88.97615708274895,1.7853185946612822
1233,30.06906728369908,88.97615708274895,1.7853185946612822
1234,30.06906728369908,88.97615708274895,1.7853185946612822
1235,30.06906728369908,88.97615708274895,1.7853185946612822
1236,30.06906728369908,88.97615708274895,1.7853185946612822
1237,30.06906728369908,88.97615708274895,3.122624446195002
1238,30.06906728369908,88.97615708274895,3.584529440798668
1239,30.06906728369908,88.97615708274895,3.712538182501992
1240,30.06906728369908,88.97615708274895,3.6870333330474367
1241,30.06906728369908,88.97615708274895,3.670684460222858
1242,30.06906728369908,88.97615708274895,3.6602215946976626
1243,30.06906728369908,88.97615708274895,3.6350545510920615
1244,30.06906728369908,88.97615708274895,3.6333772088402005
1245,30.06906728369908,88.97615708274895,3.718596711070548
1246,30.06906728369908,88.97615708274895,3.8820488080324362
1247,30.06906728369908,88.97615708274895,4.117604510039704
1248,30.06906728369908,88.97615708274895,4.1729242658603
1249,30.06906728369908,88.97615708274895,4.240704005070734
1250,30.06906728369908,88.97615708274895,4.313832860138821
1251,30.06906728369908,88.97615708274895,4.3725770215758875
1252,30.06906728369908,88.97615708274895,4.411070034893259
1253,30.06906728369908,88.97615708274895,4.4327890857205
1254,30.06906728369908,88.97615708274895,4.442695256516883
1255,30.06906728369908,88.97615708274895,4.560639130163429
1256,30.06906728369908,88.97615708274895,4.569072521860401
1257,30.06906728369908,79.29873772791024,4.026928034956021
1258,30.846281787988065,82.83752860411899,2.8145808708284648
1259,32.24601814274482,86.08799048751486,1.5975454324540108
1260,33.478561111510366,89.38271604938272,3.3117623437301003
1261,33.478561111510366,89.35185185185185,3.4028997999884125
1262,33.87359631889263,89.16225474929928,3.655359014615296
1263,34.561394557845645,89.30041152263375,3.9377192046827134
1264,34.85792800895632,88.48852040816327,3.8828205793965935
1265,34.85792800895632,86.7984693877551,4.358522679963195
1266,34.85792800895632,85.2359693877551,5.523285488616435
1267,34.85792800895632,84.08801020408163,6.872046382672759
1268,34.85792800895632,86.98979591836735,5.116778281277834
1269,34.85792800895632,86.98979591836735,5.248253029335716
1270,34.85792800895632,86.98979591836735,5.2751961766695725
1271,34.85792800895632,86.98979591836735,5.315542498321663
1272,34.85792800895632,86.98979591836735,5.44175763534627
1273,34.85792800895632,86.98979591836735,5.73547177265655
1274,34.85792800895632,86.98979591836735,6.267748952384333
1275,34.85792800895632,84.78954081632654,7.27768956355554
1276,34.85792800895632,86.28826530612245,6.526667751164134
1277,34.85792800895632,87.91454081632654,6.320354122987222
1278,34.85792800895632,89.66836734693878,6.065624418033507
1279,34.233852273671104,89.88693467336684,6.243056321228577
1280,34.233852273671104,91.86557788944724,6.30767397514017
1281,34.233852273671104,93.96984924623115,7.059131564360807
1282,34.233852273671104,96.19974874371859,8.783181800154566
1283,32.84760412805717,97.39292364990689,10.562698103731307
1284,34.57402989691209,97.31113956466069,11.373067686511213
1285,36.69439638972235,97.09418837675351,12.12396072862569
1286,38.36283831232247,96.72701949860725,12.858997297368724
1287,39.76738062142316,96.19289340101523,12.73583036648562
1288,40.97996222243505,95.77677224736048,13.518519799082549
1289,41.52697459604448,93.46656418139892,13.219597064547008
1290,41.52697459604448,89.12375096079938,12.20974394237051
1291,41.98707291583149,86.46322378716745,10.929387896370091
1292,42.183522114376935,83.39936608557845,8.75181031814444
1293,42.33027646459705,80.16,8.311835497561166
1294,42.42783865776006,76.77133655394525,8.388689721668609
1295,42.47653820292694,83.96607431340873,8.767749429694728
1296,42.47653820292694,84.2891760904685,9.418852890499922
1297,42.42783865776006,84.66183574879227,9.703224013310646
1298,42.33027646459705,85.08,10.354333670877237
1299,42.183522114376935,85.53882725832013,10.540158509128087
1300,42.41908001026056,85.27070063694268,10.331719852508499
1301,42.717850100042675,83.3534378769602,8.837566086965424
1302,42.717850100042675,80.73984720546844,7.75612564190617
1303,42.717850100042675,78.28709288299156,6.4701350549961845
1304,42.98908976097227,76.70454545454545,5.651272116372363
1305,43.452993776049,76.15511551155116,5.459859977648003
1306,43.81738459787257,75.20903010033445,5.250712895341731
1307,44.08697197188874,74.1554054054054,4.523970462728293
1308,43.713433341059414,71.18084227910818,4.747309812100363
1309,43.279909037682394,67.9951690821256,4.069255392711945
1310,42.78421638412575,64.9177760375881,7.194524316320695
1311,42.223691588259186,74.77203647416414,6.077879918267505
1312,41.595083425752165,76.30610743193525,5.571474166022948
1313,40.8944061437791,77.80938833570413,6.0469193476876235
1314,40.11673133068961,79.27247769389156,5.494419361258893
1315,39.25588478369639,81.11772486772487,5.081255712289457
1316,38.30398852382939,82.6861871419478,4.48593874960862
1317,37.25073584900216,84.05752753977968,3.789181737107478
1318,36.08217254059236,85.03821281599059,3.299916833161477
1319,35.284602826668774,86.10795454545455,3.3594689683606287
1320,34.41259648444676,87.13658804168952,4.026733470715684
1321,33.45984715718472,88.43915343915344,6.2393825397399825
1322,32.41835470347787,89.54614992350841,7.734675325381736
1323,31.277699266077562,90.49607072691552,8.540030146707835
1324,30.023821612711508,91.27659574468085,9.153326379839472
1325,30.023821612711508,91.27659574468085,9.61608701631338
1326,30.023821612711508,91.27659574468085,10.055885417470964
1327,30.023821612711508,91.27659574468085,10.48639762679591
1328,30.023821612711508,91.27659574468085,10.91356753182845
1329,30.023821612711508,91.27659574468085,11.343794245208386
1330,30.665984160702003,90.89156626506023,11.557614553558404
1331,31.861196495157508,89.98998998999,11.793658690290185
1332,32.95077726734928,88.9090909090909,11.77434947016835
1333,33.946768181365094,87.66163793103448,10.402622540499024
1334,34.85826501619167,86.46007816862088,10.04938175231732
1335,35.692350484118954,85.40462427745665,9.463797107422607
1336,36.454667717337195,84.30962343096235,8.652329407336627
1337,37.14979215834671,83.17901234567901,9.193675511898407
1338,38.294972510700006,81.81233933161954,9.990332618889116
1339,39.32421425709323,80.24732620320856,9.754942503652938
1340,40.251436948519945,78.75,9.51711357040388
1341,41.08690966652882,67.86743515850144,10.154015848921112
1342,41.83846947140062,70.93283582089552,9.071693479350417
1343,42.512245951851995,74.15123456790124,9.13418211728922
1344,43.113118751175655,77.50796178343948,8.9292175103443
1345,42.50298410128164,77.00471698113208,8.665125035924794
1346,41.69631464874622,77.08978328173374,8.337392232158722
1347,40.644454101986774,77.08966565349544,8.009717063181489
1348,39.24088341360982,77.00892857142857,7.71454417940628
1349,36.97358246267768,76.85319767441861,7.142546219925439
1350,36.97358246267768,78.63372093023256,7.424039856522676
1351,36.97358246267768,80.55959302325581,8.21226152564262
1352,37.03534587802869,80.84795321637426,8.025794302924954
1353,37.45048192670207,79.30519237952933,7.541574065252468
1354,37.92892227606423,77.19096823574435,6.00685722940342
1355,39.54637590849169,75.06892477353288,5.042430279290737
1356,41.53813472044277,73.88090349075975,4.329142539709653
1357,43.07353527396135,64.17272338606242,4.3502676255817185
1358,45.19600956094709,66.5033407572383,5.280685863295621
1359,47.68673400987193,69.40957694095769,3.8455115882967763
1360,49.5828908676922,72.37033446437228,3.5358942045245816
1361,51.70800611852806,73.77049180327869,5.2217051870931845
1362,53.21708575880347,75.88688946015424,4.802583664156467
1363,54.3810916358871,78.3023872679045,4.112298543790805
1364,55.30743700920085,80.52373158756137,3.2562118250117598
1365,55.89322188651143,82.80643372157515,2.816484426712763
1366,56.3070628061761,85.00842223469961,3.3739040536359175
1367,56.5642165712119,87.09677419354838,4.932606331843116
1368,56.951270239201,87.88927335640139,5.716227664772752
1369,57.504784585765364,87.51486325802615,6.004937491457893
1370,57.96352344721739,87.17948717948718,6.509786179547026
1371,58.332726871259744,86.89138576779027,6.895091725707217
1372,58.61626841085597,86.65819567979669,7.574334797221715
1373,58.81693593049463,86.48648648648648,8.534669855642663
1374,58.936611851272936,86.38132295719845,9.697847901763078
1375,58.97638500852538,86.34590377113133,10.878097564822584
1376,58.936611851272936,86.38132295719845,11.358148047346777
1377,59.49123720442976,86.02362204724409,11.334273975843981
1378,60.45457556187475,85.04043126684635,10.702498925331986
1379,61.16560436592725,83.81542699724518,9.69734747624539
1380,61.671730969935446,82.3529411764706,9.259500206983574
1381,61.99810345175474,81.23229461756374,8.933916992123708
1382,62.15827517196322,80.6980056980057,8.913792463308718
1383,62.15827517196322,80.27065527065527,8.815540249911475
1384,61.99810345175474,79.95750708215297,8.4976997071004
1385,61.671730969935446,79.76190476190476,8.423623321792517
1386,63.16331794284322,79.46175637393767,8.472908121941293
1387,63.677827239469885,79.91452991452991,8.901855701274684
1388,63.13886109612433,78.35195530726257,8.970879930459866
1389,62.16925811252132,76.48261758691207,8.159706065884697
1390,60.748216674798684,75.75962187711006,8.137526904488537
1391,61.06520577271854,74.64212678936606,7.590507568795598
1392,60.887279001788905,72.23719676549865,7.9407396048728645
1393,60.263203266503695,68.73368146214099,7.3988154151374514
1394,59.50791210434295,65.80604534005037,5.486276465294345
1395,58.60276189518183,63.256658595641646,6.869972926589675
1396,57.51858122004545,75.05800464037122,5.820862688910466
1397,56.20472094024079,76.44124168514412,5.617384010801969
1398,55.31023267987932,77.18733225979602,5.84457294524814
1399,55.01767633879931,77.53813782219885,5.6070474034300535
1400,54.6601206457591,77.96610169491525,5.138891653635506
1401,54.23543015827048,78.4607696151924,5.3140535758594085
1402,54.03780963087815,77.81065088757397,4.195141386877066
1403,54.03780963087815,75.88757396449704,3.507476134634663
1404,56.006413581895885,75.47738693467336,2.71154793928074
1405,57.08570169226207,74.94897959183673,2.3605424116617146
1406,57.78275424655981,74.30340557275542,1.7043173072503985
1407,58.197509949580585,73.54469854469855,1.900508059584901
1408,58.3695528384133,73.56621480709072,1.3792779514980764
1409,58.31255980788625,73.69791666666667,0.8990854402033199
1410,58.02215105962697,74.61139896373057,1.7903888470131528
1411,57.47355868127426,75.41067761806981,2.412629265254683
1412,56.604984909851055,76.08915906788248,2.3522398115166974
1413,55.23617822191259,76.64342629482071,2.5833608471524285
1414,53.80765627767503,77.2238514173998,2.9263430476028396
1415,51.34244875550825,77.714012434242,3.4484855023360574
1416,50.85235297150405,78.99952807928268,3.2248935109796104
1417,50.19631491425799,80.13921113689095,2.7518246418731027
1418,49.347026679760134,81.12778535698044,2.6900019610232753
1419,47.11700971039145,81.67330677290836,2.6745397249165914
1420,46.87517551792157,83.73520385795703,3.019795281980658
1421,46.84777875309181,84.66608084358523,3.6590533475895928
1422,47.06205857014915,84.62566844919786,4.326541120487553
1423,47.2220126135298,84.63963963963964,4.956437246705736
1424,47.32829391371725,84.70961887477314,5.49348923084411
1425,47.38132916013456,84.8360655737705,6.347044086130195
1426,47.38132916013456,85.01821493624772,7.070899064460854
1427,47.32829391371725,85.2540834845735,7.685357577390704
1428,47.2220126135298,85.54054054054055,8.37401623112468
1429,47.06205857014915,85.87344028520499,8.939852943324674
1430,46.84777875309181,86.24780316344464,9.609356216344434
1431,46.57827729255735,86.65803108808291,10.24098967183016
1432,46.95239855298234,86.5916955017301,10.541242565693105
1433,47.84145994473263,85.90989399293287,10.148106723611184
1434,49.50911594424954,83.38600451467269,8.35345299873048
1435,51.08754934172496,84.8960739030023,9.947293124746436
1436,52.18622282975952,86.57560056523788,11.766190424068753
1437,52.176611582111896,85.7276119402985,11.268342639911864
1438,51.50086237811886,81.25,7.77882587033
1439,50.73886124557474,76.98961937716263,6.619590277608029
1440,50.41946048081203,74.60721868365181,6.07876582219372
1441,50.46728080505347,74.24564385890353,6.2797256005946664
1442,50.32319536321188,73.76006782534972,6.546177395688627
1443,49.979346516465114,73.32490518331227,6.876626929048268
1444,49.776517743960376,73.04785894206549,6.621472766497108
1445,49.57394543169878,72.92539815590948,6.330846918218475
1446,49.49080767832456,73.39488040285354,6.437835206632373
1447,49.714617659181535,73.70417193426043,5.911894859573346
1448,49.758878753838765,74.10375369042598,5.6959541632826705
1449,49.95968508050813,75.28613819415007,5.339304635706117
1450,49.22644643967452,75.49307595467897,5.457747089808035
1451,48.11489440004939,75.61076604554866,5.6979058036348205
1452,46.11718082313342,75.64154786150714,6.0599522839176645
1453,46.003194762079374,75.3146569224523,6.589794095110877
1454,45.773095045468004,75.07059298104075,7.043427854763285
1455,45.422377265560776,74.91010787055534,7.573077674038223
1456,44.943583639426464,74.83234714003945,8.13909751900467
1457,44.32519250885535,74.83495145631068,8.803849763685907
1458,43.54947853083099,74.91422035836828,9.520534886579883
1459,42.58804496600895,75.55057857409481,10.002232842788606
1460,41.39090231009862,76.08457892818082,11.003405834676233
1461,39.85043159013203,76.51865008880995,11.64138325466595
1462,37.45369440806314,76.85664939550949,12.285871544976068
1463,35.597749787986764,77.25898555592879,13.0482300348612
1464,34.26295746937662,77.33022636484687,13.610312949703767
1465,35.867277605171836,76.98873335609423,14.417130040593605
1466,37.91183349710333,76.3765541740675,15.1086014210941
1467,39.501971742950445,75.63676633444075,14.952496528378878
1468,40.82554747403146,74.76062811183455,15.698534513779544
1469,43.37535321235595,74.1523733546071,16.560131236190795
1470,45.07577797570317,73.41352136043136,17.754003826921668
1471,46.44041319260271,72.53551442100732,17.594639745001228
1472,47.577629114156395,71.5113687026304,17.962471566453626
1473,48.53828568641009,71.11929986181484,18.474982941233492
1474,49.47933466607945,70.42320494531621,19.387925029311567
1475,50.384484875240574,69.24963217263364,21.083042942375336
1476,51.08777201445841,67.85894206549118,22.12249364333621
1477,51.667586655086396,66.32284682826199,19.397631741221144
1478,52.134539977872286,65.12361914781694,19.74312593838319
1479,53.66386949808006,64.00431732325958,18.804054658948214
1480,55.32469483477035,63.34261838440111,15.049428372311155
1481,56.51189051211938,62.578796561604584,13.853827547387402
1482,59.07273868276908,62.11583924349882,12.943056262384026
1483,60.605268672892464,61.60388821385176,11.064754563844085
1484,61.65420491979615,61.007462686567166,10.865586248474067
1485,62.84610557731334,60.52129688493325,9.89293257167133
1486,63.957657616938455,60.155743024010384,8.368619090928641
1487,64.42289666209395,59.40983606557377,5.686497738938902
1488,64.97148904044666,58.991373589913735,5.711963404008384
1489,65.26189778870595,59.385437541750164,6.292645268478807
1490,65.22262570163284,59.17278185456971,7.6051228321216024
1491,64.87877685488607,58.0964970257766,9.55783075947957
1492,64.31399804114655,57.26384364820847,8.536893216090764
1493,64.03289240554737,55.626598465473144,10.803499852283982
1494,63.40149582948143,53.992628992628994,10.727890659423847
1495,63.40149582948143,54.11547911547912,15.779796842657799
1496,63.40149582948143,54.238329238329236,17.013365683989846
1497,63.049379737345525,72.5195429945881,5.009339104663963
1498,61.64931431441653,74.5019920318725,5.513808746911957
1499,59.91481015077878,76.16998386229156,4.879811096005541
1500,57.332176563271744,77.55205688166582,4.563225629704796
1501,56.48433224371292,79.82498784637822,3.1767308618391796
1502,55.52419398996014,81.6999535531816,2.752722756941623
1503,54.4355091145202,83.29641116526362,2.8764794506542493
1504,53.19430413357449,84.63486703250317,2.7428605388731797
1505,53.19430413357449,84.63486703250317,2.932101672966466
1506,53.19430413357449,84.63486703250317,3.2358403718146187
1507,53.19430413357449,84.63486703250317,3.617255938779728
1508,53.19430413357449,84.63486703250317,4.031026996922023
1509,53.19430413357449,84.63486703250317,4.431624440583757
1510,53.19430413357449,84.63486703250317,4.849491337152314
1511,53.19430413357449,84.63486703250317,5.311287432861804
1512,53.19430413357449,84.63486703250317,5.801284484358647
1513,53.19430413357449,84.63486703250317,6.3128761058840634
1514,53.19430413357449,84.63486703250317,6.834581584930594
1515,53.19430413357449,84.63486703250317,7.330611329942036
1516,53.19430413357449,84.63486703250317,7.817236135892572
1517,53.19430413357449,84.63486703250317,8.286249767362477
1518,53.19430413357449,84.63486703250317,8.703009361901303
1519,53.19430413357449,84.63486703250317,9.058567015563188
1520,53.19430413357449,84.63486703250317,9.348104732961474
1521,53.19430413357449,84.63486703250317,9.581862416443572
1522,53.19430413357449,72.60447446179823,14.400476739687983
1523,53.19430413357449,77.6276910088645,13.409601004559613
1524,53.19430413357449,82.81975517095822,10.414103311461261
1525,53.19430413357449,88.18066694807936,6.402986766114092
1526,52.00529856230433,89.40797422472815,5.294903992899067
1527,50.6478632810337,90.40307101727447,4.851102394318507
1528,49.07057341268414,91.11517367458866,4.700643948969871
1529,47.74655417903406,91.56752974107768,4.622733312321659
1530,46.833186488575,92.36718224613315,4.026578366297562
1531,45.824194908405005,93.54422207876048,3.0726983862908743
1532,44.707635622938106,94.52012383900929,2.8616155531574776
1533,43.466985140369104,95.31157270029674,2.39191379936363
1534,42.07802191525287,95.93519044911882,2.1938663743572664
1535,39.82284231447881,96.1977186311787,2.022257913776424
1536,37.426944563020456,96.51676631141149,2.231290903903245
1537,36.449126620352565,96.64292980671414,3.2624743289584766
1538,35.78398592843652,96.34888438133875,3.120101279669879
1539,34.199495492016425,95.88695432752965,3.229620971446784
1540,33.53891376504316,95.50138225684846,3.2667831281680018
1541,32.3523941170824,94.92880339745192,3.3562864693062853
1542,31.237385632398052,94.57441513190642,3.440613444201418
1543,30.504146991564436,94.210786739238,3.5297172355753585
1544,29.392594951939305,93.93716249386353,3.552818503405548
1545,27.39488137502334,93.58288770053476,3.678209839907977
1546,27.39488137502334,94.23918327661643,3.537522959648482
1547,27.16761639090059,94.71643238002909,3.434721819009464
1548,27.16761639090059,95.56471158507028,3.620467762693036
1549,27.16761639090059,96.50993698497334,3.922095859513019
1550,27.16761639090059,97.55210857973825,4.870386869574887
1551,26.58183151359001,97.97882579403273,5.464399195365179
1552,25.79767184037256,98.30710538865046,6.411945258103386
1553,25.317539458283893,98.43453510436433,7.652819599559094
1554,26.142697262282383,96.20222544750847,7.929176235143273
1555,26.142697262282383,92.11417513304306,6.303396102933296
1556,26.142697262282383,88.12288340590227,5.961064714903559
1557,26.142697262282383,84.22835026608611,6.870326426434796
1558,26.142697262282383,96.25060474117078,9.61020826896367
1559,26.91451663922095,96.05328071040947,10.522413839334561
1560,28.32490193516867,95.56410256410257,11.661831460067312
1561,29.587500353082625,94.91209376664891,11.75404695955363
1562,30.480827531380882,93.66740088105728,11.584164444681846
1563,31.058149381885038,91.82229767968307,10.692522007165211
1564,31.581695194427805,90.04065040650407,10.54764079908464
1565,32.053398151230574,87.86436644854254,9.232893279152384
1566,32.474902287077356,91.42335766423358,11.695147842117882
1567,32.84760412805717,91.24767225325884,12.131572190000885
1568,33.52316908551119,90.65688775510205,12.275538101638816
1569,34.45701593036069,89.47194719471948,11.954899048107217
1570,35.293070168073484,88.06275579809004,10.787654304297298
1571,35.6772815512965,85.13513513513513,8.656568315084998
1572,35.6772815512965,80.94248094248094,6.07422123707164
1573,35.6772815512965,76.88842688842689,3.8514177088847514
1574,35.6772815512965,73.28482328482329,4.035052303207648
1575,35.6772815512965,82.5017325017325,7.117791274728574
1576,35.6772815512965,82.5017325017325,7.073472589411478
1577,36.16471470539676,80.11343495214463,5.048410313976875
1578,36.37737698145847,76.87612208258528,2.803219782267051
1579,36.54208859763888,73.48567283278926,2.5009841087774225
1580,36.65937369464722,70.55169894044575,3.8472713956646607
1581,36.72959969035187,75.81651376146789,3.4180866422383387
1582,36.75298431274902,75.78096288129365,3.828026706140156
1583,36.72959969035187,75.81651376146789,4.234416700927774
1584,36.65937369464722,75.92254293021557,4.637342856021493
1585,36.54208859763888,76.09720710917664,4.885527844876917
1586,36.37737698145847,76.3375224416517,5.010084855666607
1587,36.16471470539676,76.63948954271535,5.296307520483967
1588,35.90341058650318,76.99825479930192,5.3868240351285435
1589,35.59259226852833,77.4082961947206,5.457018458076204
1590,35.23118752087876,77.86362109506214,6.5796966352725725
1591,34.81789989633785,78.35796387520526,6.287395486772449
1592,34.35117724131658,78.88497276513938,6.177688479100455
1593,33.829170929309285,79.43837753510141,6.246997032916219
1594,33.24968277049444,80.13345465574766,6.027047550937252
1595,32.61009516052113,82.16073005593171,5.404779333724219
1596,31.9072778635321,83.82310984308131,5.142901724446572
1597,31.137461331154803,85.52885943109638,5.138410780234384
1598,30.233191059673853,86.90317417978127,5.324854818569629
1599,29.24425564587594,88.08236808236808,5.564207698346808
1600,29.24425564587594,88.08236808236808,5.71309008317737
1601,29.24425564587594,88.08236808236808,5.916551040568797
1602,29.24425564587594,88.08236808236808,6.161982087032331
1603,29.24425564587594,88.08236808236808,6.395921579755292
1604,29.24425564587594,88.08236808236808,6.6061268963888455
1605,29.24425564587594,88.08236808236808,6.642593158177871
1606,29.24425564587594,88.08236808236808,6.634301274557335
1607,30.864827145522383,87.81899500131544,6.783541691909366
1608,30.864827145522383,83.47803209681663,8.309802592397087
1609,30.864827145522383,79.2423046566693,10.371096245472849
1610,30.864827145522383,67.1928439884241,15.970986634884937
1611,30.864827145522383,79.18968692449356,11.278681064587415
1612,30.864827145522383,83.42541436464089,9.308294625740158
1613,30.864827145522383,87.7663772691397,6.728153351521961
1614,29.789111692491193,88.84098402231803,6.035775783141212
1615,28.91242359067799,89.20775079715477,6.313002942003602
1616,27.959315785839927,89.61839298411945,6.334163821429194
1617,26.92266043037578,90.68436713206684,6.170990683446373
1618,25.79331962414455,91.60592003534349,6.065191201945068
1619,24.55921229341952,92.39292563392286,5.77454865974795
1620,23.31268416878409,93.13181163890603,5.262509968622661
1621,21.94499171792611,93.7512398333664,5.257802280139796
1622,20.43178400200824,94.24143868375741,5.282847596739016
1623,20.43178400200824,94.24143868375741,5.409319508166068
1624,20.43178400200824,94.24143868375741,5.540978887763019
1625,20.43178400200824,85.6131624258657,11.543463534600566
1626,20.43178400200824,89.30552898412091,8.811395494660422
1627,20.43178400200824,93.07442127415344,5.939721209014115
1628,20.43178400200824,96.91983929596327,2.5348336108721616
1629,18.73415965787299,97.23298284449363,2.4840293497181887
1630,16.77980335110601,97.4568735550418,2.4296930434720503
1631,14.380341667677907,97.59986284930568,2.422322454734761
1632,12.955280621804253,97.67866025534737,2.4019088712167105
1633,11.385788426729555,97.8675645342312,2.316258251912652
1634,9.632923475414996,98.1088203379321,2.197587201802018
1635,7.6243323911702685,98.27663719466507,2.0990361771309662
1636,5.1716057614728665,98.37751702158482,2.0307595498129274
1637,1.7263595531412619,98.43137254901961,1.9341865911100629
1638,1.7263595531412619,98.43137254901961,1.8611086671375257
1639,1.7263595531412619,98.43137254901961,1.7829568694767892
1640,1.7263595531412619,98.43137254901961,1.635164728092539
1641,1.7263595531412619,98.43137254901961,1.6885917366614462
1642,1.7263595531412619,98.43137254901961,1.815523483383076
1643,1.7263595531412619,98.43137254901961,2.005804566619053
1644,1.7263595531412619,98.43137254901961,3.744689739056359
1645,1.7263595531412619,98.43137254901961,4.52081463306025
1646,1.7263595531412619,98.43137254901961,4.905677777392663
1647,1.7263595531412619,98.43137254901961,5.076205850980667
1648,1.7263595531412619,98.43137254901961,5.341061445313457
1649,1.7263595531412619,98.43137254901961,5.893175891381933
1650,3.0370119579712087,98.40501281686129,6.609527473220079
1651,5.237557751852812,98.2773851590106,7.44814491878428
1652,7.115975381672694,98.08219178082192,8.578090434128494
1653,8.781452263906967,97.81308999370674,9.968513893035606
1654,10.285745784398873,97.59349593495935,11.589959370564776
1655,11.659258326629562,97.47983870967742,12.152432470569993
1656,12.922007284400156,97.36202707393267,12.68257578218717
1657,14.088155445306416,97.24014336917563,13.173887364143612
1658,17.453077977345956,97.13381723431975,13.67158430169989
1659,20.393200816589808,97.00251402049894,14.149344391957499
1660,21.65223816792427,94.97239747634069,12.743224437673602
1661,21.65223816792427,91.12776025236593,10.136530103744363
1662,23.74811714606106,90.79918032786885,10.22815454080189
1663,25.756513153800547,90.43255913062008,10.308708291062294
1664,27.651202211498845,80.22611394369319,5.5922563058266155
1665,29.28793942647535,83.44477749596496,6.0750374692101525
1666,30.738989163871405,86.76576360584991,8.707989313859239
1667,32.23624242085604,90.2944111776447,12.080908412827334
1668,32.49552581254941,88.3970992748187,11.454048079732603
1669,32.49552581254941,84.27106776694174,8.777475809201967
1670,34.126496535946686,82.02965235173824,8.381658319223478
1671,35.340817865380345,79.74915077083878,6.898279686802763
1672,35.340817865380345,75.75124118108178,5.709290491954615
1673,35.340817865380345,71.85785210347531,5.529775069687847
1674,35.340817865380345,68.06898353801934,6.089942652369319
1675,35.340817865380345,79.59237000261301,6.976544552409802
1676,35.340817865380345,79.59237000261301,7.3455013683028785
1677,35.340817865380345,79.59237000261301,7.766612986667738
1678,35.340817865380345,79.59237000261301,8.285600170415744
1679,35.340817865380345,79.59237000261301,8.919492522277995
1680,35.340817865380345,79.59237000261301,9.686439737862173
1681,35.340817865380345,79.59237000261301,10.561252954522976
1682,35.340817865380345,79.59237000261301,11.508253980764614
1683,35.340817865380345,79.59237000261301,12.553510882378065
1684,37.11782248174488,78.8382874284156,13.526975143807094
1685,38.93200557316216,78.0849244799088,14.629691382093986
1686,38.93200557316216,73.89569677970933,14.46711678856161
1687,38.93200557316216,69.82046166999145,15.712419320705097
1688,38.93200557316216,66.08720433171844,15.705562090023637
1689,38.93200557316216,74.15218010829297,19.19337088823725
1690,38.93200557316216,74.15218010829297,20.06233844543209
1691,38.93200557316216,74.15218010829297,20.956355968853078
1692,38.93200557316216,74.15218010829297,21.846831557234008
1693,38.93200557316216,74.15218010829297,22.70730618796067
1694,40.243108019199404,72.98662704309064,23.791140273397726
1695,42.03203522242192,71.85461323392357,23.987535309085914
1696,43.978085232658046,70.79127320091176,24.041146094384963
1697,45.59650815845212,69.56670078471511,25.215510517687196
1698,46.72557425202971,67.97292483078019,25.050252785218547
1699,47.78607433196254,66.23280029750836,23.157495793054554
1700,48.737457675522656,64.28848390849166,22.973537531477515
1701,49.59157998135678,62.45458215583367,19.057328751434305
1702,50.3573356473662,60.80570709190096,19.784594091162962
1703,51.29874264237883,58.69469995619799,18.823396881180425
1704,52.39474182256014,56.507791017415215,21.53693520933262
1705,53.587447909447405,54.32692307692308,20.40351889291267
1706,54.626001481791185,52.31621349446123,23.91734597315012
1707,55.53426222302561,43.31578947368421,8.554917825586722
1708,56.328356680710925,45.60922063666301,5.152640736699664
1709,57.01979190539534,48.51598173515982,3.9947550455480543
1710,57.617075996293764,51.65680473372781,12.340393662166234
1711,58.67100193274446,50.417163289630516,2.5214887646718256
1712,59.76544016180655,49.63811821471653,3.07623659009221
1713,60.31702483530987,48.8456865127582,4.726297340625057
1714,60.489751401138626,48.47746650426309,5.14723697503884
1715,60.31702483530987,48.8456865127582,7.3815959173769485
1716,59.76544016180654,49.63811821471653,8.060394799264971
1717,58.67100193274446,50.417163289630516,8.411245695245151
1718,57.669830472243,51.74866627148785,3.3003097226454106
1719,57.631301902835055,53.522794552989936,7.0155684209677
1720,57.63130190283504,55.59502664298402,5.594496922117161
1721,58.140869450989406,59.81651376146789,5.841721557323085
1722,58.212037654667526,63.02469135802469,6.452600594362883
1723,59.049804907317835,64.38271604938272,5.310371799576086
1724,60.31604909429398,64.88693467336684,4.808367409309712
1725,61.06871224016594,65.20356234096693,4.509779227072573
1726,60.63062047910462,64.14267834793492,5.6888699517128325
1727,60.03762825722136,62.806372549019606,8.768966110392281
1728,59.40201725337565,61.377245508982035,10.350927895051415
1729,59.61084426802456,70.62043795620438,3.8414863372875425
1730,59.754649156523975,75.39975399753997,5.495153087702086
1731,58.45530814885077,76.5995260663507,6.226836462346947
1732,58.501795792400515,76.51605231866826,6.726771187268209
1733,58.4863068921357,76.54394299287411,6.857519556716407
1734,58.40875750659518,76.68240850059031,6.656392765933936
1735,58.268724488188504,76.92757009345794,6.925343468916165
1736,58.06543142171212,77.27272727272727,7.597793799991709
1737,57.797722063716385,77.70880361173815,7.5260308517672225
1738,57.95618240201461,77.22660653889515,7.472856746779118
1739,58.469671814052894,75.63073394495413,5.7216169886003065
1740,58.835593478289304,71.42857142857143,3.3964758896761897
1741,59.06415298650497,71.5456674473068,3.4304872080326856
1742,59.16113503133228,72.26792009400705,3.90144108056681
1743,59.12887110207335,73.2981220657277,4.448051298051789
1744,59.06415298650497,74.47306791569086,4.235341906921673
1745,57.66623667266827,73.68119266055047,3.9187907003664297
1746,56.399418065839015,71.83257918552036,3.3053744346899374
1747,56.129662588015925,70.57174887892377,2.688127235274994
1748,55.71592059953805,68.47345132743362,2.8838880144947714
1749,55.145438156972745,69.6195652173913,2.81823727549164
1750,54.397164243396645,70.1063829787234,2.77683656557422
1751,53.43501697411418,70.90248962655602,2.682546624687184
1752,52.18911463019631,71.5725806451613,2.4579471800303025
1753,50.47320302852659,72.119140625,2.3656016735809864
1754,48.95336021787975,72.54528122020973,2.7840978413384185
1755,48.95336021787975,72.59294566253575,3.586542620650133
1756,49.247081255945865,73.57487922705315,5.813861915470643
1757,49.45481264007562,74.29268292682927,7.183562088331588
1758,49.52712214658982,77.28830151737641,9.559025847558067
1759,48.80053855415863,77.65497357039885,11.352142623947678
1760,48.35967045684244,77.98383262006656,13.945182625462483
1761,48.35967045684244,77.98383262006656,15.278305228458493
1762,48.35967045684244,77.98383262006656,16.20007854413663
1763,48.80053855415863,78.76021143680923,16.839597935701402
1764,49.52712214658982,80.51884483602545,18.542572153581165
1765,50.202506307687955,80.10994502748626,18.564989272298106
1766,50.505078200302364,78.59666834931852,18.245615567161902
1767,50.505078200302364,72.74103987884907,15.052558309525688
1768,50.505078200302364,72.3372034326098,14.955885719695047
1769,50.505078200302364,72.3372034326098,15.188197922141178
1770,50.505078200302364,72.79151943462898,16.302987979047117
1771,50.74016269038892,77.8738555442523,18.712508523223548
1772,51.4751758586746,75.6585879873551,17.621632428667574
1773,52.10508852951874,73.17736670293797,17.57895848845907
1774,52.520015781324524,70.08356545961003,15.588573725225865
1775,52.740877808639844,66.87394007914075,13.504915987419206
1776,52.892874404088055,63.049685893774985,11.076715783338292
1777,53.0358353151063,59.30835734870317,10.639372377481767
1778,53.164779299518415,56.18826263800116,12.043314435047488
1779,53.21986556449785,52.59475218658892,9.728624118358105
1780,53.201515092250794,44.78741991846243,9.411247175829722
1781,53.10958809098671,51.76606832657788,10.621460440910761
1782,52.943377521018306,55.41547277936963,14.373447201482024
1783,52.70157577089585,58.949745906267644,13.772425200435917
1784,51.30788672359417,60.97560975609756,13.969561614649276
1785,49.4519421035178,62.79190451478983,12.975619217742645
1786,47.83798465898864,64.00602409638554,15.565985649849667
1787,47.41179754148746,64.8529411764706,17.591610176999595
1788,48.36765526571134,64.97313141182218,18.056498784390417
1789,49.13789062569463,63.72597338590439,18.056834405915527
1790,49.13789062569463,62.09955643173977,20.93268908266462
1791,49.13789062569463,60.67028092656481,23.613817854028127
1792,49.13789062569463,59.4381468703795,25.76408858038798
1793,49.13789062569463,60.47313947757516,27.19176191517169
1794,49.13789062569463,60.47313947757516,28.691132337969528
1795,49.7364619536498,59.910581222056635,30.27834515189931
1796,50.605035725073,60.694514343231,31.370440075503996
1797,51.15362810342572,61.24936515997968,32.43966092480403
1798,50.350014223519004,59.030837004405285,32.99377282681978
1799,50.06051601391829,55.640902544407105,36.00906024277843
1800,51.19987463753725,53.73134328358209,34.152982960904154
1801,52.799998356157595,53.18518518518518,35.85995994867258
1802,53.92206547222623,52.75113579000505,36.2276312869411
1803,54.367761793955616,53.160040774719675,36.63839423180976
1804,54.117000616469554,52.232814851981935,36.083789127733965
1805,53.55983378742479,50.315380883066474,32.0597113924405
1806,53.55983378742479,45.70596797671033,29.674588812322792
1807,53.84785557265164,42.79368213228035,30.401544287370978
1808,54.367761793955616,40.21406727828746,33.24318846651871
1809,54.91151847101422,37.23012111637704,
1810,55.46978556433546,34.186173108328795,
1811,55.94733728812955,26.416152551878856,
1812,57.59964617821145,27.495621716287214,
1813,57.59964617821145,26.970227670753065,
1814,57.92677447253707,27.582089552238806,
1815,58.298559687551645,27.49391727493917,
1816,58.66796365774833,26.85185185185185,
1817,58.90989968831213,27.119700748129677,
1818,59.29894139092675,27.444794952681388,
1819,59.77595836903671,28.278950735764557,
1820,59.673413086017035,27.514231499051235,
1821,59.273153922526475,25.476923076923075,
1822,58.792696000270375,24.20989862850328,
1823,58.22767583863089,23.37363270005757,
1824,57.572426700482346,31.246537396121884,
1825,56.81952821240446,34.1839447102605,
1826,55.9590877954115,36.94656488549618,
1827,55.20133723445171,39.228138739618956,30.027101794429182
1828,55.656296032556796,32.76723276723277,
1829,56.483218339424646,34.20229405630865,
1830,57.20873296439959,35.613463626492944,8.92550428447154
1831,57.84144726132745,36.97857948139797,8.577068554838306
1832,57.84144726132745,37.429537767756486,8.088394399883418
1833,57.84144726132745,38.50056369785795,8.254790152425661
1834,57.84144726132745,39.79706877113867,5.8750273445088625
1835,57.62855459094889,41.04143337066069,12.176654629165695
1836,57.26671769422711,42.30343300110742,13.563448359940432
1837,56.74397865227932,43.12977099236641,15.078286912199328
1838,57.70440990989742,40.935005701254276,10.207710786890997
1839,58.53150449708178,38.58501783590963,12.581975104671017
1840,59.24114170694128,36.093943139678615,14.021087530896766
1841,59.55555432035493,32.9137822529893,15.684078617876807
1842,59.55555432035493,29.32662051604783,13.690272758207213
1843,59.55555432035493,25.991189427312776,15.221412338718892
1844,59.55555432035493,23.41095028319698,16.648385783100416
1845,59.55555432035493,24.921334172435493,18.900654127283385
1846,59.55555432035493,28.130899937067337,20.878422612617193
1847,59.55555432035493,31.592196349905603,24.768248927477163
1848,59.55555432035493,35.30522341095028,27.369607102296264
1849,58.65794358346401,37.613019891500905,29.45242336747751
1850,58.05139399048234,38.976148923792906,31.065185594745927
1851,57.34528275847259,40.51482932288752,22.3625934263494
1852,56.52986190011558,42.88781535158347,15.483310455154047
1853,55.59168200058866,44.99229583975347,13.309762416950726
1854,54.51137837052155,46.64051005394801,10.653212089084445
1855,53.25914756752561,48.5273492286115,13.368542567546765
1856,52.066441480638346,50.33467202141901,17.64806749702563
1857,50.6811333137977,51.680136112292644,17.01156902923076
1858,49.89625243320438,54.54545454545455,16.441948420446955
1859,49.89625243320438,58.82108758821087,15.834745479683825
1860,49.89625243320438,63.26276463262764,15.154574953965975
1861,48.372389279892836,64.70122675108824,10.611282299242713
1862,46.518243016706634,65.96306068601584,10.947763017924624
1863,43.81985215781761,67.06135629709365,9.729014543238767
1864,42.901086274357844,68.48463928201588,7.962427411923092
1865,43.81985215781761,71.18765697883029,8.392850785994145
1866,44.646621110516215,73.89199255121042,6.1275082874652815
1867,45.389215334077285,76.57275183326901,5.00357730245295
1868,45.389215334077285,76.57275183326901,5.203103385471364
1869,45.389215334077285,77.22886916248552,5.0251043698688855
1870,45.46887360737967,78.22050290135397,4.853228060394916
1871,45.44235598417102,79.126401236954,4.700712534696748
1872,45.309238312386974,79.93839045051983,4.281030957391664
1873,44.28845374645826,81.55452436194895,3.201846597364978
1874,44.52726651059432,84.12387299098393,2.816421031716459
1875,44.52726651059432,85.73108584868679,3.516285240794159
1876,43.45518763477478,85.81314878892734,3.562785435849246
1877,42.032683437081424,85.78412937194435,3.56032254454182
1878,39.74758020273331,85.65137614678899,3.5978340925618904
1879,38.254838687196674,85.66821927624507,3.7943690995440633
1880,35.90341058650318,85.5846422338569,4.294225405981719
1881,36.16471470539676,84.863523573201,5.129869306959111
1882,36.37737698145847,84.16517055655297,6.120519480063154
1883,36.54208859763888,83.49655422560754,6.961485175858203
1884,36.65937369464722,82.86445012787723,7.619016645182999
1885,36.72959969035187,74.45871559633028,12.880487725730404
1886,36.75298431274902,77.6920249908122,12.170931625239172
1887,36.72959969035187,80.8440366972477,11.336515833165334
1888,36.65937369464722,83.88746803069054,9.6238010576401
1889,35.98247449849813,83.82509776039815,10.114941125164545
1890,35.21435471795466,83.81083879875733,10.611730391457803
1891,34.34629788310056,83.8407494145199,11.069223377547416
1892,33.36661006113057,83.91065069601812,11.581086276360255
1893,32.258996450732774,84.01626524867063,11.802573073712539
1894,30.999445344277476,84.36462420766676,11.99105762640603
1895,29.549369357282334,84.84143148094269,12.0125681062821
1896,27.836744358343196,85.20594003922668,11.89508906615992
1897,25.673467537837958,85.46778107306551,12.109505332217209
1898,24.094468310916263,87.33474352194607,10.909248171271583
1899,24.094468310916263,90.95716552088842,8.461888616126558
1900,24.094468310916263,94.6853516657853,5.217768650417233
1901,24.094468310916263,98.5193019566367,2.732745391644468
1902,23.803010610264064,98.54166666666667,2.7825247456891433
1903,23.469358303053795,98.5663082437276,2.8133037131850274
1904,23.092680150804856,98.5929648241206,2.8584755910917417
1905,22.672004296676736,98.62136878385031,2.9105372939076397
1906,22.206201171185725,98.65125240847784,2.945063266926813
1907,21.693962234043738,98.68235294117648,2.9891838604817007
1908,21.13377341556091,98.71441689623508,3.017031064866431
1909,20.52388169805002,98.74720357941834,3.0436500001757905
1910,19.862252664107675,98.78048780487805,3.031616881674239
1911,19.14651592853603,98.81406183820415,3.069187124733563
1912,18.373893986906367,98.8477366255144,3.076070688964561
1913,17.541107850748812,98.88134238913304,3.097358829276367
1914,16.64424935008254,98.91472868217055,2.936180700450099
1915,15.678604147459765,98.94776399849681,2.759421055356044
1916,14.638399322788548,98.98033503277495,2.825494876082286
1917,13.516430700908893,99.01234567901234,2.834701912824452
1918,12.303488665441556,99.04371584699453,2.853549704201452
1919,10.987424673037834,99.07438016528926,2.859476610150879
1920,9.551523848511046,99.10428662827896,2.8530300843089447
1921,7.971385463025239,99.24172082946457,2.809668462012429
1922,6.208061115907181,99.4311377245509,2.75062621906929
1923,4.189190988298596,99.5511149724877,2.7369773837574587
1924,1.7263595531412619,99.6078431372549,2.7257830765545505
1925,-0.0,99.61432506887053,2.72757664911058
1926,-0.0,99.61432506887053,2.726648856555587
1927,-0.0,99.61432506887053,2.7180607776978873
1928,-0.0,99.61432506887053,2.7041898957119312
1929,-0.0,99.61432506887053,2.69688863720938
1930,-0.0,99.61432506887053,2.707399803611309
1931,-0.0,99.61432506887053,2.7246393699907427
1932,1.7263595531412619,99.6078431372549,2.755714760563164
1933,4.189190988298596,99.5511149724877,2.8094803520591647
1934,4.189190988298596,96.17723718505647,3.9510358459411847
1935,4.189190988298596,92.86128004633652,6.116072843817305
1936,4.189190988298596,89.60324355632783,8.88528680691839
1937,4.189190988298596,98.33478134955112,2.264360664195209
1938,4.189190988298596,98.33478134955112,2.26172573936766
1939,4.189190988298596,98.33478134955112,2.254481060272461
1940,4.189190988298596,98.33478134955112,2.2346467832613146
1941,4.189190988298596,98.33478134955112,2.1958487854057642
1942,4.189190988298596,98.33478134955112,2.134731993565963
1943,4.189190988298596,98.33478134955112,2.0569029796314147
1944,4.189190988298596,98.33478134955112,1.9068164290769307
1945,4.189190988298596,98.33478134955112,2.0193616867534683
1946,4.189190988298596,98.33478134955112,2.5823654843525072
1947,4.189190988298596,98.33478134955112,2.568054030893417
1948,4.189190988298596,98.33478134955112,2.5592422150495935
1949,4.189190988298596,98.33478134955112,2.557412296467009
1950,4.189190988298596,98.33478134955112,2.5664539243347386
1951,4.189190988298596,98.33478134955112,2.5842674798420986
1952,4.189190988298596,98.33478134955112,2.60937006040259
1953,4.189190988298596,98.33478134955112,2.636405705907274
1954,4.189190988298596,98.33478134955112,2.6644593681655597
1955,4.189190988298596,98.33478134955112,2.696878546377813
1956,4.189190988298596,98.33478134955112,2.734106740164595
1957,4.189190988298596,98.33478134955112,2.77253282167942
1958,4.189190988298596,98.33478134955112,2.819055694244194
1959,5.237557751852812,98.2773851590106,2.8587489309953833
1960,7.115975381672694,98.11263318112633,2.9038507265862963
1961,8.781452263906967,97.84455632473254,2.9380544373933035
1962,10.285745784398873,97.4959349593496,2.9685035640394886
1963,11.659258326629562,97.19422043010752,3.008439191994289
1964,11.659258326629562,93.58198924731182,2.9259396618943008
1965,11.659258326629562,90.03696236559139,4.978433181493977
1966,11.659258326629562,86.71034946236558,7.677559269329006
1967,11.659258326629562,94.89247311827957,1.4686914525107952
1968,11.659258326629562,94.89247311827957,1.4686914525107952
1969,11.659258326629562,94.89247311827957,1.8495396625584832
1970,11.659258326629562,94.89247311827957,1.9148312101781118
1971,11.659258326629562,94.89247311827957,1.8924435002835658
1972,11.659258326629562,94.89247311827957,1.9842727616574822
1973,11.659258326629562,94.89247311827957,2.0817674203606367
1974,11.659258326629562,94.89247311827957,2.1843833229951555
1975,11.659258326629562,94.89247311827957,2.2666442563913507
1976,11.659258326629562,94.89247311827957,2.338938745111962
1977,11.659258326629562,94.89247311827957,2.4029099273592482
1978,11.659258326629562,94.89247311827957,2.4631114692840965
1979,11.659258326629562,94.89247311827957,2.5169828467934887
1980,11.659258326629562,94.89247311827957,2.5610760757881543
1981,11.659258326629562,94.89247311827957,2.599460535768987
1982,11.659258326629562,94.89247311827957,2.623705454151338
1983,11.659258326629562,94.89247311827957,2.6398500469983843
1984,11.659258326629562,94.89247311827957,2.6094591150114357
1985,11.659258326629562,94.89247311827957,2.703098937721863
1986,11.659258326629562,94.89247311827957,3.139250508759646
1987,11.659258326629562,94.89247311827957,3.9779731874182653
1988,11.659258326629562,94.89247311827957,4.059337930172544
1989,12.303488665441556,86.40710382513662,6.798912388825355
1990,13.516430700908893,89.11816578483246,4.97655759615318
1991,14.638399322788548,92.04297159504735,3.641594498921134
1992,15.678604147459765,95.0206689214581,3.7939319493668626
1993,15.678604147459765,95.47162720781661,4.245401472090963
1994,16.170357449286655,95.72519083969466,4.573107106805642
1995,17.10096089097604,95.59228650137742,4.887148021355763
1996,17.96524917371215,95.45823195458232,6.401458972708308
1997,18.76750748907386,95.32359081419624,7.356798317609281
1998,19.511310838753325,95.18900343642612,8.25952908250222
1999,20.199673880968806,95.0551876379691,8.892982650703098
2000,20.835160403763748,94.92293744333635,9.781265249895446
2001,21.41996507621385,94.79311947931195,10.543965146015486
2002,21.955975637726866,94.66666666666667,10.983279514904654
2003,22.444820949912174,94.54456892352654,11.619450166495138
2004,22.672004296676736,92.51600196947317,11.319618019886407
2005,22.672004296676736,88.65091088133924,10.024532920968124
2006,22.672004296676736,84.88429345150172,9.533755198438287
2007,22.672004296676736,81.21614967996061,9.510481426227484
2008,24.281800607632984,90.85656870133133,15.089487975939292
2009,26.50789226579414,90.40522875816994,16.5728860189879
2010,28.285033278234305,89.82866467228719,17.537085426817036
2011,29.801421267149575,89.11506926774102,17.970024208169512
2012,32.06499429263574,88.46040624080071,18.093936865866308
2013,34.228271113140984,87.87227509978509,18.66908196601393
2014,35.94089611208012,87.136,19.117920244645397
2015,37.31088623897102,86.18048618048618,19.149951939520072
2016,37.31088623897102,74.39227439227439,11.381015111035873
2017,37.466160334662355,75.0,11.60098285511455
2018,37.740913209960794,76.16120218579235,12.507441965221753
2019,39.391280164616056,78.31282952548331,14.10240532074498
2020,41.23319437136922,72.80289330922243,11.293925163785442
2021,42.61215980141888,74.6750835499443,12.137421904625693
2022,44.57099812320946,76.59168890583301,13.62041109178735
2023,44.23732873874327,74.9719835636907,12.596425503229659
2024,44.05081244612194,71.96158108607314,10.820081057686643
2025,44.05081244612194,67.78721832286664,9.139027842327552
2026,44.23732873874327,64.77400074710496,6.005229976305556
2027,44.57099812320946,62.180709111704154,2.1014413641409155
2028,44.8531930612505,59.44897167248739,3.3674555431933664
2029,45.08492702104353,56.59708546671918,3.792844592538987
2030,45.26700756222628,62.136309286568356,2.848670668047373
2031,45.4000541811836,62.28387615601126,2.9185841353402755
2032,45.4845114290094,62.555600485240596,2.8282330022716686
2033,45.52065802442352,62.95095257397649,2.847674586488186
2034,45.50861244079122,63.46699068448765,2.7656973080869895
2035,45.4483352516775,64.09842678499395,5.868043032192462
2036,45.33962835220949,64.83780536643972,7.665600237417048
2037,45.182131017457245,65.67578279825605,8.577259336369432
2038,44.97531259932813,66.60148611654283,10.245785326999423
2039,44.718461484793174,67.602924201616,12.694018691077373
2040,44.41066972234985,68.66742166855417,15.015585590101166
2041,44.41066972234985,66.89316723291809,14.839355162834806
2042,45.359511552690634,66.08030592734225,15.927531097621374
2043,46.818168506047016,66.07912260086174,17.02169435020568
2044,47.9287357193753,66.02641056422569,17.65368220357194
2045,49.69669590805655,66.107931316435,18.64932879910027
2046,50.99328909836372,66.50124069478908,19.99965665083828
2047,50.74382844540792,65.44417277913611,19.682425821691876
2048,50.197453638876446,63.34913112164297,15.627478648486434
2049,49.58526736360612,61.19174942704355,16.12422430521848
2050,49.58526736360612,57.142857142857146,19.20001555532332
2051,49.58526736360612,67.57066462948816,25.04812982534606
2052,49.89979678847304,66.35586635586635,24.683980685437096
2053,50.47866770984919,63.764044943820224,21.429289444134398
2054,50.99328909836372,60.8767576509512,18.976427419899153
2055,51.85478310713958,58.283261802575105,18.486495776958936
2056,52.98696424972508,55.969479353680434,20.856526412448208
2057,53.97889401112552,53.79568884723524,17.367506011751065
2058,54.8500774126506,51.07421875,15.503698635647659
2059,55.61412060703349,48.47715736040609,17.452006258055565
2060,56.280947389128876,46.26315789473684,17.06599079476545
2061,56.858013134400665,38.84657236126224,4.664185578278182
2062,57.35102400640953,40.91928251121076,3.8234307251658612
2063,57.76438811523731,43.67088607594937,7.919598098224662
2064,58.50922090563162,45.68709101725164,10.82356455502278
2065,58.770659745887464,45.82338902147971,11.234596085237119
2066,58.443531451561846,44.807467911318554,6.837748639810268
2067,58.04273180260812,43.63636363636363,3.4698872962710854
2068,57.56518007881402,42.33737596471885,3.9180297954898973
2069,56.96075475807441,42.671009771986974,4.153394818561381
2070,56.13169777974994,42.01277955271566,7.17851993556499
2071,55.00963066368131,41.15504682622269,10.24521130213406
2072,53.44266461319865,40.13191273465246,13.577388699769722
2073,52.433422848401634,39.702233250620345,16.125568422170176
2074,51.069625317277115,39.18722786647315,16.96278965457489
2075,48.83960834790844,38.2228490832158,18.777338706207892
2076,47.44502955796788,42.494226327944574,13.074908102968202
2077,47.2677556663633,44.66330737517178,8.310559309099471
2078,47.4352482273525,47.89254284390922,5.1345126521266975
2079,47.54650272556626,51.1899206719552,6.750094945146585
2080,46.490721121115776,52.64586160108548,7.194398538240949
2081,45.2039681337178,54.0008745080892,7.044601393962466
2082,43.57817086954806,55.250948966680724,5.838743968023194
2083,43.38715406724104,58.04429586293356,6.252483734932979
2084,42.9484139999871,60.253786328284896,5.023389094786772
2085,42.43106351101442,62.335065973610554,5.6615694056491055
2086,41.83061314334549,64.1994546162836,4.931133924515424
2087,41.72190624387747,64.52611218568666,5.377185499189177
2088,41.56440890912523,64.95595557257755,6.554722822320257
2089,41.35759049099611,65.4820415879017,6.647692836782876
2090,41.100739376461156,66.09601786378862,7.350978122515018
2091,40.792947614017834,66.78845451223968,6.81083724649349
2092,40.43309033778992,67.54919499105546,7.003021394396887
2093,40.01979874454412,68.3677036001398,6.398512543810739
2094,40.540232047277314,68.69989543394911,5.836878325392953
2095,41.727427724626345,68.42852075203973,6.332671899635113
2096,42.62673788288628,68.05905653583004,6.470862128334988
2097,42.99171977993246,67.23450525552737,8.137641060228505
2098,42.99171977993246,67.08952519028634,7.9862789400266285
2099,42.99171977993246,66.50960492932222,8.758598101647557
2100,42.99171977993246,66.83581007611454,8.66971020086646
2101,42.87947882898321,68.08818214672931,7.050737115903169
2102,42.56728961848392,68.37576192183579,6.81632498028402
2103,43.06660393185634,71.87615186140803,3.95813739078742
2104,43.508077019854994,75.50094517958412,3.526828466656627
2105,43.89363324991743,79.22630560928434,4.016633663596935
2106,41.17802096698112,79.2388847023361,4.356787578600366
2107,40.59820632635315,80.07407407407408,5.129249289718497
2108,41.04079846883337,79.82029202545863,5.517496618114634
2109,41.8053534570912,76.78503245513555,6.181526176170241
2110,42.426826829698825,78.01941747572816,6.287584737680151
2111,42.92006602774474,79.04686884600237,7.248826989827808
2112,43.295092349266554,79.92831541218638,7.720161330256749
2113,43.05298781964911,80.22195798652398,8.20572212280511
2114,41.954763446925085,76.91137314568277,9.30878377494365
2115,40.704314827280385,73.64199781261392,10.654807240976101
2116,40.704314827280385,69.23076923076923,14.089086077496972
2117,40.704314827280385,77.79803135253373,10.363605373324228
2118,40.704314827280385,77.79803135253373,10.857415893621916
2119,40.704314827280385,77.79803135253373,11.333660522965225
2120,40.704314827280385,77.79803135253373,11.79442508130591
2121,40.704314827280385,69.44950783813343,16.475584736827894
2122,40.704314827280385,73.56908494349253,14.525463889520676
2123,40.704314827280385,78.12613926358001,12.413930249943565
2124,40.704314827280385,82.82901932191032,8.015171419848711
2125,39.92049109314964,84.33650123196058,7.606696466776374
2126,39.3827118202491,86.65754361956894,5.938627493539161
2127,38.783697129411635,88.74875539329572,4.7523153222235255
2128,38.12037704725483,90.61395049823209,3.5657800815293754
2129,37.03219458117979,91.83168316831683,2.599121970313127
2130,35.39808155530873,92.44668246445498,2.087286471906124
2131,33.43674384461997,92.91383219954649,2.237860782004501
2132,30.63405442567495,93.24837310195228,2.326628454544489
2133,30.63405442567495,93.24837310195228,2.3230025551131614
2134,30.63405442567495,93.24837310195228,2.5160563107584326
2135,30.63405442567495,93.24837310195228,2.7612082097530757
2136,30.63405442567495,93.24837310195228,3.045626421812085
2137,30.63405442567495,93.24837310195228,3.356950844642949
2138,30.63405442567495,93.24837310195228,3.6526477718238275
2139,30.63405442567495,93.24837310195228,3.9419179995953417
2140,30.63405442567495,93.24837310195228,4.231589644877752
2141,30.63405442567495,93.24837310195228,4.511153237161492
2142,30.63405442567495,93.24837310195228,4.7658912940701095
2143,30.63405442567495,93.24837310195228,4.997940060167296
2144,30.63405442567495,93.24837310195228,5.216846629746832
2145,30.63405442567495,93.24837310195228,5.432419916730296
2146,30.63405442567495,93.24837310195228,5.634159574653966
2147,30.63405442567495,93.24837310195228,5.827285581292906
2148,30.63405442567495,93.24837310195228,6.007621213624371
2149,30.63405442567495,93.24837310195228,6.17968385185204
2150,30.63405442567495,93.24837310195228,6.370585166908568
2151,30.63405442567495,82.75488069414317,13.187578947510024
2152,30.63405442567495,86.90347071583514,10.92876017393597
2153,30.63405442567495,91.16052060737528,8.308617926582748
2154,30.63405442567495,95.52603036876356,4.460195894263618
2155,29.65225901914499,96.49398220826792,4.076926595674064
2156,28.5765435661138,97.30070635721493,3.26851577489501
2157,27.39488137502334,97.95819154107924,3.124469718659205
2158,26.533752755743322,98.02352941176471,3.154465114888839
2159,25.599659901241502,98.08830223031407,3.1824549579963852
2160,24.58622972056152,98.152221733392,3.230393327194603
2161,23.485399778342604,98.21504462388441,3.2507351629537253
2162,22.28669197794863,98.27656955272876,3.2464162813598154
2163,20.97599255761768,98.33663366336634,3.2454211051210557
2164,19.533330376884944,98.39510890332441,3.248953087630935
2165,17.928346738474204,98.69148544047181,3.0542621241409114
2166,16.10932556229681,98.89797369356559,2.9226586274052955
2167,13.967118527182038,99.0229688035653,2.830750471080864
2168,10.987424673037834,99.07438016528926,2.7368882253908153
2169,9.551523848511046,99.10428662827896,2.6081474652195578
2170,7.971385463025239,99.24172082946457,2.4068267828197434
2171,6.208061115907181,99.4311377245509,2.1311863017191293
2172,4.189190988298596,99.5511149724877,1.9548733476634728
2173,1.7263595531412619,99.6078431372549,1.7712622438149186
2174,-0.0,99.61432506887053,1.6118175130629946
2175,-0.0,99.61432506887053,1.4942791474042156
2176,-0.0,99.61432506887053,1.8358762048086346
2177,-0.0,99.61432506887053,2.751509908005964
2178,-0.0,99.61432506887053,4.0362482582359975
2179,-0.0,99.61432506887053,4.119759361404743
2180,1.7263595531412619,99.6078431372549,4.213405929779888
2181,4.189190988298596,99.5511149724877,4.294153489133968
2182,6.208061115907181,99.4311377245509,4.388988652940185
2183,8.827110556016208,99.33395291201983,4.492611163329041
2184,11.259098746546254,99.26211100417068,4.650757451635173
2185,13.246584244576374,99.11960132890366,4.895770298045489
2186,14.885322521102173,98.86519944979368,5.292553078223113
2187,16.362388864300907,98.52313167259787,5.9970060622729395
2188,17.708167467037534,98.08541973490428,6.974676437352313
2189,18.942656497084737,97.54379284082255,8.201171980112496
2190,20.079998400478647,97.2244094488189,8.561623843514283
2191,21.130701753416755,96.88771358828316,8.897440179976897
2192,22.102861419175802,96.53361344537815,8.637643500252722
2193,23.00288503472535,96.16218560277537,8.788031855314687
2194,23.835952739924835,95.7737030411449,8.876906907243349
2195,24.228738477962736,93.53007945516458,7.6588709667473625
2196,24.228738477962736,89.51191827468786,5.595759995862363
2197,24.228738477962736,85.58456299659478,5.286897243058593
2198,24.228738477962736,81.74801362088536,6.592251640470443
2199,24.228738477962736,93.66628830874006,9.703774326259163
2200,24.228738477962736,93.66628830874006,10.178800731706932
2201,24.228738477962736,93.66628830874006,10.637191987102087
2202,25.869757814411216,93.53418308227114,11.044332335052953
2203,26.603484759771344,92.12222487467176,10.344167281610073
2204,27.279461461303534,90.54286416113978,9.438184699189335
2205,27.900426053797545,88.79070941681394,8.753058813716635
2206,28.19102033760214,85.95548733691481,7.355547191912763
2207,28.19102033760214,81.88795088257866,5.911367944405701
2208,28.19102033760214,77.9227423893579,4.888062980539262
2209,28.19102033760214,74.0598618572525,5.979169944105668
2210,28.19102033760214,84.44614991046303,8.193702359468046
2211,28.19102033760214,84.44614991046303,8.927083608834424
2212,28.19102033760214,84.44614991046303,9.70537201657248
2213,28.19102033760214,84.44614991046303,10.52443809451079
2214,28.19102033760214,84.44614991046303,11.402277220789143
2215,28.19102033760214,84.44614991046303,12.369957039727044
2216,29.804451829980632,84.11288215312256,13.29498412656971
2217,29.804451829980632,79.90593153906454,11.277923667535093
2218,29.804451829980632,75.80350143715704,10.568104844064907
2219,29.804451829980632,71.80559184740005,9.954777420370968
2220,29.804451829980632,78.99137705774758,13.583051097210166
2221,29.804451829980632,78.99137705774758,14.002428402721295
2222,29.804451829980632,78.99137705774758,14.269570788444147
2223,31.00102500044101,78.54283426741394,14.53531063676883
2224,33.22711665860217,77.52715121136174,13.878708146168046
2225,35.00425767104233,76.35782747603834,13.456486902872001
2226,36.52064565995761,75.02270663033606,12.267656496622317
2227,37.84840773234856,73.50993377483444,11.787495534806629
2228,39.02624337726166,72.36626189694782,10.65776551734365
2229,40.07828664922753,71.20436711020129,9.985976075459815
2230,41.02096622747739,70.03188097768331,9.134197775809406
2231,41.86612295200079,68.85787734116784,8.405911813611672
2232,42.62263497931121,67.692892436336,7.8163176810255965
2233,43.29734871200394,66.54888103651355,7.541816422408206
2234,44.552580208937286,65.11627906976744,7.923565407138434
2235,46.153087674368074,63.209560392658986,10.170891261539373
2236,47.48740638998121,61.078912171199285,11.024243598249846
2237,48.62731539688806,54.02138540213854,13.146281867275917
2238,49.11377970350295,55.51839464882943,11.797074468482347
2239,49.52712214658982,56.87714145863926,8.558223917307718
2240,49.870221565360836,58.07096451774113,12.904977539632632
2241,49.90999472261327,63.845768652979466,8.778362271651428
2242,49.870221565360836,66.66666666666667,6.248832648946869
2243,49.75054564458252,69.39890710382514,3.8421461899711526
2244,48.45120463690931,70.55421686746988,4.673549187596696
2245,46.684870348320565,71.56177156177156,4.659623793549872
2246,45.168165729035856,72.46244879380974,5.100371535227838
2247,44.848800397185315,73.41999103541013,4.739843300614946
2248,44.4491309028928,74.43906731192257,5.170360156851838
2249,43.96549130874906,75.50581145071028,5.310403869726588
2250,43.3930542009349,76.60646787064259,5.520519340851553
2251,42.725471538333096,77.72782999591337,5.499651396438761
2252,41.954311774633304,79.33359777865927,5.739496310226826
2253,41.526470365267095,80.00780944943382,5.666945154015232
2254,41.526470365267095,79.92971495509566,5.704432393333467
2255,41.1035939598698,78.74470542934155,5.729350587517401
2256,41.1035939598698,75.24066230265692,7.566636866178636
2257,41.1035939598698,72.23719676549865,9.740588960094446
2258,41.1035939598698,69.11821332306508,11.766779772357271
2259,41.1035939598698,70.42741624951867,12.327030083810383
2260,41.1035939598698,73.70042356565267,9.905251479300597
2261,41.1035939598698,77.1274547554871,8.62241318185791
2262,41.1035939598698,80.70850981902196,6.246486190876486
2263,40.664911346342656,83.32066869300913,4.303394855850604
2264,39.62962727491147,84.46244477172313,4.550585379811465
2265,38.42077711420539,85.36324786324786,4.48961747410405
2266,36.9872697765873,86.10729023383769,4.694032560862725
2267,36.9872697765873,86.10729023383769,5.035948921472708
2268,36.9872697765873,86.10729023383769,5.117572972369247
2269,36.9872697765873,86.10729023383769,5.108854082613452
2270,36.9872697765873,86.10729023383769,5.169447235669394
2271,36.9872697765873,86.10729023383769,5.165446210827905
2272,36.9872697765873,86.10729023383769,5.236446538088637
2273,36.9872697765873,80.05502063273728,10.067879199854868
2274,36.9872697765873,83.52819807427785,7.098798931572422
2275,36.9872697765873,87.13892709766162,5.462900641158315
2276,36.9872697765873,90.88720770288859,3.946669534409264
2277,36.42249081807828,91.30581867388362,3.878772220770695
2278,36.42249081807828,91.30581867388362,3.9119402086344413
2279,36.42249081807828,91.30581867388362,4.163713158484977
2280,36.42249081807828,83.28822733423546,7.2838224510941645
2281,36.42249081807828,86.77266576454669,5.965211468791505
2282,36.42249081807828,90.39242219215156,5.239993233044114
2283,36.42249081807828,94.14749661705007,6.160522725372981
2284,35.77713531052227,94.45735147693328,6.496508421607466
2285,35.66843126091766,94.49390042861853,6.649098375110069
2286,35.51583802613202,94.54426657954917,6.846946766326821
2287,35.960550077560036,94.27631578947368,6.727085197353435
2288,35.72790400421029,90.16872160934459,4.861947402689238
2289,35.44945171815319,86.07918263090677,4.745582578286947
2290,35.124370658770786,82.03761755485894,6.6077094817370625
2291,34.75166881779097,88.48280098280098,4.283524348649719
2292,34.33016468194418,90.87087087087087,4.729520210209244
2293,33.85846172514142,93.05392731535756,6.017229206521126
2294,33.33491591259865,95.03141062250143,7.261302386243156
2295,32.634752588396374,95.35404422054296,7.77503149787475
2296,31.0877841694507,91.6151572158022,5.197525824825207
2297,29.567830543260254,89.12702561421851,4.519729857209309
2298,28.52359068356016,86.53353814644137,4.236369067877022
2299,27.92923641947639,82.82652043868394,5.571205060633657
2300,27.281080527639183,79.25351429956375,9.635944435575578
2301,26.576599934410773,75.82391713747646,11.958732402776908
2302,25.812818065048926,86.40931932389219,3.586196156884275
2303,24.986195592388118,86.78033658104518,3.5954314534610083
2304,24.09248078947079,87.15143715143715,3.5652480613960122
2305,23.126499171924163,87.52076411960132,3.4917651975957402
2306,22.081848413707558,87.88670148654077,3.3830813814662193
2307,20.950438645348804,88.24786324786325,3.2093260871228773
2308,19.721765992086894,88.60307923394667,3.1380645065717045
2309,18.381692439340792,88.95137880986938,2.3927369376603416
2310,16.910224001095706,89.51980371538731,2.234390102855223
2311,15.276980434961576,89.99661475964794,1.749715945583698
2312,13.430225319290118,90.38901601830663,1.6224949176717793
2313,11.260791106882175,90.70391414141415,2.1210363539916046
2314,9.080804928021236,91.00335468130528,3.0310708646666833
2315,6.064004032844547,91.23453152622275,2.9872676089176418
2316,6.064004032844547,91.23453152622275,2.9951919876222672
2317,6.064004032844547,91.23453152622275,3.01546112570093
2318,6.064004032844547,91.23453152622275,3.0425312547803927
2319,6.064004032844547,91.23453152622275,3.080711206279796
2320,6.064004032844547,91.23453152622275,3.1232628275695076
2321,6.064004032844547,91.23453152622275,3.18378982587358
2322,6.064004032844547,91.23453152622275,3.267337231381629
2323,6.064004032844547,91.23453152622275,3.353360167152222
2324,6.064004032844547,91.23453152622275,3.894631299943601
2325,6.064004032844547,91.23453152622275,4.112719543310331
2326,6.064004032844547,91.23453152622275,4.1976205190962235
2327,6.064004032844547,91.23453152622275,4.281469710125554
2328,6.064004032844547,91.23453152622275,4.368140817600093
2329,7.780300883352802,91.12709832134293,4.40752241941898
2330,10.635971610182217,90.8766485647789,4.340983238015681
2331,11.931268895691376,89.0257381967472,3.794942614555559
2332,11.931268895691376,85.63082267487762,3.396710063943679
2333,11.931268895691376,82.29906837201958,4.988685366638591
2334,11.931268895691376,79.03047528817306,8.361623060498047
2335,11.931268895691376,87.65198168324649,2.8895591803061778
2336,11.931268895691376,87.65198168324649,3.199936147669937
2337,11.931268895691376,87.65198168324649,3.475581396920637
2338,11.931268895691376,87.65198168324649,3.540238336270843
2339,11.931268895691376,87.65198168324649,3.5324921048196787
2340,11.931268895691376,87.65198168324649,4.016984304749382
2341,11.931268895691376,87.65198168324649,4.43699629012334
2342,11.931268895691376,87.65198168324649,4.83094055305545
2343,11.931268895691376,87.65198168324649,5.195885021700627
2344,11.931268895691376,80.75161850623716,10.174037088144189
2345,11.931268895691376,84.02021159008369,7.540340958954722
2346,11.931268895691376,87.25722406442445,6.180891814918976
2347,11.931268895691376,90.68372019579978,4.849846468934549
2348,10.635971610182215,90.81458494957332,5.07900594039759
2349,10.635971610182215,90.81458494957332,5.277938070109862
2350,10.635971610182215,90.81458494957332,5.456370257912237
2351,10.635971610182215,90.81458494957332,5.6271455830961665
2352,10.635971610182215,82.97905352986811,10.25290074751501
2353,10.635971610182215,86.25290923196276,8.357299746524948
2354,10.635971610182215,89.588828549263,6.4173537553504145
2355,11.931268895691376,92.89436286120322,4.358654452026378
2356,11.931268895691376,92.89436286120322,4.4440434122716965
2357,11.931268895691376,92.89436286120322,4.530972295601298
2358,9.494028068517103,89.72090895226475,6.803019499518208
2359,9.494028068517103,86.41146865944792,9.221380812170773
2360,9.494028068517103,96.1262772609425,1.8021309173033084
2361,9.494028068517103,96.1262772609425,1.8021309173033084
2362,9.494028068517103,96.1262772609425,1.8021309173033084
2363,9.494028068517103,96.1262772609425,1.8021309173033084
2364,9.494028068517103,96.1262772609425,1.8021309173033084
2365,9.494028068517103,96.1262772609425,1.8021309173033084
2366,9.494028068517103,96.1262772609425,1.9542139596104133
2367,9.494028068517103,96.1262772609425,1.8884431411095168
2368,9.494028068517103,96.1262772609425,1.8726510112320618
2369,9.494028068517103,96.1262772609425,2.1695957297262307
2370,9.494028068517103,96.1262772609425,2.4251806293005496
2371,9.494028068517103,96.1262772609425,2.644288255975397
2372,9.494028068517103,96.1262772609425,2.828375549209889
2373,9.494028068517103,96.1262772609425,2.9938801661286343
2374,9.494028068517103,96.1262772609425,3.146956474406486
2375,9.494028068517103,96.1262772609425,3.2949197111046478
2376,9.494028068517103,96.1262772609425,3.4311465847999867
2377,9.494028068517103,96.1262772609425,3.5528136072653793
2378,9.494028068517103,96.1262772609425,3.660332574736575
2379,9.494028068517103,96.1262772609425,3.7559367163245225
2380,9.494028068517103,96.1262772609425,3.842838410324888
2381,9.494028068517103,96.1262772609425,3.9223989576642126
2382,9.494028068517103,96.1262772609425,4.001478034921898
2383,9.494028068517103,96.1262772609425,4.08528893950299
2384,9.494028068517103,96.1262772609425,4.177524844785424
2385,9.494028068517103,96.1262772609425,4.27086493494849
2386,9.494028068517103,88.05856336739363,9.909732390423288
2387,9.494028068517103,91.3985054140613,7.904590641215412
2388,9.494028068517103,94.79945096843069,4.981647086216444
2389,9.494028068517103,98.26140003050175,2.3376251036086044
2390,6.064004032844547,98.32056570418385,2.3395285954806937
2391,3.0370119579712087,98.39077185986898,2.3093531257880424
2392,3.0370119579712087,98.39077185986898,2.3841416115236327
2393,3.0370119579712087,98.39077185986898,2.3005183927512793
2394,3.0370119579712087,98.39077185986898,2.245633466711619
2395,3.0370119579712087,98.39077185986898,2.427941941938954
2396,3.0370119579712087,98.39077185986898,2.589501682398731
2397,3.0370119579712087,98.39077185986898,2.7335163810728496
2398,3.0370119579712087,98.39077185986898,2.867442875873146
2399,3.0370119579712087,98.39077185986898,2.990139906293441
2400,3.0370119579712087,98.39077185986898,3.095828490826485
2401,3.0370119579712087,98.39077185986898,3.1872740432288666
2402,3.0370119579712087,98.39077185986898,3.2730512984210396
2403,3.0370119579712087,98.39077185986898,3.3510366026558187
2404,3.0370119579712087,98.39077185986898,3.4247108843784466
2405,3.0370119579712087,98.39077185986898,3.4901510949916053
2406,3.0370119579712087,98.39077185986898,3.5501024460590145
2407,3.0370119579712087,98.39077185986898,3.6086094146865415
2408,3.0370119579712087,98.39077185986898,3.660460753248986
2409,3.0370119579712087,98.39077185986898,3.7033914677462567
2410,3.0370119579712087,98.39077185986898,3.7461471816943477
2411,3.0370119579712087,98.39077185986898,3.791031231626112
2412,3.0370119579712087,89.71802905155226,9.714856666844174
2413,3.0370119579712087,92.9507262888066,7.401420184365474
2414,3.0370119579712087,96.24038735403019,4.685509845504372
2415,3.0370119579712087,99.58701224722302,2.4858932787431227
2416,-0.0,99.61432506887053,2.4035749542290987
2417,-0.0,99.61432506887053,2.3219299033424905
2418,-0.0,99.61432506887053,2.1470854928979883
2419,-0.0,99.61432506887053,2.065877278115714
2420,-0.0,99.61432506887053,2.433049809708791
2421,-0.0,99.61432506887053,3.320834905970465
2422,-0.0,99.61432506887053,3.345507967670685
2423,-0.0,99.61432506887053,3.380813779932614
2424,-0.0,99.61432506887053,3.4187581666709916
2425,-0.0,99.61432506887053,3.4556813134823385
2426,1.7263595531412619,99.6078431372549,3.4928868644981432
2427,4.189190988298596,99.5511149724877,3.526106713383692
2428,6.208061115907181,99.4311377245509,3.562468357232109
2429,7.971385463025239,99.24172082946457,3.5608168696253726
2430,9.551523848511046,99.10428662827896,3.6017588744188926
2431,10.987424673037834,99.07438016528926,3.8891307447697154
2432,13.35434947684245,99.04175222450377,4.561439911970225
2433,15.753811160270553,98.95278665246717,4.636449245283918
2434,17.708167467037534,98.78497790868924,4.704951030851509
2435,19.405791811172783,98.5299732722413,4.7213552311494595
2436,21.854810480185865,98.33465503568597,4.749995030366066
2437,24.20794410663599,98.20618556701031,4.831825292511921
2438,25.200693390376173,96.08915054667789,4.144942610667831
2439,25.200693390376173,92.1152228763667,4.123928173148396
2440,25.200693390376173,88.22539949537426,6.164342443729646
2441,25.200693390376173,84.41968040370058,8.659478823749222
2442,25.200693390376173,96.34146341463415,2.966334482649162
2443,25.200693390376173,96.34146341463415,3.024004353866694
2444,25.200693390376173,96.34146341463415,3.0799308597252653
2445,25.200693390376173,96.34146341463415,3.139087541692418
2446,25.200693390376173,96.34146341463415,3.2083154136918064
2447,25.200693390376173,96.34146341463415,3.2911944832352753
2448,25.200693390376173,96.34146341463415,3.3942529464439004
2449,26.115053958244676,96.1835334476844,3.4489553670647592
2450,26.115053958244676,92.13121783876501,2.85189485675763
2451,26.115053958244676,88.16466552315609,4.996716572919131
2452,26.115053958244676,84.28387650085763,7.845108497206694
2453,26.115053958244676,93.2032590051458,1.1940766402365275
2454,26.115053958244676,93.2032590051458,1.1940766402365275
2455,26.115053958244676,93.2032590051458,1.1940766402365275
2456,26.115053958244676,93.2032590051458,1.1940766402365275
2457,26.115053958244676,93.2032590051458,1.1940766402365275
2458,26.115053958244676,93.2032590051458,1.1940766402365275
2459,26.115053958244676,93.2032590051458,1.192777925704711
2460,26.115053958244676,93.2032590051458,1.1911158534122765
2461,26.115053958244676,93.2032590051458,1.1911158534122765
2462,26.115053958244676,93.2032590051458,1.1911158534122765
2463,26.115053958244676,93.2032590051458,1.8852141090471588
2464,26.115053958244676,93.2032590051458,1.975484932091807
2465,26.115053958244676,93.2032590051458,1.9708164003235702
2466,26.115053958244676,93.2032590051458,2.2304973519852194
2467,26.115053958244676,93.2032590051458,2.4588024446005607
2468,26.115053958244676,93.2032590051458,2.6680966329092404
2469,26.115053958244676,93.2032590051458,2.890166245308343
2470,26.115053958244676,93.2032590051458,3.1367851225187016
2471,26.115053958244676,93.2032590051458,3.394068599608196
2472,26.115053958244676,93.2032590051458,3.6548741031423506
2473,26.115053958244676,93.2032590051458,3.9181145869293736
2474,26.115053958244676,93.2032590051458,4.161477424037579
2475,26.115053958244676,93.2032590051458,4.38525365784144
2476,26.115053958244676,93.2032590051458,4.598215853291131
2477,26.115053958244676,93.2032590051458,4.803458381425165
2478,26.115053958244676,93.2032590051458,4.990720158620969
2479,26.115053958244676,93.2032590051458,5.167333290283647
2480,26.115053958244676,93.2032590051458,5.3338666412722375
2481,26.115053958244676,93.2032590051458,5.50042495879391
2482,26.115053958244676,93.2032590051458,5.6788726007990435
2483,26.115053958244676,84.30531732418525,11.706455634447988
2484,26.115053958244676,88.18610634648371,9.314558633100415
2485,26.115053958244676,92.15265866209262,6.594760243748461
2486,26.115053958244676,96.204974271012,3.3096386627769796
2487,24.81652181066634,96.33995037220843,3.1526885807256515
2488,23.38578352444559,96.47129186602871,3.024363417544165
2489,21.79248994842348,96.84857801691007,2.631937769236019
2490,19.984933997751146,97.12962962962963,2.7689296206835063
2491,17.853975837208683,97.32334047109208,2.8783412067148473
2492,14.885322521102173,97.43810178817057,3.0062283855722938
2493,13.246584244576374,97.74086378737542,3.0761948418453025
2494,11.39443387713584,97.96213093709885,3.1188544853551488
2495,9.219700334919128,98.1091134531928,3.1915427733449695
2496,6.208061115907181,98.18862275449102,3.2805573832724977
2497,4.189190988298596,98.34926151172893,3.3232097478993503
2498,1.7263595531412619,98.43137254901961,3.3803001749634585
2499,1.7263595531412619,98.43137254901961,3.4445004349565753
2500,1.7263595531412619,98.43137254901961,3.505070062802308
2501,1.7263595531412619,98.43137254901961,3.566842383266003
2502,1.7263595531412619,98.43137254901961,3.6292146154616702
2503,1.7263595531412619,98.43137254901961,3.6931635373777083
2504,1.7263595531412619,98.43137254901961,3.767858746031467
2505,1.7263595531412619,98.43137254901961,3.8452244837060143
2506,1.7263595531412619,89.81792717086834,9.60825237147406
2507,1.7263595531412619,93.02521008403362,7.395562592995596
2508,1.7263595531412619,96.28851540616246,4.812476794134112
2509,1.7263595531412619,99.6078431372549,2.7713829468684654
2510,-0.0,99.61432506887053,2.7707040249445107
2511,-0.0,99.61432506887053,2.7696005668730277
2512,-0.0,99.61432506887053,2.7682200072480136
2513,-0.0,99.61432506887053,2.7665857813091064
2514,-0.0,99.61432506887053,2.7647213139369162
2515,-0.0,99.61432506887053,2.7626562784604234
2516,-0.0,99.61432506887053,2.760419301930801
2517,-0.0,99.61432506887053,2.75803034222968
2518,-0.0,99.61432506887053,2.755503489762332
2519,-0.0,99.61432506887053,2.7528607599923136
2520,-0.0,99.61432506887053,2.7501222832665078
2521,-0.0,99.61432506887053,2.7472772290698497
2522,-0.0,99.61432506887053,2.7443201306977305
2523,-0.0,99.61432506887053,2.7412480062090205
2524,-0.0,99.61432506887053,2.738052298769034
2525,-0.0,99.61432506887053,2.7347207332280474
2526,-0.0,99.61432506887053,2.7312619534708302
2527,-0.0,99.61432506887053,2.7312619534708302
2528,-0.0,99.61432506887053,2.7312619534708302
2529,-0.0,99.61432506887053,2.7312619534708302
2530,-0.0,99.61432506887053,2.7270986269229245
2531,-0.0,99.61432506887053,2.722947791874338
2532,-0.0,99.61432506887053,2.718809573345653
2533,-0.0,99.61432506887053,2.714683913902036
2534,-0.0,99.61432506887053,2.710570756456732
2535,-0.0,99.61432506887053,2.7064700442684475
2536,-0.0,99.61432506887053,2.70238172093874
2537,-0.0,99.61432506887053,2.6983057304094227
2538,-0.0,99.61432506887053,2.6942420169600125
2539,-0.0,99.61432506887053,2.6901905252051854
2540,-0.0,99.61432506887053,2.6861512000922683
2541,-0.0,99.61432506887053,2.682123986898727
2542,-0.0,99.61432506887053,2.6781088312297183
2543,-0.0,99.61432506887053,2.6741056790156237
2544,-0.0,99.61432506887053,2.670114476509631
2545,-0.0,99.61432506887053,2.6661351702853255
2546,-0.0,99.61432506887053,2.6621677072343046
2547,-0.0,99.61432506887053,2.658212034563824
2548,-0.0,99.61432506887053,2.654268099794439
2549,-0.0,99.61432506887053,2.650335850757704
2550,-0.0,99.61432506887053,2.6464152355938597
2551,-0.0,99.61432506887053,2.642506202749552
2552,-0.0,99.61432506887053,2.638111472906655
2553,-0.0,99.61432506887053,2.4740142583344653
2554,-0.0,99.61432506887053,2.3622722163241066
2555,-0.0,99.61432506887053,2.5306656169993653
2556,-0.0,99.61432506887053,2.53460696810545
2557,-0.0,99.61432506887053,2.5450775359613345
2558,-0.0,99.61432506887053,2.5565478240375237
2559,-0.0,99.61432506887053,2.568385764080425
2560,-0.0,99.61432506887053,2.5803558183391675
2561,-0.0,99.61432506887053,2.592568822307266
2562,-0.0,99.61432506887053,2.5999330764532593
2563,-0.0,99.61432506887053,2.6030402209146244
2564,-0.0,99.61432506887053,2.603334635244667
2565,-0.0,99.61432506887053,2.6015546997777816
2566,-0.0,99.61432506887053,2.59414614179876
2567,-0.0,99.61432506887053,2.5839501339694304
2568,-0.0,99.61432506887053,2.580558210569427
2569,-0.0,99.61432506887053,2.5926453802929603
2570,-0.0,99.61432506887053,2.6091497270557156
2571,-0.0,99.61432506887053,2.6381354168518754
2572,1.7263595531412619,99.6078431372549,2.6805020969641418
2573,1.7263595531412619,96.28851540616246,3.889960661842709
2574,1.7263595531412619,93.02521008403362,6.273220651148594
2575,1.7263595531412619,89.81792717086834,8.776201284765937
2576,1.7263595531412619,98.43137254901961,2.0665614588697814
2577,1.7263595531412619,98.43137254901961,2.055078578439033
2578,1.7263595531412619,98.43137254901961,2.0317343992078443
2579,1.7263595531412619,98.43137254901961,1.992507411712007
2580,1.7263595531412619,98.43137254901961,1.9422223684331579
2581,1.7263595531412619,98.43137254901961,1.8056101167686212
2582,1.7263595531412619,98.43137254901961,1.7766748412015176
2583,1.7263595531412619,98.43137254901961,2.169180917597332
2584,1.7263595531412619,98.43137254901961,3.0122469113585177
2585,1.7263595531412619,98.43137254901961,3.0259309071819187
2586,1.7263595531412619,98.43137254901961,3.040585659708208
2587,1.7263595531412619,98.43137254901961,3.0600512517488836
2588,1.7263595531412619,98.43137254901961,3.087683606991598
2589,1.7263595531412619,98.43137254901961,3.1213214476755695
2590,1.7263595531412619,98.43137254901961,3.159621575333623
2591,1.7263595531412619,98.43137254901961,3.1967547842956887
2592,1.7263595531412619,98.43137254901961,3.229669103190383
2593,1.7263595531412619,98.43137254901961,3.264624596285052
2594,1.7263595531412619,98.43137254901961,3.301995199111476
2595,1.7263595531412619,98.43137254901961,3.3379630713870143
2596,3.4502350984670764,98.40478564307078,3.3780694706641414
2597,5.908035540662013,98.30608337015761,3.405085025694118
2598,7.921788301071479,98.14166031987814,3.43467413228605
2599,9.679905889030268,97.90518191841235,3.467851031349604
2600,12.190555897802513,97.71726724278493,3.4872453675029598
2601,12.955280621804249,95.73868346874482,2.9476094193469144
2602,12.955280621804249,92.17376886088543,4.060886210324508
2603,12.955280621804249,88.6751782457304,6.376456962996981
2604,12.955280621804249,85.24291162327972,8.825469937374118
2605,12.955280621804249,95.22467252528602,1.4609243360160817
2606,12.955280621804249,95.22467252528602,1.4609243360160817
2607,12.955280621804249,95.22467252528602,1.4609243360160817
2608,12.955280621804249,95.22467252528602,1.4609243360160817
2609,12.955280621804249,95.22467252528602,1.8476724930286648
2610,12.955280621804249,95.22467252528602,1.8747946561000566
2611,12.955280621804249,95.22467252528602,1.8739887498946468
2612,12.955280621804249,95.22467252528602,2.1321439214070015
2613,12.955280621804249,95.22467252528602,2.345646332557463
2614,12.955280621804249,95.22467252528602,2.520582896947979
2615,12.955280621804249,95.22467252528602,2.6729607048755604
2616,12.955280621804249,95.22467252528602,2.823973838404543
2617,12.955280621804249,95.22467252528602,2.971560400699298
2618,12.955280621804249,95.22467252528602,3.119893066580967
2619,12.955280621804249,95.22467252528602,3.2524315284532506
2620,12.955280621804249,95.22467252528602,3.3668789454771386
2621,12.955280621804249,95.22467252528602,3.45190537072545
2622,12.955280621804249,95.22467252528602,3.5129803727709312
2623,12.955280621804249,95.22467252528602,3.5537682353659057
2624,12.955280621804249,95.22467252528602,3.583149706731894
2625,12.955280621804249,95.22467252528602,3.603214834866783
2626,12.955280621804249,95.22467252528602,3.6172530379823122
2627,12.955280621804249,95.22467252528602,3.642490539690465
2628,12.955280621804249,95.22467252528602,3.674655289276066
2629,12.955280621804249,86.95075443541701,9.155019736536689
2630,12.955280621804249,90.41618305421986,6.460474217656593
2631,12.955280621804249,93.94793566572707,3.9214997163887886
2632,12.955280621804249,97.54601226993866,0.573724035123979
2633,11.254744944707303,97.58996906041361,2.298851240021817
2634,11.254744944707303,97.58996906041361,2.7240070090440596
2635,11.254744944707303,97.58996906041361,2.8333053994925477
2636,11.254744944707303,97.58996906041361,2.921908427096949
2637,11.254744944707303,97.58996906041361,3.011760171721199
2638,11.254744944707303,97.58996906041361,3.103763778828734
2639,11.254744944707303,97.58996906041361,3.197308075332047
2640,11.254744944707303,97.58996906041361,3.2938680860707374
2641,13.270884165427137,97.35333782872556,3.4151559034512067
2642,15.41863702818793,97.16882209017825,3.5295535645437672
2643,17.243309173983988,96.90217391304348,3.635925785106184
2644,18.85405298790926,96.54524971836275,3.7545672975127973
2645,20.302588854245336,96.24513618677042,3.8761132177885136
2646,21.61928003405312,96.07013301088271,3.9834222859197648
2647,22.824102512478202,95.8889816360601,4.0953338697175505
2648,23.931175200395096,95.70194384449245,4.17703238426068
2649,24.95098167403797,95.50938337801608,4.286914178097717
2650,25.89159020775283,95.31177829099308,4.599339724016561
2651,26.759380123000494,95.10973282442748,4.7812937071572685
2652,27.55950136471182,94.903988183161,5.049225205167139
2653,28.29617944586349,84.39086294416244,11.78021975286023
2654,28.972925649162118,88.23836905384213,9.504782861347001
2655,29.592686499884746,92.23118279569893,6.361490436052276
2656,30.157952821355615,96.35560463832137,3.17503696096974
2657,29.382238843331255,96.81198910081744,2.11274116787655
2658,28.42080527850922,97.15512614063339,1.9459917858171338
2659,27.223662622598876,97.38786279683377,2.0941628906274556
2660,25.683191902632295,97.51424132573796,2.8100848290051825
2661,24.695070333655657,98.56447064855165,4.002147307968029
2662,25.06415364143147,98.53747714808044,4.0553082660399475
2663,25.39001251822304,98.51261620185923,4.116335820967233
2664,25.673467537837958,98.49015907252628,4.14860327254042
2665,25.915211542096756,98.47036328871893,4.197471205415645
2666,26.115820609914465,98.45346589339961,4.255824223255028
2667,26.27576278051769,98.43967679019225,4.317299182597797
2668,26.395404880066142,98.42917251051894,4.3770852447528386
2669,26.475017711227466,98.42209072978304,4.429320247414137
2670,26.51477979473993,98.41852584015815,4.480874001595506
2671,26.51477979473993,98.41852584015815,4.533162451260771
2672,26.475017711227466,98.42209072978304,4.585768933564935
2673,27.935468484787123,98.4004570122822,4.6402578747288015
2674,29.927227296738206,98.26317338828378,4.680664348390951
2675,30.735451728696106,96.62485065710872,4.472563950062635
2676,32.12393950767826,96.31449631449631,4.200893520756131
2677,33.28600241231621,95.87011349306431,4.136438358236482
2678,33.701522494167975,93.62107267534117,4.161042466108659
2679,33.47317349515151,89.66489195114312,6.03988321304582
2680,33.19991888901726,85.72309589885909,8.591599748475478
2681,32.88098293737979,81.82368979097244,11.927453432598714
2682,32.515431485154465,93.67389367389367,3.359020813968797
2683,32.10215389630802,93.8680616099971,3.485985929623095
2684,31.639840177939295,94.06755606017599,3.5463771563738984
2685,31.126951981664046,94.27068917796845,3.5433606809210523
2686,30.561685660193177,94.47588251145244,3.4261094603906854
2687,29.94192480947055,94.6816871888918,3.402226722990439
2688,29.265178606171922,94.88679725260748,3.296429477691473
2689,28.52850052502025,95.09005674808783,3.1907698923252044
2690,27.728379283308925,95.29046139134593,3.1403450482057442
2691,26.860589368061262,95.48715575098358,2.7842956797219496
2692,25.9199808343464,95.67942690843967,2.782285448024439
2693,24.900174360703524,95.86669552045012,2.792994203948473
2694,23.793101672786634,96.04850512230817,2.7639829308575385
2695,22.588279194361547,96.22451039773874,2.680341655402429
2696,21.271588014553767,96.39446501656597,2.6283037413493484
2697,19.82305214821769,96.68986270453263,1.7217195089547506
2698,18.21230833429242,97.04227907820722,1.6034138494930354
2699,16.387636188496362,97.30439348853493,1.4860004632954593
2700,14.239883325735569,97.48438291406381,1.3871003882401087
2701,11.254744944707303,97.58996906041361,1.269568955608826
2702,11.254744944707303,97.58996906041361,1.1658819146569601
2703,11.254744944707303,97.58996906041361,1.0484106992659687
2704,11.254744944707303,97.58996906041361,0.929435419866481
2705,11.254744944707303,97.58996906041361,0.8299891618571396
2706,11.254744944707303,97.58996906041361,0.8070592624004977
2707,11.254744944707303,97.58996906041361,0.931809597432475
2708,11.254744944707303,97.58996906041361,1.1702694943196834
2709,11.254744944707303,97.58996906041361,1.4415501959041404
2710,11.254744944707303,97.58996906041361,3.5966345624103946
2711,11.254744944707303,97.58996906041361,4.651862577108202
2712,11.254744944707303,97.58996906041361,5.532732742391077
2713,11.254744944707303,97.58996906041361,6.310686161851481
2714,11.254744944707303,97.58996906041361,7.3432187825002595
2715,12.955280621804253,97.54601226993866,7.461529409506606
2716,15.36578284327005,97.4041602200447,7.5352029514223275
2717,17.33138802460934,97.18410265549812,7.5938012847963465
2718,19.04047759424965,96.87788656937003,7.649258611732185
2719,21.501186325651357,96.62511984659636,7.677182330070766
2720,23.866243846613468,96.43213075543153,7.195191918255838
2721,25.785520970974773,96.14667495338719,7.171253553866565
2722,27.447364085456794,95.75888051668461,7.101981447122
2723,28.924059840199668,95.25833146946992,6.825219087338656
2724,30.28433674694907,94.84200743494424,6.750619174712025
2725,31.544802083270195,94.13610038610038,6.432155386191765
2726,32.69219409348424,93.28657314629258,6.21736261223326
2727,33.74057889606858,92.28170478170478,6.001610953468905
2728,34.70038372354852,91.54094827586206,5.822348718406093
2729,35.57961662911616,91.18303571428571,5.7856591395409165
2730,38.382306048061174,79.78971962616822,11.270065525255527
2731,39.415504598233575,81.6253361219002,9.12403271673736
2732,39.415504598233575,81.6253361219002,9.162695084496079
2733,39.415504598233575,81.6253361219002,9.213338228329413
2734,38.11180828030179,78.30323875035828,12.62425965309236
2735,36.97049260256949,92.38830667402095,2.7385537002441946
2736,35.39443624101093,92.99312533051295,3.931941543953037
2737,33.55908467182469,93.46173340091232,5.6735367011728846
2738,31.276170681120856,93.80767362797475,7.4231689224077355
2739,31.276170681120856,93.80767362797475,7.828317530492905
2740,31.276170681120856,93.80767362797475,8.250409312077148
2741,31.276170681120856,93.80767362797475,8.785394566881617
2742,31.276170681120856,93.80767362797475,9.44890427303266
2743,31.276170681120856,93.80767362797475,10.333510257504475
2744,31.276170681120856,93.80767362797475,11.574031992954215
2745,31.276170681120856,93.80767362797475,13.137705259395272
2746,32.49730558110582,93.64921855618952,14.92802298330363
2747,34.51615135294502,93.24359306238675,15.608286489774333
2748,36.209194821258585,92.708614636781,15.929279055802352
2749,37.40046559446883,91.72046028627561,15.932525856017799
2750,38.20544143649788,90.24106883531803,15.98715500473131
2751,38.94124104650746,88.56199339537676,15.140281850881856
2752,39.61201571493355,86.9228385497366,15.383184589590499
2753,40.22119687593059,86.74544873842223,15.976336612267115
2754,40.77164499618951,86.3621426224121,16.08338476758605
2755,41.671942955110474,83.63025210084034,14.459049900046566
2756,41.671942955110474,79.02521008403362,10.118582434048385
2757,41.671942955110474,74.5546218487395,7.6364971510731126
2758,41.671942955110474,70.4873949579832,6.389531978532623
2759,41.671942955110474,81.3109243697479,12.09195954803028
2760,42.49272680309559,80.74939841870058,11.437556115565577
2761,43.4904201290247,78.80299251870325,9.784651182277987
2762,44.41104771152098,76.6875691626706,8.194584122453668
2763,45.0572436795399,73.50169619298907,6.6468616198051516
2764,45.0572436795399,68.7900490011308,4.573741044527908
2765,45.0572436795399,64.22917451941198,7.204875935500679
2766,45.0572436795399,60.459856765925366,10.469017946578571
2767,45.0572436795399,68.63927629099133,3.9224353703803314
2768,45.0572436795399,68.63927629099133,3.958044656454072
2769,45.0572436795399,68.63927629099133,4.079413688373942
2770,45.0572436795399,68.63927629099133,4.202825995857388
2771,45.0572436795399,68.63927629099133,4.31794084732396
2772,45.0572436795399,62.11835657745948,11.455882620550701
2773,45.0572436795399,66.60384470410855,6.659757627550748
2774,45.0572436795399,71.2401055408971,2.733524635001354
2775,45.0572436795399,76.0271390878251,2.8147257564650086
2776,43.71760671298037,77.51714182605558,3.9466343436593276
2777,42.15759911944815,78.80566102865033,5.162181330680176
2778,40.93649597604923,79.27897574123989,5.742882519957656
2779,39.44490900314146,78.92091152815013,6.424415547054925
2780,38.446052214683476,77.72211088844355,6.438078518916139
2781,38.446052214683476,75.85170340681363,6.529268181385014
2782,38.446052214683476,76.15230460921843,7.6407329898999
2783,38.20590347074175,75.20606660072535,8.943173795960975
2784,38.92477863901034,76.26211969241056,10.795395519129723
2785,38.92477863901034,75.5600133734537,11.499550413348961
2786,38.92477863901034,74.08893346706787,12.157898241015005
2787,38.92477863901034,73.82146439317954,13.196785992864513
2788,38.92477863901034,73.82146439317954,13.457814688181012
2789,38.92477863901034,75.52657973921765,14.02584007810669
2790,38.61676166516337,76.41196013289037,14.828020297334126
2791,37.87833166870246,76.68631303208906,15.310201218943673
2792,38.32670385147667,75.63758389261746,15.050519708505787
2793,38.722705567925274,74.60535346602609,14.940773286073686
2794,39.06777219083606,73.59943977591037,14.863176266988443
2795,39.36310160854609,72.63007840342124,14.101688110968116
2796,39.60968211018767,71.70767004341533,14.042961323543647
2797,40.23210321088364,70.41156840934372,13.25205748267209
2798,41.17202894934117,68.56046065259117,12.249463563471153
2799,41.99895125620902,66.5212217374058,10.423689752174635
2800,42.72446588118397,64.29447852760737,8.560906875824578
2801,43.35718017811185,62.22128733697939,5.782456450462144
2802,43.90364029298276,60.466119982736295,5.154079050055479
2803,44.36889798344535,53.95143487858719,3.5637841700820325
2804,44.5723382772945,54.995539696699375,4.174870195677025
2805,44.5723382772945,54.63871543264942,4.748796117946382
2806,44.5723382772945,54.63871543264942,5.158290457776016
2807,44.14615115979332,53.493449781659386,5.2730759006453125
2808,43.64084625445294,63.04347826086956,6.470677313254799
2809,43.05197353073085,65.14522821576763,9.448826888609808
2810,43.229837329257606,64.87275761368377,9.360020682000092
2811,43.64324694305676,58.93084429359355,5.454192122784207
2812,43.969208285288005,59.784946236559136,6.37690919927951
2813,44.211024231598024,60.40851803563668,6.565371498341011
2814,44.371012215110284,64.24507658643326,9.86870855238817
2815,44.02267237712263,65.79747935680139,11.280075799452982
2816,44.35065892423209,64.86486486486487,10.133703321923232
2817,44.61677251143565,58.30706888788834,4.77321754765344
2818,44.840196009428354,59.105431309904155,4.5142796976382265
2819,45.0031553574866,60.07376671277086,5.427713485706645
2820,45.062230489397,60.34243405830634,5.865012751713968
2821,43.91594430811334,58.44912595248768,4.376379442825246
2822,43.91594430811334,58.44912595248768,4.8614498934840515
2823,42.55207544192224,56.67101260321599,5.81910513892574
2824,42.59418224387094,53.289760348583876,7.0163251256950305
2825,42.58015183054773,57.205050065302565,6.3567488010052555
2826,42.50992185020315,56.69700910273082,7.236143856368434
2827,42.383178451724554,56.344086021505376,7.803803891079023
2828,42.19934776599658,56.146320714589535,9.58424202548576
2829,41.95757995600573,56.100628930817614,10.090587597238692
2830,41.65672469636634,56.201071281417384,8.930903182717577
2831,41.29529623456779,56.43924101735971,9.039056337852232
2832,40.8714252052522,56.80473372781065,8.12403408368366
2833,40.38279293147816,57.28565936178393,9.748124722807987
2834,39.82654174296197,57.86915887850467,11.49510054918324
2835,39.19915132042966,58.65070729053319,12.361829601760144
2836,38.496265214080054,60.48472075869336,11.396550918819033
2837,37.71244147994931,61.969439728353144,11.34671534877827
2838,36.84078267540456,63.585709603408716,11.109019607993977
2839,36.36560321241634,65.5161393416427,8.80654877181907
2840,35.835373421217525,67.58942457231726,7.763403464248746
2841,35.835373421217525,71.53965785381027,5.567790567452955
2842,35.835373421217525,75.61430793157076,5.082204458404154
2843,35.835373421217525,79.81337480559876,6.545922745921713
2844,34.32965762830731,80.79450418160096,7.284442620138948
2845,31.557161337079442,81.37142857142857,8.005337477458138
2846,31.557161337079442,81.37142857142857,7.990288371761036
2847,31.557161337079442,81.37142857142857,7.985448493388757
2848,31.84508291315217,80.44611819235226,7.268058393169586
2849,32.37976880459264,78.4651992861392,6.280612853024679
2850,32.62705119959675,75.36144578313252,6.73970350657656
2851,32.62705119959675,71.355421686747,7.887486703193242
2852,32.62705119959675,67.74096385542168,11.012338344589402
2853,32.62705119959675,63.975903614457835,15.480430131929591
2854,32.62705119959675,66.02409638554217,14.276912711990663
2855,32.62705119959675,69.78915662650603,9.723555138845434
2856,32.62705119959675,73.49397590361446,8.302011200647437
2857,32.62705119959675,77.56024096385542,6.408920092478907
2858,32.11919548713096,78.06811509101586,6.282442025002227
2859,31.557161337079442,78.6,6.560769969640777
2860,30.938692696697697,79.15047196002222,7.294927556447084
2861,30.261118528588533,79.14870689655173,8.114891300893321
2862,29.52125915262238,80.75718015665797,7.133864627836962
2863,28.715299177414277,82.20424671385237,5.996902443631178
2864,27.838611075601072,83.49633251833741,5.493552217848098
2865,26.691219065387028,83.94625176803395,5.546017738468672
2866,25.43075372906591,84.39345751930941,5.132424251480557
2867,24.037288615103286,85.12035010940919,4.890367083902774
2868,22.48050700025617,85.7353560893384,4.784072147657023
2869,20.70873227923707,86.2474645030426,4.778583645632778
2870,18.612853301100273,86.66536509176103,4.7037850000847135
2871,17.58433853881769,87.04614220877458,4.737578199163412
2872,17.03985483685009,87.0487532564198,4.820209481862363
2873,17.03985483685009,86.73241533308523,4.94278388788323
2874,17.03985483685009,86.60215854112393,5.142572829894064
2875,17.03985483685009,86.60215854112393,5.225158665991305
2876,17.03985483685009,86.73241533308523,5.18519058591486
2877,17.03985483685009,86.93710457759583,5.1884657410112585
2878,17.58433853881769,88.78593040847201,4.286870519112966
2879,18.612853301100273,92.19055056618508,3.3209067519688187
2880,20.19575156756711,95.77436312171452,4.504943526445831
2881,20.19575156756711,95.77436312171452,4.597944171878594
2882,22.102861419175802,95.46218487394958,4.626553072636506
2883,23.752283739747426,95.04583151462244,4.299074866911082
2884,24.504570326328878,92.7491103202847,3.303369587025934
2885,24.504570326328878,88.72330960854093,3.6559614634626754
2886,24.504570326328878,84.7864768683274,5.484977312481681
2887,24.504570326328878,80.93861209964413,9.309353105284789
2888,24.504570326328878,91.6814946619217,2.132369695726326
2889,24.504570326328878,91.6814946619217,2.4520275508337246
2890,24.504570326328878,91.6814946619217,2.825826930129999
2891,24.504570326328878,91.6814946619217,3.1563862707918178
2892,24.504570326328878,91.6814946619217,3.459100434453542
2893,24.504570326328878,91.6814946619217,3.7498120524560568
2894,24.504570326328878,91.6814946619217,4.016030774303768
2895,24.504570326328878,91.6814946619217,4.253360412174948
2896,24.504570326328878,91.6814946619217,4.463230634894985
2897,24.504570326328878,91.6814946619217,4.652669275044886
2898,24.504570326328878,91.6814946619217,4.830314720609518
2899,24.504570326328878,91.6814946619217,4.9959655163858505
2900,24.504570326328878,91.6814946619217,5.1421380665920315
2901,24.504570326328878,91.6814946619217,5.278380910842829
2902,24.504570326328878,91.6814946619217,5.406369803872582
2903,24.504570326328878,91.6814946619217,5.527731336536133
2904,24.504570326328878,91.6814946619217,5.654967949035399
2905,24.504570326328878,82.98487544483986,11.213971883841417
2906,24.504570326328878,86.83274021352314,8.631531279576304
2907,24.504570326328878,90.63612099644128,6.071565171169356
2908,24.504570326328878,94.70640569395017,2.9480870942701913
2909,23.551140267112448,95.67369780456306,2.4486601498527123
2910,22.518782235139373,96.50291423813489,2.2274612748830758
2911,22.518782235139373,96.50291423813489,2.205482803466327
2912,22.518782235139373,96.50291423813489,2.4260514960401394
2913,22.518782235139373,96.50291423813489,2.6185189990080118
2914,22.518782235139373,96.50291423813489,2.7843139065315534
2915,22.518782235139373,96.50291423813489,2.9331725546051475
2916,22.518782235139373,96.50291423813489,3.0773732136511325
2917,22.518782235139373,96.50291423813489,3.2337592203228596
2918,22.518782235139373,96.50291423813489,3.399622446557867
2919,22.518782235139373,96.50291423813489,3.5597940452145034
2920,22.518782235139373,96.50291423813489,3.7091661311174127
2921,22.518782235139373,96.50291423813489,3.8617768955226492
2922,22.518782235139373,96.50291423813489,4.006675784003409
2923,22.518782235139373,96.50291423813489,4.145496056190437
2924,22.518782235139373,96.50291423813489,4.278031763014835
2925,22.518782235139373,96.50291423813489,4.408175611881405
2926,22.518782235139373,96.50291423813489,4.537894273571108
2927,22.518782235139373,96.50291423813489,4.674473346767947
2928,22.518782235139373,96.50291423813489,4.811180454930036
2929,22.518782235139373,86.5736885928393,11.303995910072473
2930,22.518782235139373,90.38301415487093,8.550519896632919
2931,22.518782235139373,94.27560366361365,6.1041725026677165
2932,22.518782235139373,98.25145711906744,3.0602412747691083
2933,21.39941682097895,98.30985915492958,3.0840578491265913
2934,20.182549988355536,98.36702954898911,2.99174980388652
2935,18.85405298790926,98.42283139316561,2.8462310883125914
2936,17.393940569273358,98.4771573604061,2.85186856485434
2937,15.771840735738898,98.7574378718936,3.08567141395202
2938,13.936024857343178,98.95270270270271,3.0554054220843345
2939,11.777332757306647,99.07075317900228,3.0617341122390838
2940,8.781452263906967,99.11894273127753,3.055121981650202
2941,7.115975381672694,99.3455098934551,2.9970545310564582
2942,5.237557751852812,99.49941107184924,3.008312266515083
2943,3.0370119579712087,99.58701224722302,3.0161774803661174
2944,-0.0,99.61432506887053,3.0341867864978784
2945,-0.0,99.61432506887053,3.0515066548342182
2946,-0.0,99.61432506887053,3.0667335994397606
2947,-0.0,99.61432506887053,3.078843954807408
2948,-0.0,99.61432506887053,3.0849731618294443
2949,-0.0,99.61432506887053,3.088272629685762
2950,-0.0,99.61432506887053,3.09973735338005
2951,1.7263595531412619,99.6078431372549,3.128201319264745
2952,4.189190988298596,99.5511149724877,3.165179771323748
2953,6.208061115907181,99.4311377245509,3.1880842894263357
2954,7.115975381672694,97.6103500761035,3.2852959171260334
2955,7.115975381672694,94.18569254185692,5.089641175821212
2956,7.115975381672694,90.82191780821918,7.449686221765779
2957,7.115975381672694,87.51902587519025,10.123863866557652
2958,7.115975381672694,98.06697108066972,1.7378739554048415
2959,7.115975381672694,98.06697108066972,1.6743064513210366
2960,7.115975381672694,98.06697108066972,1.5985576538888133
2961,7.115975381672694,98.06697108066972,1.5072008737023674
2962,7.115975381672694,98.06697108066972,1.4055249703218882
2963,7.115975381672694,98.06697108066972,1.3005172734754589
2964,7.115975381672694,98.06697108066972,1.192341866169081
2965,7.115975381672694,98.06697108066972,1.081294422006852
2966,7.115975381672694,98.06697108066972,0.9680258480930323
2967,7.115975381672694,98.06697108066972,0.853639854670001
2968,7.115975381672694,98.06697108066972,0.7396682861220144
2969,7.115975381672694,98.06697108066972,0.6288899746743806
2970,7.115975381672694,98.06697108066972,0.5267849721491046
2971,7.115975381672694,98.06697108066972,0.44384439408765347
2972,7.115975381672694,98.06697108066972,0.39805616666021926
2973,7.115975381672694,98.06697108066972,0.4089168019647789
2974,8.82711055601621,98.03283767038414,0.46128379547049897
2975,11.259098746546254,97.91466153352583,0.5359431549227831
2976,13.24658424457637,97.72425249169436,0.5895305118095949
2977,14.977963226826684,97.45442036463709,0.6584635438094442
2978,17.461386058305763,97.23609129814551,0.7556395504093407
2979,19.849598867161557,97.07515734912995,0.8809164393523037
2980,21.79248994842348,96.8293620292083,0.9936862266928438
2981,23.478424230170102,96.48982848025528,0.2350507237062783
2982,24.97970805157599,96.21274834437087,0.22474765413018982
2983,26.335233229681354,96.07127522541863,0.246652697965265
2984,27.569340560406385,95.92609082813891,0.2724830423953083
2985,28.69868136663761,95.77757268112597,0.3209543032287105
2986,29.735336722101756,95.62619502868068,0.3825345813066869
2987,30.68844452693982,95.4725383473528,0.43805784824255845
2988,31.565132628753023,95.31729785056295,1.1260599211529383
2989,32.371092603961124,95.16129032258064,1.2210589891173445
2990,33.11095197992728,95.00545851528385,1.2248852335369196
2991,33.78852614803643,94.85087225661226,1.5536700625423856
2992,34.40699478841819,94.69872537659327,1.8495584894272845
2993,34.96902893846971,94.55032757593806,2.0983273981545345
2994,35.47688465093549,94.40709046454768,2.260496021635514
2995,35.93247334896254,94.27050720100188,2.4314026608380126
2996,36.337415494107475,94.14212548015365,2.5274704951774543
2997,36.69308201761327,94.02351404310907,2.589659436379739
2998,37.00062657828505,93.91622340425532,2.579965989706227
2999,37.26101079622082,93.82174206617151,2.586923065918271
3000,37.4750239931978,93.74145006839946,2.5942164042177795
3001,37.64329854143366,93.67657221838286,2.705403796599167
3002,37.76632161711872,93.62813370473538,2.677468404057089
3003,37.8444439318444,93.59692092372288,2.6363218302408336
3004,37.8778858465335,93.58345021037869,2.6093307971759763
3005,37.86674114022849,93.58794674141556,2.584029017262293
3006,37.81097859706043,93.61033519553072,2.5811735251003287
3007,37.71044147911878,93.65024288688412,2.6169757325240828
3008,37.56484486279759,87.82668500687758,5.524684709847169
3009,37.373770724248594,90.99252209381373,3.4050694205212366
3010,37.13666055833503,93.96782841823057,2.4893163578958046
3011,36.85280519622599,96.73698088332235,4.609921133007684
3012,35.29279760269375,97.15189873417721,5.064966324394021
3013,34.03433713132293,97.12252475247524,5.276918109602992
3014,32.47970432305238,96.58461538461539,4.634753585993929
3015,33.182991462270216,95.8072590738423,4.381019581216516
3016,33.76280610289819,94.88888888888889,3.728690665432893
3017,34.22975942568409,94.60154241645245,3.6257636288062636
3018,34.4233439172082,93.54005167958657,3.2055827261672616
3019,34.4233439172082,91.56976744186046,2.6904583876184276
3020,34.4233439172082,89.72868217054264,3.181218439412007
3021,34.4233439172082,88.01679586563307,4.201261955492566
3022,34.4233439172082,91.86046511627907,3.014300485780295
3023,34.4233439172082,91.86046511627907,3.1104117453712665
3024,34.4233439172082,91.86046511627907,3.1688071373555706
3025,34.4233439172082,91.86046511627907,3.16043661360073
3026,34.4233439172082,91.86046511627907,3.2012472135921506
3027,35.75908894589187,91.77545691906005,3.5128205381696227
3028,36.67229439589329,90.67237969676994,4.074549648639562
3029,36.67229439589329,88.793671720501,4.2750253128362985
3030,36.67229439589329,87.04680290046144,4.969445350552349
3031,36.67229439589329,84.14634146341463,6.390121508282958
3032,36.67229439589329,87.90375741595254,4.542562496953306
3033,36.67229439589329,89.7165458141068,3.756973592404247
3034,36.67229439589329,91.66117336849044,3.570178130404966
3035,36.29496582339862,92.03655352480418,3.6831190613652023
3036,35.806769839297104,93.06898774983881,4.08103554258619
3037,35.19903222875067,93.96442185514613,4.60250377481527
3038,34.45922996685474,94.72204871955029,5.202528960893982
3039,34.78431102623715,94.62468193384224,5.189071664387204
3040,35.06276331229425,94.53781512605042,5.243387647004928
3041,35.295409385644,94.46264744429882,5.399625436818051
3042,36.35625248689669,94.28379287155346,5.537584503489002
3043,37.986827390864,93.84615384615384,5.644905057230592
3044,39.35226004358002,93.20987654320987,5.99737890461152
3045,40.01768989613173,91.0913140311804,5.490086614245012
3046,40.09885605018179,87.5,5.08781217151941
3047,40.13359772261761,83.7696335078534,4.715311639337224
3048,40.12202007867077,80.26905829596413,6.4993084960802365
3049,40.06408811629763,87.63961280714818,4.970199138799351
3050,39.95962602796269,87.72189349112426,5.059665295861632
3051,39.80831397292616,87.83882783882784,5.17508417938962
3052,39.60968211018767,87.98842257597684,5.17997082636936
3053,39.36310160854609,88.16821097647897,5.298221802904072
3054,39.06777219083606,88.37535014005603,5.252592453243403
3055,38.722705567925274,88.60672614962252,5.604304285321652
3056,38.32670385147667,88.85906040268456,5.931280312037492
3057,37.87833166870246,89.1290111329404,6.130634732702951
3058,37.3758801848875,89.41326530612245,6.303262736932261
3059,37.401491122119936,89.18406072106262,6.317421438557368
3060,37.88548629053328,88.34610472541507,5.776595021477374
3061,38.231496632695894,87.39549839228296,5.457321974248547
3062,38.355573897597594,86.17021276595744,5.256673333723139
3063,37.99866824649057,83.44958782498415,5.3613449948985865
3064,37.23167896259737,79.50367647058823,8.114719065510018
3065,36.389488136006854,75.75399172087522,10.906809662085172
3066,35.46582675135771,72.20638540478906,13.590258505876964
3067,34.452729338765444,82.7567270730368,5.040421177219445
3068,33.339808291294915,83.50951374207189,5.235661502032029
3069,32.113034426139045,84.2399593289273,5.192431307963017
3070,30.752515775664573,85.26392961876833,4.7590961198363
3071,29.227967861119343,86.14372945044622,4.890848167185826
3072,27.487744272144422,86.89079422382672,4.763866830822544
3073,25.42276217330287,87.51625487646294,4.844127724989875
3074,24.31568948538597,88.19095477386935,4.663962267938648
3075,23.110867006960888,89.1023048928427,4.368807612958897
3076,21.794175827153108,89.89071038251366,4.20201946313088
3077,20.34563996081703,90.56497175141243,4.004720613064083
3078,18.73489614689176,91.13372093023256,4.056017417520714
3079,18.73489614689176,91.13372093023256,4.108467904572327
3080,18.73489614689176,91.13372093023256,4.070555718502821
3081,18.73489614689176,91.13372093023256,4.034509717739877
3082,18.73489614689176,91.13372093023256,3.9837284505774835
3083,18.73489614689176,91.13372093023256,3.9603659165754133
3084,18.73489614689176,83.7390988372093,7.801592933240947
3085,18.73489614689176,87.20930232558139,5.995170595226419
3086,18.73489614689176,90.89752906976744,4.005223196055415
3087,18.73489614689176,94.65843023255815,3.174932830694891
3088,17.1127963133573,95.03682918274289,3.33564416537872
3089,17.1127963133573,95.03682918274289,3.401654310213113
3090,17.1127963133573,95.03682918274289,3.4648849346766712
3091,17.1127963133573,95.03682918274289,3.530233266122987
3092,17.1127963133573,95.03682918274289,3.588357026797159
3093,17.1127963133573,95.03682918274289,3.6419364636421014
3094,17.1127963133573,95.03682918274289,3.6915307847927896
3095,17.1127963133573,95.03682918274289,3.740977578256947
3096,17.1127963133573,95.03682918274289,3.9806589118589026
3097,17.1127963133573,95.03682918274289,4.061029312508499
3098,17.946616542933196,94.85897893609425,4.104730287599085
3099,19.849598867161557,85.91262495372085,6.818271130185437
3100,21.303951110282927,89.01035673187572,5.379115898109073
3101,21.98030612413099,90.59145032207691,4.885861714696084
3102,21.98030612413099,90.59145032207691,5.165403583512084
3103,20.594816093157693,87.62012436404748,7.416302302245139
3104,19.064158139336655,84.56082924168031,9.392752687786619
3105,17.349417600077686,95.08685734339358,3.3367192898858984
3106,17.349417600077686,95.08685734339358,3.4923888103400773
3107,17.349417600077686,95.08685734339358,3.631240358715987
3108,17.349417600077686,95.08685734339358,3.7583461488773287
3109,17.349417600077686,95.08685734339358,3.8738698003509087
3110,17.349417600077686,95.08685734339358,3.982067183439647
3111,17.349417600077686,95.08685734339358,4.088862826171557
3112,17.349417600077686,95.08685734339358,4.195505023937612
3113,17.349417600077686,95.08685734339358,4.297046184585513
3114,17.349417600077686,95.08685734339358,4.404497417081243
3115,17.349417600077686,95.08685734339358,4.516268718665352
3116,17.349417600077686,86.64678013686611,9.985247213225524
3117,17.349417600077686,90.20880856290577,7.304096003650645
3118,17.349417600077686,93.84102474118266,4.791434442109811
3119,17.349417600077686,97.54342867169679,2.8722419417582055
3120,15.51360172168196,97.78154106689246,2.849631934059563
3121,13.354909621645431,97.94084000653702,2.840301735299911
3122,10.359029128245753,98.02870209746096,2.8380121293088845
3123,7.921788301071481,98.14166031987814,2.8308715671335762
3124,7.921788301071481,98.14166031987814,2.842983083227443
3125,7.921788301071481,98.14166031987814,2.9091715359409513
3126,7.921788301071481,98.14166031987814,3.2307996989302916
3127,7.921788301071481,98.14166031987814,3.9166406463871177
3128,7.921788301071481,98.14166031987814,4.941033189140536
3129,7.921788301071481,98.14166031987814,5.091953812569056
3130,7.921788301071481,98.14166031987814,5.241991252633639
3131,7.921788301071481,98.14166031987814,5.393243840366889
3132,7.921788301071481,98.14166031987814,5.546170193924983
3133,7.921788301071481,98.14166031987814,5.70525860270067
3134,7.921788301071481,98.14166031987814,5.874033017154033
3135,8.82711055601621,98.04832713754647,6.489822030908257
3136,9.679905889030268,96.1568750984407,5.6566569504993085
3137,9.679905889030268,92.67601197038904,4.226494923688158
3138,9.679905889030268,89.25815088990392,3.8963013645790316
3139,9.679905889030268,86.04504646401008,5.009868169922374
3140,9.679905889030268,95.74736178925815,6.0469692991513835
3141,12.675786382429946,95.57695446384854,6.1058328311077
3142,14.834478482466473,95.33231861998985,5.832677340337829
3143,17.062884139765117,95.07276871821848,5.845929438359895
3144,18.77762467902409,94.69380337997455,5.718652195978115
3145,19.563065406848988,92.5638179800222,4.539078113374921
3146,19.563065406848988,88.80873103958565,3.0567655780623544
3147,19.563065406848988,85.1276359600444,3.6614731389610315
3148,19.563065406848988,81.52053274139844,6.5994185007307955
3149,19.563065406848988,90.84350721420644,2.8652005344493308
3150,19.563065406848988,90.84350721420644,2.998707091541572
3151,19.563065406848988,90.84350721420644,3.18624995490711
3152,19.563065406848988,90.84350721420644,3.441284849709973
3153,19.563065406848988,90.84350721420644,3.7395053481024423
3154,19.563065406848988,90.84350721420644,4.256385428808095
3155,19.563065406848988,83.29633740288568,4.3682530574820415
3156,20.34563996081703,86.66666666666667,5.070376975772722
3157,20.34563996081703,86.66666666666667,6.579262353053161
3158,20.34563996081703,86.66666666666667,7.004119277409236
3159,18.292394194396657,83.53603194772191,6.959136479709655
3160,16.577653655137684,91.57470660360833,9.598781892179
3161,14.606502646152375,91.93848233902315,10.348042450509602
3162,16.08911481699713,91.39709739464942,10.461189760686572
3163,17.44054438935242,90.75782239102912,10.814491057589446
3164,19.754606109991073,90.21372328458942,11.096181151957376
3165,22.125537316556517,89.77405531749123,11.12218122725591
3166,24.050806200394653,89.23512747875354,11.230535509656004
3167,25.211367584162502,88.29074151654797,10.739962296600392
3168,27.00033903764166,87.49728201782996,10.729018734846598
3169,29.065321136483213,86.86891555354313,11.000710812377253
3170,30.805544725458134,86.11831251473015,11.102757820953636
3171,32.33009264000336,85.23424086337994,11.38007220607863
3172,33.98913266197706,84.33427038078202,11.785083368013664
3173,35.6891491005737,83.4177552652626,11.903792012758828
3174,36.45399550722917,80.64252654505853,9.30448932497877
3175,36.45399550722917,76.20473727198475,6.0151445027677495
3176,36.45399550722917,71.87585080315819,4.589368684837304
3177,36.45399550722917,68.11870405662945,5.455156213736227
3178,36.45399550722917,76.12306016879934,7.740852695843281
3179,36.45399550722917,76.12306016879934,8.456801227848562
3180,36.45399550722917,76.12306016879934,9.1425063772288
3181,36.45399550722917,76.12306016879934,9.880390986012035
3182,36.45399550722917,76.12306016879934,10.744229256201406
3183,36.45399550722917,76.12306016879934,10.861887817376386
3184,36.45399550722917,76.12306016879934,10.918013832887926
3185,36.45399550722917,76.12306016879934,10.913113127633116
3186,36.45399550722917,76.12306016879934,10.895586688044343
3187,38.071018381531054,75.57103064066852,10.524393641514374
3188,40.31183141169153,74.34402332361516,9.755115828918107
3189,42.10406656776387,72.94081757169006,9.373401280585794
3190,43.635940843077364,71.34652201659222,8.445529456651267
3191,44.97960226616389,69.81320880587057,7.675399441886338
3192,46.36681683706613,62.44328097731239,6.521453068120447
3193,48.656783337754675,65.5791788856305,5.445353504772428
3194,49.81782366319049,68.59662576687117,6.476161325021261
3195,51.00499184661662,71.81854676836612,8.25771985572932
3196,51.00499184661662,71.69811320754717,8.092691920023153
3197,51.61834698505299,59.145088368269626,8.188661197346622
3198,52.02934610272914,60.31879194630873,8.09809979011065
3199,52.418215136229904,61.44629867351305,8.369475747284804
3200,52.418215136229904,61.10397946084724,9.767431803595022
3201,52.02934610272914,59.899328859060404,10.492666097299525
3202,51.184189378205744,57.85024154589372,11.884830656920071
3203,50.241509799955885,69.1358024691358,5.098752374742416
3204,49.18946652799003,71.15952732644018,5.658586624803816
3205,48.06862391360395,72.93286219081273,5.884889054749157
3206,48.06862391360395,72.93286219081273,6.475890289870707
3207,48.06862391360395,72.93286219081273,7.088547399070335
3208,48.06862391360395,72.93286219081273,7.748304670691232
3209,48.06862391360395,72.93286219081273,8.44688833083679
3210,48.06862391360395,72.93286219081273,9.15661729682628
3211,48.06862391360395,72.93286219081273,9.856075318574701
3212,48.06862391360395,72.93286219081273,10.511446442519063
3213,48.06862391360395,65.54770318021201,16.69509943748383
3214,48.06862391360395,70.17667844522968,13.055510217736751
3215,48.06862391360395,74.9469964664311,11.696632748011211
3216,48.06862391360395,79.85865724381625,8.330384528243536
3217,47.42543563977746,80.48359240069085,7.842330500482826
3218,47.42543563977746,68.87737478411053,15.147343135746489
3219,47.42543563977746,73.40241796200345,13.155383988506406
3220,47.42543563977746,78.06563039723662,10.394091870928099
3221,47.42543563977746,82.86701208981002,5.393036459579306
3222,46.81140737639814,85.87837837837837,3.8511944075609468
3223,45.467745953311606,86.85400516795866,3.520470481273933
3224,43.93587167799812,87.65432098765432,3.690761830711512
3225,42.388903259052455,88.40023612750886,3.6152485405350228
3226,40.581946730980796,88.99548532731377,3.7638919304580667
3227,38.65933747616475,89.527665317139,3.814312065560756
3228,36.64738405320304,90.00258331180574,3.9305584598880334
3229,35.349911238091345,90.76235410975913,4.165451184739061
3230,33.905449183650354,91.38630398472918,4.330641890438253
3231,32.275157201212515,91.8633967453587,4.583697436411422
3232,30.38677695614645,92.0757208892802,4.797318574336454
3233,28.823752595601356,92.5651345054014,5.2695269350818315
3234,27.045863196551135,92.948848583656,5.522568525569707
3235,28.142940296226236,90.83350654749532,4.326768784053825
3236,28.142940296226236,86.94658075244232,3.3844627373701868
3237,28.142940296226236,83.14279775514446,4.36562127858367
3238,28.142940296226236,79.58844315111203,8.6185512367069
3239,28.142940296226236,89.91893577218873,3.0232229884575963
3240,28.142940296226236,89.91893577218873,3.056180891995827
3241,28.142940296226236,89.91893577218873,3.0752578873184837
3242,28.807310580317637,89.58509737510585,3.051252528604176
3243,30.047660656740653,88.82791922739246,2.930908499899616
3244,31.7093080293145,79.51642335766424,9.18903054309519
3245,33.91743709483702,82.85374554102259,5.186714197535286
3246,35.644557321643845,86.14622057001239,3.0501302731690147
3247,37.15570736740768,89.74954815388588,1.0797541997293196
3248,37.674091951981076,89.63462036797098,1.1099954935315373
3249,38.14733452542185,89.91421887184819,1.0380512428305957
3250,38.29796592071121,90.00780640124903,1.081386477101941
3251,38.14733452542185,89.91421887184819,1.073590333145724
3252,37.7310849825081,89.68109929997408,1.089804359311849
3253,37.7310849825081,89.68109929997408,1.1668836277730572
3254,36.688650776388926,89.26451612903226,1.2878338324332363
3255,35.025020914648444,88.76058506543495,1.6799088867150618
3256,34.140017009658244,88.51161603267806,2.1039064732476014
3257,32.34310975941165,87.9340937896071,2.8712325485943513
3258,33.30988755717468,91.17415287628053,4.3944337312475446
3259,33.30988755717468,91.59443131074337,5.474572577318251
3260,34.19626047001027,91.24286102801197,6.216174743673648
3261,35.00855155593318,90.88607594936708,7.160084649975277
3262,35.751850465101825,90.52600988084859,8.437354497731793
3263,36.43031798950743,90.16491754122939,9.670005523774249
3264,37.04739582016276,89.80537534754403,11.214350480974447
3265,37.60595551816011,89.45027009850651,11.785158973737934
3266,38.10840700197506,89.10277324632953,12.336233931209765
3267,38.55677918474928,88.76629889669007,12.90222927668513
3268,38.952780901197876,88.44444444444444,13.317806545539282
3269,39.29784752410867,88.14091384722707,14.272976581255332
3270,39.593176941818705,87.8594249201278,15.014148873330493
3271,39.83975744346027,87.6036036036036,15.755818202478284
3272,40.038389306198766,87.37686975556366,16.378145153078606
3273,40.55193443371774,86.61945583302274,16.751288263053713
3274,41.33766077097816,85.15955401768551,16.61206577071562
3275,42.02698930941723,83.49821923229125,15.73130955806845
3276,42.627439677086166,81.59284843559529,14.592867503030352
3277,43.14479016605885,79.7752808988764,12.950108052861468
3278,43.583530233312786,78.24054398640034,11.88214078551239
3279,43.94715710100968,76.7200346170489,10.6937161683855
3280,44.23837605487344,75.23056653491436,10.130626276157363
3281,44.33006625693436,72.56285840317601,8.982834586451963
3282,44.23390832257917,69.39938623410785,8.169572625188415
3283,44.08231794101631,65.65349544072949,3.6542068519032838
3284,43.87463469320573,61.93741963137591,3.1820505501357714
3285,43.609932189229355,69.84394770139181,7.5104111732119065
3286,43.28699206493955,70.3351261894911,7.7848760749490165
3287,43.10321367270259,69.42284076954564,7.420106326455305
3288,43.10321367270259,67.17151043798609,4.506558753079584
3289,43.10321367270259,65.08391322144904,3.2778020749695433
3290,43.10321367270259,63.48751534997953,4.214923724948365
3291,43.10321367270259,63.20098239869014,5.096927686820118
3292,43.10321367270259,65.12484650020467,4.535540947358286
3293,43.66429394855365,66.87344913151365,4.994724090087062
3294,44.13414575864453,67.50104297037964,5.9146063480743765
3295,44.26639842954644,68.05555555555556,7.03181805479689
3296,44.100819101416086,65.55183946488295,9.356655442659719
3297,43.85041434064657,63.038079470198674,12.502388209509947
3298,43.512601996295395,64.46078431372548,12.098893993335558
3299,43.08368331595394,64.10771704180064,13.628520683535598
3300,42.558568040075464,64.74763406940063,13.708214830455908
3301,41.93033903756728,65.625,13.966000544483357
3302,41.18954567838775,66.41566265060241,13.293133748108637
3303,39.84975744457247,66.82481751824818,13.406668879634806
3304,38.17318524330785,67.16101694915254,13.904891331664723
3305,38.17318524330785,69.80932203389831,11.612024280644441
3306,36.706060666487595,71.26995142262318,11.43875796296687
3307,36.706060666487595,74.01110340041637,10.928460847968159
3308,36.706060666487595,76.8910478834143,9.60839472859175
3309,36.739502581176694,70.96662030598053,12.137315668964149
3310,36.72835787487169,74.14871438498957,11.472053112231226
3311,36.672595331703626,77.25069252077563,9.362263987861445
3312,36.57205821376196,80.04129387474191,6.582346282413004
3313,36.57205821376196,83.65450791465932,3.9263047803044913
3314,36.57205821376196,87.40536820371645,4.339526986252761
3315,36.57205821376196,91.29387474191329,7.127670140709628
3316,36.42646159744078,91.37107776261938,8.630736130171545
3317,37.19687019326059,91.22505161734342,10.389993460312697
3318,38.61895831124815,90.73550212164074,13.449160401839034
3319,39.76738062142316,90.1015228426396,15.444940298805973
3320,40.71325618465883,89.31750741839762,16.863268958901635
3321,41.442145274712516,88.31316187594554,17.77834296476996
3322,43.083945042571905,87.55795981452859,18.857597226687517
3323,44.782054360825654,87.13380839271575,20.163025867653356
3324,46.00902319542711,86.56957928802589,21.159528431936746
3325,46.95095213564947,85.86150041220115,21.984502914096346
3326,47.677535728080656,85.34338358458962,23.056046030880427
3327,48.22462454261189,85.15691263782867,24.21405524448423
3328,48.61297906254233,85.01712328767124,25.543010515574714
3329,48.854981358819124,84.92678725236864,27.02910086069822
3330,50.091194335247515,84.65217391304348,28.18336312624482
3331,50.43214187439072,83.56223175965665,28.692926956450837
3332,49.56680270596898,80.18945634266886,26.480039248290385
3333,48.59766034777297,76.83504340962905,23.990523972597543
3334,49.57763480662615,73.92712550607287,23.37309201505289
3335,50.12342761131039,70.76604554865425,23.375461241072703
3336,50.63749902519592,67.56985605419136,21.090895980512
3337,50.63749902519592,62.955122777307366,16.677215361990523
3338,50.63749902519592,49.74597798475868,13.47500878234158
3339,51.122044168238254,51.18996105581999,12.141455842935748
3340,52.009650571309564,53.408577878103834,14.112149835556101
3341,52.836511436556236,55.67058823529412,17.393140590364588
3342,52.797982867148285,54.63093559003291,17.338375179111132
3343,52.6036986617723,54.00093589143659,17.70567888570634
3344,52.24672054955214,53.64269141531322,18.297141228112746
3345,52.003151583483174,54.868481772035075,20.72145558546
3346,51.422951002660525,53.51668169522092,20.427708998110298
3347,50.13028354154439,50.94582975064488,18.148139612472132
3348,49.475139937465784,47.634854771784234,21.82300515113589
3349,49.43057270086656,45.640605812525585,20.2976405420545
3350,49.88115316933435,46.02061855670103,22.07124032479153
3351,50.12342761131039,46.25258799171843,23.577588911704844
3352,50.171247935551854,46.29092416079569,24.243260014862773
3353,50.02716249371025,46.506821000413396,25.025685837048268
3354,49.80335251285329,46.768217373404696,26.821821744456454
3355,50.5598645401637,45.7851946940522,24.325565137672886
3356,51.234578272856446,44.91788726142921,24.20484089540696
3357,51.83287962988745,44.189251263206245,24.201225702970344
3358,52.6117158325373,43.05489260143198,23.118639565317963
3359,53.53071955830384,41.30543099152965,20.792347495692944
3360,54.33595872229417,39.90659055526726,19.614472801670065
3361,55.038971590925435,38.05929919137466,17.82980328757721
3362,55.56455498496155,36.00445186421814,15.358158543230616
3363,55.93016418305054,33.71363377067884,14.489784777378603
3364,56.22619732225047,31.333721607454862,13.679890664352925
3365,56.454579165091715,28.95204262877442,13.664466967744476
3366,56.543863941429606,31.704410011918952,13.706127417975454
3367,56.543863941429606,29.261025029797377,12.716199409172834
3368,56.543863941429606,27.056019070321813,13.040234580699659
3369,56.543863941429606,25.566150178784266,12.962065644228732
3370,56.543863941429606,28.486293206197853,11.889850643442335
3371,56.543863941429606,28.486293206197853,11.898610803730524
3372,56.95362276606388,27.74741955069824,13.079231376470002
3373,57.67200646914028,26.272784412319297,12.911003615012616
3374,58.267723289194606,25.016202203499677,12.0101490277464
3375,58.71736278090094,25.58139534883721,12.597055702876236
3376,59.033862064231315,26.472579553148275,12.014811393396412
3377,59.033862064231315,25.930941096817875,11.437186060553719
3378,58.81312552023199,25.635876840696117,10.67059209691738
3379,58.5433700424089,24.834437086092716,9.01876384548139
3380,58.12962805393103,24.445893089960887,9.406810684708994
3381,57.399157627853455,23.70417193426043,10.824559286295347
3382,57.15734168154345,23.848069738480696,9.826889129743414
3383,56.60282083109654,21.54963680387409,10.434934767778845
3384,55.93225745226159,24.677608440797187,7.665625666794137
3385,55.132777451627604,26.52714932126697,7.749881058545093
3386,55.61494153861577,27.201783723522855,9.432690536488337
3387,56.95589711623417,27.384960718294053,10.373952238354642
3388,57.52508874891258,27.47747747747748,12.134829770863908
3389,56.274163179685964,26.842684268426844,13.857940933739991
3390,54.1490479288501,26.124197002141326,14.584957143554899
3391,52.41609630243893,25.206611570247933,15.211400117561393
3392,52.19969829062534,25.254582484725052,16.458239949203996
3393,51.91943598287685,25.35,18.311675614569833
3394,51.57368726828694,25.0,21.020390382090802
3395,49.89691830866752,31.58887317303159,22.504501700740793
3396,48.757009301760675,34.47808404880253,21.495403362848496
3397,48.27609733705543,37.714285714285715,16.310924238090912
3398,47.72452611852834,40.55437100213219,14.952586831140808
3399,47.09847157995103,43.58233594717293,15.442052552563542
3400,47.09847157995103,47.9983491539414,11.30651803660364
3401,47.09847157995103,52.579446966570366,9.144460682800531
3402,46.602778926394386,55.71600481347774,7.014483153804968
3403,46.04225413052782,58.420847919097625,6.053284447600957
3404,45.4136459680208,61.23447497177268,6.355661549319724
3405,45.70177587830128,63.01675977653631,6.54557597598317
3406,47.38828586902273,65.84603360687768,7.013229805728699
3407,47.384528319205096,64.98264558426533,7.655551595885758
3408,46.55775936650649,62.52319109461967,9.721383689346428
3409,45.638993483046725,60.071301247771835,10.998152241109562
3410,45.638993483046725,55.54367201426025,13.617376010254038
3411,45.638993483046725,63.03030303030303,11.116019529037786
3412,45.638993483046725,63.03030303030303,11.791446307354143
3413,45.638993483046725,63.03030303030303,12.44612969350275
3414,45.638993483046725,63.03030303030303,13.082227975956474
3415,45.638993483046725,57.78966131907308,16.090388683963944
3416,45.638993483046725,62.38859180035651,15.19523667158015
3417,45.638993483046725,67.1301247771836,10.603760724118384
3418,45.638993483046725,72.01426024955437,7.666209344442514
3419,44.844523350479946,74.23565784953624,7.408039147268025
3420,43.96734174655678,76.19834710743801,6.668322215400587
3421,42.99954613599421,77.85192246584049,5.97238013463264
3422,41.930807174768766,79.3103448275862,5.022184325881978
3423,41.930807174768766,71.65090021361002,9.342438046526405
3424,41.930807174768766,76.07567897467196,7.51295390054548
3425,41.930807174768766,80.62252059810803,3.278181940803223
3426,42.67369903110337,84.86739469578784,2.4767253331434493
3427,42.964107779362664,84.56964006259781,2.6704579744858297
3428,43.02110080988968,84.12151581584716,2.883622318120677
3429,42.84905792105698,83.96373866833386,3.1661476138561753
3430,42.434302218036215,83.8468720821662,3.3819497887229546
3431,41.737249663738474,83.86398763523957,3.605305073900658
3432,40.65796155337228,83.7978560490046,3.789144061020377
3433,39.93767247424844,83.90525356817491,3.942489590887219
3434,38.9152538505534,83.92910784019224,4.053145599441886
3435,37.40707363301345,83.87192410317225,3.9984484784402095
3436,36.89358422097517,84.2785777255363,3.9026048420523454
3437,36.87484022786666,86.32858837485172,3.9868548327253297
3438,34.66437808669032,86.23906705539359,3.974237553905703
3439,32.938015420604565,86.31276901004304,3.962832465145297
3440,31.993867763874857,86.49335970613167,3.9570164441966273
3441,31.658193839595455,86.22839331255314,3.9101980954652
3442,32.063571930052824,85.58610709117221,4.078024011645303
3443,32.4222502976111,77.30894069046917,8.739516192524281
3444,32.73527439985285,80.30621435004502,6.017577473943147
3445,33.003525040034546,83.81590978360256,3.6393692224905174
3446,33.22773467502454,87.34177215189874,3.3893255469401513
3447,33.22773467502454,89.90429144797777,4.642186947756854
3448,31.3062018587781,90.03302311618133,4.807204760393416
3449,29.123708138847466,90.19264448336253,5.133119961243678
3450,27.411705731553397,90.38024971623156,5.843829321739366
3451,24.850755286923913,90.46831955922865,6.4519509144597365
3452,24.939611756784227,90.19933554817275,6.488347954401477
3453,24.988913337580794,89.95002776235425,6.720395451080947
3454,24.998768260822057,88.16666666666667,5.904692632144443
3455,24.998768260822057,84.91666666666667,4.555631098670535
3456,24.998768260822057,82.02777777777777,3.89573488075261
3457,24.998768260822057,79.05555555555556,4.671834581770791
3458,26.51974798289333,85.81920903954803,5.894800056001974
3459,28.564303874824827,85.25977816695855,6.332801581418315
3460,30.154442120671938,84.57831325301204,6.507234246858343
3461,31.478017851752956,83.76784605834885,7.006261753487001
3462,32.606782152354796,78.44827586206897,5.882009323609661
3463,33.57902038842321,81.11475409836065,7.486439555822647
3464,35.469269820339974,83.56950067476383,9.378407909648752
3465,36.42646159744078,84.48158253751706,10.492236672598683
3466,38.223783431942316,87.82824698367637,12.77293503919453
3467,38.988949076676334,89.47178002894356,14.958588136810567
3468,38.827445097227894,85.38681948424069,13.337268221459517
3469,38.827445097227894,82.34240687679083,12.27345767175605
3470,38.827445097227894,79.44126074498567,10.412855092996887
3471,38.827445097227894,77.00573065902579,9.455515587351568
3472,38.827445097227894,80.47994269340974,13.4125902777563
3473,39.19923031224247,79.86236870699022,13.971338003315529
3474,39.85462487103487,78.52125693160814,13.71198852936665
3475,41.53485309166329,77.47065505490345,14.52774565351635
3476,43.31708955967839,76.72246010120669,15.484751760494724
3477,44.633229221439535,75.84830339321357,17.036883790059676
3478,45.67001758389376,74.84687627603104,18.663477887882983
3479,46.49792662485621,74.05247813411079,20.380283762897715
3480,46.49792662485621,71.59516867971678,20.97702759818413
3481,46.49792662485621,69.30445647646813,21.531008516037875
3482,46.49792662485621,67.18034152436485,20.426748786241905
3483,47.814738144223476,67.01813580767609,21.999306582350723
3484,48.708388766032556,67.81903542466922,23.724577613485945
3485,48.708388766032556,67.81903542466922,25.485813137630952
3486,48.87133148087366,68.16816816816817,28.12198136958031
3487,49.57934461412564,65.8070253445976,27.945444969211785
3488,50.20392704372223,64.0,28.771217477381416
3489,50.75035088823488,61.30867709815078,28.31303834126493
3490,51.222784776341,60.897123354461236,29.78583074562709
3491,51.624540569844115,59.920039980009996,31.54819672814278
3492,51.95824370080171,59.060745278203164,33.27319598970527
3493,52.246171387857544,55.746229849193966,32.75406777143776
3494,52.46839796365034,52.29551451187335,28.891280462783232
3495,52.626233265472976,48.74666666666667,28.182519444123024
3496,52.681301566465585,45.021413276231264,24.523321137789022
3497,52.681301566465585,41.32762312633833,23.90872016827184
3498,52.681301566465585,37.84796573875803,21.6633362951681
3499,52.681301566465585,34.58244111349036,17.033958676271478
3500,52.681301566465585,42.45182012847966,26.280872273334374
3501,52.681301566465585,42.45182012847966,27.26272659426121
3502,52.7441273347541,38.924731182795696,23.840548956027746
3503,52.823501718063085,35.548352242031335,21.180961737395457
3504,52.775772513633136,32.04092622509424,19.93143717134639
3505,52.66413856591235,28.647781934794228,19.059307705392957
3506,52.48795279184266,25.409403063919704,20.483687150675692
3507,52.37534321311193,23.020450970110122,21.486905468405773
3508,52.37534321311193,20.66072364971159,24.016086029682768
3509,52.246171387857544,18.30473218928757,
3510,52.069372316849694,16.10082304526749,
3511,51.94553708900046,14.67280163599182,
3512,51.737805704870695,14.068825910931174,
3513,51.44408466680459,14.72055888223553,
3514,51.06126051712883,19.607843137254903,20.19183110034002
3515,51.576940991974695,21.231847771657485,20.225185656803372
3516,52.40415913719472,21.853961677887106,18.41994762825149
3517,53.103814790644336,22.477309129738387,22.680914230582975
3518,53.688921105214625,22.984092155787163,19.427502771425562
3519,53.94916262558881,20.055555555555557,17.768406363130975
3520,53.94916262558881,16.555555555555557,
3521,53.941518775362496,12.54858411993337,
3522,53.88030751456074,12.493090105030404,
3523,53.757560404246405,12.876712328767123,
3524,53.57261781001708,13.25040562466198,
3525,52.59477961743657,14.479166666666666,
3526,50.91820741617197,15.656063618290258,
3527,48.391336371833006,16.856060606060606,
3528,48.063828722286125,18.351187703772705,
3529,47.71315253969894,17.032967032967033,
3530,47.71315253969894,14.468864468864469,
3531,47.71315253969894,14.468864468864469,11.166889154356936
3532,47.71315253969894,16.666666666666668,11.799160556686733
3533,47.71315253969894,18.727106227106226,7.385204688452038
3534,47.371278906092726,20.43010752688172,1.9873513999752983
3535,46.96833633759464,22.15909090909091,3.7278589342781743
3536,46.19002463263928,22.74641954507161,3.8815079810331654
3537,45.31211287454392,24.351701782820097,4.197375408169054
3538,44.32288555528983,25.914396887159533,3.6561500531104523
3539,43.454084709028095,26.485054861899357,3.207000617440883
3540,43.30627398517206,26.61596958174905,2.9144178243809997
3541,43.30627398517206,26.61596958174905,2.9190142986445204
3542,43.708029464149234,27.100271002710027,3.037500553141982
3543,44.445612756501774,28.0561122244489,3.207247280009078
3544,41.80229507279132,26.748184944593046,3.426223533399561
3545,41.80229507279132,26.748184944593046,3.6719854477408096
3546,41.80229507279132,26.671761559037066,4.327631006370995
3547,41.350510795299314,30.689013035381752,6.205516966356587
3548,40.83923360242012,31.58275986961246,8.063704684276813
3549,40.26595799436695,32.37258347978911,7.705280873312388
3550,39.627656710878945,34.59312223357167,11.86212139493913
3551,39.2830027357295,35.66644340254521,10.482094423642883
3552,39.2830027357295,35.66644340254521,12.247290794096406
3553,38.92065501615755,34.540665130062564,15.377462306393413
3554,39.31211236162774,35.15415549597855,16.790394930896547
3555,40.03852872638508,36.16504854368932,16.92859158360471
3556,40.69363896891346,37.3567335243553,16.447468037082825
3557,40.69363896891346,36.67621776504298,19.44912608676219
3558,40.69363896891346,36.67621776504298,20.776327182094253
3559,40.69363896891346,37.3567335243553,20.464789309520576
3560,40.69363896891346,38.18051575931232,19.886680464898998
3561,40.03852872638508,36.9625520110957,23.786985470148153
3562,39.68451951832347,36.34503920900102,25.439536001379516
3563,39.68451951832347,36.651892260484146,26.430574531678914
3564,39.31211236162774,43.09651474530831,20.23167350995545
3565,39.31211236162774,47.01742627345845,16.45946663426383
3566,39.31211236162774,51.07238605898123,13.00684055074633
3567,39.31211236162774,55.261394101876675,7.7907742010795245
3568,38.54002438027031,57.54045307443366,6.946761128653221
3569,37.688952580477356,59.644194756554306,6.707805511854481
3570,37.688952580477356,63.920099875156055,4.951714312422812
3571,36.85445460986636,65.42168674698796,4.7974379873909685
3572,35.93829252437628,67.27642276422765,5.215164136578197
3573,34.93251035567786,68.95973154362416,6.25406546754331
3574,33.82672931547529,70.47900968783638,7.3576435532834585
3575,32.60692842060251,71.84265010351967,8.830240598281435
3576,31.734705880329255,72.40942487965543,10.271633620172397
3577,31.209459283945577,72.25448119161828,11.3602316545222
3578,30.280194284298144,71.85538538789856,11.736513454371549
3579,28.444758464643606,71.31821579865438,11.73437298637129
3580,28.444758464643606,71.517567904311,11.820436147359452
3581,28.444758464643606,71.99102915524546,11.944972273375052
3582,30.545186737872704,71.02876392847888,11.640004165790627
3583,32.80036633864676,69.98646820027064,10.24942562983101
3584,34.20192178195208,68.55292792792793,9.116213450286466
3585,35.059206752174774,60.262390670553934,6.31549004577357
3586,35.84168232246619,62.33413751507841,6.497557171374156
3587,35.84168232246619,62.33413751507841,6.785674316305518
3588,35.84168232246619,62.60554885404101,6.752580296630641
3589,35.4594551104659,59.87544483985765,7.3719183869927525
3590,35.4594551104659,65.89561091340451,6.658215807156041
3591,35.4594551104659,65.89561091340451,6.653422884072041
3592,35.4594551104659,65.89561091340451,6.674740965062894
3593,35.4594551104659,65.89561091340451,6.858684734083423
3594,35.88648748821001,65.01660126773318,7.296082211057946
3595,35.88648748821001,60.82100814971325,9.672319025662052
3596,35.88648748821001,51.49411409598551,16.120175077925477
3597,35.88648748821001,51.162088741322066,17.13001142526531
3598,35.88648748821001,60.760639903410805,10.190655356274059
3599,35.88648748821001,64.89586477512829,7.5054895592436885
3600,35.01203273236055,66.53073113894553,7.253587962590081
3601,34.543293024975824,69.53661327231121,5.512336139083378
3602,34.543293024975824,73.8558352402746,4.849402512395076
3603,33.70920755704854,75.53897180762853,5.016537664019412
3604,33.26353902530362,76.31721890277024,5.2838934608911305
3605,33.26353902530362,76.31721890277024,5.473757893514174
3606,33.26353902530362,76.31721890277024,5.671821143140622
3607,33.70920755704854,75.48369264787175,6.086785016626199
3608,34.543293024975824,66.81922196796339,10.828106065245139
3609,35.305610258194065,69.04198698994678,9.804492563417604
3610,36.000734699203576,71.33699633699634,8.192797436430231
3611,36.632425639518594,75.48772813089994,6.611905259577427
3612,36.26001753846645,76.2796504369538,6.319547119256663
3613,36.28914399879284,78.43877872206484,5.293843715671644
3614,36.537631254244886,80.26147959183673,4.184982945850805
3615,36.02695629123841,76.8944099378882,6.46192254383047
3616,35.460393912203784,73.46014492753623,8.730246681618942
3617,34.83552265112975,69.34349355216881,12.078877552840227
3618,34.149460282251034,80.36931818181819,4.573643535434941
3619,33.39875524497693,82.12321232123212,3.659866794425601
3620,32.579237595708385,83.69680851063829,3.6555350730599088
3621,32.14212459654111,84.41830065359477,4.0661588002144535
3622,32.14212459654111,84.41830065359477,4.414110790136996
3623,32.14212459654111,84.41830065359477,4.764849979575634
3624,32.14212459654111,84.41830065359477,5.11169004006485
3625,32.14212459654111,84.41830065359477,5.496658248845503
3626,32.14212459654111,84.41830065359477,5.905997349848949
3627,32.14212459654111,84.41830065359477,6.309475251035585
3628,32.14212459654111,84.41830065359477,6.679614950851218
3629,32.14212459654111,84.41830065359477,7.018820986565742
3630,32.14212459654111,84.41830065359477,7.30656879660039
3631,32.14212459654111,84.41830065359477,7.223069439100602
3632,32.14212459654111,84.41830065359477,7.126577799206749
3633,32.14212459654111,76.73202614379085,13.929262796852303
3634,32.14212459654111,80.88888888888889,9.77554280920898
3635,32.14212459654111,85.15032679738562,6.537149721625294
3636,32.14212459654111,89.51633986928104,4.310092399927587
3637,30.967354754328134,89.95721117543418,4.188143676364691
3638,29.669881939216445,90.38508113344635,4.08572744565406
3639,28.225419884775455,91.10179361751689,4.010517745530778
3640,26.595127902337623,91.6909294512878,3.867880483409689
3641,24.70674765727155,92.16361679224973,3.7072733224614765
3642,22.37195935178645,92.53051934616181,3.6243700199231306
3643,20.28213296837117,92.91260203065897,3.6023696647403667
3644,17.353815949765817,93.20053629572878,3.828133674825112
3645,16.31942750187989,94.02486546669141,4.0055638952751025
3646,15.203163929990762,94.7349505840072,4.267088768633997
3647,14.61155260696702,95.04950495049505,4.460552459258854
3648,14.61155260696702,95.04950495049505,4.531000159208638
3649,14.61155260696702,95.04950495049505,4.607133885819268
3650,15.203163929990762,94.7349505840072,4.592065535564833
3651,16.31942750187989,85.54462794581555,6.939236491076766
3652,16.31942750187989,85.54462794581555,7.145794730184449
3653,16.31942750187989,85.54462794581555,7.370379348244823
3654,16.31942750187989,85.71163481165337,7.595540808384635
3655,14.638399322788548,94.19155134741442,2.7445318364485254
3656,14.638399322788548,94.19155134741442,2.7862147510038615
3657,14.638399322788548,94.19155134741442,2.804076447196504
3658,14.638399322788548,94.19155134741442,2.799738025642559
3659,14.638399322788548,94.19155134741442,2.7927257101409477
3660,14.638399322788548,94.19155134741442,2.7964105446454495
3661,16.31942750187989,94.08053442197068,2.7702223974241713
3662,18.690358708445338,93.79456542686452,2.8570107815543366
3663,20.615627592283474,93.41604962977787,3.2604443322199246
3664,22.283585384796602,84.3133180968211,7.717432309183481
3665,23.76652388523746,87.49191287470347,6.399409319812626
3666,25.1033194568002,91.20608637279034,4.629736038434891
3667,27.36915726079234,95.112869443798,5.314818576729336
3668,27.493142894464945,94.66324865998602,5.248739201790309
3669,27.451946924857516,94.12997903563941,5.148471798484349
3670,27.24395488040758,93.51615152219382,5.1827478096892206
3671,26.860589368061262,94.05230270770654,5.41704274146406
3672,26.283917228867935,94.43294225902922,5.852798634606321
3673,25.480247719090908,94.70440538689797,6.312209839505245
3674,24.381574231056348,94.86773683020574,6.694902038057082
3675,25.099452693066148,94.71724458924831,6.98277121313456
3676,26.65496512614122,94.5314382076608,7.155696705307891
3677,28.666918549102938,94.17816813048934,7.236266331301837
3678,30.35290651719859,93.7026391429318,7.4916725086563565
3679,31.821955602419067,93.09219472395975,7.356394867550734
3680,33.125651920350855,92.33380480905234,7.257447708504267
3681,34.29421522876066,91.64951484857394,6.976137451191005
3682,34.83427851070582,89.15193287383877,5.683463150207145
3683,34.83427851070582,84.74677854360203,3.8726493363457206
3684,34.83427851070582,80.70122864848666,3.9683910797829562
3685,34.83427851070582,76.59574468085107,6.78731750930437
3686,34.83427851070582,87.29397662571172,5.2886967191609395
3687,34.83427851070582,87.29397662571172,6.24477111944351
3688,34.83427851070582,87.29397662571172,6.720334741704114
3689,34.83427851070582,87.29397662571172,6.937647105640828
3690,34.83427851070582,87.29397662571172,7.034712469240496
3691,36.4212804186648,87.00183936235439,7.079187199971673
3692,38.60089229609999,86.30532392559333,6.656192686834795
3693,40.330312614516416,85.44600938967136,6.460928737185792
3694,41.79767087632888,84.40784863349684,6.067767090527876
3695,43.07502029749527,83.46744696415509,5.49533101179894
3696,44.20098003340266,82.76125095347064,5.297151425532436
3697,45.19959659033053,82.04924543288324,4.968503497968817
3698,46.087202993401824,81.33773740710157,4.462091890060833
3699,46.87553528924055,80.63410454155955,3.797797909353837
3700,47.573356498080635,79.94676131322095,3.674634832527028
3701,48.18738613456993,79.28505957836848,3.5533475595916575
3702,48.72286982073716,78.65911237016053,3.671261391360175
3703,49.18394665880461,78.07953443258972,3.9713045215146283
3704,49.573895473857405,77.5571002979146,3.993176402460831
3705,49.8953045714835,77.10233029381966,4.04902029577928
3706,50.15019092080583,76.72502574665293,4.180160176856094
3707,50.34008442613833,71.37643378519292,6.854307932043865
3708,50.46608703122178,75.49947423764459,5.01121577034609
3709,50.528912799510294,79.56705385427666,3.6941676814621194
3710,50.528912799510294,83.52692713833157,5.673448368344064
3711,49.81052909643389,85.07692307692308,6.625097040503819
3712,49.35540287115202,85.80775037745344,6.9608558090681125
3713,49.21894802957487,85.93516209476309,7.097610927669998
3714,49.21894802957487,82.6932668329177,5.403558415425005
3715,49.21894802957487,79.65087281795512,3.3325020300814114
3716,49.21894802957487,76.80798004987531,4.281908478269909
3717,49.21894802957487,78.95261845386534,3.8480376344152907
3718,49.21894802957487,76.80798004987531,5.06605135143488
3719,49.25685333001425,78.3608195902049,4.569367506210507
3720,49.27578683933066,78.43921960980491,5.014276906099891
3721,49.27578683933066,78.43921960980491,5.416823784760381
3722,49.21894802957487,75.46134663341645,7.294760456826098
3723,49.08587423843318,72.41208519068846,9.574266160237288
3724,48.875463568001884,75.35521803037727,8.33709138966207
3725,48.58591841726192,77.98165137614679,7.0536418944449615
3726,48.21464799365529,80.41725936462778,5.511090590847196
3727,47.75811569191824,82.64501160092807,4.260204700388484
3728,46.629603599572874,83.36330935251799,4.300408006567729
3729,46.02305400659121,83.97548161120841,4.6152100535675995
3730,46.77810540414572,84.28137212331741,4.619462754665234
3731,48.48955559012766,84.24747696358052,4.726533209736416
3732,48.66513584136589,82.59548611111111,4.97716394096447
3733,47.67855131510157,79.95798319327731,7.43376340423095
3734,46.51648841046362,77.23214285714286,10.164040723467394
3735,45.12800063148147,74.45226917057903,12.747377115248696
3736,43.404641174148715,85.09036144578313,3.278879691957014
3737,40.83275057117382,85.70911722141824,3.040297283802268
3738,39.73115116346726,86.18881118881119,2.802141576841997
3739,38.458359216475756,87.11201079622133,2.1456436547030298
3740,36.96311944309802,87.8738621586476,1.7088647823255276
3741,35.13670854309519,88.48560700876095,1.238553474416342
3742,32.46521848572785,88.95908543922984,1.2821610585356875
3743,32.26638480916403,89.08387864366449,1.489487547049051
3744,32.024638675463414,89.23122065727699,1.8546866951216892
3745,31.73935271780769,89.39919121894859,2.3161361885126666
3746,31.409766624864094,89.58569807037458,2.7576340782254936
3747,31.03497399853011,89.78853644963829,3.3257972220803094
3748,30.613905807995746,88.3442265795207,2.9065550431196066
3749,30.385634824857753,89.47226709746904,3.958022309302162
3750,30.385634824857753,89.52611739364566,5.2314905594681145
3751,30.385634824857753,89.5799676898223,5.996546390761996
3752,30.83029805079799,87.3898678414097,5.159656502796877
3753,31.228083910648834,89.68521641371557,6.840945485201012
3754,31.580150238693538,89.49026345933562,7.000247311695804
3755,32.74093683285947,89.15414087827881,7.115821005792119
3756,34.4535618317986,88.5311254216498,7.034820588622296
3757,35.90363781879374,87.72712782913612,6.823125549772839
3758,37.16318892524904,86.7593512082092,6.698634119212511
3759,38.270802535646844,85.8908341915551,6.330212902839847
3760,39.250490357616826,85.24706718805545,6.36400905191487
3761,40.11854719247093,84.60124954061007,6.350372851166703
3762,40.8866669730144,83.95904436860069,5.9694069810621055
3763,41.563566169163494,83.32682545880516,5.7140251086751706
3764,42.15591266277524,82.71159245888488,5.199823680688451
3765,42.6688945925988,82.12083847102343,4.872633965676372
3766,43.106586808269086,81.56236875262495,4.532383167593676
3767,43.47219600635808,81.04407359863072,4.106932829658213
3768,43.76822914555801,80.57366362451108,4.09591959680767
3769,43.996610988399254,80.15838099428069,4.366969292956789
3770,44.15876634914573,72.3479804704838,8.432535657882362
3771,45.609223991714146,75.16991391028546,7.375742555563764
3772,47.39146045972925,77.6112412177986,6.517228432839134
3773,48.7076001214904,79.91308546595847,5.283531371135334
3774,49.81532278803547,80.35892323030907,5.1994820191898246
3775,50.79101853238173,79.3298969072165,6.279533418678012
3776,51.60330272506949,75.45164718384697,8.885931969717726
3777,53.93882864633663,78.01104972375691,7.419748316756227
3778,54.7317019844949,79.45976364659539,6.464484958994509
3779,54.67981513889866,79.1923724060572,6.6948016762812355
3780,54.67981513889866,79.1923724060572,6.7139014838204005
3781,54.55840400757385,75.18085698386199,9.798929285146468
3782,54.366634254873205,84.33205057724024,2.5969443017046796
3783,54.10315344559547,84.58626284478096,2.467786120494883
3784,53.76603108437965,84.8966613672496,2.4419774088370865
3785,53.35266697555189,85.25607863424729,2.4962136362554896
3786,52.85965610354302,85.6567689984902,2.4410210618899444
3787,52.28259035827123,85.94436310395315,2.4462965867397295
3788,51.615763576175844,87.966021708353,2.8695682955079143
3789,51.67108952005586,89.32898415657036,3.9474332242588384
3790,52.24415644068099,90.0,4.491186113147251
3791,50.903200863062594,89.49579831932773,4.326898982189397
3792,49.411613890154825,88.83225208526413,4.294634263964104
3793,50.067289002289385,87.9848628192999,3.6486839789058205
3794,50.58585578567614,87.48796920115495,3.39407463807746
3795,50.979192347545776,87.02439024390245,3.4262896264402554
3796,51.25519547150918,86.60098522167488,3.362046226982806
3797,51.551516462772376,85.72849328692193,3.1913689111460055
3798,51.84778956380411,84.24485699949824,2.9396776373133484
3799,52.01006732106555,82.60211800302572,2.920173514747203
3800,52.04233125032448,80.81776880363452,4.627981177054236
3801,51.94534920549717,81.93256165072974,3.2380879818106467
3802,51.716789697281506,82.05897051474263,3.26969784584296
3803,51.350868033045096,82.25407810182897,3.6281871502093366
3804,50.83737862100681,82.51339503166098,3.594544142490006
3805,50.15965024261584,82.831181252989,3.5371917007241684
3806,49.290143679057884,83.80907814693495,3.372304177473597
3807,48.1795764657296,84.6188954815153,3.2791949371462366
3808,46.72091951237323,85.26409232134931,3.736151098874643
3809,44.401731715844846,85.75118381403358,3.835512747915019
3810,44.401731715844846,85.75118381403358,3.8151072410897844
3811,44.401731715844846,85.75118381403358,3.878412619472385
3812,44.401731715844846,80.71459319845027,5.259934572380994
3813,44.401731715844846,83.42660352991821,4.001823381337056
3814,44.401731715844846,86.31080499354283,4.208140749836833
3815,44.401731715844846,89.36719758932415,5.4509690654576906
3816,44.60010935347584,89.22808547754035,5.62448922286126
3817,44.74496683299791,89.12373403786879,5.793215525821472
3818,44.8368794758227,89.05626938413823,6.025417172957495
3819,44.87620699097719,89.0270990670813,6.249310642472154
3820,44.87620699097719,87.07241226121724,6.0431397836008856
3821,44.87620699097719,83.29631274988894,6.042117803254326
3822,44.87620699097719,79.69791203909374,8.503569541639816
3823,44.87620699097719,76.27721012883163,11.054510339492213
3824,44.87620699097719,82.80764104842292,6.215135002324306
3825,44.87620699097719,82.80764104842292,6.414394662101699
3826,44.87620699097719,82.80764104842292,6.417640901072868
3827,44.87620699097719,82.80764104842292,6.471027799206167
3828,44.87620699097719,77.96534873389605,11.137087849780189
3829,44.87620699097719,81.4749000444247,7.858931271779292
3830,44.87620699097719,85.16215015548644,5.6836461811551455
3831,44.87620699097719,89.0270990670813,3.770106681987407
3832,43.96549130874906,89.36719758932415,3.770279139396504
3833,42.89580829754686,90.01248439450687,3.4581992518689812
3834,41.62905910355209,90.80690485748696,3.067190302057066
3835,40.09365855003351,91.41863161963664,3.060570574024525
3836,38.10189973808243,91.86176142697882,3.1010701241537895
3837,36.2738059707131,92.78017241379311,3.380041172736843
3838,35.54187227670552,94.13817166782972,3.9153763666522887
3839,35.54187227670552,94.13817166782972,3.9713986220689943
3840,35.54187227670552,94.13817166782972,4.048306972118854
3841,35.66725637773144,90.82278481012658,3.1744369897540654
3842,35.746871482982115,87.34982332155477,4.657749294856923
3843,35.780950883272645,83.74645892351275,6.3373440261238825
3844,35.76959383323396,91.0828025477707,2.8158768459750187
3845,35.71276729614771,91.11424541607899,2.8678617361046195
3846,35.61030536445822,84.96846531184303,5.9632145734181625
3847,36.97791786426487,88.0184331797235,4.578437909937916
3848,38.84757021560405,90.7197661673365,2.8192048157579794
3849,41.00142140672229,93.45126082047422,2.3325112543540443
3850,42.22913702429049,93.27251995438996,2.3202718800708886
3851,42.93753907550519,92.95828549559893,2.3360524299160628
3852,43.30085004240888,92.50864387245485,2.433311744480457
3853,42.381331175885094,89.5841139003372,3.860640057261904
3854,41.2834427694859,87.16733503463361,5.511224854739854
3855,39.956477544344025,84.63716814159292,7.080494534430476
3856,38.29219937641092,91.35506003430531,2.769688098788902
3857,35.77713531052227,91.66943245934284,2.646898609007178
3858,35.84224222243448,91.63612129290236,2.882353583644974
3859,35.863925365312014,91.62495829162496,3.1512572169868
3860,35.84224222243448,91.63612129290236,3.4446350356136586
3861,35.77713531052227,91.66943245934284,3.6773050078460656
3862,35.66843126091765,91.72436531486977,3.9026373381875077
3863,35.51583802613202,91.8000653381248,4.072916003198866
3864,35.318940097962354,91.89538262835002,4.141942807254184
3865,35.07719153780201,92.00891435848456,4.254729860970298
3866,34.78990651834455,92.13905418102098,4.2245892928338495
3867,34.45624694945508,92.2840454964648,4.204812931463446
3868,34.07520659696493,92.44203553146643,4.238972548837191
3869,33.64559088337971,92.61112746541066,4.155376535101505
3870,33.165991256918666,92.78942832519391,4.043533566854742
3871,32.634752588396374,92.9750909599776,4.0777938539462495
3872,32.04993143873316,93.1663490334876,3.89360756580795
3873,31.409242127193032,93.36154456492991,3.813354576230622
3874,30.709986144576433,93.55914806261227,3.6983484981213124
3875,29.948958290841333,93.75777169858245,3.762716564301953
3876,29.12231942592135,93.95617625812666,3.6811473798846737
3877,28.225419884775455,93.94362916375495,3.92730245819351
3878,27.252547421801655,94.93357351947759,3.359732047537462
3879,26.196554861622907,95.77985642810529,2.963326271075285
3880,25.04828620409858,96.49233354337323,2.851602344996571
3881,25.04828620409858,96.49233354337323,2.868366844015168
3882,25.04828620409858,96.49233354337323,2.895069810763175
3883,25.04828620409858,96.49233354337323,3.1842829376365738
3884,25.04828620409858,96.49233354337323,3.8131181430624963
3885,25.04828620409858,96.49233354337323,3.914219193851985
3886,25.04828620409858,96.49233354337323,3.970837298358684
3887,25.04828620409858,96.49233354337323,4.13875889018243
3888,25.04828620409858,96.49233354337323,4.524060565837097
3889,25.04828620409858,96.49233354337323,4.594988390072572
3890,25.04828620409858,96.49233354337323,4.669501635971381
3891,25.04828620409858,96.49233354337323,4.747869242645885
3892,25.04828620409858,96.49233354337323,4.8293930500332065
3893,25.04828620409858,96.49233354337323,4.91728694294222
3894,25.04828620409858,96.49233354337323,5.011372451202896
3895,25.04828620409858,96.49233354337323,5.119738416944777
3896,25.04828620409858,96.49233354337323,5.238592434219781
3897,26.708440258420975,84.41586280814576,8.238951342156735
3898,29.036985818208088,87.9214110292476,7.009698530312292
3899,30.91898977031126,91.56010230179028,4.831556847420234
3900,32.542766073536065,95.3280077463084,3.9851713758698595
3901,32.69517325981366,95.15269025690742,4.052313123652557
3902,31.434707923492546,91.11059262715818,5.292717640191487
3903,30.041242809529912,87.29232150875617,7.966860185698008
3904,28.484461194682805,83.97408207343412,9.841240529072552
3905,27.477459921089785,96.18966977138018,2.9789578067040443
3906,25.387633537674503,92.47049247049247,4.1909933082969655
3907,22.459316519069148,88.88888888888889,6.823058943418869
3908,20.34563996081703,85.5743879472693,9.242249200777827
3909,17.393940569273358,94.43437273386512,2.125860993408068
3910,15.771840735738898,94.85474273713686,1.6641150811683052
3911,13.936024857343174,95.1858108108108,1.2862312815219281
3912,11.777332757306647,95.4352787740463,0.8812234272203977
3913,10.487334801606254,95.51569506726457,0.9264285716323813
3914,10.487334801606254,95.51569506726457,1.0595703481654744
3915,10.487334801606254,95.51569506726457,1.2614189705219732
3916,10.487334801606254,95.51569506726457,1.5307102834178734
3917,10.487334801606254,95.51569506726457,1.8450532613666493
3918,10.487334801606254,95.51569506726457,2.1768167240349725
3919,10.487334801606254,95.51569506726457,2.5259169963350026
3920,10.487334801606254,95.51569506726457,2.890989191385286
3921,10.487334801606254,95.51569506726457,3.3707326027793343
3922,10.487334801606254,95.51569506726457,3.975249321592046
3923,10.487334801606254,95.51569506726457,4.712043126475728
3924,12.190555897802513,95.43453448556987,5.518532294560919
3925,14.606502646152375,95.21717086361332,5.955562869546267
3926,16.577653655137688,94.92030127868279,6.484146681147312
3927,18.29239419439666,94.53621346886912,6.997979531977564
3928,20.7588631013129,94.19853079676022,7.470852170333985
3929,22.76317498746154,93.80254154447702,8.185600570114106
3930,24.136859197796348,93.19148936170212,8.829217223637746
3931,25.389502000462883,92.4627335712786,9.233979845884756
3932,26.537770657987213,91.60687105892585,9.750095215289585
3933,28.72741369363203,91.12265642647391,10.802106793851351
3934,31.03682891528535,90.67577113256417,12.998629794736047
3935,32.89928427268176,90.11042944785277,14.32088373499419
3936,34.503075024170116,89.41447200204551,15.455628686148872
3937,35.920433290400936,88.78828229027962,16.478760424252073
3938,37.190171715582835,88.32825062378708,17.161158904366832
3939,38.336546516681224,87.85693683299682,18.087140388006123
3940,39.37611852688162,87.37631184407796,19.1831774566092
3941,40.28468576789857,85.86990351696234,20.015125117240085
3942,41.111390308090876,84.15617941271378,21.461616515975216
3943,41.8624802412885,82.22519211493484,22.293140588572594
3944,42.54296431280123,80.62176165803109,22.48031408035328
3945,43.15691582370581,80.0,23.53808983993717
3946,43.70768165244101,79.39772309952258,24.15076345219087
3947,45.50490414680765,78.58778625954199,24.549141734272748
3948,47.59795893279759,77.40384615384616,24.778677299276676
3949,49.23822848174084,76.00840336134453,24.402004478472527
3950,50.16253305602625,73.63834422657952,23.762900348902825
3951,50.74749179266851,70.78651685393258,23.005434074691664
3952,51.45850347398512,68.18816953889147,21.255454993534777
3953,52.08145559799774,65.33461723639866,19.564859132920056
3954,52.50833024524768,55.160493827160494,13.7783634512404
3955,52.75609336020419,56.554495228528374,16.690487055149536
3956,52.9444286666886,57.404580152671755,17.927443711084884
3957,53.07425123592013,58.038007190549564,17.90018380881301
3958,52.00613622086112,58.84977689638076,18.96618530894916
3959,50.666347987045846,56.49690623512613,20.021349665476013
3960,48.98977578578122,54.126766985864116,18.18006938495942
3961,46.72330622307944,52.45249668581529,17.205656242409905
3962,46.96430902731897,42.371364653243845,12.038144346864527
3963,48.42547165688323,43.32113449222324,12.340801391870471
3964,48.42547165688323,43.32113449222324,12.622488964466203
3965,48.42547165688323,43.32113449222324,12.889955501275022
3966,46.96430902731897,40.76062639821029,12.611979070307319
3967,46.96430902731897,47.33780760626398,16.453909995113555
3968,46.96430902731897,47.33780760626398,16.193506275804292
3969,46.96430902731897,47.33780760626398,15.868064549664156
3970,46.96430902731897,47.33780760626398,15.661587461203059
3971,46.96430902731897,47.33780760626398,15.337490538079578
3972,46.96430902731897,47.33780760626398,14.948201442142025
3973,47.085313944758425,44.15877311682454,10.155830252791157
3974,47.15237960449895,40.960579972813775,8.313045879224179
3975,47.165779165642824,37.77777777777778,8.269825679547022
3976,47.12556692789892,37.539574853007686,7.430786117235845
3977,47.24757290464489,36.86363636363637,7.966032073065989
3978,47.51276828280142,34.622467771639045,8.90776656706044
3979,47.70066917391474,32.388475836431226,13.044933535629108
3980,47.50003983409882,29.541284403669724,17.055321567869917
3981,47.240469740692006,26.173285198555956,18.484310365685637
3982,46.9206809717362,25.75221238938053,20.70891997977693
3983,46.53903418087755,28.37370242214533,23.87068624107893
3984,46.09347283041705,32.16694772344014,21.249859430918654
3985,46.09347283041705,31.871838111298484,23.652037866737544
3986,46.09347283041705,36.12984822934233,18.085123557218385
3987,46.09347283041705,40.55649241146712,20.05575685327743
3988,46.09347283041705,45.15177065767285,18.97821822661398
3989,43.47972530580715,47.58842443729903,16.112088052861825
3990,43.47972530580715,44.81511254019293,22.472477380957063
3991,43.47972530580715,48.954983922829584,16.31977397815765
3992,43.47972530580715,52.97427652733119,15.91616927557531
3993,43.47972530580715,57.19453376205788,11.767887556137977
3994,42.99372729722644,59.19405320813772,12.829812597710871
3995,42.44259173903365,61.20820668693009,11.633603966113531
3996,41.82308606333722,63.2179675994109,10.554000957225563
3997,41.13124151476452,65.45584045584046,9.029888473302258
3998,40.362145211182096,67.74415405777167,7.786772321298036
3999,39.509637175699204,69.72811671087533,6.503450456548089
4000,38.56585249357064,71.51979565772669,5.759744689140169
4001,38.05663758495979,72.34575634199813,6.2119567354333345
4002,38.05663758495979,72.34575634199813,6.84807021486088
4003,38.05663758495979,72.34575634199813,7.555757933001203
4004,38.05663758495979,65.42436580018791,13.38080468467688
4005,38.05663758495979,69.65236454744755,10.256603975381841
4006,38.05663758495979,74.00563733166301,8.428377019228499
4007,38.05663758495979,78.48418415283433,6.653962302997683
4008,36.43031798950743,79.55022488755623,6.557976085563754
4009,34.47657512329178,80.45911047345767,6.197147933489151
4010,32.21359556585994,80.59284116331096,6.564055251319235
4011,33.20447230729384,83.64269141531322,5.984527047132422
4012,33.20447230729384,83.67169373549883,6.24725352933196
4013,33.20447230729384,83.61368909512761,6.518508639858457
4014,33.20447230729384,83.7877030162413,6.4717086610730234
4015,34.10534669233128,73.91826923076923,12.450647791783348
4016,34.9241545628653,77.20771144278606,10.53414631921402
4017,35.66713291832449,80.65552699228792,7.851359438885024
4018,35.66713291832449,80.65552699228792,7.9063259550351015
4019,35.02816260875111,78.52244389027432,10.208327303972922
4020,34.32334079927115,76.1171497584541,12.510309261899627
4021,33.548558084959254,86.53621495327103,4.53248757265917
4022,32.75848767019472,88.13559322033899,4.003993491420065
4023,31.893796571866574,89.54694323144105,3.521119035415066
4024,29.814536776406413,89.95278069254984,3.436316807229619
4025,28.8185458623906,90.30379746835443,3.298647083610796
4026,27.72896509019883,90.6494140625,3.2987492625991313
4027,26.533752755743322,90.98823529411764,3.285460319067844
4028,25.216294388895182,91.31912964641886,3.318698347568059
4029,23.752283739747426,91.79397642950677,3.3781234878456443
4030,22.102861419175802,92.33193277310924,3.8983794444915083
4031,21.188500851307296,92.55976916735366,4.769754336683877
4032,21.188500851307296,92.55976916735366,5.84341659836349
4033,22.102861419175802,92.33193277310924,5.867280244141649
4034,23.752283739747426,83.12963771278918,5.643214084578734
4035,25.216294388895182,86.4687216681777,4.541205816506621
4036,25.89159020775283,88.10623556581986,4.2782532723517726
4037,25.89159020775283,88.10623556581986,4.261142748947604
4038,24.950981674037966,85.18766756032171,4.638442538660569
4039,23.931175200395096,82.3110151187905,5.954184989181079
4040,23.389134660742467,93.46072186836518,7.157022334884241
4041,23.389134660742467,93.46072186836518,7.569994948067941
4042,23.931175200395096,93.04535637149029,7.621153793187369
4043,24.950981674037966,92.11349419124218,7.2218909672407205
4044,25.89159020775283,91.03926096997691,6.846419292790368
4045,26.759380123000486,89.81393129770993,6.522666011001352
4046,27.559501364711814,90.34958148695225,7.71735794377661
4047,28.29617944586349,90.05076142131979,9.013937656026657
4048,28.972925649162118,89.7543125980136,10.231571151321502
4049,29.28976395123344,87.48674443266172,9.861544459533462
4050,29.28976395123344,83.32449628844114,8.84787913329022
4051,29.28976395123344,79.26829268292683,6.807794090290067
4052,29.28976395123344,75.31813361611877,7.014447724393581
4053,29.28976395123344,84.41145281018028,9.954396980853963
4054,29.28976395123344,84.41145281018028,10.75772999401184
4055,29.28976395123344,84.41145281018028,11.626559969035148
4056,29.28976395123344,84.41145281018028,12.60701734441595
4057,29.28976395123344,84.41145281018028,13.043898439903401
4058,30.899560262189695,84.06935789758873,13.271229641978378
4059,33.125651920350855,83.28147100424329,13.240774510374452
4060,34.902792932791016,82.34425745497491,12.603000559721487
4061,36.419180921706285,81.24422543886665,11.914578769821894
4062,37.746942994097246,80.2247191011236,11.171657026432737
4063,38.92477863901034,79.40488131059846,10.31084021193196
4064,41.02768272237711,78.4841075794621,9.594002768773688
4065,42.114447742468556,76.82793743179337,8.496511324449916
4066,43.08359010066456,74.95270525917518,7.432405859152625
4067,43.08359010066456,64.28301172909572,3.5089013568905134
4068,43.08359010066456,64.51002648505487,3.831710002057312
4069,43.08359010066456,64.51002648505487,4.019106802116873
4070,43.08359010066456,75.10404842981461,6.862525065843205
4071,42.8355336978295,74.4776119402985,6.117937526884528
4072,42.8355336978295,72.64925373134328,5.222668980582174
4073,42.8355336978295,70.97014925373135,4.433031696220944
4074,42.29360060249466,66.34057971014492,5.4327912115607555
4075,41.68822760109715,64.85252808988764,6.332471394020945
4076,41.01608204109475,62.73777173913044,8.893139766898177
4077,40.273103685635554,70.04593175853019,4.6053751047243665
4078,39.87353476242694,71.12471801482437,4.434008585228111
4079,39.87353476242694,71.12471801482437,4.582059469717055
4080,39.87353476242694,71.12471801482437,4.6213591840649135
4081,39.87353476242694,71.12471801482437,4.721163340054802
4082,39.87353476242694,71.12471801482437,5.0572776147510305
4083,39.87353476242694,71.12471801482437,5.427166584032101
4084,39.87353476242694,71.12471801482437,5.83182376162515
4085,39.87353476242694,71.12471801482437,6.146770696512709
4086,39.87353476242694,71.12471801482437,6.3314484316673445
4087,39.87353476242694,71.12471801482437,6.465159244564352
4088,39.87353476242694,65.42056074766356,11.299543491293377
4089,39.87353476242694,69.90009668063165,8.175902548433351
4090,39.87353476242694,74.50854012246214,5.5828378320358345
4091,39.87353476242694,79.24589107315501,3.4703304105246224
4092,38.820282087599715,80.30349953545989,3.4792204266447246
4093,37.651718779189906,81.71275646743979,4.1156612595377124
4094,36.90327789834186,82.28105906313645,4.323066521013252
4095,36.488522195321096,81.947261663286,4.770807472541707
4096,35.79146964102336,81.42816009213936,4.926828466849309
4097,36.67351924134593,79.76723366159355,4.315010248194019
4098,37.47741158155606,79.48717948717949,4.423864163054497
4099,38.208751014244676,71.73427020121368,6.838030163167462
4100,38.87207109640149,75.53577316188593,5.224813280010583
4101,39.47108578723895,79.27285083248385,4.388209190168377
4102,40.00886506013949,83.4673191191891,6.93093953336705
4103,39.704137310321066,83.95147313691508,7.846118545525254
4104,39.29062265129052,84.4703462461433,8.306490806939053
4105,38.55677918474928,82.91541290538281,7.545533118395236
4106,37.50473591278341,79.81976182813003,5.292046160700466
4107,36.326900267870315,76.72547199009594,4.384253895642521
4108,34.999138195479354,73.65447517097829,5.276113157261458
4109,33.48275020656409,83.55695118469883,8.61656478746237
4110,33.48275020656409,83.55695118469883,8.788968319494339
4111,33.48275020656409,83.55695118469883,8.853715172414168
4112,34.26786138051135,83.1002331002331,8.461399703716953
4113,35.683711994043826,82.06917475728156,7.8380084377116175
4114,36.932816953511214,80.87121212121212,6.458866119602127
4115,38.04532105638695,72.96587926509186,3.6761610665946707
4116,38.04532105638695,72.9002624671916,3.8608939680723826
4117,38.04532105638695,73.12992125984252,4.035768958015225
4118,38.04532105638695,73.12992125984252,4.169564453230985
4119,37.58849206564578,80.08962868117797,4.86272887693027
4120,37.34000481019373,79.43127962085308,4.278669398408835
4121,36.80166344125649,73.59360590224408,4.052916659846543
4122,36.20627593174607,71.48402508211406,4.757134574619214
4123,35.551202035374544,69.33101650738489,6.148161406965062
4124,34.833290594753336,77.27910238429172,2.693919840871438
4125,33.22349428379708,77.7838727372463,2.732342542783484
4126,33.22349428379708,77.7838727372463,2.8251391993137056
4127,34.087497108299445,77.19249089380779,2.9680979124921514
4128,35.634465527245126,70.18415667933353,6.169619339996368
4129,36.993613236729864,73.36177994513868,4.419290917282024
4130,38.203683289268476,76.75452524610988,3.4936658387481354
4131,39.28885693764159,80.66115702479338,5.876579521005351
4132,39.14477149579999,81.326294952161,7.028352254546083
4133,38.80092264905323,81.9047619047619,8.268479608831402
4134,38.955334588272066,81.83938687104299,8.768163122475794
4135,39.710860578927644,81.20041393583995,8.585011387664077
4136,40.39248844466468,80.5704099821747,9.073094664528945
4137,41.00467471993499,79.95586612725266,9.658063104965557
4138,41.55104952646648,79.36387731919727,9.813901982324875
4139,42.0345913561623,78.80202255931545,10.340559148403441
4140,42.45775225372049,78.27819848545238,11.155988515685076
4141,42.8225492996453,77.80040733197556,11.53766151963914
4142,43.13063244591152,77.37650477376505,12.116108784725542
4143,43.383335252358044,77.01391817798397,12.32519369752604
4144,43.581712889989035,76.719350704827,12.677931002268764
4145,45.12791507898361,76.08600263273365,12.693562691795364
4146,47.06174192856156,74.91990846681922,12.659046325128573
4147,48.536865292966425,73.55883754168651,12.286372297784293
4148,49.74079396623401,71.99406234537358,11.925773422964717
4149,50.74488878126615,70.63044592516658,11.392621291805009
4150,51.5869931550645,69.66649020645845,10.879834156361285
4151,52.29028029428233,68.11989100817439,8.753330784703426
4152,52.56387213149591,69.58677685950413,10.543837397450673
4153,52.455155434504796,69.05412793876435,9.550012197727876
4154,52.455155434504796,69.05412793876435,9.405519258079215
4155,52.11765199494781,65.5931293612453,6.446924493814187
4156,51.767068149437165,62.53298153034301,4.970640208120353
4157,52.70762258571553,60.72746441750132,5.336920685477079
4158,53.97386677269167,60.08560727661851,6.1055241630805055
4159,54.726529918563614,59.38345051379124,7.915035199005982
4160,55.14184490841021,58.62819814915623,9.75709172632827
4161,55.275436278958125,58.265139116202946,10.506120756786148
4162,55.14184490841021,59.172563962983126,11.545404033781717
4163,54.726529918563614,60.032449972958354,11.597173417061102
4164,53.97386677269167,60.834670947030496,12.875051607229564
4165,52.70762258571553,61.51818661043753,13.670650160309513
4166,53.13741411562475,61.37708445400753,14.82913442306278
4167,53.471199307047456,61.399671951886276,15.859006668740724
4168,53.71303349951732,61.593801881571665,16.88049985696848
4169,53.865678618667665,62.91132180702733,16.46841496927268
4170,53.93080717994806,65.976496922216,15.112597326925506
4171,53.90911685880314,68.97708216880939,13.455761146638203
4172,53.80037634042858,71.87326292384658,12.066774874352225
4173,52.79974073363737,73.257698541329,12.242078444018397
4174,51.51768563405648,74.46363160648875,12.673481721604935
4175,49.76768947020651,75.49267306720566,12.52046303287945
4176,48.24212397860319,76.41555883801084,12.645716242294485
4177,47.88557717224855,78.13255926463474,11.681909682241795
4178,47.44307528383472,80.43581241117954,9.87575592995104
4179,46.90996569117506,82.52427184466019,7.947119036440714
4180,46.280053020330925,84.39046333783176,6.643194027458421
4181,44.47122733696834,85.19965277777777,6.18266432109463
4182,43.66761345706162,86.71152228763667,5.406734584803275
4183,42.740790607573395,88.00813008130082,4.699310656449946
4184,41.67142713585168,89.09803921568627,3.595706986245412
4185,40.42974912596306,89.99244712990937,3.029994175810674
4186,40.25132977851983,90.403286034354,2.5871367304797968
4187,40.02429884509546,90.8321060382916,2.376768597383549
4188,39.7478981623433,91.27443881245475,2.0364857525778213
4189,39.4211776649421,91.72585227272727,1.7314468822664506
4190,39.04297426320459,92.18207088255733,1.3842180160586495
4191,38.6118843552477,92.63907734056988,1.746610522627578
4192,38.126228190910034,93.09319233311302,2.8580086860508396
4193,37.584003549842635,93.54113110539846,4.476001481383568
4194,36.98282506988287,93.98003742981909,4.6507752866825935
4195,36.319843831875495,94.40749697702539,4.972847842852126
4196,36.33453092267362,94.53078302450687,5.109525402462417
4197,36.24839706563659,92.33038348082596,3.94280738191441
4198,36.06141739080332,90.1453488372093,3.560717550983144
4199,36.378406488723186,89.7840046701693,3.746050754416929
4200,37.5625446886302,89.64201877934272,3.919164115664824
4201,38.70480324193373,89.72238629651507,4.043087969856614
4202,39.31338094596409,90.09489916963227,4.093350463192798
4203,39.55665304697797,90.25549613784908,4.084256292610126
4204,39.47656718687374,90.43942992874109,4.147438418799846
4205,39.06031764395999,90.73416222616933,4.209731714669625
4206,39.10813796820145,90.72867298578198,4.285630842642668
4207,40.059174432417976,90.70665083135393,4.353883658378475
4208,40.98156977264734,90.57841383422779,4.4045665725634935
4209,41.31947721549852,90.74074074074075,4.4488578033254145
4210,40.459154453467775,88.7266355140187,5.120830639887583
4211,38.475596071620636,84.81295365717476,6.876758062313921
4212,35.65122483816818,81.05656350053361,9.929062724369134
4213,33.639271415206466,77.61880429228411,13.565053210453623
4214,31.813157982659686,90.55678194751043,2.5452100485640448
4215,30.502287298766607,91.26740618362048,2.3433367847924704
4216,28.14626825703422,91.70444242973709,3.0884275581679277
4217,26.59579545481933,92.2154382904492,3.112343742933898
4218,26.59579545481933,92.2154382904492,3.1917432747245993
4219,26.59579545481933,92.2154382904492,3.290071157522913
4220,26.59579545481933,92.2154382904492,3.4094269319077966
4221,26.59579545481933,92.2154382904492,3.582895257397596
4222,26.59579545481933,92.2154382904492,3.8320709618034794
4223,26.59579545481933,92.2154382904492,4.171954975395951
4224,26.59579545481933,92.2154382904492,4.6084526155346515
4225,26.59579545481933,92.2154382904492,5.151531680349223
4226,26.59579545481933,92.2154382904492,5.783961125810407
4227,26.59579545481933,92.2154382904492,6.542398546046747
4228,26.59579545481933,92.2154382904492,7.205490102607927
4229,26.59579545481933,92.2154382904492,7.875274264544457
4230,26.59579545481933,92.2154382904492,8.547651964057028
4231,27.39398167045277,91.97421076033793,8.936554043071022
4232,28.857992319600527,91.40480591497227,9.183059911304817
4233,30.17545068644867,90.71051368218914,10.072831920360633
4234,30.17545068644867,86.55784925588094,8.012926037437188
4235,30.17545068644867,82.71723475756122,6.801822184595394
4236,30.17545068644867,78.80460873739798,5.393261369595694
4237,30.17545068644867,87.46999519923187,8.865238887634474
4238,30.957432889668713,87.14180749448934,8.863587618921406
4239,33.32430802842352,86.5389527458493,8.585536097836913
4240,35.593516099698576,85.96210301574592,8.40122853257732
4241,37.22482173174249,85.15733778891673,8.212645471431795
4242,38.48019358631082,84.10211778357993,7.754803403022212
4243,39.61184701540989,82.8752642706131,7.0318727705769914
4244,40.636324881978105,81.46402764687402,6.291106128897846
4245,41.56559192313273,79.85634998367614,5.836375720091475
4246,42.408661041888394,78.34632328024398,5.976317921271006
4247,43.172525544054295,76.39620653319284,6.9900438504960105
4248,43.862731919298405,76.7357324609233,7.451779836153583
4249,44.483750927969076,76.1171610965077,8.069390534271536
4250,45.039228221311156,75.53232675183895,8.505304469005404
4251,45.53215928868076,74.99004380724811,9.054708047744707
4252,45.96501483121488,74.4993870044953,9.785421681611448
4253,46.339832468023054,66.75031367628607,15.247283239960796
4254,46.65828483387296,70.63593683311993,12.056663888375864
4255,46.92173062485161,74.94572297003909,9.655358332703766
4256,47.13125296878759,79.30427124614707,6.745556165282186
4257,46.46068958995264,80.86021505376344,5.199697415893488
4258,46.588032438806884,85.16268980477223,2.5249073095401333
4259,45.76081429358686,86.37705609447491,2.6431630599755547
4260,44.78705277599596,87.40286298568508,2.9552959639179233
4261,44.78705277599596,87.40286298568508,3.193885519236795
4262,44.78705277599596,87.40286298568508,3.461638368859306
4263,44.78705277599596,87.40286298568508,3.7697190254342297
4264,44.78705277599596,80.16359918200409,4.717373598459963
4265,44.78705277599596,83.55828220858896,3.7074348411342677
4266,45.29376786633594,86.66389696717906,4.749214987749384
4267,46.19137860322687,89.25973470261019,6.740169200200611
4268,46.08238154975694,89.06450234942332,7.406860274499343
4269,46.09704012644465,88.90311566367905,8.186312635159751
4270,46.09704012644465,88.81775501493811,8.918206088575626
4271,47.191062754610655,87.73793714032757,8.852811401774973
4272,48.127154395264945,86.44067796610169,9.02692081708541
4273,48.92887302402315,85.29550827423168,9.417400874923546
4274,49.61200572740157,84.47688564476886,9.678581744511465
4275,50.187675747178595,83.6744882675986,10.107127790057454
4276,50.66395492063756,82.89943848902502,10.416402302513049
4277,51.04677907031332,82.16328653146125,10.789959154736922
4278,51.34050010837944,81.47757255936675,11.29518577652695
4279,51.5482314925092,80.85333333333334,11.062264924338345
4280,51.67206672035844,80.30059044551798,11.010656283580937
4281,51.71321351023603,79.82786444324906,10.65274409343011
4282,52.9888782397257,79.32351336606656,10.193823492450782
4283,54.54480185788315,78.59943977591037,9.76805363471194
4284,55.61912557333428,77.70773638968481,9.24545073578613
4285,56.396277459902656,76.64915353181553,8.747646811169222
4286,56.94383997319774,75.90290112492599,8.308814986271573
4287,57.29494155628512,75.67244471010162,8.217548275529701
4288,56.90036040657098,73.3998825601879,7.162015492856417
4289,56.38877073627802,71.79781734635267,6.639919888145765
4290,55.75001145557806,69.94963626189144,5.776026215726605
4291,55.37852227784846,68.94649751792609,5.970480414261158
4292,54.76994457381811,68.41817186644772,6.729673181709151
4293,53.675506344756016,67.6773145641581,7.438156635815069
4294,52.60169382967911,66.7741935483871,8.293570485677956
4295,52.416412418230095,66.4882226980728,9.305290932773316
4296,51.55657129044435,64.48598130841121,10.742999229040262
4297,50.515513303245875,62.80120481927711,11.199074712464956
4298,49.24279072917111,60.648596321393995,12.475543638557216
4299,48.515396931135456,66.07142857142857,14.154878781047614
4300,48.515396931135456,69.31390977443608,17.47986332125908
4301,49.94481802923345,72.50479846449136,20.13770911376645
4302,50.98725223535263,73.13649564375605,21.5723375267949
4303,51.475791073493184,73.49221789883268,22.882592126089463
4304,51.56843177921768,73.56377799415775,23.763386251029566
4305,52.57252659424982,72.27822580645162,23.692534320203674
4306,53.41463096804817,71.38397502601457,23.87165746932937
4307,54.11791810726601,70.55674518201285,23.583177612532722
4308,54.69773274789398,69.81339187705818,23.331516490139226
4309,54.54787834517294,65.30944625407166,20.049199823898416
4310,54.67086790848141,61.91512513601741,17.400337524809427
4311,54.67086790848141,58.596300326441785,14.937900929890498
4312,54.67086790848141,55.49510337323177,12.891364327558007
4313,54.67086790848141,52.611534276387374,9.87705566282198
4314,55.9972964989787,50.802434975096844,7.635983123610652
4315,57.35203354716408,49.743589743589745,6.599969434757468
4316,57.75017311234796,47.98154555940023,3.2764342694397626
4317,57.75017311234796,45.8477508650519,2.846854276115472
4318,57.75017311234796,43.944636678200695,4.933954809062414
4319,57.75017311234796,42.272202998846595,5.134583052341487
4320,57.75017311234796,44.29065743944636,6.0122109036158085
4321,57.75017311234796,44.29065743944636,6.877987122129048
4322,57.75017311234796,44.29065743944636,7.776017550900092
4323,57.75017311234796,43.0795847750865,8.137486754437862
4324,57.75017311234796,44.86735870818916,9.133043327259177
4325,57.75017311234796,46.88581314878893,6.294492108774513
4326,57.75017311234796,49.134948096885815,3.9871496239602853
4327,56.9008848778501,50.33745781777278,4.708712004869284
4328,55.80925117383821,51.47540983606557,3.99410419701555
4329,54.36839650389782,52.53968253968254,5.297868859087553
4330,54.531355851956064,52.301927194860816,6.036599565187437
4331,54.63467391470651,52.26537216828479,6.718765831463273
4332,54.67886275317976,52.435064935064936,7.410512341434237
4333,54.664139135927755,52.810810810810814,7.856684167184296
4334,54.59043098386647,53.38709677419355,7.921684614264668
4335,54.45737523523337,54.153354632587856,8.070219776888635
4336,54.26430697040941,55.09453781512605,7.962991716307649
4337,54.010238966838145,56.191950464396285,6.696632521752645
4338,53.69383006367553,57.42424242424242,6.035596871294425
4339,53.3133396766498,58.916256157635466,6.335951905449124
4340,52.86656432451075,61.82950191570881,5.430341409960694
4341,54.11748989373736,63.09872922776149,5.271254550542187
4342,55.004573386842814,64.16500994035785,4.710573756846147
4343,55.46052505947101,63.72745490981964,6.013979950425241
4344,55.68038827254518,63.58148893360161,6.986769822901746
4345,55.68038827254518,64.43661971830986,6.124291754117422
4346,55.46052505947101,65.13026052104209,6.915743484901708
4347,55.004573386842814,65.75546719681908,7.685507323199878
4348,54.723909850589756,66.53465346534654,7.695126033111904
4349,54.723909850589756,68.16831683168317,7.141284106013755
4350,54.59781817986421,69.72386587771203,6.433144286397355
4351,54.342741048439905,71.1839530332681,6.3993948327383645
4352,53.06746570662985,71.83908045977012,6.728203943036785
4353,50.919840676476014,72.38317757009345,7.540880928142742
4354,49.73264499912698,73.15068493150685,8.071252637581443
4355,48.0718196624367,73.79893238434164,8.771704940640776
4356,46.465108086085614,74.34782608695652,10.04487434502831
4357,45.826348805385656,74.93606138107417,10.8400128616687
4358,45.045455692389055,76.125,11.514824157455525
4359,44.09958012915338,77.17303005686433,11.479155504032542
4360,42.95115781897838,78.08056872037915,11.843611949927768
4361,41.52906970099082,78.85057471264368,12.474199279142479
4362,40.87373340607595,79.25093632958801,12.862624639130923
4363,40.1070120928858,79.69320672023375,13.173927767793655
4364,39.215619449427024,80.17057569296375,13.080609097278511
4365,38.18033537799584,80.91787439613526,13.013665199065445
4366,36.971485217289754,81.80602006688963,12.332513760063426
4367,35.53797787967166,82.55663430420712,12.385667639046556
4368,33.771237780049056,83.17698561601,12.284824282835807
4369,31.726681888117557,83.72584541062803,12.201781596499572
4370,29.093058849383024,84.20745920745921,12.302397761152179
4371,27.522245344291246,85.97944031981724,11.466080978123669
4372,27.411705731553397,88.98978433598184,9.20859072445651
4373,27.26059629435053,91.86831738885762,7.075368704682603
4374,27.06856573603989,94.59910913140311,4.521480629342654
4375,24.344435794366582,94.72132904608789,4.608388892438712
4376,24.344435794366582,98.49946409431939,3.3877177082756824
4377,24.094468310916263,98.5193019566367,3.4205218623075027
4378,23.803010610264064,98.54166666666667,3.4554286334026183
4379,23.469358303053795,98.5663082437276,3.503253434814606
4380,23.092680150804856,98.5929648241206,3.5595318983659117
4381,24.281800607632984,98.59331826174328,3.6179158233456916
4382,26.064037075648084,98.49066257354822,3.652745145958736
4383,27.380176737409233,98.28348504551366,3.687388170447963
4384,28.416965099863457,97.9678015307469,3.7097490880819453
4385,29.244874140825907,97.75461106655975,3.749676955099095
4386,29.90070347373171,97.73034315049986,3.7836474930095743
4387,30.406388963289977,97.71054783319705,3.811892994436755
4388,30.775792933486663,97.6954732510288,3.842461466318264
4389,31.017728964050466,97.68531275833563,3.879883674181462
4390,31.137461331154803,97.68019884009942,3.9307547826355256
4391,31.137461331154803,97.68019884009942,3.9975426318249396
4392,30.63405442567495,95.52603036876356,4.274295116191958
4393,29.65225901914499,91.3657770800628,7.0786594447467595
4394,28.5765435661138,87.4117053481332,10.211146876086843
4395,27.39488137502334,83.66553232863393,12.60691898114473
4396,26.090671987097906,96.06741573033707,2.822436800790092
4397,24.639622249701855,96.37223974763407,2.6747921462890916
4398,23.00288503472535,96.74761491760624,1.807994078691202
4399,21.10819597702705,97.01710471422612,1.6505041993817104
4400,18.767229623329545,97.19101123595506,1.545302467886674
4401,17.10096089097604,97.24517906336088,1.4476494727497615
4402,17.10096089097604,97.24517906336088,1.3663603053946771
4403,17.10096089097604,97.24517906336088,1.278917985613132
4404,17.10096089097604,97.24517906336088,1.1854648833690644
4405,17.10096089097604,97.24517906336088,1.086379828385134
4406,17.10096089097604,97.24517906336088,0.9824932255848972
4407,17.10096089097604,97.24517906336088,0.9216946253385356
4408,17.10096089097604,97.24517906336088,1.523740007596207
4409,17.10096089097604,97.24517906336088,2.674980387243818
4410,17.10096089097604,97.24517906336088,4.120638193787355
4411,17.10096089097604,97.24517906336088,4.227540583317157
4412,17.10096089097604,97.24517906336088,4.338341057413827
4413,17.10096089097604,97.24517906336088,4.45118392653789
4414,17.10096089097604,97.24517906336088,4.56727344860699
4415,17.10096089097604,97.24517906336088,4.688883926666863
4416,17.10096089097604,97.24517906336088,4.819430705614329
4417,18.767229623329545,97.19101123595506,4.940764865111611
4418,21.10819597702705,97.01710471422612,5.680602812282401
4419,23.00288503472535,96.74761491760624,5.971286945473661
4420,24.639622249701855,96.37223974763407,5.490812576384128
4421,26.090671987097906,96.06741573033707,5.47312375212077
4422,27.39488137502334,95.91638308215849,5.500559015136885
4423,28.5765435661138,95.76185671039354,5.534983294567168
4424,29.65225901914499,95.6043956043956,5.5756481693809254
4425,30.63405442567495,95.44468546637744,5.598437204260429
4426,31.531009453262044,95.2835485682201,5.414328451846
4427,31.94994113563368,92.97544260422616,4.443225700034722
4428,31.94994113563368,88.6065105653912,5.165454965200697
4429,31.94994113563368,84.35179897201598,7.168271445878869
4430,31.94994113563368,80.21130782410052,10.960469092420606
4431,31.94994113563368,91.20502569960023,3.8922616358352764
4432,31.94994113563368,91.20502569960023,4.062956864169388
4433,31.94994113563368,91.20502569960023,4.205259470302544
4434,31.94994113563368,91.20502569960023,4.328299346345511
4435,31.94994113563368,91.20502569960023,4.432398757590007
4436,31.94994113563368,91.20502569960023,4.5145579578692665
4437,31.94994113563368,91.20502569960023,4.5974867920290885
4438,33.548558084959254,82.03855140186916,10.361813575117457
4439,35.75186274350872,85.7971899816738,8.068646985278301
4440,37.50562079989236,89.68710089399744,5.360441571479908
4441,38.99799786037364,93.69579719813208,1.7652377453248538
4442,39.57466999956697,93.40511440107672,1.9624881335021418
4443,39.95803551191328,93.36492890995261,1.9701974430258573
4444,40.166027556363225,93.34239130434783,2.0063467600528364
4445,40.207223525970655,93.33786539768865,2.0185384189162923
4446,40.083237892298044,93.35142469470827,1.996694636102184
4447,39.78912933973769,93.38284942606347,1.9698123978382864
4448,39.31211236162773,93.43163538873995,1.960043860125741
4449,38.62760118078388,93.92833443928335,1.6079889459546477
4450,37.68861259592233,94.29882044560944,1.3327705044321114
4451,36.38994362607821,94.54486765655261,1.2082185504544445
4452,34.220628274779465,94.67005076142132,1.1476893675396855
4453,34.734296075276426,94.52768729641694,1.2926131291120018
4454,35.19244022079063,94.39252336448598,1.2779473351388015
4455,35.59689511193118,94.26621160409556,1.4826011398218566
4456,35.94919737277015,94.15041782729806,1.8212899750135394
4457,36.25062645307122,94.04677533664068,2.205267959127731
4458,36.50223592698887,93.9568345323741,2.543197260108441
4459,36.70487761216721,93.88201019664967,2.847555720073189
4460,36.85922000876395,93.82352941176471,3.1546637400656956
4461,36.96576212124017,93.78238341968913,3.39155639363382
4462,37.02484341063981,93.7592867756315,3.618130368736287
4463,37.03665038909012,93.7546468401487,3.84005938622371
4464,37.00122018306067,93.76854599406528,4.046573498787337
4465,36.91844123760326,93.80073800738008,4.263157214781608
4466,36.78805119525771,93.8506588579795,4.461886532412045
4467,36.609631847814484,93.91745112237508,4.6070918745822365
4468,36.3826009143901,94.0,4.7994305170934215
4469,36.106200231637956,94.09697821503865,4.943322456922039
4470,35.77947973423675,94.20689655172414,5.0969329589162555
4471,35.40127633249925,94.32815665091155,5.0363049639132935
4472,34.97018642454236,94.45910290237467,5.099194045938152
4473,34.484530260204686,94.59807073954984,5.153705691482129
4474,33.9423056191373,92.77221526908636,6.69636259667019
4475,33.34112713917753,94.58966565349544,5.433482350467028
4476,32.678145901170154,96.19693396226415,4.1808832091318475
4477,31.94994113563368,97.60137064534551,3.061904449098539
4478,31.092656165410986,97.68211920529801,3.089199229280264
4479,30.154273408762528,97.76238678742675,3.0875923745239775
4480,29.126809425556672,97.84172661870504,3.1096058577245054
4481,27.999859907585154,97.91976225854383,2.9756181910074573
4482,26.759380123000494,97.99618320610686,2.831265008877883
4483,25.385463603744636,98.07073954983923,2.8354446390548067
4484,23.84781232703131,98.43059239610963,3.1785156897790015
4485,22.09476721255482,98.68141216503615,3.1139339490630293
4486,20.01723355538306,98.83387888707037,3.056334896085417
4487,17.10096089097604,98.89807162534436,3.0643678903073637
4488,16.170357449286655,98.93129770992367,3.0763671186084967
4489,15.16823293065967,98.96411394746578,3.0965397563799875
4490,14.088155445306416,98.99641577060932,3.1156514380712514
4491,12.922007284400156,99.02811523776467,3.12808985536769
4492,11.659258326629562,99.05913978494624,3.1329575510133743
4493,10.285745784398873,99.08943089430895,3.1470894165045054
4494,8.781452263906967,99.11894273127753,3.156250977614399
4495,8.827110556016208,99.33395291201983,3.166411300796439
4496,9.396302188694612,99.42635658914729,3.1721456100060714
4497,9.219700334919128,99.39553626782393,3.1840610700977274
4498,7.971385463025239,99.24172082946457,3.216131957213845
4499,9.551523848511046,99.10428662827896,3.225825331149956
4500,10.987424673037834,99.07438016528926,3.275015413848858
4501,11.659258326629562,97.24462365591398,3.37804709994413
4502,11.659258326629562,93.66599462365592,5.233608061868549
4503,11.659258326629562,90.15456989247312,8.416187043283875
4504,11.659258326629562,86.71034946236558,11.161854435823933
4505,11.659258326629562,97.64784946236558,1.8837223184264624
4506,11.659258326629562,97.64784946236558,1.8535131190552556
4507,11.659258326629562,97.64784946236558,1.8036609795522411
4508,11.659258326629562,97.64784946236558,1.7400050307488273
4509,11.659258326629562,97.64784946236558,1.671120117576192
4510,11.659258326629562,97.64784946236558,1.6010267946801329
4511,11.659258326629562,97.64784946236558,1.9609056816423234
4512,11.659258326629562,97.64784946236558,2.8385631357296033
4513,11.659258326629562,97.64784946236558,2.8425179271843146
4514,11.659258326629562,97.64784946236558,2.8566431061529984
4515,11.659258326629562,97.64784946236558,2.8767428150621965
4516,11.659258326629562,97.64784946236558,2.903299959333775
4517,11.659258326629562,97.64784946236558,2.939941746086514
4518,11.659258326629562,97.64784946236558,2.983966030061935
4519,11.659258326629562,97.64784946236558,3.034838460691645
4520,11.659258326629562,97.64784946236558,3.090290038976692
4521,11.659258326629562,97.64784946236558,3.1550452797654915
4522,11.659258326629562,97.64784946236558,3.2199907321763175
4523,11.659258326629562,97.64784946236558,3.284404070658894
4524,13.35434947684245,97.60438056125942,3.3433346133694135
4525,15.753811160270553,97.46183883564075,3.37686404314568
4526,17.708167467037534,97.23858615611194,3.41668889442155
4527,19.405791811172783,96.92630775105002,3.4471641360227836
4528,20.918999527090655,96.67458432304038,3.504706348483518
4529,22.28669197794863,96.55313910545753,3.222765415411626
4530,22.28669197794863,92.59335248256052,2.6144170474542303
4531,22.28669197794863,88.71563397620025,5.178427252751782
4532,22.28669197794863,84.91998358637669,7.7587900456324
4533,22.28669197794863,93.68075502667214,3.9284119497567205
4534,22.28669197794863,93.68075502667214,4.794246793502661
4535,22.28669197794863,93.68075502667214,5.537810457369975
4536,22.28669197794863,93.68075502667214,5.5883614187851425
4537,22.28669197794863,93.68075502667214,5.640758618594031
4538,22.28669197794863,93.68075502667214,5.697472606575326
4539,22.28669197794863,93.68075502667214,5.818166460261192
4540,22.28669197794863,93.68075502667214,6.105457868053523
4541,22.28669197794863,93.68075502667214,6.62736484937893
4542,22.28669197794863,93.68075502667214,7.451664244948699
4543,22.28669197794863,93.68075502667214,7.620374749586182
4544,22.28669197794863,93.68075502667214,7.780988410338779
4545,22.28669197794863,93.68075502667214,7.9349438877165
4546,22.923926859662565,93.35839598997494,7.911721317025708
4547,24.11645661184412,92.62224145391605,7.463990898860291
4548,27.00788499167741,92.29035166816952,7.342361190153574
4549,29.060045565017408,91.85063410051667,7.05522648137537
4550,31.59297871122301,91.4033798677443,6.891348961467157
4551,33.19676946271136,90.7629497320745,6.653920782853912
4552,33.925860307517596,79.08854166666667,6.006312209994521
4553,33.925860307517596,79.08854166666667,5.996498109679022
4554,33.925860307517596,79.08854166666667,6.0032225574882165
4555,33.925860307517596,79.08854166666667,6.042842090315487
4556,33.22804291082338,90.27813217657565,6.376162897702432
4557,32.88419406407661,89.62623951182303,6.507562272153061
4558,32.31941525033709,89.17825537294564,7.000888847660478
4559,31.05659243231333,87.06811451135242,6.409581042525271
4560,29.024196517109086,83.73579545454545,6.008697094098064
4561,26.15210534199039,80.35876475930972,6.320420817132865
4562,26.15210534199039,76.5213442325159,7.331642500819114
4563,26.15210534199039,85.8991825613079,9.601616948629424
4564,26.15210534199039,85.8991825613079,10.101635000611186
4565,26.15210534199039,85.8991825613079,10.55029085925683
4566,26.15210534199039,85.8991825613079,10.93856591827603
4567,26.15210534199039,85.8991825613079,11.265356103463482
4568,26.15210534199039,85.8991825613079,11.545257749400939
4569,26.15210534199039,85.8991825613079,11.788830095256106
4570,26.59803173012203,85.27579044541888,11.904834935667564
4571,27.438068463823395,83.91708363116511,11.244504420497275
4572,28.212802236987283,82.35438682723027,10.102119244012412
4573,28.926086690104885,80.60268422385414,8.700794840520953
4574,30.258870950649563,79.38931297709924,7.584282059572572
4575,31.457249774690865,78.01476620180476,6.893039862152748
4576,32.54108287954849,76.4689185353392,5.956102249087443
4577,33.524364776509266,74.74241978216072,4.924632405930253
4578,34.41744573112801,73.34553217444343,4.404011262100367
4579,35.228250920624745,71.91543073524771,3.6712698863868525
4580,35.96300579689242,70.45973263775677,3.1487983892472493
4581,36.626694548927865,62.96670030272452,6.064759352904756
4582,37.22336378501511,65.53515760304815,4.347234706916994
4583,37.75633129903922,68.52972588109648,2.9710618819280517
4584,38.22833390559131,71.15735669952538,2.604239975781164
4585,38.123432187058484,71.84430702073482,2.8055526801172928
4586,37.93350308634471,72.85869172388868,3.3685901785909445
4587,37.656580702366526,74.0422484783387,3.5198364710996146
4588,37.28965873211712,75.09727626459144,4.1329424557940815
4589,36.828476122516726,76.05437434646218,4.75677725165345
4590,36.68284064246524,76.04456824512535,5.073892701306326
4591,36.891327428444995,75.17630465444287,5.36039614378915
4592,37.05283140789342,74.35897435897436,6.3187074548943825
4593,37.167846289335664,73.60114777618364,7.18807367971932
4594,37.23671841005422,72.91066282420749,8.105151954478654
4595,37.25965310403974,72.2943722943723,9.73475894477595
4596,37.23671841005422,71.7579250720461,10.846711361543786
4597,37.167846289335664,71.30559540889527,12.210501646897086
4598,37.05283140789342,70.94017094017094,13.282240561515515
4599,36.891327428444995,70.66290550070522,14.712185262284686
4600,36.68284064246524,70.47353760445682,15.865990020882181
4601,36.426720643539554,70.37037037037037,16.85366381408914
4602,36.122147587130534,70.35040431266846,17.796407775434226
4603,35.76811538290901,68.9894319682959,19.55087790156376
4604,35.363409901150156,70.80103359173127,19.08403141664473
4605,34.90658091040898,73.0453972257251,18.108928677347592
4606,34.3959059474025,75.12285012285012,17.726760961030088
4607,33.43600700649823,76.39218009478672,17.330569821049927
4608,32.91889542822909,78.97644664146554,16.30183563449172
4609,32.91889542822909,83.07647571968596,12.729654642801643
4610,31.324100089851402,85.3811149032992,11.403826657762362
4611,31.324100089851402,89.6188850967008,8.724418378536527
4612,31.324100089851402,93.97042093287827,5.154938942126097
4613,30.726559910287154,92.5608407079646,6.375584240177719
4614,30.071495521495972,94.14607948442534,5.348722130831061
4615,29.355985918113248,95.546875,3.8966798627171064
4616,28.5765435661138,96.61957618567104,2.840288665278303
4617,27.39488137502334,97.30189596499757,2.5080474399255506
4618,26.090671987097906,97.84644194756554,2.302594445703986
4619,24.639622249701855,98.26498422712933,2.047899108073732
4620,25.403023951452177,98.28469592336823,1.964954222089438
4621,27.341022272069043,98.24837188412306,1.888893404723232
4622,28.643452545581056,98.16866380284874,1.841489420964391
4623,29.437311661060438,98.00045444217223,1.811612823961849
4624,29.900446975148487,97.74333257351265,1.816491504006496
4625,30.09103137622342,97.58046108194476,1.778105245709051
4626,30.027985540860648,97.58156513803331,1.6673354683212755
4627,29.705311256738565,97.8829956749374,1.4545416219676317
4628,29.0879832414562,98.0956699161188,1.195358869880931
4629,28.078993702793394,98.21951769213433,1.0565299939952253
4630,26.173259311435466,98.25542384254082,0.9063332470743247
4631,25.45297023231162,98.51078017337186,0.7395139765635914
4632,24.430551608616582,98.67695700110254,0.7272701359884255
4633,22.92237139107663,98.7551867219917,0.756888226563434
4634,22.737279251890268,98.6929552503323,0.879185970408094
4635,24.60632229224174,98.47926267281106,0.9247386767486159
4636,26.216849616543836,98.15524676569238,1.002998906462243
4637,27.641100231652132,97.70916334661355,1.0281277772791464
4638,28.917894157051943,97.33574754267977,1.1006402481842443
4639,30.071495521495965,97.12674543501612,1.209358079863925
4640,31.118473659801815,96.90807799442896,1.339543825211265
4641,32.07082183182777,96.68013856812934,1.3634725226587001
4642,32.937583731697714,96.44351464435147,0.7981869976845377
4643,33.72578597183085,96.19901112484548,0.8354620322328064
4644,34.44101114574376,95.94767070835992,0.8226767831200895
4645,35.087769237198714,95.6907894736842,0.8813993066745158
4646,35.66974861056215,95.42992552471226,0.8334881579533622
4647,36.189991384752076,95.16689847009735,0.5603599148015416
4648,36.65101930094306,94.90377761938703,0.487317520669822
4649,37.05492600325255,94.64285714285714,0.41154371601806844
4650,37.40344580763897,94.38661710037175,0.41557335452192734
4651,37.6980055357205,94.1376701966717,0.5785012140068062
4652,37.93976381564133,93.89869531849578,0.6685827374735619
4653,38.12964085379934,93.6723602484472,0.8047279304446145
4654,38.26834075269227,93.46123727486297,0.9908619445657991
4655,38.35636781301363,93.26771653543307,1.1737937127312912
4656,38.3940378047713,93.0939226519337,1.4808304720360692
4657,38.38148485501854,92.9416403785489,1.6649559521042947
4658,38.31866433429136,92.81225451688924,1.8202674785176234
4659,38.20535189876034,92.70670826833073,2.1151876732866715
4660,38.04113863619975,92.62548262548262,2.2452123321505075
4661,37.82542204965104,92.5685975609756,2.7521333543463538
4662,37.55739237072018,92.53563390847712,3.1617988831890336
4663,37.23601339766734,92.52577319587628,3.5236291213300586
4664,36.85999666488901,92.5378514780101,3.803700495087553
4665,36.42776721558935,92.57042253521126,4.069401933814426
4666,35.93741848352766,92.62182566918325,4.3365053862558005
4667,35.38665265479246,92.69025367156209,4.535365023109045
4668,34.772701143887886,92.77381723914452,4.586370023260491
4669,34.09221707237515,92.87060301507537,4.730637309733124
4670,33.34112713917752,92.97872340425532,4.883738264426572
4671,32.51442259898523,93.09635722679201,5.0019926715643
4672,31.605855357968267,93.22178105501985,4.970990653746548
4673,30.607479317375308,93.35339168490154,5.049524676017493
4674,29.508924840518368,93.48972061149183,5.1581261610717615
4675,28.29617944586349,93.62944162436548,5.17139583363843
4676,26.949366714817803,93.771372740596,5.22758954232398
4677,25.438216669053972,94.21992481203007,5.145647889065707
4678,24.60632229224174,94.40092165898618,4.9477918773675995
4679,24.60632229224174,94.40092165898618,4.996000367607736
4680,24.60632229224174,94.40092165898618,5.013158507120583
4681,26.21684961654383,98.15524676569238,1.942304070005184
4682,26.897529801622976,97.97101449275362,1.917420025983792
4683,27.39488137502334,97.95819154107924,1.8209070898806892
4684,27.72896509019883,97.94921875,1.720332492799729
4685,27.91125213017652,97.94419970631424,1.6169026640562614
4686,27.947438216712396,97.94319294809011,1.510711922488253
4687,27.838611075601072,97.94621026894866,1.4017132055479318
4688,27.581457310565277,97.953216374269,1.2896717017457902
4689,27.16761639090059,97.96412990790111,1.172942212708554
4690,26.58183151359001,97.97882579403273,1.0394595825602848
4691,25.79767184037256,98.30710538865046,0.8287826148084917
4692,24.766739754430617,98.5377358490566,1.1811338516979968
4693,24.69953541361327,98.66322701688556,2.0545632792187436
4694,24.130343780934865,98.61697140178153,3.198813589597114
4695,25.972587698998584,98.39024390243902,3.419490260469117
4696,27.555699560775054,98.0466768138001,3.6786523727162908
4697,28.951889349236925,97.78481012658227,3.8830896506458012
4698,31.19880274836937,97.6923076923077,4.122851887127121
4699,33.417395107371476,97.50430292598968,4.330275422294509
4700,35.18684326383211,97.18562874251496,4.524226207523703
4701,36.6953345830891,96.72079950031231,4.635683586165908
4702,38.01498507774163,96.35416666666667,4.217591963652593
4703,39.18448221114439,96.20338983050847,4.48108362013436
4704,40.2279469736032,96.05077574047955,4.802150666586837
4705,41.16179381845269,95.8974358974359,5.246710037794124
4706,41.9978480561655,95.74468085106383,5.730214068841854
4707,42.74497084580214,95.5940204563336,6.187870053788277
4708,43.40998993351894,95.44715447154472,6.770255598647171
4709,43.998270699666584,95.30595138306789,7.25500652099385
4710,44.76673768273276,94.70945359930616,7.72030206907029
4711,45.674998423967175,93.46846846846847,7.357906142930513
4712,45.99478719292297,90.53308823529412,5.474612235901824
4713,46.25435728632979,87.33644859813084,3.6647050748249286
4714,46.45498662614571,83.90151515151516,3.708104168871991
4715,46.597632204050655,89.05353728489484,5.002759703094935
4716,46.68295874825381,88.99038461538461,5.229565604673688
4717,46.71135781893969,88.96917148362235,5.395555853118095
4718,46.68295874825381,88.99038461538461,5.540173470384719
4719,46.597632204050655,89.05353728489484,5.670521521970804
4720,46.45498662614571,89.15719696969697,5.843865168312547
4721,46.25435728632979,89.29906542056075,6.052009969733926
4722,46.393944285860634,88.72778297474275,5.749681174681551
4723,46.82705400498271,87.27445394112061,4.732560959224263
4724,47.145675910908544,85.6388088376561,3.983094924259113
4725,47.35530262044551,83.83349467570184,3.197584992506091
4726,47.45931066633132,83.47910592808552,3.0186040857282865
4727,47.459310666331326,83.18756073858114,2.923151943770137
4728,47.355302620445514,80.97773475314618,2.875196122725327
4729,47.145675910908544,78.6743515850144,4.715763629128912
4730,46.82705400498271,76.30579297245964,6.440443858710529
4731,46.393944285860634,79.88774555659495,3.996185266701446
4732,45.838093520910434,80.25711662075298,4.1918261785988475
4733,45.147330217267566,80.68283917340521,4.368286441097031
4734,44.3033912689082,81.15687992988606,4.442848280712325
4735,43.277429845568285,82.22506393861893,4.021937031917321
4736,42.01907592885619,83.12655086848635,3.9956530163615747
4737,40.42038595709315,83.86709367493995,4.342683135085668
4738,37.96814241193168,84.45475638051045,4.788501272918253
4739,38.00503497864825,84.4186046511628,5.313505425029911
4740,37.99274094531674,84.4306738962045,5.775899140729106
4741,37.93121839147645,84.49074074074075,6.212251845149426
4742,37.820256637169564,84.59770114942529,6.574284520559881
4743,37.659471873626224,84.74962063732929,6.846385121190192
4744,37.448299057828784,84.9438202247191,6.977377773603132
4745,37.18597963391238,85.17699115044248,6.938065576172901
4746,36.871544391706216,85.44532947139754,6.836198204897259
4747,36.50379044505976,85.74468085106383,6.811767185285872
4748,36.08125086637751,86.07068607068607,6.611598970229233
4749,35.60215488206519,86.41891891891892,6.4402105825748
4750,35.06437560916464,85.10848126232742,7.09094424002648
4751,34.465360918327185,87.10089399744572,6.2995348784840175
4752,33.80204083617038,88.88544891640866,5.281981879879534
4753,33.07070140348176,90.46762589928058,4.558785843396026
4754,32.35018949392481,90.94076655052265,4.479525045293774
4755,31.560119079160277,91.65730337078652,4.308663299208315
4756,30.695427980832125,92.88816503800217,4.04484954046954
4757,29.74981866083804,93.94654088050315,4.031966508538922
4758,28.715299177414277,94.84327603640041,4.230561395797676
4759,28.715299177414277,94.84327603640041,4.261489796007105
4760,28.715299177414277,94.84327603640041,4.279726279474092
4761,28.715299177414277,94.84327603640041,4.337504627155579
4762,28.715299177414277,94.84327603640041,4.491500098572011
4763,29.24425564587594,94.41441441441441,4.487287793717764
4764,30.154273408762528,93.28716036228023,4.572483845316237
4765,30.912293689930493,91.83168316831683,5.2459663160150445
4766,31.605855357968267,90.18718094157686,6.395325183094442
4767,32.23841947502182,78.35864485981308,14.968384246964593
4768,32.81287852371474,84.35435435435436,10.125526393502849
4769,33.33166506445964,88.47102342786683,8.23096936759705
4770,33.796832566711146,92.7037271004422,4.7866919630804405
4771,33.29135067451731,93.66812227074236,4.239780432292389
4772,32.99481722340665,94.08485599256736,4.288447049502339
4773,32.99481722340665,94.08485599256736,4.45509812499195
4774,32.99481722340665,94.08485599256736,4.61318535669602
4775,32.99481722340665,94.08485599256736,4.766222865799235
4776,32.99481722340665,94.08485599256736,4.91296858238444
4777,32.99481722340665,94.08485599256736,5.056523137478387
4778,32.99481722340665,94.08485599256736,5.2005574343283705
4779,32.99481722340665,90.46144317126046,8.257130717546254
4780,32.99481722340665,92.41251161350263,6.693947001787069
4781,32.99481722340665,94.48745741715702,5.115881125647681
4782,32.99481722340665,96.6862805822236,2.860707684038244
4783,32.30701898445363,96.86071319719598,2.8101913837395527
4784,31.479638227907287,97.24633343310386,2.7522416471414597
4785,30.489573826198356,97.74127310061601,2.6172706185036727
4786,29.29904471407465,98.10616929698709,2.4746316249256344
4787,27.836744358343196,98.3468758755954,2.4199461349824305
4788,27.06856573603989,98.41314031180401,2.422228697612662
4789,27.26059629435053,98.39617332583005,2.4507276531477826
4790,27.411705731553397,98.38251986379115,2.479123899530994
4791,27.522245344291246,98.37235865219874,2.503664735370649
4792,27.592468937778797,98.3658256880734,2.5271661823726883
4793,27.622536376315328,98.36300976450316,2.5538372262812934
4794,27.612515785431963,98.36394948335247,2.5815723063025944
4795,27.562384482335816,98.36863194046937,2.610181163589728
4796,27.472028666642373,98.37699316628702,2.6407817362455055
4797,27.341241860788923,98.38892029395139,2.6644588991459104
4798,27.16972204623885,98.40425531914893,2.6865419469905727
4799,26.95706739478884,98.42280022136137,2.7156609615090295
4800,26.702770440777286,98.4443231441048,2.7502509494262024
4801,26.406210475825166,98.46856528747985,2.772485445956748
4802,26.066643867770782,98.49524815205913,2.7837157916266917
4803,25.683191902632295,98.52408078715692,2.7248439739676593
4804,25.25482561275105,98.55476673427992,2.746005044040927
4805,24.780346871179322,98.58701041150223,2.735937769467016
4806,24.258364780167305,98.62052274927396,2.730404826123436
4807,23.687266027145988,98.65502595563946,2.727424527918348
4808,23.065177373132435,98.69025735294117,2.7299711630037904
4809,22.389917693085053,98.72597228430935,2.716282688145398
4810,21.658935868907157,98.7619461337967,2.673751985782752
4811,20.869229111875647,98.79797553774779,2.630464575792848
4812,20.01723355538306,98.83387888707037,2.6141626906952102
4813,19.09867446789201,98.86949623165411,2.5930616765448216
4814,18.10835576990352,98.90468870099923,2.5679866970868117
4815,17.03985483685009,98.93933755117231,2.5267362809688003
4816,15.885062695553017,98.97334293948127,2.502700920763001
4817,14.633457470382094,99.00662251655629,2.4723294252939585
4818,13.270884165427137,99.03910991233985,2.446205871153367
4819,13.477868434403591,99.05378486055777,2.404564024120654
4820,14.249632379343593,99.2184901895577,2.2873872642416404
4821,14.384967509933178,99.25149700598803,2.2493723360608002
4822,13.963098919031026,99.15254237288136,2.2753078954717405
4823,12.542057481308383,99.0550397877984,2.1805871498102394
4824,10.987424673037834,99.07438016528926,2.0792317320809177
4825,12.303488665441556,99.04371584699453,2.342403515054918
4826,13.516430700908893,99.01234567901234,3.0530024612046254
4827,14.638399322788548,98.98033503277495,3.0344812932253578
4828,15.678604147459765,98.94776399849681,3.0255948564690978
4829,16.64424935008254,98.91472868217055,3.023908395131589
4830,17.541107850748812,98.88134238913304,3.0319342387581947
4831,18.373893986906367,98.8477366255144,3.048051088976988
4832,19.14651592853603,98.81406183820415,3.066270633667646
4833,19.862252664107675,98.78048780487805,3.08390895365981
4834,20.52388169805002,98.74720357941834,3.095167884751315
4835,21.13377341556091,98.71441689623508,3.105265115341272
4836,21.693962234043738,98.68235294117648,3.1134673065452487
4837,22.206201171185725,98.65125240847784,3.125217268093416
4838,22.672004296676736,98.62136878385031,3.1411842093715756
4839,23.092680150804856,98.5929648241206,3.1635307516456086
4840,23.469358303053795,98.5663082437276,3.19463789031152
4841,23.803010610264064,98.54166666666667,3.2476020387422326
4842,24.094468310916263,98.5193019566367,3.3109127665775127
4843,24.2245989416052,96.59211927582534,3.2094822148137405
4844,24.2245989416052,92.83812566560171,4.633397925909307
4845,24.2245989416052,89.19062832800851,7.7526744339161775
4846,24.2245989416052,85.64962726304579,10.481848316637937
4847,24.2245989416052,96.27263045793397,1.6475500415781084
4848,24.2245989416052,96.27263045793397,1.5978845312374585
4849,24.2245989416052,96.27263045793397,1.4691533274709188
4850,24.2245989416052,96.27263045793397,1.5777623791836262
4851,24.2245989416052,96.27263045793397,2.2214380088559222
4852,24.2245989416052,96.27263045793397,3.2794939773128746
4853,24.2245989416052,96.27263045793397,3.337968398561135
4854,24.2245989416052,96.27263045793397,3.408341103058438
4855,24.2245989416052,96.27263045793397,3.484434344185782
4856,24.2245989416052,96.27263045793397,4.080505255100362
4857,24.2245989416052,96.27263045793397,4.324364626135417
4858,24.2245989416052,96.27263045793397,4.419482988711171
4859,24.2245989416052,96.27263045793397,4.522597629140838
4860,24.2245989416052,96.27263045793397,4.620715420512884
4861,24.2245989416052,96.27263045793397,4.7135749355653696
4862,24.2245989416052,96.27263045793397,4.798358395929653
4863,24.2245989416052,96.27263045793397,4.880325071300986
4864,24.2245989416052,96.27263045793397,4.960168481098018
4865,24.2245989416052,96.27263045793397,5.043758777589005
4866,25.79951478755454,96.19978284473399,5.068336156607
4867,27.954453096549447,95.96728708403835,5.082236046983761
4868,29.658499585981517,95.60889929742389,5.061242538830363
4869,30.406301841035692,93.4108527131783,4.648411719317948
4870,30.406301841035692,89.56469886702445,6.421222503981851
4871,30.406301841035692,85.83780560524747,8.612607809969228
4872,30.406301841035692,82.23017292784735,10.885837650641443
4873,30.406301841035692,91.20453190220633,4.964419174118125
4874,30.406301841035692,91.20453190220633,5.006933771145488
4875,30.406301841035692,91.20453190220633,5.050276542690316
4876,30.406301841035692,84.0190816935003,9.948114290672002
4877,30.406301841035692,87.68634466308885,7.948010512539677
4878,30.406301841035692,91.47286821705427,4.539154142993473
4879,30.406301841035692,95.37865235539654,1.0475502679568307
4880,30.18608248131875,95.43580683156655,0.951483451429223
4881,29.92265289277386,95.50203134068485,1.3977573245834287
4882,29.615320692344998,95.57648401826484,2.2768457730639367
4883,29.263254364300295,95.65826330532212,3.404281191170238
4884,28.865468504449453,95.7464324917673,3.4745949980378095
4885,28.42080527850922,95.84004294149221,3.546688759891115
4886,27.927911130110093,95.93815513626835,3.609738102103507
4887,27.385207418203354,96.03985692386306,3.7138909207798854
4888,26.79085315411959,96.14427860696517,3.86675105438834
4889,26.142697262282383,96.25060474117078,4.040264500463393
4890,25.79767184037256,95.68431092036242,3.9885420458316516
4891,25.79767184037256,94.51597520267048,3.378590296019667
4892,25.79767184037256,93.44301382927992,3.199396416541477
4893,25.79767184037256,92.46542680019076,3.0394722460760835
4894,27.072574709534802,94.26583493282149,3.7722588199116447
4895,28.605104699658185,94.12906356137798,3.903599284336973
4896,29.654040946561878,93.90303623898139,4.0953173660189215
4897,30.40343965158396,93.5865811544154,4.218005532491888
4898,31.856207487573396,93.36481113320079,4.357955022562719
4899,33.15863776108541,93.23985978968453,4.536501004006222
4900,33.06393232253784,91.61735700197238,3.6282937243097217
4901,31.909879016356147,88.26603325415677,2.7585834565042324
4902,30.642898000821994,84.99542543458371,3.8198634195731604
4903,29.243056593896476,81.81417877586966,6.0548913627575285
4904,29.243056593896476,92.75649493615147,5.874442718999325
4905,29.243056593896476,92.75649493615147,6.129189292636559
4906,29.243056593896476,92.75649493615147,6.241396740392595
4907,30.642898000821994,92.13174748398902,5.755403395339602
4908,32.00006025409639,91.41906346565248,5.249157794517235
4909,33.310930937989475,90.61032863849765,4.784097661492618
4910,34.49940669963124,89.85879332477535,4.3871371784866895
4911,35.58209512294552,88.80298587043455,4.084240348163695
4912,36.57103053674343,87.99446749654219,3.9230083439145074
4913,37.475300808224375,87.55377114998566,4.034319043476616
4914,38.301980148046205,87.11018711018711,4.149891533549385
4915,39.05670253679133,86.66666666666667,4.286095367176288
4916,39.74403354738214,86.22659473183117,4.468245313484377
4917,40.36772180665988,85.79378068739771,4.6536656175014
4918,40.93087490854477,85.37243006403774,4.7799008637738085
4919,41.43608590107478,84.96709386906824,5.0829553537898775
4920,41.88552628127872,84.58259325044405,5.346039703782579
4921,42.28101559110854,84.2239185750636,5.53990837861974
4922,42.62407421324852,83.8961038961039,5.711961507010386
4923,42.915963796265494,75.8594635436343,12.284454836862418
4924,43.15771834694187,80.05370157268891,8.744575529626694
4925,43.35016810770831,84.27184466019418,5.062865965972633
4926,43.493957711197744,88.4751078008624,2.4882911074748058
4927,42.16699248605587,89.17584504367642,1.653585714801542
4928,40.50271431812276,89.7172236503856,1.279960381597989
4929,37.98765025223411,90.10989010989012,1.0452972358129715
4930,38.010152008577805,90.09584664536742,1.031809116396141
4931,37.98765025223411,90.10989010989012,0.976200019619753
4932,37.92008073061574,90.15178256265443,0.9762437201864892
4933,37.807249579342574,90.22082018927445,1.1163158312402983
4934,37.64882995434798,90.31586254772648,1.4080448723563093
4935,37.44435625465511,90.43537881384985,2.1659686397814357
4936,37.19321567541832,90.5775075987842,2.3778546476031197
4937,36.894636696057276,90.74012612014603,2.48920853661151
4938,36.547673937861745,90.92092417832737,2.780654206053845
4939,36.15118860068376,91.11747851002865,3.0147509909955503
4940,35.70382338184823,91.32732359341001,3.1569172989280663
4941,36.28914399879284,90.49417689644318,2.883863017087271
4942,36.74389485933002,89.53895071542131,2.947871158328794
4943,37.07777439097422,88.46523550144184,3.2331818187775045
4944,37.29715525045215,87.53623188405797,3.658892852220045
4945,37.40592314965277,87.3103002906038,3.889019913211189
4946,37.40592314965277,87.11656441717791,4.166673879898921
4947,37.29715525045215,86.85990338164251,4.669290361075574
4948,37.07777439097423,87.56808715155398,5.10299310035345
4949,36.74389485933002,88.45786963434023,5.199570484011084
4950,36.28914399879284,89.23512747875354,5.161550605587871
4951,36.28914399879284,87.25212464589235,6.538141814451748
4952,36.28914399879284,88.6685552407932,6.210290049065799
4953,36.28914399879284,90.17941454202078,5.602516422706605
4954,36.28914399879284,91.78470254957507,5.072178929898933
4955,36.772661973291385,81.01388440426219,11.569657315872885
4956,37.20323187264963,84.95867768595042,9.021546506703976
4957,37.5824349350103,88.99020601148261,6.711068712092585
4958,38.22403500903175,92.67361111111111,4.272557287840582
4959,37.253574039776886,91.90771349862258,4.964627389893666
4960,35.381952133586466,90.90599455040872,5.875472716879436
4961,35.381952133586466,90.12261580381471,6.759694879339052
4962,35.381952133586466,90.59945504087193,6.349186944626357
4963,35.381952133586466,90.12261580381471,7.062631004184234
4964,35.381952133586466,90.90599455040872,6.426540773986566
4965,35.381952133586466,91.82561307901908,5.782284712608024
4966,35.381952133586466,92.88147138964578,4.813561673011329
4967,35.59259226852833,94.68632156324992,3.310913373276369
4968,35.94317611403896,97.08838821490468,1.1187673158330504
4969,36.57995577424506,97.00107104605497,1.0513136733951811
4970,37.14590160773717,96.91743119266054,0.9873311606643916
4971,37.64455447239459,96.83853970643582,1.0730834129183324
4972,38.07879472129385,96.7654986522911,1.3767785392998597
4973,38.45096616762452,96.69941060903733,1.6584865563775866
4974,38.76296613356892,96.64134346261496,1.9321168518193097
4975,39.016311587506614,96.5922920892495,2.142194629229378
4976,39.21218785686689,96.55313910545753,2.3957610476049074
4977,39.351484205098245,96.52461729416632,2.61063683917559
4978,39.43481913078002,96.5072765072765,2.7947386104110183
4979,39.46255727536606,96.50145772594752,2.962551272081935
4980,39.43481913078003,96.5072765072765,3.1229033612281687
4981,39.35148420509824,96.52461729416632,3.2904693604883413
4982,39.21218785686689,96.55313910545753,3.477854478482055
4983,39.016311587506614,96.5922920892495,3.6558425124221063
4984,38.76296613356892,96.64134346261496,4.243817077215107
4985,38.45096616762452,96.69941060903733,4.502260590334584
4986,39.579384632898076,96.69421487603306,4.668266274433381
4987,41.17950835151842,96.50462032944958,4.209930674395474
4988,42.30157546758706,96.15541922290389,4.161013233360572
4989,43.13063244591152,95.64134495641345,4.006111090882725
4990,43.73505776665114,95.29609407811844,3.687627302333756
4991,43.25422997572386,91.6563912864776,1.4211512821562755
4992,44.20284154139007,90.18077239112571,2.07458600999082
4993,45.46908572836621,89.94181213632585,2.3235634199691937
4994,46.22174887423816,89.56412405699916,2.8449892885453303
4995,46.63706386408475,89.0480202190396,3.2816779027433713
4996,46.77065523463266,88.73417721518987,3.904053035773475
4997,46.63706386408475,89.0480202190396,3.8710845517119417
4998,46.221748874238166,89.56412405699916,3.9690691699178813
4999,45.46908572836621,89.94181213632585,3.8842759795074913
5000,44.20284154139007,90.18077239112571,4.034043653960928
5001,43.25422997572386,90.25893958076449,4.055105735198562
5002,43.58801516714656,90.30378693300041,4.214894004931198
5003,43.82984935961643,90.38219235615287,4.381393745078237
5004,43.982494478766775,90.49429657794677,4.518238403203871
5005,44.04762304004717,90.63955950868277,4.610501062433143
5006,44.02593271890225,90.81675835801947,4.7929618355507655
5007,43.91719220052768,91.02402022756004,4.76834827827505
5008,43.720226103513504,91.25888749477207,4.7599951272334735
5009,43.43283644608136,91.51841125362019,4.717711385012709
5010,43.051646970169855,91.79926560587515,4.703113553707206
5011,42.57184077566677,92.09787404733252,4.540512193432038
5012,41.986734461096475,92.410538733779,4.413072629648137
5013,41.28707880764685,92.73356401384083,4.187110008343704
5014,40.459860662426834,93.06336707911511,4.2130709036038905
5015,39.486099144835926,93.87085005472456,3.6662526197391263
5016,38.336330273529484,94.5093871767623,3.3922015189170835
5017,36.95964947299763,94.98798489529695,3.1106382226247415
5018,35.247647065703575,95.3171703752906,2.9195869946808757
5019,35.26933020858111,95.37745261057532,2.866210872675462
5020,35.247647065703575,95.45001660577881,2.829481952097358
5021,35.182540153791365,95.5342375124049,2.896508506861967
5022,35.07383610418675,95.62931317778508,2.9692221241634877
5023,34.92124286940113,95.73428850537285,3.056485649949183
5024,34.72434494123146,95.84808496942388,3.150229529732294
5025,34.482596381071104,95.96953348143447,3.247859986309446
5026,34.19531136161365,96.0974086793631,3.270846206983056
5027,33.861651792724174,96.2304627643273,3.3124064520046965
5028,33.48061144023403,96.36745722005404,3.352673158676034
5029,33.050995726648814,96.50719107719401,3.3558529883419523
5030,32.57139610018776,96.64852477800058,2.9172754879273217
5031,32.04015743166547,96.79039910689366,2.775779001458383
5032,31.455336282002257,96.93184903611187,2.5961627670982708
5033,30.814646970462135,97.07201266156687,2.6383548783764503
5034,30.11539098784553,97.21013565395444,3.0531955033613096
5035,29.35436313411043,97.34557181840734,3.0709871753058646
5036,28.527724269190447,97.47778044679318,3.0881026554214293
5037,27.63082472804455,97.60632117127585,3.10053877066561
5038,26.65795226507075,97.730847000674,3.1061798350659346
5039,25.601959704892003,97.8510961580204,3.1152633966016117
5040,24.453691047367677,97.96688325298679,3.116602354836738
5041,23.201048244701138,98.07809022860611,3.124990544699618
5042,21.82736403436633,98.1846574272887,3.148539422790613
5043,20.30828263284512,98.53135002824327,3.1271058561344467
5044,20.288792466143533,98.75994817693874,3.132341854541037
5045,20.722648968232356,98.83311724393405,3.146167433275889
5046,20.28879246614354,98.75994817693874,3.1559754635124233
5047,20.46151903197229,98.68494165586219,3.13981151962345
5048,20.288792466143537,98.75994817693874,3.141187430985689
5049,19.73720779264021,98.89196675900277,3.1492045538885716
5050,18.64276956357813,98.95124195032199,3.164335917933092
5051,15.885062695553016,97.10014409221903,3.1322907259747184
5052,12.922007284400156,93.5612634501909,4.545386449323211
5053,12.922007284400156,90.00347101700798,7.378751556911021
5054,12.922007284400156,86.51509892398472,10.278239275035197
5055,12.922007284400156,97.57028809441167,0.9375058401843434
5056,12.922007284400156,97.57028809441167,0.8804370426135688
5057,12.922007284400156,97.57028809441167,0.8628816402788322
5058,12.922007284400156,97.57028809441167,0.8925457381339139
5059,12.922007284400156,97.57028809441167,1.0216521340978337
5060,12.922007284400156,97.57028809441167,1.7864128579729186
5061,12.922007284400156,97.57028809441167,3.0056031915155255
5062,12.922007284400156,97.57028809441167,4.497991221707094
5063,12.922007284400156,97.57028809441167,4.760386313581297
5064,12.922007284400156,97.57028809441167,5.021709238293376
5065,12.922007284400156,97.57028809441167,5.280407534324634
5066,13.516430700908893,97.3015873015873,5.489695571430874
5067,14.638399322788548,96.68608885651857,5.601472734770323
5068,15.678604147459765,95.96016535137167,5.100974891245068
5069,16.64424935008254,95.11627906976744,4.800127385722541
5070,18.767229623329545,95.50561797752809,5.347404010287943
5071,21.10819597702705,95.26491447642887,5.218833616162763
5072,23.002885034725345,94.92627927146575,5.115433883761642
5073,24.639622249701855,94.4794952681388,4.955435841781525
5074,26.090671987097906,94.10112359550561,4.8209605913586735
5075,27.39488137502334,93.87457462323772,4.871471753690222
5076,28.5765435661138,93.64278506559032,4.876350545210612
5077,29.65225901914499,93.4065934065934,4.878389273341016
5078,30.63405442567495,93.16702819956616,4.858874429743292
5079,31.472650641314882,92.31632080762759,4.4055484268362095
5080,31.472650641314882,87.91362871564779,2.3959950601307014
5081,31.472650641314882,83.6231071228267,4.0051186146096205
5082,31.472650641314882,79.44475602916432,7.50296990425773
5083,31.472650641314882,88.41839596186203,3.0727861811925585
5084,31.472650641314882,88.41839596186203,3.104000630239565
5085,31.472650641314882,88.41839596186203,3.1374279780490335
5086,31.472650641314882,88.41839596186203,3.171318234825551
5087,31.472650641314882,88.41839596186203,3.211449084827462
5088,31.472650641314882,88.41839596186203,3.2655041311925355
5089,31.472650641314882,88.41839596186203,3.362277172293756
5090,31.472650641314882,88.41839596186203,3.501301827861427
5091,31.472650641314882,88.41839596186203,3.6798335495163594
5092,31.472650641314882,88.41839596186203,3.8182191795070395
5093,31.472650641314882,88.41839596186203,3.9130855161912454
5094,31.472650641314882,88.41839596186203,3.99491879683882
5095,31.472650641314882,88.41839596186203,4.108229336826116
5096,33.07504082416568,88.15600802982506,4.043350328937353
5097,35.28603833869466,87.52623688155921,3.90791762244212
5098,37.0476930647366,86.74396740833595,3.7404989141715954
5099,38.5481817029563,85.79378068739771,3.5509721004032215
5100,39.859608718417306,84.93337888623164,3.440843568105703
5101,41.02064904385312,75.48984681154258,8.900657336273346
5102,43.10627085240256,79.31420052180395,6.153098069393343
5103,45.21767176390209,83.20939334637964,5.800422981016472
5104,46.876870047803216,87.22792607802874,7.828030528664903
5105,47.654021934371585,86.68331252600916,7.950002144910884
5106,48.20158444766668,86.33879781420765,7.83888631418088
5107,48.55268603075405,86.33093525179856,7.871482955253461
5108,48.72449198866812,87.26114649681529,8.249754146851522
5109,48.72449198866812,88.40764331210191,8.881355714219863
5110,48.55268603075406,89.4202285230639,9.59778744702549
5111,48.20158444766668,90.24800336275746,10.229612035700377
5112,49.02380595999297,89.33100131176214,9.753123683380831
5113,49.89186279484707,87.65375854214123,8.83420148231955
5114,50.659982575390536,85.69398389388915,8.146643491022845
5115,51.33688177153963,83.43980343980344,7.469597077905328
5116,51.92922826515138,83.93492628368074,7.81557495320801
5117,52.442210194974926,83.42947037231254,7.755766047185515
5118,52.87990241064523,82.96495956873315,7.86716651239928
5119,53.24551160873422,82.55107675317504,7.917449509288425
5120,53.541544747934154,82.19718309859155,8.147785427533279
5121,53.66409208372719,79.60227272727273,9.20134117291352
5122,53.66409208372719,74.88636363636364,11.696977533905004
5123,53.66409208372719,63.06818181818182,19.877801401430858
5124,53.66409208372719,63.06818181818182,20.755476486318184
5125,53.66409208372719,77.2159090909091,10.661671820308179
5126,53.66409208372719,82.04545454545455,6.559237699662746
5127,52.632889976288354,83.58778625954199,5.89051601180435
5128,51.403033349010165,84.8643006263048,5.466371332665347
5129,49.90306300152103,85.89232303090728,5.143666876622855
5130,47.94538358986048,86.69201520912547,4.7691935542687105
5131,47.26719975772641,87.13235294117646,4.68185972015133
5132,46.49221640499811,87.58865248226951,4.584780559556725
5133,45.61048021036571,88.05460750853243,4.25331670780953
5134,44.60835852455338,88.52459016393442,3.8566031101406844
5135,43.46632245872662,88.99371069182389,3.296679351791799
5136,42.15442085535045,89.94728915662651,3.175288809647455
5137,40.621314063339916,90.70605187319885,2.9723893818462064
5138,38.75820221884298,91.28787878787878,2.761336795645002
5139,36.051107594643696,91.71052631578948,2.76384317056006
5140,34.484530260204686,91.89710610932475,2.958650111389058
5141,34.484530260204686,91.89710610932475,3.101955218704828
5142,34.484530260204686,91.89710610932475,3.2036260890529062
5143,34.484530260204686,91.89710610932475,3.3205990083691477
5144,34.484530260204686,91.89710610932475,3.4476382502595437
5145,34.484530260204686,91.89710610932475,3.584754818523491
5146,34.484530260204686,91.89710610932475,3.744111661219612
5147,34.484530260204686,91.89710610932475,4.206722060514928
5148,34.484530260204686,91.89710610932475,4.819321863254122
5149,34.484530260204686,91.89710610932475,5.717889724338154
5150,34.484530260204686,91.89710610932475,6.858710917319687
5151,34.484530260204686,91.89710610932475,8.189626840467211
5152,34.484530260204686,91.89710610932475,8.481920174408954
5153,34.484530260204686,81.57556270096462,6.2684756031584765
5154,34.484530260204686,85.78778135048232,5.9520166352529005
5155,34.484530260204686,90.12861736334405,7.882903284562808
5156,34.484530260204686,94.59807073954984,11.814967791653089
5157,34.220628274779465,93.78172588832487,12.162153589165284
5158,33.9423056191373,90.83229036295369,10.694422754245121
5159,33.34112713917753,85.56231003039514,7.610744667730279
5160,34.26906999451621,84.89143546441495,7.421947494718112
5161,35.75186274350871,85.9804520464264,7.972040361488734
5162,36.74652818565746,86.88271604938272,8.508713238843704
5163,37.43621163438044,86.4343497199751,8.34455063893423
5164,38.822603055943425,86.10414052697617,8.34786482424146
5165,40.05031867351162,85.89500316255534,8.29253883409647
5166,40.75872072472634,85.59160305343511,8.284669131880474
5167,39.59785027229605,81.5018315018315,5.722327220393982
5168,39.90404343637412,79.50254719808211,4.2823048311501
5169,38.44971572315296,76.16996841803044,4.14158595547738
5170,36.77809432567089,72.9447346714325,4.981766972670828
5171,34.78016937321017,69.83416688602264,7.320990548769629
5172,32.37094554815181,81.32205995388163,4.587670136762287
5173,32.37094554815181,80.50217781193953,4.16733609589226
5174,32.37094554815181,79.75915962080451,3.891647030321149
5175,31.941769669256715,77.80297304106828,3.5032286249838838
5176,31.02766236649134,74.89651813976138,4.335358464062247
5177,30.033780780518132,71.97272513519869,5.914619089927911
5178,28.952081176433005,69.50306330837304,7.59040119434642
5179,27.772102982581654,80.32392208360692,7.54694756837418
5180,26.479748883215727,81.1774635999156,8.62937878240122
5181,25.05506319171648,81.91986983933293,10.009012750945368
5182,25.05506319171648,81.91986983933293,10.538791155715382
5183,25.05506319171648,81.91986983933293,11.114173445233241
5184,25.05506319171648,81.91986983933293,11.805568855614629
5185,25.05506319171648,81.91986983933293,12.622191201242714
5186,25.915519004671197,81.59203980099502,13.204982384517475
5187,27.4847214134287,80.85701981050818,13.06999659879351
5188,28.890871632986446,80.00894454382826,13.46228831148831
5189,30.16429788105927,79.03899721448468,13.528738242015846
5190,31.32493887019602,78.13102119460501,14.604102487891446
5191,32.38687381614541,77.37262737262738,15.488922820149705
5192,33.360543962785925,76.60455486542443,16.31822665670797
5193,34.253972375839425,75.83065380493034,17.218349607947495
5194,35.073490025107965,75.05543237250555,18.541203954643237
5195,35.82419506238207,74.28407789232531,19.505151621010583
5196,36.17507600410469,71.80680826302007,19.460921999048267
5197,36.17507600410469,67.70439336630783,17.124587896286545
5198,36.17507600410469,63.71835903404131,15.74082830855715
5199,36.17507600410469,59.84870526622054,13.92043230650314
5200,36.17507600410469,68.19901076520222,18.98732286257406
5201,36.17507600410469,68.19901076520222,19.224582575549984
5202,36.17507600410469,68.19901076520222,19.492342976682178
5203,36.51025743126078,67.16903073286052,18.30210576522822
5204,37.13512869233482,64.98172959805116,17.440681897359703
5205,37.701691071369446,62.62531328320802,15.96662451816669
5206,38.21236603437592,60.102960102960104,14.62376545882501
5207,38.6691950251171,61.477572559366756,15.237353788869674
5208,38.6691950251171,57.42084432717678,12.399047730193564
5209,38.6691950251171,53.49604221635884,8.594098889445785
5210,40.231513964880314,50.826864664191696,6.226979547997061
5211,42.36071319109095,49.20522783468739,4.727868996758108
5212,44.038257600501666,47.432582194311045,3.462986780681212
5213,45.45218914727612,45.50366653801621,4.6657135960517735
5214,46.67446539326395,40.63632702376158,8.609206185849816
5215,47.743600700486674,42.80318925723878,7.177572583304006
5216,48.6835264389442,45.525971191619384,5.6448599153511365
5217,49.510448745812056,48.48210240144993,3.4809104857505195
5218,49.015968503775916,49.48314606741573,3.114198090393477
5219,49.67118455704747,52.763585694379934,3.755022726182329
5220,51.02617474485412,55.79710144927536,7.113664005072042
5221,51.54068404148079,56.013579049466536,7.539398616660599
5222,50.87352735286499,54.791271347248575,6.508297820710959
5223,50.109015263919375,54.276315789473685,7.044366971069897
5224,47.9561229659382,52.93308890925756,5.816663459674797
5225,47.9561229659382,52.93308890925756,5.81477705325911
5226,47.69142046196183,52.027027027027025,5.507644852969384
5227,47.5373185635734,51.51650312221231,5.743743424912134
5228,46.84786466657352,51.13438045375218,5.390689107315267
5229,46.84786466657352,50.87260034904014,5.099329955200399
5230,49.0271654906455,53.29067641681901,5.589665348537963
5231,51.00777959629159,55.896452540747845,7.7373035277806865
5232,52.531602505863326,58.53413654618474,8.88444639450484
5233,52.42167089932623,58.47542627883651,8.75795894576536
5234,51.82707574259534,58.582834331337324,8.721519871323775
5235,51.27129972278277,58.79721669980119,9.31781569572727
5236,53.20512657236072,57.24713242961418,8.530522450756532
5237,55.6832980715328,55.69550930996714,6.954756695304196
5238,57.309095335702544,53.9609644087256,5.253384658249883
5239,58.59584832310052,52.04081632653061,3.2697346231360975
5240,59.65162992755101,49.93742177722153,2.930278798537544
5241,60.526959955601555,48.764629388816644,3.3423371705707416
5242,61.25086003807113,47.7792732166891,4.761820262430986
5243,61.84179899452962,46.94868238557559,5.985385214872901
5244,62.31219269521516,50.071123755334284,3.7038162272734247
5245,62.67058775839344,53.33817126269957,4.020534349481858
5246,62.92283324989282,56.70103092783505,5.005704833959905
5247,63.15513664234553,56.502242152466366,4.740514663733423
5248,63.29339607279086,56.56108597285068,4.88658872836029
5249,63.339299480142905,56.88350983358548,5.540668503458732
5250,63.29339607279088,57.46606334841629,6.451265721093488
5251,63.15513664234553,58.29596412556054,7.812650874518765
5252,62.952668650082934,57.19557195571956,8.664181102344132
5253,62.68020482952345,55.55555555555556,11.249115656878447
5254,62.302876257028785,54.22885572139303,13.835547661240689
5255,61.81468027292727,52.11072664359862,16.742682885950696
5256,61.20694266238084,56.673373574782026,13.264667830289376
5257,61.20694266238084,56.673373574782026,14.319266508957075
5258,61.20694266238084,56.673373574782026,15.337483578165351
5259,61.20694266238084,56.673373574782026,16.333196914909394
5260,61.20694266238084,54.99664654594232,19.826045649041383
5261,61.20694266238084,58.41716968477532,17.68889987448089
5262,61.20694266238084,62.10596914822267,14.664609210361569
5263,61.20694266238084,66.06304493628437,13.22817842050487
5264,60.46714040048491,67.31391585760518,12.934560120656071
5265,59.576713808575796,68.88612321095208,11.564537440981107
5266,58.50656354676262,70.24448419797257,11.02930912648678
5267,57.206102828101834,70.94017094017094,10.376628923383844
5268,56.44053502935169,73.67835281023929,8.785980261792544
5269,56.44053502935169,78.29716193656094,5.736244276326602
5270,56.44053502935169,83.13856427378965,3.4353283937194052
5271,55.96007710709557,83.72093023255815,3.4373056965952986
5272,55.39505694545609,84.33734939759036,3.49127275482589
5273,54.73980780730755,84.97723823975721,3.673459494337554
5274,53.98690931922966,85.63078421821724,3.9091924204819595
5275,53.95125792982617,85.85131894484412,3.967777925224375
5276,54.42450050326693,85.52821997105644,4.0176461909955234
5277,54.57513189855631,85.69357177380377,4.131143534766847
5278,54.424500503266934,85.52821997105644,4.246317860784204
5279,53.95125792982617,85.41966426858514,4.502472192785718
5280,53.570874907234476,85.48233046800382,5.153544244670841
5281,53.378191009201025,85.19752498810091,6.121998326744733
5282,53.066254024835956,85.03562945368171,7.26348911492725
5283,53.018477093354846,86.47342995169082,9.324021392187687
5284,52.43135614559418,85.64593301435407,10.7782142191276
5285,52.43135614559418,85.64593301435407,12.540022381214492
5286,53.10986988424865,72.38001958863859,10.540569519092315
5287,54.792593479543484,75.95066803699898,11.26768446734072
5288,55.8866161077095,79.37701396348012,13.39067175047749
5289,56.82270774836379,82.75475923852184,17.21246773648038
5290,56.60160393005851,83.88195232690124,18.966563049682435
5291,56.3374796223271,82.90067720090293,19.684688384092382
5292,55.84299938029097,83.12849162011173,
5293,55.075648254289845,83.20484581497797,
5294,53.93349058426384,83.13513513513513,
5295,53.13414559838232,83.04812834224599,
5296,53.13414559838231,83.04812834224599,
5297,53.034685842486496,82.45804006497022,
5298,53.976614782708864,81.39922265408107,
5299,54.19648328480006,78.45641310383121,
5300,53.80748045867699,73.84948565240931,
5301,53.34440077445925,69.38453445554971,
5302,53.13117331263631,66.28630705394191,
5303,52.51936589492868,62.17434869739479,
5304,51.819097198144206,58.3011583011583,
5305,51.36087471664887,55.692017005196035,
5306,51.32361531745073,54.38265786993402,
5307,51.380608347977756,53.443396226415096,
5308,51.20856545914505,52.49294449670743,
5309,50.793809756124276,52.149532710280376,
5310,51.23040767729261,52.00372786579683,
5311,51.487662325605946,52.05223880597015,
