second,entropy_g,det_g,rmse_g
30,45.73750694769374,33.16062176165803,
31,44.09623643919579,33.32124728063815,
32,43.73880700900693,33.52517985611511,
33,45.85020792050647,35.14328808446456,
34,47.07717675510793,35.873749037721325,
35,47.30042884046164,36.349453978159126,
36,46.472519799499196,35.68147013782542,
37,45.43573143704497,34.93253373313343,
38,44.984519940917856,36.93862275449102,
39,45.276409523934824,39.02439024390244,
40,45.276409523934824,40.891768292682926,
41,45.40349725016585,43.257779485209376,
42,45.62050759270686,46.0849240358395,
43,44.61641277767471,46.87144482366325,
44,43.41248410440713,47.918968692449354,
45,43.38622933623502,48.474945533769066,
46,43.38622933623502,48.474945533769066,
47,43.475777670477896,47.781065088757394,
48,44.170554662683344,45.57105163965322,
49,44.170554662683344,42.593290614398796,
50,44.170554662683344,39.76630229928383,
51,44.170554662683344,37.09008669430833,
52,44.92002799262813,41.12221368178324,
53,46.23266356536372,39.54509177972865,
54,47.350070815926884,37.882547559966916,11.829265492064367
55,47.84819623243872,35.5490113588557,10.810520690333718
56,48.453633769012,33.333333333333336,10.802079753860939
57,49.52331678021421,31.721384205856257,10.068810668414546
58,49.996843663340975,29.58953540820929,
59,49.996843663340975,27.10870545782589,
60,51.432889250900324,25.69060773480663,
61,53.302541602239515,25.526819923371647,
62,54.71059930690386,26.093439363817097,
63,55.844297999826864,27.006172839506174,
64,56.77468466279771,28.290870488322717,
65,57.68540034502585,30.4635761589404,21.321053487868966
66,58.40831440707508,31.85185185185185,23.40823765847634
67,58.95499226887634,33.6835960303561,26.245132517327296
68,59.386857400153936,36.21203097081596,28.88537048462993
69,59.711139978164695,38.898971566848154,32.6038804210727
70,59.93277983926322,41.71253822629969,37.0559591900682
71,59.74903440210097,44.15347137637028,40.66200783478275
72,59.79677780271846,47.130647130647134,43.15920196699076
73,59.74903440210097,50.121802679658956,45.18643685911792
74,59.60518580926448,53.083434099153564,
75,59.81985992084291,57.55528255528255,
76,57.57090944215781,59.171597633136095,
77,55.80839402040905,61.0062893081761,
78,55.457810174898405,63.89668725435149,
79,55.01211646556283,66.11751784733663,
80,55.02684008281483,70.53326003298515,
81,54.98265124434158,74.84931506849315,
82,54.879333181591136,79.01033170201197,
83,54.496476996899325,82.17136774880255,
84,53.346708125592876,83.57980622131565,
85,52.62855130995082,85.57360905957657,
86,52.37520585601314,85.82486695694243,
87,52.063205890068744,86.12032212221696,
88,51.69103444373807,86.4539990753583,
89,51.256794194838804,84.25551057130005,
90,50.758141330181395,86.94893059799215,
91,50.19219549668927,89.35361216730038,
92,49.555415836483185,91.47286821705427,
93,47.87787142707247,92.15533980582525,
94,45.74867220086184,92.64868858514961,
95,43.81814451769406,92.9582448690729,
96,43.02367438512727,93.21282401091405,
97,42.1464927812041,93.46684175968483,
98,41.17869717064154,93.71843434343434,
99,40.1099582094161,93.96604002425713,
100,38.92630075737411,94.20838183934808,
101,37.607883067443005,94.44444444444444,
102,36.124467411608954,95.02141327623126,
103,34.42445097301231,95.45920985120574,
104,32.3987916306218,95.77187807276303,
105,29.53328813845817,95.97268016957136,
106,28.146268257034222,96.50951949229375,
107,26.59579545481933,96.75098124727431,
108,24.830198782012637,97.06375838926175,
109,23.625376303587554,97.67112191170514,
110,22.308685123779775,98.16262705238468,
111,22.538283434877364,98.51923076923077,
112,22.2011048350621,96.84310018903592,
113,20.387788708875235,93.34912536443149,3.2726212747675785
114,18.25117957871411,89.97190024587285,3.384193598271336
115,15.276980434961576,86.71293161814489,5.4234510199785975
116,13.430225319290118,97.9568486433475,
117,11.260791106882175,98.10606060606061,
118,8.2543586470295,98.18652849740933,
119,6.064004032844547,98.32056570418385,
120,3.0370119579712087,98.39077185986898,
121,3.0370119579712087,98.39077185986898,
122,3.0370119579712087,98.39077185986898,
123,3.0370119579712087,98.39077185986898,
124,4.189190988298596,98.34926151172893,5.970737510099555
125,6.9538546023610674,98.26243259436788,6.063925360048949
126,9.396302188694612,98.15503875968992,6.247708312142242
127,11.394433877135839,97.97817715019255,6.334310873393177
128,13.136652638039287,97.7250083028894,6.661353057798037
129,14.69530505446085,97.52577319587628,6.995350165843822
130,16.10932556229681,97.44045503021685,7.222029017160274
131,17.403100142090526,97.3529411764706,7.576930945024665
132,18.593328077480496,97.26339794754846,7.930382607086453
133,21.527577231121008,97.13551955748716,8.21035808099708
134,23.6234562092578,96.91991786447639,8.423712433715993
135,25.395230930276906,96.60691421254802,8.628725416184947
136,26.196554861622907,94.36589079834675,8.461114371252696
137,26.952012545124017,92.08425720620842,8.430390740233062
138,29.314476819395075,91.66858989153012,8.58768480463871
139,31.617376361835365,91.33574007220217,8.721960973838762
140,33.10395542503367,90.64064064064064,8.863930844079647
141,34.07762557167418,89.54875518672199,9.181775660373143
142,34.97105398472768,88.2921589688507,7.954006498795199
143,35.79057163399622,86.86111111111111,7.575255668137723
144,36.541276671270325,87.74397244546498,7.868224577020894
145,37.22733904014904,87.47037914691943,7.811398587630634
146,37.852210301223074,87.21001221001221,7.745965613854751
147,38.4187726802577,86.96608040201005,7.696221340533173
148,38.92944764326418,86.74193548387096,8.599382579190948
149,39.386276634005355,86.54100529100529,9.400436032962872
150,39.79098211576421,86.36671177266577,10.350144162131896
151,40.145014319985734,86.22237569060773,10.980422558095135
152,40.44958737639476,86.11111111111111,11.679239788926036
153,40.70570737532043,86.03571428571429,12.370059517340387
154,40.91419416130019,85.99855282199711,13.037618721282275
155,41.07569814074862,86.00146198830409,13.705258916244818
156,41.19071302219087,86.04565537555229,14.519386825298676
157,41.259585142909415,86.13165680473372,15.590338301641268
158,41.282519836894934,86.25925925925925,16.883089441450764
159,41.259585142909415,86.4275147928994,18.437066095482468
160,41.19071302219087,86.63475699558174,19.12262830522649
161,41.07569814074862,86.87865497076024,19.541192144006974
162,40.91419416130019,87.15629522431259,19.357322837603792
163,40.705707375320436,87.46428571428571,18.877576895372385
164,40.44958737639476,87.79887482419127,18.052674798415858
165,40.943870426674074,87.76014109347443,17.82746537264421
166,42.03108147604733,87.23404255319149,18.16467048498053
167,41.65287807430983,83.03350970017637,18.913923289205062
168,41.221788166352944,76.55765920826161,16.68759143064281
169,40.73613200201526,74.55581629232316,16.67829431952654
170,41.02302972044332,74.14195268243918,16.78137998165218
171,41.922339878703255,75.19432240621832,16.732078974303175
172,41.74961331287451,75.09281133985826,16.584294333271373
173,43.29555891586373,74.580910023948,16.254914258336463
174,45.347543297534635,74.29663077457451,15.871603819131819
175,46.34640008599262,73.78027378027377,15.410725222129907
176,46.096713510320555,71.46804835924007,13.94369840401909
177,45.219531906397386,67.79661016949153,12.559329961553127
178,44.251736295834824,64.35643564356435,10.549927678916124
179,43.18299733460938,61.4228764182766,9.240388301077774
180,41.99933988256739,72.37422771403354,10.873062728260447
181,40.68092219263629,73.5966149506347,10.65511241459394
182,39.19750653680224,74.66882941335496,10.20004239475843
183,37.49749009820559,75.6021756021756,9.833819652428796
184,35.471830755815084,76.4078392458447,9.775224841987619
185,33.60937539841868,76.99262431596479,9.468071580257618
186,33.60937539841868,76.99262431596479,9.112947396861886
187,33.60937539841868,76.99262431596479,8.696110725353831
188,33.60937539841868,76.99262431596479,8.21451541635157
189,33.60937539841868,66.99976207470854,5.488804840202355
190,33.60937539841868,70.68760409231501,5.868198509082773
191,33.60937539841868,74.47061622650487,7.130674509849637
192,33.60937539841868,78.34879847727814,3.4324991374335783
193,32.900891372347814,80.72795146990201,3.121900385788775
194,31.356794863095814,81.44908030506954,4.141771825840986
195,29.597440935987102,82.06123329021129,3.5843902153134213
196,27.51372923060293,82.57355988396188,3.5618951221452
197,24.591403971474403,82.99482277976901,4.928248654162818
198,21.65715481783389,83.39716583684412,1.985400095390338
199,20.32284144060233,84.09174990751018,1.9776810651056709
200,18.857023971975902,84.65523401214719,1.5182261577915503
201,18.857023971975902,84.65523401214719,1.415662305951109
202,18.857023971975902,84.65523401214719,2.5936380600698197
203,18.857023971975902,84.65523401214719,3.4408893148238198
204,18.857023971975902,84.65523401214719,4.164333186902963
205,18.857023971975902,84.65523401214719,4.820703637376643
206,18.857023971975902,84.65523401214719,4.9612692249901444
207,18.857023971975902,84.65523401214719,5.187731385561337
208,18.857023971975902,84.65523401214719,5.605765288086243
209,18.857023971975902,84.65523401214719,6.249002826779868
210,18.857023971975902,84.65523401214719,7.158530893931252
211,18.857023971975902,84.65523401214719,7.96991207316696
212,18.857023971975902,84.65523401214719,8.69925855200025
213,18.857023971975902,84.65523401214719,9.362473392614445
214,18.857023971975902,84.65523401214719,9.94975091241047
215,18.857023971975902,84.65523401214719,10.328804631864486
216,18.857023971975902,84.65523401214719,10.418601622284527
217,19.873279412248564,84.46142649199417,10.3016281928355
218,22.824978803792238,84.10207939508507,9.905405603187896
219,24.93865536204435,83.66064414768265,10.070029167294686
220,27.534402034691684,83.21421278333673,9.356889379677545
221,29.644861779699923,82.71028037383178,8.682956210520848
222,30.449290741031344,71.3079255088783,13.15321306908799
223,30.449290741031344,71.3079255088783,13.844207939015043
224,30.449290741031344,71.3079255088783,14.587340310434659
225,30.449290741031344,71.3079255088783,15.328065327190734
226,28.36557903564717,82.8755722014149,8.558320623544768
227,27.112533443789538,84.96838670201917,10.299438645125768
228,27.112533443789538,88.7823781358352,9.67565368634404
229,27.112533443789538,92.67795227411789,3.3054519149654222
230,27.112533443789538,96.65510911686722,3.213646182368191
231,25.52517200280258,97.03281587738259,3.303882796120094
232,24.98834346585334,97.25974527209571,3.403622882442282
233,24.988343465853344,97.25974527209571,3.489905747742648
234,23.849960200496533,97.10982658959537,3.5583447028432387
235,21.729324070567763,95.14819709269398,3.1416707095939
236,18.77762467902409,91.58640741413774,2.46594453949057
237,18.77762467902409,87.933854261312,9.79216897177171
238,18.77762467902409,84.35398873341813,9.973538435026482
239,18.77762467902409,94.65745956750864,1.2283495453908846
240,18.77762467902409,94.65745956750864,1.2283495453908846
241,18.77762467902409,94.65745956750864,1.2283495453908846
242,18.77762467902409,94.65745956750864,1.2283495453908846
243,18.77762467902409,94.65745956750864,1.2283495453908846
244,18.77762467902409,94.65745956750864,1.2283495453908846
245,18.77762467902409,94.65745956750864,1.2283495453908846
246,18.77762467902409,94.65745956750864,1.2283495453908846
247,18.77762467902409,94.65745956750864,1.2283495453908846
248,18.77762467902409,94.65745956750864,1.2283495453908846
249,18.77762467902409,94.65745956750864,1.2217463340565733
250,18.77762467902409,94.65745956750864,1.1950184363878402
251,18.77762467902409,94.65745956750864,1.15700154863697
252,18.77762467902409,94.65745956750864,1.1022529067612867
253,18.77762467902409,94.65745956750864,1.0357431586497807
254,18.77762467902409,94.65745956750864,2.6641011280607603
255,18.77762467902409,94.65745956750864,3.6358559479903745
256,18.77762467902409,94.65745956750864,4.4148373080856445
257,18.77762467902409,94.65745956750864,5.075762062587632
258,18.77762467902409,94.65745956750864,5.080946987859407
259,18.77762467902409,94.65745956750864,5.09065810362685
260,18.77762467902409,94.65745956750864,5.10911477658264
261,18.77762467902409,94.65745956750864,5.12417044280832
262,18.77762467902409,94.65745956750864,5.1366115764118385
263,18.77762467902409,94.65745956750864,5.148765848626875
264,18.77762467902409,94.65745956750864,5.16762112833382
265,18.77762467902409,94.65745956750864,5.167678774014927
266,18.77762467902409,94.65745956750864,5.16499537184854
267,18.77762467902409,94.65745956750864,5.178676481155354
268,18.77762467902409,94.65745956750864,5.252518531475368
269,20.46151903197229,94.55454713835896,6.0725868166541925
270,22.83826661532303,94.28516451799115,6.6766257189470055
271,24.769467634196317,93.92364581251249,7.407564087654822
272,26.443478021430955,93.46066016192651,7.697862572896571
273,28.299213890501036,93.0066911288582,8.360663851428862
274,29.285785126028806,81.83219555164061,6.915007570907576
275,29.285785126028806,81.83219555164061,7.029619500311241
276,29.285785126028806,81.83219555164061,7.120114623437753
277,29.285785126028806,81.83219555164061,7.154870554254234
278,27.680032233351383,93.30508474576271,6.653949931512084
279,25.902142834301166,93.74235629841012,6.774563260300658
280,23.800272096687547,94.07843137254902,6.905568323015286
281,23.800272096687547,94.07843137254902,6.995003161198953
282,22.661888831330742,93.93108848864526,7.092318316782463
283,24.249250272317695,93.43762698090207,7.258393426286804
284,26.642935124125373,93.00950369588173,7.731661093698628
285,28.97772342961047,92.65449747085991,8.347260513731683
286,30.314519001173213,91.93879881251428,8.823453456691215
287,31.644545852070138,91.17437722419929,9.345105757160301
288,32.955416535963224,90.35758323057954,8.429426852709168
289,35.19475310900587,80.39064507838602,8.498273033024189
290,36.40907443843954,82.18602207041513,10.552211105340774
291,36.40907443843954,82.18602207041513,11.216167178247742
292,36.40907443843954,82.18602207041513,11.811159230110826
293,34.7021656509654,78.79093198992443,12.399706766481533
294,32.66976973576115,90.60840173829068,14.779465884417135
295,29.797678560642467,91.02267468764461,17.258621983740113
296,31.441973539808544,90.829591113212,18.47635804503867
297,33.63699924316297,90.33530571992111,17.01966917541647
298,35.350721601188404,89.69151670951157,16.965268772089104
299,36.84816572752345,88.90675241157557,16.333831574218614
300,38.58075751569817,88.13986013986013,17.85239655977239
301,40.38771404376982,87.39397484644633,19.632993600637
302,42.79040755570646,86.64624808575805,21.706571417219653
303,45.570596702913846,85.95306975249116,23.465192528287663
304,45.570596702913846,81.099324975892,27.679577741627075
305,46.5923291635815,78.235100428054,26.08953660301931
306,48.04101989501815,76.92042714433344,26.21696742345522
307,48.56915831053896,73.68050668543279,28.72601987951353
308,48.56915831053896,68.93033075299086,35.360681881961646
309,48.56915831053896,64.32090077410274,33.55736429477851
310,48.56915831053896,60.13370865587614,35.529204017994765
311,48.56915831053896,69.24700914848698,38.04754603093105
312,48.56915831053896,69.24700914848698,38.742646392539356
313,48.56915831053896,69.24700914848698,39.298523553751984
314,49.288349063497314,68.44380403458213,41.02793292037849
315,50.591437567448,66.64150943396227,36.230055652960324
316,51.18475734690278,63.12741312741313,37.144000782635125
317,51.18475734690278,58.22393822393823,38.849264291864905
318,52.12743692515264,55.80177276390008,36.72608744483242
319,53.03243161006519,53.2156368221942,35.562179390301
320,53.823056122543115,50.37199124726477,8.143958645698461
321,55.71183398611589,47.706422018348626,8.14607513283143
322,57.76641046893075,45.20348837209303,8.030965353729409
323,59.36691793436154,42.43353783231084,5.782362784066877
324,60.701236649974675,39.38577586206897,6.369255685858742
325,61.84114565688152,36.507936507936506,3.752463807177603
326,62.82496153689677,30.892857142857142,7.1067393492006214
327,63.676395741044956,33.790523690773064,5.832192869046676
328,64.41140890933063,37.044270833333336,9.056903812252655
329,65.04132158017475,40.65040650406504,10.202798279169574
330,64.84703737479876,42.732166890982505,10.075468084842166
331,64.4900592625786,44.81382978723404,11.545558888221096
332,63.95617947702412,46.86274509803921,13.915308090834747
333,63.219763204424176,48.849104859335036,12.775391361531025
334,63.000382344946246,51.51898734177215,23.255574665022394
335,63.26991097766509,51.291989664082685,5.594824735312092
336,63.47055467592031,51.31233595800525,5.180487696008921
337,64.93936279073577,46.27371273712737,14.347173198708521
338,66.72159925875087,48.64672364672364,12.60036076984155
339,68.03773892051203,50.97014925373134,4.000026560670468
340,68.58547331321289,52.0976353928299,12.721902490627118
341,68.36557647657932,51.39202407825432,7.9972488891413125
342,67.84329593029753,49.817651349380014,12.36878004352029
343,67.20331801558596,48.06474313863477,14.081453753747361
344,66.43293028956666,54.969574036511155,11.095578963600428
345,65.51341142304287,57.2168284789644,6.82602271710388
346,64.52879708396114,59.34405940594059,14.959707639973978
347,63.48449003118509,61.347517730496456,12.995422159229808
348,62.13214884761705,63.04836895388077,12.867609925670425
349,60.44353106272015,64.52991452991454,14.380882216384999
350,58.73152865542607,65.93908629441624,12.352621753501186
351,59.241231715884744,65.12714063310845,17.33958230781294
352,60.34706132250106,63.33514394350896,21.988061815724926
353,60.839224791756884,55.247084952803995,13.102481817793464
354,60.839224791756884,54.80288728484175,16.487598924585832
355,60.839224791756884,54.80288728484175,16.961880178841994
356,61.29544699648687,55.98411798071469,14.2872965845831
357,61.12340410765415,55.79423403052572,14.54926942121581
358,61.141937972288595,55.66835871404399,14.759657897040173
359,61.141937972288595,55.66835871404399,14.897195024371465
360,60.46281473307311,55.418304323413814,14.939238654699581
361,60.749348193385664,55.54305008441193,14.924669674375643
362,60.17539781724118,54.260582737768004,12.847551344133157
363,57.660333751352525,51.4866979655712,15.063046259025214
364,56.18736414333796,50.15243902439025,10.31708746921457
365,57.66033375135253,51.4866979655712,15.924398840965637
366,55.94833134405847,48.98263027295285,8.923285878024826
367,55.75166306312364,48.81305637982196,9.078531282935478
368,56.68987278209767,47.2952086553323,7.0444866879370895
369,58.11315740270858,46.05831533477322,6.073329943851962
370,60.34662720332009,45.0,5.697796230773052
371,62.81197569381875,40.17964071856287,5.619145828210753
372,62.98351872690421,40.71601941747573,4.7869321817149055
373,63.705198071057154,42.20125786163522,6.337705892267357
374,64.47558579707646,43.79895561357702,6.703110302125107
375,63.51319983594297,43.123393316195376,6.939914785458609
376,61.57520151532609,42.14824120603015,7.83490124881549
377,61.92891603910362,43.06803594351733,8.659194073343334
378,62.073140232710465,43.45854922279793,8.431329974967513
379,62.073140232710465,43.976683937823836,8.634582878627366
380,61.884915294525314,44.88745980707395,8.7253576775959
381,61.77045373201171,45.274584929757346,8.731777815766284
382,61.77045373201171,41.37931034482759,9.596956937165013
383,61.77045373201171,37.73946360153257,7.5410008634706065
384,61.77045373201171,34.35504469987229,10.288366562183763
385,61.77045373201171,41.95402298850575,10.08743527099291
386,61.77045373201171,41.95402298850575,10.871873439588155
387,61.77045373201171,41.95402298850575,11.744598672179556
388,61.77045373201171,41.95402298850575,12.53505133814875
389,61.77045373201171,41.95402298850575,13.234182183333328
390,61.77045373201171,41.95402298850575,13.793292068967732
391,61.77045373201171,41.95402298850575,14.281172100969867
392,61.77045373201171,41.95402298850575,14.223013202453677
393,61.77045373201171,41.95402298850575,14.185941512799934
394,62.26827595112039,34.980494148244475,14.04441918975066
395,63.114535464329876,36.155913978494624,15.23341098407395
396,63.78991962542801,37.2060857538036,13.440119858443023
397,63.90279158732592,37.46518105849582,13.657264807315036
398,64.60721201392286,37.309292649098474,13.797904500120953
399,65.45906181896709,37.62237762237762,13.89389656086565
400,65.70432855609377,37.727910238429175,14.275159513637957
401,66.75840282664032,36.33040935672515,16.380857168587255
402,67.60466233984981,35.50834597875569,15.095651490255111
403,67.67640639024496,33.18077803203661,17.343548347347063
404,68.02492888106119,31.472868217054263,20.029032710940285
405,68.7811073438541,30.431309904153355,20.17261846595179
406,68.69258515453964,28.571428571428573,23.495406965680147
407,68.53410739503421,26.923076923076923,22.841058888706993
408,68.5926233311133,26.901960784313726,22.500550210927734
409,68.81917146574823,27.157561361836898,22.071978997751284
410,68.89388612169203,27.879269261318505,22.877833893075795
411,68.81917146574821,27.949326999208235,21.888767775959415
412,67.79437859513278,29.86603624901497,22.031736847713855
413,67.79437859513278,29.944838455476752,21.724874145241156
414,67.25687830242964,29.074215761285387,21.704336881912653
415,66.93809143052076,28.592927012791574,21.159514761259683
416,66.93809143052076,28.592927012791574,21.305023560936057
417,67.5417625197124,29.526029526029525,21.961815563317465
418,68.01606820844192,30.327214684756584,19.374322722969016
419,67.79225822758495,30.72050673000792,19.322271094776404
420,67.2290622504011,30.703789636504254,19.58825408740363
421,66.32106734933443,29.560685033507074,23.061345460773396
422,64.86241039597806,28.256227758007118,22.24450530582213
423,64.4148445056401,27.512127512127513,22.677894218265497
424,64.0482032097727,29.707681849082256,22.02036736575685
425,63.73418663729237,29.348556077904632,19.111152192519047
426,62.2695838374136,29.770491803278688,16.875253840878194
427,62.10850533011531,29.954218443427077,15.288110007014756
428,62.25837777534493,33.17911434236616,10.099267128340717
429,62.503110418892646,34.5075016307893,9.885252406905863
430,60.89148458009507,34.06310367031552,11.694675710337055
431,60.25384690919006,33.8235294117647,12.609350821016022
432,60.578305898320735,34.39531859557867,12.229612931896396
433,60.578305898320735,34.39531859557867,13.004546886841435
434,59.08556438278409,32.98004987531172,14.922007628289618
435,56.803572908337266,31.676646706586826,16.265578917615883
436,56.890148350919326,30.120481927710845,14.283674824631456
437,56.907434259011644,28.70928829915561,14.191438680405213
438,56.95410780880634,28.312159709618875,15.927903353299548
439,56.991391790369796,28.380836870830805,16.37745817090998
440,56.95410780880634,28.312159709618875,16.79127918040569
441,56.84196247848215,28.10810810810811,17.132987516346557
442,56.84196247848215,35.25525525525526,17.199253875556906
443,56.84196247848215,35.25525525525526,17.557039751372514
444,56.84196247848215,35.25525525525526,17.85809113830576
445,56.84196247848215,35.25525525525526,18.117588569296824
446,57.34830235632784,33.98533007334963,20.87689080579726
447,58.21236415295331,31.376262626262626,17.2741044525547
448,58.906681823367855,28.7012987012987,15.054247504807089
449,59.453514102803716,25.86436170212766,18.048656013161423
450,59.8671181734633,23.577235772357724,30.579657118989722
451,60.15679760464461,20.673076923076923,
452,60.14265071203897,21.232876712328768,
453,59.92268244985327,20.33783783783784,
454,59.81417727858276,20.214909335124243,
455,59.68808560785721,20.10688042752171,
456,59.30174825983136,20.249017038007864,
457,59.05874925554101,19.896305897602073,
458,59.05874925554101,19.63707064160726,
459,59.22564585248191,15.923984272608125,
460,59.40902746402824,15.583554376657824,
461,59.510352912559505,15.687583444592791,
462,59.5305712416196,16.310160427807485,
463,59.76296898797988,20.945945945945947,
464,60.186461635971945,21.532091097308488,
465,60.46246475993535,21.97340797760672,
466,60.49443565307806,22.019635343618514,
467,60.515364113895565,21.910112359550563,
468,60.515364113895565,21.769662921348313,
469,60.49443565307806,18.79382889200561,
470,60.54819956440895,18.83345045678145,
471,60.656967463609554,18.939929328621908,
472,60.656967463609554,18.939929328621908,3.3246037478071195
473,60.714474904330686,19.00709219858156,3.255429527501858
474,60.76037831168273,19.061166429587484,3.1109760733788043
475,60.714474904330686,20.70921985815603,2.6846479119945403
476,60.18786095395492,21.606648199445985,2.486489616317939
477,59.64077213942368,21.166892808683855,2.3323470975110436
478,59.52965605967074,20.967741935483872,2.316467877011384
479,59.52965605967074,20.967741935483872,2.3493534305542854
480,59.52965605967074,20.967741935483872,2.3509450739571647
481,60.23372987278396,21.487603305785125,2.2534941670687205
482,61.34210256269388,22.04946996466431,2.1715394963838177
483,61.13755235178746,21.2142358688067,2.403330547813688
484,60.971066288239996,21.00898410504492,2.682734863602381
485,61.16803238525418,18.68439468159552,3.0700098535780915
486,61.12954404774543,16.957431960921145,3.90650891072697
487,61.33025544802645,17.148906139731828,4.148002960942134
488,62.656025712980764,17.519826964671953,4.269395616449623
489,64.16420593052072,18.093819806403573,4.735919990550574
490,64.87595044251582,18.188622754491018,4.743983978231361
491,64.87595044251582,18.188622754491018,4.668003096483979
492,64.14776391523701,18.0,4.676279682535638
493,63.64461812100035,18.0,4.902489822967311
494,63.53499486489742,17.86764705882353,5.477875191825732
495,63.24760520746528,17.532467532467532,6.548495619192898
496,62.95388416939915,17.185289957567186,8.031298515980378
497,62.57106001972339,17.448275862068964,9.713691374518719
498,62.127044775523366,23.257372654155496,9.051002769232351
499,62.127044775523366,23.257372654155496,10.289245266302856
500,62.127044775523366,23.257372654155496,10.9835860177591
501,62.3606265243623,21.428571428571427,15.680535985472039
502,62.758939574302886,17.737430167597765,17.322301536544355
503,63.068998737107776,13.98002853067047,18.688436991395708
504,63.29401602932986,14.057971014492754,20.693366976800657
505,63.66024378718749,14.201183431952662,22.68941132169308
506,63.71176950852253,13.659985152190051,24.66748284773292
507,63.51480341150836,11.941391941391942,
508,63.22741375407621,10.4960460100647,
509,62.84622427816471,11.368421052631579,
510,62.36641808366162,15.950920245398773,34.68614371835076
511,61.78131176909133,19.57811470006592,36.89490554450525
512,61.0816561156417,23.11111111111111,35.28545206485618
513,60.548546522982036,26.736324523663185,27.6750783544805
514,60.208313283319214,30.59388122375525,30.16273185806905
515,60.208313283319214,35.332933413317335,30.371024371250147
516,60.208313283319214,40.31193761247751,28.82544641263002
517,59.68952541049275,44.07665505226481,28.726741793967665
518,59.226445726275,47.86036036036036,26.363893397416625
519,58.685710614905176,51.25136017410229,22.288630813766332
520,58.685710614905176,44.015233949945596,33.38100883328201
521,58.685710614905176,48.74863982589771,28.030725893864158
522,58.685710614905176,53.69967355821545,27.72670378034128
523,58.685710614905176,58.8683351468988,17.311511586060615
524,57.73638600907326,61.38253638253638,18.080000830682252
525,56.64533939447401,63.62735381565907,19.123873682059163
526,55.38273937189441,65.61320754716981,22.165587515191284
527,54.55587850664772,67.96380090497738,22.70650421989652
528,53.756608697997464,70.27379400260756,14.115894078983214
529,53.00009667068705,72.54492269118262,7.025355383875761
530,53.00009667068705,77.68491433347263,9.761225371624352
531,51.45788739186591,78.9662027833002,9.085737769610038
532,50.067611992691106,80.0,7.239158315223761
533,48.963564697782324,81.18416273156556,6.214162256447187
534,47.72268321750646,82.45918721778395,4.787259228353204
535,46.31483528501126,83.53800199137072,5.563497875679223
536,44.688515689558905,84.43740095087163,5.96150803872745
537,43.29923166613093,85.53631115162564,6.545372828069486
538,42.30085562553796,86.81672025723472,6.9081360326443475
539,40.12848863360411,87.5979843225084,7.118827748375547
540,38.91574323894923,88.54222700376546,7.198646175457826
541,37.56893050790355,89.33367768595042,6.645319473619297
542,37.11297883527534,89.01748971193416,6.900531531376503
543,35.39732542126747,88.36437866802756,7.537723825464482
544,33.459327100650604,87.61061946902655,7.0586728020462495
545,33.24337328279043,87.26082578046324,6.776673269302895
546,33.88850297954569,89.1231679094883,7.303353681587584
547,35.294678669836834,91.42706409918227,3.718653439883912
548,36.84008721155079,92.20537376961958,3.8191375428139462
549,37.097341859864116,92.25445834442374,3.8892366132688565
550,36.0942937250969,92.1073611480202,3.9542330730224955
551,35.238568632105924,91.96073228973202,4.003003060791278
552,34.82057532915051,91.76595181360868,4.03248778684896
553,33.83513415355836,91.378855786976,3.6270357567210736
554,34.0431261980083,91.59397303727201,3.768070660422478
555,35.11178615082159,90.74938237716168,4.190490326257665
556,36.086354994005916,90.0598120193677,5.110735056378305
557,36.97590389348755,89.34160023619722,5.3852748054584705
558,37.787489089677194,77.86609599510852,8.125331022142914
559,38.5267251920241,81.44166930129624,3.8165166077948247
560,39.19815685191934,85.1779301338557,4.059160930367978
561,39.80551005426713,88.82531134298216,3.3277892223918997
562,39.43310195321498,89.48948948948949,2.7748921939146594
563,38.93408999802057,90.03629165291983,2.722230621911114
564,38.29676535813306,90.46534331272372,3.9887326333849753
565,37.50324909669271,90.77809798270893,4.78720224689415
566,35.669291784791774,90.80640100407908,5.452940467025759
567,36.03353681780463,90.23374959974383,3.8719517465038202
568,36.34991411187677,89.66416693837627,3.79436689107823
569,36.61940081662314,89.10235177210997,3.5974128538047556
570,38.27222434937189,88.58603066439522,3.695927196306236
571,40.346350400403956,87.99289520426288,3.966610376768483
572,41.96707038113001,87.2364039955605,4.0906324505793386
573,42.11838243616654,83.78782218901756,4.2244143446446305
574,42.22284452450148,80.1805189921023,3.8818170872643343
575,42.28077648687462,76.44394110985277,4.467261900219455
576,42.29235413082146,81.97959954665659,4.1423968140690715
577,42.25761245838563,81.56803618545044,4.883417759884349
578,42.17644630433558,81.214848143982,3.762191331495428
579,42.04860841421992,80.92227593901079,3.7760496084862996
580,41.87370487362761,80.69143067304157,3.8786112331412803
581,41.65118767432464,80.52230685527748,3.8200715731586046
582,41.38034405814695,80.41384231180878,3.784409880828915
583,41.06028210147311,80.36401820091004,3.8039562530102144
584,40.689911772512815,80.36998972250771,3.7795010575340076
585,40.267920382661636,80.4282368685179,3.7033715375248257
586,39.79274091967341,80.53472448646886,3.972091108654522
587,39.2625111284746,80.68506184586109,4.343886364569122
588,38.67502028862248,80.874653526332,5.293315161819511
589,38.027639248230464,81.0988354732756,6.14538538256024
590,37.31722710676832,81.3529921942758,6.141850796598638
591,36.540004446285565,81.63265306122449,6.368340924770113
592,35.691377171118795,81.93356737780178,6.576881157188592
593,34.76568482880636,82.25175918686473,7.222112792907733
594,33.755828595629964,82.58356370947475,7.566393183994089
595,32.652697680073146,82.92564785662388,7.951827391977451
596,31.444236366694938,83.27501749475158,9.351676583208288
597,30.11381708809509,83.62901414776555,9.74749605954733
598,28.637121333352216,84.13658958288308,10.00843577516855
599,26.97527821887019,84.71615720524018,10.877877287624994
600,25.056001094508883,85.19703940788158,11.644490949797788
601,22.690943573546782,85.58783913796421,11.979197553994378
602,20.18750631001274,86.00815418828762,12.595493163834158
603,18.368485133835346,86.45461043602573,12.560216470179723
604,16.226278098720577,86.81943487250172,13.147761735533948
605,13.24658424457637,87.10963455149502,13.247597373607057
606,13.24658424457637,90.5813953488372,11.272184452753798
607,13.24658424457637,94.11960132890366,5.643825055144026
608,13.24658424457637,97.72425249169436,3.48686825118818
609,11.394433877135839,97.94608472400513,3.407460295730808
610,9.219700334919128,98.09361438313701,3.6364619545484267
611,6.208061115907181,98.17365269461078,3.8229529498888724
612,6.208061115907181,98.17365269461078,3.9963066670461966
613,6.208061115907181,98.17365269461078,4.14541237662871
614,6.208061115907181,98.17365269461078,4.2794790422287585
615,6.208061115907181,98.17365269461078,4.364729647842578
616,6.208061115907181,98.17365269461078,4.419943316424564
617,6.208061115907181,98.17365269461078,4.458917175761487
618,6.208061115907181,98.17365269461078,4.513404427995158
619,6.208061115907181,98.17365269461078,4.550234723660389
620,6.208061115907181,98.17365269461078,4.58269360389513
621,6.208061115907181,98.17365269461078,4.616476930318449
622,6.208061115907181,98.17365269461078,4.65923035895325
623,6.208061115907181,98.17365269461078,4.704888305991577
624,6.208061115907181,98.17365269461078,4.772685229874967
625,6.208061115907181,98.17365269461078,4.861338845286596
626,6.208061115907181,98.17365269461078,4.929763197074657
627,6.208061115907181,89.32634730538922,13.031049883909253
628,6.208061115907181,92.63473053892216,8.240117767018473
629,6.208061115907181,96.00299401197604,5.2947466751411
630,6.208061115907181,99.4311377245509,4.315389616427016
631,5.908035540662013,99.54337899543378,4.193560651774847
632,5.908035540662012,99.54337899543378,3.972732390680088
633,6.208061115907181,99.4311377245509,3.6734315371388595
634,9.219700334919128,99.39553626782393,3.4445578093615583
635,11.39443387713584,99.29396662387677,3.202447499612735
636,13.246584244576374,99.11960132890366,2.9411566101817352
637,14.885322521102173,98.86519944979368,2.624390357326653
638,16.362388864300907,98.82562277580071,2.3548165379135484
639,17.708167467037534,98.78497790868924,2.0796885755294654
640,18.942656497084737,98.74333587204875,1.7978688650284662
641,20.079998400478647,98.7007874015748,1.5773763083271288
642,21.130701753416755,98.65744507729862,1.6891546634211683
643,22.102861419175802,98.61344537815125,2.6942164724373407
644,24.21545316110274,98.56240470485733,4.291527223574498
645,26.53131361529473,98.43501927874802,6.259359973225289
646,28.40035665564621,98.20543093270366,6.487217015012214
647,30.0108839799483,97.86188252641927,6.775049349695706
648,31.435134595056596,97.59652262848377,6.588023053705266
649,32.71192852045641,97.50066471683063,6.740209866536839
650,33.86552988490044,97.40259740259741,6.950369536415635
651,36.66821930384545,97.2535414859786,7.201203238288012
652,38.629557014534214,96.97611127910493,7.633723290526558
653,41.06948295980406,96.7067764407853,8.166465979949137
654,43.25709751827653,96.44754316069057,8.853281631459405
655,44.99474131588447,96.03340292275574,9.6318841451607
656,46.4705563856639,95.44460641399417,10.506862088650902
657,48.69242052523576,94.95026778882938,10.601853526691588
658,50.81278701804602,94.56521739130434,11.405627936892872
659,52.48122894064614,93.98814563928873,12.327444740517093
660,53.885771249746824,93.19395017793595,12.598126319822686
661,55.098352850758715,92.53034547152194,13.596301078417637
662,55.67855343158138,89.19177427068388,10.956355777447131
663,55.67855343158138,83.78766140602582,14.278868339114519
664,55.67855343158138,78.57484457197513,13.947630077792713
665,55.67855343158138,73.5533237685318,15.883684374624199
666,55.67855343158138,87.94835007173602,17.467190362804267
667,55.67855343158138,87.94835007173602,19.008764303655962
668,55.67855343158138,87.94835007173602,20.568406158360855
669,55.67855343158138,87.94835007173602,21.777659153200176
670,56.3836996433705,87.43866535819431,22.954180797252135
671,56.951419265522574,84.8069105691057,25.03227269185934
672,57.44593801827912,81.84679958027283,26.23104689412548
673,58.470968576482605,79.98900494777351,25.915113375600843
674,59.386213782024,77.86083956296723,23.48631096973098
675,60.17778207829841,75.40491901619676,20.632988829350374
676,60.8590463272239,73.11291328758578,24.35869777138185
677,61.439667966194946,71.68713639301875,19.675546100303638
678,63.11026439881202,70.4054054054054,19.804758686534573
679,64.16604600326251,68.05949008498584,12.598370713063893
680,64.746939669452,64.61988304093568,11.083365850154067
681,65.31337344227789,61.25377643504532,14.677699833443516
682,65.61804900780234,57.25308641975309,4.35372773869794
683,65.83336557706357,53.0564263322884,2.441962545234312
684,65.96166092363048,50.07911392405063,2.838489784018237
685,66.00427970559291,49.92063492063492,3.487022744601371
686,65.96166092363049,50.07911392405063,4.097836463757415
687,65.83336557706357,50.54858934169279,4.532865063463507
688,65.61804900780234,49.151234567901234,5.6820367695533225
689,65.31337344227789,53.323262839879156,6.277655929207528
690,66.29424893720302,56.08465608465608,7.065961340341386
691,66.8909679742312,56.34016704631739,6.493937237263118
692,66.1426940606551,54.679439941046425,8.264286129784029
693,65.18054679137263,52.811387900355875,8.465556897892148
694,64.59991168732924,50.41899441340782,9.566405325738721
695,64.59991168732924,55.79608938547486,11.338866649202274
696,64.59991168732924,55.79608938547486,12.302817629767773
697,64.59991168732924,55.79608938547486,13.250305925686812
698,64.59991168732924,55.79608938547486,13.904730538882266
699,64.59991168732924,55.79608938547486,14.71287509045842
700,64.59991168732924,55.79608938547486,15.66078182137089
701,64.59991168732924,51.815642458100555,13.771924604966664
702,64.59991168732924,54.81843575418994,17.15259960069427
703,64.59991168732924,58.100558659217874,15.778921482873827
704,64.59991168732924,61.66201117318436,9.125550208665446
705,63.99624059813759,62.07598371777476,10.781311389853588
706,63.2484842639677,62.664041994750654,11.818736828419917
707,62.33399978042319,63.84323640960809,11.998899758148978
708,61.215397651358764,65.35194174757281,12.438406412033112
709,59.821708604057086,66.66666666666667,16.677289729038325
710,57.9657639839807,67.79379157427938,14.569455252435093
711,55.84609078477726,68.92535733192165,11.14802848111606
712,54.194365566596915,70.05563985837126,10.551721005960626
713,51.69134708434054,71.00820067534974,13.6099711580505
714,50.71910884827213,72.52900232018561,8.404710410345439
715,49.5903445476703,73.85300668151447,9.136200799972348
716,48.266768816589284,74.98932991890739,11.29966515347517
717,46.67663057074218,75.86770110249081,13.171409072957044
718,46.382070842660646,72.82565130260521,11.478600052565383
719,46.033551038274226,75.63750490388388,14.604143511386663
720,45.62964433596474,78.24588280352356,10.835006108678563
721,45.16861641977375,80.64155165982842,7.710371414578157
722,43.931619976774776,82.07614942528735,7.045769525676619
723,43.02143260282209,82.3997233748271,7.368767964660857
724,42.00875284713071,82.74601063829788,7.402272115742324
725,40.879686753553116,83.10983397190294,7.584503519331771
726,39.61446753531002,83.48651960784314,7.612843066053747
727,38.182926821700555,84.25381903642773,7.594657792896041
728,36.533526095376864,84.88175675675676,8.236851770701561
729,34.55728295742359,85.38295577130529,9.127752544673383
730,31.740051731239078,85.76962809917356,9.383774759493658
731,30.78995802040184,88.03440424993676,10.054919335527774
732,30.78995802040184,92.15785479382747,4.129477957883414
733,29.57910278637792,94.32747089422838,2.4787804904819066
734,28.881435763700807,94.44310801058455,2.2654988441519768
735,29.192830853839226,93.49690328727965,2.8457030806165338
736,30.241767100742916,94.35096153846153,1.9195737512153754
737,30.991165805764997,95.0363196125908,1.2726447150953177
738,31.508122688659224,95.54527750730283,1.2399825685181518
739,29.940552200395615,94.96733607548995,1.022029820131734
740,27.97194824937789,94.1021337808679,1.386331880851816
741,29.193083149362852,96.10675808031341,2.534734541465808
742,30.335240819388847,96.09876543209876,3.082486850107319
743,31.102591945389968,95.99900596421472,3.584590615864391
744,30.861167772068576,93.90751162221679,2.7461718691663526
745,30.493941271869296,91.84311838306064,2.0108738878815418
746,30.608991130174978,91.52215799614643,2.1563427426461246
747,31.63498332101044,91.76527408838444,3.1578993850528536
748,33.189616129280985,92.16589861751152,4.724955260892825
749,34.041465934325224,92.434930673802,6.549346970817959
750,34.28673267145189,92.52495738982225,8.670263139378129
751,34.81653823277834,92.75079326336343,9.467719956465759
752,36.42706555708044,92.2665988298143,9.774869057662764
753,38.78712712528395,91.84594953519256,9.906170464494929
754,41.61855385895431,91.54851264943008,9.21278927288887
755,43.866593452460414,91.17903930131004,9.394920558910567
756,45.66623473663821,90.67357512953367,8.173126667265757
757,47.1130631507003,89.95855913292955,7.51373619453272
758,48.3939724690204,89.0703098967011,7.479711329742878
759,49.5391528213737,87.99164636268709,8.049226156810303
760,50.568394567766916,86.70541227751544,8.631232200947768
761,51.49561725919364,85.83869746308217,9.581990321875306
762,52.3310899772025,84.94284588096177,11.02244326221032
763,53.08264978207431,84.02294141745186,12.12299956059308
764,54.96899438890307,83.19039451114922,12.879966391922059
765,57.05265993721924,82.3076923076923,13.524040383654965
766,58.68323484118656,81.20229007633588,13.802232388784768
767,59.39343345570563,77.81586679725758,10.933847925048285
768,59.39343345570563,72.47796278158668,11.039877426781674
769,59.39343345570563,67.33594515181196,8.670792104449584
770,59.39343345570563,62.3898139079334,10.215331798325048
771,59.39343345570563,76.44466209598433,14.825072419410573
772,59.39343345570563,76.44466209598433,17.795213520323795
773,59.39343345570563,76.44466209598433,19.37846570087827
774,59.39343345570563,76.44466209598433,20.493126209313168
775,59.39343345570563,76.44466209598433,21.227055279351973
776,59.39343345570563,76.44466209598433,21.781155603917853
777,59.39343345570563,76.44466209598433,22.191468378187462
778,59.39343345570563,76.44466209598433,22.492677866075898
779,59.96858163379834,75.60240963855422,21.80627424991482
780,61.07018104150489,73.68143459915612,23.66961820633541
781,62.03044580568222,71.46017699115045,19.939152254704233
782,62.86880135802476,68.92361111111111,17.888077063244435
783,63.59876515211713,66.06280193236715,14.052121015070886
784,64.23016172818306,63.94472361809045,14.221443646282715
785,64.77033490673828,61.848958333333336,14.070722488915308
786,65.2248648749838,59.81182795698925,14.098079742025348
787,65.59801674606766,57.87292817679558,8.567753068086011
788,66.1874686671958,55.5,7.825240141728297
789,66.94275982935655,52.38095238095238,7.091857017267777
790,66.94275982935655,47.24702380952381,11.743557662031906
791,66.94275982935655,42.410714285714285,17.189978089078195
792,66.94275982935655,32.217261904761905,24.777168727537084
793,66.94275982935655,42.336309523809526,18.58107866353311
794,66.94275982935655,47.17261904761905,13.916313764981872
795,66.94275982935655,52.30654761904762,6.9195910297618
796,66.1874686671958,55.42857142857143,7.108704014285314
797,65.28231845803468,58.26502732240437,5.503986628806469
798,64.19813778289831,60.807291666666664,2.491527119946729
799,62.88427750309364,63.056930693069305,2.720442072261567
800,63.07662135738169,65.57680444170265,3.8546526494203515
801,62.334606493636926,63.04863582443654,3.1731146165481956
802,61.881829095733046,61.5874855156431,4.117607605639966
803,61.77189748919596,61.5162037037037,4.561660761066316
804,61.177302332465054,61.16225546605293,4.474862695064552
805,62.125688006450865,64.03614457831326,3.856742930810373
806,60.46205814471038,63.67419738406659,4.107853549745018
807,60.704060440987185,65.34772182254197,4.037270530806814
808,60.571466729477095,65.53571428571429,4.200678559132363
809,61.11902924277219,66.48550724637681,3.8088423969464187
810,61.47013082585957,67.13414634146342,3.9220808839599117
811,61.64193678377363,67.46323529411765,5.231151292435951
812,60.656460863117765,67.13414634146342,5.7984873942887445
813,61.44718676979135,68.41455891425046,12.500162720722892
814,60.6207404887996,68.24615384615385,11.130561946176012
815,59.75216671737641,67.17141126589945,8.45485068155984
816,58.38336002943794,65.8160237388724,11.351991183965074
817,57.12891877324141,64.11007025761124,12.805989420733303
818,56.90237063860647,62.2093023255814,11.777369552658179
819,56.51628290048808,60.28735632183908,14.881395407415367
820,55.955885491724956,58.8235294117647,14.82763408688444
821,55.19511944654156,63.08203991130821,14.987605066149085
822,54.18587768174453,64.44805194805195,16.223338895007803
823,52.91638578654758,64.48202959830867,16.700415885460778
824,50.86440140487668,63.1198347107438,17.079696986197927
825,50.51614879218601,62.3469387755102,16.513658214456388
826,50.060575077127076,61.4070351758794,18.852665632122267
827,49.52457588577083,60.43521266073195,17.828268931975074
828,50.973444482003586,57.46835443037975,11.757207321305167
829,52.86960133982386,55.749867514573396,10.990395683088453
830,54.30539718907422,53.84615384615385,10.294841202913018
831,55.468188156611895,51.757925072046106,9.622774367891344
832,56.429160283706146,49.970077797725914,7.763867450682132
833,57.22595557612911,48.73065015479876,6.166330143332294
834,57.881513510916996,47.670708359923424,4.97586398654649
835,58.41090546462594,46.82383759004584,4.760005713832307
836,58.82442012365649,42.408026755852845,6.511942733757415
837,58.97048224361119,43.867924528301884,6.66742140877328
838,58.8724966439778,43.57429718875502,6.822713994334526
839,58.69522275237322,43.05555555555556,6.786267963100668
840,58.610822087673085,40.89414858645628,8.66664503831811
841,58.610822087673085,45.956607495069036,4.373982124340046
842,58.610822087673085,45.956607495069036,4.658545878414886
843,58.610822087673085,45.956607495069036,5.022457770470199
844,58.610822087673085,45.956607495069036,5.374190340154311
845,58.610822087673085,43.12952005259697,8.466336965245834
846,58.610822087673085,46.41683103221565,5.584989862625659
847,58.610822087673085,50.55884286653517,5.504965196095171
848,58.610822087673085,54.96383957922419,6.31685960542093
849,59.77075738342938,57.796947577969476,5.536044427558593
850,61.291361092511465,58.207934336525305,5.999200479859718
851,63.343345474182364,57.40479548660085,5.330363311129103
852,64.51461277010661,56.512301013024604,5.171752766956862
853,64.51461277010661,54.41389290882778,3.8034192047809374
854,64.38852109938105,52.302158273381295,3.6052635640844644
855,63.98628157192885,49.683321604503874,3.3075100036091376
856,63.31571819309391,47.25423728813559,6.44562295559095
857,62.51623819245991,45.478204294079376,8.863103263344334
858,61.56898118135009,43.62165525824518,12.353888698942098
859,61.14132082545113,52.95191722458917,2.584601915781113
860,61.03138921891404,52.88753799392097,3.391216124212701
861,60.836601589813164,52.79126213592233,3.755553879044886
862,59.85116041422103,52.28365384615385,3.809689418514212
863,60.23951493415145,52.19244823386114,4.157976163864114
864,60.48151723042825,52.764127764127764,4.426984316965145
865,60.584079731390574,54.37731196054254,4.182490683387584
866,60.54996724622307,55.97290640394089,3.770255369198424
867,60.378270545451926,57.52753977968176,3.3394720229906474
868,60.06425397297161,59.01937046004843,4.762794330419519
869,59.1799477241618,59.59715639810427,5.046963518160563
870,58.39578805094434,60.77636152954809,4.713677808339966
871,57.364855965002405,61.8510158013544,5.253849242248245
872,56.62717383537586,62.312395775430794,4.524990790263934
873,54.149002336203765,59.28080380750925,5.013056252322791
874,52.21517548662581,56.4735516372796,3.6850161213921813
875,50.30107349262644,54.024096385542165,4.3233436760212065
876,49.30590056257251,60.38870893105044,4.723788534902933
877,49.237095073223045,61.65379373012267,5.932411460628519
878,50.9715992368608,59.742734635540735,6.7279964724933485
879,52.37166465978979,57.605985037406484,4.199481530282477
880,53.54577314806005,51.84992183428869,5.476367773256068
881,54.544910624077126,54.481260184682235,5.210887793419708
882,55.39863327577822,57.70750988142292,5.203009867966607
883,57.19983958889079,60.908018867924525,9.623916601172215
884,57.131342941417415,60.1981351981352,9.089558785662938
885,55.885440597499546,58.29571106094808,9.08555829237733
886,56.61919702822876,59.84936268829664,12.386200417624936
887,54.777282821475595,57.198228128460684,9.98918809478512
888,52.97607650836302,55.39606592238171,10.71714890347399
889,52.5361947763266,52.41057542768274,11.112081553260392
890,52.0140742784195,57.22921914357683,11.005749985079545
891,51.72067460948882,57.53968253968254,11.144693949241573
892,51.72067460948882,56.49801587301587,11.847473424601189
893,51.72067460948882,55.654761904761905,11.496189748226858
894,51.72067460948882,55.654761904761905,11.463972219176242
895,51.518321868609384,55.14018691588785,11.772687070070956
896,51.03456989173556,53.97973950795948,11.474047574650706
897,50.43885307168122,52.66383781235266,11.34173027803938
898,50.559857989120694,48.502139800285306,7.541573480848488
899,50.62692364886121,53.17725752508361,11.221757324495679
900,50.99593179302616,51.407766990291265,10.571548301348459
901,51.624160795534344,48.60279441117765,8.028307211339198
902,53.300470642633044,46.46725116039195,7.100835243373639
903,55.09819601091296,44.18230563002681,5.326121254370733
904,56.43067379741288,41.745414118954976,5.564299305246244
905,57.48474806795944,39.172889144170014,5.884357905786456
906,58.331007581168926,38.4387936132466,6.948080398746206
907,59.00639174226706,40.57004244996968,5.892299989129524
908,60.583866504043726,42.42046163443543,7.209993974604953
909,62.731491534197545,43.84268214055448,7.361516658743271
910,63.165348036286375,43.956043956043956,7.710266799613908
911,63.74091442011716,44.53280318091451,9.21473111724487
912,64.90370538765482,46.76409185803758,11.90968810861734
913,65.60443599437491,48.137535816618914,12.564430469964403
914,65.79470641340805,48.414985590778095,14.520834748183104
915,65.7504453187508,48.34532374100719,15.194194820783903
916,66.09952078596322,46.78362573099415,14.510566317551273
917,66.39579388699497,47.407407407407405,14.373025272063677
918,66.55807164425639,47.76119402985075,14.88498441544394
919,66.59033557351532,47.832585949177876,14.78669836661135
920,67.01925425385677,44.60708782742681,12.120248283705266
921,67.38617622410618,40.664556962025316,8.22559639566092
922,67.66309860808437,36.591276252019384,4.025973230054416
923,67.85302770879815,32.459016393442624,4.499463868542814
924,67.95792942733098,33.14049586776859,5.058100776866829
925,67.9788578881485,33.69205298013245,5.886132479130868
926,67.91602077712598,34.67874794069193,6.3454977753165345
927,67.76879192124265,36.074918566775246,7.658469601486341
928,67.53567306856547,37.84,7.636742111141507
929,67.58568802668266,38.59649122807018,8.06706555492153
930,67.86005648555904,39.03225806451613,9.768365805567589
931,67.9759671111103,39.05996758508914,10.938325353002258
932,67.93743854170235,38.83495145631068,10.571907400508989
933,67.42788160634858,36.73965936739659,15.65759496154026
934,67.80725044933877,29.22564529558701,17.470216245451283
935,68.08759697700613,29.906542056074766,19.769992944496497
936,68.2725923597202,30.318690783807064,22.335813561908434
937,68.36453586080061,35.73287077189939,22.423126971187532
938,67.85104644876233,36.68639053254438,23.62657089940145
939,67.17331807037135,38.001638001638,22.5742773259791
940,66.30381150681342,40.64719810576164,21.21950784589572
941,65.19324429348512,43.14912944738834,20.855383049937167
942,63.73458734012875,45.480838756326825,21.12880966600291
943,61.415399543600365,47.625602202339984,20.344648491799926
944,59.06397144290687,49.70530451866405,19.123325206512703
945,58.39340806407192,52.49841872232764,16.067571452517225
946,57.59392806343793,55.08216676810712,17.201992342165916
947,56.01676380808671,56.220657276995304,17.492195248863982
948,55.65313694038983,54.58190148911798,18.83231376438159
949,55.21439687313588,57.906458797327396,19.624899951126093
950,54.69704638416321,61.003236245954696,15.601931737366014
951,54.09659601649427,63.854166666666664,14.942419081064289
952,53.47364389248165,66.18090452261306,14.317899941727092
953,52.76263221116504,68.66537717601547,11.000319264560764
954,51.955983861213625,70.89136490250696,9.471225306003374
955,51.0436659317023,72.86476868327402,5.356663592943483
956,49.89193522089959,73.74681393372983,9.447987632272648
957,48.570644379849654,75.16207455429497,11.293410123819529
958,47.02843510102852,76.37065637065638,12.250176939296166
959,45.15649052313122,77.38970588235294,12.37244934529493
960,42.440817389424865,78.23652904128761,12.07371713556777
961,41.3199747750388,79.56375838926175,8.73745090668346
962,40.06275823783297,80.70739549839229,7.774150876452819
963,40.06275823783297,80.70739549839229,8.154469284627616
964,40.06275823783297,80.70739549839229,8.515027857288587
965,40.06275823783297,70.38585209003216,19.372354367516103
966,40.06275823783297,74.59807073954984,19.25419493481623
967,41.64578566152075,78.6231884057971,15.215815968580863
968,43.81728596121751,82.48099516240498,8.64540964829929
969,44.6858597326407,83.22873082287309,8.8779072484558
970,43.43754486074682,82.93954134815844,9.262874665284128
971,43.81341067327078,83.55446927374301,9.588978671959516
972,43.970228050982165,84.32470258922324,9.826009738120433
973,43.918224028039255,84.79020979020979,10.653578342482211
974,43.65409972030786,85.43554006968641,11.633490085433335
975,44.54279384232663,89.96376811594203,12.225095834879063
976,45.344154075168,94.73288186606472,5.468989475854738
977,44.71650570176866,95.26825633383011,4.185122987168861
978,43.82942220866321,95.65857247976453,3.844314071310099
979,42.578496639436594,95.90579710144928,3.615422799772016
980,40.45338138860074,96.01423487544484,3.4715477142220603
981,40.15568794349241,96.045197740113,3.3332335716958554
982,39.742133052562664,96.08665269042628,3.1803161480188096
983,39.20463275985951,96.13793103448276,2.9853063844988323
984,38.531155364308965,96.19823489477257,2.7195351526827887
985,37.703554540688366,96.26666666666667,2.5449079325420527
986,36.69308201761327,96.76681907250163,2.0716348840558703
987,36.850796427625696,97.08926261319534,1.6229335761784272
988,37.67724270861743,97.21502590673575,1.4498061139868446
989,37.10805107593903,97.15210355987055,1.2638676724725437
990,37.44595851879021,97.34111543450065,1.0924272650154756
991,37.33602691225313,97.27802981205444,1.0254949953835373
992,36.74143175552223,97.22222222222223,0.9937096836840984
993,35.186798947251674,97.2703917790623,1.0394072217003716
994,36.21272721099986,97.17043941411451,1.1701699204811065
995,37.12850598772803,97.0709855272226,1.28747039813733
996,37.94592734906806,96.97293447293447,1.4039077093194055
997,38.673815996444674,96.87729610580456,1.5720287441614322
998,40.46111724006284,96.55172413793103,1.7951634148162008
999,41.91592035532037,96.04948124501198,1.7013013274132731
1000,43.14685538067686,95.35269709543569,1.4067671453936725
1001,44.20507414609357,94.44444444444444,0.7342777450761944
1002,45.12031935163496,94.0677966101695,0.8685972500338506
1003,45.911887647909374,93.68663594470046,1.1490907713592196
1004,46.59315189683486,93.3048433048433,1.5646284842314613
1005,47.173773535805914,92.92682926829268,1.9704256689480582
1006,47.660911467943826,92.55744255744256,2.4503761739493966
1007,48.05993507309675,92.20183486238533,2.673474634335921
1008,48.37486769238416,91.86528497409327,3.20735283091732
1009,48.608671990849516,91.55299055613851,4.522052935502864
1010,48.76343610313613,91.26984126984127,4.886230737158431
1011,48.84049324195202,91.0201912858661,5.394198929037256
1012,48.84049324195202,90.807651434644,6.4977322800488
1013,48.76343610313613,90.63492063492063,6.848376637380201
1014,48.60867199084952,90.50367261280168,6.771006790759809
1015,48.37486769238416,90.41450777202073,7.303855986701613
1016,48.05993507309675,90.36697247706422,7.459346768688636
1017,47.660911467943826,90.35964035964037,7.418330019144727
1018,47.173773535805914,90.39024390243902,7.371939910159246
1019,46.59315189683486,90.45584045584046,6.862760405360738
1020,45.911887647909374,90.55299539170507,6.510036562365723
1021,45.120319351634954,90.67796610169492,6.546768524830013
1022,44.20507414609357,90.82687338501292,6.164201172097772
1023,43.14685538067686,90.99585062240664,5.083410576933169
1024,41.91592035532036,91.6999201915403,3.0632306482452716
1025,40.46111724006284,92.22222222222223,2.612307170322665
1026,38.67381599644467,92.5789860396767,2.6244091462468306
1027,36.04019295771014,92.78676988036594,2.443128111405031
1028,35.75425277767388,92.7681660899654,3.181339124493535
1029,35.41828864157369,92.76985743380855,3.702895816338944
1030,35.031119658525455,92.79069767441861,4.0887927996793385
1031,36.15364492502152,92.73149684699635,4.499960610142942
1032,37.8144702617118,92.48730964467005,5.065056858422399
1033,39.00166593906083,92.1170395869191,5.479689297236652
1034,39.90097609732077,91.617184771219,7.00614415628882
1035,40.58165628239991,91.26899964651821,7.373146217596682
1036,41.07900785580028,91.1880128433821,7.330648459610463
1037,41.413091570975766,91.1310592459605,7.229051062272487
1038,41.59537861095346,91.09909909909909,6.999128636973974
1039,41.63156469748934,91.09267940858277,7.192610626468315
1040,41.52273755637801,91.11191075926592,7.329911712407361
1041,41.265583791342216,91.15646258503402,7.0643372968407245
1042,40.85174287167753,91.22557726465364,6.875499068227158
1043,40.26595799436695,91.31810193321617,6.709371498609076
1044,39.4817983211495,91.88345473465141,5.495349658597873
1045,38.450866235207556,92.31819733697508,4.948928917563969
1046,37.06685037502294,92.62487428762991,4.75654924959756
1047,34.81789989633785,92.80788177339902,4.386913877503014
1048,35.23118752087876,97.17836748404434,2.842457869768719
1049,34.81773411570832,97.21208098240956,2.953302540241718
1050,34.301741834669365,97.252208047105,3.1132075746127748
1051,33.67543955049164,97.29816661305887,3.3578559112373276
1052,32.92796357280056,97.34932155254023,3.6227206564720547
1053,32.04375239705352,97.4050046339203,3.9265212331181005
1054,30.999445344277476,97.67582251735587,4.522611931335689
1055,29.658499585981517,96.10655737704919,3.925909666506333
1056,27.954453096549447,92.58319232938523,2.257079230178889
1057,25.79951478755454,89.11509229098806,4.90870902923984
1058,24.2245989416052,85.64962726304579,5.495666450459803
1059,24.2245989416052,96.27263045793397,4.173813615332123
1060,24.2245989416052,96.27263045793397,4.486217497344239
1061,24.454048912532496,93.66576819407008,2.295912193117574
1062,26.115820609914465,92.15686274509804,1.5858926906103616
1063,28.245019836125092,91.77414732014904,1.5429178117361246
1064,29.922564245535803,91.2630014858841,1.1045325760246352
1065,31.336495792310266,90.61249615266236,1.4135303485619573
1066,32.5587720382981,90.06685768863419,1.9007160051511973
1067,33.62790734552081,89.74021703387044,2.0859259741488048
1068,34.567833083978336,89.42014242115971,2.607770832537986
1069,35.3947553908462,89.10994764397905,3.243142749255028
1070,36.12027001582114,88.8131946934385,3.933556198984633
1071,36.75298431274902,88.53362734288865,4.368007095152539
1072,37.29944442761994,88.2750845546787,4.844931852126618
1073,37.764702118082525,88.04139517056343,5.674988086921389
1074,38.152678758362846,87.83625730994152,5.977633861859821
1075,38.46640749154459,87.66310794780546,6.341504783538636
1076,38.70819797967741,87.5249900039984,6.684716604440862
1077,38.879749403317945,87.42442563482467,7.017501977683306
1078,38.98222702532635,87.363304981774,7.4961280922896645
1079,39.016311587506614,87.34279918864097,7.763619007531234
1080,38.98222702532635,87.363304981774,8.110746126429014
1081,38.879749403317945,87.42442563482467,8.244642175191128
1082,38.70819797967741,87.5249900039984,8.550079572500032
1083,38.46640749154459,87.66310794780546,8.709598237557659
1084,38.152678758362846,87.83625730994152,8.964344827975916
1085,37.764702118082525,88.04139517056343,9.286177410991927
1086,37.29944442761994,88.2750845546787,8.989396486180004
1087,36.75298431274902,88.53362734288865,9.152902087203422
1088,36.12027001582114,89.13589100035855,8.95345027851037
1089,35.3947553908462,90.19197207678883,8.175380890412002
1090,34.56783308397834,91.38691081722618,6.509743690640813
1091,33.62790734552081,92.40381453469253,5.661512848627021
1092,33.5192032959162,92.64946096047044,5.832341544999482
1093,33.36661006113057,92.91032696665587,5.817435702223623
1094,33.1697121329609,93.184,5.840120694215851
1095,32.92796357280056,93.46797096875986,5.886862458574798
1096,32.64067855334309,93.75970195591431,5.91770132814207
1097,32.30701898445362,94.05669003352637,5.827644937764512
1098,31.92597863196348,94.35652433562258,5.911313532115252
1099,31.496362918378264,94.65693430656934,6.092409321277886
1100,31.01676329191721,94.95582787118838,6.032659039311243
1101,30.485524623394923,95.25131907803387,5.536435302169725
1102,29.90070347373171,95.54174547419616,5.3834931287355
1103,29.260014162191585,95.82567603045419,5.365332378977922
1104,28.56075817957498,96.10191082802548,5.407095869418148
1105,27.799730325839878,96.36947394418375,5.392392915531004
1106,26.973091460919896,96.62760105237982,5.320694841946754
1107,26.076191919774,96.8757232122194,5.35346121840039
1108,25.1033194568002,97.11344819870217,5.202338507310146
1109,24.047326896621456,97.34054054054054,5.2783293333990615
1110,22.899058239097126,97.55690123198998,5.270174892995439
1111,21.646415436430587,97.76254787341261,5.085847161162094
1112,20.27273122609578,98.2104648900992,5.0253432550867485
1113,18.753649824574573,98.5550759992494,4.975111018194207
1114,17.05026530492479,98.8054298642534,5.043345309371672
1115,15.090258028539147,98.97015185896316,5.084870185227312
1116,13.670691693057165,99.0042194092827,5.122033508984357
1117,12.106594749751542,99.15157448197095,5.003030400642155
1118,10.359029128245753,99.3534142879672,4.936974616345546
1119,8.355644803160297,99.48178631306203,4.861119712876126
1120,5.908035540662013,99.54337899543378,4.890393096403889
1121,3.0370119579712087,99.58701224722302,4.864701386569043
1122,-0.0,99.61432506887053,4.796307015649587
1123,-0.0,99.61432506887053,4.796307015649587
1124,-0.0,99.61432506887053,4.796307015649587
1125,-0.0,99.61432506887053,4.796307015649587
1126,-0.0,99.61432506887053,4.796307015649587
1127,-0.0,99.61432506887053,4.7507599277940535
1128,-0.0,99.61432506887053,4.705173064403934
1129,-0.0,99.61432506887053,4.659657197337184
1130,-0.0,99.61432506887053,4.614314896636633
1131,-0.0,99.61432506887053,4.568761494553566
1132,-0.0,99.61432506887053,4.519407828828142
1133,-0.0,99.61432506887053,4.461924787191532
1134,-0.0,99.61432506887053,4.391949615477401
1135,-0.0,99.61432506887053,4.313920833078038
1136,-0.0,99.61432506887053,4.235822360972143
1137,-0.0,99.61432506887053,4.157750430009172
1138,-0.0,99.61432506887053,4.079691883786188
1139,-0.0,99.61432506887053,3.8905772807705414
1140,-0.0,99.61432506887053,3.6010309563391996
1141,-0.0,99.61432506887053,3.3391969836958104
1142,-0.0,99.61432506887053,3.111200770807019
1143,-0.0,99.61432506887053,2.9295504925099944
1144,-0.0,99.61432506887053,2.807916383771423
1145,-0.0,99.61432506887053,2.7544742041478827
1146,-0.0,99.61432506887053,2.7704401373290324
1147,-0.0,99.61432506887053,2.8606243333028463
1148,-0.0,99.61432506887053,3.0237114791233908
1149,-0.0,99.61432506887053,3.2601789605574933
1150,-0.0,99.61432506887053,3.5535765464984315
1151,1.7263595531412619,99.6078431372549,3.885145322394117
1152,4.189190988298596,99.5511149724877,4.178418172575408
1153,6.208061115907181,99.4311377245509,4.529067913310823
1154,7.971385463025239,99.24172082946457,4.971013643136529
1155,9.551523848511046,99.10428662827896,5.788216673256487
1156,10.987424673037834,99.07438016528926,7.02145415316519
1157,12.303488665441556,99.04371584699453,8.552817748098704
1158,13.516430700908893,99.01234567901234,9.002822083650583
1159,14.088155445306416,97.1326164874552,8.98085504154027
1160,14.088155445306416,93.45878136200717,6.484289607711638
1161,15.772049798254617,91.56318480642805,5.338578141275379
1162,18.14879738160536,91.33485020857034,5.476434299249798
1163,20.079998400478647,91.02362204724409,5.524270088580236
1164,21.754008787713285,90.62116877809562,5.069180772390323
1165,24.178936289461763,90.27187765505522,5.0197752606872434
1166,27.076673481927276,90.02212389380531,5.148582127674585
1167,29.39253393611927,89.71876440756108,5.289569081765687
1168,32.26462511123797,89.44203944203944,5.334055109335945
1169,34.29702102644221,89.06171600602107,5.401312288140358
1170,36.80974273331513,88.68221116059733,5.631180465249787
1171,39.071977834307084,88.30457408929061,6.102754732711588
1172,40.886160925724376,87.80417978814772,6.2529573157119875
1173,42.162610090300404,86.90724724127647,6.669731016953503
1174,43.04465969062298,85.57722067471371,7.660714339647926
1175,43.04465969062298,81.08944599195296,7.834856214924037
1176,43.04465969062298,76.72547199009594,5.166510434854118
1177,43.04465969062298,72.48529866914268,7.337184484020758
1178,43.04465969062298,82.97740637573507,10.977067015269796
1179,43.04465969062298,82.97740637573507,12.034795593508198
1180,43.04465969062298,82.97740637573507,13.20877566081257
1181,43.04465969062298,82.97740637573507,14.517541970592259
1182,43.04465969062298,82.97740637573507,15.92064792261731
1183,43.04465969062298,82.97740637573507,17.353325624037982
1184,44.63945502900066,82.68864933417882,19.03560841458986
1185,46.83496625713141,82.00266134397872,20.31857988602628
1186,48.5807216324778,81.15840893230984,21.58508054169214
1187,50.35140867408012,80.25641025641026,22.604254241030418
1188,51.874016206377924,79.16986933128362,20.973228793024738
1189,53.01777425699641,77.75543041029766,22.019027404553995
1190,54.03473693943387,76.1143818334735,21.71634202622749
1191,56.03639398352117,74.69081272084806,22.54944632640999
1192,58.11052003455324,73.50746268656717,24.21737156549623
1193,59.73124001527928,72.09645669291339,26.13236392525773
1194,61.08648074358341,70.4356846473029,23.638687778000687
1195,62.24807289336779,68.9410480349345,22.35447829115323
1196,63.254390529726734,67.83256880733946,20.131653510474266
1197,64.12920935627206,66.76682692307692,18.081670079753557
1198,65.31320625877045,65.33839342188489,19.11292907478984
1199,66.66554744233851,63.27759197324415,18.47731534285776
1200,67.78994035521877,60.90331686661962,18.011453149007266
1201,68.7371973663286,58.203414996288046,13.853203193685934
1202,69.53667736696258,55.797665369649806,12.787012297280437
1203,70.20724074579753,54.02112103980504,12.54987752624178
1204,71.13097659447489,51.873935264054516,12.451698446754023
1205,72.20184951910937,49.012567324955114,8.178584744267912
1206,72.90660036277194,45.59925093632959,7.1993451368455865
1207,73.32011502180248,41.6988416988417,7.016074257009318
1208,73.32011502180248,32.432432432432435,12.705607168961246
1209,73.32011502180248,32.432432432432435,14.06222923696366
1210,73.32011502180248,32.432432432432435,15.327762351186117
1211,73.32011502180248,41.6988416988417,9.59357249197285
1212,72.97689893447532,43.045112781954884,10.228539040452315
1213,72.52723151978174,44.72727272727273,10.489224622965668
1214,72.26028845500322,44.781445138269405,11.565007644973821
1215,72.26028845500322,43.26494201605709,12.51072159624712
1216,72.26028845500322,43.26494201605709,12.885173494819727
1217,72.26028845500322,43.26494201605709,13.09027832481843
1218,72.26028845500322,43.978590544157,13.69340712286792
1219,72.26028845500322,45.67350579839429,12.164537534074798
1220,72.76577034719705,49.49121184088807,8.9162900340357
1221,75.03307129812917,52.60570304818093,5.8621307576638815
1222,76.04206083679199,53.98587285570131,6.248412401947897
1223,76.65938885207436,54.98458376156218,6.378942392545517
1224,76.98206313619644,55.55555555555556,7.308015349392712
1225,77.0451089715592,57.44016649323621,7.0792909693344095
1226,76.77443871038004,59.13312693498452,5.495803622067967
1227,76.81869980503726,61.84074457083764,4.786236019197521
1228,76.40522371214958,63.97959183673469,4.005861105828347
1229,76.51124265817111,64.88395560040364,4.417704813715096
1230,75.94205102549272,64.7532729103726,4.6207264571710285
1231,76.0773861560823,64.88395560040364,4.906030930789219
1232,75.65551756518015,64.49348044132397,4.875058707995299
1233,74.2344761274575,64.39169139465875,5.041201155670361
1234,74.47675056943356,66.93306693306694,6.453743214295039
1235,74.6668612842653,64.80730223123732,6.8298736871499415
1236,75.0057015192512,60.416666666666664,7.413975124241355
1237,75.2370185499331,55.732484076433124,9.61727935314233
1238,75.36442022385299,56.86695278969957,9.549517514814816
1239,75.38980769240042,56.774193548387096,9.948725857665774
1240,75.31355282806089,57.05128205128205,10.244752605515375
1241,75.13453174892481,56.73684210526316,10.753867646436207
1242,74.85002232816649,61.31687242798354,11.244796802839746
1243,74.45544117845235,65.5688622754491,12.182833027301932
1244,75.28863057090372,68.42105263157895,17.45824416000907
1245,75.85782220358213,68.83116883116882,18.501731400432377
1246,75.68122034980664,68.69391824526421,19.482446934819215
1247,74.26263838006825,67.68172888015717,17.585056353754123
1248,73.61218940329982,66.37764932562621,17.623730188089592
1249,73.0952325204056,65.0,19.032156967409616
1250,73.5584019417609,64.45275958840037,19.78620368278459
1251,73.99225844384972,64.69483568075117,20.900641418068272
1252,75.2381607877676,62.0416253716551,21.07804156644107
1253,75.50411149573397,57.21493440968718,17.950730422340534
1254,75.50411149573397,51.66498486377397,18.284971287425385
1255,75.73717274296202,42.666666666666664,10.686218865094286
1256,77.2245893286985,44.53961456102784,11.482976516272732
1257,77.51426875987981,45.51422319474836,11.612680792511108
1258,77.61458342978777,45.86549062844542,12.03335169489248
1259,78.1452497583598,44.53213077790304,11.094601118432305
1260,78.34575668093012,43.003412969283275,10.462707372472021
1261,78.26029961666546,42.80860702151755,10.001399679923036
1262,77.89998887936467,41.90687361419069,9.016909421061499
1263,77.26646060143658,40.38461538461539,6.941127962115615
1264,76.43810082775624,38.65030674846626,5.347737559098618
1265,75.23068682134712,36.699029126213595,4.096903402526027
1266,74.09290786299272,36.65716999050333,4.150282700933258
1267,73.49433653503755,36.10851262862489,4.4147040646961315
1268,74.09290786299272,35.51756885090219,5.298630459670292
1269,73.91767384371566,33.0834114339269,4.898417101191849
1270,73.48580871243806,30.517711171662125,6.533310355526597
1271,72.93913085063679,29.396325459317584,7.221568169914483
1272,72.26723479111013,28.834870075440065,8.656621432382044
1273,71.45495059842236,37.33013589128697,4.796548157361406
1274,70.47925485407612,39.78739559605163,3.217232284294051
1275,69.7177484630618,40.75416968817984,4.839539826703403
1276,68.82013772617088,41.959972394755006,5.539908103242585
1277,67.76300766472143,43.81139489194499,6.205768648521338
1278,66.50830405435897,46.001239925604466,8.702369687802433
1279,65.45859396434382,47.35894357743097,9.888812165769536
1280,64.36415573528174,46.915776986951364,11.126622774391521
1281,63.39358990518116,45.89486119314826,12.285680035193009
1282,64.21657974111368,44.79665071770335,12.363069847565152
1283,65.26175536631236,44.038929440389296,13.15017156209205
1284,65.98029878414705,43.31484904497844,14.332561573533836
1285,66.40070556610277,42.608695652173914,15.344924569270363
1286,66.52074443199257,42.71481942714819,16.407253282105458
1287,66.40070556610277,42.608695652173914,17.15505715311881
1288,66.03021095773923,42.293464858199755,17.815259859106455
1289,65.37168697284945,42.265529841656516,18.77925217577455
1290,65.45916440662876,41.681901279707496,19.425898950877855
1291,65.59275577717666,41.29505192425168,20.154802481473094
1292,65.45916440662876,41.19439366240098,20.372493520722486
1293,65.04384941678215,40.895341802782816,19.556661767413125
1294,64.2911862709102,40.884638374178124,19.49099435973094
1295,64.66596446801911,39.583333333333336,16.956525511349465
1296,65.74794151255283,36.96774193548387,13.41209136991901
1297,66.67148020345437,34.146341463414636,13.055904687930644
1298,67.46009388687536,31.134751773049647,11.13563329772604
1299,68.12951885899096,29.215976331360945,9.630554351155888
1300,68.6908202214053,27.572964669738862,9.1129996654255
1301,69.20475730695493,21.081941129673826,14.194859372540819
1302,69.66866132203165,21.61051766639277,15.579743504866642
1303,70.03305214385523,22.025316455696203,16.85993849747253
1304,70.42873118859696,21.94275802254987,19.057212787752714
1305,70.39461870342943,21.904761904761905,21.31270670849408
1306,70.22292200265831,21.716738197424892,23.358065000042405
1307,69.93665861172428,21.422523285351396,25.189467311018454
1308,67.88467423005336,20.653061224489797,27.195556063368254
1309,66.6093988882433,19.936958234830577,29.915807677828788
1310,64.46177385808949,22.861468584405753,27.929132932790083
1311,64.24013399699098,25.765496639283047,19.17797208974627
1312,63.91585141898022,28.71794871794872,18.509897285789876
1313,62.041140246951,31.087719298245613,17.376750539916475
1314,61.968768073879254,34.75226796929518,16.338101797134748
1315,61.823485964728356,38.44030365769496,15.059651227844562
1316,61.183031305568306,41.807147673634525,13.185937404759223
1317,59.62746402174315,44.1233140655106,12.546403051446726
1318,57.21635818231159,46.2477120195241,10.173458721728636
1319,56.67622855012103,49.34834123222749,7.765532579896739
1320,55.76551286789291,51.81818181818182,5.830990627275604
1321,55.14641032515848,54.61031833150384,4.4186986805035335
1322,54.42825350951643,56.76532769556025,3.8216844147355387
1323,54.014920072066474,59.516460905349795,3.2634870931447195
1324,53.531341477655346,62.4750499001996,3.619022341308624
1325,53.32356998899459,64.04328578455484,4.743937248604399
1326,53.10652807201151,63.85896180215475,4.785363556341196
1327,52.820264681077475,63.459669582118565,5.110257659570399
1328,51.337471932084966,62.19047619047619,4.245946377054789
1329,49.357054601810226,59.718437783832876,4.002092476170476
1330,50.197316931735045,57.53486279802069,2.7614848743178264
1331,51.49974720524707,56.8171454628363,2.508847268618938
1332,52.29360632072645,56.05711653615845,2.4318443533018095
1333,52.756741634814496,55.26193787668058,2.3080064400137585
1334,52.94732603588943,54.81171548117155,2.5540281583823017
1335,52.94732603588943,54.02138540213854,2.434482264709498
1336,52.94732603588943,54.02138540213854,2.808486985842651
1337,52.94732603588943,54.02138540213854,3.607618706804958
1338,52.94732603588943,54.02138540213854,5.9899104734493305
1339,52.756741634814496,53.87111729253593,6.136791100831479
1340,52.756741634814496,53.87111729253593,6.2436263811213975
1341,52.756741634814496,53.87111729253593,6.275384347984465
1342,52.756741634814496,53.87111729253593,6.333382372244976
1343,54.87506675038507,56.710590531966815,5.670099130252948
1344,56.888508705213695,59.86604842864503,6.3799656165892955
1345,57.448906113976825,60.74228959749085,7.074205178724848
1346,57.39191308344981,59.7911227154047,6.871365903213667
1347,57.10150433519051,59.48051948051948,6.84284448165781
1348,56.552911956837804,58.92949047864128,7.610196650731209
1349,55.6843381854146,59.014728288471304,8.386037369078496
1350,54.315531497476144,59.06140788816775,8.954163123758272
1351,54.59228867075833,59.64824120603015,9.902412281703176
1352,54.97565418310464,60.09127789046653,11.554990972904902
1353,55.18364622755458,59.98980632008155,13.114089298289496
1354,55.224842197162005,60.05102040816327,14.865125183933564
1355,55.183646227554576,57.44138634046891,15.113193057525647
1356,55.183646227554576,52.599388379204896,17.369579328315012
1357,55.183646227554576,47.96126401630989,14.73638347920571
1358,55.183646227554576,36.03465851172273,15.26553620761558
1359,55.183646227554576,50.45871559633027,21.301019328376302
1360,55.71912991372181,51.685985247629084,25.486034110951334
1361,56.298065517451356,53.4896401308615,27.196277540555688
1362,56.05596098783392,53.14192849404117,28.905915648192508
1363,55.78949762472028,52.79870828848224,31.09285077534082
1364,54.556374156680455,52.26425146510389,33.329635625935
1365,54.06990985006557,50.69767441860465,32.273166864088665
1366,54.06990985006557,50.69767441860465,33.71935513914713
1367,53.981858173789185,48.72462259239979,32.29058815137377
1368,55.670443117495836,46.0412147505423,31.71644638780273
1369,57.27500797462889,43.64672364672364,29.819580703086014
1370,58.2615925008932,40.91721262656343,29.634701680832915
1371,59.1022102072571,37.98882681564246,29.037344990537985
1372,59.261420711503085,33.961079723791585,28.554574934359312
1373,59.52490152078083,30.32629558541267,27.054313549580648
1374,59.71667127348147,26.670992861778068,26.844128135101208
1375,59.96614240426913,23.218997361477573,21.09795813837348
1376,60.25986344233524,20.56451612903226,17.4770947895793
1377,60.467594826464996,17.506811989100818,14.221750659044844
1378,60.59143005431423,14.56043956043956,19.10816615282366
1379,60.632576844191846,12.809917355371901,27.90692960743689
1380,60.5529417168055,10.068493150684931,36.99353360238433
1381,60.48306552322341,7.6346284935241995,35.809037361375516
1382,60.631492560708544,6.588881262868909,
1383,60.83724250473648,6.652806652806653,
1384,60.924710942581875,6.680584551148225,
1385,61.53897781038262,7.323943661971831,
1386,62.147555514412986,7.396870554765291,
1387,61.515359815237815,7.212205270457698,
1388,60.85860181594025,7.074829931972789,
1389,61.66441473533904,7.098976109215017,
1390,63.66212831225501,6.7368421052631575,
1391,65.06154063059432,6.3354931605471565,
1392,65.40314661133398,6.349206349206349,
1393,65.00856546161982,6.214689265536723,
1394,64.49697579132686,6.052269601100413,
1395,64.19428929062812,5.9620596205962055,
1396,64.19428929062812,9.281842818428185,25.39116813684837
1397,64.19428929062812,12.872628726287262,16.881036269491908
1398,64.19428929062812,16.73441734417344,5.6963896631009465
1399,63.48672733289732,20.18348623853211,5.67655243426597
1400,63.077323397630316,24.002574002574004,9.640920229836153
1401,64.38940162686036,26.688524590163933,11.14794483894918
1402,66.06916047286705,27.781569965870307,11.1813568372469
1403,67.21655504633127,28.783592644978782,9.999714504813381
1404,66.44479110139129,28.581460674157302,10.114477107765294
1405,65.83657417829481,27.954706298655342,9.998286434475247
1406,66.37257336965105,27.08182476466329,8.715801637209744
1407,67.03084440214904,26.464047442550036,7.932326409453208
1408,67.74187320620155,27.107061503416855,7.7292819670115005
1409,68.24799981020973,27.45552977571539,7.141091096490026
1410,68.40199589183004,28.071539657853812,7.441309998975268
1411,68.60998793627998,28.134796238244515,7.076429896032418
1412,69.2057047563343,20.765472312703583,9.557466359234033
1413,69.68945673320812,21.464646464646464,9.29140287523179
1414,70.02402041045451,22.001725625539258,10.058971103939287
1415,70.22098650746868,22.348816827344436,11.148213564043182
1416,70.22098650746868,21.647677475898334,13.073744868853113
1417,70.22098650746868,21.647677475898334,13.998224222101564
1418,70.22098650746868,22.348816827344436,14.015023990195214
1419,70.22098650746868,24.01402278702892,10.844937758300336
1420,70.08448575102486,25.82608695652174,8.895766584621173
1421,69.71508178082817,27.597955706984667,7.547808373139864
1422,69.75622857070579,30.34188034188034,7.617376508035332
1423,69.71508178082817,33.21976149914821,6.646434988260728
1424,68.88717273986572,35.1063829787234,7.621705908281111
1425,68.39811877011236,37.7902321857486,6.31722229743095
1426,68.39811877011236,41.55324259407526,6.0173843359354775
1427,68.59325448852228,43.76508447304907,7.1016575496166885
1428,68.78383888959722,43.977364591754245,7.75153516733382
1429,68.89283594306714,43.47120843471208,9.139536237963673
1430,68.79814148681834,43.69477911646587,10.335778047926652
1431,68.27586094053655,42.26884226884227,11.370744874835063
1432,67.97127036003803,41.49504195270786,11.934164624958338
1433,67.09594033198749,39.67906637490883,15.237421834017333
1434,66.040158727537,50.72967338429465,8.841131860764305
1435,65.10223925147757,51.515151515151516,7.7697597722570615
1436,65.43044725206681,44.49760765550239,12.533313741117192
1437,65.8441892405447,45.239749826268245,11.935998548001107
1438,66.11394471836778,45.74841883345046,12.207521833172281
1439,66.24711284973097,46.00706713780919,12.130012091956036
1440,65.76639606731996,46.11616515045486,12.683314422895199
1441,64.36698374898062,47.23549488054608,12.56130978689082
1442,64.75262282994993,50.59649122807018,10.930614654045584
1443,64.28687681852917,52.51550654720882,8.521810398861225
1444,63.65334854060107,54.343434343434346,8.424203060146969
1445,62.82498876692073,56.05762933857236,7.748511017396514
1446,63.37578847077401,58.68263473053892,7.14258179264895
1447,63.0001957598717,59.31405514458642,8.311173171667043
1448,63.96116788696595,61.98172874209417,7.9832225433740005
1449,64.75796317938891,64.52084857351865,7.649962301685387
1450,63.09433331764842,64.0748740100792,8.347984757637597
1451,62.16506831800099,64.42239546420979,9.068933160177954
1452,60.32963249834644,64.67730742539902,10.051600299419698
1453,60.29552001317893,64.17186417186417,10.17501218508362
1454,60.29552001317893,62.16216216216216,11.844931232489444
1455,60.29552001317893,60.42966042966043,12.50036805911997
1456,60.29552001317893,58.97435897435897,12.660431233655869
1457,60.29552001317893,58.35065835065835,13.989729626390579
1458,60.29552001317893,58.97435897435897,13.166098726040284
1459,60.29552001317893,60.42966042966043,13.211843236818812
1460,60.29552001317893,62.16216216216216,12.664916948505534
1461,60.29552001317893,64.17186417186417,11.229672049329952
1462,60.32963249834644,66.55100624566273,11.206960086240477
1463,60.22706999738412,68.83206634416034,6.706606990852451
1464,60.35447167130401,65.48364648573417,11.620269023377222
1465,60.37985913985145,68.71080139372822,7.490172593592145
1466,60.303604275511915,71.82512144344206,3.6381890920846827
1467,62.272208226529656,73.77049180327869,4.41878942155585
1468,63.24266919578453,75.05438723712835,5.789678357916881
1469,63.81573611640965,75.93543653705062,6.78133393950343
1470,64.17289067996256,77.18120805369128,7.020309340303135
1471,63.72980991131715,75.93543653705062,8.010206054105577
1472,63.22294423227057,74.72924187725631,7.960778923366092
1473,62.47592890003201,73.09322033898304,5.991467802022804
1474,61.309661683500494,70.69672131147541,11.53360242683827
1475,61.401588684764576,66.43741403026135,17.63532660070684
1476,61.419939157011626,62.672176308539946,19.141528722960746
1477,61.3648528920322,70.50754458161866,12.409326937305655
1478,61.23590890762007,70.78804347826087,12.178374022343304
1479,61.03210583708041,71.2182061579652,11.99494710890631
1480,60.7518138950653,71.78477690288715,9.862456018526387
1481,60.39269243730465,72.47119078104994,6.448836413331384
1482,59.95156203020302,73.2587064676617,6.871253748663248
1483,59.42421186032121,74.12755716004814,8.602932922130476
1484,58.805109317586776,75.5800464037123,9.103324707972947
1485,58.08695250194474,78.14938684503902,5.909491665460375
1486,57.259953999640864,80.39529914529915,1.78507105972268
1487,56.31062939380895,82.32890704800818,2.0722459804773576
1488,54.866379071658734,83.64077669902913,2.697977769731494
1489,53.08926975245245,84.70046082949308,3.0440489108035353
1490,51.668228314729824,84.24908424908425,2.9924334083069835
1491,51.60518247936704,83.48581884720952,2.6183266310560795
1492,51.28250819524497,83.19672131147541,2.312027594156853
1493,50.6651801799626,82.56549232158989,1.83400615441492
1494,49.656190641299794,82.36607142857143,1.6726812854329873
1495,47.75045624994187,82.05804749340369,1.8169516150129605
1496,46.35104393160254,81.86147186147186,2.559895398034178
1497,45.13847580522514,81.5958815958816,2.906971859961025
1498,46.31032677305094,81.49589277993947,3.396234175942471
1499,47.6791334609894,81.43922773146117,3.9996277083891605
1500,48.5477072324126,81.2694185530404,4.5729026082007955
1501,49.09629961076531,80.98434004474272,5.112823021225541
1502,49.3867083590246,80.9438202247191,6.096967078366883
1503,49.443701389551634,81.87134502923976,9.119694149862337
1504,49.27165850071893,82.68281740690892,11.00218075935236
1505,48.856902797698154,83.37048595630851,12.060653900212763
1506,48.15985024340041,83.92935982339957,12.55042248400842
1507,48.08955167169703,84.13397972675187,13.595540114461501
1508,47.876659001318465,84.39281017097764,14.344192448915132
1509,48.74094387717743,84.55462922334357,14.700331518868678
1510,49.72638505276957,84.79893946089263,15.144037304601895
1511,50.144378355724996,85.09977827050997,15.396050089133041
1512,49.77398167613523,84.50022016732717,15.892770535802002
1513,48.69965796068409,82.99437472955431,15.950528087735998
1514,48.26486396125274,80.82608695652173,14.838580227767077
1515,48.71042531171325,77.94642857142857,9.906347523170115
1516,49.0920721025719,74.81718464351006,7.7177534939749375
1517,49.41186087152769,75.18656716417911,8.72442219632106
1518,49.67143096493452,74.09867172675521,9.804375141702998
1519,50.48833178913321,73.20644216691069,12.172412049712257
1520,51.7181884164114,71.63192679206914,10.494351186903398
1521,52.74939052385024,69.78341257263602,8.291642068160124
1522,53.619893968334466,67.65188834154351,6.053255142441843
1523,54.353001288662874,56.642170717919726,7.841013524288936
1524,54.96420700898204,59.27865037812682,7.156779547708333
1525,56.59794758606069,61.89042745334136,7.992877737089719
1526,58.331145095822734,64.32601880877743,9.232967168980029
1527,59.61320019540363,66.25407166123779,8.763407175858667
1528,60.224475845263356,67.66666666666667,9.872704024117308
1529,60.30686778447822,67.49329758713137,9.842442050962184
1530,60.758016453792216,68.5500340367597,14.951165796842847
1531,61.133882266316164,69.20962199312714,15.853998309152963
1532,61.290699644027555,69.49620427881297,17.87337993729756
1533,59.627069782287066,68.45683208701564,18.60736090246301
1534,59.94178939975997,65.19337016574586,15.041241368410374
1535,61.25860091912724,62.41184767277856,14.121646547329053
1536,62.858724637747585,60.76134699853587,14.865713766611453
1537,63.98079175381623,58.92586989409985,14.341858734085667
1538,64.80984873214068,56.92068429237947,13.827789119935272
1539,65.4142740528803,55.4054054054054,13.432483203127545
1540,66.82710198408547,54.31596091205212,13.117469471247068
1541,67.42596261313845,51.676206050695015,12.703739792715355
1542,67.28399753884469,48.663967611336034,9.873329564060809
1543,67.24280156923726,46.40258690379952,8.850300409308966
1544,67.03480952478732,44.18604651162791,7.509377718796413
1545,66.651444012441,42.687747035573125,6.572167547890712
1546,66.07477187324767,45.3137103020914,9.14101683588978
1547,65.43637559797978,46.159695817490494,9.053718939689345
1548,65.75752496718474,45.99092284417549,8.975793836545668
1549,65.75752496718475,45.99092284417549,8.943299693270431
1550,65.50628806541563,44.55521472392638,8.229858622128981
1551,66.0329020157914,41.732283464566926,7.0411332930163715
1552,66.42481576530605,38.82636655948553,6.516446400623493
1553,66.69110156845328,35.88907014681892,9.505154586116783
1554,66.83735155876627,36.43092105263158,10.361393981086104
1555,68.06482977569895,36.01340033500838,12.113638415611346
1556,70.00282809631582,37.13298791018998,13.216389545769761
1557,71.04800372151449,38.05309734513274,14.168130897682358
1558,71.70652770640429,38.73873873873874,14.916522712745847
1559,72.55581594090215,36.49155722326454,17.73530905304501
1560,73.2118539981482,35.8252427184466,20.041950296909587
1561,73.70194978215241,35.62874251497006,21.20615610556584
1562,74.04248397784137,35.94704684317719,21.705693134341974
1563,74.24329030451075,36.8041237113402,22.96048516828398
1564,74.3096667189372,38.19875776397515,22.8211736860069
1565,74.24329030451075,40.103092783505154,23.19595265902794
1566,74.04248397784139,43.788187372708755,20.918952661314176
1567,73.70194978215241,47.405189620758485,18.343867266684477
1568,73.2118539981482,50.87378640776699,16.18675415854975
1569,72.55581594090215,54.127579737335836,13.14014708340046
1570,71.5039553941427,56.91202872531418,11.567011082309673
1571,70.10038470576575,59.401709401709404,10.654090381596074
1572,67.83308375483361,61.58833063209076,9.45314346082407
1573,66.87165019001158,64.26356589147287,8.442999204430114
1574,66.00252656272427,66.31970260223048,9.085858344411594
1575,65.29923942350644,68.04860614724804,7.04675904788865
1576,65.45252752230446,69.80999296270232,4.17439094791776
1577,66.04712267903537,70.30474840538625,3.805786411436881
1578,66.96286720497125,70.65527065527066,3.8578900459299565
1579,67.96591533973846,70.88698140200286,3.819165301128003
1580,69.16493581720898,69.8529411764706,5.1484264583176405
1581,69.99515650286992,68.64661654135338,6.936550299100255
1582,71.45838894173274,68.79323597232897,7.365100009238548
1583,72.72463312870889,69.67792615868028,6.949296498067261
1584,73.0593029716254,70.3409992069786,6.440399731341016
1585,73.16830002509533,70.5648369132856,6.743446043236347
1586,73.26038144399402,70.7901037509976,6.305977717028956
1587,73.16830002509535,70.5648369132856,6.94318304949057
1588,72.31182699393433,67.14610143830431,13.224130332323671
1589,70.87603114468396,63.31192005710207,12.343600256482565
1590,68.97987428686369,59.57018132975151,15.541696339700158
1591,67.91019127566148,73.86870618228171,3.0982331357132322
1592,68.90125149924202,74.24727738629083,3.3762289061103905
1593,68.70173969666557,73.77466581795035,3.767700939986144
1594,67.50271921919506,72.03231821006837,4.125035829500172
1595,66.42839550374391,70.28502122498485,5.387040794723015
1596,66.42839550374391,68.04123711340206,8.444650804822427
1597,66.42839550374391,69.13280776228017,6.611006337497619
1598,66.42839550374391,71.49787750151607,4.76181863254873
1599,66.42839550374391,74.10551849605822,5.335606078918396
1600,66.42839550374391,76.9557307459066,5.8309336181338995
1601,65.73415161425284,77.39234449760765,6.172564685628619
1602,65.06367382544363,77.25373134328358,6.249456252087982
1603,65.653498819715,76.74278846153847,6.630703762671122
1604,65.62219126433571,76.51288196524865,6.208518213783896
1605,64.88895262350209,75.42823390431187,6.062633969971576
1606,63.77740058387696,74.02898550724638,6.244582879267649
1607,62.99225513333839,73.22247706422019,7.4822104942018255
1608,62.42306350065999,73.13860252004582,7.9411074628907
1609,61.929187565626265,72.92975442604227,8.95023140113523
1610,60.175008847512004,72.3922902494331,9.23796208750737
1611,60.502633416586285,70.29192902117916,6.244971802275194
1612,60.502633416586285,66.1705781339439,6.1849487244929895
1613,60.78627229128235,65.94409583571021,7.949702341237495
1614,60.28486800540564,63.83213694091662,9.78509021422605
1615,59.7036662180989,61.58763985082579,9.705854304932572
1616,58.95961277748067,57.49870264660093,10.409085209883564
1617,58.95961277748067,68.759730150493,11.696481252445444
1618,58.95961277748067,68.759730150493,11.748135077686667
1619,58.95961277748067,68.759730150493,11.7847271356187
1620,58.95961277748067,68.759730150493,11.857374412503926
1621,58.95961277748067,68.759730150493,12.00677179232838
1622,58.95961277748067,68.759730150493,12.217745789253943
1623,58.95961277748067,68.759730150493,12.467754670795864
1624,58.95961277748067,68.759730150493,12.757627763247287
1625,58.95961277748067,68.759730150493,13.094342567903793
1626,59.7036662180989,67.76771443793287,11.836873184135804
1627,61.00515708452949,65.56365675827257,10.58147444425866
1628,61.863339143761856,62.587822014051525,9.48670675051172
1629,62.64540122238442,59.30445393532642,8.939680104717388
1630,63.56893991328596,56.16613418530351,8.37576264583898
1631,64.35755359670696,52.70180120080053,9.190325595682573
1632,64.35755359670696,47.03135423615744,13.33604565053395
1633,64.35755359670696,36.75783855903936,20.015298679807316
1634,64.35755359670696,36.62441627751834,21.29212176088086
1635,64.35755359670696,46.76450967311541,16.48773512391153
1636,64.35755359670696,52.4349566377585,12.29597627900126
1637,63.56893991328596,55.91054313099041,10.992287087466277
1638,62.64540122238442,59.060402684563755,9.569357508044305
1639,60.92752819066665,62.06293706293706,8.565050270923335
1640,60.8426259146507,64.21173762945915,8.283853389293562
1641,61.102621982043544,64.77404403244496,9.428655494817171
1642,61.1880790463082,64.98257839721255,9.943626852317808
1643,59.96036342874,64.01601830663616,10.551512463562034
1644,58.42755586033628,62.0976692563818,12.358873667139681
1645,57.54137998375227,59.819532908704886,14.251864653295735
1646,56.52412218904792,57.193515704154,16.850187063624123
1647,55.35197724615624,54.584942084942085,19.401111603558437
1648,54.6967432079593,55.32015065913371,19.803780705728027
1649,54.6967432079593,60.263653483992464,17.563004639394432
1650,54.6967432079593,65.3954802259887,15.758188783693875
1651,54.6967432079593,70.71563088512241,11.831790749230317
1652,53.926525160495316,74.30013767783387,8.842349981876064
1653,53.15610908733749,75.15666965085049,9.61907022798517
1654,53.70367160063259,74.6606334841629,10.288071317389315
1655,54.05477318371996,74.06563354603465,10.211893397369813
1656,53.24689131966404,70.16622922134734,15.090270334194647
1657,52.34035618163486,66.5129924559933,20.855166638365723
1658,51.3233934991974,63.6327185244587,20.909947786843073
1659,50.17963544857892,73.06513409961686,9.335814738697753
1660,48.8850037525952,74.83540599853694,11.303327365642373
1661,47.40085017130545,76.37822749476622,10.649874490031584
1662,45.993002238810256,77.86666666666666,8.373063035918864
1663,44.36668264335789,79.15340547422024,5.958346796859201
1664,42.155685128828914,80.20643594414086,3.397455278717219
1665,40.915034646259905,81.56668608037275,2.8239993787599715
1666,39.52607142114367,82.74706867671692,3.122686669137528
1667,37.9500150595851,83.76136971642589,3.114954598488878
1668,35.93806163662338,84.57991803278688,3.4569744780221963
1669,33.085956013241145,85.26238352133399,3.608700864786922
1670,31.04689880206925,85.98306679209783,3.8350399484977267
1671,28.168291947737522,86.5809652683807,4.2075956028809305
1672,27.128010091897075,86.9171270718232,4.513195037296381
1673,27.283978584079616,86.93633952254642,4.775390772224217
1674,29.342584389958276,86.27992633517495,4.976883279823173
1675,31.07629229972016,85.49856184084372,5.13166159001854
1676,32.594178918297736,84.58083832335329,5.141450994309699
1677,33.94788399822091,83.95638629283489,5.164694613564987
1678,35.16768489309369,83.31533477321814,4.853637228431422
1679,36.273465933296265,82.65993265993266,5.0429702725627665
1680,37.279248101994675,81.99300699300699,5.788263494504079
1681,38.195410187484754,81.3180169286578,6.376181981162959
1682,39.02990815809576,80.6390977443609,7.560380133858812
1683,39.78900077233066,72.79507133592736,14.081568182592234
1684,40.47770832303492,76.67560321715818,15.119720841693528
1685,41.10011664190644,80.53250345781466,9.309803920681095
1686,41.65958623595191,84.82905982905983,7.495075049771672
1687,41.30477824349021,86.0621030345801,7.540636583132673
1688,40.83047255476069,87.16875871687587,7.835199282176553
1689,38.56317160382855,87.48294679399727,8.26291449239394
1690,37.92441232312859,88.38146406984553,7.464747760456694
1691,37.143519210132,89.14907651715039,7.2501022362214576
1692,36.85280519622599,89.38694792353328,7.2969343457991735
1693,37.13666055833503,89.20911528150134,7.755325430629381
1694,37.373770724248594,89.05506458191707,8.130216024794878
1695,37.56484486279759,88.92709766162311,8.268740272163019
1696,37.71044147911878,88.82720333102013,8.172226229134045
1697,37.81097859706043,82.43715083798882,10.460605851293165
1698,37.86674114022849,86.26489138051858,9.398086506597139
1699,37.8778858465335,90.0070126227209,6.919116063597348
1700,37.8444439318444,93.63191042687194,3.9513778560512245
1701,36.59221312884847,94.28668018931711,3.7371978882582915
1702,35.116848869595366,94.78147423352902,3.703772453553764
1703,33.30967211185257,95.12884978001257,3.7365811192036764
1704,30.656814930858,95.34180278281912,3.628405318448556
1705,30.500388939379313,95.38369304556355,3.7341966558761
1706,30.301555262815487,95.4356846473029,3.854239841870209
1707,30.05980912911487,95.49707602339181,3.9776869533108985
1708,29.774523171459155,95.56706966033391,4.010434440509681
1709,29.444937078515554,95.6447963800905,4.144739138283411
1710,30.657146360140548,91.95695270461626,6.2995784022228865
1711,32.439382828155644,93.8710610002891,5.125921765863524
1712,33.75552248991679,95.64064801178203,4.467688444958277
1713,34.79231085237102,97.24468403713686,4.416282997930412
1714,34.75691535026472,95.359765051395,4.842163742630093
1715,32.81086534002859,91.38755980861244,7.6682556848888765
1716,31.35882637703176,87.43540930106064,11.44495985507418
1717,30.786153927455434,83.50542758803283,13.037510371939815
1718,30.159166513387177,95.85585585585585,3.7023133332763574
1719,29.47536480987064,95.97600599850037,3.733623859828406
1720,28.731794379841485,96.0969696969697,3.800311639491559
1721,27.924936565316415,96.2179938924125,3.7708117009303055
1722,27.05055896711369,96.3384125540141,3.744907061436015
1723,26.103505200860162,96.45764576457645,3.6435384866855047
1724,25.077389914585062,96.57519676664539,3.46820234966232
1725,23.964139178455753,96.69064748201438,2.8706079325219274
1726,22.753264105309164,96.80365296803653,2.744993484039718
1727,21.430640790466228,96.91393521180755,2.58848881857575
1728,19.976288547344858,97.02127659574468,2.340351437912605
1729,18.359839683429062,97.35761471165863,2.088293128018164
1730,16.529569632679358,97.60551248923342,1.7906646838323643
1731,14.376322059526892,97.77297656639522,1.3304494637426383
1732,11.385788426729555,97.8675645342312,1.1397301945486902
1733,9.679905889030268,97.90518191841235,0.9960008018135059
1734,9.679905889030268,97.90518191841235,0.920741818006124
1735,9.679905889030268,97.90518191841235,0.9506755536082268
1736,9.679905889030268,97.90518191841235,1.0900871315901635
1737,9.679905889030268,97.90518191841235,1.3233404105286435
1738,9.679905889030268,97.90518191841235,1.6062415645475414
1739,9.679905889030268,97.90518191841235,1.9351790808307743
1740,9.679905889030268,97.90518191841235,2.288579071214655
1741,10.487334801606254,97.77386290839206,2.657345575370553
1742,11.98628146149582,97.45033112582782,2.7742292750703523
1743,13.354349476842447,97.03969883641342,3.0508211327364343
1744,14.611552606967019,96.53465346534654,2.8445724290735592
1745,15.772049798254617,96.03725346968591,3.0481549343584615
1746,16.84636710809334,95.6447963800905,3.2056592226665
1747,17.842617941116984,95.23346303501945,4.450039285295644
1748,18.767229623329545,94.80337078651685,4.631294033058492
1749,19.625403228034543,94.35483870967742,4.82480843302381
1750,20.42141879769827,93.88841567291311,4.774981900697173
1751,21.158845854414842,93.40490797546012,4.445200455535974
1752,21.840693217417282,92.9054054054054,4.227835079382608
1753,23.795947034741868,92.49941765665037,4.334295911190026
1754,26.07204745489441,92.11739024981809,4.668935200350218
1755,27.900426053797545,91.61827821257258,4.973103751856001
1756,29.46934240808816,90.99028106120305,5.369122598848144
1757,30.85099038931054,90.43977055449331,5.973818542464646
1758,32.08414157272049,90.0652852682373,6.425457600896326
1759,33.193008002207876,89.68464485705864,6.889387543459321
1760,34.19410291271958,89.29990828492815,7.48949450778922
1761,35.099359025440194,88.91352549889135,8.192964967352175
1762,35.91775457575559,88.52835136020977,8.493960395562084
1763,36.65624524893715,88.14764646122588,8.981993999107436
1764,37.320336615963555,87.77506112469437,9.519612162753136
1765,37.91445482311254,87.4145990650845,10.070093315923693
1766,38.44219675327126,87.0705578130772,10.293006697994207
1767,38.906504440707046,77.31919727375994,20.00420419355381
1768,39.30978982414061,81.26209833526907,12.57643999823482
1769,39.65402572606984,85.2743782076589,11.701617302829629
1770,39.94081309469664,89.04054596547572,9.619245651532148
1771,39.83208743934461,91.45025968837395,7.212992119566539
1772,39.64997468994985,93.69797859690844,5.019403063313745
1773,39.393076375968825,95.76636613092904,3.3626057081301766
1774,37.820256637169564,96.7816091954023,2.6178701826523763
1775,37.93121839147645,96.75925925925925,2.5883752109585516
1776,37.99274094531674,96.74670797831139,2.4255011674998435
1777,38.00503497864825,96.74418604651163,2.285468819460327
1778,37.96814241193168,96.75174013921114,2.4916424132202626
1779,37.88193726880735,96.76923076923077,3.178983631609752
1780,37.74612307693263,96.79633867276888,3.276028876552042
1781,37.56022667149451,96.83257918552036,3.379949573278995
1782,37.323588072254815,96.87732342007435,3.4765061972066134
1783,37.03534587802869,96.9298245614035,3.540449156642146
1784,36.694417336758654,96.98924731182795,3.600035511374498
1785,36.29947186902245,97.054698457223,3.662171962530195
1786,35.8488962942132,97.12525667351129,3.740584987747489
1787,35.340749247440414,97.2,3.818149560511214
1788,34.772701143887886,97.27802981205444,3.8890830888349432
1789,34.14195431350603,97.35849056603773,3.9507762216100537
1790,33.44513518506334,97.44058500914076,4.040826159669567
1791,32.678145901170154,97.52358490566037,4.149242874781042
1792,33.434572023905204,97.55244755244755,4.282236654711522
1793,34.73700229741723,97.44268077601411,4.406393522155226
1794,35.530861412896606,97.2189349112426,4.504054395597472
1795,35.99399672698465,96.88057040998217,4.621773225583913
1796,35.52177513182922,94.46064139941691,5.32303808503616
1797,34.218078813897435,90.22956326987682,8.57530309354318
1798,32.74902972867696,86.59322944653412,11.06317722469473
1799,31.06304176058131,83.06701030927834,13.047273752273487
1800,29.05108833761959,95.8230350963915,3.4872198914158825
1801,26.198982714237353,96.01895734597156,3.4493281105206233
1802,25.385463603744636,96.14147909967846,3.5423599545627424
1803,24.504570326328878,96.26334519572954,3.5310882474088343
1804,23.551140267112448,96.38398622470943,3.5031998229998034
1805,22.518782235139373,96.50291423813489,3.373942519225646
1806,21.39941682097895,96.61971830985915,2.949539116348963
1807,20.182549988355536,96.73405909797823,2.882677622238304
1808,18.85405298790926,96.8456627863312,2.815689070118657
1809,17.393940569273358,96.95431472081218,2.678786582786367
1810,15.771840735738898,97.2873643682184,2.5032416076255632
1811,13.936024857343178,97.53378378378379,2.3618856264264227
1812,11.777332757306647,97.70133681121617,2.0154299945603467
1813,8.781452263906967,97.79735682819383,1.922287879293632
1814,8.781452263906967,97.79735682819383,1.819881803670961
1815,8.781452263906967,97.79735682819383,1.7127620028520107
1816,8.781452263906967,97.79735682819383,1.601169159640701
1817,8.781452263906967,97.79735682819383,1.489376465465314
1818,8.781452263906967,97.79735682819383,1.3745077290493108
1819,8.781452263906967,97.79735682819383,1.2576848300719856
1820,8.781452263906967,97.79735682819383,1.1400910952610799
1821,8.781452263906967,97.79735682819383,1.0144315846428624
1822,8.781452263906967,97.79735682819383,0.8912350876214225
1823,12.190555897802513,97.71726724278493,0.7698161704257929
1824,14.606502646152375,97.58323474733818,0.8264696169665307
1825,16.577653655137688,97.37256962690489,0.7816419979978468
1826,18.29239419439666,97.07750952986022,0.7791112355207725
1827,19.82305214821769,96.84032349069024,0.7976421841773356
1828,21.20854217919099,96.7270601987142,0.7280548838420485
1829,22.473229336055862,96.61085333871293,1.5500636079331982
1830,23.633790719823715,96.49196074337023,1.6097773848354073
1831,24.702334838332668,96.37070641607258,1.6556692906893644
1832,25.688028826808036,96.24748715657806,1.9679543802334178
1833,26.59803173012203,96.12277867528272,2.2908585830871115
1834,27.438068463823395,95.99714081486776,2.572170839113753
1835,28.212802236987283,95.87122143032686,2.844806587592925
1836,28.92608669010488,95.74575841985313,3.108686576813501
1837,29.58114257225859,95.62157935887411,3.304203338258337
1838,30.180685093921124,95.49959817840879,3.544795537831324
1839,30.727017906075588,95.38080835853725,3.6991356724568334
1840,31.222103818934855,95.26627218934911,3.8778328268998634
1841,31.667618883215642,95.157105794177,4.072556586349957
1842,32.06499429263574,95.05445981748602,4.0058590653785995
1843,32.4154491810025,94.95949594959495,3.9938201584328494
1844,32.72001647527729,94.87335978028685,4.235956694264622
1845,32.97956335014872,94.79715082068752,4.396650957274752
1846,33.19480740382799,94.73189087488241,4.515289822029564
1847,33.36632937357149,94.67849223946784,4.614754586761157
1848,33.49458299139331,94.63772741781041,4.721523834715475
1849,33.579902418600774,86.62175168431183,10.445988743072107
1850,33.62250757416929,90.28626568028305,8.156055852265494
1851,33.62250757416929,93.8565455130267,4.826277478660834
1852,33.579902418600774,97.30510105871029,3.480251579504562
1853,32.29708988072591,97.79708346261248,3.473172501057837
1854,30.79215546237224,98.14204375187293,3.504096899080094
1855,28.956355324695625,98.35212489158717,3.560374079413133
1856,26.27576278051769,98.43967679019225,3.6276178411717557
1857,26.115820609914465,98.45346589339961,3.687456025453034
1858,25.915211542096756,98.47036328871893,3.7430707415230122
1859,25.673467537837958,98.49015907252628,3.800859510728763
1860,26.559816801414936,98.45612134344529,3.8860444391937197
1861,27.25966486956223,96.38685139907633,4.165860433802615
1862,26.906067848184634,92.4246465724193,6.5949884019065195
1863,26.50789226579414,88.52287581699346,9.964208719692534
1864,26.064037075648084,84.90662573548222,12.18611634723199
1865,25.573220209337578,96.45088727818046,3.1936697539763306
1866,25.033952210233235,96.53742989514753,3.2170010697548053
1867,24.44450298496487,96.62627702542171,2.995746695724944
1868,23.802859502758984,96.71676300578035,3.0324223133269403
1869,23.106671361894097,96.80827152169027,3.0771709775159617
1870,22.353179758398227,96.90024012224406,3.110566043580754
1871,21.53912322878329,96.99216267739885,3.0709991216284607
1872,20.660610049082052,97.08359005956048,3.0727500260784164
1873,19.712941335692765,97.17412935323384,3.1018672951904698
1874,18.690358708445338,97.26344189631914,3.1337151353725186
1875,17.58567168885603,97.35124044021637,3.131865534050916
1876,16.389683577951526,97.43728568850388,3.1203495496641294
1877,15.090258028539147,97.52138244021644,3.130648563608352
1878,13.670691693057165,97.60337552742617,3.092480504440786
1879,12.106594749751542,97.79735682819383,2.9254081083653087
1880,10.359029128245753,98.04447248068128,2.858581759630541
1881,8.355644803160297,98.21673525377228,2.8580915791612598
1882,5.908035540662013,98.32081307998233,2.8529886363672246
1883,3.0370119579712087,98.39077185986898,2.8415442588047184
1884,3.0370119579712087,98.39077185986898,2.8415442588047184
1885,3.0370119579712087,98.39077185986898,2.8415442588047184
1886,3.0370119579712087,98.39077185986898,2.831691956694906
1887,3.0370119579712087,98.39077185986898,2.814000350700363
1888,3.0370119579712087,98.39077185986898,2.7840773307649775
1889,3.0370119579712087,98.39077185986898,2.7377104543782984
1890,3.0370119579712087,98.39077185986898,2.679888979710865
1891,3.0370119579712087,98.39077185986898,2.618907488197137
1892,3.0370119579712087,98.39077185986898,2.55498461860537
1893,3.0370119579712087,98.39077185986898,2.487738087093433
1894,3.0370119579712087,98.39077185986898,2.412767404516958
1895,3.0370119579712087,98.39077185986898,2.3247039467397377
1896,3.0370119579712087,98.39077185986898,2.2231922842550866
1897,3.0370119579712087,98.39077185986898,2.6202561122620893
1898,3.0370119579712087,98.39077185986898,2.6744326593175196
1899,3.0370119579712087,98.39077185986898,2.665487994502512
1900,3.0370119579712087,98.39077185986898,2.6922465747642903
1901,3.0370119579712087,98.39077185986898,2.988623984188725
1902,3.0370119579712087,98.39077185986898,3.70392776449709
1903,3.0370119579712087,98.39077185986898,3.8008635483052364
1904,3.0370119579712087,98.39077185986898,3.8985033061262158
1905,3.0370119579712087,98.39077185986898,3.986590846814431
1906,4.758382620976999,98.3632676709154,4.05717370706142
1907,7.2111092506744,98.26191189691339,4.115083921164105
1908,9.219700334919128,98.09361438313701,4.161618474364846
1909,10.972565286233687,97.85187560115422,4.204105875132157
1910,12.542057481308383,97.66246684350132,4.266640982599542
1911,13.967118527182038,97.58313335618786,4.252694705059832
1912,15.272141981548065,97.50177179305457,4.296253486080305
1913,17.568957048501215,97.41189427312776,4.352691365469326
1914,19.945704631851957,97.25505146778498,4.390771313732147
1915,21.87690565072525,97.0110847189232,4.465168685447088
1916,23.837449498272452,96.7503085150144,4.527259551279506
1917,25.74455934988114,86.39863130881095,9.121010821833321
1918,27.393981670452767,89.81769675411294,7.493151755716757
1919,28.14626825703422,91.56844968268359,6.324841285784584
1920,28.14626825703422,91.56844968268359,6.426508699093121
1921,26.59579545481933,88.09419973833405,9.194712788239354
1922,26.59579545481933,84.23462712603576,11.278574289933296
1923,26.59579545481933,96.29306585259485,1.6046926167828408
1924,26.59579545481933,96.29306585259485,1.607632846281718
1925,26.59579545481933,96.29306585259485,1.6101046499106517
1926,26.59579545481933,96.29306585259485,1.6121379078823803
1927,26.59579545481933,96.29306585259485,1.613732421092246
1928,26.59579545481933,96.29306585259485,1.6149476438217814
1929,26.59579545481933,96.29306585259485,1.6158141146909883
1930,26.59579545481933,96.29306585259485,1.6163892122670915
1931,26.59579545481933,96.29306585259485,1.6166565514487552
1932,26.59579545481933,96.29306585259485,1.6166180897011144
1933,26.59579545481933,96.29306585259485,1.616207114200175
1934,26.59579545481933,96.29306585259485,1.615368799575079
1935,26.59579545481933,96.29306585259485,1.614106528254559
1936,26.59579545481933,96.29306585259485,1.6122751150012116
1937,26.59579545481933,96.29306585259485,1.5809514872190888
1938,26.59579545481933,96.29306585259485,1.4896762448584142
1939,26.59579545481933,96.29306585259485,1.8409125590427446
1940,26.59579545481933,96.29306585259485,2.74489701653573
1941,26.59579545481933,96.29306585259485,2.760171962677222
1942,26.59579545481933,96.29306585259485,2.783932430973293
1943,26.59579545481933,96.29306585259485,3.5010407139086124
1944,26.59579545481933,96.29306585259485,3.7707265184788534
1945,26.59579545481933,96.29306585259485,3.8585989867592634
1946,26.59579545481933,96.29306585259485,3.9629927784740375
1947,26.59579545481933,96.29306585259485,4.062966770289094
1948,26.59579545481933,96.29306585259485,4.1609153803706524
1949,26.59579545481933,96.29306585259485,4.254839471457012
1950,26.59579545481933,96.29306585259485,4.350401983754283
1951,26.59579545481933,96.29306585259485,4.450297512680518
1952,26.59579545481933,96.29306585259485,4.549321304157606
1953,26.59579545481933,96.29306585259485,4.654089283498347
1954,26.59579545481933,96.29306585259485,4.7711975409163045
1955,26.59579545481933,96.29306585259485,4.8965523473791635
1956,26.59579545481933,96.29306585259485,5.026469647150548
1957,27.154584857385615,95.9387483355526,5.128100953181411
1958,27.154584857385615,91.83311140701286,6.411438892722485
1959,27.154584857385615,87.8162450066578,9.155124867368817
1960,27.154584857385615,83.88814913448735,11.600000974641185
1961,27.154584857385615,92.8317798490901,6.0204155862985935
1962,27.154584857385615,92.8317798490901,6.199258289950211
1963,27.154584857385615,83.8659565024412,12.366927151468108
1964,27.154584857385615,87.79405237461162,10.547191447188387
1965,27.154584857385615,91.81091877496671,7.193739099974583
1966,27.154584857385615,95.91655570350643,3.2191624280983064
1967,26.01255894555927,96.10111396743787,3.276106673345055
1968,24.76603082092384,96.27945431996693,3.3084226098882357
1969,23.398338370065865,96.45135566188198,3.2819105934169754
1970,21.885130654147993,96.86658977316416,3.0377209354149937
1971,20.18750631001274,97.1830985915493,2.950384852473032
1972,18.23315000324576,97.4097892104323,2.9301207188239187
1973,15.833688319817657,97.55509641873279,2.934868691153362
1974,13.99237773103026,97.78922872340425,2.766989485943062
1975,11.828290379224656,97.94608472400513,2.7610674421556953
1976,8.827110556016208,98.03283767038414,2.739984122734808
1977,6.9538546023610674,98.23247453565008,2.7369809357976145
1978,4.758382620976999,98.3632676709154,2.7253158678368132
1979,1.7263595531412619,98.43137254901961,2.7249200992016833
1980,1.7263595531412619,98.43137254901961,2.7249200992016833
1981,1.7263595531412619,98.43137254901961,2.7249200992016833
1982,1.7263595531412619,98.43137254901961,2.7249200992016833
1983,1.7263595531412619,98.43137254901961,2.7249200992016833
1984,1.7263595531412619,98.43137254901961,2.7249200992016833
1985,1.7263595531412619,98.43137254901961,2.7249200992016833
1986,1.7263595531412619,98.43137254901961,2.7249200992016833
1987,1.7263595531412619,98.43137254901961,2.7187314358518804
1988,1.7263595531412619,98.43137254901961,2.7123565375886933
1989,1.7263595531412619,98.43137254901961,2.7058230939216736
1990,1.7263595531412619,98.43137254901961,2.699157849620513
1991,1.7263595531412619,98.43137254901961,2.6923849024760105
1992,1.7263595531412619,98.43137254901961,2.683627136665749
1993,1.7263595531412619,98.43137254901961,2.665806444702611
1994,1.7263595531412619,98.43137254901961,2.750900280278456
1995,1.7263595531412619,98.43137254901961,2.6716507953235973
1996,1.7263595531412619,98.43137254901961,2.5742243272194694
1997,1.7263595531412619,98.43137254901961,2.501055636319913
1998,1.7263595531412619,98.43137254901961,2.4385411547671954
1999,1.7263595531412619,98.43137254901961,2.3802716278975073
2000,1.7263595531412619,98.43137254901961,2.3242807703385315
2001,1.7263595531412619,98.43137254901961,2.271807469162279
2002,1.7263595531412619,98.43137254901961,2.216758430619057
2003,1.7263595531412619,98.43137254901961,2.165184708252896
2004,1.7263595531412619,98.43137254901961,2.1229232114507366
2005,1.7263595531412619,98.43137254901961,2.0953374225272934
2006,1.7263595531412619,98.43137254901961,2.0898776192730977
2007,1.7263595531412619,98.43137254901961,2.113967601781715
2008,1.7263595531412619,98.43137254901961,2.160448658903223
2009,1.7263595531412619,98.43137254901961,2.2214563572955757
2010,1.7263595531412619,98.43137254901961,2.285007714706765
2011,1.7263595531412619,98.43137254901961,2.372781525811902
2012,3.0370119579712087,98.40501281686129,2.4960399300915967
2013,5.237557751852812,98.2773851590106,2.6173775229577285
2014,7.115975381672694,89.16286149162862,5.93774992427029
2015,8.781452263906967,92.1648835745752,3.1011790815693914
2016,9.551523848511046,93.6980166346769,1.1397611192542232
2017,11.254744944707303,95.3916300276828,0.8066122817800285
2018,12.90867680172519,95.41984732824427,0.9206666673609772
2019,15.631116007556061,95.26841018582243,0.8589986009244583
2020,18.030577690984167,95.10888968225633,0.6957771128137096
2021,19.984933997751146,94.87037037037037,0.668154448637453
2022,21.682558341886395,94.54475605071072,0.4259504458701484
2023,23.195766057804263,94.28286852589642,0.4016560450826779
2024,24.563458508662244,94.15530772408096,0.4011001418759382
2025,25.809986633297676,94.02825342465754,0.4541444585774555
2026,26.952012545124017,93.90243902439025,0.4854948709128772
2027,28.001628812339874,93.77869605142332,0.5892690409031623
2028,28.967985596100643,93.65795724465558,0.7484251213057314
2029,29.858223841278885,93.54125736738703,0.9280713167058929
2030,30.678049135647566,93.42973110096398,1.0811233598093877
2031,31.432104019099572,93.32460732984293,1.3138506835643173
2032,32.12421999444823,93.22719913653535,1.7247582131193573
2033,32.7575940620945,93.13888888888889,1.8753079758375446
2034,33.33491591259864,93.06110793832096,2.0598486156544564
2035,33.85846172514142,92.99531066822978,2.2357608749384186
2036,34.330164681944176,92.94294294294295,2.304167241676866
2037,34.75166881779097,92.9054054054054,2.2600128592056534
2038,35.124370658770786,92.88401253918495,2.253030615128337
2039,35.44945171815319,92.87994891443168,2.644317625570218
2040,35.72790400421029,92.89422452952628,3.2968491661637525
2041,35.960550077560036,92.92763157894737,3.922274429136012
2042,36.14805876805593,92.98070525615435,4.5829078941385
2043,36.29095735786563,93.05369127516778,5.275927479187717
2044,36.389640816586876,93.14652261985145,6.004526061885023
2045,36.444378508915406,93.25880758807588,6.699012535446602
2046,36.45531866726082,93.38983050847457,7.714144893647816
2047,36.42249081807828,93.53856562922869,8.46126050368401
2048,36.34580626221923,93.70370370370371,9.313993263176743
2049,36.22505662898231,93.8836898395722,10.221387322898755
2050,36.05991044444392,94.07677035076108,10.931740403908353
2051,35.84990757093705,94.28104575163398,11.575704574723865
2052,35.5944512795139,94.49452672247263,12.19265843030392
2053,35.29279760269376,94.71518987341773,12.885351579486594
2054,35.76482531793083,94.7084917617237,13.405931888120932
2055,36.85203636730409,94.37621202327085,13.732515682626024
2056,37.73338407202189,93.91447368421052,13.89103555681219
2057,37.87833166870246,91.48657498362803,11.403946957327806
2058,37.3758801848875,87.27678571428571,7.838012605437074
2059,36.81732048689016,83.47799132052077,6.23140965719046
2060,36.792309961122896,81.18477593615715,5.107485797936603
2061,37.23040172218419,80.7240099009901,4.585329928387578
2062,37.526674823215934,79.96266334785314,4.071370228560718
2063,37.68895258047736,79.08863920099876,2.646833142189321
2064,37.7212165097363,78.35727670206121,2.4799969693833575
2065,37.62423446490898,77.89900249376558,2.4325977438313764
2066,37.39567495669333,77.49844816883923,3.2534884596543874
2067,37.34545158048987,77.10656753407683,3.4152291428310426
2068,37.402444611016904,76.62740235585865,3.696492890126003
2069,38.89403158392467,77.00934579439253,3.4257775747834565
2070,39.223293576369564,77.12948517940718,3.4104095925572944
2071,39.223293576369564,77.12948517940718,3.535053478438966
2072,39.223293576369564,77.12948517940718,3.9012467230098697
2073,39.35688494691748,77.22586691658857,4.691951132841755
2074,39.22329357636957,77.37909516380655,5.545522346381236
2075,38.80797858652298,77.68106931924153,6.869811199701282
2076,38.05531544065103,77.91164658634538,8.77522140419892
2077,38.05531544065103,78.74575223972815,10.569246899488181
2078,38.27186400266739,79.98758920260627,14.739899497729532
2079,38.36384318822544,80.97606465651228,17.5576645095784
2080,39.152045428358576,80.68876729964596,18.395383907757385
2081,39.86727060227148,80.43261231281198,19.26107593840604
2082,40.51402869372644,80.21298522844383,20.271033515418043
2083,41.17254234521768,79.28343384178787,19.17767722790548
2084,41.836633712244094,77.46427262733602,17.337192865795064
2085,42.43075191939308,75.44389875330563,17.11713974570108
2086,43.56291892990484,73.88235294117646,17.590106443730633
2087,45.05815870328257,72.80557834290401,19.36086531136447
2088,46.55892648658817,71.67381974248927,16.06988691432531
2089,48.81954252124448,70.64385411976588,14.080073220188758
2090,50.82224149154098,69.59810874704492,13.328217513814847
2091,52.368999095098246,68.368864650471,13.082381288405466
2092,53.84196870311282,65.61546286876907,9.997344847857246
2093,53.84196870311282,61.291963377416074,8.958418136857315
2094,54.596899415211794,59.1578947368421,7.169238972041468
2095,55.27909075004984,56.90217391304348,5.630887188640548
2096,57.18866322073596,55.40386803185438,4.637914157849851
2097,59.058315572075145,54.0621266427718,3.8930147023053445
2098,60.466373276739496,52.5657071339174,3.644702087985683
2099,61.600071969662494,50.91503267973856,4.8313333029087335
2100,62.530458632633355,49.65986394557823,5.753541881206942
2101,63.29501362089118,49.083215796897036,7.1328838095436655
2102,63.91648699349881,48.7627365356623,8.52260399819668
2103,64.40972619154472,48.729446935724965,8.831021480333378
2104,64.78475251306655,49.00763358778626,8.619831733887423
2105,65.04833347300736,49.6124031007752,8.262130222730194
2106,65.20484477282548,50.54773082942097,9.382412546426742
2107,65.25674986458158,51.80533751962324,8.052160944208204
2108,65.20484477282548,53.364632237871675,8.42674777734259
2109,65.51742342277082,54.05831363278172,9.210940003900674
2110,66.08220223651034,53.64875701684042,10.55042007605347
2111,66.42605108325711,54.257907542579076,11.534791057481806
2112,66.57013652509872,54.360228198859005,12.469564052678852
2113,66.52231620085725,54.759967453213996,12.723177550669346
2114,66.1201473744033,53.92,13.674159915193977
2115,66.05255364590634,53.66242038216561,14.951669196757036
2116,65.8940758864009,53.07086614173228,15.909186374217269
2117,65.64283898463177,52.1671826625387,16.706416452125627
2118,64.7787771880063,63.98809523809524,10.302898208882871
2119,63.707904263371816,66.31054131054131,11.842673449339944
2120,62.63076395837513,66.87370600414079,12.307897099268926
2121,62.69714037280158,65.46712802768167,11.31994350773947
2122,62.37851846687575,62.96800544588155,12.669407932569044
2123,61.945408747753646,60.49300466355763,14.67983223492397
2124,61.38955798280345,58.92277741726152,16.38791582376445
2125,60.69879467916059,66.70862177470107,14.316779154346555
2126,59.854855730801226,68.6322188449848,11.010754489072163
2127,58.8288943074613,70.33352837916911,10.131033016682693
2128,58.303779031582835,72.79453614114969,5.473778520204862
2129,57.54942728332496,74.80748074807481,7.077947262556324
2130,56.51822517588613,76.37420718816068,7.605900669831637
2131,56.51822517588613,76.37420718816068,8.2500353432068
2132,56.51822517588613,76.37420718816068,8.860346405177406
2133,56.51822517588613,76.37420718816068,9.463670475048957
2134,56.51822517588613,76.37420718816068,10.055001839603388
2135,56.51822517588613,76.37420718816068,10.964578363436711
2136,56.51822517588613,76.37420718816068,11.781731287461358
2137,56.51822517588613,76.37420718816068,12.492445842824576
2138,56.51822517588613,76.37420718816068,13.117824229287532
2139,56.51822517588613,76.37420718816068,13.400454976148241
2140,56.51822517588613,67.97040169133193,22.19830660841118
2141,56.51822517588613,72.04016913319239,14.462297884039007
2142,56.51822517588613,76.32135306553911,13.579218025265424
2143,56.51822517588613,80.81395348837209,7.062648119453364
2144,55.17843694207085,81.88259109311741,6.339940085283746
2145,53.50186474080623,82.73694390715667,6.065633536340143
2146,50.97499369646727,83.39483394833948,5.929814778359202
2147,49.67350283003668,84.39434129089301,5.545724219468572
2148,48.10466036182899,85.19458544839256,5.597899263255564
2149,47.26718526185383,86.65306122448979,5.2318651222600945
2150,45.656485872011146,87.34375,5.32819005287375
2151,43.59205446595502,87.86407766990291,5.137944719927507
2152,40.525974144464584,88.2625758116304,5.271951409645197
2153,38.42367571977564,88.73335609423012,5.375678326842103
2154,35.89008608646951,89.15032679738562,5.271587173822853
2155,37.44370126092247,93.3511526896091,4.137884547773937
2156,36.87450962824407,93.28881469115191,4.259269056102754
2157,38.206987414743985,92.89860020484807,4.428687710836707
2158,39.261061685290535,92.37199582027168,4.7053975459668935
2159,38.82997177733365,87.9632777966678,6.740779057094083
2160,38.34431561299597,83.67008943358728,9.15203279871516
2161,37.80209097192858,79.51690821256038,13.988258556199884
2162,37.20091249196881,90.52829009065333,5.025092863989365
2163,36.53793125396143,90.82096334444108,4.994323103431167
2164,35.809726488424964,91.1169744942832,4.765668125677557
2165,35.01215677450138,91.41399829980165,4.719844472699767
2166,34.140150432279356,91.79206566347469,4.450091995977231
2167,36.01177233846978,92.3544024289263,4.155586151875294
2168,37.65271109653385,93.04783092324806,3.483684577905243
2169,38.794969649837384,93.6205931729155,2.657614432851104
2170,39.45555137681065,93.56379988757729,2.6297591092951507
2171,39.761869313187304,93.77464788732394,2.2245257286693065
2172,39.761869313187304,94.0,1.8641196723941051
2173,39.45555137681065,94.32265317594154,1.6459638001740462
2174,38.794969649837384,94.54392837157246,1.609384128495573
2175,38.65088420799579,94.55307262569832,1.7543490212328274
2176,38.30703536124902,94.57429048414023,2.0157430683000612
2177,37.7422565475095,94.96681415929204,2.3979461475887582
2178,36.912035861848565,95.25507405375754,2.9983576673853856
2179,35.71301538437804,95.43973941368078,3.7296573518582194
2180,33.635643534159684,95.52278820375335,4.629410101989961
2181,32.07971991600223,95.65907887771307,5.875795596744942
2182,31.11061291658611,95.6278325779792,7.28764101403819
2183,31.702840194354774,95.50561797752809,7.91552138263592
2184,32.24167370735019,95.38677918424754,8.307284508664422
2185,32.729066764229934,95.27241279907754,8.893421200855038
2186,33.16668515885244,95.16366853435565,9.253550268575415
2187,33.5559489905341,95.06172839506173,9.749735635791103
2188,34.40095645173974,94.69931804091755,10.037056157986889
2189,35.616464103031255,93.947198969736,10.088691973191493
2190,36.69439638972235,93.01937207748831,9.322644600046951
2191,37.654436261107755,91.90311418685121,8.876857998834888
2192,38.51038619185572,90.87329992841804,8.880046872413393
2193,39.272387324399844,90.05912786400592,8.644842762959836
2194,39.94813652839288,89.22315308453922,8.13720255333702
2195,40.54360933209124,88.37118245888801,7.643483524906153
2196,41.063515553395234,87.51004016064257,7.027743777940587
2197,41.51159966891793,86.64749383730485,6.895625010048592
2198,41.89084568310306,85.79212070410729,6.6069185233657866
2199,42.20362035324317,84.9531116794544,6.545767905805372
2200,42.20362035324317,81.37254901960785,5.9385654511137425
2201,42.20362035324317,77.66410912190963,8.102178188648551
2202,42.20362035324317,74.12617220801364,9.16396488806003
2203,42.20362035324317,79.28388746803068,6.712584585278372
2204,42.20362035324317,79.28388746803068,6.597879628162124
2205,42.20362035324317,79.28388746803068,6.533055431876322
2206,42.20362035324317,79.28388746803068,6.64517837263776
2207,42.20362035324317,79.28388746803068,6.874076989758132
2208,42.20362035324317,79.28388746803068,7.06844323752775
2209,42.20362035324317,79.28388746803068,7.188519271364158
2210,42.20362035324317,79.28388746803068,7.270002255110259
2211,42.20362035324317,79.28388746803068,7.326143592278732
2212,42.20362035324317,73.87041773231032,10.861770955857116
2213,42.20362035324317,77.49360613810742,9.418534308736259
2214,42.20362035324317,81.28729752770674,5.284947095050074
2215,42.20362035324317,85.25149190110827,6.116375468088429
2216,43.35200831266733,87.54813863928113,7.944546583066065
2217,44.93044171014275,89.37472671622213,9.264350203022124
2218,46.029115198177315,90.95768374164811,10.898244001792163
2219,47.06174192856156,91.21281464530892,11.44697260562269
2220,47.61215689967102,88.57808857808858,9.645955466805383
2221,47.61215689967102,84.42890442890443,8.041685476387828
2222,47.61215689967102,80.46620046620046,5.766565349173911
2223,47.61215689967102,68.85780885780886,13.295869506674595
2224,49.05468294310622,80.27632205812291,5.406516876443533
2225,50.490728530665564,82.0350535540409,6.330879566708441
2226,52.360380882004755,85.53299492385787,7.728297255507746
2227,52.92901460625525,87.17020175892395,8.355595641350474
2228,51.60061387425712,86.63239074550128,8.332751721022962
2229,52.41289806694489,85.21462639109699,7.806378590441605
2230,54.135654937872445,84.10958904109589,7.612402457313278
2231,55.86885244763449,83.34280841387152,7.013915975127719
2232,57.1331052637994,82.36331569664902,6.605035015518155
2233,57.55481908742999,79.43094250148192,7.006208058635441
2234,57.30621891552864,74.72335468841001,8.369761884386493
2235,56.988495455183795,70.08547008547009,14.857539155500277
2236,56.599492629060734,65.57468073292615,19.794159820533572
2237,56.136412944842995,75.5256064690027,9.555201160521428
2238,55.595677833473154,76.21283255086072,9.953225156691465
2239,54.97272570946053,76.95017614494212,9.352471784938198
2240,54.261714028143935,77.72397094430993,9.204074686517837
2241,53.455065678192526,78.52161785216178,8.922741923115915
2242,52.542747748681194,79.33184855233853,8.583769900274882
2243,51.5110559037683,80.14486578610993,7.303401035197468
2244,50.34039645800772,80.95238095238095,5.971568541645637
2245,49.00075949144818,82.25242718446601,5.457128292782197
2246,47.44075189791596,83.3395038874491,4.912113949855849
2247,45.55152504520134,84.23280423280423,4.246136519057184
2248,42.81905659201769,84.95129324823648,4.468440803063641
2249,42.09571984036635,85.39435248296007,4.271529749393523
2250,41.299620930574925,85.84403382398997,4.283388563550162
2251,40.42516617472547,86.29640808934501,3.970288523516647
2252,39.465318703540454,86.74803836094159,4.077047341432042
2253,38.41102532134075,87.19597428012301,3.9840775986797623
2254,37.25028394962877,87.6377317925289,3.7129796167628046
2255,35.966517053945864,88.07126258714175,3.3699776181328756
2256,34.53545286828627,88.66848499876023,3.122866110387912
2257,32.918264248016534,89.33587241133064,2.9610234955960135
2258,31.042705528452025,89.87891249714416,2.8644939682297736
2259,28.720468781297136,90.30914273185705,2.886181458319348
2260,27.063419756960162,90.48539518900344,2.996418016405466
2261,27.063419756960162,90.48539518900344,3.5337585970483363
2262,27.063419756960162,90.48539518900344,3.738579228354197
2263,27.063419756960162,90.48539518900344,3.7864468241478053
2264,27.063419756960162,90.48539518900344,3.866609334806935
2265,27.063419756960162,90.48539518900344,4.0297081035280895
2266,27.063419756960162,90.48539518900344,4.165940966421828
2267,27.063419756960162,90.48539518900344,4.2760383383069085
2268,27.063419756960162,90.48539518900344,4.375689878809865
2269,28.720468781297136,90.30914273185705,4.436297898512108
2270,31.042705528452025,89.87891249714416,4.469744050730108
2271,33.66405773447042,89.42101501072194,4.631132444868741
2272,36.11633808613818,88.95522388059702,4.815713722339093
2273,38.14199742852868,79.16883116883118,10.760287979084616
2274,40.98039713248213,82.82608695652173,6.826464603682335
2275,42.97832208494285,86.64013644115975,4.924253685534475
2276,44.64994348242492,90.6064209274673,3.5560189510284053
2277,45.8190673687274,91.01224246043596,3.485446403866404
2278,46.741462708956774,91.3943028485757,3.583727860957379
2279,46.92671001313854,91.4765906362545,3.61916679844283
2280,46.57350630558757,91.25748502994011,3.6356143377817056
2281,47.757163757629556,78.95065584009994,10.349145619852903
2282,48.825902718855005,82.29166666666667,6.199838145613488
2283,49.793698329417566,85.96610169491525,4.200515480123478
2284,50.67087993334074,90.0916784203103,1.7852592813886814
2285,50.56505210698654,92.13724088634739,2.493888823119152
2286,49.70572179542738,92.04946996466431,2.7838644690681575
2287,48.480183694748206,91.84668989547038,3.055311078399084
2288,46.378462071946416,91.53529814941741,3.048070510664808
2289,45.05728332278433,91.36884693189481,3.4267235792848885
2290,42.86703951066808,91.09861019192587,3.5804847123194965
2291,41.77540580665619,91.08653220559532,3.909913321038754
2292,40.33455113671579,90.97000638162093,4.1771750160602545
2293,38.032161994275356,90.75577763897564,4.092152635911106
2294,38.420766014681526,90.10848755583919,3.7917024100020598
2295,38.760943637922495,89.45998698763826,3.3972960807136037
2296,39.05376458134227,88.81535407015221,3.164496033261531
2297,39.30011838595483,88.17998656816656,3.038344929934394
2298,39.50073202178793,87.55948334466349,2.7785242664984664
2299,39.65618356135038,86.95950583390528,2.479979548230562
2300,39.766912603703936,86.38562543192813,2.8149412892802492
2301,39.8332279399793,85.84316446911866,2.788215903957388
2302,39.85531280462972,85.33703961084086,3.5393281709454225
2303,39.8332279399793,84.87161693268564,4.524125474604102
2304,39.766912603703936,84.45058742225294,5.05584129518213
2305,39.65618356135038,84.07687028140013,5.535566873613629
2306,39.50073202178793,83.75254928619987,5.99229156123427
2307,39.30011838595483,83.47884486232371,6.708865636155594
2308,39.05376458134227,83.25612177365983,6.988366041887844
2309,38.760943637922495,83.08392973324658,7.492430556012532
2310,38.42076601468152,82.96107211231653,7.855096227966877
2311,38.032161994275356,82.88569643972517,8.460165521617924
2312,37.59385920434063,82.85539963392313,8.954439597819315
2313,37.10435396412189,82.86734086853063,9.403918717181112
2314,36.561874642262715,82.9183555298205,9.721828969387321
2315,35.96433446269846,83.00506471581316,9.966439336586111
2316,35.30927007390727,83.12397596941562,10.146013106681488
2317,35.54030555601723,83.01784748512709,10.140033269472875
2318,36.45390667233134,82.60513380666302,9.954906129387794
2319,37.1106646716289,82.11337369290038,9.589319901182074
2320,37.557076019338,81.54399557277254,9.669725209624131
2321,36.60432669207596,77.74813233724653,6.254446241351506
2322,35.562834238369106,74.16452442159382,5.67571356621006
2323,35.05768005299165,72.3876829883897,5.616258350935354
2324,35.00567603004875,72.02320887991927,6.83290112888828
2325,34.74155172231735,71.46451937594364,9.638294190511601
2326,34.24707148028121,71.19238476953907,10.97034555861927
2327,33.47972035428009,70.93081134892982,11.475427976699653
2328,32.33756268425409,70.80454096742349,12.165907928508101
2329,30.312095925791834,70.6399609184172,12.744213423283307
2330,31.138542206783566,70.70904645476773,12.954307651138404
2331,30.312095925791834,70.6399609184172,13.353708276962998
2332,29.173712660435026,70.50219405168211,13.616321015248039
2333,29.858223841278885,70.82514734774067,13.672822315061932
2334,30.78275304230696,72.85283776996484,8.675649570549202
2335,32.00952690746284,76.25260960334029,7.49034234348743
2336,33.12244795493336,79.86449864498645,3.170139656856962
2337,34.13554536752563,83.68953880764904,1.2333581938800846
2338,33.090369742326956,83.95647321428571,1.495379303593892
2339,31.15237142171009,84.14364640883979,1.6224056575132104
2340,31.94994113563368,83.89491719017704,1.8752874904112447
2341,32.67814590117015,83.66745283018868,2.0184598676638816
2342,33.34112713917752,83.46504559270517,2.2123949766420967
2343,33.9423056191373,83.29161451814768,2.6099190426564465
2344,34.484530260204686,83.15112540192926,3.097943297446826
2345,34.97018642454236,83.04749340369393,3.454841830342806
2346,35.40127633249925,82.98446995273464,3.918999895045666
2347,35.77947973423675,82.96551724137932,4.325412309881733
2348,36.106200231637956,82.99367533380183,4.5593290193995974
2349,36.3826009143901,83.07142857142857,4.980961089324559
2350,36.609631847814484,83.20057929036929,5.40907663625528
2351,36.78805119525771,83.38213762811128,5.618166159889457
2352,36.91844123760326,83.61623616236163,5.827687267472386
2353,37.00122018306067,83.9020771513353,6.257261571851585
2354,37.03665038909012,84.23791821561338,6.282596468098831
2355,37.024843410639804,84.62109955423477,6.604995723510461
2356,36.96576212124017,85.0481125092524,6.976775481753425
2357,36.85922000876395,85.51470588235294,7.364180980785728
2358,36.70487761216721,86.01602330662782,7.110254867937907
2359,36.50223592698887,86.54676258992805,7.256574293005138
2360,36.25062645307122,87.10134656272147,7.659126073723191
2361,35.94919737277015,87.6740947075209,7.679401529686674
2362,35.59689511193119,88.25938566552901,7.9213424269355235
2363,35.19244022079063,88.85180240320427,8.020552053738154
2364,34.734296075276426,89.44625407166124,7.9297206235575075
2365,34.220628274779465,90.03807106598985,7.78402672645973
2366,33.64925169370305,90.6230721776681,7.650155641113095
2367,33.01756075338803,91.19760479041916,7.425379314695059
2368,32.322436312378514,91.75856065002903,7.296757947684092
2369,31.560119079160277,92.30337078651685,7.258342233607756
2370,30.726033611232996,92.82998370450842,7.084751218726362
2371,29.814536776406413,93.33683105981112,6.516512717116633
2372,28.8185458623906,93.82278481012658,6.100596567589259
2373,27.728965090198827,94.287109375,5.7590479629675055
2374,26.533752755743322,95.03529411764706,5.325320876572588
2375,25.216294388895182,95.62556663644605,4.671011569078735
2376,23.752283739747426,96.07158446093409,4.616925552171106
2377,22.102861419175802,96.26050420168067,4.654082410361864
2378,21.13070175341675,97.13181448331977,4.1315787366548005
2379,20.079998400478647,97.8740157480315,3.757606889908351
2380,18.942656497084737,98.4958111195735,3.579086927683038
2381,17.403100142090526,98.86029411764706,3.5421401470599934
2382,15.272141981548065,98.9900779588944,3.57534362552924
2383,12.303488665441556,99.04371584699453,3.551489231374778
2384,10.987424673037834,99.07438016528926,3.5594227849023254
2385,9.551523848511046,99.10428662827896,3.577973781982131
2386,7.971385463025239,99.24172082946457,3.5689820930296934
2387,6.208061115907181,99.4311377245509,3.464543379956766
2388,4.189190988298596,99.5511149724877,3.449723157232628
2389,1.7263595531412619,99.6078431372549,3.4181542743531463
2390,-0.0,99.61432506887053,3.4141571267362174
2391,-0.0,99.61432506887053,3.4141571267362174
2392,-0.0,99.61432506887053,3.4141571267362174
2393,-0.0,99.61432506887053,3.4141571267362174
2394,-0.0,99.61432506887053,3.4141571267362174
2395,-0.0,99.61432506887053,3.4141571267362174
2396,-0.0,99.61432506887053,3.4141571267362174
2397,-0.0,99.61432506887053,3.4141571267362174
2398,-0.0,99.61432506887053,3.4141571267362174
2399,-0.0,99.61432506887053,3.404130139110806
2400,-0.0,99.61432506887053,3.3939477720813453
2401,-0.0,99.61432506887053,3.383673846484723
2402,-0.0,99.61432506887053,3.3733587951848327
2403,-0.0,99.61432506887053,3.3630325422326592
2404,-0.0,99.61432506887053,3.352249726079756
2405,-0.0,99.61432506887053,3.3375026645330204
2406,-0.0,99.61432506887053,3.3146178176113117
2407,-0.0,99.61432506887053,3.2794193391176387
2408,-0.0,99.61432506887053,3.098241355252324
2409,-0.0,99.61432506887053,2.955660005753936
2410,-0.0,99.61432506887053,3.053792736416736
2411,-0.0,99.61432506887053,3.0106167104827093
2412,-0.0,99.61432506887053,2.9779129265285733
2413,-0.0,99.61432506887053,2.9518282619328975
2414,-0.0,99.61432506887053,2.926115272944576
2415,-0.0,99.61432506887053,2.9018181560148983
2416,-0.0,99.61432506887053,2.878523519490548
2417,-0.0,99.61432506887053,2.8587346770795303
2418,-0.0,99.61432506887053,2.8409946822053365
2419,-0.0,99.61432506887053,2.830377684616183
2420,-0.0,99.61432506887053,2.8134172789241623
2421,-0.0,99.61432506887053,2.7930335543246225
2422,-0.0,99.61432506887053,2.7667188389709967
2423,-0.0,99.61432506887053,2.7483496503531377
2424,1.7263595531412619,99.6078431372549,2.7388398990990015
2425,4.189190988298596,99.5511149724877,2.75254702945854
2426,6.208061115907181,99.4311377245509,2.7768248656338277
2427,7.971385463025239,99.24172082946457,2.8253265989347556
2428,7.971385463025239,95.75982667904674,3.7641932547925028
2429,7.971385463025239,92.33983286908078,7.063703950470709
2430,7.971385463025239,88.98173939956669,9.900772859574184
2431,7.971385463025239,97.94181367997524,2.0600842381060764
2432,7.971385463025239,97.94181367997524,2.056293854079218
2433,7.971385463025239,97.94181367997524,2.0525662115538674
2434,7.971385463025239,97.94181367997524,2.048889144238647
2435,7.971385463025239,97.94181367997524,2.0452645045594697
2436,7.971385463025239,97.94181367997524,2.0416984956376463
2437,7.971385463025239,97.94181367997524,2.0382041007845753
2438,7.971385463025239,97.94181367997524,2.0347890163236926
2439,7.971385463025239,97.94181367997524,2.031451540997692
2440,7.971385463025239,97.94181367997524,2.028179300313372
2441,7.971385463025239,97.94181367997524,2.024966922723996
2442,7.971385463025239,97.94181367997524,2.021795504311618
2443,7.971385463025239,97.94181367997524,2.018639260784357
2444,7.971385463025239,97.94181367997524,2.015452204711199
2445,7.971385463025239,97.94181367997524,2.012230869678882
2446,7.971385463025239,97.94181367997524,2.0089863630401945
2447,7.971385463025239,97.94181367997524,2.0057130189469174
2448,7.971385463025239,97.94181367997524,2.002361311467022
2449,7.971385463025239,97.94181367997524,1.9988779356236213
2450,7.971385463025239,97.94181367997524,1.9988779356236213
2451,7.971385463025239,97.94181367997524,1.9988779356236213
2452,7.971385463025239,97.94181367997524,1.9949431365377528
2453,7.971385463025239,97.94181367997524,1.9910237983520271
2454,7.971385463025239,97.94181367997524,1.9871198301199697
2455,7.971385463025239,97.94181367997524,1.9832311416070214
2456,7.971385463025239,97.94181367997524,1.9735142843162072
2457,7.971385463025239,97.94181367997524,1.9543948772872932
2458,7.971385463025239,97.94181367997524,1.9212180335924345
2459,7.971385463025239,97.94181367997524,1.869825747827861
2460,7.971385463025239,97.94181367997524,1.8058885699783853
2461,7.971385463025239,97.94181367997524,2.328653516075687
2462,7.971385463025239,97.94181367997524,2.4254242208845973
2463,7.971385463025239,97.94181367997524,2.3958271001568767
2464,7.971385463025239,97.94181367997524,2.511225392504003
2465,7.971385463025239,97.94181367997524,2.632893456871859
2466,7.971385463025239,97.94181367997524,2.7527130775650885
2467,7.971385463025239,97.94181367997524,2.8617705971518324
2468,7.971385463025239,97.94181367997524,2.9543351408589533
2469,7.971385463025239,97.94181367997524,3.0313971841562655
2470,7.971385463025239,97.94181367997524,3.0977663986849358
2471,7.971385463025239,97.94181367997524,3.1555912365191645
2472,7.971385463025239,97.94181367997524,3.2050568626914946
2473,7.971385463025239,97.94181367997524,3.238429058292053
2474,7.971385463025239,97.94181367997524,3.2204136889797423
2475,7.971385463025239,97.94181367997524,3.193438712640501
2476,11.385788426729555,97.8675645342312,3.1685382133856694
2477,13.807130426848488,97.74048845323144,3.1432127414801623
2478,15.783776146225472,97.53830263384404,3.18599709966715
2479,17.504114590438093,97.25343320848938,3.2052872423000536
2480,19.04047759424965,97.02567892111583,3.2269710565671574
2481,20.43178400200824,87.22020279318922,9.935536301968092
2482,21.702403293908272,90.75064369182016,7.141224890543852
2483,22.869017272397627,94.46607911457266,3.574239140347671
2484,23.943739439118993,98.36760652957388,2.3190609727713043
2485,23.28631991965496,98.60788863109049,2.72553995461613
2486,22.320764103404443,98.76388015922899,3.161071074147508
2487,20.86448897762059,98.83648452108872,3.6221753881752683
2488,20.03094301124334,98.82476390346275,4.37830746304095
2489,20.797256140240776,98.7902354720242,5.616568936937329
2490,23.675862994572505,98.71823701371711,7.23538855406688
2491,26.541366486736134,98.64136800187397,9.098868204706994
2492,28.824280477439967,98.51110568708812,9.53938426177844
2493,30.6596320466262,98.27103991863717,9.893672168918997
2494,31.31468792877991,96.78094739596965,9.745640013708861
2495,33.2310419698097,95.87740710604828,9.548208158240975
2496,35.457133627970855,95.61030869442084,9.877258012179343
2497,37.234274640411016,95.21135087200709,9.87470528272196
2498,38.80057480291848,94.694632942628,9.459166845216705
2499,40.20842273541368,94.04761904761905,9.36772595375977
2500,41.449304215689544,93.2260228034876,8.526585126983862
2501,42.553351510598326,92.21368715083798,8.036090418472908
2502,43.54029218350542,91.28540305010893,7.684926440282433
2503,44.42397747743676,90.57315233785822,7.421492530054948
2504,45.214601989914684,89.83580922595777,6.931082540631556
2505,46.53418822080905,89.12423625254583,6.586494717095976
2506,48.33151005531058,88.38103374626228,6.3600011340371125
2507,49.93201752074137,87.50559785042543,5.9181992604550695
2508,50.6267945129468,84.46379468377636,4.3190896166067
2509,50.6267945129468,79.56003666361137,3.6214897094638823
2510,50.6267945129468,74.83959670027498,7.85944690958144
2511,50.6267945129468,70.30247479376719,13.416454974249742
2512,50.6267945129468,83.13473877176902,2.8684178785136094
2513,50.6267945129468,83.13473877176902,3.4065056208464335
2514,50.6267945129468,83.13473877176902,3.5036878265778095
2515,50.6267945129468,83.13473877176902,3.518722332145103
2516,50.6267945129468,83.13473877176902,3.6467850561739548
2517,50.6267945129468,83.13473877176902,3.8117838960149193
2518,50.6267945129468,83.13473877176902,4.024678603364991
2519,50.6267945129468,83.13473877176902,4.2797605918614385
2520,50.6267945129468,83.13473877176902,4.555748052248046
2521,50.6267945129468,83.13473877176902,4.850169073106136
2522,50.6267945129468,83.13473877176902,5.153449405884551
2523,50.6267945129468,83.13473877176902,5.458124778806495
2524,50.6267945129468,83.13473877176902,5.7694686301190465
2525,50.6267945129468,83.13473877176902,6.0863183659257185
2526,50.6267945129468,83.13473877176902,6.431998677375592
2527,50.6267945129468,83.13473877176902,6.8132427523508685
2528,50.6267945129468,83.13473877176902,7.209718579823627
2529,50.6267945129468,83.13473877176902,7.612862687547333
2530,50.6267945129468,83.13473877176902,8.019560988095181
2531,50.6267945129468,83.13473877176902,8.432074729495838
2532,50.6267945129468,70.30247479376719,21.09523899556707
2533,50.6267945129468,74.83959670027498,16.58413639950504
2534,50.6267945129468,79.56003666361137,12.398561441708823
2535,50.6267945129468,84.46379468377636,8.851637844470151
2536,49.93201752074137,87.50559785042543,7.68638419343099
2537,49.51870573265961,88.08380619816674,7.851186773184776
2538,49.04256264732017,88.6720407297412,7.873137414917324
2539,48.50096658641148,89.26367749897162,7.806832310784937
2540,47.890704549414046,89.85276561878233,7.737421378016297
2541,47.20782558215208,90.43411448328851,7.626293144204593
2542,46.44743304387991,91.0033320992225,7.257261717387346
2543,45.60338181636398,91.55682223013893,7.356852003195316
2544,44.667820613426926,92.09174940089011,7.175833382761903
2545,43.63046728929527,92.60598093986198,7.108975730444738
2546,42.47739026728368,93.31862590608257,6.384146123436227
2547,41.18878809298408,94.11054062216853,5.605100903318792
2548,39.73446037976292,94.7353196413075,5.321297923430158
2549,38.06283898228085,95.20908335641097,4.6534937198162085
2550,36.24151588359562,95.59798461946433,4.354672025317609
2551,34.22956246063389,95.91059182118364,4.394979891796522
2552,33.283191228609574,96.90949227373068,3.7502913996382476
2553,32.25312355610049,97.75147928994083,3.2869099129409634
2554,30.62560710000943,98.20127504553734,3.216372751892538
2555,27.734178720176132,98.2961992136304,3.0814641238842695
2556,25.96858204736944,98.55042016806723,2.8482569521040424
2557,23.87875566395416,98.70707070707071,2.724813701470354
2558,20.9504386453488,98.77622377622377,2.926060567378502
2559,19.721765992086894,98.8171235448742,3.5153409128944464
2560,18.381692439340792,98.85703918722787,3.4758570252900034
2561,16.910224001095706,98.89589905362776,3.450973742582661
2562,15.276980434961576,99.15368991198375,3.427484072003282
2563,13.430225319290118,99.32984635501798,3.401549558947989
2564,11.260791106882175,99.43181818181819,3.408439182451407
2565,8.2543586470295,99.4666260286498,3.4268974131437333
2566,5.237557751852812,99.49941107184924,3.4543366366757304
2567,3.0370119579712087,99.58701224722302,3.4878468226049844
2568,-0.0,99.61432506887053,3.5419008189540886
2569,-0.0,99.61432506887053,3.5918382718941353
2570,-0.0,99.61432506887053,3.6524289514265833
2571,1.7263595531412619,99.6078431372549,3.7201166585829126
2572,4.758382620976999,99.57995365005793,3.7934065238787076
2573,6.9538546023610674,99.49071300179749,3.891436562957207
2574,8.827110556016208,99.33395291201983,4.031661289872097
2575,9.679905889030268,97.46416758544653,3.6225561274588114
2576,11.385788426729555,95.67099567099567,3.079531031222718
2577,11.385788426729555,92.19175885842553,3.0563080820984205
2578,11.385788426729555,88.77665544332211,5.190325112553441
2579,11.385788426729555,85.42568542568543,7.555624486609751
2580,11.385788426729555,94.32419432419432,4.809529092641741
2581,11.385788426729555,94.32419432419432,5.010575154029541
2582,11.385788426729555,94.32419432419432,5.205587842957662
2583,11.385788426729555,94.32419432419432,5.400339784641418
2584,11.385788426729555,94.32419432419432,5.600868385211697
2585,11.385788426729555,94.32419432419432,5.804780855487912
2586,11.385788426729555,94.32419432419432,6.004933324133627
2587,13.089009522925812,94.25399934704538,6.160435198932399
2588,15.504956271275674,94.06091370558376,6.25967155027266
2589,17.476107280260987,93.79165205191161,6.163949949196159
2590,19.19084781951996,93.43874954561977,6.020640718021218
2591,20.72150577334099,93.14500941619586,6.095309296393939
2592,22.10699580431429,92.97698010144362,6.455640560648661
2593,24.00932063208419,92.77181615711683,6.902862056576961
2594,25.21414311050927,92.07381002306563,7.025716725388036
2595,26.321215798426167,91.25244193618407,7.142499861274581
2596,27.341022272069036,90.29867505052773,7.032628012185595
2597,27.82079432709698,87.73692623886733,6.371159115770464
2598,27.82079432709698,83.74058004110528,5.113458913210619
2599,27.82079432709698,79.83557889929207,4.508071620503871
2600,27.82079432709698,76.02192281342772,7.537633907912452
2601,27.82079432709698,86.57227677551953,7.973307919260486
2602,27.82079432709698,86.57227677551953,8.711969433088575
2603,27.82079432709698,86.57227677551953,9.45686690491617
2604,27.82079432709698,86.57227677551953,10.207520239370009
2605,27.82079432709698,86.57227677551953,11.042589938622063
2606,27.82079432709698,86.57227677551953,11.976111261852921
2607,27.82079432709698,86.57227677551953,13.036049369924037
2608,27.82079432709698,86.57227677551953,14.910475562071433
2609,28.89589767358466,86.2937062937063,16.25527678955383
2610,30.758353030981066,85.64837299660029,16.588089694500553
2611,30.758353030981066,81.49587178241865,15.595727937745421
2612,32.392711071461896,79.13151364764268,12.962128065725356
2613,34.668811491614434,78.39378238341969,12.912860618490996
2614,36.9310465926064,77.6123443421765,13.060817642349463
2615,38.745229684023684,76.69683257918552,13.493337863148781
2616,40.29960423107481,75.63496751329002,12.375832254604829
2617,41.66634678503267,74.41430332922319,12.126611275250665
2618,42.884210267989985,73.56913183279742,13.018827183167481
2619,43.977386597400375,72.72117962466488,13.755395883190094
2620,44.96236724913637,71.87718073970692,13.012257207299157
2621,45.85106137115514,71.04499274310595,10.84555015189698
2622,46.65242160399651,70.23360964581764,11.419327715388516
2623,47.37337577846744,69.453125,11.523804856937293
2624,48.01939907737252,68.714632174616,12.366563927548603
2625,49.251214820644456,67.04737732656514,8.889241662890935
2626,50.33020505110844,65.16357206012378,10.277085314545486
2627,51.14772502489959,62.85057471264368,9.30533878147637
2628,51.743197828597964,53.20970042796006,6.612207100158013
2629,52.60363824559092,55.423476968796436,6.867459429987462
2630,53.23245946876711,57.35520246027678,7.48282274893489
2631,53.65760889030429,58.92575039494471,8.373635053536844
2632,53.47782792720016,58.555729984301415,8.172613749564968
2633,54.31655595219051,58.494511238891796,8.174184747922775
2634,55.35899015830969,59.050131926121374,8.826843817464043
2635,55.84752899645024,59.36339522546419,9.132182208431963
2636,57.102232606812706,62.201222901612006,10.543396052424301
2637,57.462630111280845,61.42938173567782,11.432586821650782
2638,58.37334579350897,60.141927853341215,10.496726462621618
2639,58.76020539585566,56.76167374166161,9.487098620273759
2640,59.06958961248543,53.188854489164086,9.094279815197323
2641,59.3039781471485,49.46507237256136,10.703475168889238
2642,59.46516243572574,48.18586887332909,12.90526207922397
2643,59.55433326288543,46.95707879564382,14.126469938530006
2644,59.57213554630141,41.18024374599102,18.319486496468084
2645,59.51869688254606,44.153354632587856,19.203185927536328
2646,59.39363310245527,47.11842938568714,17.847568806044926
2647,59.196031452795694,50.031230480949404,16.393235709651155
2648,59.196031452795694,50.031230480949404,17.569593889429843
2649,59.196031452795694,50.031230480949404,18.76406714446481
2650,59.196031452795694,45.34665833853841,24.12631874621244
2651,59.196031452795694,48.40724547158026,22.973731752392712
2652,59.196031452795694,51.71767645221736,19.551427638468983
2653,59.196031452795694,55.27795128044972,19.020038712542018
2654,58.465164532132384,57.753357753357754,19.1650278565054
2655,58.465164532132384,61.72161172161172,16.45607377189088
2656,58.465164532132384,65.93406593406593,15.14502569203726
2657,58.465164532132384,70.39072039072039,9.755802069413862
2658,58.179173943536675,70.95808383233533,9.433730095592837
2659,57.81770180973743,71.6374269005848,8.397133138649792
2660,57.37782007770102,72.4118316268487,5.712657362616337
2661,56.85569957979391,73.26350606394708,5.428225221456079
2662,56.24636990526318,74.17465388711395,5.705397291643733
2663,55.543357036631924,75.12820512820512,5.709131041434659
2664,54.7381178726416,76.10837438423646,5.399690525196511
2665,53.81911414687506,77.10103871576959,3.762163633850744
2666,52.77019135494759,78.68112014453477,2.23425782355935
2667,51.56746467717698,80.02588438308887,1.7359011003745792
2668,50.17246186536038,81.1522633744856,3.517735337067901
2669,48.51326358145926,82.07843137254902,4.242582102577788
2670,46.401862669959726,82.82300224047796,4.763298126402992
2671,45.06624418923448,82.36167842554772,4.787375772203261
2672,43.45461835043692,81.7545152967195,4.657763890758645
2673,42.31235979713338,81.09689213893967,4.312670898491603
2674,41.388174707878356,80.27036901717209,3.3854272365433045
2675,42.792862623744014,80.16284233900814,3.348649946901423
2676,44.301042841283966,80.17306245297216,3.499771347575677
2677,45.323461464979,80.09153318077803,3.280256267227807
2678,46.04375054410285,79.91518889745566,3.445334245111086
2679,46.52844349773814,79.95337995337995,3.717376612988651
2680,46.809246509122126,80.32786885245902,4.217292241638741
2681,46.90132792802082,81.0398749022674,5.359179743090046
2682,46.753173843960035,81.32553606237816,5.788852520028982
2683,46.36980833161372,80.75880758807588,5.438027133056308
2684,45.7931361924204,79.95400536604063,4.706591565343223
2685,45.095246110958406,78.12734082397004,3.5164248907886817
2686,44.38586506367507,75.41576283441793,4.422514800874072
2687,43.599733442618636,72.6829268292683,5.11751886711549
2688,45.17050919034881,74.52661664880314,4.5209080128518275
2689,46.90586632283376,76.83241252302025,4.979930106352561
2690,47.738254007721075,77.51765143069491,5.130827011960618
2691,48.48404749417497,77.6330480089319,5.436104910580687
2692,48.284501584331245,77.43132887899034,5.89027042256618
2693,47.64686391342622,77.11645101663586,6.3335514704460465
2694,48.7413021424883,76.98324022346368,6.944563177253358
2695,49.29288681599163,77.02955480733259,7.584600665550672
2696,49.46561338182038,77.1449981266392,8.475774913628857
2697,49.29288681599163,77.32884399551067,9.208790784031365
2698,48.7413021424883,77.69087523277467,10.554312754229382
2699,48.79595971269357,77.5881683731513,11.372212436984741
2700,49.73863929094343,77.1055753262159,12.080847414943179
2701,50.58379601546683,76.657060518732,12.739142702549543
2702,51.34030804277725,76.25160462130937,13.292999348961354
2703,51.6875239093453,73.67044463818658,14.553729907355386
2704,51.6875239093453,69.00610287707062,10.270036191444056
2705,51.6875239093453,64.51612903225806,9.410108914669117
2706,51.6875239093453,60.20052310374891,9.746022038006293
2707,51.6875239093453,72.40627724498692,20.750134771583898
2708,51.6875239093453,72.40627724498692,22.084714179830257
2709,51.6875239093453,72.40627724498692,23.046234124367068
2710,52.09838188182009,71.48576512455516,20.674856549982053
2711,52.85052809112294,69.472710453284,18.522000900672325
2712,53.51608537070409,67.22648752399232,13.59070184860249
2713,55.31357350767253,65.37882589061716,14.979412320627196
2714,57.305332319623616,63.949179460031765,14.7418990955142
2715,58.8407328731422,62.29782487451199,12.776042324211959
2716,60.107482067136964,60.410557184750736,11.96591531485508
2717,61.17716507833917,58.76923076923077,11.467263996502236
2718,62.087880760567295,57.630392788151966,10.682258267135415
2719,62.86309488284441,56.61517797179315,10.910795541559278
2720,63.5184894416368,55.75715282623866,10.296190976064677
2721,63.80482566642497,53.05397727272727,9.24283908255073
2722,63.80482566642497,48.57954545454545,6.430431558334988
2723,65.19871766226521,45.653761869978084,6.102757659128063
2724,66.98095413028031,43.94757131842714,7.039030960608367
2725,67.42852002061828,41.22319301032566,7.566758174894635
2726,67.77562493434952,38.40520748576078,9.41940150842078
2727,68.02686183611864,33.222866611433304,12.199963754582784
2728,68.18533959562407,39.48030176026823,9.87623468204122
2729,68.25293332412103,43.639427127211455,8.512733066369192
2730,68.23042354480306,47.266610597140456,6.837171775045053
2731,68.07683442435358,50.83194675540766,6.738186179595642
2732,67.78481577560174,54.81239804241436,7.549437500881665
2733,67.38913673086002,58.58505564387917,8.379693097272328
2734,67.38913673086002,58.58505564387917,8.64211795071743
2735,67.2526359744162,58.16890292028413,8.74326542577335
2736,67.44339598991532,56.06299212598425,8.153362120424962
2737,67.9166385633561,54.92845786963434,8.088103595000096
2738,67.26060050611005,52.086553323029364,7.187546092029612
2739,66.4113122716122,50.37369207772795,7.675210940491516
2740,65.31967856760032,48.489208633093526,8.835311035760364
2741,64.36787786741327,47.36472241742797,9.283971198426675
2742,62.946836429690634,46.90327070285316,9.608196879673956
2743,62.79322437841759,46.38678596008259,10.359892068233837
2744,62.137666443629705,44.90339773484344,11.703805813247017
2745,61.34087115120674,43.80218368657675,13.14342938193028
2746,61.20780806507496,43.48378893833439,13.27991058823019
2747,61.00716436681973,55.04070131496556,7.216770971324692
2748,60.73763573410089,59.300184162062614,7.045312743928915
2749,59.410670508959015,61.776738749269434,8.777112400132395
2750,57.74639234102591,63.96446418656302,10.677517825487596
2751,55.23132827513726,65.87677725118483,10.518108358597672
2752,54.17158180761855,66.8034889687019,10.431055960045171
2753,53.602390174940155,66.73500768836495,11.105458733442052
2754,54.537340360789784,65.85111920874544,12.003278734883681
2755,55.34348318670899,63.50515463917526,11.929794054907152
2756,54.579439992326094,59.613478691774034,8.692816155067964
2757,53.70825659080101,55.98859315589353,7.401943608903008
2758,52.71632682940057,52.638762511373976,6.851686762725213
2759,52.36619248100833,51.78168696436626,6.597643466495508
2760,51.516904246510485,50.77399380804953,4.489095997923007
2761,51.04366167306972,50.50593928728553,4.07842912640866
2762,50.66327865047803,50.306748466257666,4.242317013388543
2763,50.66327865047803,50.306748466257666,4.586719117530501
2764,51.522455299204026,50.111557340473006,5.062272242570117
2765,51.873173079111254,49.70681100586378,5.318717773933528
2766,51.73845583302498,48.37271511368703,6.048748386076341
2767,51.15681717596134,46.78740836567486,7.133526198660212
2768,50.50167357188274,45.5264253017062,8.709830592775765
2769,49.76818183513226,43.92785571142284,10.75628622866332
2770,49.505004001828986,52.679275019700555,5.680503101547761
2771,48.64204896259451,50.60560181680545,6.133622049461603
2772,47.682087109527316,48.474945533769066,6.989207205770342
2773,46.61324851808416,46.381350034794714,8.337823029378239
2774,46.61324851808416,50.73068893528184,6.213680721915369
2775,46.61324851808416,50.73068893528184,6.385647729882295
2776,46.61324851808416,50.73068893528184,6.595748790249584
2777,46.61324851808416,50.73068893528184,6.817205243282181
2778,46.61324851808416,46.45093945720251,9.40155862384383
2779,46.61324851808416,50.661099512874046,7.412631461140886
2780,46.61324851808416,55.01043841336117,5.3991006857417965
2781,46.61324851808416,59.49895615866388,4.394843913603802
2782,45.66135225821716,61.5975935828877,5.318490355242474
2783,44.60809958338994,63.50224502886466,6.376630345354856
2784,43.3825432444531,65.11985248924401,7.040920961321163
2785,43.3825432444531,65.08912108174555,7.434434472617055
2786,44.60809958338994,63.40602950609365,7.200072644121438
2787,45.70917258245861,61.53846153846154,6.638397858227718
2788,46.74652590659028,59.51882845188285,5.8646232634999755
2789,47.723283079134745,57.34011627906977,6.493010110543913
2790,48.603520393186564,47.314674735249625,6.742334866237597
2791,49.396176860717674,48.93867924528302,6.869134864991637
2792,50.108165453877874,51.101141924959215,7.621743492037613
2793,50.74494511408396,53.71621621621622,9.052331115677754
2794,50.94026861394498,55.33647663951993,9.824857426971016
2795,50.596419767198206,55.091606305922454,10.546879711333156
2796,50.684310945564036,55.275523280649296,11.394078446056453
2797,50.47856100153611,54.8619957537155,11.670803404239857
2798,50.33013396405097,54.630021141649046,11.917771284283571
2799,50.33013396405097,54.630021141649046,12.106458287998171
2800,50.33013396405097,56.53276955602537,13.092767063754174
2801,51.593569486220446,58.034188034188034,12.774404330769004
2802,52.60348728040574,58.584987057808455,13.021511310597953
2803,53.44067086115447,59.0,13.861310283481265
2804,54.935910634532206,57.12979890310786,12.6605545911156
2805,55.59619707545911,53.723653395784545,11.646729960125104
2806,57.107156206647005,50.45739046701974,9.344980350910891
2807,59.70034258726133,48.49872773536896,8.423235588889368
2808,61.70304155755784,46.36901559978483,8.202677949244023
2809,63.24979916111511,38.500851788756385,8.57190344228431
2810,64.11304034371358,40.28520499108735,11.929555298421576
2811,64.50039045820093,41.16575591985428,12.04987662134953
2812,64.50039045820093,41.16575591985428,13.415822844883857
2813,62.98837452707949,38.987924094307076,15.902104115685631
2814,62.06597918685013,38.67655447803765,16.246066659834813
2815,60.659411969213636,38.04713804713805,18.436475370006406
2816,61.026851004948455,39.055299539170505,20.487054612952154
2817,61.32733164175704,39.92932862190813,23.242762989193128
2818,61.56266316288704,40.64748201438849,23.167358237312445
2819,61.31041695801501,45.97974985110184,19.14038604897526
2820,61.31041695801501,49.73198332340679,17.016729414275115
2821,60.925868806223804,52.93427230046948,16.07622318512272
2822,60.027722447418064,55.28409090909091,16.039499775447613
2823,58.679342481491794,57.330415754923415,16.040798007285318
2824,56.8665205493533,59.19117647058823,14.85767727704411
2825,55.70372958181563,61.23481781376518,13.446586203865214
2826,54.267933732565254,63.083657587548636,12.602711587977947
2827,54.22772149482136,58.72938894277401,15.44998998789492
2828,54.13373422796541,62.909441233140655,12.608280246259108
2829,53.98558716303508,66.96854146806483,11.162424312187532
2830,53.78266439601642,70.86466165413533,5.540835973849022
2831,53.24436829680464,72.56515775034293,8.015162234811251
2832,52.94683794364572,73.7337516808606,8.800913476041941
2833,52.5922328221328,74.94524748138414,9.02397848946035
2834,52.17892684781589,76.1843790012804,10.081439315551847
2835,51.70492451540416,77.43674823724595,12.137081620622297
2836,52.29463381179678,78.13531353135313,13.475822083229664
2837,53.5455593810234,78.12762384550798,14.846561265826304
2838,54.43264287412886,78.02385008517888,15.962052558011024
2839,55.060291247528184,77.82084409991387,16.949266639522552
2840,55.47443866597833,77.86458333333333,17.212037737249666
2841,55.184177232949786,76.09714529186195,15.563533353205957
2842,54.25929596941101,72.86821705426357,15.431593197292102
2843,53.22453497226246,69.68396410456496,9.631490181459212
2844,52.604079790430205,68.0640243902439,7.950386497600246
2845,52.31367104217091,68.14730447987851,8.33357290510857
2846,51.25317096223807,65.22529069767442,6.194441466040703
2847,51.80475563574141,65.43795620437956,6.480312525840371
2848,51.25829144861179,63.9186295503212,6.081112513511151
2849,52.649804324177026,62.3502994011976,5.72847678891246
2850,54.27369801260566,60.75501376327173,5.553264148026476
2851,55.96904073672745,51.387163561076605,6.6827723449774625
2852,57.4013184090115,54.074074074074076,6.284123100390651
2853,59.57833434305242,57.05747126436781,6.171995128200222
2854,60.695785569603764,58.7038789025544,5.8311631935967805
2855,59.291243260503066,55.70017953321364,6.697346526027203
2856,57.62280133790295,52.808510638297875,7.298063705999207
2857,57.62280133790295,48.51063829787234,10.919572432772819
2858,57.62280133790295,50.59574468085106,9.90920974989407
2859,57.62280133790295,54.97872340425532,6.932989438300343
2860,57.62280133790295,59.53191489361702,4.694416547472872
2861,57.62280133790295,64.25531914893617,1.1207781760387976
2862,56.07363524637138,64.90066225165563,1.057630820603135
2863,55.415111261481584,64.81937602627258,1.1441274640706023
2864,54.3699356362829,64.16396103896103,1.4354375859300688
2865,52.43193731566605,63.32,1.5492076974893947
2866,53.68025218755993,63.57429718875502,1.6919116531874425
2867,53.89624011268735,63.62540192926045,1.7991170291047445
2868,53.50784168009367,63.42147435897436,1.7523304602980088
2869,52.96405357146777,63.269384492406076,1.6631476043521478
2870,51.80026678205847,62.967382657120126,1.4921777721963065
2871,50.81482560646632,62.569169960474305,1.5639144661208964
2872,50.81482560646632,62.569169960474305,1.7242986973696182
2873,50.81482560646632,62.569169960474305,1.9081229167753277
2874,50.787690204088854,63.21612011062821,2.328095946482747
2875,50.567826991014684,63.8440330838913,3.133092511121128
2876,51.45151228494602,62.90521132540008,4.439750347891633
2877,52.24213679742395,62.01451131028596,5.676788377057016
2878,52.94745616051756,61.187416925121845,6.819354718165967
2879,53.57351069909486,60.44056906837999,8.640493794721591
2880,54.125081917621955,59.79137031768611,10.124879220900585
2881,54.6059938823272,59.25744992672203,11.668058107191863
2882,55.01931929680286,58.85599598595083,13.071582391475681
2883,55.3675241729724,58.60297894196199,14.741773820016633
2884,55.65257126949238,58.51231011000524,16.294479915507196
2885,55.87599476748508,58.59499733901011,17.56215789058771
2886,56.038954115543326,58.858373721055465,18.625852046618686
2887,56.14227217829377,59.30548019533369,19.899329866766436
2888,56.18646101676702,59.934676102340774,20.700160348637027
2889,56.17173739951501,60.73953235454051,21.284838323033615
2890,56.09802924745373,61.70903190914007,21.9379849749022
2891,55.96497349882063,62.8280664167113,22.627865574503065
2892,55.77190523399666,64.07818277865822,22.623007633233655
2893,55.51783723042541,64.34872859366891,23.554139885107407
2894,55.20142832726279,67.34382935500254,24.21807047626395
2895,54.82093794023706,70.57949479940565,19.40885946936708
2896,54.37416258809801,73.23062108810785,15.17228921593123
2897,53.71897452810054,74.91871806781235,16.237109171252943
2898,52.97684890968105,77.15690657130085,14.809745612688179
2899,52.140133121193124,79.13267496779734,13.57424191236024
2900,51.19872612618048,80.85631947303418,10.428893272564192
2901,50.13886190761072,82.34134804887663,9.405095033955734
2902,49.52667563234041,84.21654593976363,8.57164641050385
2903,48.84504776660337,86.19801251380198,7.4641632878913535
2904,48.089521775947794,87.93898545583541,6.942935693023832
2905,46.8404168164804,88.90397013912454,6.594665710179801
2906,45.73660407059054,90.0358189514816,5.564294874167895
2907,44.600532835210316,91.0625,4.927473097057243
2908,43.06106371542371,91.66168559473999,4.67259841228698
2909,41.72459511790277,92.45770002867795,4.834431437241212
2910,39.73381017271001,92.81601316150261,4.938376700870502
2911,38.040766704396454,93.24927764644077,4.934190351753774
2912,36.02192093255725,93.55974842767296,4.746210770195299
2913,33.163078736361264,93.76053962900505,4.804419883751139
2914,30.290987561242577,93.95058877857308,4.855892400464307
2915,29.202842724618776,94.07176287051482,4.955301092518676
2916,28.0165557181352,94.19479681788863,5.073192125824992
2917,26.718023570556866,94.3188886585113,5.167416568551055
2918,25.287285284336107,94.44333399960024,5.261631689434359
2919,23.693991708313998,94.81795415141592,5.147242323824042
2920,21.886435757641664,95.09931316131427,4.8344902925854445
2921,19.7554775970992,95.29601144696834,4.732051892355061
2922,16.786824280992693,95.41616405307599,4.735385469949074
2923,15.055445298742375,95.68979863538026,4.620220423397797
2924,13.06795980071226,95.88622850715089,4.644433991814935
2925,10.635971610182215,96.01241272304112,4.648019126065114
2926,7.780300883352802,96.11810551558753,4.69628166766352
2927,4.758382620976999,96.20509849362688,4.698300195810346
2928,1.7263595531412619,96.28851540616246,4.714498389711658
2929,1.7263595531412619,99.6078431372549,3.077393884589351
2930,-0.0,99.61432506887053,3.0738758418960623
2931,-0.0,99.61432506887053,3.0738758418960623
2932,-0.0,99.61432506887053,3.0738758418960623
2933,-0.0,99.61432506887053,3.0738758418960623
2934,-0.0,99.61432506887053,3.0738758418960623
2935,-0.0,99.61432506887053,3.073410123043079
2936,-0.0,99.61432506887053,2.9159426880921337
2937,-0.0,99.61432506887053,2.7460177595425908
2938,-0.0,99.61432506887053,2.5836069929409353
2939,-0.0,99.61432506887053,2.568127787371613
2940,-0.0,99.61432506887053,2.8934624834060925
2941,-0.0,99.61432506887053,3.607448489293355
2942,-0.0,99.61432506887053,3.6123629251888336
2943,-0.0,99.61432506887053,3.636580468440637
2944,-0.0,99.61432506887053,3.6766471134027796
2945,-0.0,99.61432506887053,3.7313024151816303
2946,-0.0,99.61432506887053,3.7985442776473857
2947,-0.0,99.61432506887053,3.8765062325334183
2948,-0.0,99.61432506887053,3.966099142055187
2949,-0.0,99.61432506887053,4.067712002778309
2950,-0.0,99.61432506887053,4.188431532862571
2951,-0.0,99.61432506887053,4.321264364458242
2952,-0.0,99.61432506887053,4.466752153507547
2953,-0.0,99.61432506887053,4.62816953111951
2954,-0.0,99.61432506887053,4.8162103970373815
2955,1.7263595531412619,99.6078431372549,5.027182399292902
2956,1.7263595531412619,96.28851540616246,3.826434691155194
2957,3.4502350984670764,94.60190856003419,2.944707457572968
2958,5.908035540662013,94.46162910590661,3.4258631226852416
2959,5.908035540662013,91.14744439534542,3.3081838876131324
2960,5.908035540662013,87.89217852408308,4.986694461767322
2961,5.908035540662013,84.69583149211961,6.621416822959293
2962,5.908035540662013,93.22433348063043,4.52740377953891
2963,5.908035540662013,93.22433348063043,4.708315643405949
2964,5.908035540662013,93.22433348063043,4.9198029855617875
2965,7.624332391170268,93.15150606923423,5.153339228157446
2966,10.066779977503812,92.95796494493563,5.252734826236247
2967,13.481182941208129,92.79974284795885,5.514807904110675
2968,15.902524941327062,92.58827448367755,5.7492343966846455
2969,18.21174100666207,92.35019858400968,6.1015918357007095
2970,21.180394322768574,92.1491306685786,6.569729121358343
2971,23.412638639441838,91.88686267212505,7.019642857159043
2972,26.101323207157645,91.62799690641918,7.440737387319184
2973,28.46638072811975,91.35504624045033,8.097526096864359
2974,30.460973550125743,91.00982646874347,8.827945721517334
2975,32.29276770408975,90.60461070030448,9.365151957330463
2976,33.94219002466137,90.1131221719457,10.0697188509916
2977,34.69447661124283,87.77111213659437,9.6516033493456
2978,34.69447661124283,83.73327180433779,8.815302511750046
2979,34.69447661124283,79.78772496538994,7.162272822122522
2980,34.69447661124283,75.93447161975081,7.596631642380407
2981,34.69447661124283,86.59437009690816,14.311842522245431
2982,35.40620067380913,86.23529411764706,15.626260814921391
2983,37.72251582911526,85.58116723884257,16.328916936429643
2984,40.01216639263284,85.01536885245902,17.440157080522305
2985,41.85441031069656,84.32316746923489,18.493338228030353
2986,43.29439047700601,83.3984375,19.40378023364244
2987,44.69303973345215,82.38719068413391,20.08118951175925
2988,46.15477357477876,81.38119866139337,20.819533430454477
2989,47.45097059355149,80.2033682872577,19.628969910822338
2990,48.61184104598178,78.8391376451078,18.24304492248962
2991,49.65719705115072,77.55102040816327,18.02649418828508
2992,50.665129406562734,76.19047619047619,17.405814278592143
2993,51.61366148897066,74.35125987213237,17.088187207803013
2994,52.44913420697952,72.25048923679061,17.74217588585559
2995,53.6383590258766,70.3355155482815,13.48304458687579
2996,54.3412451322262,67.79949022939677,9.741899496215632
2997,54.96863555475853,65.00880281690141,8.047489696178603
2998,55.52488674327469,61.965423111919925,6.962226522877297
2999,56.013519017048765,60.647279549718576,6.335800888842328
3000,56.43739004636434,59.064609450337514,5.920061606838638
3001,56.79881850816288,57.559288537549406,5.957488815469602
3002,57.09967376780227,56.15539858728557,6.325509111849362
3003,57.34144157779313,54.87679671457906,7.484696252328032
3004,57.52527226352111,53.74609781477628,8.100421420871996
3005,57.65201566199969,52.78361344537815,9.246048838018362
3006,57.72224564234427,52.006335797254486,9.453185088668022
3007,57.73627605566749,51.42706131078224,11.056584748485422
3008,57.6941692537188,51.05374077976818,12.345989301682177
3009,57.59573776417844,50.88912133891213,13.654038440375496
3010,57.44053923652073,50.93071354705274,14.569291534193818
3011,57.227864313072516,51.17107942973524,15.637135577082459
3012,56.95671657571886,50.8991008991009,17.562464815683196
3013,56.62578310045805,54.19921875,17.162113482895577
3014,56.23339332506727,57.326355851569936,16.864573085654605
3015,55.77746275502309,60.258780036968574,15.822049387137694
3016,55.077719536280355,62.67260579064588,16.111836505582648
3017,54.51177370278823,65.23050409306333,16.4892800762324
3018,52.41871891679828,66.46216768916156,18.149341040254278
3019,50.55102500470521,67.26703210649961,19.643576758687917
3020,49.850347722732145,67.82477341389728,17.996773247467384
3021,49.072672909642655,68.43636363636364,16.995485416670135
3022,48.21182636264943,69.4055944055944,17.361691310345925
3023,47.25993010278244,71.05439892545333,16.83099242148637
3024,46.20667742795521,72.51932989690722,13.238898052858234
3025,45.038114119545405,73.81099444101297,14.132960094171393
3026,42.81202246138425,74.63170300530348,15.047050237639727
3027,40.25927244685871,75.40799099606078,15.112925469026546
3028,38.437949348173476,76.22509423801831,15.217090886173398
3029,36.168741276898416,76.91911385883566,14.16411276636044
3030,35.58863136490204,79.4794035885772,11.630337825354417
3031,35.58863136490204,83.59868587313622,7.216703257434685
3032,34.34141500750363,84.48820812059324,7.030529270049796
3033,31.62529232456747,84.94874184529357,7.202468610534711
3034,28.74024023769708,85.36639857015192,7.486067542185567
3035,28.74024023769708,89.36550491510278,5.514329092234051
3036,27.334090018139335,89.99569707401032,5.390425372201687
3037,25.764887609381827,90.51367025683513,5.717053518848022
3038,24.33414932316107,90.73482428115015,6.106766721054069
3039,22.740855747138962,91.20477290223249,6.090700082844052
3040,20.933299796466624,91.58011869436201,6.416773246021917
3041,18.802341635924165,91.86919228020014,6.558594325050098
3042,15.833688319817657,92.07988980716253,6.6534037085858495
3043,13.99237773103026,92.40359042553192,6.50481067858028
3044,12.140227363589725,92.71034039820167,6.203113665492513
3045,9.965493821373014,92.94354838709677,5.976273254802074
3046,6.9538546023610674,93.10964649490712,6.019220446398065
3047,4.758382620976999,93.32271147161066,5.912272187618067
3048,4.758382620976999,93.32271147161066,6.062292776280284
3049,4.758382620976999,84.84936268829664,12.1641180454502
3050,4.758382620976999,88.02143684820393,10.29173779790194
3051,4.758382620976999,91.25144843568945,7.709162184604593
3052,4.758382620976999,94.53939745075319,5.04051001490371
3053,1.7263595531412619,94.64985994397759,4.994487006269289
3054,1.7263595531412619,97.94117647058823,3.1723721625719414
3055,-0.0,99.61432506887053,3.042510675597331
3056,-0.0,99.61432506887053,3.0074748413979195
3057,-0.0,99.61432506887053,2.9632708046722813
3058,-0.0,99.61432506887053,2.924085118039756
3059,1.7263595531412619,99.6078431372549,2.897833611911935
3060,4.189190988298596,99.5511149724877,2.891484060815777
3061,6.208061115907181,99.4311377245509,2.9001599184780136
3062,7.115975381672694,97.6103500761035,2.869476218759875
3063,7.115975381672694,94.18569254185692,4.2548019254274125
3064,7.115975381672694,90.82191780821918,7.04220478727663
3065,7.115975381672694,87.51902587519025,10.073043283888865
3066,7.115975381672694,98.06697108066972,0.558325145801429
3067,7.115975381672694,98.06697108066972,0.43942723816973883
3068,7.115975381672694,98.06697108066972,0.342155681920232
3069,7.115975381672694,98.06697108066972,0.29801301948323117
3070,8.827110556016208,98.03283767038414,0.3255671590645273
3071,11.259098746546254,97.91466153352583,0.40461144193621096
3072,13.246584244576374,97.72425249169436,0.5317397022516213
3073,14.977963226826684,97.45442036463709,0.4187747429886854
3074,17.461386058305763,97.23609129814551,0.42260868993811723
3075,19.849598867161557,97.07515734912995,0.5421794615651392
3076,21.79248994842348,96.8293620292083,0.5645879132073651
3077,23.478424230170102,96.48982848025528,0.2734876945985425
3078,24.97970805157599,96.21274834437087,0.25394292244913114
3079,26.335233229681354,96.07127522541863,0.3250102953518504
3080,27.569340560406385,95.92609082813891,0.37640631478104264
3081,28.69868136663761,95.77757268112597,0.41512626569069017
3082,29.735336722101756,95.62619502868068,0.4667925133446121
3083,30.68844452693982,95.4725383473528,0.504962987727609
3084,31.565132628753023,95.31729785056295,0.401799484006897
3085,32.371092603961124,95.16129032258064,0.4640536285051631
3086,33.11095197992727,95.00545851528385,0.49444528822097117
3087,33.78852614803643,94.85087225661226,0.6137044007433122
3088,34.40699478841819,94.69872537659327,0.6535216581108246
3089,34.969028938469705,94.55032757593806,0.6014109088949335
3090,35.47688465093549,94.40709046454768,0.589245640743503
3091,35.932473348962546,94.27050720100188,0.5585965349603225
3092,36.33741549410748,94.14212548015365,0.5363809135428881
3093,36.69308201761328,94.02351404310907,0.4846619635174329
3094,37.00062657828506,93.91622340425532,0.4786337935337503
3095,37.26101079622083,93.82174206617151,0.5032120233278277
3096,37.47502399319781,93.74145006839946,0.800809332260967
3097,37.643298541433666,93.67657221838286,1.5151196486208425
3098,37.76632161711873,93.62813370473538,2.4867842749985454
3099,37.84444393184441,93.59692092372288,3.605427056981954
3100,37.8778858465335,93.58345021037869,3.731569300152796
3101,37.8667411402285,93.58794674141556,3.8483854322239393
3102,37.810978597060426,93.61033519553072,3.9856002568564195
3103,37.71044147911877,93.65024288688412,4.128172937598058
3104,37.5648448627976,93.70701513067401,4.21732914997761
3105,37.37377072424859,93.77974167233175,4.325265656940931
3106,39.79890697700338,93.56193142057383,4.273168041893283
3107,41.369197878080534,93.20632638389648,4.178913160941257
3108,42.59773161368204,92.7044952100221,4.156861347716788
3109,43.59230195733079,92.04973624717408,4.181979536701096
3110,44.40310412686345,91.89085318985396,4.227388925850558
3111,45.058779238998014,91.75136825645035,4.285887362095688
3112,45.57734602238476,91.6336241078509,4.315245658054399
3113,45.970682584254405,91.53969526864475,4.3914864013727275
3114,46.24668570821782,91.47130153597413,4.43999813556398
3115,46.410409010402745,91.42973192526401,4.542593350725772
3116,46.14184198709184,87.96,6.146414027710659
3117,45.468065506640464,84.96908809891808,7.96839036114035
3118,44.71650570176866,81.92995529061103,9.745064708841312
3119,43.881032983759795,78.87374461979914,15.074674789449903
3120,42.29528630744328,93.08219178082192,1.4195922338136107
3121,40.38104065605985,93.56209150326798,0.8752737566377601
3122,37.62423446490898,93.89027431421447,0.7218002746430366
3123,36.64864542392772,94.11764705882354,0.8260449031445437
3124,36.33462885144739,92.92537313432835,1.2019765136742824
3125,37.1203920811548,92.27326968973748,1.51836055094318
3126,38.04278742138416,92.15098861593769,1.4965466608300484
3127,38.380694864235345,92.31692677070828,1.3344085238026355
3128,38.270763257698256,92.26154769046191,1.2706584698838659
3129,37.67616810096735,92.22488038277513,1.2021246817143623
3130,36.121535292696805,92.29625223081499,1.0822949236213018
3131,35.798861008574725,92.70462633451957,0.7245825662148415
3132,35.181532993292365,93.00884955752213,0.48752720386754245
3133,34.172543454629555,93.20843091334895,0.3885324971242269
3134,32.26680906327163,93.30434782608695,0.5525975888253435
3135,33.07070140348176,93.07553956834532,0.5692261505252627
3136,33.80204083617038,92.84829721362229,0.6876070782227139
3137,34.465360918327185,92.62452107279694,0.8662664398920157
3138,35.06437560916464,92.40631163708086,1.019524447711276
3139,35.60215488206519,92.19594594594595,1.1587834353203292
3140,36.08125086637751,91.995841995842,1.360900776099639
3141,36.50379044505976,91.80851063829788,1.511842025972094
3142,36.871544391706216,91.63649529326575,1.6490887360619078
3143,37.18597963391238,91.48230088495575,1.8078333851940924
3144,37.448299057828784,91.34831460674157,2.1233539982302827
3145,37.659471873626224,91.23672230652504,2.456208872961948
3146,37.820256637169564,91.14942528735632,2.8728847527391963
3147,37.93121839147645,91.08796296296296,3.279168506041034
3148,37.99274094531674,91.05344694035631,3.5994509163300377
3149,38.00503497864825,91.04651162790698,3.9003029410233787
3150,37.96814241193168,91.06728538283063,4.204916598537699
3151,37.88193726880735,91.11538461538461,4.508075940105743
3152,37.74612307693263,91.18993135011442,4.707118673185187
3153,37.560226671494505,91.289592760181,5.002294752224306
3154,37.323588072254815,91.41263940520446,5.275665134434671
3155,37.03534587802869,91.55701754385964,5.533935680785842
3156,36.694417336758654,91.72043010752688,5.6753090466833935
3157,36.29947186902245,91.90042075736325,5.868440083100437
3158,35.8488962942132,92.09445585215606,6.04503011899478
3159,35.340749247440414,92.3,6.158631027076401
3160,34.772701143887886,92.51458198314971,6.276010841455236
3161,34.14195431350603,92.73584905660377,6.341738755056609
3162,33.44513518506334,91.89518586227909,7.042860063759233
3163,32.67814590117015,93.30778301886792,6.080130084847579
3164,31.83595507457963,94.35897435897436,5.305413725699581
3165,30.912293689930493,95.46204620462046,4.222910862042979
3166,30.043160120866137,96.09146503589471,4.09260547158023
3167,29.24425564587594,96.37065637065638,4.0629120649301385
3168,28.37445989294022,96.63928304705004,3.6840586078777844
3169,27.428088660915904,96.89680057733943,3.6708110681671586
3170,26.398020988406824,97.14285714285714,3.590633024695595
3171,25.275125414714267,97.37726967047747,3.5125874946249636
3172,24.047326896621453,97.6,3.495079477545211
3173,22.697979766728505,98.08213466750053,3.289049919590266
3174,21.202748540044126,98.45288326300985,3.2035076378576113
3175,19.522746393332664,98.72216844143271,3.156347918809245
3176,17.58567168885603,98.89945905614624,3.176186285296685
3177,16.389683577951526,98.93521025085725,3.203149237028625
3178,15.090258028539147,98.97015185896316,3.2201558507569863
3179,13.670691693057165,99.0042194092827,3.2306204750042578
3180,12.106594749751542,99.15157448197095,3.2050587972863815
3181,10.359029128245753,99.3534142879672,3.1180541050541284
3182,8.355644803160297,99.48178631306203,3.116590718158945
3183,5.908035540662013,99.54337899543378,3.108788206242376
3184,3.0370119579712087,99.58701224722302,3.1038002764323283
3185,-0.0,99.61432506887053,3.0846337697602717
3186,-0.0,99.61432506887053,3.0846337697602717
3187,-0.0,99.61432506887053,3.0846337697602717
3188,-0.0,99.61432506887053,3.0846337697602717
3189,-0.0,99.61432506887053,3.079644170287633
3190,-0.0,99.61432506887053,3.0744692146072583
3191,-0.0,99.61432506887053,3.0691339070675254
3192,-0.0,99.61432506887053,3.0636622350990446
3193,-0.0,99.61432506887053,3.0580762355849442
3194,-0.0,99.61432506887053,3.0523954921135865
3195,-0.0,99.61432506887053,3.046646969045353
3196,-0.0,99.61432506887053,3.04038351441568
3197,-0.0,99.61432506887053,3.0300398858309783
3198,-0.0,99.61432506887053,3.0113900491057217
3199,-0.0,99.61432506887053,2.980224603634527
3200,-0.0,99.61432506887053,2.9408135762452114
3201,-0.0,99.61432506887053,2.76699025952641
3202,-0.0,99.61432506887053,2.673539287539683
3203,-0.0,99.61432506887053,2.881753111651629
3204,-0.0,99.61432506887053,2.8429935062652687
3205,-0.0,99.61432506887053,2.814629853555119
3206,-0.0,99.61432506887053,2.7952047148913564
3207,-0.0,99.61432506887053,2.7808769760675998
3208,-0.0,99.61432506887053,2.766566787209806
3209,-0.0,99.61432506887053,2.7513313094851615
3210,-0.0,99.61432506887053,2.7357416129364793
3211,-0.0,99.61432506887053,2.7190463655206303
3212,-0.0,99.61432506887053,2.705703338204009
3213,-0.0,99.61432506887053,2.691301533663771
3214,-0.0,99.61432506887053,2.67789253976987
3215,-0.0,99.61432506887053,2.6631426016153665
3216,1.7263595531412619,99.6078431372549,2.657812147656908
3217,4.189190988298596,99.5511149724877,2.663273348364131
3218,6.208061115907181,99.4311377245509,2.6827316835727597
3219,7.971385463025239,99.24172082946457,2.7020854690820904
3220,9.551523848511046,99.10428662827896,2.746634757208119
3221,9.551523848511046,95.56941778630838,3.5925818788352046
3222,9.551523848511046,92.09852847088932,6.577479954544923
3223,9.551523848511046,88.69161868202175,9.719618821298932
3224,9.551523848511046,97.76071657069738,1.6369988034413672
3225,9.551523848511046,97.76071657069738,1.6351711053937426
3226,9.551523848511046,97.76071657069738,1.633366238451178
3227,9.551523848511046,97.76071657069738,1.6315815666289657
3228,9.551523848511046,97.76071657069738,1.6298186125303074
3229,9.551523848511046,97.76071657069738,1.6280787115763729
3230,9.551523848511046,97.76071657069738,1.6263555337528752
3231,9.551523848511046,97.76071657069738,1.6246493942650884
3232,9.551523848511046,97.76071657069738,1.6229665783503893
3233,9.551523848511046,97.76071657069738,1.6073527779777774
3234,9.551523848511046,97.76071657069738,1.5618824775168856
3235,9.551523848511046,97.76071657069738,1.4858579163054415
3236,9.551523848511046,97.76071657069738,1.3816103122915195
3237,9.551523848511046,97.76071657069738,1.2703189468608675
3238,9.551523848511046,97.76071657069738,1.1581706845515076
3239,9.551523848511046,97.76071657069738,1.043928798427198
3240,9.551523848511046,97.76071657069738,0.9287967974682636
3241,9.551523848511046,97.76071657069738,0.8209471355680757
3242,9.551523848511046,97.76071657069738,0.7369112346169785
3243,9.551523848511046,97.76071657069738,0.6897897727300193
3244,9.551523848511046,97.76071657069738,0.6897163027784018
3245,9.551523848511046,97.76071657069738,0.7411908098833657
3246,9.551523848511046,97.76071657069738,0.8389679476936396
3247,9.551523848511046,97.76071657069738,0.973574750809702
3248,9.551523848511046,97.76071657069738,1.1358684263867052
3249,9.551523848511046,97.76071657069738,1.3189047218323138
3250,9.551523848511046,97.76071657069738,1.5171277559168674
3251,9.551523848511046,97.76071657069738,1.7272111507208727
3252,9.551523848511046,97.76071657069738,1.9475443614593018
3253,10.285745784398873,97.59349593495935,3.3973006320519303
3254,11.659258326629562,97.19422043010752,3.84050953084923
3255,12.922007284400156,96.70253384241583,3.9058427131448727
3256,14.088155445306416,96.11111111111111,3.458783857688973
3257,15.16823293065967,95.85645578986312,3.468067902975699
3258,17.353815949765814,95.70963416969929,3.553863841456233
3259,19.712941335692765,95.48258706467662,3.636883194922375
3260,21.626165865332563,95.16229067603886,3.598232285141272
3261,23.281830931602176,94.73910242645479,3.608218543517126
3262,24.75221787371283,94.38127090301003,3.7477014240898985
3263,26.076191919774004,94.16801666280953,3.9355134553911286
3264,27.27806555019715,93.94957983193277,4.113508818072994
3265,28.374459892940223,93.72666168782673,4.322826495810019
3266,29.37742377723913,93.50012896569513,4.544555986645395
3267,30.296060619333666,93.27102803738318,4.8607480021388545
3268,31.137461331154803,93.04059652029827,5.133104780593529
3269,31.9072778635321,92.81027104136948,5.367321673523652
3270,32.61009516052113,92.58168972622903,5.634273091571158
3271,33.249682770494445,92.35668789808918,5.8790739361856
3272,33.829170929309285,92.13728549141966,6.0719775017768
3273,34.351177241316584,81.83274591477091,13.346162583684327
3274,34.81789989633785,85.87848932676519,11.148856029426584
3275,35.23118752087876,90.02351360429964,7.33343953592563
3276,35.59259226852833,94.24065821049022,4.124791347579558
3277,35.146898559192756,94.08183970240108,4.325467742391318
3278,34.600320814030404,95.20798668885192,3.1468637974148312
3279,33.944926255238016,96.17771969944462,2.5962104899895246
3280,33.1697121329609,96.992,1.849652868314631
3281,32.830060895145316,97.32654360280077,1.747430932811199
3282,32.99219362721505,97.30077120822622,1.8454404767126602
3283,33.110752600060934,97.28155339805825,1.8971130518038586
3284,33.186051436385036,97.26918075422627,1.9604686542689214
3285,33.21828737236988,97.26384364820846,2.007665824872844
3286,33.207544387837764,97.265625,2.055914265087391
3287,33.15379452596423,97.2744970798183,2.102649606867775
3288,33.05689745480992,97.29032258064517,2.1306455215126507
3289,32.9165982533558,97.31285988483685,2.1804547704059627
3290,32.73252333385954,97.34177215189874,2.194586454598523
3291,32.50417433484307,97.37663960024985,2.24425296875295
3292,32.23091972870883,97.41697416974169,2.3253937941120264
3293,31.911983777071363,97.46223564954683,2.399996739621233
3294,31.54643232484603,97.51184834123222,2.4594937795819005
3295,31.133154735999586,97.56521739130434,2.5344050753237553
3296,30.670841017630856,97.62174405436014,2.6042124957347665
3297,30.157952821355615,97.68083931529542,2.607999353639467
3298,29.592686499884746,97.74193548387096,2.6271310371245633
3299,28.972925649162118,97.8044955567172,2.6921139255616597
3300,28.29617944586349,97.86802030456853,2.7641521995694234
3301,27.559501364711814,97.93205317577548,2.824964859648517
3302,26.759380123000486,97.99618320610686,2.8607609855599843
3303,25.89159020775283,98.06004618937645,2.913253216506819
3304,24.950981674037966,98.12332439678285,2.947737836564834
3305,23.931175200395096,98.18574514038878,2.9679523381583253
3306,22.8241025124782,98.24707846410685,2.9913380191300276
3307,21.619280034053116,98.30713422007256,3.0133212382914047
3308,20.302588854245336,98.36575875486382,3.03660765131666
3309,18.85405298790926,98.42283139316561,3.047768977506595
3310,17.243309173983988,98.71376811594203,2.9697633796065177
3311,15.41863702818793,98.91646277525341,2.9808678009948233
3312,13.270884165427137,99.03910991233985,2.9700779438116904
3313,10.285745784398873,99.08943089430895,2.976918876370242
3314,8.781452263906967,99.11894273127753,2.969078998000657
3315,7.115975381672694,99.3455098934551,2.8760118105691825
3316,5.237557751852812,99.49941107184924,2.86628918824667
3317,3.0370119579712087,99.58701224722302,2.854791410683345
3318,-0.0,99.61432506887053,2.834942750436353
3319,-0.0,99.61432506887053,2.831572708744505
3320,-0.0,99.61432506887053,2.8280697186371424
3321,-0.0,99.61432506887053,2.8244441054480887
3322,-0.0,99.61432506887053,2.8207056618231174
3323,-0.0,99.61432506887053,2.8168634415170453
3324,-0.0,99.61432506887053,2.812925838832802
3325,-0.0,99.61432506887053,2.8089008152068455
3326,-0.0,99.61432506887053,2.804796114527003
3327,-0.0,99.61432506887053,2.8006190642419146
3328,-0.0,99.61432506887053,2.796377060685884
3329,-0.0,99.61432506887053,2.792077704914822
3330,-0.0,99.61432506887053,2.787728302076663
3331,-0.0,99.61432506887053,2.7833355509819073
3332,-0.0,99.61432506887053,2.7789130763936907
3333,-0.0,99.61432506887053,2.774470958699051
3334,-0.0,99.61432506887053,2.7700164517334835
3335,-0.0,99.61432506887053,2.7655540482238266
3336,-0.0,99.61432506887053,2.7610869617141858
3337,-0.0,99.61432506887053,2.7566243112230473
3338,-0.0,99.61432506887053,2.7521719268015987
3339,-0.0,99.61432506887053,2.7477329398228885
3340,-0.0,99.61432506887053,2.7433082490985363
3341,-0.0,99.61432506887053,2.7388977856755514
3342,-0.0,99.61432506887053,2.7345014810436514
3343,-0.0,99.61432506887053,2.730119267131725
3344,-0.0,99.61432506887053,2.7257510763043165
3345,-0.0,99.61432506887053,2.7209341783963072
3346,-0.0,99.61432506887053,2.7121276598173187
3347,-0.0,99.61432506887053,2.695156402455492
3348,-0.0,99.61432506887053,2.665907759750574
3349,-0.0,99.61432506887053,2.6286076356949084
3350,-0.0,99.61432506887053,2.590635742217228
3351,-0.0,99.61432506887053,2.552099409830028
3352,-0.0,99.61432506887053,2.5130219116879053
3353,-0.0,99.61432506887053,2.4733486886933296
3354,-0.0,99.61432506887053,2.432998855741151
3355,-0.0,99.61432506887053,2.3900854815374024
3356,-0.0,99.61432506887053,2.3391687550492097
3357,-0.0,99.61432506887053,2.274821381450882
3358,-0.0,99.61432506887053,2.1920915536326517
3359,-0.0,99.61432506887053,2.10719199970953
3360,-0.0,99.61432506887053,2.0201770775594636
3361,-0.0,99.61432506887053,1.9310836789421562
3362,-0.0,99.61432506887053,1.8398648806065507
3363,-0.0,99.61432506887053,1.7465142949544317
3364,-0.0,99.61432506887053,1.6511264415136144
3365,1.7263595531412619,99.6078431372549,1.5572148515749629
3366,4.189190988298596,99.5511149724877,1.4786120111792425
3367,6.208061115907181,99.4311377245509,1.4051444025410391
3368,7.971385463025239,99.24172082946457,1.4230818588883198
3369,9.551523848511046,99.10428662827896,1.3511814901258907
3370,10.987424673037834,99.07438016528926,1.2633438882014125
3371,12.303488665441556,99.04371584699453,1.1792566091017989
3372,13.516430700908893,99.01234567901234,1.1055143009206072
3373,14.638399322788548,98.98033503277495,1.0231751125358333
3374,15.678604147459765,98.94776399849681,0.9324489236230962
3375,18.612853301100273,98.88715345568137,0.847515509869578
3376,20.70873227923707,98.7423935091278,0.7840639026063012
3377,22.48050700025617,98.50400337126001,0.7859266437594621
3378,24.037288615103286,98.16192560175055,0.8390036720719246
3379,25.43075372906591,98.09177646524307,0.7986218777502747
3380,26.691219065387028,98.01980198019803,0.7583403542802698
3381,27.838611075601072,97.94621026894866,0.7101105850781338
3382,28.886995878185413,97.87126203750634,0.629887833490357
3383,29.846800705665355,97.79527559055119,0.8542205801245943
3384,30.726033611232996,97.71863117870723,1.425756889103922
3385,31.531009453262044,97.64177428411006,2.4489169207891694
3386,32.26680906327163,97.56521739130434,3.784637240589862
3387,32.937583731697714,97.48953974895397,5.3459017727278715
3388,33.54676489269476,97.41538461538461,5.530229761382422
3389,34.09721301295367,97.34345351043643,5.684929928412226
3390,34.5913259852583,97.2744970798183,5.785985332673534
3391,35.03111965852545,97.20930232558139,5.923969110728345
3392,35.41828864157369,97.14867617107943,6.056530207426669
3393,35.75425277767388,97.09342560553634,6.176621570180515
3394,36.04019295771014,97.04433497536945,6.247344789666615
3395,36.27707881437578,97.00214132762312,6.348466020666181
3396,36.4656900862309,96.96750902527076,6.441530665468341
3397,36.60663292168376,96.94100509832484,6.525975542013677
3398,36.70035202548657,96.92307692307692,6.60877901867073
3399,36.74713928155471,96.91403379867744,6.686316685431597
3400,39.27401032589366,96.7581998474447,6.743346903191612
3401,40.95058252715829,96.44268774703558,6.328181915349913
3402,41.653657636937155,94.37072778447929,5.084455304791847
3403,42.290370760973566,92.31398201144727,4.457167567490951
3404,42.83298777681968,90.05387484459179,4.3549172027693555
3405,42.71967534128866,86.055121349239,6.041522761641992
3406,42.55546207872806,82.01058201058201,8.616717182583459
3407,42.339745492179354,77.96065837013248,14.57412413239066
3408,42.07171581324849,89.81444926964075,3.493972209973912
3409,41.75033684019566,90.16647309330236,3.444989144114284
3410,41.374320107417326,90.53388867853086,3.368932315318846
3411,40.942090658117664,90.91244920576284,3.3258773602008485
3412,40.45174192605597,91.29809421071558,3.266180156532826
3413,39.90097609732077,91.68704156479218,3.2709711950287317
3414,39.287024586416194,92.07585506264816,3.4320598336064263
3415,38.60654051490347,92.46148803670927,3.4815178157575235
3416,37.85545058170584,92.84130503642699,3.498209771224904
3417,37.02874604151354,93.213084683583,3.484072163406188
3418,36.120178800496575,93.57500736811082,3.433118655030616
3419,35.121802759903616,93.92563156400794,3.416243229069068
3420,34.023248283046684,94.26386233269598,3.5065736173576063
3421,33.247615887559085,93.98717263495458,3.5645258901780235
3422,31.907776126796495,90.31843862352336,5.142868543936528
3423,30.40343965158396,86.75382338431179,8.395886892618831
3424,28.682980720744776,83.30175272382758,10.905567788407847
3425,26.637335826617825,92.72396543883583,3.5854857096647446
3426,25.69028206036429,93.00483941926969,3.491467923517152
3427,24.664166774089196,93.27945555082944,3.2757161504292602
3428,23.550916037959883,93.54706124126592,2.963816606775382
3429,22.340040964813294,93.80706629614926,2.759247471774039
3430,21.017417649970362,94.05902644691453,2.5602388723841885
3431,19.56306540684899,94.43211246762856,2.268746892760073
3432,17.946616542933196,94.85897893609425,1.8155873711952346
3433,16.116346492183492,95.19462624870823,1.3309060842468476
3434,13.963098919031026,95.44699235626454,1.1047626735296658
3435,12.675786382429946,95.5279908601273,1.0752007495377105
3436,12.675786382429946,95.5279908601273,1.986413103847561
3437,12.675786382429946,95.5279908601273,2.1980128859698804
3438,12.675786382429946,95.5279908601273,2.206922638055537
3439,12.675786382429946,95.5279908601273,2.278119501709274
3440,12.675786382429946,95.5279908601273,2.4856304626414856
3441,12.675786382429946,95.5279908601273,2.695890208105333
3442,12.675786382429946,95.5279908601273,2.8979879194634264
3443,12.675786382429946,95.5279908601273,3.0785959774618235
3444,12.675786382429946,95.5279908601273,3.2391207880449877
3445,12.675786382429946,95.5279908601273,3.384293284991571
3446,12.675786382429946,95.5279908601273,3.5251590137478437
3447,12.675786382429946,95.5279908601273,3.6577646485283966
3448,12.675786382429946,95.5279908601273,3.777787079716832
3449,12.675786382429946,95.5279908601273,3.88816814938928
3450,12.675786382429946,95.5279908601273,3.9877450668470678
3451,12.675786382429946,95.5279908601273,4.080694587555887
3452,12.675786382429946,95.5279908601273,4.168108541197195
3453,12.675786382429946,95.5279908601273,4.2531382972866005
3454,12.675786382429946,95.5279908601273,4.342470478341471
3455,12.675786382429946,95.5279908601273,4.434671993550847
3456,12.675786382429946,85.58837930471682,12.401901721226022
3457,12.675786382429946,88.99951036396278,9.578860877204766
3458,12.675786382429946,92.4759262281704,6.4654755743129
3459,12.675786382429946,96.01762689733964,3.2270402230921986
3460,11.828290379224656,97.94608472400513,2.1176879619852853
3461,9.965493821373014,98.15446650124069,2.250041092260374
3462,7.780300883352802,98.29136690647482,2.364664409154726
3463,4.758382620976999,98.3632676709154,2.4878072045686714
3464,1.7263595531412619,98.43137254901961,2.59535713284121
3465,1.7263595531412619,98.43137254901961,2.703114260830382
3466,1.7263595531412619,98.43137254901961,2.7970278779832647
3467,1.7263595531412619,98.43137254901961,2.877271574779196
3468,1.7263595531412619,98.43137254901961,2.94919439737272
3469,1.7263595531412619,98.43137254901961,3.0177477004085373
3470,1.7263595531412619,98.43137254901961,3.085925232351351
3471,1.7263595531412619,98.43137254901961,3.1547245797719654
3472,1.7263595531412619,98.43137254901961,3.09575106459376
3473,1.7263595531412619,98.43137254901961,3.0801377287597163
3474,1.7263595531412619,98.43137254901961,3.2668874670551973
3475,1.7263595531412619,98.43137254901961,3.303797028454328
3476,1.7263595531412619,98.43137254901961,3.3515174918423636
3477,1.7263595531412619,98.43137254901961,3.4055168138904635
3478,1.7263595531412619,89.81792717086834,8.702984098223697
3479,1.7263595531412619,93.02521008403362,6.48776767127458
3480,1.7263595531412619,96.28851540616246,3.7849659789481938
3481,1.7263595531412619,99.6078431372549,2.608941163419852
3482,-0.0,99.61432506887053,2.602348089479404
3483,-0.0,99.61432506887053,2.598940891559407
3484,-0.0,99.61432506887053,2.59406223177345
3485,-0.0,99.61432506887053,2.589112390191182
3486,-0.0,99.61432506887053,2.5832571870891923
3487,-0.0,99.61432506887053,2.5838939032666732
3488,-0.0,99.61432506887053,2.5903681821246174
3489,-0.0,99.61432506887053,2.6034112226814248
3490,-0.0,99.61432506887053,2.62374848648678
3491,1.7263595531412619,99.6078431372549,2.6608712642730685
3492,1.7263595531412619,96.28851540616246,3.5358441800925244
3493,1.7263595531412619,93.02521008403362,6.242714052480651
3494,1.7263595531412619,89.81792717086834,8.787495151857353
3495,1.7263595531412619,98.43137254901961,1.8390621675018972
3496,1.7263595531412619,98.43137254901961,1.8380694861653097
3497,1.7263595531412619,98.43137254901961,1.8369802499851011
3498,1.7263595531412619,98.43137254901961,1.8357832598005668
3499,1.7263595531412619,98.43137254901961,1.8357832598005668
3500,1.7263595531412619,98.43137254901961,1.8357832598005668
3501,1.7263595531412619,98.43137254901961,1.8342096202857892
3502,1.7263595531412619,98.43137254901961,1.832602477355856
3503,1.7263595531412619,98.43137254901961,1.8310170894119375
3504,1.7263595531412619,98.43137254901961,1.8294542444619406
3505,1.7263595531412619,98.43137254901961,1.8279075260134543
3506,1.7263595531412619,98.43137254901961,1.826367185640057
3507,1.7263595531412619,98.43137254901961,1.8248226477651355
3508,1.7263595531412619,98.43137254901961,1.8232662620373752
3509,1.7263595531412619,98.43137254901961,1.8216986135093163
3510,1.7263595531412619,98.43137254901961,1.8201182708191994
3511,1.7263595531412619,98.43137254901961,1.8185159881555095
3512,1.7263595531412619,98.43137254901961,1.8168675951437658
3513,1.7263595531412619,98.43137254901961,1.8151563482227167
3514,1.7263595531412619,98.43137254901961,1.8151563482227167
3515,1.7263595531412619,98.43137254901961,1.8151563482227167
3516,1.7263595531412619,98.43137254901961,1.8131372644093393
3517,1.7263595531412619,98.43137254901961,1.8111226674488843
3518,1.7263595531412619,98.43137254901961,1.8091125424017696
3519,1.7263595531412619,98.43137254901961,1.8071068743946708
3520,1.7263595531412619,98.43137254901961,1.8051056486201453
3521,1.7263595531412619,98.43137254901961,1.8031088503362718
3522,1.7263595531412619,98.43137254901961,1.801116464866287
3523,1.7263595531412619,98.43137254901961,1.7991284775982221
3524,1.7263595531412619,98.43137254901961,1.7971448739845508
3525,1.7263595531412619,98.43137254901961,1.7951656395418343
3526,1.7263595531412619,98.43137254901961,1.793190759850368
3527,1.7263595531412619,98.43137254901961,1.7912202205538261
3528,1.7263595531412619,98.43137254901961,2.097068381995815
3529,1.7263595531412619,98.43137254901961,2.101594160269347
3530,1.7263595531412619,98.43137254901961,2.0563782434857476
3531,1.7263595531412619,98.43137254901961,2.1972465020649428
3532,1.7263595531412619,98.43137254901961,2.3286293106684997
3533,1.7263595531412619,98.43137254901961,2.448102678695471
3534,1.7263595531412619,98.43137254901961,2.556990788965481
3535,1.7263595531412619,98.43137254901961,2.656564724652675
3536,1.7263595531412619,98.43137254901961,2.743416795516833
3537,1.7263595531412619,98.43137254901961,2.8186481307723006
3538,1.7263595531412619,98.43137254901961,2.886810082400324
3539,1.7263595531412619,98.43137254901961,2.952155943586032
3540,1.7263595531412619,98.43137254901961,3.017317842984231
3541,1.7263595531412619,98.43137254901961,3.083631787018151
3542,1.7263595531412619,98.43137254901961,3.1482344668215667
3543,1.7263595531412619,98.43137254901961,3.209489422153629
3544,1.7263595531412619,98.43137254901961,3.264162244630341
3545,1.7263595531412619,98.43137254901961,3.3178208802659954
3546,1.7263595531412619,98.43137254901961,3.378014455371801
3547,1.7263595531412619,98.43137254901961,3.442139027388793
3548,1.7263595531412619,89.81792717086834,9.571499614066758
3549,1.7263595531412619,93.02521008403362,7.34391185969171
3550,1.7263595531412619,96.28851540616246,4.218298419423569
3551,1.7263595531412619,99.6078431372549,2.554076911579354
3552,-0.0,99.61432506887053,2.5507823186660774
3553,-0.0,99.61432506887053,2.5499963485361317
3554,-0.0,99.61432506887053,2.549047248974189
3555,-0.0,99.61432506887053,2.5479460985996565
3556,-0.0,99.61432506887053,2.546706860897662
3557,-0.0,99.61432506887053,2.5453423450945074
3558,-0.0,99.61432506887053,2.5438587809190922
3559,-0.0,99.61432506887053,2.542261857873922
3560,-0.0,99.61432506887053,2.540554962381278
3561,-0.0,99.61432506887053,2.538747134252819
3562,-0.0,99.61432506887053,2.536843712068322
3563,-0.0,99.61432506887053,2.5348450073452513
3564,-0.0,99.61432506887053,2.532746977385226
3565,-0.0,99.61432506887053,2.530555502260019
3566,-0.0,99.61432506887053,2.5282624294105864
3567,-0.0,99.61432506887053,2.5258556870165108
3568,-0.0,99.61432506887053,2.52333784433069
3569,-0.0,99.61432506887053,2.52333784433069
3570,-0.0,99.61432506887053,2.52333784433069
3571,-0.0,99.61432506887053,2.52333784433069
3572,-0.0,99.61432506887053,2.520123585344132
3573,-0.0,99.61432506887053,2.5169173212406344
3574,-0.0,99.61432506887053,2.513719205203471
3575,-0.0,99.61432506887053,2.5105292062120896
3576,-0.0,99.61432506887053,2.507347293403196
3577,-0.0,99.61432506887053,2.5041734360697667
3578,-0.0,99.61432506887053,2.5010076036600632
3579,-0.0,99.61432506887053,2.4978497657766465
3580,-0.0,99.61432506887053,2.4946998921754076
3581,-0.0,99.61432506887053,2.4915579527646
3582,-0.0,99.61432506887053,2.4884239176038823
3583,-0.0,99.61432506887053,2.4852977569033676
3584,-0.0,99.61432506887053,2.4821794410226805
3585,-0.0,99.61432506887053,2.4790689404700124
3586,-0.0,99.61432506887053,2.4759662259012063
3587,-0.0,99.61432506887053,2.4728712681188223
3588,-0.0,99.61432506887053,2.4697840380712273
3589,-0.0,99.61432506887053,2.466704506851679
3590,-0.0,99.61432506887053,2.463632645697437
3591,-0.0,99.61432506887053,2.4605684259888516
3592,-0.0,99.61432506887053,2.4575118192484857
3593,-0.0,99.61432506887053,2.4544627971402297
3594,-0.0,99.61432506887053,2.451421331468424
3595,-0.0,99.61432506887053,2.448387394176997
3596,-0.0,99.61432506887053,2.445360957348588
3597,-0.0,99.61432506887053,2.4418918087630517
3598,-0.0,99.61432506887053,2.436516608930825
3599,-0.0,99.61432506887053,2.4251445692375055
3600,-0.0,99.61432506887053,2.403678141963915
3601,-0.0,99.61432506887053,2.3682212982196047
3602,-0.0,99.61432506887053,2.323808033598015
3603,-0.0,99.61432506887053,2.260280268660386
3604,-0.0,99.61432506887053,2.1846910065450245
3605,-0.0,99.61432506887053,2.1057544936723707
3606,-0.0,99.61432506887053,2.0216479387133663
3607,-0.0,99.61432506887053,1.927959031157022
3608,-0.0,99.61432506887053,1.8271291736343696
3609,-0.0,99.61432506887053,1.7213491309303264
3610,-0.0,99.61432506887053,1.6119661781146866
3611,-0.0,99.61432506887053,1.4957291566038609
3612,-0.0,99.61432506887053,1.370905371347117
3613,-0.0,99.61432506887053,1.2396851641360485
3614,-0.0,99.61432506887053,1.109639839749245
3615,-0.0,99.61432506887053,0.9892482989045837
3616,-0.0,99.61432506887053,0.9031591452874776
3617,1.7263595531412619,99.6078431372549,0.8985266870057261
3618,4.758382620976999,99.57995365005793,0.9946103498663337
3619,6.9538546023610674,99.49071300179749,1.1908023235064487
3620,8.827110556016208,99.33395291201983,1.5127285843891878
3621,10.487334801606254,99.10313901345292,1.9061006650533532
3622,12.955280621804253,98.93881611673022,2.4384077225765988
3623,14.380341667677907,98.57706154637408,2.9828422842118014
3624,16.32300279294896,98.31321022727273,3.5791834115031853
3625,19.12443874230062,98.21198156682027,4.299992179153487
3626,21.39990016952056,98.06661562021439,5.129088416241467
3627,23.195766057804267,97.81399046104929,6.038740372063616
3628,25.67558936443769,97.60380086758934,6.936260173204071
3629,28.0165557181352,97.44141044936573,8.010090243964136
3630,30.91429291060071,97.3112256329823,9.183205984435743
3631,32.97289871647938,97.08148494046229,10.497479712088952
3632,34.70660662624126,96.74045244466066,11.76201316577309
3633,36.22449324481884,96.27565239422346,12.501557659919516
3634,37.87671969624124,96.03698811096433,13.860514607683797
3635,39.56976316455479,95.61379310344827,15.242000209722635
3636,41.04603881312091,95.04750935790383,16.130063526310146
3637,42.35714125915814,94.32261940522679,16.97723437224617
3638,43.99009997019812,93.68718592964824,18.095737956430256
3639,45.53634245280423,93.00032862306934,18.944989493052613
3640,46.68152280515752,91.97255574614066,19.841540435542004
3641,47.71076455155075,90.7334525939177,20.57161424427927
3642,48.63798724297746,89.26574729780097,20.51380441779259
3643,50.11405789609543,88.30660930778255,20.985955381935085
3644,51.255036018149305,86.9832173557102,21.150141972683812
3645,52.2150758895347,85.33561351004703,21.018333301687516
3646,53.07102582028268,83.41506910387874,21.088340855587234
3647,54.01522236373858,81.5090824406148,20.803944318928917
3648,55.01734404955091,79.61969770843491,18.298904448143496
3649,55.899080244183295,77.43250127356087,16.521075725234304
3650,56.67406359691161,74.9336165693043,14.87850348006503
3651,57.35224742904567,72.5565985643291,15.461991451460731
3652,57.941120152767766,70.5208929593589,11.125053046445661
3653,58.44642505810814,68.4801892371378,9.82587417194625
3654,58.87261217560932,66.46378575776019,5.736645773187553
3655,59.22313409796901,64.504054897068,5.678190678387052
3656,59.500645320569966,62.63526416295353,4.595828410041695
3657,59.70713869052261,60.89204912734324,3.9328268473907344
3658,59.84403872211224,59.30764206401045,3.5311966055514787
3659,59.91226369244724,57.91201575837164,4.165069800950352
3660,59.91226369244724,56.73013788575181,4.808556545189478
3661,59.84403872211224,55.780535597648594,5.8971960735632845
3662,59.70713869052261,55.07433742727861,7.237177147062429
3663,59.50064532056996,54.614894971355824,8.431985653852893
3664,59.22313409796901,54.398003742981906,9.429685783605212
3665,58.87261217560932,54.41265976871576,10.636578250792748
3666,58.44642505810814,54.64222353636901,11.812022862468291
3667,57.941120152767766,55.06582713222667,12.993345376347458
3668,57.35224742904567,55.65985643291,14.482561998136156
3669,56.67406359691161,56.39936271906532,15.407931562225919
3670,55.899080244183295,57.25929699439633,17.10846496976698
3671,55.01734404955091,58.21550463188689,18.01447819339465
3672,54.01522236373858,59.2454587796926,18.488319120367727
3673,52.873186297911815,60.328742780986225,18.98004843924982
3674,51.561284694535644,61.997460854845535,19.504105931766425
3675,50.028177902525115,63.47160692710431,19.782562491017142
3676,48.16506605802818,64.7644580620452,20.96230144961563
3677,45.457971433828895,65.89006188569348,21.837342757134696
3678,43.34661054249516,67.18804310045186,23.083499395521216
3679,42.160551418390554,68.5980685980686,19.667598171670654
3680,40.82478666496232,69.84379980873446,19.45457098069068
3681,39.30060524562835,70.93626105519975,19.265090701368653
3682,38.44778178275666,73.51625410080526,15.676128323764297
3683,36.47894477290883,74.36555460507556,16.782297509490597
3684,33.668940110069954,75.08857999454892,17.58189640193235
3685,33.668940110069954,79.20414281820659,14.370948550803577
3686,31.84761701138472,79.94254374510317,13.774904224411769
3687,31.84761701138472,84.09506398537476,10.028164090883925
3688,31.84761701138472,88.35205014364064,7.223467748452116
3689,30.844653127085813,89.44318468127992,6.579410512537885
3690,29.789454753950174,90.23086269744836,6.075699388175597
3691,28.67966254242571,91.11788141551442,5.668134729009748
3692,28.441742776686784,91.67819271553711,5.575281784197361
3693,29.663805238999313,91.99629886652788,5.7562679565432475
3694,30.515655044043548,92.25237763859893,5.836539226588886
3695,31.224057095258267,92.6391800605637,5.703632677090405
3696,31.587368062161953,92.85547513425169,5.756708467933139
3697,31.657913597347086,93.08572763373044,5.759611414368285
3698,31.444236366694938,93.3986470725449,5.483211979445278
3699,30.783654639721682,93.58587032303045,5.5049461824427945
3700,30.276258230976396,93.86432044454735,5.33707203267114
3701,29.443870546089073,94.05940594059406,5.276096014560915
3702,28.107327787409552,94.17142857142858,5.331969719647611
3703,26.294692328574353,94.26563916591115,5.306379427578262
3704,27.14131674523078,98.31539541413196,1.7026960623727225
3705,26.20232816036923,98.53896103896103,1.6110617488329886
3706,24.903659190525115,98.66911427260212,1.5485450837420154
3707,22.73434383922637,98.70806890299184,1.5396660278430725
3708,23.382723894246002,98.67256637168141,1.532112612025878
3709,23.979065468391852,98.6376673040153,1.5489339013315917
3710,24.5253889677141,98.60362567368936,1.5871413498919604
3711,25.023432397370232,98.57071213640923,1.5886877699963249
3712,25.47469371562175,98.53921066119939,1.5982871526252422
3713,25.88046414248536,98.50941422594143,1.6282679443167123
3714,26.241854594281662,98.48161960575386,1.654914295676976
3715,26.559816801414936,98.45612134344529,1.6694708222474872
3716,26.835160243291423,98.43320505772402,1.705527920154943
3717,27.068565736039897,98.41314031180401,1.7248400303574847
3718,27.260596294350535,98.39617332583005,1.7455918850654935
3719,27.411705731553404,98.38251986379115,1.78221392156917
3720,27.522245344291253,98.37235865219874,1.8065677056986613
3721,27.592468937778804,98.3658256880734,1.8319910268464177
3722,27.622536376315328,98.36300976450316,1.8585676676392024
3723,27.612515785431963,98.36394948335247,1.8861072621260426
3724,27.562384482335823,98.36863194046937,1.9144304049953444
3725,27.47202866664238,98.37699316628702,1.94175867839958
3726,27.341241860788923,98.38892029395139,1.9576945410728623
3727,27.169722046238853,98.40425531914893,1.9832022467072086
3728,26.957067394788847,98.42280022136137,2.0109487900941696
3729,26.70277044077729,98.4443231441048,2.049293432342141
3730,26.406210475825166,98.46856528747985,2.0935911057159116
3731,26.066643867770782,98.49524815205913,2.145906895790298
3732,25.683191902632295,98.52408078715692,2.1842168675892975
3733,25.254825612751052,98.55476673427992,2.2211159636346167
3734,24.780346871179322,98.58701041150223,2.269371341052182
3735,24.2583647801673,98.62052274927396,2.288685825774372
3736,23.687266027145988,98.65502595563946,2.3118963183750862
3737,23.065177373132435,98.69025735294117,2.3405021715699306
3738,22.389917693085053,98.72597228430935,2.370633126945851
3739,21.658935868907154,98.7619461337967,2.4013474542453914
3740,20.869229111875647,98.79797553774779,2.4238012240983577
3741,20.01723355538306,98.83387888707037,2.4399215031025396
3742,19.09867446789201,98.86949623165411,2.435210232111257
3743,18.108355769903522,98.90468870099923,2.4141945815086614
3744,17.03985483685009,98.93933755117231,2.400056079256391
3745,15.885062695553016,98.97334293948127,2.384496934718462
3746,14.633457470382094,99.00662251655629,2.2749593809256092
3747,13.270884165427137,99.03910991233985,2.1876590209896434
3748,11.777332757306647,99.07075317900228,2.443385614390092
3749,10.12240784152537,99.30643127364439,3.0928082944006663
3750,8.2543586470295,99.4666260286498,3.0887466981828227
3751,6.064004032844547,99.55804360636417,3.093637020091523
3752,3.0370119579712087,99.58701224722302,3.106405347941956
3753,-0.0,99.61432506887053,3.119276884062888
3754,-0.0,99.61432506887053,3.129528119310556
3755,-0.0,99.61432506887053,3.136523517101476
3756,-0.0,99.61432506887053,3.1410310477200643
3757,-0.0,99.61432506887053,3.145955496517259
3758,-0.0,99.61432506887053,3.153405603796638
3759,1.7263595531412619,99.6078431372549,3.1608240116165702
3760,4.189190988298596,99.5511149724877,3.1671507233926355
3761,6.208061115907181,99.4311377245509,3.1706245167353284
3762,7.971385463025239,99.24172082946457,3.168040274390111
3763,9.551523848511046,99.10428662827896,3.188800756751214
3764,10.987424673037834,99.07438016528926,3.215642704809068
3765,12.303488665441556,99.04371584699453,3.2509342256478857
3766,12.922007284400156,97.1884762235335,3.245777826322051
3767,12.922007284400156,93.5612634501909,5.073454375530892
3768,12.922007284400156,90.00347101700798,7.620281225435764
3769,12.922007284400156,86.51509892398472,11.140731463676866
3770,12.922007284400156,97.57028809441167,1.1071438527184108
3771,12.922007284400156,97.57028809441167,1.1071739195496064
3772,12.922007284400156,97.57028809441167,1.1071734490631155
3773,12.922007284400156,97.57028809441167,1.1071361583594093
3774,12.922007284400156,97.57028809441167,1.1070593067214525
3775,12.922007284400156,97.57028809441167,1.1069449297955996
3776,12.922007284400156,97.57028809441167,1.106795022942919
3777,12.922007284400156,97.57028809441167,1.1066074576056533
3778,12.922007284400156,97.57028809441167,1.1063802787368107
3779,12.922007284400156,97.57028809441167,1.1061109853514706
3780,12.922007284400156,97.57028809441167,1.1057991624495878
3781,12.922007284400156,97.57028809441167,1.1054328266131772
3782,12.922007284400156,97.57028809441167,1.1049964030288355
3783,12.922007284400156,97.57028809441167,1.1044732898092824
3784,12.922007284400156,97.57028809441167,1.1038653768645472
3785,12.922007284400156,97.57028809441167,1.103171924401224
3786,12.922007284400156,97.57028809441167,1.1023863439428
3787,12.922007284400156,97.57028809441167,1.1014808160631808
3788,12.922007284400156,97.57028809441167,1.1014808160631808
3789,12.922007284400156,97.57028809441167,1.1014808160631808
3790,12.922007284400156,97.57028809441167,1.1014808160631808
3791,12.922007284400156,97.57028809441167,1.1005598454811854
3792,12.922007284400156,97.57028809441167,1.0996404136971547
3793,12.922007284400156,97.57028809441167,1.0987225168576717
3794,12.922007284400156,97.57028809441167,1.0978061511221757
3795,12.922007284400156,97.57028809441167,1.096891312662905
3796,12.922007284400156,97.57028809441167,1.870214379298943
3797,12.922007284400156,97.57028809441167,2.018571030651637
3798,12.922007284400156,97.57028809441167,2.0195364829783213
3799,12.922007284400156,97.57028809441167,2.169468143447362
3800,12.922007284400156,97.57028809441167,2.3079138147974403
3801,12.922007284400156,97.57028809441167,2.434225021256323
3802,12.922007284400156,97.57028809441167,2.5480412567099835
3803,12.922007284400156,97.57028809441167,2.6645556453381993
3804,12.922007284400156,97.57028809441167,2.7797012715558096
3805,12.922007284400156,97.57028809441167,2.891573289557751
3806,12.922007284400156,97.57028809441167,2.994344533092729
3807,12.922007284400156,97.57028809441167,3.0881975189406807
3808,12.922007284400156,97.57028809441167,3.1746258161998946
3809,12.922007284400156,97.57028809441167,3.2596754965904977
3810,12.922007284400156,97.57028809441167,3.3418300886749766
3811,12.922007284400156,97.57028809441167,3.420579338804728
3812,12.922007284400156,97.57028809441167,3.490294700639226
3813,12.922007284400156,97.57028809441167,3.5519368546949512
3814,12.922007284400156,97.57028809441167,3.616945382561152
3815,12.922007284400156,97.57028809441167,3.6835332178278315
3816,12.922007284400156,88.25060742797639,11.229846911884554
3817,12.922007284400156,91.77368969107948,7.9871824180652045
3818,12.922007284400156,95.36619229434224,4.8122769897506945
3819,12.922007284400156,99.02811523776467,2.2595285653676456
3820,11.659258326629562,99.05913978494624,2.181765034172826
3821,10.285745784398873,99.08943089430895,2.4655749069303394
3822,8.781452263906967,99.11894273127753,3.1761931594279997
3823,7.115975381672694,99.3455098934551,3.1440907210896403
3824,5.237557751852812,99.49941107184924,3.143132091338144
3825,3.0370119579712087,99.58701224722302,3.1440053622008057
3826,-0.0,99.61432506887053,3.144033027858551
3827,-0.0,99.61432506887053,3.1398741939819947
3828,-0.0,99.61432506887053,3.1593685377136502
3829,-0.0,99.61432506887053,3.39486030299062
3830,-0.0,99.61432506887053,3.9896264389480267
3831,-0.0,99.61432506887053,4.949570518993843
3832,-0.0,99.61432506887053,5.0286903661793225
3833,3.0370119579712087,99.58701224722302,5.107545633083549
3834,5.908035540662013,99.54337899543378,5.1987151625343815
3835,8.9248364358387,99.51212075011435,5.303222504382601
3836,11.104822614699641,99.41612750512861,5.414636502109864
3837,12.962319842742515,99.24873428058142,5.66374023211723
3838,14.606502646152375,99.0028730775731,6.230392231841439
3839,15.365782843270054,97.14629534124118,6.6958712075715585
3840,15.365782843270054,93.51899604607186,4.772907092213814
3841,15.365782843270054,89.96046071858346,4.916520159084776
3842,15.365782843270054,86.470689358776,6.569912380653852
3843,15.365782843270054,97.54168815540656,7.157339049564607
3844,16.644890836809697,97.47855016634566,7.424577645530225
3845,18.381692439340792,97.16981132075472,7.617885053205009
3846,20.19500856552766,96.89499435453519,7.845066670037761
3847,21.794175827153108,96.52615144418424,7.539347918595865
3848,22.53062536588823,94.3362480127186,5.8432786400330174
3849,22.53062536588823,90.46104928457869,3.9904411568698155
3850,22.53062536588823,86.66534181240064,3.6479187098530903
3851,22.53062536588823,82.94912559618442,5.733450172793076
3852,22.53062536588823,93.5214626391097,6.346171680502959
3853,22.53062536588823,93.5214626391097,7.388047359376898
3854,24.199905033159123,93.39144536793026,8.72564720781938
3855,26.54698606488774,93.06053575195106,10.032775272131627
3856,28.447917868284016,92.62672811059907,10.576161775205259
3857,28.447917868284016,88.52315119596226,8.147090351629206
3858,28.447917868284016,84.50735132762783,6.7357756767306665
3859,28.447917868284016,80.57932850559578,6.056679631509468
3860,28.447917868284016,88.32565284178187,9.480580430454802
3861,28.447917868284016,88.32565284178187,10.221082231226456
3862,28.447917868284016,88.32565284178187,11.0924719124081
3863,28.447917868284016,88.32565284178187,12.091292852461194
3864,29.29601625750964,88.00358102059087,12.794107115080195
3865,30.840112766761642,87.26722532588454,13.581312322988865
3866,33.189616129280985,86.56318214892069,14.63664528131006
3867,35.47926669279857,85.89516333248923,15.464844214061136
3868,37.32151061086228,85.09119746233148,16.699418682863346
3869,38.904622472638756,84.13793103448276,18.569667207055517
3870,40.300812261100624,83.25179856115108,20.187211682668906
3871,41.54886887177509,82.53825382538254,21.389708141737433
3872,42.182259894317454,79.49739503524364,18.876032147941558
3873,42.182259894317454,74.80845847379712,16.445227124536352
3874,42.182259894317454,70.24210848912044,14.13013621341804
3875,42.182259894317454,66.0435182347533,11.55172034603369
3876,42.182259894317454,74.1955255899479,19.62291732770671
3877,42.182259894317454,74.1955255899479,20.62103263789808
3878,42.182259894317454,74.1955255899479,21.670903401755243
3879,43.211685210964625,73.54879196736744,23.081457405115646
3880,44.98113336742527,72.04866820124958,23.339961562498466
3881,46.126313719778565,70.09955372468245,21.418590917556227
3882,47.20337579041325,67.96847008240773,19.777169252510223
3883,48.21605554610463,65.64485981308411,18.161207685706078
3884,49.272252244433226,63.21749316673174,17.500416079849387
3885,50.261168237275434,60.578883000407664,15.931130287178451
3886,51.06103638845235,57.57318625371234,13.766616553630454
3887,51.958182288807755,54.53740593182824,11.949386438827968
3888,52.75636950788775,51.22176118026741,10.571462311941968
3889,53.46438264113973,41.59080019166267,6.895429358472934
3890,54.1195707011372,43.162605668821485,8.006724850042295
3891,54.92236915567082,44.95080269290523,8.159149384138836
3892,55.66103725262127,46.742057081313945,7.734265124026321
3893,55.921438734258444,47.509578544061306,7.595761185167109
3894,55.921438734258444,47.509578544061306,7.631577553321182
3895,55.22801688938102,46.311254711900915,8.174008983063752
3896,54.74599500598482,46.1211477151966,8.133129202579772
3897,54.141569685245194,45.49738219895288,8.610447697256443
3898,53.066702567450896,44.0,9.731953898655691
3899,51.519944963893636,41.91992281717318,10.454182501527661
3900,51.519944963893636,37.57838880849011,11.528319816802679
3901,51.519944963893636,30.294259527255186,19.158641182549545
3902,51.519944963893636,39.7009165460685,12.602596562555476
3903,51.519944963893636,44.57308248914617,9.101748182529366
3904,51.519944963893636,49.63820549927641,6.309858931683074
3905,49.77450064191047,52.27377124483234,5.627455791506194
3906,49.28303588409793,55.82329317269076,5.107861544126014
3907,48.72127274115894,59.143968871595334,5.390102818809659
3908,48.08536327934036,62.13957375679064,6.3570904323922255
3909,48.08536327934036,62.13957375679064,6.324154899009491
3910,48.08536327934036,62.13957375679064,6.289288099485272
3911,48.41286114546506,54.54931972789116,4.660972287991047
3912,49.6680926423984,56.78191489361702,4.348089823755925
3913,51.26860010782919,59.26443202979516,4.980186063428338
3914,51.7992493136653,61.1431316042267,6.239197547269751
3915,51.25216049913406,60.27462121212121,6.409793123991047
3916,50.316255391791664,58.44811753902663,7.2250544195062085
3917,49.67139057317841,54.712746858168764,7.362868054069523
3918,49.67139057317841,50.0,7.275516164495771
3919,49.67139057317841,46.18491921005386,8.795586564560333
3920,49.67139057317841,53.41113105924596,7.1602029721813425
3921,49.67139057317841,47.80071813285458,8.526491699874539
3922,49.67139057317841,52.423698384201074,7.444335112860062
3923,49.67139057317841,57.2262118491921,7.146964259062462
3924,49.67139057317841,62.208258527827645,8.79433499409475
3925,48.43123206803766,62.700825010855404,9.122345940579416
3926,47.13522254963205,61.51553852703278,8.972375439478661
3927,47.13522254963205,60.70668369518944,8.530092248659868
3928,47.06743453691315,60.21231422505308,8.074576896115387
3929,46.862884326006714,59.75558364938896,7.753487659454992
3930,46.56418732609231,59.4414339308045,7.388352991258613
3931,46.1675325750098,58.61076859843814,6.847835778413986
3932,45.93083708428829,58.98899306971056,7.324490569873066
3933,46.172595364209116,56.68737060041408,6.189112410321302
3934,46.273970184767535,53.31388078365986,4.816151098490587
3935,46.273970184767535,49.270529387244686,4.341890045113316
3936,46.273970184767535,39.34972905377241,11.202447144172757
3937,46.273970184767535,39.7665694039183,12.686716848096673
3938,46.273970184767535,51.354731137974156,3.2002606151513016
3939,46.273970184767535,55.81492288453522,2.369619311248843
3940,44.44642463537704,54.21881308033912,3.108587374208849
3941,43.030711268541864,53.31480746327908,3.3867598562642764
3942,43.030711268541864,53.31480746327908,3.6690772052706087
3943,42.38877453477087,53.977493209157934,3.7011623499530995
3944,41.63487623025413,54.786227771471815,3.6375605545746272
3945,39.144151781329285,55.13335769090245,3.7615701246768323
3946,38.70898134260048,55.78378378378378,3.830219595684731
3947,39.144151781329285,56.30252100840336,3.7568123564305784
3948,39.9234260442722,57.18035245594301,4.362619325493343
3949,40.59186728452427,58.54126679462572,4.911679745664978
3950,41.159089362351445,60.09408075264602,5.812706366732067
3951,41.159089362351445,60.838886711093686,6.812115165833651
3952,40.22413917650181,61.02285935683843,6.967881200847898
3953,40.22413917650181,57.84579620302208,6.0419580435315465
3954,40.22413917650181,57.80705153041457,5.933597608646245
3955,40.22413917650181,57.884540875629604,5.902428873926459
3956,40.22413917650181,61.06160402944595,6.521078380220219
3957,39.72329351310107,62.44773850247054,6.7613780159881935
3958,39.438442496761944,64.38510718315156,7.762655700719492
3959,39.52122144221935,63.51606805293006,7.650314756783492
3960,39.5566516482488,62.75104206138689,7.741014499237269
3961,39.54484466979849,62.09769026883756,8.09303666514301
3962,39.48576338039885,61.561674839683135,8.488919600291867
3963,40.20401029551209,60.60374474589224,9.08485585868064
3964,41.504471014172886,59.038991729027174,10.126854641040863
3965,42.57462127598604,57.35115431348724,11.597452643256824
3966,43.465047867895166,55.5463232239302,13.380659850781202
3967,44.20485012979108,53.97365065873353,14.750398434648714
3968,44.39113343901577,49.85100042571307,17.70077284903545
3969,44.083050292749554,48.225469728601254,20.246785855906662
3970,43.71825324682474,47.48877092690894,22.383134501842896
3971,43.295092349266554,46.31620868180008,24.145527169626313
3972,43.295092349266554,56.43170051772202,17.562385731198635
3973,42.30586503001246,58.17068503635668,18.065581235503583
3974,41.76465821374947,61.267341582302215,16.432542933497178
3975,41.76465821374947,65.65429321334832,14.971090458636814
3976,41.76465821374947,70.1912260967379,10.912217638450942
3977,41.25338102087028,70.87130878600072,10.478240575167924
3978,40.6801054128171,71.59533073929961,9.802292763040633
3979,40.04180412932909,72.3535457348407,7.6676865828445395
3980,39.33480243460771,73.13680026498841,7.424633234448667
3981,38.554602875511854,73.93668052446434,7.763661149007676
3982,37.69563440606061,75.02312673450508,7.778038365854961
3983,36.750881078507774,76.5072765072765,6.484812852416021
3984,35.711309068307386,78.05087167762218,5.116020998399465
3985,34.56493426720899,79.41742236878264,4.490889535773795
3986,34.56493426720899,83.89667491068975,6.438433263648207
3987,34.08156186837318,84.59255261737722,7.533842079784606
3988,34.08156186837318,84.59255261737722,8.165678989150708
3989,35.02717118836727,83.15612758813654,7.993540129671068
3990,35.89186228669541,81.53623188405797,7.747876179577269
3991,36.89564403937935,73.60818537466145,5.9677571619665875
3992,39.05537128026763,76.89405847217856,4.8252351760406125
3993,41.2429858387401,80.59308072487644,7.293649350315057
3994,42.98062963634804,84.4321712115982,10.28251639375018
3995,42.93010453933828,83.57438016528926,10.26402313353066
3996,42.29916159539001,82.44717109747785,10.173047480666094
3997,41.44575484448211,81.39300134589502,10.29694153254604
3998,40.3011779490955,80.15241882041087,9.15408666507428
3999,38.680125769657664,81.51041666666667,12.133058403973513
4000,37.60766140752328,81.45003265839321,13.506122588125224
4001,38.0560335902975,80.99062918340027,14.00343282435659
4002,38.4520353067461,80.56125941136209,13.992438957889627
4003,38.4520353067461,68.51471594798083,5.2927813480853665
4004,38.4520353067461,68.51471594798083,5.615476234891838
4005,38.95034058687678,69.76987447698745,6.434868742257024
4006,39.86611936360495,72.55965292841648,11.06896588207218
4007,40.33307268639084,71.11436950146627,8.854648571431602
4008,40.69463924596506,69.57005189028911,8.5863678944053
4009,40.95605226431601,67.86248131539611,8.021792697269547
4010,41.12082931797,69.60931630353117,10.835672401652934
4011,41.19108249790548,71.31024096385542,13.603732806432562
4012,41.167688869871405,72.72385252069225,18.38711632796778
4013,41.80051017942226,72.93666026871401,20.03912240773932
4014,43.0227864254101,71.56587905486585,18.809610343165946
4015,44.09192173263281,70.00417188151856,18.64722351071631
4016,44.843622532905194,68.30742659758204,18.677839010456452
4017,45.32453449761043,65.7941437444543,17.10424229011597
4018,45.73785991208609,63.09090909090909,17.73282011440399
4019,46.08606478825564,60.21355617455896,18.200496633313783
4020,46.37111188477561,54.11153119092628,17.401134389473867
4021,46.88845363411176,56.94915254237288,19.860356339887517
4022,47.59809084397126,58.670664667666166,21.68137478679241
4023,48.201499008334316,60.25706940874036,23.872051214418534
4024,48.064020804140036,57.325165900969886,23.523382597175235
4025,47.84655463041344,53.96264512872287,23.610754012418923
4026,47.51071303058932,53.125,24.299462051867543
4027,47.05618306234381,52.27713178294574,25.770514829897575
4028,46.578630334407414,51.160587399336805,25.71619028025658
4029,46.661965260089204,47.97522629823725,24.165641629430876
4030,46.68970340467523,45.20286396181384,21.946620964797088
4031,46.94019178696698,42.615830115830114,19.956800062978854
4032,47.384207031167,40.49261083743843,19.428736898786113
4033,47.737921554944535,38.326653306613224,20.847844592512413
4034,48.00512496980199,36.142131979695435,18.150358633197076
4035,48.28417914288423,34.498714652956295,16.787474122926145
4036,48.56452567055158,32.69130661114003,14.0278928471685
4037,48.749521053265674,30.918635170603675,13.51220874184755
4038,48.82953827330477,29.557428872497365,12.469423036112703
4039,48.84146455434607,27.83342119135477,12.342470173783296
4040,48.79372115372856,26.2493424513414,10.819175586109756
4041,48.64987256089208,24.777835859905906,12.146410505018798
4042,48.43888058861327,24.76683937823834,11.543722192727218
4043,48.144433410792644,23.707117255504354,8.030469585054286
4044,47.63724268234777,23.234852278417627,7.419898961958902
4045,46.92760547248827,22.513343037360503,5.490135110827027
4046,46.100510885303905,21.659634317862167,4.267781410372441
4047,45.1400796276858,21.32851333032083,3.9153456781521365
4048,45.63820504419762,21.132596685082873,3.576741845994578
4049,46.5295976876564,22.375954198473284,3.5104650684383425
4050,47.29631900084655,23.274161735700197,4.441048943600274
4051,47.95165529576142,23.983739837398375,5.6929696572431485
4052,48.24934874086975,23.741007194244606,5.328040877696232
4053,48.54136738962157,24.86992715920916,7.369876890810106
4054,48.73389762482185,25.70828961175236,6.435255836852063
4055,48.82953827330477,27.028451001053742,6.826284567862357
4056,49.13044312393979,24.946351931330472,6.068875520461148
4057,49.33693649389244,22.5,5.046052544781871
4058,49.473836525482064,19.791666666666668,7.8472798999650655
4059,49.54206149581707,17.180616740088105,10.858407216764059
4060,49.542061495817066,21.97136563876652,7.559596540551787
4061,49.473836525482064,24.06798245614035,5.606268177937591
4062,49.33693649389244,26.41304347826087,5.7548179327512115
4063,49.085359174760804,29.1220556745182,6.724544110963781
4064,48.71220730367693,31.70859538784067,6.867494712792628
4065,48.257677335431424,34.25357873210634,6.623918841019372
4066,48.257677335431424,34.25357873210634,6.820818073494846
4067,48.257677335431424,34.25357873210634,7.117631796884957
4068,48.257677335431424,34.25357873210634,8.088555425570421
4069,48.257677335431424,34.25357873210634,9.148494774987673
4070,48.71220730367693,26.67714884696017,15.973651406957774
4071,49.085359174760804,27.141327623126337,17.31577319493148
4072,49.38037473402791,27.505446623093682,18.226845575348456
4073,49.599666704832394,30.960264900662253,16.9953158618843
4074,49.511144515517934,33.46153846153846,16.507515922886355
4075,49.333111927820156,35.56644880174292,16.98024825160562
4076,49.06352455380399,38.064516129032256,14.712499435462947
4077,48.930450762662296,39.27427961579509,16.480925023812322
4078,48.720040092231,41.824894514767934,17.07838351056339
4079,48.43049494149104,44.755970924195225,16.984792502966734
4080,48.05922451788441,47.60692464358452,15.327950609804507
4081,47.60269221614736,50.34825870646766,15.353088342213947
4082,47.08844699160276,53.00678952473327,15.087940705560662
4083,46.48189739862109,55.513666352497644,15.939656748399011
4084,45.92334170513712,56.18390804597701,16.643260443991696
4085,45.412950046510645,54.75011256190905,18.800475639909095
4086,44.79875145732568,53.53846153846154,19.941088609280378
4087,44.85063192223293,53.81561535068372,20.52649514585033
4088,44.85063192223293,62.10851345390384,17.315149805155897
4089,44.07135765929002,63.371844244758236,16.84453026996052
4090,43.16791943219894,64.51345755693582,16.79913855239613
4091,42.12105771682092,65.53378648540584,17.06805991958728
4092,41.73185296482579,67.8740157480315,15.42350218713186
4093,41.73185296482579,71.37795275590551,11.560305936634425
4094,41.8163102126516,71.85273159144893,9.863470465586543
4095,41.85245680806571,72.02380952380952,9.596643787459014
4096,41.048842928159004,69.96915959907479,13.240096193967489
4097,40.12202007867077,76.5695067264574,6.6245308509378775
4098,39.05265660694906,77.94649313087491,5.539365548387663
4099,38.97304150169839,81.54676258992805,3.0335776400856918
4100,37.71044147911878,82.65093684941013,3.1463510917912823
4101,36.22505662898231,83.58957219251337,3.6280142401755566
4102,34.40818522626357,84.37299035369774,4.237926497354067
4103,34.828362958393086,87.01424870466322,6.538027915910244
4104,33.27373015012254,86.50998068254991,6.890221387807596
4105,33.27373015012254,86.50998068254991,7.68736162223958
4106,32.73252333385954,85.03164556962025,7.469688275681015
4107,31.543517762589378,82.07086133170434,6.687964897149007
4108,30.18608248131875,79.12249705535925,4.315583703169477
4109,30.18608248131875,75.4416961130742,4.882690992074607
4110,31.74408130625069,82.72235576923077,9.02207768175336
4111,33.864447799060954,81.92620387742339,9.809272590921884
4112,35.53288972166107,80.98179453836151,10.127585547840344
4113,36.937432030761755,74.84807562457799,6.4179628536980236
4114,39.08582458486886,77.77387640449439,8.805885501596212
4115,40.67026920653944,79.69031328772056,11.316717100709349
4116,41.92250000953536,82.5924542398207,16.10132921554086
4117,42.89626152712627,81.52132155205533,17.050136954925893
4118,44.33624872268587,80.60941828254848,17.447607097385244
4119,45.920908281125705,79.86933442221314,17.73146941266997
4120,46.944359309149114,78.78406708595388,18.166019726550385
4121,47.584337223860686,77.34475374732334,19.165568355350793
4122,48.106617770142456,75.7522895769734,19.164736750910702
4123,48.52009909830014,74.01505090748118,20.02110297581047
4124,48.83105125636837,72.50335871025526,20.993357874894052
4125,49.01833567334115,69.79445933869526,18.0198242677248
4126,49.63301821636935,65.66757493188011,16.02044698823973
4127,50.09450360546472,66.42134314627415,16.83212495494402
4128,50.31291749006759,66.75925925925925,17.737482295332168
4129,50.31291749006759,66.66666666666667,19.01584161148424
4130,50.52128100199204,64.946034725481,20.60426987697166
4131,50.968056354131086,61.60154365653642,20.151761593623217
4132,51.34854674115682,59.66386554621849,19.60347926319281
4133,51.664955644319434,57.79909136799596,19.789441095944316
4134,51.9190236478907,56.03492552645095,20.598840302960735
4135,52.11209191271466,54.39875065070276,20.964676806540712
4136,52.245147661347765,52.91644771413558,22.122427642734728
4137,52.2893905921878,50.13178703215603,21.616631964582876
4138,52.2893905921878,46.44175013178703,19.271003280994485
4139,52.2893905921878,42.59356879283079,16.776230557799586
4140,52.2893905921878,38.9562467053242,17.293960283704795
4141,52.60998205296485,39.21883360085607,18.087971313744664
4142,53.171283415379214,40.40681693238043,18.32855722938133
4143,53.171283415379214,40.40681693238043,18.985152827370676
4144,53.171283415379214,40.40681693238043,19.55986995038071
4145,52.712544553927174,37.57380568974772,20.81429338350432
4146,52.44802575831222,35.434322033898304,17.365533145036814
4147,52.44802575831222,34.00423728813559,17.62213948936121
4148,52.44802575831222,32.78601694915254,15.778142715483442
4149,52.44802575831222,31.779661016949152,14.765517447173824
4150,52.44802575831222,31.779661016949152,14.423381615147425
4151,51.844617593949174,30.864197530864196,13.143220674929868
4152,51.13498038408966,29.8804780876494,11.323042522202188
4153,50.307885796905296,28.846153846153847,9.546847070110099
4154,49.92049443974934,27.229601518026566,8.000922462291914
4155,50.029205323857305,24.4263862332696,5.087107051591243
4156,50.08344797492441,21.689059500959694,5.063656265664112
4157,50.083447974924425,19.001919385796544,8.609933745712059
4158,50.66591844789372,21.794246708922476,7.6455583294439995
4159,51.7069764350922,20.453400503778337,9.94144520486861
4160,52.446778696988126,20.145002589331952,11.022937739234399
4161,53.05451630753456,20.53050397877984,11.428610384289241
4162,53.72190982322521,20.92391304347826,12.178643035782452
4163,54.13542448225576,20.851769911504423,13.082260950565633
4164,54.6819336360593,21.37970353477765,12.908505980805952
4165,55.13846593779634,21.838407494145198,13.569464863232719
4166,55.509736361402986,23.17365269461078,13.165187961356732
4167,55.64282665236098,25.331724969843183,10.622958926095377
4168,55.687026752823876,27.20677146311971,10.227769044083914
4169,55.64282665236098,29.73462002412545,8.439899936881268
4170,55.509736361402986,32.33532934131737,7.7528692622734665
4171,55.09622170237244,34.72385428907168,5.957980578349754
4172,54.566829748663494,37.08381171067738,4.9742846353739765
4173,53.91127181387561,39.385474860335194,4.228003665319376
4174,53.114476521452644,41.603466955579634,3.6321172323991804
4175,51.7205845256124,44.29708222811671,4.555813499858452
4176,51.2403271519831,46.795205836373114,6.902737425803492
4177,51.65345407324208,49.36642027455122,9.084176342111698
4178,52.4180090614999,50.760043431053205,9.943917151555649
4179,51.65345407324208,49.36642027455122,9.608617256662173
4180,50.72306741027123,47.85056294779939,8.361972105902446
4181,50.72306741027123,41.55578300921187,3.688062284117843
4182,51.140316395576725,41.76623376623377,3.792948636786433
4183,51.8642164780463,42.925787506673785,3.966065219216887
4184,52.455155434504796,43.95844723892838,4.875314380924102
4185,52.8159258790874,44.59234608985025,5.833115721255975
4186,52.8159258790874,45.03605102606767,6.31521534532397
4187,52.8159258790874,46.089850249584025,8.152238791736732
4188,52.8159258790874,47.3655019412091,9.71725796260723
4189,53.19325445158207,46.92611393119007,9.828301170188928
4190,54.64917677262071,46.30484988452656,9.098769898708278
4191,56.81849212391945,45.35160905840286,8.541135289640984
4192,57.19494136795839,43.64074743821579,6.146039968303747
4193,57.19494136795839,41.65159734779988,5.176306658544436
4194,57.52256593703267,41.595615103532275,4.984278904478507
4195,58.045304978980475,42.317224287484514,4.650620508607503
4196,58.40714187570225,42.848180677540775,5.011074042317646
4197,57.93690184270239,41.595615103532275,4.66573645676799
4198,57.83798045747797,41.16937914406269,5.018747709909024
4199,57.979071527848234,41.36886735311932,5.50764735421763
4200,57.88208948302091,41.70187085093543,6.364707492251847
4201,57.65352997480525,41.4721723518851,7.469164763209174
4202,57.481892515944836,41.29530600118835,9.244002935584554
4203,57.15101711515609,41.29032258064516,10.812385567727882
4204,56.64533162559782,42.429476108232585,12.575551390484387
4205,55.98950229269203,43.556555993247045,13.41068980646635
4206,55.16159325172957,44.657534246575345,13.39295856956523
4207,55.32873356254292,35.88463671658347,17.51151054046721
4208,55.67137750949085,37.98756359525156,17.116324100564253
4209,55.67137750949085,37.98756359525156,18.3381121552493
4210,55.67137750949085,37.98756359525156,19.526583951782875
4211,55.111389235646634,37.229916897506925,20.647500106376658
4212,53.81092851698585,45.08762612851832,18.104134816640666
4213,52.172026307478916,46.927374301675975,16.87875508314712
4214,49.68130185855407,48.61851672321861,15.758409444426736
4215,49.46862693510585,48.01720019111323,16.858542811427082
4216,49.197479197752195,51.243547630220554,14.798420205070958
4217,48.866545722491395,54.340836012861736,14.02184494969261
4218,48.47415594710062,57.28372926938592,13.623677474807005
4219,47.706036166557155,59.481641468682504,13.455683471179233
4220,47.28514653869741,62.71186440677966,11.953323388241467
4221,47.28514653869741,67.2457627118644,11.580324297297203
4222,47.28514653869741,71.94915254237289,6.165036044272487
4223,46.83797933170305,72.8707935189032,6.208858850830604
4224,46.83797933170305,72.8707935189032,6.898735474873442
4225,46.83797933170305,72.8707935189032,7.544615774952281
4226,46.83797933170305,72.8707935189032,8.168946273080177
4227,46.83797933170305,72.8707935189032,8.79889684902898
4228,46.83797933170305,72.8707935189032,9.417653031154234
4229,46.83797933170305,72.8707935189032,10.020687129463786
4230,46.83797933170305,72.8707935189032,10.602147249291157
4231,46.83797933170305,72.8707935189032,11.164246748481412
4232,46.83797933170305,72.8707935189032,11.726328047388002
4233,46.83797933170305,72.8707935189032,12.335203531384776
4234,46.83797933170305,62.77523888658081,23.310747760048237
4235,46.83797933170305,67.13751557955962,23.157055120057983
4236,46.83797933170305,71.62442874948069,16.893627369212282
4237,46.83797933170305,76.235978396344,13.904939653056877
4238,45.85829150973307,77.78220981252493,13.291087001799971
4239,45.06762404051428,79.43781286099346,13.204698174454526
4240,44.5121467471722,81.73328352633546,10.109135214567237
4241,43.89112773850153,83.79746835443038,9.595738114284202
4242,43.20092136325742,85.63439356868228,8.925915019895067
4243,42.265360160320384,85.98319327731092,8.91314681312043
4244,41.22800683618873,86.34162092347432,9.14961097795875
4245,40.07492981417713,86.70591881004029,9.333146653136192
4246,38.786327639877534,87.07280832095097,8.929392708520634
4247,37.33199992665637,87.80974081458274,8.245958185809073
4248,35.6603785291743,88.4038199181446,7.5983337315408
4249,33.662453576713574,88.86856545597074,7.4803619941378034
4250,30.82405387276012,89.21691268451339,7.336859191675349
4251,27.97194824937788,89.54687125389594,6.990258035141953
4252,25.662220777026818,90.02533978346003,6.138696306077512
4253,24.75221787371283,91.08138238573021,5.43857926796957
4254,23.76652388523746,91.9991373733017,5.05522699741659
4255,22.283585384796602,92.4787035113235,4.888799791160545
4256,20.615627592283474,92.85571342805683,4.765933394160275
4257,19.692141411466462,94.91358994501178,3.8952009063096913
4258,19.692141411466462,98.78240377062058,4.582362079204446
4259,19.25955034112374,98.9010989010989,4.653654765546572
4260,19.824009183911407,98.85946259423932,4.711763820179826
4261,20.617868299390786,98.71869539895167,4.778182006268124
4262,21.08100361347883,98.50107066381156,4.797061203512921
4263,21.271588014553767,98.36289222373806,4.904158088219556
4264,21.208542179190992,98.3635300993571,5.252659704615479
4265,20.261516904163756,96.7125382262997,5.453993753128481
4266,18.45396095349142,93.22033898305085,4.263349322724496
4267,16.323002792948955,89.84375,4.789026040559281
4268,13.35434947684245,86.5845311430527,6.998385799957568
4269,12.303488665441556,97.4214480874317,6.405073582997253
4270,12.922007284400156,95.33148212426241,5.035359435136234
4271,12.922007284400156,91.70426935091982,3.815682421254409
4272,12.922007284400156,88.14647691773689,5.111054325767669
4273,12.922007284400156,84.81430059007289,7.747773431147871
4274,12.922007284400156,94.77611940298507,4.202802177072491
4275,12.922007284400156,94.77611940298507,4.315246721702977
4276,12.922007284400156,94.77611940298507,4.431799780283903
4277,12.922007284400156,94.77611940298507,4.54989530637516
4278,12.922007284400156,94.77611940298507,4.669106171813793
4279,12.922007284400156,94.77611940298507,4.789425884426861
4280,14.61155260696702,94.67821782178218,4.775473250295856
4281,16.999765415822814,94.42201834862385,4.5745411498318
4282,18.942656497084737,94.07844630616908,4.425104425621883
4283,19.812055379992,91.93173002327386,3.2789384545905578
4284,19.812055379992,88.11093871217999,3.384690551359605
4285,19.812055379992,84.36772692009309,6.2220257436363475
4286,19.812055379992,80.70209464701318,9.421331018990278
4287,19.812055379992,90.06982156710629,0.6154670499484596
4288,19.812055379992,90.06982156710629,0.6153925793277705
4289,19.812055379992,90.06982156710629,0.6153925793277705
4290,19.812055379992,90.06982156710629,0.6153925793277705
4291,19.812055379992,90.06982156710629,0.6153925793277705
4292,19.812055379992,90.06982156710629,0.6153569004158304
4293,19.812055379992,90.06982156710629,0.6154370835720026
4294,19.812055379992,90.06982156710629,0.6154370835720026
4295,19.812055379992,90.06982156710629,0.6154370835720026
4296,19.812055379992,90.06982156710629,1.4859691889380784
4297,19.812055379992,90.06982156710629,1.7137409133159391
4298,19.812055379992,90.06982156710629,1.7658131815557416
4299,19.812055379992,90.06982156710629,1.8928622048314376
4300,19.812055379992,90.06982156710629,1.9845950299669586
4301,19.812055379992,90.06982156710629,2.0346069527318225
4302,19.812055379992,90.06982156710629,2.0603983855589423
4303,19.812055379992,90.06982156710629,2.0982436908606577
4304,19.812055379992,90.06982156710629,2.1850054376581363
4305,19.812055379992,90.06982156710629,2.286548456044306
4306,19.812055379992,90.06982156710629,2.673849930549305
4307,19.812055379992,90.06982156710629,2.790571451206107
4308,19.812055379992,90.06982156710629,2.8256027229469667
4309,19.812055379992,90.06982156710629,3.0094272597779645
4310,19.812055379992,90.06982156710629,3.2006009893510066
4311,19.812055379992,90.06982156710629,3.3374947593824946
4312,19.812055379992,90.06982156710629,3.42747584061743
4313,19.812055379992,90.06982156710629,3.5068170902390716
4314,19.812055379992,90.06982156710629,3.5662909499338995
4315,19.812055379992,90.06982156710629,3.5985559762543082
4316,20.389193965764203,82.20907297830375,8.676494545118851
4317,21.47608340523819,84.84910277324633,6.497985193674342
4318,22.48050700025617,87.67383059418458,4.323595147371817
4319,24.608008832738395,90.93094405594405,3.5683399589784077
4320,25.378244192721688,90.82931110136025,3.6488511524162224
4321,25.378244192721688,90.4563405002194,3.713255675753173
4322,25.378244192721688,90.4563405002194,3.827066877886259
4323,25.378244192721688,90.4563405002194,3.943595434213125
4324,26.457532303087877,91.23233215547704,4.058405556886433
4325,27.154584857385615,91.63337771859743,4.1610283093148555
4326,28.69868136663761,82.11813567143517,9.524290696272384
4327,30.079185568848526,85.1558752997602,7.433561601647325
4328,31.326401926246938,88.88888888888889,4.570626698198912
4329,32.46024379309594,92.83497154681842,3.384173034543503
4330,32.419047823488505,93.43329886246121,3.526635660204386
4331,33.378852650968454,93.08681672025723,3.4634942066902528
4332,34.258085556536095,92.73029966703663,3.410229034018914
4333,35.06306139856514,92.36509758897819,3.388373528000225
4334,35.798861008574725,91.99288256227759,3.3893904949939295
4335,36.4696356770008,91.6156670746634,3.3528013469163036
4336,37.078816837997856,91.23581336696091,3.3583761119432816
4337,37.62926495825676,80.25291828793775,12.172239734620666
4338,38.12337793056139,84.28761651131825,8.283857257295221
4339,38.56317160382855,88.43792633015006,4.347723911783941
4340,38.95034058687678,92.67782426778243,0.651123284944738
4341,37.753197930966444,93.0081855388813,0.4198836403595259
4342,36.21272721099986,93.20905459387484,0.40997205329033193
4343,33.81599002893096,93.28793774319067,0.6976796586688743
4344,34.06234383354353,93.0592105263158,0.9413293817320952
4345,34.26295746937663,92.84287616511318,1.2790382219401066
4346,34.41840900893908,92.64112903225806,1.6216542166657433
4347,34.52913805129263,92.45602165087956,1.9263425105663634
4348,34.595453387568,92.28940217391305,2.365871947966048
4349,34.61753825221842,92.14285714285714,2.8102108138914312
4350,34.595453387568,92.01766304347827,3.2995406024180194
4351,34.52913805129263,91.914749661705,3.714159340045477
4352,34.41840900893908,91.83467741935483,4.06875636875669
4353,34.26295746937663,91.77762982689747,4.418252762916451
4354,34.06234383354353,91.74342105263158,4.7238902170455335
4355,33.81599002893096,91.73151750972762,4.93500438409489
4356,33.52316908551119,91.74107142857143,5.13875166391082
4357,33.182991462270216,91.77096370463079,5.27420166350877
4358,32.794387441864046,91.81985294117646,5.389818897301521
4359,32.356084651929315,91.88622754491018,5.489484340557359
4360,32.37976880459264,91.49315883402737,5.482048511130848
4361,32.81287852371474,90.54054054054055,5.0876852754079485
4362,33.13150042964057,89.47368421052632,4.6401206058428786
4363,33.34112713917752,88.57142857142857,4.962649309866393
4364,33.44513518506334,87.53808653260207,5.351643084561818
4365,33.44513518506334,86.74588665447898,6.067772562371235
4366,33.34112713917753,85.98784194528875,6.348866141008798
4367,33.24968277049444,85.07734303912648,7.044824414178315
4368,33.24968277049444,84.07643312101911,7.737965505030688
4369,33.24968277049444,83.19684561722778,8.203998758137873
4370,33.24968277049444,82.4385805277525,8.676823619870783
4371,33.24968277049444,83.07552320291174,8.198217414190903
4372,33.24968277049444,83.07552320291174,8.132501914977263
4373,33.24968277049444,82.80254777070064,8.271987209612377
4374,33.24968277049444,83.62147406733393,7.55489104801692
4375,33.24968277049444,84.56172277828328,7.202252434986671
4376,33.24968277049444,85.62329390354869,6.803360684482953
4377,33.40619407031256,86.87975646879757,6.1493277524546945
4378,33.458099162068656,88.29625114294423,6.001265444808738
4379,33.40619407031256,89.61948249619482,6.845498327207058
4380,35.30478519875255,93.5820423648435,9.029635791247527
4381,36.70419751709188,94.65941797249761,10.7403841526071
4382,37.60688377368258,95.51468215553405,12.915524315575889
4383,38.194004721443235,96.13510880155894,14.38688602534789
4384,39.029777895232186,96.27659574468085,15.695382657015895
4385,39.92322894793069,95.2446588559614,16.062246010607154
4386,40.46100822083124,93.15602836879432,15.31150818030592
4387,41.258058936052834,91.48936170212765,15.699317264591057
4388,42.265919131679695,90.26717557251908,16.05528777037595
4389,43.1630650320351,89.17525773195877,16.17849061489215
4390,43.96125225111509,87.58223684210526,16.149802208468447
4391,44.66926538436707,87.14893617021276,16.928775525340015
4392,45.397094498939985,86.07929515418502,16.95855420468557
4393,45.397094498939985,81.27753303964758,14.384727202354048
4394,45.397094498939985,76.65198237885463,9.878189126995625
4395,45.397094498939985,72.20264317180617,9.429682129584029
4396,45.397094498939985,82.37885462555066,17.741388040536304
4397,46.89236131533865,81.941309255079,18.69708790058099
4398,48.136500240600874,79.85039738195418,16.447752666913853
4399,48.42599845020158,76.46498332539305,13.93519489118614
4400,49.44031496116337,74.004914004914,13.899899226581946
4401,50.92799127532099,72.47046738572162,14.140635436147816
4402,53.00074998691675,70.92960773777538,12.104197732337942
4403,54.87040233825594,69.38660664040518,11.17429085127666
4404,56.27846004292029,67.60728982951206,8.612212405470254
4405,57.41215873584329,65.58481322718922,8.510392921347293
4406,58.34254539881414,63.82708200890019,8.249565774501711
4407,59.10710038707197,62.590401051939516,7.795598091609616
4408,59.728573759679605,61.47596479350034,7.9954871332394335
4409,60.22181295772552,60.51353226925746,7.5832609536931175
4410,60.59683927924733,59.7310686482661,7.425927798238011
4411,60.86042023918815,59.15290739411343,8.021167164365899
4412,61.01693153900627,58.79797248370746,8.341421943685246
4413,61.068836630762355,58.678286129266525,8.878642680364498
4414,62.26844078013444,58.069270449521,8.948886208492794
4415,63.667853098473785,56.699470098410295,9.235877070248801
4416,64.57053935506448,55.220417633410676,8.373637146145185
4417,64.76187615468794,54.066615027110764,8.050418746708381
4418,64.39247218449124,53.07984790874525,7.44764248508908
4419,63.88678669493297,51.818856718634,7.232173625632642
4420,64.54776888139445,51.43699336772292,6.486852589373756
4421,65.73428852935521,50.48762190547637,5.721282672022422
4422,66.39487025632847,49.50645406226272,5.633812042657076
4423,66.70118819270515,48.51031321619557,5.89992507010156
4424,66.70118819270515,49.12146676852559,6.531611966405601
4425,66.39487025632849,50.26575550493546,7.2779781108189265
4426,65.73428852935521,51.387846961740436,7.688240995800833
4427,65.64289078745257,51.97319434102755,7.946207998977599
4428,67.9101917383847,50.742767787333854,8.72692440899543
4429,69.01524105526242,49.145646867371845,9.135391064291696
4430,69.5938590285811,47.19195305951383,10.899628144116843
4431,70.03003387275298,45.15021459227468,13.457980626897127
4432,70.33484824530817,43.056768558951966,16.3163074136904
4433,70.51521072078867,43.865842894969106,16.093822294385987
4434,70.57492597708776,45.08414526129318,14.296493008916965
4435,70.51521072078867,46.69020300088261,13.108536812902583
4436,70.33484824530817,48.646288209606986,11.895921110135996
4437,70.03003387275298,52.01716738197425,9.761507991324567
4438,69.5938590285811,55.238893545683155,9.950636740408665
4439,69.01524105526242,58.0960130187144,9.922033798463618
4440,68.27681105880151,60.72270227808327,8.852014167336108
4441,67.94750842848623,61.568024596464255,8.94073530620124
4442,67.51674119223622,63.27599102468212,8.752518451975167
4443,66.97812252121567,66.545981173063,8.951779882633659
4444,66.32265570623929,69.50453593859037,7.439574167981788
4445,66.59332596741847,70.03508771929825,7.268623694569286
4446,66.4426945721291,69.83904828551435,7.956785128498618
4447,66.24965070306989,69.5955369595537,8.485487508268966
4448,67.34864789707476,68.9873417721519,8.74032797479193
4449,67.83387838170218,69.27966101694915,9.052405893995196
4450,68.06867326818758,68.26722338204593,10.003008000657351
4451,66.49838236711044,64.83807005948447,12.487142750123226
4452,64.07324611435565,61.42767689417658,14.4896297397216
4453,62.64382501625766,57.40402193784278,17.860878700963582
4454,62.64382501625766,57.76965265082267,18.762842572468124
4455,62.64382501625766,62.096282754418034,16.498057328834253
4456,62.64382501625766,67.15417428397319,15.563247438790622
4457,62.64382501625766,72.4558196221816,7.008286695347049
4458,61.733109334029535,74.7227086981903,7.134820164574195
4459,60.38076815046149,76.4313507504169,6.975067861644384
4460,59.1902757820764,76.9438444924406,7.0360267284004685
4461,60.15927494238482,77.37384698860554,7.159723035953258
4462,61.01112474742908,77.88093937738941,7.216638431062347
4463,62.39514060761368,77.71525042205965,7.639819126101632
4464,63.56140782414521,77.50144592249855,8.314015109898119
4465,64.43820820308719,77.14624037892244,9.006906155617381
4466,65.09453861558289,76.64453832226916,9.743884448531208
4467,65.5653725657746,76.48499693815064,10.477486085968941
4468,65.87034665505185,76.87074829931973,10.638253963048868
4469,66.02036976577061,77.37725295214419,10.470230850854461
4470,66.02036976577061,77.99875699192044,10.395921111727631
4471,65.87034665505185,79.5299938157081,9.146429346329215
4472,65.56537256577461,80.8940600122474,6.877517876165398
4473,65.09453861558289,82.07604103802052,6.062836091095909
4474,64.43820820308719,83.06690349319123,5.544541965130115
4475,63.56140782414521,83.86350491613649,5.278887050976831
4476,62.39514060761368,84.46820483961733,4.971968440104489
4477,60.753870099115744,84.88816148390616,4.648760533233888
4478,59.753234492324545,85.6763925729443,4.391882430627718
4479,58.47117939274364,86.27249357326478,3.853111636945679
4480,56.72118322889368,86.68653750620963,3.8020770836161133
4481,56.081205314182114,86.81531749878818,3.7266854180226234
4482,55.310817588162806,86.98727015558698,3.6012949303257296
4483,54.39129872163902,87.1970736168267,3.291645781190201
4484,53.29341031523982,88.01415302963291,3.1054759595471007
4485,51.96644509009795,88.64703371745625,2.694663464874222
4486,50.30216692216484,89.10809699958898,2.4669650515784944
4487,47.78710285627618,89.41129988146977,2.306828486932056
4488,45.40462266017292,89.74164133738601,2.5208552882327053
4489,42.84367221554343,90.02921840759679,2.840094170962085
4490,42.764057110292754,89.93459302325581,3.2672988524417255
4491,42.63867300926683,89.87022350396539,3.6345682247771096
4492,42.467148438935034,89.83594864479315,3.924818175780221
4493,42.248967007979346,89.8311048557354,4.179400500401771
4494,41.98345777137989,89.85457063711911,4.296027368991783
4495,41.669782228160265,89.9048266485384,4.231631423889503
4496,41.30691729053838,89.98002663115845,4.143347789370494
4497,40.89363329927246,90.07807417046195,4.03743181702497
4498,40.428465797020955,90.19670050761421,3.9352705584315677
4499,39.90967925627605,90.33353922174182,3.7261661597218354
4500,39.33522020758314,90.48619447779112,3.573038078003415
4501,38.70265609052959,88.81770529994176,5.124894701296117
4502,38.009094422491806,90.18058690744921,3.7730717451654914
4503,38.11871214724845,91.37834821428571,2.8924191808678956
4504,38.86811085227053,92.14969048958919,2.592211682935564
4505,39.073029867522145,92.4097065462754,2.4371236336349797
4506,38.656780324608405,92.14969048958919,2.5379904515291125
4507,38.87045755526054,91.99438202247191,2.5508728632751003
4508,41.673146974205565,96.32352941176471,3.899826757975126
4509,40.846700693213826,96.21034077555817,4.634867092535096
4510,39.29509428736116,95.9566363902725,5.190379576868127
4511,38.708678529880466,95.56924882629107,5.946709946152182
4512,39.64448948297567,95.50827423167848,7.161473621991227
4513,40.61495045223054,95.32738095238095,8.298405590176985
4514,40.61495045223054,94.58333333333333,9.368052901025456
4515,40.064684022730916,92.09451575262544,8.330974979301548
4516,39.94464515684111,91.4918414918415,8.62531708145969
4517,39.57415054847758,91.17305458768874,8.85239653317251
4518,38.915626563587786,90.64665127020785,8.933440346047005
4519,37.8704509383891,90.86483390607101,9.340314768558805
4520,35.932452617772235,90.98639455782313,9.795908315805086
4521,33.934739040856265,91.11547085201794,10.168384652977993
4522,33.59420484516729,91.86176142697882,10.849218235870449
4523,33.10410906116308,92.50553097345133,11.493459774549711
4524,33.75176732184882,92.33618233618233,11.807251726613124
4525,34.34171265693995,92.1746776084408,12.161172171275382
4526,34.87639854838042,92.02287778446718,12.580042309626501
4527,34.87639854838042,87.6580373269115,9.74974737459429
4528,34.87639854838042,83.41360626128838,6.45010902710566
4529,38.03842519898989,82.96062992125984,6.3978104361802455
4530,40.20170201949512,82.40527182866556,6.512967314308837
4531,41.097801565124925,79.91913746630728,4.162337822754775
4532,41.097801565124925,75.70754716981132,3.645366713243046
4533,41.097801565124925,71.63072776280323,6.0432858191453525
4534,41.097801565124925,67.68867924528301,10.800866089440415
4535,41.097801565124925,79.24528301886792,3.938107205084654
4536,41.097801565124925,79.24528301886792,4.511160935402597
4537,41.097801565124925,79.24528301886792,5.073613074459001
4538,41.097801565124925,79.24528301886792,5.617660548364626
4539,41.097801565124925,79.24528301886792,6.136074335387244
4540,41.097801565124925,79.24528301886792,6.925981457164715
4541,41.097801565124925,79.24528301886792,7.413194503739278
4542,41.097801565124925,79.24528301886792,7.7379707843526795
4543,43.4723258433662,78.48324514991182,7.259102346356071
4544,45.59269233617647,77.7079482439926,7.144922783039645
4545,47.26113425877659,76.7711962833914,6.612285790685742
4546,49.108178520372384,75.81168831168831,5.90726199848714
4547,50.91535527811517,74.82964224872232,5.730877062367487
4548,52.39071953736828,73.66071428571429,5.699062815134365
4549,53.6429503403642,72.28971962616822,5.2996117772009015
4550,54.72325397043133,71.09375,6.374911147611387
4551,55.661433869958245,70.26476578411405,7.22878377027705
4552,56.47685472831526,69.49152542372882,9.180225034328672
4553,57.182965960325014,68.79120879120879,10.454477521792054
4554,57.78951555330668,68.18181818181819,12.071221753098607
4555,58.30376077785129,67.68149882903981,14.32832532016366
4556,58.73118345369011,67.3076923076923,16.14740622175897
4557,59.07593625408808,67.07616707616708,17.38490311973312
4558,59.34113163224461,67.0,18.307234446726767
4559,59.52903252335794,67.0886075949367,19.155533768634484
4560,59.64117785368212,62.94642857142857,21.24746697516363
4561,59.67846183524558,66.87979539641944,20.839323881866388
4562,59.64117785368212,70.72704081632654,15.913885137366817
4563,59.52903252335794,74.43037974683544,12.758394501032496
4564,58.68509357499856,76.22249388753056,12.399321546675425
4565,57.659132151658646,77.76470588235294,11.542704201846544
4566,56.40077823494656,79.06320541760722,11.343599683509234
4567,54.802088263183514,80.12958963282938,10.320136550213824
4568,53.93352795683267,80.75511274252753,9.136827284935912
4569,53.665818598836935,77.43431221020093,12.953786151347535
4570,53.332115467879326,80.58497226424609,9.365377037679314
4571,52.93035967437621,83.47270044269553,6.228385893318887
4572,52.45792578627009,86.0832137733142,4.146976987270455
4573,50.45522681597359,86.80018206645425,3.644714445366292
4574,47.86204043535926,87.39714161974881,3.104145630901461
4575,46.121015071740935,88.91204668611921,2.6547254362240684
4576,45.51285879146866,89.18046023415422,2.786025229505041
4577,44.82860556149183,89.46547015216544,3.085669078198376
4578,44.06284989548241,89.7628904779827,3.6333653992912245
4579,43.208727589648284,90.06886553098948,4.268406691077321
4580,42.25734424608816,90.37992331822934,4.824174716344758
4581,41.19684416615532,90.69300301305658,5.281116005836758
4582,40.01078504205071,91.00546097012528,5.836292595219873
4583,38.67502028862248,91.530643671081,6.3089601944655165
4584,37.939821288267396,91.86011456135061,6.6715667579687485
4585,37.939821288267396,91.86011456135061,6.890066128953952
4586,37.939821288267396,91.86011456135061,7.095793232440397
4587,38.35899906443867,92.4173491052472,7.542443541555982
4588,37.68053154003307,89.53864237437556,5.526023517091153
4589,36.45690434473758,86.19519094766619,3.0329014261233995
4590,36.22892850842347,86.09776773099746,2.932475759144154
4591,35.0364465789165,85.42192318474909,2.4257070351678442
4592,35.0364465789165,84.21642837118026,1.9807412008275394
4593,35.0364465789165,83.12307261003644,1.735241932653305
4594,35.0364465789165,82.14185590131764,2.1113765934799664
4595,35.0364465789165,83.71180263526773,1.8781153707411729
4596,35.30653316819411,83.3943146636645,1.704722965463163
4597,35.533798152316855,82.46258119175374,1.9733192560491095
4598,35.533798152316855,81.36119740186388,2.653556435920973
4599,35.533798152316855,80.17509178198249,4.503974653179929
4600,35.533798152316855,80.42925727195707,4.406017286329416
4601,35.533798152316855,81.41767862185823,2.984406602177679
4602,35.533798152316855,82.5190624117481,2.3261496452554815
4603,34.307676379736115,83.21639068200955,2.013332694796405
4604,33.368687794874575,83.64343237989448,2.13320092448391
4605,32.07001882503045,83.98683849739511,2.1039160087391164
4606,29.900703473731703,84.24750067549311,1.8750229111376882
4607,30.485524623394923,84.08775340183283,1.9028391214810851
4608,31.01676329191721,83.95554288971216,1.8750681439805315
4609,31.496362918378264,83.85401459854015,1.6841094082262646
4610,31.92597863196348,83.78620483726486,1.5918058863955482
4611,32.30701898445363,83.7549527583054,1.4468110767551219
4612,32.64067855334309,83.7628065818069,1.3461461744607723
4613,32.92796357280056,83.81192805301357,1.293176726635797
4614,33.1697121329609,83.904,1.2929491179275265
4615,33.36661006113057,84.0401424409194,1.533756292585694
4616,33.5192032959162,84.22084286180987,1.9952756734691866
4617,33.62790734552081,84.44590595198947,2.5212935679279123
4618,33.69301425743303,84.7144272036976,3.106923922356444
4619,33.714697400310556,85.02479338842976,3.44435498345516
4620,33.69301425743303,85.37471112578409,3.8383643107382333
4621,33.62790734552081,85.76126274251891,4.537506889356033
4622,33.5192032959162,86.18098660568441,5.421006963013023
4623,33.36661006113057,86.62997733894464,5.990966922880284
4624,33.68378354684643,86.55598958333333,6.348084490850725
4625,34.411177344882084,85.81395348837209,5.781246946622083
4626,35.02537593406704,84.91204330175914,5.415096708385467
4627,35.53576759269352,83.88316151202748,4.690433799380193
4628,35.94919737277015,83.008356545961,4.265464135366523
4629,36.270671592382556,82.40675580577059,4.0248386262125075
4630,36.50379044505976,81.84397163120568,4.111706490125666
4631,36.65101930094306,81.32573057733428,4.528537967177915
4632,36.71385641196559,80.85714285714286,4.9304084958142615
4633,36.69292795114808,80.44254104211278,4.949250127978374
4634,36.65101930094307,79.82893799002139,5.393525724137777
4635,36.65101930094307,78.5816108339273,6.597917542847649
4636,36.65101930094307,77.4768353528154,7.6264039412614
4637,36.65101930094307,76.44333570919459,9.274083524175515
4638,36.65101930094307,77.69066286528867,9.302527880285556
4639,36.65101930094307,77.69066286528867,9.991987763228519
4640,36.65101930094307,77.69066286528867,10.615446705200593
4641,36.65101930094307,76.94226657163222,11.696161850579378
4642,36.58802623261525,77.31152204836415,11.844340288764625
4643,36.58802623261525,77.31152204836415,12.36876168778415
4644,36.58802623261525,77.31152204836415,12.869038382919733
4645,36.69292795114808,77.51605995717345,13.22203290233679
4646,36.71385641196559,80.10714285714286,11.327486527144837
4647,36.65101930094306,81.39700641482537,9.372799190282478
4648,36.58802623261525,83.10810810810811,8.543845978454558
4649,36.58802623261525,85.13513513513513,7.5796255425543
4650,36.58802623261525,87.30440967283073,6.228191080300701
4651,36.398097131901466,88.97526501766785,5.41102167494792
4652,36.748565170455606,88.75270367700072,5.522498391666689
4653,37.046662287922985,79.42039618488629,14.216585882881906
4654,37.29349281157458,83.17200297840655,9.420126604972904
4655,37.48994201012002,87.2268274302939,5.739045480042246
4656,37.63669636034014,91.25475285171103,3.388335874943376
4657,37.209919573640924,93.01195814648729,4.219070686417862
4658,37.28155381279332,92.98048048048048,4.283495556156425
4659,37.30540637487593,92.96992481203007,4.326097191589329
4660,37.28155381279332,92.98048048048048,4.365182784911245
4661,37.209919573640924,93.01195814648729,4.392031498763543
4662,37.09027251582749,93.06379821958457,4.436934593602691
4663,36.92222238796795,93.13509544787078,4.552772261484194
4664,36.70521204542694,93.22463768115942,4.634909022746266
4665,36.438506007650716,93.33095577746077,4.814892110404878
4666,36.12117474792329,93.45238095238095,4.936439378093411
4667,35.75207383299639,93.58710562414267,5.088091221016984
4668,35.32981665843985,93.73324396782841,5.243250049644436
4669,34.85273900360925,93.88888888888889,5.4329124985689585
4670,34.31885287405218,94.05216284987277,5.576683991942453
4671,34.09221707237515,93.49874371859296,5.435848222496813
4672,34.14195431350603,92.0754716981132,4.993662170519789
4673,34.09221707237515,90.5464824120603,4.718687266828986
4674,33.64925169370305,87.66193707587908,5.0610783308786775
4675,32.83044382316904,83.89982110912344,7.045416104671286
4676,31.929569438131594,80.10938399539435,10.651872423356396
4677,30.938692696697697,76.73514714047751,13.946000042386222
4678,29.84745346373462,87.69395398608881,3.9518308395033412
4679,28.64184807634768,88.15043791859866,3.6511645978172136
4680,27.3020083155851,88.59692612791274,3.310204737528688
4681,25.79767184037256,89.34191702432045,2.9650574607516313
4682,24.07721290953338,89.95873452544704,2.940647962499304
4683,22.031568015406428,90.45835169678273,3.0932360439121656
4684,19.14651592853603,90.85133418043202,3.234300067165171
4685,18.373893986906367,91.39917695473251,3.345720326323308
4686,17.541107850748812,91.9296843787455,3.485882413874777
4687,16.64424935008254,92.44186046511628,3.621462771317455
4688,15.678604147459765,92.93498684704998,3.75880230949223
4689,15.16823293065967,93.02626711061784,3.889140216633707
4690,15.16823293065967,92.74879763226045,4.0070024477804616
4691,15.16823293065967,92.78579356270811,4.11000312392544
4692,15.16823293065967,92.76729559748428,4.211046092498301
4693,14.088155445306416,89.9820788530466,4.826327772517446
4694,12.922007284400156,87.12252690038181,6.827755408884557
4695,12.922007284400156,83.63415480735856,9.860291245191272
4696,12.922007284400156,90.92329052412357,4.495957807316285
4697,12.922007284400156,90.92329052412357,4.577669658254933
4698,12.922007284400156,90.92329052412357,4.655372484718673
4699,12.922007284400156,83.51266921207915,10.558906843030508
4700,12.922007284400156,87.03575147518222,7.794307384760272
4701,12.922007284400156,90.62825407844498,4.625346753020776
4702,12.922007284400156,94.29017702186741,2.052246029501323
4703,12.303488665441556,94.56967213114754,1.8358985089563424
4704,12.303488665441556,94.56967213114754,1.8358985089563424
4705,12.303488665441556,94.56967213114754,1.8358985089563424
4706,12.303488665441556,94.56967213114754,1.8358985089563424
4707,12.303488665441556,94.56967213114754,1.8369293482614346
4708,12.303488665441556,94.56967213114754,2.0295731212239203
4709,12.303488665441556,94.56967213114754,1.979595205219078
4710,12.303488665441556,94.56967213114754,1.968627024542136
4711,12.303488665441556,94.56967213114754,2.246524153968455
4712,12.303488665441556,94.56967213114754,2.531605347716065
4713,12.303488665441556,94.56967213114754,2.8139655904395044
4714,12.303488665441556,94.56967213114754,3.0869425611003325
4715,12.303488665441556,94.56967213114754,3.3259926209353683
4716,12.303488665441556,94.56967213114754,3.5375944218898954
4717,12.303488665441556,94.56967213114754,3.731875802682297
4718,12.303488665441556,94.56967213114754,3.912166579169095
4719,12.303488665441556,94.56967213114754,4.080308863573596
4720,12.303488665441556,94.56967213114754,4.235594431222776
4721,12.303488665441556,94.56967213114754,4.38213599684426
4722,12.303488665441556,94.56967213114754,4.5246851155334396
4723,12.303488665441556,94.56967213114754,4.6600543423491265
4724,12.303488665441556,94.56967213114754,4.787288509322445
4725,12.303488665441556,94.56967213114754,4.899841479559859
4726,12.303488665441556,94.56967213114754,4.831355667120146
4727,12.303488665441556,94.56967213114754,4.758347780448985
4728,12.303488665441556,86.35587431693989,10.576993099421633
4729,12.303488665441556,89.8224043715847,7.813013129105987
4730,12.303488665441556,93.35724043715847,5.63654888378311
4731,12.303488665441556,96.85792349726776,2.6080865784807656
4732,10.987424673037834,97.30578512396694,2.684445155957911
4733,9.551523848511046,97.66474728087012,2.714589446585627
4734,7.971385463025239,97.94181367997524,2.7884060091862066
4735,7.971385463025239,97.94181367997524,2.875651296383687
4736,7.971385463025239,97.94181367997524,2.94280727280899
4737,7.971385463025239,97.94181367997524,2.9980526012138773
4738,7.971385463025239,97.94181367997524,3.045617662175392
4739,7.971385463025239,97.94181367997524,3.093317148373081
4740,7.971385463025239,97.94181367997524,3.140349658971276
4741,7.971385463025239,97.94181367997524,3.1852785750428385
4742,7.971385463025239,97.94181367997524,3.2174738199237987
4743,7.971385463025239,97.94181367997524,3.2266500100552995
4744,7.971385463025239,97.94181367997524,3.2218285729892986
4745,7.971385463025239,97.94181367997524,3.2179647721739633
4746,7.971385463025239,88.98173939956669,10.063615745535557
4747,7.971385463025239,92.33983286908078,7.466689462529349
4748,7.971385463025239,95.75982667904674,3.6878057736853656
4749,7.971385463025239,99.24172082946457,1.981191983921432
4750,6.208061115907181,99.4311377245509,2.8268329486234847
4751,4.189190988298596,99.5511149724877,4.106555251081042
4752,1.7263595531412619,99.6078431372549,4.151524596476465
4753,1.7263595531412619,99.6078431372549,4.207626704285952
4754,4.189190988298596,99.5511149724877,4.284534239254208
4755,6.208061115907181,99.4311377245509,4.39440904246035
4756,7.971385463025239,99.24172082946457,4.51332176452004
4757,9.551523848511046,99.10428662827896,4.725300894656905
4758,10.987424673037834,99.07438016528926,5.014305467562112
4759,12.303488665441556,99.04371584699453,5.360348554864041
4760,13.516430700908893,99.01234567901234,5.751873817614714
4761,16.473835142443093,98.95642621750275,6.215013796276071
4762,18.593328077480496,98.82174078297226,6.743059388433891
4763,20.079998400478647,98.40551181102362,7.223291003754711
4764,21.13070175341675,97.68104149715215,7.666400607842781
4765,22.79254486789878,97.35952682720743,8.184423656193555
4766,24.269240622641647,96.9298245614035,8.753963252898188
4767,25.599659901241502,96.56349567592171,9.015323527210564
4768,27.24395488040758,94.39925633279108,7.914907531024848
4769,27.24395488040758,90.28584708343017,7.07725091787097
4770,27.24395488040758,86.26539623518475,6.197060853637665
4771,27.24395488040758,82.33790378805485,6.94227987615203
4772,27.24395488040758,94.53869393446433,11.85492167176689
4773,27.717211256222484,94.0439612384779,12.675710737599827
4774,28.91242359067799,93.25484424822173,13.114448430431661
4775,30.002004362869755,92.31747646909183,13.824945544555296
4776,30.99799527688557,91.22066965462695,14.614181983036524
4777,31.909492111712158,89.95358995358995,15.32085149514354
4778,32.743577579639435,88.98616210110139,15.967042194792567
4779,33.505894812857676,87.97782316895244,17.064781661517433
4780,34.20101925386719,86.93164709424872,18.139143007734308
4781,34.83271019418221,85.85169097114489,18.54934718762044
4782,35.40408677525862,84.74305777210341,19.30927132982282
4783,35.91775457575558,83.61193051458538,19.835158525535736
4784,36.37589872126979,82.46556936513268,20.586605023974208
4785,36.78035361241035,81.31226382686361,21.356844698521307
4786,38.5030018394369,80.29818956336528,21.34231203343486
4787,38.820333099164316,77.2875226039783,20.01469562255141
4788,39.08703913694054,74.090407938258,19.06577070057891
4789,39.30404947948155,70.72625698324022,16.82128523129574
4790,39.47209960734111,72.63831388784344,21.279848555877866
4791,40.61456911221801,71.53875819514076,19.85384409705693
4792,42.33792856955076,70.19655034095467,19.54634266198399
4793,43.726416348532915,68.67971678467305,18.936167171173153
4794,45.78693287829416,67.18614718614718,15.997579087554469
4795,47.08164587698708,65.22127849798838,16.762550474632913
4796,47.536175845232584,62.58565555047967,15.20726428073444
4797,47.73270009906732,59.27121771217712,13.869176829268898
4798,47.73270009906732,55.535055350553506,12.558263545091432
4799,47.73270009906732,51.98339483394834,11.943323522968702
4800,47.73270009906732,48.61623616236162,9.82775475598179
4801,48.735190325406634,53.8316878232252,13.188409326011609
4802,50.97595901529299,51.953125,12.600879562669606
4803,52.77368438357291,50.0,11.056109649255841
4804,54.106162170072835,47.903563941299794,9.140032435075067
4805,55.16023644061938,45.67567567567568,7.124467755043233
4806,56.00649595382888,43.77777777777778,3.9242948933124273
4807,56.68188011492702,42.43458475540387,2.9782676930266687
4808,57.20849406530279,41.29930394431555,2.6904774355849965
4809,57.600407814817444,40.400471142520615,2.185847781453366
4810,57.866693617964685,40.714285714285715,2.2672059446780994
4811,58.01294360827768,43.053892215568865,2.8399962732340285
4812,58.341968200087045,44.59214501510574,3.6655114537952516
4813,58.78837954779614,45.137614678899084,3.8631388461917835
4814,59.20222046746083,44.07935523868568,2.79209338631184
4815,59.33481815653909,42.839352428393525,2.7820512349589266
4816,59.21508578943476,41.44981412639405,3.5113349812203114
4817,60.22465899999913,41.15815691158157,3.5187535759755275
4818,61.411178647959886,41.78255372945638,3.6453164414745203
4819,62.07176037493316,42.20945083014048,3.6268866803258213
4820,61.68839486258684,41.224747474747474,4.074002002647633
4821,61.6426901963682,41.51303242212333,4.472186595550255
4822,62.01584206745208,42.59621656881931,4.614759208922072
4823,62.310857626719184,45.636242504996666,5.957229499477736
4824,61.50418817418375,47.890979883192735,7.830048861349268
4825,61.60148697971684,50.130718954248366,9.597642269805966
4826,61.60148697971684,50.26143790849673,9.78752326210683
4827,61.60148697971684,50.3921568627451,10.468288230468767
4828,62.31725733652157,51.57190635451505,11.766887896589031
4829,63.34818942246352,49.413388543823324,10.704521009839699
4830,64.13234909568098,48.334514528703046,10.243744698747337
4831,64.71813397299154,49.23968139029689,10.909664128169817
4832,65.13197489265623,50.625459896983074,10.75686356459307
4833,65.21143193164076,51.474926253687315,11.597374939797152
4834,64.85730955528327,48.717948717948715,9.493676643611773
4835,65.0071820005129,44.62564862861379,6.122695700007352
4836,65.08182309368465,41.16331096196868,4.300653235959097
4837,65.08182309368465,46.38329604772558,6.913265487525282
4838,65.00718200051288,46.70126019273536,6.882367547998163
4839,65.15384300639393,45.75260804769002,6.429799516345801
4840,66.59705949166754,43.75478927203065,6.39072777576168
4841,68.10523970920748,42.18873909595559,7.236473103585471
4842,68.75844333467207,40.21035598705502,8.580286925356809
4843,68.82316145024043,38.96103896103896,9.164351458594581
4844,68.82316145024043,38.96103896103896,10.328373676074857
4845,68.82316145024043,38.96103896103896,11.479165807579145
4846,68.82316145024043,38.96103896103896,12.631017292845783
4847,68.67565367060689,40.0,14.564555716663476
4848,68.67565367060689,40.24193548387097,15.452593511782343
4849,68.67565367060689,42.096774193548384,15.493101427473768
4850,68.67565367060689,44.274193548387096,14.929118331530308
4851,68.67565367060689,46.774193548387096,13.508019285255987
4852,68.2618127509422,48.73217115689382,13.640387618538986
4853,67.67602787363161,50.61919504643963,14.147146998016504
4854,66.89186820041417,52.40601503759399,13.306375046185826
4855,64.72255284911542,53.75722543352601,13.872579111491063
4856,63.5151388427063,55.362116991643454,14.462532731656951
4857,61.8353799966996,56.81818181818182,15.103136469205369
4858,61.456011153709426,57.39528795811518,16.149406096823974
4859,60.9722591768356,59.94897959183673,15.493708476064038
4860,60.37654235678126,62.31435643564357,15.480115498082533
4861,59.65815865370485,64.47368421052632,14.131557909137454
4862,59.082488633927824,66.76334106728538,14.529860261286245
4863,58.94603379235067,67.10677382319173,14.531963452902232
4864,58.74798625278412,67.59049773755656,14.152965508379589
4865,58.48727877322797,68.20199778024417,13.14116916203894
4866,58.16245851945556,68.92624728850325,12.877309505014717
4867,57.7716348613236,69.74656810982049,13.523163188856136
4868,57.3124060394959,70.64549180327869,13.776185976784019
4869,56.78175683365978,71.45688800792864,14.087070865344387
4870,56.17591481037773,74.04397705544933,12.056663456667431
4871,55.490145015501334,76.35694572217112,11.697254231603086
4872,54.71844923798128,78.40106007067138,11.210103897510322
4873,53.19458608466975,79.51301427371956,11.046705003849322
4874,51.34043982148354,80.42264752791068,10.823558009476157
4875,48.64204896259451,81.15064345193035,10.38903823733318
4876,47.723283079134745,82.6671511627907,10.102936299121481
4877,46.70226481193304,83.97212543554006,10.136098160178804
4878,44.95650943658667,84.6843853820598,9.914193535071465
4879,44.35192230180196,85.00973393900065,10.343058050026432
4880,44.36836431708568,84.8780487804878,10.647210489984765
4881,43.08745499876559,80.75365929616942,13.996677612845962
4882,41.64062658470349,77.2876304023845,17.89498779977621
4883,39.97632043111528,73.93783860849729,21.550177909034154
4884,37.98553548592251,84.89228251977093,11.724519497908998
4885,35.15410875225215,85.3715775749674,11.941515509142565
4886,33.52656428232261,87.70721754654424,9.677240842276618
4887,33.52656428232261,92.01734251466462,6.4344648425293975
4888,32.99071546498347,94.41662493740611,4.742461359299138
4889,31.84332345476942,94.8142788229619,4.163867264754051
4890,30.582858118448303,95.49465861588482,3.016557811871495
4891,29.18939300448568,96.043808672329,2.563589650173214
4892,27.632611389638562,96.47311827956989,2.3676726519456364
4893,25.86083666861946,96.79354571783202,2.6549444490510075
4894,24.550137248288507,96.9061876247505,2.6513263925550743
4895,23.10747506755577,97.0157874470543,2.6539990332953685
4896,21.50249142914503,97.36353509097661,2.674757405871303
4897,19.683470252967638,97.61904761904762,2.7113485676666595
4898,17.541263217852865,97.79081808767691,2.8118167981558355
4899,14.56156936370866,97.88685524126456,2.8989862192073157
4900,12.39748201190306,98.04047542563444,3.0201979786620967
4901,10.22274846968635,98.18492088116662,3.1781155312411022
4902,7.2111092506744,98.26191189691339,3.360238134878998
4903,5.908035540662012,98.30608337015761,3.556850987977012
4904,8.355644803160297,98.2014936747447,3.741709659905919
4905,10.359029128245753,98.02870209746096,3.94613670596504
4906,12.106594749751542,97.78104095284712,4.190730909432913
4907,13.670691693057165,97.58649789029536,4.366518285714436
4908,15.090258028539147,97.50392738697853,4.651918815144775
4909,16.38968357795153,97.4192384046201,4.992461035843852
4910,17.58567168885603,97.33258720387987,5.339276992451379
4911,17.58567168885603,93.54598022756949,2.4507788420281753
4912,17.58567168885603,89.83398619660511,2.855405230765476
4913,17.58567168885603,86.19660511098675,5.3869634165523825
4914,17.58567168885603,94.72113411676926,3.492729031235892
4915,17.58567168885603,94.72113411676926,3.913713967651461
4916,18.593328077480496,94.58380843785633,5.249666179253704
4917,20.389193965764203,94.24063116370809,5.512219718843677
4918,21.97056364727433,93.75767498976668,5.5612700639750186
4919,23.389134660742467,93.16348195329087,5.30244549760794
4920,24.67524601441041,92.62439453985029,5.229370550320001
4921,25.84884791529887,92.21816522136011,5.261138607448149
4922,26.924031840170958,91.7966903073286,5.504554680823269
4923,27.91125213017652,91.36074400391581,5.816247036362714
4924,30.002004362869755,90.94378020859833,6.179827072237922
4925,32.26423946386171,90.46480743691899,6.626391405750339
4926,34.078422555279005,89.85306348766288,7.093140808978143
4927,35.63279710233013,89.09459068556552,7.508807023611034
4928,36.999539656287986,88.41628959276018,8.497806279424879
4929,38.217403139245306,87.92832442628104,8.850091487927752
4930,39.310579468655696,87.43044189852701,9.167536241390035
4931,40.29556012039169,86.92543411644536,9.326557220773012
4932,41.18425424241046,86.4166961443226,9.742495801698272
4933,41.98561447525183,85.90825688073394,9.884962142406668
4934,42.70656864972276,85.40478905359178,10.19243555859571
4935,43.35259194862784,84.91159135559921,10.777710811332225
4936,43.92807727940406,76.1248479935144,5.74777369268715
4937,44.436585067302744,80.10012515644556,8.035831458563903
4938,44.9941519304419,83.70593293207223,12.078716207252779
4939,45.50559967021049,86.11233967271119,14.811921451997236
4940,45.263741480051884,85.35729943007453,14.837073183980136
4941,45.43257970595326,83.82809038546743,14.630935602003795
4942,46.02492619956501,81.54408405664687,13.720691482607673
4943,46.53790812938855,79.00422733677783,10.815817934294003
4944,46.97560034505885,76.21569571497352,9.09957444811529
4945,47.28036738362641,76.5571358509073,10.00317106902037
4946,47.460612639776976,73.05210918114143,7.950536084050031
4947,47.5802688272662,69.38469234617308,4.039052912890555
4948,47.63994656600426,65.59517830236062,3.170985850128745
4949,47.63994656600426,71.52184831742842,6.387497276852005
4950,47.5802688272662,71.23561780890445,6.497968848143762
4951,47.46061263977698,71.06699751861042,7.59472762921982
4952,49.745715874125096,70.03591585428426,8.09266811169258
4953,51.83869786062765,68.96186440677967,7.470366233343562
4954,54.049160001804,67.92349726775956,5.77925973224447
4955,55.392029072111,66.74157303370787,4.172541478061686
4956,56.378761057590054,65.42002301495972,4.489560738460476
4957,57.115177330190015,63.967136150234744,3.8901717141750987
4958,57.6490571157445,63.408820023837905,3.7908064521887885
4959,58.36154962999092,62.65133171912833,3.663465008432164
4960,59.12890075599203,61.68511685116851,3.575701144517161
4961,59.623380998028175,62.375621890547265,3.5998901678796127
4962,59.88750530575957,62.765957446808514,3.7084697167256473
4963,59.93950932870248,63.34586466165413,4.088997609739662
4964,59.98377042335971,62.923462986198246,4.444017450010564
4965,59.85049303485359,62.6875,4.507187382228529
4966,59.53350393693372,62.639405204460964,4.58992149944712
4967,59.1740133636832,62.53071253071253,4.681151424903912
4968,58.50978769550982,61.51057401812689,4.746826360112822
4969,57.20406808172611,59.18604651162791,4.758406750875561
4970,55.295088215232425,56.24309392265194,5.302997534685807
4971,53.429707403881096,53.19261213720316,7.103047005904892
4972,52.514462198339714,51.08860759493671,8.930707861164208
4973,51.45624343292301,61.076102762966556,3.217244395754362
4974,50.2253084075665,63.03844372394627,2.858256941221042
4975,48.770505292308975,64.78126380910297,4.404782453133424
4976,46.98320404869081,66.3157894736842,5.22687550540776
4977,46.4972060401101,67.25337699549733,5.790027905685721
4978,46.22996719523237,66.9758064516129,6.095029195017645
4979,45.64509262678238,63.4375,5.006815851147452
4980,45.7019554342269,62.24569640062598,4.424822076339619
4981,45.326564806220894,61.04494813676527,4.473941239649869
4982,44.542741072090145,58.75601629026286,4.5947835723147366
4983,43.671082267545394,56.46597791236195,5.296478467075017
4984,42.70266360651125,54.125299554946935,7.240647922995318
4985,42.70266360651125,62.27319411160561,5.276692873554035
4986,42.70266360651125,62.27319411160561,5.697377470409081
4987,42.70266360651125,62.27319411160561,6.1112326649906334
4988,42.70266360651125,62.27319411160561,6.207261684770645
4989,42.70266360651125,62.27319411160561,6.458904760767329
4990,42.70266360651125,62.27319411160561,6.973106781561742
4991,42.70266360651125,62.27319411160561,7.801941422289862
4992,43.86021621374556,61.52227288670642,8.792232131107125
4993,45.74944306646018,59.88222304011778,10.569887313720773
4994,47.309450659992415,58.04708606715554,12.55641077870511
4995,48.326413342429866,50.22150624244865,17.42676843451275
4996,49.23294848045904,52.32899706252623,15.84643803540733
4997,50.040830344514966,54.43037974683544,16.074777807752216
4998,50.75886406865031,57.997281377435435,15.625271646031477
4999,50.45388997937306,59.33423301844355,15.627779848112505
5000,51.0319788211088,63.31938633193863,14.199570031239611
5001,51.53724055839748,67.51317680881648,13.33161239071539
5002,50.966758115832164,68.90042472864559,11.677221206596721
5003,50.218484202256064,70.17137563686892,11.72029150038952
5004,49.2563369329736,71.31853194381513,12.043937364415134
5005,48.010434589055734,72.2492266902342,10.715704958509187
5006,48.28628179933711,71.9298245614035,12.246301930819088
5007,48.50554269109454,71.70241898676403,13.830204147872552
5008,48.66917865628969,64.14397784956161,21.184213123266947
5009,48.777889540397645,68.29381682938168,18.598444773447252
5010,48.83213219146476,72.42183854409706,14.316477361790371
5011,48.83213219146476,76.48156789547363,12.337177813694694
5012,48.581842053682784,79.68678028558269,10.385383183073845
5013,48.059721555775674,81.94881005837449,8.308577295769284
5014,47.40437184561019,82.47468075737561,8.432584582106031
5015,47.40437184561019,82.47468075737561,8.685756327693122
5016,47.40437184561019,73.88815499779832,16.842935320215233
5017,47.40437184561019,77.80713342140027,13.974250156661261
5018,47.40437184561019,81.90224570673712,10.126202839207973
5019,47.40437184561019,86.1734918538089,7.6620893560394245
5020,46.783235192629164,86.82071031236629,7.807758088310757
5021,46.068865273959226,87.47407714641227,7.55621216735442
5022,45.2526859516235,88.12675491375852,7.450485286442018
5023,44.32312943274964,88.77274487030584,7.405126021452942
5024,43.26401471641028,89.89183140619171,6.571323596166054
5025,42.051433115398396,90.81449587369931,6.27142157774435
5026,40.646890806297705,91.55463633229921,6.08624468753719
5027,38.978448883697595,92.12702613298049,6.015870313414804
5028,36.28889075820892,92.48811410459588,6.090003610816362
5029,34.150987766688026,92.88537549407114,6.077954677079421
5030,33.82359500708361,93.13227829202746,6.076341244026365
5031,33.449820075666764,93.38601112086626,6.01749155021938
5032,33.02853980578303,93.64443172058402,6.048490480919708
5033,32.558432656995606,93.90550740844283,5.992945427845634
5034,32.037949616247246,94.16734805124013,6.02718645406162
5035,31.46527716667092,92.75669938975855,7.296064974813523
5036,30.83828975260266,94.42868197059582,6.066501652856992
5037,30.154488049086126,95.91785624843476,4.144213757608854
5038,29.41091761905697,97.23099344182657,2.977139271694595
5039,27.377938031951167,97.86935143994381,2.6385197166645122
5040,25.887937121595744,98.48690153568202,2.408566658823668
5041,23.00288503472535,98.56895056374675,2.2722874005028864
5042,22.102861419175802,98.61344537815125,2.441410913278986
5043,21.130701753416755,98.65744507729862,3.038598727016032
5044,20.079998400478647,98.7007874015748,3.0583169011279008
5045,18.942656497084737,98.74333587204875,3.0781576966744484
5046,17.708167467037534,98.78497790868924,3.0957758208278383
5047,16.362388864300907,98.82562277580071,3.1148789524504283
5048,14.885322521102173,98.86519944979368,3.129890945278809
5049,13.246584244576374,99.11960132890366,3.1261440958368167
5050,11.39443387713584,99.29396662387677,3.1202056881891025
5051,9.219700334919128,99.39553626782393,3.1270071067425604
5052,6.208061115907181,99.4311377245509,3.135289670138581
5053,4.189190988298596,99.5511149724877,3.141634886969567
5054,3.4502350984670764,99.6011964107677,3.1417306136329817
5055,4.758382620976999,99.57995365005793,3.1429877719031216
5056,7.780300883352803,99.55035971223022,3.1541770010355954
5057,10.22274846968635,99.48805460750853,3.170016012946762
5058,13.223928292894795,99.4535519125683,3.194187777941412
5059,15.388015644700397,99.35064935064935,3.223900017183466
5060,16.340048002673697,97.44111167598712,3.2899592593718965
5061,16.340048002673697,93.83155397390273,5.535407961409529
5062,16.340048002673697,90.28978139298424,7.979323521205492
5063,16.340048002673697,86.81579393323166,11.653672907462388
5064,16.340048002673697,97.84782240298254,1.375227308931657
5065,16.340048002673697,97.84782240298254,1.374982076470789
5066,16.340048002673697,97.84782240298254,1.3667617505223069
5067,16.340048002673697,97.84782240298254,1.3389774143746451
5068,16.340048002673697,97.84782240298254,1.2880065783971746
5069,16.340048002673697,97.84782240298254,1.211967354793819
5070,16.340048002673697,97.84782240298254,1.1192731597312247
5071,16.340048002673697,97.84782240298254,1.0192379804329876
5072,16.340048002673697,97.84782240298254,0.9140620877267264
5073,16.340048002673697,97.84782240298254,0.8090383592722754
5074,16.340048002673697,97.84782240298254,0.7071184804568283
5075,16.340048002673697,97.84782240298254,0.6218419632026618
5076,16.340048002673697,97.84782240298254,0.6041970448404996
5077,16.340048002673697,97.84782240298254,0.755063931580769
5078,16.340048002673697,97.84782240298254,1.0924948669075174
5079,16.340048002673697,97.84782240298254,1.580339527846943
5080,16.340048002673697,97.84782240298254,1.9413501525284411
5081,16.340048002673697,97.84782240298254,2.314525992417225
5082,16.340048002673697,97.84782240298254,2.6987363233549218
5083,16.340048002673697,97.84782240298254,3.0947383302110065
5084,16.340048002673697,97.84782240298254,3.947002131672691
5085,16.340048002673697,97.84782240298254,5.210974362823195
5086,17.36466136407738,97.75707384403037,6.623529521498584
5087,19.194931414827085,97.5143061516452,7.911328249380101
5088,20.81138027874288,97.1830985915493,9.507249673081745
5089,22.265732521864248,96.75499231950845,11.15124559386674
5090,23.588355836707187,96.38027048528242,12.210825926506889
5091,24.799230909853776,96.12850082372323,14.640772217551872
5092,25.912481645983082,95.86530264279625,16.413072152923412
5093,28.8102188384486,95.67051509769094,17.845996393721318
5094,30.86882464432726,95.37465309898242,18.561689717963205
5095,32.602532554089144,94.96628131021194,19.362077513614803
5096,33.885222322323955,94.22066549912434,19.340846043735368
5097,34.824779983796965,93.1070225447007,19.37618580587946
5098,35.687602766449594,91.82086350227944,19.439530560495168
5099,36.479367234171846,90.35209315220405,19.115054321645417
5100,37.204684802898505,90.66704838247925,19.89805413266637
5101,37.86735354374315,90.19781517567169,20.14063821159621
5102,38.47053448367227,89.72332015810277,20.391011209646365
5103,39.01687853364679,89.24663957486715,20.497356895388922
5104,39.01687853364679,84.71397311659894,17.340245481154835
5105,39.01687853364679,80.30634573304158,14.187288669029186
5106,39.269449170071205,77.03515996198924,11.626836452892723
5107,39.7346166723227,74.9269243260799,10.730883496941692
5108,39.7346166723227,70.7372523546606,7.471576236718596
5109,40.49538108736292,68.11546118115461,6.4328924229235716
5110,41.86152013394381,66.85121107266436,6.047550711025399
5111,43.05949128652471,56.66906993511175,7.530591319816845
5112,45.145347695929935,59.2090395480226,7.15609362605086
5113,47.2290132442461,62.060797473351755,7.488695710090052
5114,48.85958814821342,64.98553121124432,8.523538579868154
5115,47.61127327631953,64.7179909427748,9.216858025163635
5116,46.190231838596894,64.67458043389276,10.143534824740357
5117,46.902899981258486,66.70838548185232,10.74959698432983
5118,47.1513323579774,68.17990752416982,14.01297775886336
5119,47.982329956304135,68.84210526315789,16.227687247770504
5120,48.75409390124413,69.13319238900634,17.56756962042062
5121,50.36479329108682,68.02660753880266,17.023519724532864
5122,51.709664799807264,66.7440780306549,15.57616833573777
5123,52.86051396505952,65.66294317629918,16.743557009715236
5124,53.85568689511345,64.97719209325899,16.802117374594523
5125,53.85568689511345,60.66903193106944,14.488856911416542
5126,54.30266431229257,57.73409208484222,12.50751917698469
5127,55.106278192199284,55.89026358257127,12.296395588335933
5128,55.80009539087752,53.87618516452872,11.7860752676755
5129,56.39382197518579,51.70028818443804,11.37231698341692
5130,56.89466763858652,52.403560830860535,12.7125390784244
5131,57.30805990110211,52.52586731588558,13.259152807859346
5132,57.78205292777601,50.375,11.389856278664666
5133,58.29804520881496,48.39331619537275,10.614513953368999
5134,59.87926157461898,46.870838881491345,9.556615554235602
5135,61.265911183843805,45.66874566874567,8.610675019369399
5136,62.02327468962112,44.23765211166786,6.9730913390829805
5137,62.62211099199989,42.75202354672553,6.1157558290078295
5138,63.07997615731671,41.23401053423627,6.315923206114636
5139,63.40818415790596,40.321346595256315,6.4271688057671605
5140,63.613934101933886,40.2938901778809,6.1537442593675085
5141,63.70140253977928,40.63714063714064,6.173707877823033
5142,63.67229291388106,41.34988363072149,6.270345609047389
5143,63.52604292356807,43.418013856812934,6.414677736176144
5144,63.25975712042082,44.874715261959,7.619834968600719
5145,62.86784337090617,46.909903201787046,8.93427122234488
5146,63.078911550156946,48.22222222222222,9.431677244835727
5147,65.03211904301995,46.21329211746522,8.172295937921644
5148,65.58291874687323,43.22834645669291,6.999878743153868
5149,65.58291874687323,36.37795275590551,5.957789274959361
5150,66.06691391528659,37.25806451612903,5.808219418843157
5151,66.4129242574492,37.93103448275862,6.550734391155455
5152,66.62947281946556,39.03654485049834,7.148977212485506
5153,67.98743956492991,40.10238907849829,7.9852597088325155
5154,68.19706627446686,40.65743944636678,7.9585010342760105
5155,68.95783231965027,41.964285714285715,8.115133193550827
5156,69.26110711614109,42.53393665158371,8.599260575571133
5157,69.15233921694048,39.80233602875112,10.670894334814605
5158,68.93295835746254,37.20106288751107,11.702241820651397
5159,68.59907882581834,34.77883781439723,16.64389415432377
5160,68.14432796528115,45.822784810126585,9.986276637331006
5161,67.55900734833654,49.46938775510204,8.452152230723518
5162,66.82853692225898,52.867242733699925,7.878433893521404
5163,65.93039056345326,55.379984951091046,8.246784553784053
5164,65.62217190103951,57.25925925925926,9.07034310951323
5165,65.91628045359987,57.85928143712575,10.310869357411509
5166,66.70085546185352,58.649468892261,11.321587291465205
5167,66.08352744657115,57.85928143712575,12.750339073228417
5168,65.56635569612055,57.17455621301775,13.60093723429004
5169,65.37392004665314,56.754772393538914,14.669143276482286
5170,65.37392004665314,56.754772393538914,15.491800752855509
5171,65.12132237650526,55.85260115606936,16.61558370548446
5172,64.536216061935,53.90516039051604,18.088337162082695
5173,64.06310854312028,51.08108108108108,20.812905060675078
5174,63.495886465293104,48.04432855280313,23.83810703375796
5175,62.82744522504103,59.58646616541353,17.425582180372967
5176,62.048170962098126,62.78511404561825,15.722923417847545
5177,61.14473273500705,65.65366972477064,13.635732782534177
5178,60.09787101962901,68.19672131147541,11.293115062883503
5179,58.87787615261794,70.42619542619542,8.9505907166838
5180,58.32070932357317,71.53614457831326,8.057499686809152
5181,57.68575767439289,72.00193423597679,7.686270858277488
5182,56.96772395025755,74.72118959107807,7.916591508018701
5183,56.15984208620163,77.13903743315508,10.511676056338299
5184,55.253306948172444,79.26621160409556,13.45941066005072
5185,54.23634426573499,81.11745513866232,16.384480276138913
5186,53.09258621511651,82.71028037383178,18.14072567805378
5187,52.4599943485886,82.69961977186311,18.828577069189606
5188,52.116145501841835,82.03479576399396,19.052720893145334
5189,51.551366688102306,81.3953488372093,19.26428689258252
5190,50.72114600244139,80.48961424332344,18.65448558232936
5191,49.52212552497086,79.66349670811996,18.234715972306777
5192,48.250566594151294,79.17117117117117,18.336680252596665
5193,47.732924558435705,78.96995708154506,18.92554087341164
5194,47.99017920674904,79.02648532569792,19.35761208974285
5195,48.735972693202925,79.13978494623656,19.896322050703013
5196,48.735972693202925,74.22939068100358,16.132500553764825
5197,48.735972693202925,69.46236559139786,11.269333436626784
5198,49.885068492470275,66.45848640705364,8.393591109360418
5199,51.75701307036758,64.96913580246914,7.982746845995697
5200,52.56038567544527,61.77865612648221,6.887083313431247
5201,53.43455747977829,58.58995137763371,6.2989231203375535
5202,53.43455747977829,54.01134521880065,6.595684590664884
5203,53.43455747977829,42.9902755267423,14.93093069648031
5204,53.43455747977829,42.9902755267423,15.990322797694228
5205,53.43455747977829,54.01134521880065,7.7750726533678005
5206,53.43455747977829,58.58995137763371,6.583467855684981
5207,51.58041121659208,60.254433307633,6.375873868477375
5208,48.882020357703055,61.73020527859237,6.660024231349811
5209,47.88889305061823,62.46869409660108,7.338830861787697
5210,46.688935036596035,61.07030430220357,7.941064262176406
5211,45.297422161030795,58.414185346269655,10.141196490631646
5212,43.687001916274006,55.83626479053406,11.477100300593964
5213,41.74874533645658,53.58997861289337,13.428215583362261
5214,39.381779329745065,62.87215411558669,9.122075079146335
5215,37.436708420579116,64.5505617977528,8.154799971310256
5216,36.70407560795859,66.51251360174102,8.332079608958974
5217,36.70407560795859,66.51251360174102,8.373510438346605
5218,36.70407560795859,66.51251360174102,8.325337646650457
5219,36.70407560795859,66.51251360174102,8.271266239905444
5220,36.70407560795859,66.51251360174102,8.308809646144146
5221,36.70407560795859,60.174102285092495,11.263147044640204
5222,36.70407560795859,63.95538628944505,9.211288926639112
5223,36.70407560795859,67.6822633297062,6.674785164866471
5224,36.70407560795859,71.73558215451578,5.735118717178075
5225,36.719929713216054,72.91050792797635,7.286912660048522
5226,38.24603171173869,73.56290672451193,7.648341351737762
5227,39.000571531876396,73.9035685099428,7.524544184607914
5228,40.87219343806681,74.5534487496565,7.926014535523796
5229,40.04574715707507,74.47158934943728,7.805653121673665
5230,40.704271141964874,74.8826939000828,8.342812544631887
5231,41.07476575032841,75.13154250900028,8.534045699807601
5232,42.40041000360514,74.47300028876697,8.197817768068218
5233,43.59147358375258,73.81883839903702,8.054684190773179
5234,44.66780738945114,73.17455343152616,7.781231979985464
5235,45.643396430432404,72.54646234104989,7.603328871133969
5236,46.52858071539286,71.9417146729922,7.543381263387772
5237,47.05671913091367,68.92733564013841,8.36706538972497
5238,47.05671913091367,64.53287197231833,11.244693608412168
5239,47.05671913091367,60.27681660899654,14.246050421524417
5240,47.05671913091367,56.15916955017301,17.3938857606238
5241,47.05671913091367,64.39446366782006,15.18548148941922
5242,47.05671913091367,64.39446366782006,16.5858801553404
5243,47.05671913091367,64.39446366782006,17.861738694623188
5244,47.05671913091367,58.200692041522494,22.700853876335835
5245,47.05671913091367,62.38754325259516,21.730261009027558
5246,47.05671913091367,66.71280276816609,20.611911526611802
5247,47.05671913091367,71.17647058823529,15.741712509498486
5248,45.971545482540556,71.96416721964167,14.971792511527822
5249,44.76147543000194,72.75905912269549,14.833608083725615
5250,43.4023277205172,73.95009129640901,15.16414712462598
5251,41.855359301571525,74.98543972044263,15.167585421251841
5252,40.048402773499866,75.87743732590529,15.282101754844668
5253,37.79322317272582,76.63825253063399,15.00491944926129
5254,35.7812697497641,77.39795918367346,14.83799309934384
5255,32.92916412638186,78.0410356619443,14.598498587808008
5256,32.14718192316182,80.44050754129758,12.454064876660484
5257,32.14718192316182,84.4864735456069,8.81139743725564
5258,32.14718192316182,88.62820205889395,5.48524515854138
5259,30.413474013399934,89.19291791216372,4.99713945992356
5260,28.354868207521267,89.64451313755796,4.464260355428202
5261,28.354868207521267,93.72930006623979,2.51933293389154
5262,27.270148531575263,93.8757844622376,4.347556497130101
5263,27.270148531575263,93.8757844622376,5.2797038742324505
5264,27.270148531575263,93.8757844622376,5.817685157233261
5265,27.270148531575263,93.8757844622376,6.208164500588646
5266,27.270148531575263,85.02488638822766,7.1961809255664075
5267,27.270148531575263,88.89850681670634,5.98368184591026
5268,29.59238527873015,92.5850800090151,7.01883693726863
5269,31.045974524114968,96.09356725146199,9.997968754634938
5270,29.077370573097227,95.24692789241827,9.808247222839938
5271,29.917407306798598,94.06272444338042,8.989474664569679
5272,30.692141079962486,92.71425043220549,8.516114356714022
5273,32.68032840224233,94.05585447091981,9.997891527323729
5274,34.93550800301639,93.71489703129178,10.15678348193721
5275,37.48825801754192,93.35009779267952,10.2244262516559
5276,40.69676444887736,93.04093567251462,10.069950571347599
5277,42.90776196340634,92.62545899632804,10.066499631689062
5278,44.534081558858695,92.00255918106205,9.870872691126245
5279,45.94192949135388,91.20989304812834,9.611085317836066
5280,46.876907262775944,89.69823100936524,8.62689697449804
5281,47.423265045183555,87.42408002858164,6.9020248282283685
5282,47.91119376289623,74.293059125964,7.309104590296227
5283,49.67858085707276,77.16355318337781,5.534782312475167
5284,51.00508224705743,80.0316330565441,3.9875102230593718
5285,51.363296696419795,81.84391427416094,2.7587504270456247
5286,49.04410889989141,79.59103421156115,3.8784113768673874
5287,46.69268079919791,77.3404661826519,5.483366982851139
5288,45.29878880335767,79.81927710843374,3.6192910251265444
5289,45.29878880335767,79.81927710843374,3.5204699376386914
5290,45.29878880335767,79.81927710843374,3.427049792827475
5291,45.29878880335767,79.81927710843374,3.3455244219507163
5292,45.29878880335767,79.81927710843374,3.2778142876487952
5293,45.29878880335767,77.18373493975903,5.457298609944647
5294,45.29878880335767,79.25451807228916,3.7074453853570644
5295,45.29878880335767,81.47590361445783,1.292954758101745
5296,45.29878880335767,83.84789156626506,1.800288541542873
5297,44.83325504698036,85.3422619047619,2.8770866414598455
5298,45.04591732304207,84.69079939668175,2.7824520323709527
5299,45.21062893922249,84.0701219512195,2.2203968977466153
5300,45.32791403623083,83.48694316436251,2.0450248833603246
5301,45.39814003193548,82.94753086419753,1.7050333527859727
5302,45.42152465433263,82.45749613601237,1.6672940629177855
5303,45.39814003193548,82.02160493827161,1.6507991382501195
5304,45.32791403623083,81.6436251920123,1.8643109743789144
5305,45.21062893922249,81.32621951219512,1.9244198968097863
5306,45.04591732304207,81.07088989441931,2.1809507606088507
5307,44.83325504698036,80.87797619047619,2.3369915725504455
5308,44.571950928086785,80.74670571010249,2.577253276590188
5309,44.261132610111936,80.67528735632185,2.5623907123466716
5310,43.89972786246237,80.66104078762307,2.72998589058076
5311,43.48644023792146,80.70054945054945,2.638667817573782
5312,43.01971758290019,80.78982597054886,2.5031905358030917
5313,42.49771127089289,80.92447916666667,2.5398584847598302
5314,41.918223112078046,81.09987357774969,2.6667131620150033
5315,41.27863550210474,81.31127450980392,2.757246800885242
5316,40.57581820511571,81.55397390272834,2.889746574784005
5317,39.80600167273841,81.82339449541284,2.978612487544262
5318,38.96460096091727,82.11517165005537,3.0827496297421346
5319,38.04596411882274,82.42521367521367,3.1471418950728105
5320,37.043000234523824,82.74974253347065,3.2913706589012097
5321,35.946605891780756,83.08531746031746,3.724334519910663
5322,36.385751597806085,83.21132259638848,4.523063109896221
5323,37.371192773398235,83.0720235178834,5.709045145117768
5324,37.78918607635366,83.0387825233186,6.689282382141997
5325,37.78918607635366,83.0387825233186,7.522928027159407
5326,37.371192773398235,83.0720235178834,8.238228310068424
5327,36.971385245768204,83.14991440449988,8.929169178914917
5328,37.30064723821311,83.22722820763957,9.369795324180501
5329,37.54591397533977,83.11274509803921,9.866671398589597
5330,39.15644129964187,72.53449156872765,17.29602959050007
5331,40.58069191475016,75.79872204472844,15.680433054547983
5332,41.85748584014998,79.47864669994453,12.798145366086787
5333,43.011087204594006,83.40069284064666,9.550339003374107
5334,42.081822204946576,83.64888123924268,9.782757616477667
5335,40.24638638529203,83.81683731513083,9.696084616198284
5336,37.927428853438236,83.97634469163616,9.544651871448105
5337,36.52801653509891,84.2207973236688,9.146175940413226
5338,34.83512012259466,84.50082735797021,8.819327668305913
5339,33.58419455336804,84.81461286804799,8.470178207246981
5340,31.45907930253219,85.04572350726197,8.288823363187007
5341,32.09245337017846,89.06423034330011,5.905818681953765
5342,32.6697752206826,93.22709163346613,5.7690859909928776
5343,33.19332103322538,97.51752336448598,9.104516952501093
5344,30.908217798877267,97.59312320916905,9.815356116514415
5345,31.345836193499764,97.53810082063306,10.395876395427567
5346,31.735100025181428,97.48653500897666,10.980086052350769
5347,33.478561111510366,97.4074074074074,11.543756439912661
5348,35.616464103031255,97.19896973599485,11.98756412548314
5349,36.64742287073408,95.6896551724138,11.186096007558614
5350,36.907807088669855,92.82828282828282,8.514957533730705
5351,37.121820285646834,89.7680763983629,7.09224861379197
5352,37.29009483388269,86.52653342522399,5.077452027409777
5353,37.41311790956775,93.95833333333333,10.665636469958637
5354,37.959508012655704,93.48903043170559,10.71057927360033
5355,37.959508012655704,89.63198867657466,8.094052911177016
5356,37.959508012655704,85.91648973814578,4.963692010820632
5357,37.959508012655704,82.34253361641896,2.799818871044194
5358,40.94462175612648,82.07581891792418,3.438576164410122
5359,42.925235861772556,81.72084130019121,4.308241199692739
5360,44.4490587713443,81.23760412534709,4.129702774645483
5361,45.70376238170677,80.61601642710473,3.722046360085823
5362,46.76089244315621,80.18667798048367,3.7130894734825017
5363,47.65850318004713,80.10494097070398,3.9890861386109893
5364,48.42000957106143,80.08988764044943,4.425125414187136
5365,49.061035472491156,80.14739751266697,4.78738537340426
5366,49.592516653794924,80.28235294117647,5.224328303513259
5367,50.776848003841856,80.28985507246377,5.640887833062009
5368,52.25279086529056,80.00997008973081,6.390185685709785
5369,53.381708550865895,79.58974358974359,6.624917742940734
5370,54.27076994261617,79.02208201892745,7.107222854644936
5371,54.96942678182465,78.73254564983888,7.33283570856256
5372,55.5054259731809,78.90710382513662,7.245764947022166
5373,55.89569741000074,79.18050941306755,6.947350844777773
5374,56.150774541425065,79.55307262569832,6.579355553615634
5375,56.27686621215061,80.02244668911335,6.427248270978029
5376,55.99320013580951,78.21290678433536,6.856984978733193
5377,55.32637335371413,74.19012214551248,8.971131247774101
5378,54.56233015933124,70.37225905150433,12.676942136386106
5379,53.69114675780615,67.41573033707866,16.84119589871386
5380,52.69921699640572,80.61653432975245,5.806882523169819
5381,51.56703585382022,82.25590726705305,6.942710745914753
5382,50.26467374772815,83.6379090522737,7.903188915406395
5383,49.15706013733035,84.43722064201545,9.262081441590562
5384,47.89750903087505,85.7198292588281,11.574286267177719
5385,46.44743304387991,86.78267308404294,13.340473549620116
5386,44.73480804494077,87.6456053653371,15.33900817759756
5387,42.57153122443553,88.32828792465523,16.663764338326168
5388,43.2907219773939,87.85689714482284,17.240361814614033
5389,44.59381048134457,86.76734987414599,16.94658830446476
5390,45.74627229727331,85.46751783702591,16.924598523266432
5391,46.7722005610215,83.94046220133177,16.972906911717665
5392,47.59964274332864,82.00325732899023,16.829207328173663
5393,48.25478634740724,79.63743676222597,14.97262046488688
5394,48.83642500447086,77.00348432055749,13.329583681143923
5395,49.348450906278984,74.10233393177738,11.955177596387172
5396,49.91219459759336,75.31264474293654,13.05753026903727
5397,50.51548124955053,72.61847774054571,11.727400597508282
5398,51.039820229412754,69.65959546127281,7.79074433471532
5399,51.48931942353337,66.85250886974151,4.532202581817844
5400,51.867222654953856,68.96730669434353,7.654584247657001
5401,52.1760788028272,68.3430386447856,7.139602965443754
5402,52.417860206812314,67.83216783216783,6.096618517153538
5403,52.875152392517386,64.84848484848484,4.2803467005231095
5404,53.43645375493175,57.62039660056657,4.165769514291773
5405,53.89763636453213,59.02495647127104,3.8750447683101443
5406,54.26455833478154,60.213143872113676,3.932276883896844
5407,54.541480718759715,62.597714972940466,4.346971457606499
5408,53.29055514953311,63.10850439882698,5.0439819380553725
5409,51.16543989869725,63.53276353276353,5.5278584971903335
5410,51.24249703751315,60.21751574127075,6.740778473348074
5411,52.56892562801042,53.438228438228435,10.445694418704473
5412,54.18997780744827,55.17448856799037,10.305617801464024
5413,55.33455470283488,56.745049504950494,10.188790113419575
5414,56.18796145374279,58.11153358681876,10.78511701288198
5415,55.62859974468651,59.029993618379066,10.834020709560031
5416,56.175688559217754,61.41834743005855,9.943624638878388
5417,56.564043079148185,63.82838283828383,9.581813686327223
5418,56.924488303757805,66.59959758551308,9.099931692383421
5419,57.2995146252796,65.96035543403964,9.251452248429038
5420,57.563095585220424,65.48856548856548,9.161670024408183
5421,57.719606885038544,65.19916142557652,9.458481509381011
5422,57.77151197679464,65.10161177295025,9.557058128357193
5423,57.71960688503855,65.19916142557652,9.528657646556406
5424,57.56309558522044,64.7955647955648,9.761926145903447
5425,57.2995146252796,67.66917293233082,8.299762355013305
5426,56.924488303757805,70.35546613011402,4.823096820592327
5427,56.43124910571188,72.82252783235101,3.3306470571777402
5428,56.336389683480014,73.51984385165908,3.247721545174477
5429,56.16482691710547,74.34083601286174,3.1604599046981763
5430,55.91512043921376,75.26881720430107,3.504779089518461
5431,56.98643596554028,75.68253968253968,3.9211714785865923
5432,58.414957909777854,75.40663630448927,4.294210743692216
5433,59.3499080956275,76.37690776376908,5.086316956395645
5434,59.97321512992404,77.50841750841751,5.881588930971972
5435,61.284891895543204,78.67395762132604,6.656659714614125
5436,61.74483284039697,78.67395762132604,6.870904324954241
5437,61.74483284039697,75.59808612440192,6.122252843674181
5438,61.74483284039697,72.79562542720437,6.107552370459491
5439,61.74483284039697,70.26657552973343,8.445864347236
5440,61.92252956644823,73.48484848484848,6.167336115253939
5441,62.177606697872534,71.16991643454038,8.01089633082154
5442,62.303698368598084,68.69747899159664,9.654558277638655
5443,62.303698368598084,66.10644257703082,12.45852723292121
5444,62.177606697872534,68.24512534818942,10.039922057081972
5445,61.92252956644823,70.04132231404958,8.189192175552494
5446,61.53225812962838,72.22222222222223,6.9582080813839795
5447,60.99625893827213,74.20424403183024,6.8123802402673865
5448,60.29760209906365,75.96899224806202,7.405406034619654
5449,60.036189080712695,76.11464968152866,8.24463999126097
5450,59.67462252113849,78.1875,10.006501641626041
5451,59.2076691983526,80.58608058608058,12.848905425220591
5452,60.006257653300054,82.33151183970855,15.514346636748682
5453,61.048691859419215,83.24125230202579,17.156684411474508
5454,61.537230697559764,83.75540457072267,18.91666472204575
5455,61.54978554318005,83.75540457072267,20.653571828474476
5456,61.1335360002663,83.24125230202579,22.29852422471918
5457,61.43861003698259,79.86326911124922,20.105363723729266
5458,61.67745998733341,76.36363636363636,18.24960526626245
5459,62.17069918537933,67.35086593970495,10.87484458519394
5460,62.54572550690114,68.58262573481385,13.842203548573556
5461,62.809306466841974,70.0860357379219,16.832757543622915
5462,62.900750835525045,70.4122340425532,18.251686164677643
5463,62.42372742909189,69.80883322346737,19.283037145615335
5464,62.03537290916146,67.31643924626381,16.9958354110778
5465,61.48828409463022,64.81835564053537,18.07570517414959
5466,60.63193243685131,62.70036991368681,17.908666557576947
5467,59.58487912133814,60.49970255800119,18.049102145898626
5468,58.46281200526951,58.95652173913044,17.899287368316077
5469,58.15928147695634,58.147512864494,17.933450015993312
5470,57.74605833646047,58.114285714285714,18.238526388783765
5471,56.919612055468725,57.98175598631699,18.33159125120191
5472,58.34170017345629,56.085918854415276,17.85122644711367
5473,59.0492543863151,53.255528255528255,15.81923553879985
5474,59.0492543863151,49.01719901719902,12.437703522870859
5475,59.0492543863151,45.024570024570025,9.683253832172529
5476,59.0492543863151,41.27764127764128,8.22864228411423
5477,59.0492543863151,48.09582309582309,11.412183807839615
5478,60.443146382155355,47.073631214600375,10.869845639974574
5479,62.794574482848844,44.95049504950495,10.622655346379156
5480,64.5445706466988,42.70905321354527,10.68457339399549
5481,65.82662574627972,40.30281182408075,10.762449917212043
5482,66.82726135307091,37.752808988764045,9.790810735761685
5483,67.61668205652462,35.70875290472502,12.385224956199071
5484,68.23136459955282,34.50199203187251,13.994629691792742
5485,68.69284998864819,33.659331703341486,15.903278294073413
5486,69.01451055822739,33.222866611433304,16.78880659419278
5487,69.20454149703508,33.22175732217573,17.565611367253386
5488,69.2674110566949,34.928631402183036,16.83031405416241
5489,69.2045414970351,38.07531380753138,13.991621392297418
5490,69.01451055822739,41.259320629660316,13.517198151014593
5491,68.69284998864819,43.68378158109209,13.4775625811552
5492,68.73705008911108,47.342600163532296,10.280482471440596
5493,68.69284998864819,51.670741646291766,6.854860739721245
5494,68.5597596976902,55.932203389830505,4.6890879507701
5495,68.33627597746737,60.047656870532165,3.3843815103190176
5496,67.18955600847606,62.49050873196659,3.193759563706396
5497,66.21132378956608,65.01818181818182,4.381104160406618
5498,65.81533546716493,66.26334519572954,4.507557646295719
5499,65.63873361338945,66.16915422885572,4.777081425460066
5500,64.39041874149555,65.70218772053634,5.061449147288049
5501,64.97900077194502,64.01734104046243,3.8779373307930043
5502,65.28381514450021,61.950146627565985,2.572685404888321
5503,65.46417761998072,59.76331360946745,1.2378709724191461
5504,65.52389287627982,57.49258160237389,1.5249869224354737
5505,65.46417761998072,57.61834319526627,2.1492526209947136
5506,65.28381514450021,57.99120234604106,2.853912271457991
5507,64.97900077194502,58.59826589595376,2.9367296750107577
5508,65.8287712292606,58.91696750902527,3.0305074357286403
5509,66.87120543537975,59.692757863935626,3.1823130209109594
5510,67.35974427352032,60.13264554163596,
5511,67.45238497924483,60.22140221402214,
5512,67.169726806879,60.54371785451874,
5513,67.33508506711773,59.280575539568346,
5514,66.89315004905623,58.98353614889048,
5515,65.33851724078569,58.23321554770318,
5516,66.69435214146382,59.40879596250901,
5517,66.88863634683983,59.840232389251995,
5518,67.21684434742909,60.81180811808118,
5519,67.1806582608932,60.722181282240236,
5520,66.9983712209155,60.27798098024872,
5521,66.66428750574002,60.72202166064982,
5522,65.94373025848512,60.87570621468927,
5523,65.20313913492033,59.78112175102599,
5524,64.14735753046983,57.12418300653595,
5525,62.86060454307185,54.420921544209214,
5526,61.234807278902124,52.248520710059175,
5527,62.28287622618115,66.54825340438128,
5528,62.28287622618114,66.54825340438128,
5529,62.28287622618114,66.54825340438128,
