second,entropy_g,det_g,rmse_g
30,39.87501379966852,74.70331043098064,
31,37.928963789432395,75.7910447761194,
32,36.21499231282881,77.01116518751789,
33,34.60887606434417,79.62496501539323,
34,34.60887606434417,84.07500699692136,
35,33.462501263245784,85.29490977646108,
36,33.81333433771032,86.04712734974848,
37,33.613804275786514,84.48141408890044,
38,32.4440282969089,81.2531328320802,
39,31.589636250442627,78.61299709020369,
40,30.662131078895865,75.97280825128927,
41,29.655146130754563,86.84329710144928,
42,28.560625001167868,87.86620026235242,
43,28.560625001167868,87.86620026235242,
44,28.560625001167868,87.86620026235242,
45,28.560625001167868,78.37778749453433,
46,28.560625001167868,82.07258417140359,
47,28.560625001167868,86.0297332750328,
48,28.560625001167868,90.07433318758198,
49,27.977388491907814,92.54725085910653,
50,25.067230505531903,92.86303630363037,
51,22.144905246403376,93.16019032513879,
52,20.349039358119665,93.58288770053476,
53,18.229546423082265,93.91096394407653,
54,16.323002792948955,94.3359375,
55,16.323002792948955,94.3359375,
56,16.323002792948955,94.3359375,
57,16.323002792948955,84.14417613636364,10.678506220475603
58,16.323002792948955,87.67755681818181,11.067018224746166
59,16.323002792948955,91.28196022727273,
60,16.323002792948955,94.95738636363636,
61,15.65944966121755,97.06652697747512,
62,14.239883325735567,97.48438291406381,
63,12.675786382429944,97.81295903378489,
64,10.928220760924157,98.05963085660198,
65,8.2543586470295,98.18652849740933,
66,6.064004032844547,98.32056570418385,
67,3.0370119579712087,98.39077185986898,
68,3.0370119579712087,98.39077185986898,
69,3.0370119579712087,98.39077185986898,
70,3.0370119579712087,98.39077185986898,
71,3.0370119579712087,98.39077185986898,
72,3.0370119579712087,98.39077185986898,
73,3.0370119579712087,98.39077185986898,
74,3.0370119579712087,98.39077185986898,
75,3.0370119579712087,98.39077185986898,
76,3.0370119579712087,98.39077185986898,
77,3.0370119579712087,98.39077185986898,
78,3.0370119579712087,98.39077185986898,
79,3.0370119579712087,98.39077185986898,
80,3.0370119579712087,98.39077185986898,
81,3.0370119579712087,98.39077185986898,
82,3.0370119579712087,98.39077185986898,2.4193026805686717
83,3.0370119579712087,98.39077185986898,2.424460688027937
84,3.0370119579712087,98.39077185986898,2.432637813282043
85,3.0370119579712087,98.39077185986898,2.4429285574317094
86,3.0370119579712087,98.39077185986898,2.4546590072106276
87,3.0370119579712087,98.39077185986898,2.4672137061617456
88,3.0370119579712087,98.39077185986898,2.4786846773676996
89,3.0370119579712087,98.39077185986898,2.487267243402722
90,3.0370119579712087,98.39077185986898,2.4929711944889434
91,3.0370119579712087,98.39077185986898,2.494640463872144
92,3.0370119579712087,98.39077185986898,2.491312863899457
93,3.0370119579712087,89.71802905155226,5.760872064347538
94,3.0370119579712087,92.9507262888066,3.93177811045116
95,3.0370119579712087,96.24038735403019,2.0008778569259618
96,3.0370119579712087,99.58701224722302,1.404941082180726
97,-0.0,99.61432506887053,1.4465899990806637
98,-0.0,99.61432506887053,1.475122910482201
99,-0.0,99.61432506887053,1.4949726681205646
100,-0.0,99.61432506887053,1.5082504862693604
101,-0.0,99.61432506887053,1.516443158982038
102,-0.0,99.61432506887053,1.5206266898578218
103,-0.0,99.61432506887053,1.521597329938246
104,-0.0,99.61432506887053,1.519955360748991
105,-0.0,99.61432506887053,1.516160501192739
106,-0.0,99.61432506887053,1.5105695919120976
107,-0.0,99.61432506887053,1.5034628432308328
108,-0.0,99.61432506887053,1.4950624958678007
109,-0.0,99.61432506887053,1.485571221269115
110,-0.0,99.61432506887053,1.4751869733950957
111,-0.0,99.61432506887053,1.4640834478430336
112,-0.0,99.61432506887053,1.4524355601479197
113,-0.0,99.61432506887053,1.440421544139506
114,-0.0,99.61432506887053,1.440421544139506
115,-0.0,99.61432506887053,1.440421544139506
116,-0.0,99.61432506887053,1.440421544139506
117,-0.0,99.61432506887053,1.396808815374132
118,-0.0,99.61432506887053,1.3557262031572426
119,-0.0,99.61432506887053,1.3169911687813203
120,-0.0,99.61432506887053,1.2804080807596152
121,-0.0,99.61432506887053,1.2458024569553008
122,-0.0,99.61432506887053,1.2130181817722647
123,-0.0,99.61432506887053,1.1819151514704112
124,-0.0,99.61432506887053,1.152367272683651
125,-0.0,99.61432506887053,1.1242607538377043
126,-0.0,99.61432506887053,1.0974926406510959
127,-0.0,99.61432506887053,1.0719695559847988
128,-0.0,99.61432506887053,1.0476066115306086
129,-0.0,99.61432506887053,1.0243264646077148
130,-0.0,99.61432506887053,1.0020584979858163
131,-0.0,99.61432506887053,0.980738104411659
132,-0.0,99.61432506887053,0.9603060605697574
133,-0.0,99.61432506887053,0.9407079777009943
134,-0.0,99.61432506887053,0.9218938181469873
135,-0.0,99.61432506887053,0.9038174687715593
136,-0.0,99.61432506887053,0.8864363636028836
137,-0.0,99.61432506887053,0.8697111491952898
138,-0.0,99.61432506887053,0.8533745430735374
139,-0.0,99.61432506887053,0.8356941489539332
140,-0.0,99.61432506887053,0.8150204099067468
141,-0.0,99.61432506887053,0.7924362854722773
142,-0.0,99.61432506887053,0.8304688746395451
143,-0.0,99.61432506887053,1.3485382777949513
144,-0.0,99.61432506887053,2.2634188856918938
145,-0.0,99.61432506887053,3.413173017996338
146,-0.0,99.61432506887053,3.411912552919563
147,-0.0,99.61432506887053,3.4108739380799906
148,-0.0,99.61432506887053,3.410045037632307
149,-0.0,99.61432506887053,3.4094145392057285
150,-0.0,99.61432506887053,3.408971886693711
151,-0.0,99.61432506887053,3.408707219424107
152,-0.0,99.61432506887053,3.408611317022075
153,-0.0,99.61432506887053,3.408675457225644
154,-0.0,99.61432506887053,3.408890590473446
155,-0.0,99.61432506887053,3.4092458998132877
156,-0.0,99.61432506887053,3.4097328086428997
157,-0.0,99.61432506887053,3.4103535320014227
158,1.7263595531412619,99.6078431372549,3.4111139971028814
159,4.189190988298596,99.5511149724877,3.4120355833033944
160,6.208061115907181,99.4311377245509,3.4143227135422936
161,8.82711055601621,99.33395291201983,3.4209897095583313
162,10.535630982021239,97.55636134321298,3.431168908842457
163,10.535630982021239,94.07220558095538,2.451399344049222
164,10.535630982021239,90.65111146145357,3.140429758303247
165,10.535630982021239,87.29307898470755,6.560535856436131
166,10.535630982021239,97.99779284250354,1.0336663512757964
167,10.535630982021239,97.99779284250354,1.0236493755632545
168,10.535630982021239,97.99779284250354,1.0130688020362573
169,10.535630982021239,97.99779284250354,1.0019268353168937
170,10.535630982021239,97.99779284250354,0.9902237200307178
171,10.535630982021239,97.99779284250354,0.9779577035497296
172,10.535630982021239,97.99779284250354,0.9651249729995912
173,10.535630982021239,97.99779284250354,0.9517195638943283
174,10.535630982021239,97.99779284250354,0.9377332395822271
175,10.535630982021239,97.99779284250354,0.923155357823831
176,10.535630982021239,97.99779284250354,0.9079727385279035
177,10.535630982021239,97.99779284250354,0.8921693580042973
178,10.535630982021239,97.99779284250354,0.8757257105422456
179,10.535630982021239,97.99779284250354,0.8586184359871946
180,10.535630982021239,97.99779284250354,0.8408261360073458
181,10.535630982021239,97.99779284250354,0.8223301368259838
182,10.535630982021239,97.99779284250354,0.8030587946119101
183,10.535630982021239,97.99779284250354,0.7827966031564954
184,10.535630982021239,97.99779284250354,0.7827966031564954
185,10.535630982021239,97.99779284250354,0.7827966031564954
186,10.535630982021239,97.99779284250354,0.7880460157754592
187,10.535630982021239,97.99779284250354,1.219734195735021
188,10.535630982021239,97.99779284250354,2.089878043730319
189,10.535630982021239,97.99779284250354,3.2154797767819185
190,10.535630982021239,97.99779284250354,3.277035558709667
191,10.535630982021239,97.99779284250354,3.337213358012714
192,10.535630982021239,97.99779284250354,3.396092753761732
193,10.535630982021239,97.99779284250354,3.453746155417728
194,10.535630982021239,97.99779284250354,3.51023967441766
195,10.535630982021239,97.99779284250354,4.274320647488235
196,10.535630982021239,97.99779284250354,4.595754038100268
197,10.535630982021239,97.99779284250354,4.686589330376087
198,10.535630982021239,97.99779284250354,4.6852892685346355
199,10.535630982021239,97.99779284250354,4.68248068103664
200,10.535630982021239,97.99779284250354,4.6790075107939035
201,10.535630982021239,97.99779284250354,4.675308324842858
202,10.535630982021239,97.99779284250354,4.671594030598101
203,10.535630982021239,97.99779284250354,4.668193694526315
204,10.535630982021239,97.99779284250354,4.665631993663405
205,10.535630982021239,97.99779284250354,4.669001746006621
206,11.385788426729555,97.88359788359789,4.678746911481139
207,11.385788426729555,94.340227673561,2.8083073844841038
208,11.385788426729555,90.86099086099087,2.455719369051568
209,11.385788426729555,87.44588744588745,4.9522783551677
210,11.385788426729555,95.6389289722623,3.1850459892120417
211,11.385788426729555,95.6389289722623,3.561653720626269
212,11.385788426729555,95.6389289722623,4.28674584518627
213,11.385788426729555,95.6389289722623,5.337798169616651
214,11.385788426729555,95.6389289722623,6.633974984025565
215,11.385788426729555,87.42985409652076,7.414420023712806
216,11.385788426729555,90.84495751162417,7.007783538879145
217,11.385788426729555,94.32419432419432,7.502924730685186
218,11.385788426729555,97.8675645342312,7.315169733188234
219,9.632923475414994,98.1088203379321,7.5730406263164465
220,7.6243323911702685,98.27663719466507,7.844710986480235
221,5.1716057614728665,98.37751702158482,8.134577367518043
222,3.0370119579712087,98.40501281686129,8.447980697347832
223,5.237557751852812,98.2773851590106,8.790960947918396
224,7.115975381672694,98.08219178082192,9.145578130207294
225,8.781452263906967,97.81308999370674,9.512008741310353
226,10.285745784398873,97.59349593495935,9.888259664117534
227,12.685250517465018,97.34051506480391,10.27545994188096
228,13.995819799477069,96.85162636980344,10.621872124737903
229,14.611552606967019,94.71357850070721,10.013393037850845
230,15.20316392999076,92.54267744833783,10.122682889401565
231,15.772049798254617,90.33966398831264,9.457591507456742
232,15.772049798254617,86.70562454346238,7.113096796050149
233,15.772049798254617,83.14463111760409,6.718678836796173
234,15.772049798254617,79.8027757487217,6.322742346260967
235,15.772049798254617,89.64572680788898,9.710807584792603
236,15.772049798254617,89.64572680788898,9.861335567038374
237,15.772049798254617,89.64572680788898,10.035963515603715
238,17.45307797734596,89.48445933370556,10.378731144048132
239,19.824009183911407,89.09723564662671,10.715769884497997
240,22.752326202516763,88.72361809045226,10.6500057427177
241,24.84215258593204,88.25496342737722,10.394935456563859
242,26.607749258738732,87.68194655659353,10.629506051807862
243,28.158222060953626,86.99480695416572,10.58319165951465
244,29.545241942377576,86.58221909453437,10.514631363921865
245,30.799119595743633,86.163215590743,10.545424842165563
246,31.939775033143935,85.73957016434892,10.384616449140456
247,32.98126748685079,85.31340152111198,10.172160795197813
248,33.93401681411283,84.88719760804567,10.02736384702202
249,34.80602315633484,84.46383338024205,9.67406918440042
250,35.603592870258424,84.04657933042212,7.95385609921893
251,36.3317976357949,83.6390977443609,7.468012919673707
252,36.994778873802275,83.24542351846107,6.941431554933283
253,37.595957353762046,82.86992649408757,6.48248893796593
254,38.13818199482944,82.51725271114032,5.438749699581861
255,38.623838159167114,82.19224283305228,5.23173782821441
256,39.05492806712401,81.89982728842833,4.861265323715138
257,39.433131468861504,81.6448993999294,4.551559338807646
258,39.7598519662627,81.43216984526808,4.403896005726287
259,40.036252649014855,81.26600804976216,4.483292490867633
260,40.263283582439236,81.15027829313543,4.215411093778598
261,40.44170292988246,81.08818011257036,3.56769491950617
262,40.57209297222801,81.08210367007189,3.060169813499147
263,40.65487191768542,75.58006846709776,2.6912611341795203
264,40.69030212371487,79.45101029355699,2.447882551782756
265,40.67849514526456,83.23809523809524,1.9669945093936536
266,40.61941385586492,86.90702087286527,4.011372709899205
267,40.19183464051369,87.73760715616847,4.647055147252114
268,40.050891805060836,87.99408939785741,4.987344083202244
269,39.862280533205706,88.28039430449068,5.361654292746885
270,39.62539467654007,88.5930190716085,5.409241576099397
271,39.33945449650381,88.92819243013795,5.555324116740318
272,39.00349036040362,89.28199791883455,5.844871580691867
273,38.61632137735539,89.65049202578894,5.777030335289198
274,38.17652770408823,90.02981119576019,5.202691131289071
275,37.68241473178361,90.4162633107454,5.481256943977072
276,37.13196661152469,90.80640100407908,5.695835553659264
277,36.52278545052764,91.19707584526348,5.655581663188212
278,35.852010782101566,91.58547387068202,4.819990938454874
279,35.11621117209198,91.54044012575021,5.06350758278568
280,34.31123533006293,92.95385465598231,3.4065818952183173
281,33.43200242449529,94.18201227648785,3.3687048794439645
282,32.472197597015345,95.23564254442441,2.9297703910173514
283,31.38261682482357,95.87987093571606,2.588381174834712
284,30.187404490368074,96.58140090843892,2.653162206459223
285,28.86994612351993,97.14614499424626,1.829050378457915
286,27.40593547437217,97.58582502768549,1.8391798034883147
287,24.95070023440176,97.80757769263516,1.8119848000647978
288,23.17892551338266,98.07455960671855,1.8445874416032713
289,21.08304653524587,98.2459597950335,1.8706921178142906
290,19.945704631851957,98.8562714449104,1.8254967026514806
291,16.999765415822814,98.91743119266054,1.8471936111804408
292,15.753811160270553,98.95278665246717,1.8663921610177723
293,14.396783682961619,98.98729831788535,1.882787963672393
294,12.908676801725191,99.02090939263192,1.8963079568401517
295,11.259098746546254,99.26211100417068,1.91982055121324
296,9.396302188694612,99.42635658914729,1.927171484381378
297,7.2111092506744,99.52052741983817,1.9313469328387698
298,4.189190988298596,99.5511149724877,1.9334643811074057
299,1.7263595531412619,99.6078431372549,1.9347793441192833
300,-0.0,99.61432506887053,1.9349165308395997
301,-0.0,99.61432506887053,1.9349165308395997
302,-0.0,99.61432506887053,1.9349165308395997
303,-0.0,99.61432506887053,1.9349165308395997
304,-0.0,99.61432506887053,1.9349165308395997
305,-0.0,99.61432506887053,1.9349165308395997
306,-0.0,99.61432506887053,1.92509321307941
307,-0.0,99.61432506887053,1.9148344035411562
308,-0.0,99.61432506887053,1.9042426753914603
309,-0.0,99.61432506887053,1.8933924225080525
310,-0.0,99.61432506887053,1.882353975216285
311,-0.0,99.61432506887053,1.8711776430220712
312,-0.0,99.61432506887053,1.8599659719243313
313,-0.0,99.61432506887053,1.8487393677559056
314,-0.0,99.61432506887053,1.837516657985197
315,-0.0,99.61432506887053,1.8263167715641206
316,-0.0,99.61432506887053,1.815156179547815
317,-0.0,99.61432506887053,1.8040749940304301
318,-0.0,99.61432506887053,1.793099042598207
319,-0.0,99.61432506887053,1.7822417040107243
320,-0.0,99.61432506887053,1.7715062161355635
321,-0.0,99.61432506887053,1.760898394482054
322,-0.0,99.61432506887053,1.7504168564196623
323,-0.0,99.61432506887053,1.7400593602278387
324,-0.0,99.61432506887053,1.7298237169323887
325,-0.0,99.61432506887053,1.7197077887631993
326,-0.0,99.61432506887053,1.7097094876657468
327,-0.0,99.61432506887053,1.6998267738642179
328,-0.0,99.61432506887053,1.690057654474201
329,-0.0,99.61432506887053,1.6804001821629293
330,-0.0,99.61432506887053,1.6708524538551917
331,-0.0,99.61432506887053,1.6614126094831339
332,-0.0,99.61432506887053,1.6520788307781793
333,-0.0,99.61432506887053,1.6428493401034499
334,-0.0,99.61432506887053,1.6337223993251042
335,-0.0,99.61432506887053,1.624696308721104
336,-0.0,99.61432506887053,1.6157694059259406
337,-0.0,99.61432506887053,1.6069400649099583
338,-0.0,99.61432506887053,1.5982066949919784
339,-0.0,99.61432506887053,1.5895677398839199
340,-0.0,99.61432506887053,1.5810216767662717
341,-0.0,99.61432506887053,1.572567015393198
342,-0.0,99.61432506887053,1.5642022972262166
343,-0.0,99.61432506887053,1.5559260945953957
344,-0.0,99.61432506887053,1.5477370098870078
345,-0.0,99.61432506887053,1.5396336747567165
346,-0.0,99.61432506887053,1.5316147493673666
347,-0.0,99.61432506887053,1.5236789216504425
348,-0.0,99.61432506887053,1.5158249065903933
349,-0.0,99.61432506887053,1.5080514455309646
350,-0.0,99.61432506887053,1.500357305502752
351,-0.0,99.61432506887053,1.4927412785712715
352,-0.0,99.61432506887053,1.4852021812047556
353,-0.0,99.61432506887053,1.477738853661019
354,-0.0,99.61432506887053,1.4703501593927197
355,-0.0,99.61432506887053,1.4630349844703763
356,-0.0,99.61432506887053,1.4557922370225098
357,-0.0,99.61432506887053,1.4486208466923551
358,-0.0,99.61432506887053,1.4415197641105355
359,-0.0,99.61432506887053,1.434487960383174
360,-0.0,99.61432506887053,1.4275244265949112
361,-0.0,99.61432506887053,1.4206281733263437
362,-0.0,99.61432506887053,1.4137982301853582
363,-0.0,99.61432506887053,1.4070336453519412
364,-0.0,99.61432506887053,1.4003334851359859
365,-0.0,99.61432506887053,1.393331726885902
366,-0.0,99.61432506887053,1.3832598131458278
367,-0.0,99.61432506887053,1.366989460871924
368,-0.0,99.61432506887053,1.3418267582729602
369,-0.0,99.61432506887053,1.310866302035859
370,-0.0,99.61432506887053,1.2765950917871824
371,-0.0,99.61432506887053,1.2363834615096834
372,-0.0,99.61432506887053,1.1884741256251696
373,-0.0,99.61432506887053,1.135584927111065
374,-0.0,99.61432506887053,1.0804574712081492
375,-0.0,99.61432506887053,1.0228835101447755
376,-0.0,99.61432506887053,0.9625295987189644
377,-0.0,99.61432506887053,0.8993328883734522
378,-0.0,99.61432506887053,0.8337275451416681
379,-0.0,99.61432506887053,0.7661326930002084
380,-0.0,99.61432506887053,0.69681931774053
381,-0.0,99.61432506887053,0.6260284313117666
382,-0.0,99.61432506887053,0.5544638186938593
383,-0.0,99.61432506887053,0.4835522621279273
384,-0.0,99.61432506887053,0.41498420373096767
385,1.7263595531412619,99.6078431372549,0.35102768143528956
386,4.189190988298596,99.5511149724877,0.3017284202288353
387,6.208061115907181,99.4311377245509,0.2720844001275202
388,7.971385463025239,99.24172082946457,0.2763238989064652
389,10.487334801606254,99.10313901345292,0.31690862368457423
390,12.90867680172519,99.02090939263192,0.37015724448950077
391,14.885322521102173,98.86519944979368,0.4338511573000341
392,16.60566096531479,98.6284289276808,0.42558900793354026
393,18.14202396912635,98.45018450184502,0.4844643967020809
394,19.53333037688494,98.39510890332441,0.5372757326608342
395,20.803949668784973,98.3386075949367,0.5883746498972222
396,21.97056364727433,98.28080229226362,0.6374058559274068
397,23.045285813995694,98.22184589331076,0.6846558113988381
398,24.037288615103282,98.16192560175055,0.7284467521727345
399,24.953736750955947,98.10126582278481,0.7692801612300669
400,25.800361167612383,98.04013065795614,0.8069083032247775
401,26.581831513590014,97.97882579403273,0.8411102250122761
402,27.3020083155851,97.91769955379276,0.8702281682836849
403,27.96411969795671,97.85714285714286,0.896949105926286
404,28.570888782964865,97.7975878342947,0.9197462525472054
405,29.124627723224794,97.7395048439182,0.9385090306788741
406,29.62730848055718,97.68339768339769,0.914982824794136
407,30.080616975256667,97.62979683972912,0.9261374973951025
408,30.485995065714043,97.57925072046109,0.933178232967727
409,30.84467343327232,97.53231492361927,0.9361504987753696
410,31.15769753551406,97.48953974895397,0.9353514092603838
411,31.425948175695762,97.45145631067962,0.931918300751354
412,31.65015781068575,97.41856177012907,0.9292781167335159
413,31.830923419128254,97.3913043478261,0.9350045070179104
414,31.968716534234176,97.3700688791484,0.9500388942528745
415,32.06389088468291,97.35516372795969,0.9661958454774899
416,32.11668796466333,97.34680985470625,0.9826499691764917
417,32.12724075777062,97.34513274336283,0.9985593240297483
418,32.095575760547526,97.35015772870662,1.0136065611461793
419,32.021613383378735,97.36180904522612,1.0280249323049622
420,31.90516674400723,97.37991266375546,1.042109816467881
421,31.74593880759523,97.40420271940667,1.0590909254269116
422,31.543517762589378,97.43433109346365,1.0692852457986795
423,31.297370448861816,97.46987951807229,1.0772612084922621
424,31.006833567910242,97.5103734439834,1.085963504629737
425,30.671102296795492,97.55529685681024,1.1015492552327224
426,30.28921578764021,97.60410724472334,1.1135794764896467
427,29.860038848098196,97.65625,1.1303287248019365
428,29.382238843331255,97.71117166212534,1.160731959255307
429,28.854256503423827,97.7683315621679,1.2437767466142784
430,29.88770030233213,97.78012684989429,1.310798539301816
431,31.508752481769974,97.66756032171581,1.3695955529648334
432,32.65332937715658,97.44842562432139,1.5032291865707814
433,33.50673612806448,97.12013165112452,1.6161509085872647
434,34.13767907201275,96.90265486725664,1.7672870383159416
435,34.58075984065817,96.88369504730106,1.9357145015197397
436,34.855128299534556,96.87150837988827,2.1542095528209018
437,34.97103892508581,96.86625629546727,2.4248430600000734
438,34.93251035567786,96.86800894854586,2.764373117373325
439,34.73822615030188,96.87674288901283,3.189836849926154
440,34.381248038081715,96.89234184239734,3.718609663785597
441,35.87283501098949,96.85061315496098,4.279654688845188
442,36.387344307616154,97.06703910614524,4.873621591258212
443,37.19315722701494,97.2027972027972,5.500047158808141
444,37.45041187532827,97.25720682899524,6.1605708556830345
445,36.44736374056106,97.0941603799944,6.853341170376369
446,37.39572953927654,97.31167740128815,7.565825017351031
447,37.193157227014936,97.2027972027972,8.306574955661338
448,36.52801653509891,96.87761360468357,9.065400342791522
449,35.529159746640914,96.60828468167918,8.931447881320885
450,37.5054028845942,96.3092124382447,9.598039302136401
451,39.15480361091789,95.87002733070149,10.391173956914642
452,40.58634432452736,95.2743418966064,11.23161373978773
453,41.85156354277046,94.76994372724263,12.454255885579792
454,42.98062963634804,94.47704521919226,13.921587580091694
455,43.993309392039414,94.1747572815534,15.653927525588848
456,44.992513059841,93.48070438366429,17.535811457254344
457,46.43375631343577,92.73655280722419,18.232099249406602
458,47.68420493308048,91.7796958487464,17.979056551263774
459,48.7824293058045,90.58874086807047,17.861264590515518
460,49.75242248279855,89.14311350381337,17.483126697010032
461,50.610458726769295,88.218793828892,17.430412380316657
462,51.36820928772907,87.26300437530384,17.05909269807542
463,52.03436549934606,86.28340897629853,17.314608536710384
464,52.6155672866528,85.28951486697966,17.320727523437387
465,53.1169715725295,84.2926304464766,16.302809553878053
466,53.5426182045675,83.30569375345495,17.152940856797272
467,53.895674452903734,82.34295415959252,18.11121911516026
468,54.178602646766464,81.41950375072129,19.13614963876133
469,54.39327675834489,80.55067369654364,19.583375847868037
470,54.54106346172869,79.7513321492007,19.832711111597757
471,54.76385641406114,77.91116446578631,20.406199994958726
472,55.04739795365738,74.78632478632478,18.7937907625124
473,55.15795368336587,71.05101413644745,
474,55.15795368336587,67.05593116164721,
475,55.15795368336587,63.30669944683466,
476,55.15795368336587,59.803318992009835,
477,55.15795368336587,67.9778733866011,
478,55.15795368336587,67.9778733866011,
479,55.15795368336587,67.9778733866011,
480,55.15795368336587,67.9778733866011,
481,55.15795368336587,67.9778733866011,
482,55.15795368336587,67.9778733866011,
483,55.15795368336587,67.9778733866011,
484,55.15795368336587,67.9778733866011,
485,55.15795368336587,67.9778733866011,
486,55.15795368336587,67.9778733866011,
487,55.15795368336587,61.52427781192379,
488,55.15795368336587,65.15058389674248,
489,55.15795368336587,69.02274124154886,
490,55.15795368336587,73.14074984634296,5.502639594675864
491,54.91613773705585,74.01574803149606,5.35630946143061
492,54.59017639482461,74.98514557338086,7.37268360274248
493,54.17676678102546,76.03017991874637,7.886289105843121
494,53.67139533295181,77.13156408808582,8.792571131274336
495,53.06798716858876,78.2703886152162,7.909535360865129
496,52.35834995872924,79.42887361184559,9.813706562036764
497,51.531255371544894,80.94752929190015,9.900101332028235
498,50.57082411392678,82.62359275575135,11.08930189070993
499,49.45341686336363,84.04504927264195,10.258440671508454
500,48.14078129062802,85.22676246070948,9.351685336808881
501,47.235497111823356,87.30986527596697,7.268171461096046
502,46.88089199031044,90.26774330641734,3.947432867747353
503,46.46758601599352,92.95482801491919,2.543333926825215
504,45.43589417108061,94.07554671968191,3.0204395094942647
505,44.26523472532005,94.97142857142858,3.806460170768415
506,43.16499457182766,95.94149908592321,4.767534531367033
507,41.714918584832525,96.50227352221056,4.995109835714605
508,40.00229358589338,96.89067201604814,6.049719662982856
509,38.668139124883595,96.93111328762652,6.125821191139681
510,39.131274438971644,96.5562479501476,5.264383663478399
511,39.32185884004658,96.05652316792639,5.204283359739218
512,39.25881300468381,95.43513957307061,5.135034771302874
513,38.93613872056172,95.38461538461539,5.064984624677814
514,38.318810705279354,95.44419134396355,5.256239814807639
515,37.309821166616544,95.38560826072927,5.252115329599712
516,35.40408677525863,95.21225662304501,5.611955621492369
517,34.31885287405218,94.97455470737914,5.262631769089169
518,34.44101114574375,94.70325462667518,5.117577113005478
519,34.465360918327185,94.44444444444444,4.9366973719378295
520,35.66713291832449,94.280205655527,4.819464638801436
521,36.08993064929113,92.01653944020356,4.112136896887775
522,35.27912545979439,87.76889981561156,5.2031799893477935
523,34.38604450517565,83.71886120996442,7.978939245340771
524,33.40276260821487,79.87421383647799,9.02436053476483
525,32.318929503357246,92.75881057268722,5.180598475656554
526,31.120550679315944,93.03126656067832,5.373529305805466
527,29.787766418771263,93.29765545361876,5.731940813180729
528,28.29032229243621,93.87555120039197,6.17395611234699
529,26.576599934410776,94.32674199623352,6.480263212411878
530,24.537542723238882,94.66304839439168,7.54440300233806
531,21.658935868907154,94.89574283231973,8.219678050405275
532,20.869229111875647,96.07760438633488,9.655957138151352
533,20.45126583712472,96.6348151225592,11.383670336225435
534,20.45126583712472,92.70876609887827,7.805136371372599
535,20.45126583712472,88.86580805982551,5.358313779281073
536,20.45126583712472,85.10594100540091,4.085013949291241
537,20.45126583712472,93.72663066057333,8.164358528273473
538,20.869229111875647,93.18852804723745,8.089864627886715
539,21.658935868907154,91.96350999131191,7.307257231077854
540,22.389917693085053,90.59007599463567,6.491038654219724
541,22.73434383922637,87.8286491387126,4.4071156512336085
542,22.73434383922637,83.86219401631912,2.1384886662291818
543,22.73434383922637,79.98640072529466,2.5063928037527816
544,22.73434383922637,76.38259292837715,3.989481413070388
545,22.73434383922637,85.42611060743427,1.6140888524898376
546,22.73434383922637,85.42611060743427,2.613905344835364
547,22.73434383922637,85.42611060743427,2.867339719317495
548,22.73434383922637,85.42611060743427,2.834999968696257
549,22.73434383922637,85.42611060743427,2.767104758838042
550,22.73434383922637,85.42611060743427,2.697164881484317
551,22.73434383922637,85.42611060743427,2.659738666320972
552,22.73434383922637,85.42611060743427,2.6623935545109556
553,22.73434383922637,85.42611060743427,2.743805684748557
554,22.73434383922637,85.42611060743427,2.935024285567411
555,22.73434383922637,85.42611060743427,3.1851590638141563
556,22.73434383922637,85.42611060743427,3.504223402903434
557,22.73434383922637,85.42611060743427,3.93615488375401
558,22.73434383922637,85.42611060743427,4.365548795747203
559,22.73434383922637,85.42611060743427,4.786352317815864
560,22.73434383922637,85.42611060743427,5.130938698810552
561,22.73434383922637,85.42611060743427,5.438516485354794
562,22.73434383922637,85.42611060743427,5.701713790683784
563,22.73434383922637,85.42611060743427,5.936441183819826
564,22.73434383922637,85.42611060743427,6.129880094179895
565,22.73434383922637,85.42611060743427,6.252632817517694
566,22.73434383922637,78.21849501359928,6.177615616025892
567,22.73434383922637,82.00362647325476,7.676191984579139
568,22.73434383922637,85.87941976427923,6.367099419704859
569,22.73434383922637,89.70988213961922,3.761378058407452
570,22.031568015406428,90.30409872190393,3.5972412207794076
571,21.27163117937188,90.8818493150685,3.608517112929428
572,20.45126583712472,91.44162858329871,3.407370843017719
573,19.566574609211067,91.98227236099919,3.6408505140839407
574,18.612853301100273,92.50292854353768,4.086772382263917
575,17.58433853881769,93.00302571860817,4.358141265762262
576,16.473835142443093,93.48224093738557,4.299600238279468
577,15.272141981548065,94.17080085046067,4.4642803226977
578,13.967118527182038,94.75488515598218,5.077737630790289
579,12.542057481308383,95.2420424403183,5.792424456524061
580,13.136652638039287,95.40019926934573,6.148771165119679
581,13.136652638039287,95.40019926934573,6.273608140880493
582,14.977963226826684,95.08083935328517,6.224132401998468
583,16.60566096531479,94.67402921268258,6.129135098600556
584,18.07147843394122,94.48542973072666,6.306606278330381
585,18.753649824574573,92.47513604803903,6.095335370246775
586,18.753649824574573,88.70332144867704,6.137140053697728
587,18.753649824574573,85.00656783636705,7.671032287582407
588,18.753649824574573,81.38487521110902,9.32355555783391
589,18.753649824574573,90.71120285231751,6.201931798804208
590,18.753649824574573,83.16757365359355,9.453583888559583
591,18.753649824574573,86.82679677237756,8.516740997774887
592,18.753649824574573,90.56108087821355,6.550941614751796
593,18.753649824574573,94.37042597110153,5.299823750038174
594,17.928346738474204,94.56321415407298,4.96186676782544
595,17.928346738474204,86.03022484334684,9.707374011492051
596,17.928346738474204,89.66089200147438,7.062109550085575
597,17.928346738474204,93.36527828971619,5.768122677852248
598,17.928346738474204,97.14338370807225,0.655561804539664
599,16.10932556229681,97.40490579452542,0.5826458078525253
600,13.967118527182038,97.58313335618786,0.5369213286554735
601,10.987424673037834,97.68595041322314,0.5156701689990547
602,10.987424673037834,97.68595041322314,0.5171288729867748
603,10.987424673037834,97.68595041322314,0.5171497771011179
604,10.987424673037834,97.68595041322314,0.5171497771011179
605,10.987424673037834,97.68595041322314,0.5171497771011179
606,10.987424673037834,97.68595041322314,0.5171497771011179
607,10.987424673037834,97.68595041322314,0.5171497771011179
608,10.987424673037834,97.68595041322314,0.5171497771011179
609,10.987424673037834,97.68595041322314,0.5171497771011179
610,10.987424673037834,97.68595041322314,0.5171497771011179
611,10.987424673037834,97.68595041322314,0.5171497771011179
612,10.987424673037834,97.68595041322314,0.5171497771011179
613,10.987424673037834,97.68595041322314,0.5171497771011179
614,10.987424673037834,97.68595041322314,0.5171497771011179
615,10.987424673037834,97.68595041322314,0.5171497771011179
616,10.987424673037834,97.68595041322314,2.228251178392803
617,10.987424673037834,97.68595041322314,2.6577694494232498
618,10.987424673037834,97.68595041322314,2.758956407261328
619,10.987424673037834,97.68595041322314,2.784881454698797
620,10.987424673037834,97.68595041322314,2.849942711053139
621,10.987424673037834,97.68595041322314,2.9096517868238725
622,10.987424673037834,97.68595041322314,2.971779570509304
623,10.987424673037834,97.68595041322314,3.031362941375598
624,10.987424673037834,97.68595041322314,3.0907604689097288
625,10.987424673037834,97.68595041322314,3.1502713678293275
626,10.987424673037834,97.68595041322314,3.2126098102417737
627,10.987424673037834,97.68595041322314,3.2798355013185843
628,10.987424673037834,97.68595041322314,3.3514921081891793
629,10.987424673037834,97.68595041322314,3.420300090677166
630,10.987424673037834,97.68595041322314,3.4802207339213784
631,10.987424673037834,97.68595041322314,3.5358278037078357
632,10.987424673037834,97.68595041322314,3.593248093844939
633,10.987424673037834,97.68595041322314,3.648232112421584
634,10.987424673037834,97.68595041322314,3.7093145087594497
635,10.987424673037834,97.68595041322314,3.7666991317929734
636,10.987424673037834,86.8099173553719,10.527457495201709
637,10.987424673037834,90.23140495867769,8.16396036070513
638,10.987424673037834,93.71900826446281,7.188117738937375
639,10.987424673037834,97.27272727272727,2.264582571282113
640,10.285745784398873,99.08943089430895,1.6978010075605858
641,8.781452263906967,99.11894273127753,1.7141000887665854
642,7.115975381672694,99.3455098934551,1.7046647642295283
643,5.237557751852812,99.49941107184924,1.7145494000133241
644,3.0370119579712087,99.58701224722302,1.6944298855030038
645,-0.0,99.61432506887053,1.671336518616124
646,-0.0,99.61432506887053,1.6735611125970213
647,-0.0,99.61432506887053,1.675361455861728
648,-0.0,99.61432506887053,1.676732568399494
649,-0.0,99.61432506887053,1.6776666828065883
650,-0.0,99.61432506887053,1.6781928572156557
651,-0.0,99.61432506887053,1.6783468614351007
652,-0.0,99.61432506887053,1.6781335724313158
653,-0.0,99.61432506887053,1.6775686291551366
654,-0.0,99.61432506887053,1.6766968697668345
655,-0.0,99.61432506887053,1.6754812856865
656,-0.0,99.61432506887053,1.6739155562984085
657,-0.0,99.61432506887053,1.6739155562984085
658,-0.0,99.61432506887053,1.6739155562984085
659,-0.0,99.61432506887053,1.6739155562984085
660,-0.0,99.61432506887053,1.6695447257948286
661,-0.0,99.61432506887053,1.6650048398663209
662,-0.0,99.61432506887053,1.6604422489394173
663,-0.0,99.61432506887053,1.6558632295723597
664,-0.0,99.61432506887053,1.651287613705462
665,-0.0,99.61432506887053,1.6467281653901054
666,-0.0,99.61432506887053,1.6418035975963974
667,-0.0,99.61432506887053,1.6335654140554887
668,-0.0,99.61432506887053,1.6186385023470948
669,-0.0,99.61432506887053,1.5939695301675878
670,-0.0,99.61432506887053,1.5682965784007472
671,-0.0,99.61432506887053,1.5390014488631585
672,-0.0,99.61432506887053,1.4729102193371864
673,-0.0,99.61432506887053,1.4945623220633604
674,-0.0,99.61432506887053,1.5552967906548787
675,-0.0,99.61432506887053,1.6366994649358197
676,-0.0,99.61432506887053,1.7405238105701357
677,-0.0,99.61432506887053,1.8707468992005414
678,-0.0,99.61432506887053,2.0372501528076836
679,-0.0,99.61432506887053,2.215797387841104
680,-0.0,99.61432506887053,2.4051397358943327
681,-0.0,99.61432506887053,2.602674640753489
682,-0.0,99.61432506887053,2.8075458907075657
683,-0.0,99.61432506887053,3.020489615965024
684,-0.0,99.61432506887053,3.2608105283586544
685,-0.0,99.61432506887053,3.554871072530898
686,1.7263595531412619,99.6078431372549,3.9012101510799515
687,4.189190988298596,99.5511149724877,4.365177355754377
688,6.208061115907181,99.4311377245509,4.914962698066047
689,7.971385463025239,99.24172082946457,5.566607698859937
690,11.385788426729555,99.21436588103255,6.041952923461738
691,13.807130426848488,99.13606911447084,6.506674696034645
692,14.834478482466473,97.24336208354474,6.464243010149778
693,15.631116007556061,95.26841018582243,4.721159985120671
694,17.108182350754795,94.87179487179488,4.528665415789784
695,19.496395159610593,94.69500924214418,4.7029158455360225
696,21.439286240872512,94.4359171143515,3.8418355168653786
697,23.125220522619134,94.08602150537635,3.7668912684761677
698,24.626504344025022,93.63636363636364,4.17661555316095
699,25.98202952213038,93.4419202743249,4.565078097849281
700,27.21613685285541,93.24444444444444,5.37524002421646
701,28.345477659086644,93.04467987102717,6.512257636444265
702,29.382133014550792,92.84351145038168,7.890848805282194
703,30.335240819388847,92.64197530864197,9.403375092992974
704,31.411440723778515,92.19150025601638,9.705080286824904
705,32.579237595708385,91.38297872340425,10.049251662508013
706,33.53751085627741,90.27012127894156,10.169406394357036
707,34.314733516760164,88.83190883190883,10.094784980326333
708,35.025145658222314,87.44117647058823,9.378839496064789
709,35.67252669861433,85.68829593693147,8.902429382210002
710,36.26001753846645,87.29712858926342,9.909052531134869
711,36.79024732966526,87.01090442591405,9.877452057419978
712,37.265426792653486,86.74342105263158,10.389452105261554
713,37.687418182504665,86.4983164983165,10.961341872149502
714,38.057788511464956,86.27922971114168,11.786321795994418
715,38.3778504681388,86.08969866853539,13.21105691054017
716,38.64869408431649,85.93304843304843,14.399553095371406
717,39.19180274439651,85.22975929978118,15.266821581339492
718,39.97011444935187,83.81024096385542,16.205369135787656
719,40.65756643860828,82.15671062839411,16.732661390049827
720,40.969374754527784,79.18961447678993,18.63409463271273
721,40.969374754527784,75.21636506687648,19.78036110184613
722,40.969374754527784,71.40047206923683,21.315007450959936
723,40.969374754527784,67.74193548387096,20.246061620178207
724,40.969374754527784,77.93076317859953,24.89935184458696
725,40.969374754527784,77.93076317859953,26.415999009485798
726,40.969374754527784,77.93076317859953,27.821715876364948
727,40.969374754527784,77.93076317859953,28.989643370124245
728,40.969374754527784,77.93076317859953,30.001915871937193
729,40.969374754527784,77.93076317859953,30.97069608629613
730,42.39194193380047,76.84124386252046,32.0034652731026
731,43.58943504446786,75.57349192863211,33.35156627318757
732,44.166197930921996,73.058568329718,32.366399051669035
733,44.218078395829245,69.3513278188942,25.091776167954077
734,44.218078395829245,65.56377884196779,24.77538314381233
735,45.10228957157629,63.84028712427097,28.008751398192224
736,45.849765549267374,61.964038727524205,22.933522386692893
737,46.47606783344509,59.943316013226266,24.959522777221924
738,46.99206011448405,57.79064158224795,18.532365969422703
739,47.4055135196545,56.3573883161512,
740,47.575602331274986,54.154302670623146,
741,47.575602331274986,51.23639960435213,
742,47.575602331274986,48.51632047477745,
743,47.72201280298488,44.05176704828273,
744,47.94549652320771,44.947209653092,
745,48.0785868141657,45.32119372787051,
746,48.1227869146286,45.41307653319817,
747,47.89146988394671,47.56403817177298,
748,47.55262964896079,48.98363906792266,
749,46.98746285297321,48.88673765730881,
750,46.606196374862165,48.453117563065206,
751,46.3211492783422,47.68583450210379,
752,45.972944402172644,46.681922196796336,
753,45.537109208379015,57.340473003123606,7.402216670841141
754,44.61810548261247,59.42464577071705,13.108399522502253
755,44.111142661564486,60.39562289562289,11.075878131930729
756,44.111142661564486,60.39562289562289,10.811238073156424
757,44.111142661564486,60.39562289562289,6.626055564177242
758,44.111142661564486,60.39562289562289,6.044037508397458
759,44.111142661564486,60.39562289562289,6.979378565678397
760,44.111142661564486,60.39562289562289,6.960726899889382
761,44.111142661564486,54.04040404040404,16.945426757270166
762,44.111142661564486,57.95454545454545,13.0942709463755
763,44.111142661564486,61.784511784511785,7.449875313683648
764,44.111142661564486,66.11952861952862,5.355844095945563
765,42.98898210986235,67.77059773828756,6.172873467119648
766,41.69631464874622,69.23374613003097,5.433440253546873
767,41.69631464874622,69.23374613003097,5.218620268865701
768,41.69631464874622,69.23374613003097,4.975750482912044
769,41.69631464874622,69.23374613003097,4.93715465930933
770,41.69631464874622,69.23374613003097,5.142958281475269
771,41.69631464874622,69.23374613003097,5.577190167402736
772,41.69631464874622,69.23374613003097,5.240551948199
773,41.69631464874622,69.23374613003097,4.929240215932344
774,41.69631464874622,60.06191950464396,11.339622263173444
775,41.69631464874622,64.04798761609906,8.534475506521803
776,41.69631464874622,68.18885448916409,4.563529627077678
777,41.69631464874622,72.484520123839,5.33115272375022
778,40.18184073310845,73.62962962962963,6.00658555755467
779,39.312254917196675,74.13980441868888,6.272673050146825
780,39.312254917196675,74.13980441868888,6.268163865029496
781,40.386578632647804,73.94340316060271,6.127088381553543
782,41.16373051921617,73.67050948307921,5.7551838960515
783,40.45174192605597,70.26249550521395,6.661262960735593
784,39.65908545852487,67.02533842415828,7.088864496788074
785,38.77884814447305,63.96788223486116,14.008129028421727
786,37.80209097192858,74.97584541062803,9.961133299007857
787,37.5563585930223,74.55943607818007,5.178742730095513
788,37.68389715873447,74.59095283926852,5.373951446105419
789,36.489726456891425,71.40215716486902,11.979631086366359
790,35.54420459898877,68.92857142857143,11.48163712967406
791,34.911640481935216,66.63778162911612,12.97218148894554
792,34.218078813897435,76.7077267637178,6.946705475499085
793,34.57268582125389,80.11945392491468,3.555938830744438
794,35.23535456209854,82.6099706744868,2.0258811737211464
795,35.54420459898877,83.18452380952381,2.4689237121104726
796,35.89433894738101,82.4304100568692,3.0893909560787263
797,36.46482138994631,82.2907222725899,3.1124324055616337
798,36.878563378424175,82.89193302891933,4.28105123068355
799,37.14831885624727,83.26705414499847,4.821609827633014
800,37.28148698761047,83.47132781355413,5.246776032605504
801,37.28148698761047,84.05397117448635,5.942484464930952
802,37.28148698761047,84.75927629561484,6.758757842945707
803,37.28148698761047,85.5872431769396,8.423780461014331
804,37.28148698761047,85.89389757743024,10.007627540894434
805,37.14831885624727,86.23432242275925,11.57040984525326
806,36.878563378424175,87.00152207001523,13.943639153191
807,36.878563378424175,87.00152207001523,15.939895895453795
808,36.878563378424175,87.00152207001523,18.084203899463407
809,36.878563378424175,87.00152207001523,20.328995287886737
810,37.88755495859417,85.63745650110724,22.32814004125229
811,38.80092264905323,84.63054187192118,24.293379606007825
812,39.627656710878945,83.58869594824651,26.224225616456092
813,41.57309448460201,82.64110756123536,28.159133325878514
814,43.70229371081263,81.67597765363128,29.13640881263458
815,45.37983812022335,80.51542366263179,27.805533137823947
816,46.79376966699781,79.14110429447852,28.965431542201337
817,48.016045912985646,77.87762088147197,28.08350233959467
818,49.08518122020836,76.88869021010282,30.121059398157822
819,50.02510695866589,75.8974358974359,30.268045777280026
820,51.94715117159186,74.74352711284807,34.04381315753747
821,53.93890998354295,73.23726196603191,34.41536458815992
822,54.399986821610405,69.9523052464229,31.624716354168335
823,54.60367587626118,65.57465091299677,32.5334847304983
824,54.969716599767324,61.631089217296115,27.212192625900613
825,55.62500522903762,58.706749858196254,26.28921597166643
826,56.09264014262034,55.3415061295972,21.671240230635618
827,56.47949974496702,51.76540993417115,21.081493447341128
828,56.77741661460403,47.985347985347985,21.389299074579913
829,56.990114828122174,44.547707558859976,19.430758882515207
830,57.131080787639334,40.67584480600751,
831,57.20131810548261,36.79245283018868,
832,57.20131810548261,41.257861635220124,15.911214194887677
833,57.131080787639334,41.1764705882353,15.678300865336789
834,57.11292745156662,39.72517176764522,
835,57.134617772711536,36.647904940587864,
836,57.134617772711536,35.146966854283924,
837,57.069489211431154,35.01557632398754,
838,57.3074617296829,35.21303258145363,
839,57.3074617296829,35.21303258145363,
840,56.65113131718718,34.52088452088452,
841,55.77433093824522,33.69304556354916,
842,54.6080637217137,34.26573426573427,
843,53.870381592087135,34.652897303499714,
844,53.870381592087135,36.43144004589788,
845,53.870381592087135,38.89845094664372,
846,53.870381592087135,41.59495123350545,7.344484639522692
847,54.618001478776,43.731778425655975,9.485440013948622
848,55.95047926527592,45.482110369921166,10.546259265185554
849,56.451540108182094,44.55384615384615,9.26684160784699
850,57.27989988186244,40.682248894504106,
851,57.91342815979053,42.0916720464816,5.41297165243482
852,57.655274088741734,41.3968253968254,6.149616587610751
853,57.31382384624568,40.522063393412054,13.421288900410916
854,57.107330476293036,39.865278628291485,13.741686807581647
855,56.82981925369208,48.108108108108105,6.244486005967438
856,56.47929733133239,51.73020527859237,4.689371822231512
857,56.47929733133239,51.73020527859237,4.843289192192858
858,56.47929733133239,51.73020527859237,4.910211068472812
859,56.47929733133239,51.73020527859237,4.769302963222717
860,56.47929733133239,51.73020527859237,4.685247040361255
861,56.47929733133239,51.73020527859237,4.896680119987388
862,56.47929733133239,51.73020527859237,5.143389805273986
863,56.47929733133239,44.34017595307918,4.95878369341987
864,56.47929733133239,48.09384164222874,6.283618350571332
865,56.47929733133239,52.6099706744868,4.552515420546325
866,56.88068664948416,54.063816977724265,4.720631727051277
867,57.08963439486104,54.05735204392923,4.698425273314091
868,57.039897153730145,52.647595861229455,4.598848389763039
869,56.88998570049228,51.23867069486405,4.967833928475034
870,56.776851010664295,55.76923076923077,2.128643151692428
871,56.776851010664295,55.76923076923077,3.225484363660678
872,56.79341940007765,55.80276608538785,3.727958615447556
873,56.7270429856512,55.66886622675465,5.578464074457938
874,56.7270429856512,54.169166166766644,4.95478881015871
875,56.7270429856512,52.90941811637673,4.955391743162573
876,56.7270429856512,53.32933413317337,5.049275091667343
877,56.77685101066429,53.00480769230769,4.865695686011159
878,56.776851010664295,53.00480769230769,4.969538616971091
879,56.643682879301096,53.229665071770334,5.40549199746426
880,56.29317541175379,52.50737463126843,5.9451905062941695
881,55.958778665560786,51.68408826945412,5.127503434802355
882,55.96241210344213,52.63157894736842,7.400175235535068
883,56.14490594395364,53.229665071770334,8.230589194652985
884,56.4556929609629,53.97210430563978,8.98293739757038
885,56.4556929609629,53.48696179502729,10.123169304559907
886,56.59965680449083,53.78048780487805,11.375234759783783
887,56.789687743298536,54.729729729729726,12.131607649214217
888,56.85255730295834,57.01970443349754,10.792894161033152
889,57.265966916757506,56.06060606060606,13.59139250667157
890,57.59192825898873,55.28350515463917,13.925980254803827
891,59.08525344642693,47.340425531914896,14.83540841810856
892,60.80116504809665,49.44444444444444,17.140162117691386
893,61.46643228797112,50.46066619418852,18.962605412367605
894,61.46643228797112,50.46066619418852,20.193180194323485
895,61.10486572839691,49.41013185287994,20.842610789196765
896,60.97179193725522,48.934707903780065,21.99561195042541
897,60.47170183564261,61.18904475617902,13.938027539042306
898,59.86049611532347,64.05946994182288,12.646169157398049
899,59.32429545037894,65.7035175879397,8.292723509552586
900,59.00088082042594,66.58476658476658,8.868216832190361
901,58.60062165693538,67.58373205741627,9.793172133456201
902,58.12016373467927,68.67749419953596,9.101580794981253
903,57.55514357303978,69.84304932735427,9.733416936579088
904,56.89989443489124,72.19222462203024,10.557054589782924
905,56.14699594681335,74.68879668049793,8.148017543876039
906,55.28655552982039,76.88866799204771,7.792563711398097
907,54.30499498800363,78.8022813688213,7.069406021560452
908,53.182834436301505,80.08166969147005,6.137811608757231
909,51.89016697518536,81.4878892733564,4.923834109757469
910,50.3756930595476,82.66062602965404,4.9027349307882675
911,48.53064928317199,83.62068965517241,5.2683854671498604
912,47.39470633213628,84.02751241880016,5.899212851806833
913,47.39470633213628,84.02751241880016,6.280840673026647
914,47.39470633213628,84.02751241880016,6.604525925462825
915,47.39470633213628,84.02751241880016,7.018676202770123
916,47.39470633213628,84.02751241880016,7.480521420726579
917,47.39470633213628,84.02751241880016,7.953753070505634
918,47.39470633213628,84.02751241880016,8.412242371695285
919,47.39470633213628,84.02751241880016,8.868241436834278
920,47.39470633213628,84.02751241880016,9.291183481790755
921,47.39470633213628,84.02751241880016,9.684345405244672
922,47.39470633213628,70.65341994650363,19.976301251442372
923,47.39470633213628,75.20061138708445,21.211036153424914
924,47.39470633213628,79.90064959877722,14.638015890200872
925,47.39470633213628,84.75353458158196,10.482470152572683
926,46.89195196908421,87.91167664670658,8.249568213898305
927,45.6764443177927,88.96848137535817,7.841677037952131
928,44.293269953737784,89.82876712328768,7.661268982233212
929,42.69096128671943,90.51047120418848,6.647120193606877
930,40.76060137656029,91.03125,6.937648526454959
931,39.59973092412999,91.95678271308523,6.41778249495085
932,38.30353390535727,92.65552995391705,5.570121418884463
933,37.55282886808317,92.83723522853958,5.496759371807189
934,36.73331121881463,92.61853448275862,5.823272688870116
935,35.839882805761135,93.78251821019771,5.82357718622137
936,34.86621265912061,94.77911646586345,4.055548076330614
937,33.804277713171224,95.61955469506292,3.2264223754031374
938,32.273142115670936,96.04651162790698,3.035342447855718
939,30.52647329415735,96.35835567470956,2.9805162998472117
940,28.45518238268357,96.56652360515021,2.9025661185975897
941,25.54502439630766,96.68178070898598,2.3166218362953113
942,22.62269913717913,96.79080824088749,2.28051406119867
943,20.9504386453488,98.77622377622377,2.4895818513695187
944,18.010315806104956,98.8411214953271,3.113555401868606
945,16.77006660054322,98.87924801156905,4.082838207906182
946,15.41863702818793,98.91646277525341,4.126973208660895
947,13.936024857343178,98.95270270270271,4.181732983425801
948,12.291842053933312,99.20013059092393,4.241830634421955
949,10.434344825890438,99.36908517350157,4.301071648092555
950,9.965493821373014,99.45719602977667,4.355541657255224
951,6.9538546023610674,96.06051527860994,3.474414207622683
952,4.758382620976999,92.88818076477405,4.961681596509302
953,1.7263595531412619,89.81792717086834,6.817883216028949
954,1.7263595531412619,98.43137254901961,3.8399599236873705
955,1.7263595531412619,98.43137254901961,3.9102604025329786
956,1.7263595531412619,98.43137254901961,3.9834238407070295
957,3.4502350984670764,98.40478564307078,4.0524752558393775
958,6.477227173340413,98.33505230587889,4.068789323271027
959,8.924836435838701,98.2314377191645,4.10111843214621
960,10.928220760924157,98.05963085660198,4.146941561907665
961,12.675786382429946,97.81295903378489,4.183769037049831
962,13.477868434403591,95.84993359893758,3.0992117738155707
963,13.477868434403591,92.2808764940239,3.841430389409713
964,13.477868434403591,88.77822045152722,6.388399881078765
965,13.477868434403591,85.34196547144754,9.827981892997348
966,13.477868434403591,95.33532536520585,1.3640225453923172
967,13.477868434403591,95.33532536520585,2.4668480860866886
968,13.477868434403591,95.33532536520585,3.3058860263302057
969,13.477868434403591,95.33532536520585,4.060482761545967
970,13.477868434403591,95.33532536520585,4.783395929408602
971,13.477868434403591,95.33532536520585,5.499587671999939
972,13.477868434403591,95.33532536520585,6.225129829217287
973,13.477868434403591,95.33532536520585,6.97227546414198
974,13.477868434403591,95.33532536520585,7.753329441509624
975,13.477868434403591,95.33532536520585,8.716845511195086
976,13.477868434403591,95.33532536520585,9.991713914978716
977,13.477868434403591,95.33532536520585,11.381269460978778
978,13.477868434403591,95.33532536520585,12.751294516304126
979,13.477868434403591,95.33532536520585,14.112621364717297
980,14.76247113833491,95.25016903313049,15.47927540694402
981,17.73667028208744,95.05436688881095,16.987344366204372
982,19.873279412248568,94.77802037845706,18.196259997181254
983,21.92321682515582,94.46647780925402,19.161813487107896
984,23.86029152963245,94.11649343008433,20.65320885097679
985,24.72673910206399,91.92645883293365,21.955036139249206
986,24.72673910206399,88.02957633892886,20.520896300726626
987,24.72673910206399,84.21262989608313,20.33958809701474
988,27.649064361192515,83.75623960066555,22.78848594594722
989,29.732776066576687,83.2034632034632,24.459725928149616
990,31.492129993685396,82.54504504504504,26.192350842246956
991,33.12886720866191,81.80965775902484,26.277062159692697
992,34.6600028061622,80.99072718399219,27.33114281821474
993,36.02725802945041,80.04062976130015,25.834648475585706
994,37.26092424348378,78.94875858425779,27.055575644532603
995,37.834141806602666,76.21869108537571,24.932484195432597
996,37.834141806602666,72.04416913546997,26.57718937620584
997,38.88552167357071,69.51253098320022,29.479951265527635
998,40.21116592684745,68.24576514498995,29.056894323078424
999,41.75774390902114,66.98650674662669,30.027147925912125
1000,43.407144635344835,65.73580169438343,31.763055110054612
1001,43.407144635344835,61.499843112645124,25.09868903226217
1002,43.407144635344835,57.38939441481017,19.702493768745022
1003,43.407144635344835,53.40445560087857,17.83045001083488
1004,44.75859948885005,51.78747130206625,20.441959870245658
1005,45.96077287173038,50.32545392257622,20.953848110816054
1006,47.03783494236506,48.48051483732571,25.695599574077562
1007,48.02756299438042,40.15659955257271,12.319131285743529
1008,48.93775036833311,41.91919191919192,13.638008400162835
1009,50.05115606586061,43.8489646772229,17.37675613485586
1010,51.30160468550531,45.97701149425287,23.0936293514639
1011,51.1422937325424,43.82165605095541,18.444959866987094
1012,51.942170998128276,41.51193633952255,16.227431422426392
1013,52.63779571624594,39.02662993572085,14.525438491391995
1014,53.253829663939875,29.400570884871552,
1015,53.79503166288331,30.825958702064895,16.585179191207192
1016,54.265200643056424,32.6241134751773,15.666986796125377
1017,54.667381351227085,35.32778355879292,15.480887352582652
1018,53.78874409130652,35.66683699540113,15.81246758097982
1019,53.43764250821913,35.37759756715661,15.999426264543692
1020,52.890079994924044,34.95242864296445,16.04286167758884
1021,52.112928108355675,34.401182848693935,15.977205881996243
1022,51.03860439290454,34.122764620589656,15.792663055703278
1023,51.44036018640764,32.49133234274393,16.041300574495963
1024,51.77406331736525,31.057157309054123,17.112693920921803
1025,52.04177267536099,29.850746268656717,
1026,52.24506574183736,28.899321857068337,
1027,52.385098760244034,28.22538177988415,
1028,52.46264814578455,27.84542085759661,
1029,52.47813704604937,27.76894541600424,
1030,52.43164940249962,27.997886951928155,
1031,52.385098760244034,27.27751448130595,
1032,52.385098760244034,25.53975776724592,
1033,52.385098760244034,24.01263823064771,
1034,52.385098760244034,22.696155871511323,
1035,52.385098760244034,23.802001053185887,
1036,52.385098760244034,23.802001053185887,
1037,52.385098760244034,23.32806740389679,
1038,52.385098760244034,24.749868351764086,
1039,52.385098760244034,26.382306477093206,
1040,52.385098760244034,28.22538177988415,17.341359037909168
1041,51.84773463865026,29.71576227390181,18.491717545706987
1042,51.64393156811059,31.57894736842105,12.770261887989875
1043,51.363639626095484,33.4675390035229,13.35746360722302
1044,50.2008486585578,34.774162214667314,14.623218212822222
1045,48.76505280930743,36.044880785413746,15.253175244136731
1046,48.76505280930743,38.70967741935484,12.816865219008712
1047,48.76505280930743,41.561477325853204,13.711995092634087
1048,48.73762283484033,44.517032197853474,9.741682157328626
1049,48.64146490048514,47.426981919332405,6.3605848535363405
1050,48.64146490048514,47.426981919332405,7.60254166644448
1051,48.64146490048514,47.426981919332405,9.033117497694237
1052,49.04230263800247,45.682451253481894,14.828156105722702
1053,49.90163294956163,46.37134778510839,14.884657754615395
1054,50.49867569256009,46.901811248808386,13.213665736068025
1055,50.878710625842736,47.262247838616716,14.749807632497127
1056,51.745256286217256,49.353233830845774,16.402808385511864
1057,52.48604964539679,51.952723535457345,18.90869988865265
1058,52.061405528147866,52.83597342871742,21.662650207228467
1059,52.061405528147866,54.2156361778232,23.049054382531317
1060,50.79516134117172,55.012594458438286,23.04777449824471
1061,49.8988498357334,56.9549822964087,23.426717379360856
1062,50.34135172414722,60.16554578375582,20.48095994717836
1063,50.69789853050186,63.152345809172374,18.60239282546675
1064,50.987443681241814,66.68452062131762,14.410975151858544
1065,52.4886594002617,69.89543203082003,14.55811740895527
1066,52.44093019583176,69.66538672517828,15.40005090457546
1067,52.32929624811098,69.13445835601524,16.03832057324669
1068,51.70106724560281,67.0892762810354,18.525025887592225
1069,50.960273886423266,77.15891670924886,14.911101118877633
1070,49.05129401992959,78.21201758671226,16.075327959525918
1071,47.59621502674163,80.9546539379475,11.40288083629606
1072,47.33010143953807,84.23275457531675,9.025777261429925
1073,46.40327859004985,84.81699051061906,8.705351093090327
1074,45.333915118328136,85.41033434650456,8.742608802636328
1075,44.092237108439505,86.54727197001249,7.962524863307213
1076,42.627064773598306,87.47506980454727,6.574480474620889
1077,40.82974293909677,88.21060663868752,5.74527178045205
1078,38.1864252553863,88.77141815530442,5.014466590614136
1079,37.7346409778943,89.39879046602633,4.60694793562915
1080,37.22336378501511,90.02424662279182,3.782549227487917
1081,36.65008817696194,90.64288118478626,3.7438337809975266
1082,36.01178689347393,91.25040809663729,3.6945636970216094
1083,35.30478519875255,91.84318684792918,3.7388544501938195
1084,34.524585639656685,92.41822072760624,3.808654006746349
1085,33.66561717020545,92.97313256569235,3.8524375424256436
1086,32.72086384265261,93.5061236115067,4.132528381122684
1087,31.681291832452224,94.0159209442767,4.270847267163845
1088,30.534917031353825,94.84536082474227,5.460473963743134
1089,29.265178606171922,95.5227677435767,6.4544511952120125
1090,27.847820339941105,96.06068020552974,6.828202359724498
1091,26.244029588452754,96.47141848976712,7.0915698157640366
1092,27.465164488437722,96.37367915465899,7.178315658056552
1093,29.48401026027692,96.09609609609609,7.224618666889143
1094,30.70796377882702,95.17759917033965,6.829037372299393
1095,31.039041351641455,92.23888450407787,5.311360825276413
1096,31.039041351641455,88.00315706393054,4.822120208243374
1097,31.039041351641455,83.8726650881347,7.144197026558783
1098,31.039041351641455,79.84740857669034,13.034487217771288
1099,31.039041351641455,90.71297027098132,4.04898206520956
1100,31.039041351641455,90.71297027098132,4.020201447754524
1101,31.039041351641455,90.71297027098132,3.920469818686846
1102,31.039041351641455,90.71297027098132,3.810547648687619
1103,31.039041351641455,90.71297027098132,3.6561162913868093
1104,31.039041351641455,90.71297027098132,3.5055140636577864
1105,31.039041351641455,90.71297027098132,3.383616341054746
1106,31.846659924621157,79.69924812030075,12.405440491682096
1107,33.30839376594777,82.99776286353467,7.378916902732627
1108,34.60459078472049,86.37951105937137,5.168876995051606
1109,35.765461237150795,89.58837772397095,4.2916486645231995
1110,36.30160233370887,91.57667386609072,6.377020762508355
1111,36.30160233370887,92.16291268127121,6.66177476117952
1112,36.30160233370887,92.87257019438445,6.855165594938159
1113,36.69351608322353,92.93934681181959,7.384867340370726
1114,36.95980188637077,93.0247106662496,7.878925090733788
1115,37.10605187668376,93.12833385629118,8.292509768085303
1116,37.135161502581994,93.24960753532181,8.75388023275946
1117,37.0476930647366,93.38765277342526,9.295435307851887
1118,36.95980188637077,93.0247106662496,9.839460522003739
1119,36.95980188637077,92.24272755708476,10.563173921588772
1120,36.95980188637077,91.5858617453863,11.39868008468954
1121,36.36994969743404,89.15773353751914,10.55131561375747
1122,35.68452450305354,87.18179095537586,10.052342231381132
1123,36.48647463612764,87.10353081986834,10.870949731788992
1124,37.47191581171979,87.52254960914011,11.98252338782761
1125,37.349757299641645,87.12960191559414,12.198878265545856
1126,37.08300792682947,85.50331525015069,11.135002756860269
1127,37.353198315421174,82.24870149709746,9.768501484487807
1128,37.353198315421174,77.94072716162542,4.613752209318119
1129,37.353198315421174,73.75496486403911,6.202113552733116
1130,37.353198315421174,69.69141460433853,7.624235128739644
1131,37.353198315421174,80.17109685304003,7.76336649905953
1132,37.353198315421174,80.17109685304003,8.065442484071164
1133,37.353198315421174,80.17109685304003,8.358115023165283
1134,37.353198315421174,80.17109685304003,8.665719258003856
1135,37.353198315421174,80.17109685304003,9.00335424432005
1136,38.19043225265506,79.7065251326881,8.69135478321214
1137,39.68280931313633,78.65754317367221,8.601044873160115
1138,40.98589781708701,77.40400951410126,8.22115043303798
1139,42.13835963301575,75.929203539823,6.866615001616988
1140,42.13835963301575,71.36283185840708,4.6483233027902555
1141,42.13835963301575,66.93805309734513,3.9738047043645204
1142,42.13835963301575,62.65486725663717,9.03881891907125
1143,42.13835963301575,68.99115044247787,4.118622977614345
1144,42.13835963301575,68.99115044247787,4.255208799405274
1145,42.13835963301575,68.99115044247787,4.447520804902985
1146,42.13835963301575,68.99115044247787,4.860650250925939
1147,42.13835963301575,68.99115044247787,5.325373333979595
1148,42.13835963301575,68.99115044247787,5.858965134632848
1149,42.13835963301575,62.86725663716814,13.66771102310932
1150,42.13835963301575,67.07964601769912,8.840027863725904
1151,42.13835963301575,71.22123893805309,9.229008460504511
1152,42.13835963301575,75.78761061946902,8.267700319501051
1153,40.98589781708701,77.26809378185526,8.135734298864453
1154,39.68280931313633,78.55979146301726,8.172722552996941
1155,38.19043225265506,79.675304402123,8.529404950210218
1156,38.19043225265506,79.675304402123,9.116604162506505
1157,38.19043225265506,79.675304402123,9.721624681390514
1158,38.19043225265506,79.675304402123,10.321956005755064
1159,38.19043225265506,79.675304402123,10.888897280490395
1160,38.19043225265506,79.675304402123,11.420269464909275
1161,38.19043225265506,79.675304402123,11.91677358861632
1162,38.19043225265506,79.675304402123,12.656953087062389
1163,38.19043225265506,71.2144864189822,17.209484150164656
1164,38.19043225265506,75.36684358413987,16.884377321139347
1165,38.19043225265506,79.64408367155791,14.574744497610396
1166,38.19043225265506,84.04620668123634,9.12486428292222
1167,37.64408820268053,84.78590950501062,9.489352842713206
1168,37.04090726275142,85.52049542907697,9.38018235374566
1169,36.378238521906766,86.2453531598513,9.248063845482168
1170,35.65292095318011,86.95652173913044,8.599085978034939
1171,34.86115648545786,87.65068309670507,8.428220567737124
1172,33.99833370280523,88.32513590473725,7.885034994527512
1173,33.05877604133222,88.97775556110972,7.447088443972755
1174,32.03536966479078,89.60694477935857,6.848272180525662
1175,30.918989770311267,90.51383399209486,6.14952072878047
1176,29.697567545181347,91.28388976025096,6.162891408575213
1177,28.35446316098638,91.92747679689187,6.45949204444871
1178,26.865346612333113,92.45479110372064,6.80850485450566
1179,24.946069487971805,92.80143971205759,6.9602466957651306
1180,22.581011967009694,93.05635699172917,7.216551189727647
1181,20.077574703475655,93.34938866246758,7.412300692807352
1182,20.077574703475655,97.14709151537606,2.8646377683142292
1183,18.258553527298265,97.4097892104323,2.9283587293067463
1184,16.116346492183492,97.58870134343782,2.9643691328552677
1185,13.136652638039287,97.69179674526735,3.0307101971140296
1186,10.972565286233687,97.85187560115422,3.0449698210843814
1187,7.971385463025239,97.94181367997524,3.093424297947706
1188,7.971385463025239,97.94181367997524,3.160425450116377
1189,7.971385463025239,97.94181367997524,3.2219829306533714
1190,7.971385463025239,97.94181367997524,3.2774567728302806
1191,7.971385463025239,97.94181367997524,3.2486688907900083
1192,7.971385463025239,97.94181367997524,3.2982421023485813
1193,7.971385463025239,88.98173939956669,9.544657507349566
1194,7.971385463025239,92.33983286908078,7.949281120635779
1195,7.971385463025239,95.75982667904674,4.44818781264468
1196,7.971385463025239,99.24172082946457,2.3808229744135203
1197,6.208061115907181,99.4311377245509,2.358372416031307
1198,4.189190988298596,99.5511149724877,2.3502337382635763
1199,1.7263595531412619,99.6078431372549,2.3512038061694667
1200,-0.0,99.61432506887053,2.3384046297210506
1201,-0.0,99.61432506887053,2.31652511201964
1202,-0.0,99.61432506887053,2.290717399722387
1203,-0.0,99.61432506887053,2.2764057272161904
1204,-0.0,99.61432506887053,2.2679583029337342
1205,-0.0,99.61432506887053,2.295292786204041
1206,-0.0,99.61432506887053,2.338123120694244
1207,-0.0,99.61432506887053,2.4091367259622256
1208,-0.0,99.61432506887053,2.517608222252865
1209,-0.0,99.61432506887053,2.672509485354276
1210,1.7263595531412619,99.6078431372549,2.855236591559386
1211,1.7263595531412619,96.28851540616246,2.6137789120523287
1212,1.7263595531412619,93.02521008403362,5.29988829498787
1213,1.7263595531412619,89.81792717086834,6.657463744424861
1214,1.7263595531412619,98.43137254901961,2.754594727226938
1215,1.7263595531412619,98.43137254901961,3.089315322328746
1216,1.7263595531412619,98.43137254901961,3.4481389903763597
1217,1.7263595531412619,98.43137254901961,3.8584515557758166
1218,3.0370119579712087,98.40501281686129,4.355312384573151
1219,5.237557751852812,98.2773851590106,4.664365097380683
1220,7.115975381672694,98.08219178082192,5.242848877844034
1221,10.12240784152537,97.99810844892812,5.936298663291315
1222,12.291842053933312,97.84524975514202,6.610174378702743
1223,14.138597169604772,97.61663286004057,7.257225820435553
1224,16.670294360862197,97.42421587524093,8.004096125144766
1225,17.946616542933196,95.48375580149947,6.694324908129349
1226,19.849598867161557,95.18696778970751,7.188181658495112
1227,21.303951110282927,94.72573839662448,7.145582687889383
1228,22.626574425125863,94.15971394517283,6.537260301470185
1229,23.837449498272452,93.4800493624023,7.256714858178957
1230,26.065708719086107,92.9745889387145,8.260127005635672
1231,28.39425427887322,92.66177451634422,9.29618539305284
1232,31.022051717430283,92.32908458864426,10.309029481974543
1233,33.32495125987057,91.97486101039401,11.413484230700572
1234,35.180745321299334,91.50491555331485,12.643874092553975
1235,36.88765410877347,90.95450959768604,13.675662655599362
1236,38.65601327473171,90.38989566172432,14.938204434597125
1237,40.02566567027386,89.50228832951944,15.475185346307587
1238,40.95673318302845,88.18289786223278,16.112559287941785
1239,41.80651885409208,86.66871921182266,16.755758827771484
1240,42.58130156840399,85.20408163265306,17.43255800074293
1241,43.286123377883946,83.83905013192611,19.396034483996637
1242,44.77850043836522,83.09178743961353,20.320180764834568
1243,46.081588942315896,81.85425685425686,20.553205833484142
1244,47.234050758244635,80.40693293142427,19.47393486390065
1245,48.25997902199282,78.73427672955975,20.27246657771491
1246,49.175757798720994,77.51842751842752,21.297296685034876
1247,49.993179160061025,76.27768313458262,21.308642650733685
1248,50.721067807437635,75.02210433244916,21.180268257057634
1249,51.3662113810298,73.76373626373626,25.67064387650202
1250,51.93393100318187,72.51655629139073,27.157268306026392
1251,52.42844975593842,71.29629629629629,26.565739893803748
1252,52.853140243427056,70.12012012012012,27.173095981975703
1253,54.507289126774424,68.81496881496882,28.9673953475297
1254,56.44111597635237,67.1584699453552,27.75302159015283
1255,57.91623934075724,65.25229357798165,28.48552252223677
1256,59.9758931070158,63.31325301204819,23.44170038866418
1257,59.9758931070158,58.31325301204819,19.53313285879946
1258,59.9758931070158,53.55421686746988,14.496513344980023
1259,60.21078554765433,49.877450980392155,17.007691706193352
1260,60.377505760354545,46.09181141439206,14.34996983367195
1261,60.477121810380716,42.25,5.021721810937402
1262,60.510258589207425,46.42857142857143,15.281485260149356
1263,60.477121810380716,46.5625,15.684808959180838
1264,60.51988851506661,45.27238572323106,13.632454236451753
1265,60.624790233599434,42.34404536862004,5.307592280747666
1266,60.53777200006414,39.13587977457733,3.5572807678813496
1267,60.53777200006414,35.06574827802129,3.377505468814018
1268,60.53777200006414,35.06574827802129,3.6638613636306343
1269,60.53777200006414,35.06574827802129,3.985548075533869
1270,60.53777200006414,40.51346274264245,3.3614340247740055
1271,60.036711157157974,41.39420111042566,3.306762926562255
1272,60.036711157157974,41.39420111042566,3.6971268053412327
1273,60.036711157157974,41.39420111042566,4.0908082525571245
1274,60.036711157157974,41.39420111042566,4.295509346145357
1275,60.036711157157974,38.61813695249846,3.9842014277429065
1276,60.53777200006414,40.38822792736381,4.075679191063757
1277,61.36613177374449,41.47909967845659,4.677707006627952
1278,61.999660051672564,42.40631163708087,4.171311442995984
1279,61.999660051672564,42.40631163708087,4.317433044061167
1280,61.68271391049356,41.91033138401559,5.542436485052613
1281,61.68271391049356,41.84535412605588,5.6156529494377745
1282,61.705223689811525,41.37931034482759,6.04819778406816
1283,61.637629961314566,41.218405703175634,6.785955855786515
1284,61.56984194859565,41.05874757908328,7.185600649477174
1285,61.85938709933563,41.86965108624095,7.097104611398823
1286,61.90282533947109,41.914191419141915,7.530976257376888
1287,61.637629961314566,40.116655865197664,7.999591586667891
1288,61.29287716091658,39.77200759974667,8.484549589661542
1289,60.86545448507776,38.817005545286506,8.404326240216033
1290,60.35120926053317,49.25373134328358,7.778247814647198
1291,59.01142102671788,51.847640704945995,6.968033548307628
1292,57.33484882545326,54.186925985953536,6.0104518261857
1293,56.11245689218073,54.65903175429464,5.623294157849839
1294,54.70888620380377,53.110773899848255,5.298952423583629
1295,52.81736515530754,52.05751115518096,6.22210895011289
1296,51.063968546711855,51.36986301369863,5.628624976552282
1297,51.61042866158277,52.92338709677419,4.450951107126653
1298,51.61042866158277,52.520161290322584,3.9302955550518717
1299,51.61042866158277,52.520161290322584,3.5502147121554333
1300,51.063968546711855,50.929549902152644,3.48169981747202
1301,50.431254249783976,49.57386363636363,6.932691608664237
1302,50.08057806719679,46.579804560260584,6.663564467831
1303,50.08057806719679,51.00046533271289,6.978468562057171
1304,50.08057806719679,51.00046533271289,7.536507252583042
1305,50.08057806719679,51.00046533271289,7.613298018137988
1306,50.08057806719679,51.00046533271289,7.726336432724663
1307,50.08057806719679,51.00046533271289,8.081173275719232
1308,50.08057806719679,51.00046533271289,8.695443456245316
1309,50.08057806719679,51.00046533271289,8.729215136313199
1310,50.08057806719679,46.30060493252676,8.548731148673976
1311,50.08057806719679,50.72126570497906,7.814343160356766
1312,50.22012566250571,53.54626585251292,8.000448097490427
1313,50.45618520835108,54.51073985680191,8.43939748215334
1314,49.25904255244073,52.94117647058823,7.952437568880042
1315,47.718571832474154,51.591214701927385,8.998808566544477
1316,46.73045026349752,54.97797356828194,9.328742313049162
1317,47.14938019979576,55.888938647559335,8.714082696004619
1318,49.51629720075406,57.85813630041724,13.043938917302624
1319,50.3255086636511,56.50329877474081,9.430170663214618
1320,50.3255086636511,52.02639019792648,7.776896024422537
1321,50.414230144895924,42.86391654812707,3.532864352859213
1322,50.55033162619396,43.274293920536145,4.323723081602109
1323,50.63176594329715,44.342802118440055,3.2203606174958863
1324,50.65887323570384,44.91075735648818,3.045511892777069
1325,50.003536940788976,49.929676511954995,5.340604558260973
1326,49.64792835776789,49.12199630314233,4.8298696349921935
1327,49.634823412430684,45.79870729455217,2.746039777628519
1328,49.56923521626062,42.50919117647059,6.286868340958708
1329,49.45090833244087,48.40474020054695,4.837400123117629
1330,49.27937664511338,49.45945945945946,5.613438702988685
1331,49.87332126001394,49.568769859282796,6.427128723037956
1332,51.03732713709756,48.57676154923005,6.903904920107083
1333,51.96367251041131,48.63701578192253,7.189545717708848
1334,52.35429014781339,49.177949709864606,7.08911890791881
1335,51.992861686014834,48.01699716713881,7.683473132559528
1336,51.568990656699256,46.737132352941174,8.438767651611892
1337,50.50987594035989,44.72295514511873,7.76216901019197
1338,49.297294339348,52.52100840336134,5.91181937583798
1339,47.89275203024731,54.81154771451484,7.363467771604892
1340,46.69514718571251,55.655226209048365,6.933062744746069
1341,46.69514718571251,55.655226209048365,6.7908109461121
1342,46.32911129681069,55.63352826510721,6.662405717608373
1343,46.33040730665768,55.0965250965251,6.807517867448168
1344,46.77076584953102,55.61184723304754,6.7597820833258515
1345,46.85622291379568,55.62060889929742,7.072313388596821
1346,46.77076584953102,55.455962587685114,7.426538321373152
1347,47.57063400070793,53.11740890688259,6.7242580062501505
1348,48.28549286108564,51.04953820319059,7.688539381435437
1349,48.921402322904214,49.00086880973067,9.249900308463674
1350,50.722251215429246,42.54644313547802,5.7159280996469
1351,52.746245963365176,44.682880305197905,8.567192920918398
1352,54.31508843157285,46.16541353383459,10.80114965615217
1353,55.23321864140838,48.018769551616266,12.47289477322085
1354,55.12921059552256,47.81931464174455,14.118929323447018
1355,54.9195838859856,47.42533470648816,13.366219914900498
1356,52.72934007386936,46.0960960960961,12.246296205079021
1357,52.11094894329824,49.01864573110893,12.844792959008977
1358,51.33523496527388,50.143815915628,12.79086748176406
1359,50.373801400451846,51.21381886087769,11.885510214122766
1360,49.90383486610218,51.22742010189903,12.043496203335176
1361,50.05198193103252,50.35095928872251,11.932053112666209
1362,50.145969197888476,49.64672633066415,12.36530133441928
1363,50.18618143563236,49.126121870571566,11.96685018891721
1364,50.17278187448848,48.7966021708353,11.134556369747596
1365,50.78268232192489,46.157540826128724,9.622717673866372
1366,51.83846392637537,44.28997020854022,5.639529510003693
1367,52.713793954425924,42.32343909928352,4.118826055836975
1368,53.437694036895486,40.273396424815985,3.8695192522762474
1369,53.74889819633126,37.36029803086748,5.932965411185244
1370,53.74889819633126,37.36029803086748,6.563431222270193
1371,53.65991946499571,37.017451084082495,7.490845539438853
1372,53.436495967003,36.33524206142634,8.564820013942022
1373,52.793053807304766,34.776044287871166,11.692689600344444
1374,52.05151236926557,33.96409509946628,13.273590179707565
1375,51.202012110618014,43.0237984134391,7.953726053089278
1376,51.73159427351279,44.4648598989435,6.85599397893239
1377,51.73159427351279,44.4648598989435,8.219038529799915
1378,51.81058981464837,45.46735556599342,8.576887550131298
1379,52.905137965298024,47.450980392156865,8.770732854193687
1380,53.338247684420104,48.20717131474104,9.7414349367161
1381,53.65686959034595,48.79032258064516,11.867840798706474
1382,53.21045824263685,47.90419161676647,12.184137208368915
1383,52.55370024333927,48.425196850393704,14.875636786277877
1384,51.640099127025174,49.274661508704064,16.306861697206834
1385,50.364823785215115,50.09469696969697,17.816397218804315
1386,49.50314405654875,50.49134300421151,19.911259863078495
1387,49.43801549526835,50.72328511432571,21.440352035129127
1388,49.285370376118024,51.27491886879926,21.675302868470048
1389,49.04353618364814,53.28132170720514,23.089229343578296
1390,48.709750992225445,55.13807152557718,22.885779773748673
1391,48.27995946231622,56.653315531820205,23.619311621007757
1392,48.45149114964371,60.33318325078793,17.961284190472345
1393,48.56981803346346,64.04902405810259,15.366096086776164
1394,48.635406229633524,67.76105791153671,11.774966509259219
1395,46.903590019442255,68.62312444836716,11.30224295402934
1396,46.22232577051677,69.57081545064378,12.050028086994194
1397,45.430757474242355,71.10741049125728,14.002776432544525
1398,44.51551226870097,72.48186946011282,13.169124119123557
1399,43.457293503284255,73.6964980544747,12.96231100688686
1400,42.22635847792776,74.75618904726181,12.77294130227324
1401,42.22635847792776,78.61965491372843,9.024130369855692
1402,42.22635847792776,82.63315828957239,3.6981091526132124
1403,41.53158148572232,85.13065881486934,2.239686900312124
1404,41.39337437602298,85.26085370302809,2.0601220189349236
1405,41.208450244547315,85.4309412188965,1.8556708367692405
1406,40.97623840026841,85.63810878066121,2.486395836024098
1407,40.69600554641695,83.32750786438308,3.485728827404248
1408,41.799118775216556,85.305684662138,2.7850006978207196
1409,42.69726513402229,87.12148850784385,3.521690997873722
1410,43.427735560099855,88.67434088377274,4.738203378085334
1411,42.90248896371617,88.21573697820466,4.610739499089992
1412,41.97322396406874,88.12751923781605,4.641201363109308
1413,40.1377881444142,87.93040956868431,4.801775402909706
1414,40.481004231741366,87.44049798608569,4.361996648304876
1415,41.92123101293442,87.06800445930881,4.199230399422514
1416,43.521354731554766,86.69950738916256,3.842352785902824
1417,44.6434218476234,86.20423892100193,3.553665497814417
1418,45.472478825947874,85.58030480656507,3.397024522438039
1419,46.07690414668749,85.14421177400237,3.304910370357879
1420,46.490875289434676,85.02588610115492,3.3526805754087126
1421,46.73297981905212,84.67386954781912,3.2185715307520355
1422,46.57070206179069,84.33638899960144,3.113116830241324
1423,46.27442896075895,83.73565492679066,3.0018508590825763
1424,45.836337199697645,82.88288288288288,2.966068092627428
1425,45.56029111899338,84.85792137018295,3.664080115328046
1426,46.053222186362994,73.40808970764918,8.193340940251051
1427,47.80288924826438,77.2367873491469,5.5151315436387085
1428,49.85746573107924,80.80454744206384,3.152773571901742
1429,51.45797319651003,84.80954566314823,3.707011229245232
1430,51.74980762021739,84.61538461538461,4.069674450981857
1431,52.18002782871387,85.4368932038835,5.968015499515744
1432,52.250573363899,84.72929199444701,6.487639668741093
1433,52.036896133246856,84.49469312413474,7.773820789476658
1434,51.51164953686318,83.9523154516277,9.936070364478343
1435,50.58238453721574,83.4770767135724,10.372149657447945
1436,48.7469487175612,83.2064487236901,11.029819458951655
1437,47.97959759156008,83.26693227091633,11.733985288891159
1438,46.83743992153408,83.20976886175316,12.336360868201231
1439,44.81197316307182,83.04068522483941,12.551048140965811
1440,45.3277876934678,82.10665491405906,12.083238477883064
1441,45.77456304560685,81.1849841700588,12.318769811738315
1442,46.155053432632585,80.28690421101342,9.979581320004032
1443,46.4714623357952,79.42425672487022,9.83422290563653
1444,46.72553033936646,78.60911270983213,10.025369638986616
1445,48.27214591629007,77.77777777777777,9.432722436054975
1446,50.724389461451544,76.81982447083118,10.332937163265651
1447,52.58033408152792,75.74123989218329,8.650279664292793
1448,53.97402312882959,74.45255474452554,9.369721437700758
1449,55.092625257894035,72.94460641399417,8.675573346208838
1450,56.00710974143853,71.69583584791792,8.894791204398953
1451,56.40017555196676,69.2826486817903,9.706899966141924
1452,56.34828870637053,65.18020769700672,9.474364131393965
1453,56.22687757504572,61.05390672319806,6.768671830527196
1454,56.035107822345076,56.96353855349671,9.300304572808406
1455,55.77162701306734,64.94421608925425,9.81173129501784
1456,55.434504651851526,65.13497989661114,13.104710553702231
1457,55.02114054302376,65.47285954113039,13.504559551182318
1458,54.52812967101488,65.94242259641499,14.240553364478947
1459,53.95106392574309,66.52653704676825,15.488555205020997
1460,53.284237143647715,67.20729853015712,15.96794000158447
1461,53.011184087878945,67.06527154957648,17.116824179385866
1462,53.0590044121204,65.98503740648378,17.239345994905324
1463,52.914918970278805,64.84336151168573,16.243750042002073
1464,52.57107012353204,64.0,14.725195276484042
1465,52.57107012353204,64.0,15.359192171175755
1466,52.57107012353204,64.0,15.89771277433271
1467,52.31832917743511,63.68550368550368,16.969178741210694
1468,52.09773567847559,62.30392156862745,18.09601145296604
1469,52.20174372436141,60.23622047244095,14.114293077187977
1470,52.201743724361414,58.12007874015748,10.106584119737777
1471,52.0977356784756,58.03921568627451,9.550955382031168
1472,51.46384339611756,54.640151515151516,5.680211981538987
1473,50.742278921693654,52.737226277372265,4.7674876903317385
1474,49.92543864733034,50.78947368421053,4.466797076895291
1475,49.47827144033598,49.80661796304254,4.826154816821979
1476,49.625586834504446,48.90228153250108,4.138250946185681
1477,49.75917820505235,48.16731349719707,4.756290794701963
1478,49.625586834504446,47.73999139044339,5.5688420971039765
1479,49.21027184465785,47.49464668094218,5.653362029163938
1480,48.45760869878591,47.43099787685775,5.826277068068064
1481,47.191364511809766,47.67100293747377,6.858737844975248
1482,45.83907958650421,47.11976792374637,7.4718190654666525
1483,45.564711127627824,46.147507210548,7.165534980878325
1484,45.12163035898241,45.73295222539812,7.242764100891994
1485,44.49068741503414,45.17950786607503,6.9932267424584245
1486,43.63728066412624,46.08661104489472,7.381066281695121
1487,42.49270376873963,46.85914943425673,7.995446560469465
1488,42.92622807211665,49.82007197121152,7.612332076545872
1489,43.29976670294598,52.92194523906824,6.285497372819993
1490,43.61509933952086,56.143273635985004,6.882986503592815
1491,42.83074366009962,57.747636662556516,8.959168443979511
1492,44.56524782373737,56.28485628485628,5.863734703554264
1493,45.96531324666637,54.67143495753241,6.013204679509147
1494,48.037875360059914,53.07835820895522,6.175188424905496
1495,49.95940817630636,51.51072124756335,6.461601841042991
1496,51.421708532037826,49.796747967479675,6.513128923879149
1497,52.61223764416153,47.938689217758984,6.331520561998773
1498,53.60230204587045,46.38157894736842,8.190716662510178
1499,54.42968280241679,45.35147392290249,10.233107492393776
1500,55.11748104136981,44.50934579439252,12.654592406930162
1501,55.68095755725901,43.884892086330936,16.23433537033405
1502,56.13062497195258,40.379901960784316,19.537188286236592
1503,56.47384105927975,43.266832917705734,20.004589523810353
1504,56.715699249438366,46.275252525252526,17.099821726500384
1505,56.85954784227485,49.36386768447837,17.129607430220304
1506,54.7821759920565,50.86526576019777,19.25229686811479
1507,54.7821759920565,51.85414091470952,20.544447953780736
1508,54.69023249097611,54.36654366543665,21.61786471730486
1509,54.50523710826201,57.30816077953715,22.053627618035996
1510,54.22489058059465,60.14405762304922,19.422898910094084
1511,53.845521737604464,62.4263839811543,18.220750551624377
1512,53.65144919191195,63.67869615832363,21.47059723208867
1513,53.377392941436796,65.06300114547537,18.30009726917754
1514,53.02084613508218,66.55443322109988,18.166004557724488
1515,52.57834424666834,68.12705366922235,17.426680224866924
1516,52.045234654008674,69.75505857294995,16.933696706647613
1517,51.41532198316454,71.41382868937049,17.526763333876357
1518,50.68030881487886,73.72881355932203,17.585893821997804
1519,49.82887461073069,75.79250720461096,18.355676096007866
1520,48.845058730715444,77.6084949215143,17.313785133768697
1521,47.705149723808596,79.18511957484499,16.962477189895107
1522,46.95795195595611,81.22326775021386,13.973928264258497
1523,46.11010763639728,83.01731244847485,13.150882228376535
1524,45.149969382644485,84.57573354480571,12.503296195914828
1525,44.445832658995776,86.7358708189158,10.351508110711976
1526,44.05088719125957,89.48554262110402,8.116598659040925
1527,43.60031161645031,91.98682766190998,6.971677748382738
1528,42.39350773046906,92.63416345142055,7.089807159243387
1529,41.0187901743811,93.38259993281828,7.165922499965308
1530,39.42470498655427,93.95692703310833,7.128996505933956
1531,37.5023477574324,94.37442360897633,7.036410672519775
1532,35.59336998961422,94.81895790403297,5.516037003820179
1533,33.95156410776364,95.28648038385549,4.722379915515604
1534,31.982727097915813,95.61806870435488,4.472286962203568
1535,29.172722435076942,95.82793469810832,4.451248484486853
1536,27.59666607351837,96.2640099626401,4.139875676665816
1537,26.94851018168117,96.3671591184306,4.207806883699059
1538,26.244029588452754,96.47141848976712,4.205533106139458
1539,25.480247719090908,95.68591645742981,4.881514784643926
1540,24.6536252464301,96.81345430404957,2.780218799555819
1541,23.759910443512773,97.79206859592712,2.404710786534464
1542,22.79392882596614,98.63042124922183,1.9005402466612127
1543,20.61562759228347,98.67920752451471,1.9085162791883066
1544,19.522746393332664,98.72216844143271,1.9350981701861
1545,18.33833483472798,98.76427635274293,1.9605650908743257
1546,17.05026530492479,98.8054298642534,1.9823681430926459
1547,15.641842702042474,98.84554836452685,2.0014390106312456
1548,14.088684996012587,99.0028730775731,1.9840175382357375
1549,12.351861486878214,99.21632653061225,1.9266610193326348
1550,10.359029128245753,99.3534142879672,1.9159808074111198
1551,7.921788301071479,99.42117288651941,1.9048886245628605
1552,5.237557751852812,99.49941107184924,1.891989903628842
1553,3.0370119579712087,99.58701224722302,1.8765575793198912
1554,-0.0,99.61432506887053,1.857872232738261
1555,-0.0,99.61432506887053,1.857872232738261
1556,-0.0,99.61432506887053,1.857872232738261
1557,-0.0,99.61432506887053,1.857872232738261
1558,-0.0,99.61432506887053,1.857872232738261
1559,-0.0,99.61432506887053,1.857872232738261
1560,-0.0,99.61432506887053,1.857872232738261
1561,-0.0,99.61432506887053,1.8546877978646896
1562,-0.0,99.61432506887053,1.851332905189776
1563,-0.0,99.61432506887053,1.8478651298463005
1564,-0.0,99.61432506887053,1.8443304724064025
1565,-0.0,99.61432506887053,1.8407359500758134
1566,-0.0,99.61432506887053,1.837088009897132
1567,-0.0,99.61432506887053,1.8333933536588265
1568,-0.0,99.61432506887053,1.829659195606462
1569,-0.0,99.61432506887053,1.8258925883527684
1570,-0.0,99.61432506887053,1.8221051036088363
1571,-0.0,99.61432506887053,1.818309795452418
1572,-0.0,99.61432506887053,1.8140837722649672
1573,-0.0,99.61432506887053,1.806149844935992
1574,-0.0,99.61432506887053,1.7907649383937159
1575,-0.0,99.61432506887053,1.7644635594698204
1576,-0.0,99.61432506887053,1.7312052485814524
1577,-0.0,99.61432506887053,1.6972065280865896
1578,-0.0,99.61432506887053,1.662179935485541
1579,-0.0,99.61432506887053,1.625936804246926
1580,-0.0,99.61432506887053,1.5883845620417458
1581,-0.0,99.61432506887053,1.5464256548608533
1582,-0.0,99.61432506887053,1.4959010545502016
1583,-0.0,99.61432506887053,1.4331508101262214
1584,-0.0,99.61432506887053,1.3516350443776335
1585,-0.0,99.61432506887053,1.2608985714871481
1586,-0.0,99.61432506887053,1.1970458626985074
1587,-0.0,99.61432506887053,1.5906358297454986
1588,-0.0,99.61432506887053,2.5386260222919104
1589,-0.0,99.61432506887053,3.8248643168783016
1590,-0.0,99.61432506887053,3.901118736662184
1591,-0.0,99.61432506887053,3.9753341093266785
1592,1.7263595531412619,99.6078431372549,4.034657383950387
1593,4.189190988298596,99.5511149724877,4.104301682399791
1594,6.208061115907181,99.4311377245509,4.167041844188132
1595,7.971385463025239,99.24172082946457,4.234437477491853
1596,9.551523848511046,99.10428662827896,4.340923791792243
1597,10.987424673037834,99.07438016528926,4.4310030473492015
1598,12.303488665441556,99.04371584699453,4.55083617383693
1599,13.516430700908893,99.01234567901234,4.720897602463397
1600,15.772049798254617,98.97735573411249,4.904047302993255
1601,18.148797381605355,98.88130451270384,5.092424959982911
1602,20.079998400478647,98.7007874015748,5.288605403210822
1603,21.754008787713285,98.42664487127094,5.464885066617655
1604,23.045285813995697,97.883149872989,5.3776893205550955
1605,24.037288615103286,97.04595185995623,5.336092189734916
1606,24.953736750955947,96.06690777576854,4.10492628834447
1607,24.953736750955947,91.9755877034358,2.5692148765132536
1608,24.953736750955947,87.9746835443038,4.674427862159538
1609,24.953736750955947,84.06419529837251,8.125825088923062
1610,24.953736750955947,94.16817359855335,3.6128525140038827
1611,24.953736750955947,94.16817359855335,5.446941181211587
1612,24.953736750955947,94.16817359855335,5.79849226794048
1613,24.953736750955947,94.16817359855335,6.170959839189171
1614,24.953736750955947,94.16817359855335,6.562353881367066
1615,26.59803173012203,94.04569582275559,6.840529509812764
1616,28.894343589607253,93.72143372624488,7.156057146931192
1617,30.74340107822227,93.2815241915267,7.581647946698114
1618,32.33348591028184,92.71350221990076,8.153294040238322
1619,33.736815706011654,92.22192004351373,8.677279408568035
1620,34.99218756057998,91.90489668836683,9.33516277475146
1621,36.12384098967906,91.58080659405357,10.104449301153478
1622,38.2434407623054,91.21351766513057,10.593155877758578
1623,40.43895199043616,90.69842291599613,11.170736667618382
1624,42.18470736578253,90.02359285473543,11.637879405145206
1625,43.66886094707228,89.1710758377425,11.252091594996516
1626,44.963492643056,88.4175580966433,11.607764143639415
1627,47.661883501945034,87.77648428405122,11.877991664355022
1628,48.64185796079821,84.79904496617588,9.346120850796108
1629,48.64185796079821,79.74532431356944,5.706645681603007
1630,48.64185796079821,74.85077596498209,5.363864561871015
1631,48.64185796079821,70.11539992041385,7.165747645362432
1632,48.64185796079821,81.81456426581775,8.656317949138984
1633,48.64185796079821,81.81456426581775,8.864548385053183
1634,48.64185796079821,81.81456426581775,9.061847758206035
1635,50.18650755394044,81.33169934640523,8.921284374461962
1636,52.27956233993037,80.20654044750431,7.473877415352398
1637,53.919831888873624,78.84963768115942,6.802037858829096
1638,55.29528513247301,77.23809523809524,6.902032748361591
1639,56.47779929494838,75.75,7.057579159564662
1640,57.505800074184855,74.58071278825996,7.11603771227683
1641,58.403120657073856,73.41008771929825,7.054472871910263
1642,59.185858064720485,72.25400457665904,7.492312733034234
1643,59.865486310954594,71.13095238095238,7.453790380042738
1644,60.450476368521514,70.06172839506173,7.2431858237886155
1645,60.947220908002464,69.0688775510204,6.87511975475604
1646,61.36059813355779,68.1758530183727,8.504058728352767
1647,61.694332122771,67.40591397849462,9.06074575623144
1648,61.951230436752034,66.78082191780823,9.519142743535914
1649,62.133343186146796,62.083333333333336,13.346356273875672
1650,62.24206884149882,66.73669467787114,9.993896948738424
1651,62.278221597161846,71.34831460674157,7.215824710640235
1652,62.24206884149882,75.84033613445378,5.428705766253953
1653,61.89148499598818,77.05479452054794,4.347070904851721
1654,61.44579128665261,78.33333333333333,4.3549710599086255
1655,60.89921354149026,79.65116279069767,4.605852968328988
1656,60.24381898269786,80.98503740648378,5.488932659172376
1657,59.46860486042075,83.09352517985612,7.527644411971036
1658,58.557889178192625,84.88505747126437,9.264208699343625
1659,58.27280737136918,85.85915492957747,9.93755873337469
1660,57.86212330680775,84.71372984991662,9.19964581118329
1661,56.93577793349402,82.33387358184766,7.722569979260556
1662,57.13383702724706,81.2366737739872,7.457135196094178
1663,56.7119684363449,80.97768331562168,7.7531554791493775
1664,54.86467298088081,79.25117004680187,7.690785089327929
1665,53.53219519438088,76.62141779788838,8.278454614467744
1666,51.73446982610097,74.26078526417838,8.532808418278409
1667,50.333125116628466,71.5168806466952,9.049884019030022
1668,51.73446982610097,75.2302472127969,10.842757894864736
1669,53.53219519438088,74.56008044243339,10.688008132272637
1670,54.86467298088081,73.73894955798232,10.816394273916943
1671,55.91874725142736,72.76139410187668,11.754061621603928
1672,56.245738724544104,69.70350404312669,12.539137892667219
1673,55.960691628024136,68.30427892234549,14.422165143558042
1674,55.61248675185458,66.6838576585869,17.16220186707491
1675,55.199161337378925,64.87706974410436,20.921269275455707
1676,54.32797793585383,79.46127946127946,12.651595809983924
1677,53.33604817445341,80.34974689369535,12.748925663482034
1678,52.203867031867915,81.23076923076923,11.067141003344506
1679,50.90150492577583,82.64150943396227,9.88141275446869
1680,49.3776417724643,83.81941669996004,9.544214975236978
1681,47.5234955092781,84.78508938759985,9.655524573573937
1682,44.82510465038907,85.55917480998914,9.086860457875416
1683,43.53047295440535,86.42189123657776,8.491881530734817
1684,42.046319373115594,87.37992712818814,7.776635078162994
1685,40.30056399776921,88.16081038303261,7.098783761617698
1686,38.105052769638455,88.78137284547928,6.859767243276444
1687,35.81009410705851,89.4356005788712,6.6101978218723225
1688,34.26312568811284,90.11934499028587,5.7620504631584355
1689,33.55484264807574,90.63761097659403,5.608502095806509
1690,32.78245579629421,91.14352696014588,5.574921794347865
1691,31.941769669256715,91.63517258755354,5.322930278110247
1692,31.02766236649134,92.62235208181154,5.1913423406607055
1693,30.03378078051814,93.6515400893487,4.788874766840495
1694,28.95208117643301,94.5314272747901,3.8803718566913403
1695,27.772102982581647,95.27248850952068,1.8356427408342861
1696,27.772102982581647,95.27248850952068,2.1670591793140725
1697,27.772102982581647,95.27248850952068,2.173492101140372
1698,27.772102982581647,95.27248850952068,2.1393956744767766
1699,27.772102982581647,95.27248850952068,2.2921772733418404
1700,27.772102982581647,95.27248850952068,2.3865715240796344
1701,27.772102982581647,95.27248850952068,2.500799328688831
1702,27.772102982581647,95.27248850952068,2.633777624421424
1703,27.772102982581647,95.27248850952068,2.7624914991801996
1704,27.772102982581647,95.27248850952068,2.8986048197116023
1705,27.772102982581647,95.27248850952068,2.9375541419469102
1706,27.772102982581647,95.27248850952068,2.910962846606291
1707,27.772102982581647,95.27248850952068,3.0328700405166087
1708,27.772102982581647,95.27248850952068,3.4526703002396686
1709,27.772102982581647,95.27248850952068,3.589357055537248
1710,27.772102982581647,95.27248850952068,3.7491369610787357
1711,27.772102982581647,95.27248850952068,3.9318025439037885
1712,27.772102982581647,95.27248850952068,4.140762134242105
1713,27.772102982581647,95.27248850952068,4.3373453152780135
1714,27.772102982581647,95.27248850952068,4.5214876292745805
1715,27.772102982581647,95.27248850952068,4.709565910407425
1716,27.772102982581647,85.09520682862771,11.08950673009615
1717,28.490203338110852,88.7129154583984,7.88776775885246
1718,29.8206226167107,92.1241602965022,6.577566992609234
1719,31.02908393008891,95.62394806443857,4.1804802492905155
1720,30.276420784216963,95.1663077291218,4.488805998317604
1721,30.05261080335999,95.51205538314633,4.353123218339986
1722,29.63846338490984,95.93534585215117,4.2905656629251645
1723,27.82582792607464,96.01790763430726,4.287075948486075
1724,25.80036116761238,96.08026131591227,4.261596042124124
1725,24.674434799692126,94.43684450524395,5.895437490279053
1726,22.934211210717205,90.87719298245614,7.042223898484287
1727,20.869229111875647,87.43146351750316,9.995794486940879
1728,17.96524917371215,84.10381184103812,13.439710729310203
1729,17.10096089097604,95.17906336088154,2.8566253798799135
1730,16.170357449286655,96.06870229007633,1.8224980009211769
1731,15.16823293065967,96.83684794672585,0.8031265637186243
1732,14.088155445306416,97.4910394265233,1.1766315352642462
1733,14.088155445306416,97.4910394265233,1.3721002794387145
1734,14.088155445306416,97.4910394265233,1.57745572507923
1735,14.088155445306416,97.4910394265233,1.7917419855192256
1736,14.088155445306416,97.4910394265233,2.015061561579374
1737,14.088155445306416,97.4910394265233,2.2487147952584334
1738,14.088155445306416,97.4910394265233,2.48943689850405
1739,14.088155445306416,97.4910394265233,2.736901231711532
1740,14.088155445306416,97.4910394265233,2.989718218343385
1741,14.088155445306416,97.4910394265233,3.315279851723142
1742,14.638399322788548,97.17771303714494,3.7116681756154613
1743,15.678604147459765,96.46749342352499,2.703306295035652
1744,16.64424935008254,95.63953488372093,3.0196284050440756
1745,17.541107850748812,94.68637634838194,2.446612656507263
1746,18.373893986906367,95.39094650205762,4.013890664936541
1747,20.42141879769827,95.22998296422487,4.166783398608823
1748,22.737279251890268,94.97120070890563,4.1898615828669605
1749,24.60632229224174,94.60829493087557,3.782206621896749
1750,26.21684961654383,94.13033061811213,3.7205170542978347
1751,27.641100231652132,93.72509960159363,4.2686444209214525
1752,28.917894157051943,93.48163476461458,5.080490144209404
1753,30.071495521495972,93.23308270676692,5.7490840429380565
1754,31.118473659801815,92.98050139275766,7.306855828964809
1755,32.07082183182777,92.72517321016166,8.383263434872266
1756,32.937583731697714,92.46861924686192,9.015542618321337
1757,33.72578597183085,92.21260815822002,9.46402549687704
1758,34.44101114574376,91.95915762603701,10.042534547989172
1759,35.087769237198714,91.71052631578948,10.858036563858342
1760,35.66974861056215,91.4691943127962,11.59926601528682
1761,36.21168170589699,90.32707028531664,11.864081183081158
1762,36.71385641196559,88.10714285714286,10.752660469523091
1763,37.1562514517838,85.66203365032919,8.750573876257958
1764,37.540924011833255,82.99701046337817,6.785823723174299
1765,37.86956830209505,85.07235338918507,8.873252747820775
1766,38.143566886181,84.82972136222911,8.880555852568659
1767,38.364029388462406,84.62745098039215,8.582176215587204
1768,38.63657308113534,83.32006369426752,8.056690169970839
1769,41.1634441254743,82.58706467661692,7.902247750284738
1770,42.84001632673892,81.68103448275862,6.704008710150981
1771,43.67874371764803,79.73451327433628,5.008110054159912
1772,44.421585964539325,77.65185856754306,4.270327182277266
1773,45.5057666396757,76.28865979381443,3.510833253215395
1774,46.41091684883682,68.5024154589372,3.0250513265681196
1775,48.19220020183302,70.6939590614079,3.243608775545605
1776,49.95853449042176,73.15054319710295,3.7467056361431674
1777,51.25787549809498,75.46766435061464,3.444967740496696
1778,52.3764776271594,73.9612188365651,3.694136041467066
1779,53.29096211070391,72.6960503720664,4.115864600381136
1780,54.0387184448738,71.89157336476134,4.0872223856625185
1781,54.64238953406546,71.17824773413898,4.035339779373783
1782,55.116695222794974,69.40160394818014,4.666886396154246
1783,55.47150321525668,72.47648902821317,4.125297352389613
1784,55.71339385405258,75.52314521242866,2.683462686867604
1785,55.846511525836625,78.49393746011486,4.390822818952318
1786,56.088345718306506,78.18770226537217,4.303571934473823
1787,56.24099083745684,77.98824297844546,4.504689948465156
1788,57.58102226789947,77.51834556370913,4.600542661232775
1789,59.15945566537491,76.53554175293306,4.155187381977216
1790,60.25812915340947,75.33759772565743,3.8571149749715476
1791,61.061798663186494,73.92571012381646,3.170053344325565
1792,63.059512240102464,73.0682670667667,3.729002347394822
1793,64.17106427972759,72.02152190622598,4.084091886984042
1794,64.9043029205612,70.79091620986688,4.058601171624584
1795,65.36025459318941,69.38937351308485,3.9139540362800522
1796,65.58011780626357,69.19393455706305,3.9719818831049447
1797,65.58011780626357,69.19393455706305,4.175195400027099
1798,65.36025459318941,69.38937351308485,4.5569148028425435
1799,64.90430292056121,70.79091620986688,5.013930458567414
1800,64.1710642797276,72.02152190622598,5.263126989802045
1801,63.059512240102464,73.0682670667667,5.266278609537707
1802,61.061798663186494,73.92571012381646,6.061069666350967
1803,61.061798663186494,73.92571012381646,6.579801964357623
1804,60.95779061730068,72.91817523533672,7.112136492599394
1805,60.74816390776372,75.87687902648533,7.888224410864246
1806,60.42954200183789,78.60661505981703,7.625302439334759
1807,59.99643228271581,81.07364074328974,7.748328110555448
1808,60.0094696665421,79.6831955922865,9.074177607983803
1809,60.51515515610038,78.02816901408451,10.059889218292621
1810,60.634901969610844,75.12367491166077,11.807959038493657
1811,60.40988467738877,71.12038970076549,11.490562651435962
1812,60.099825514583884,67.14383094751193,14.085396847564418
1813,59.7015124646433,63.25581395348837,21.074252522817194
1814,59.210509673932336,75.56415215989684,12.52278686069626
1815,58.62080924083208,76.7601246105919,11.900217551953999
1816,57.9242769763098,77.98440311937613,12.079589394547947
1817,57.109735338878174,79.21704087507196,12.085941445605107
1818,56.16134966489238,81.15702479338843,9.099381428434958
1819,55.055520058276066,82.79852709100473,8.143471281877275
1820,53.75402919184546,84.16040100250626,7.653021450530121
1821,52.18518672363779,85.26466380543634,6.745149618970976
1822,51.30345052900539,85.85812356979405,6.348180605934228
1823,50.30132884319306,86.45330995177554,5.775924064698301
1824,49.15929277736629,87.04402515723271,5.204709278457293
1825,47.847391173990125,88.1457749299159,3.98622814740122
1826,46.31428438197959,89.03324417271685,3.525278137005677
1827,44.451172537482655,89.72677595628416,3.187220968666567
1828,41.74407791328336,90.24644220756682,3.0427062857020437
1829,40.2497289788695,91.15397406052544,3.342702148772044
1830,39.17266690823482,92.23394055608821,3.474358023136325
1831,38.27155013182602,92.2142634693242,3.69279219400903
1832,36.08130631970977,90.633608815427,3.957175974005257
1833,35.27233078806372,89.3751886507697,4.7454038114669315
1834,34.25334470902548,87.94178794178794,5.444923630349435
1835,32.954003701352256,91.77602799650043,3.7077986843301485
1836,32.954003701352256,91.77602799650043,3.617379984432898
1837,32.954003701352256,91.77602799650043,3.491312449718873
1838,32.954003701352256,91.77602799650043,3.334804606383674
1839,32.954003701352256,91.77602799650043,3.1487565366645835
1840,32.954003701352256,91.77602799650043,2.929659377873524
1841,32.954003701352256,91.77602799650043,2.676096073008929
1842,32.954003701352256,91.77602799650043,2.4004389882849773
1843,32.954003701352256,91.77602799650043,2.12975214247031
1844,32.954003701352256,91.77602799650043,1.8896759638360516
1845,32.954003701352256,88.71391076115485,4.079563945865273
1846,32.954003701352256,90.43452901720619,4.143998377618396
1847,32.954003701352256,92.27179935841353,4.446146407436835
1848,32.954003701352256,94.22572178477691,5.593073144548827
1849,31.866792651978994,94.58607848753938,6.662406609289643
1850,31.866792651978997,94.58607848753938,7.104074726134773
1851,31.187669412763512,94.36981994855672,7.09419305083784
1852,30.93643225823277,93.83720930232558,7.36621769697635
1853,32.12249138233738,93.02957151478576,7.78499293961816
1854,33.182991462270216,92.58448060075094,8.422999061735286
1855,34.13437480583033,92.12572909915748,9.109732546789202
1856,34.988497111664465,91.65549597855228,10.642955133508206
1857,35.75425277767388,91.17647058823529,10.799975931722237
1858,37.63687459868516,90.73275862068965,11.321294036114658
1859,39.70130600474129,90.21005251312828,11.820009196401125
1860,41.31200539458397,89.51486697965571,11.523659040505635
1861,42.65687690330442,88.63080684596576,11.249873595517286
1862,43.80772606855668,87.88135593220339,11.037590436661487
1863,44.80289899861061,87.42304309586632,10.435703911296818
1864,45.3320564660336,85.23035230352303,8.540076236309556
1865,45.783090566619045,74.28307123034227,3.8371543709566853
1866,46.036727819544886,75.36367902393242,3.889407521150069
1867,46.36385611387051,76.73196368848542,3.523557890558343
1868,46.89027801479825,78.49462365591398,3.705143700237221
1869,47.43779813542183,80.05982053838484,4.435606159297585
1870,47.76600613601108,81.3508064516129,5.812890979433834
1871,48.291121411889556,79.28719008264463,4.840458497548039
1872,48.720040092231,79.21940928270043,5.288486339770351
1873,48.884172417345646,77.03349282296651,5.366286339706137
1874,48.80454799496919,72.97726070861978,5.467037372222503
1875,48.66074310646976,68.88423258250393,6.1969743075406765
1876,48.451916091820856,64.8062015503876,8.14144202363804
1877,48.17681141343842,75.26663280853225,7.004799193635075
1878,47.83371199466741,75.68373943311785,8.522904169474447
1879,47.42036955158054,76.17661329451722,9.471584515478973
1880,46.93390524496565,76.73430863614912,12.212552492757592
1881,46.37066837725213,77.34553775743707,12.837093213959223
1882,45.726033110361975,77.9991146525011,13.245589990466122
1883,44.99409941635438,78.68432293891499,14.71566423311733
1884,44.167238551107715,79.39119703825587,15.418749839939855
1885,44.76604542042639,79.65139845966762,16.263086003872655
1886,45.80847962654556,79.37933850551245,17.49351957196114
1887,46.29701846468611,79.00779007790078,18.238910794652707
1888,46.389659170410624,79.072630283135,19.218758910122784
1889,44.87518525477285,75.4798276537407,18.20782978918655
1890,43.03014147839725,71.98356369069855,18.739409057691216
1891,40.9050262275614,70.66373303997067,19.155842119235427
1892,41.49122599755976,68.32955404383976,18.327217187957746
1893,42.09209879688343,65.97817614964926,15.983414333573037
1894,42.62400021281618,64.11387329591018,13.521469822593545
1895,43.09012270727225,61.56378600823045,12.094888199168926
1896,43.493065275770334,61.668070766638586,11.866960454002959
1897,43.67152057280173,59.429544487015754,8.270877852372033
1898,43.67152057280173,55.47041294167731,4.068859217574951
1899,43.67152057280173,51.68156662409536,4.873197036427488
1900,43.67152057280173,48.063005534269905,6.30964076620779
1901,43.67152057280173,55.51298424861643,5.7534003653050725
1902,43.67152057280173,55.51298424861643,6.763980370581614
1903,43.67152057280173,55.51298424861643,7.91663210679872
1904,43.67152057280173,55.51298424861643,9.13143237252102
1905,43.67152057280173,55.51298424861643,10.34346422768486
1906,43.67152057280173,47.76500638569604,11.598380299913856
1907,43.83493890937655,50.0859845227859,13.054157568097509
1908,43.98352053874613,50.54229934924078,14.646396989691087
1909,43.98352053874613,50.54229934924078,15.90636834280189
1910,43.78513918218033,49.29214929214929,16.82676351137961
1911,43.33836383004128,47.634993721222266,18.57112702167833
1912,42.8225492996453,56.65987780040733,17.812997957256734
1913,42.23426853349766,58.40253064452353,16.214724779447494
1914,41.56924944578086,60.16851780926848,13.422908980871249
1915,40.822126656144206,62.421325435024066,11.129503707228086
1916,39.98607241843141,64.48731689889246,12.22044081398931
1917,39.052225573581914,66.29948364888124,9.239256241577618
1918,38.0087608111231,67.87015568068897,8.292372179129018
1919,37.533581348134874,68.48563125605425,7.803378016701344
1920,37.00335155693607,68.48884699968583,8.10027613409299
1921,36.415860717083945,70.76594446139762,7.58896383578664
1922,35.768479676691925,72.86179343000887,6.940834803846647
1923,35.05806753522978,74.77787331613644,6.845532831463839
1924,34.06713353682762,76.28524046434494,6.569485468101229
1925,32.741489283550884,77.40308019118429,5.81175360455396
1926,31.251018127498924,78.37837837837837,5.468971007964463
1927,30.429286576968178,80.81438920809393,4.170959598562036
1928,28.58022908835316,81.51522416686646,3.20371304124393
1929,27.712439173105498,82.01438848920863,3.199126129438964
1930,26.771830639390636,82.85072951739619,3.700795875960305
1931,25.752024165747766,83.92275981774789,4.674051728657805
1932,25.63462774334406,84.58743052586576,5.810788952239887
1933,26.207694663969193,84.79193479193479,6.542884448341949
1934,27.764476278816304,84.08381631743201,7.001034832215192
1935,29.15794139277893,83.25613710050949,7.651923110761228
1936,30.418406729100045,82.49158249158249,8.131251564455038
1937,31.56579873931409,81.8771842236645,9.867879111647005
1938,32.61418354189843,81.25323666494045,10.662186686459016
1939,33.57398836937837,80.62265163714439,13.086588316927058
1940,34.45322127494602,79.98888271261812,13.47964732047454
1941,35.25819711697506,79.35595169637723,14.587467945504628
1942,35.99399672698465,70.32085561497327,16.71117418800801
1943,36.664771395410725,73.88105456774984,16.3486164811952
1944,37.27395255640778,77.60581174984208,15.926655673044383
1945,37.824400676666684,81.48148148148148,12.162800694771944
1946,36.84269857919189,81.93734015345268,11.5912333065781
1947,35.57844576302697,82.29755178907722,11.072541410499545
1948,33.84524825326494,82.56457564575646,10.3867407958584
1949,32.6672749392321,84.57283343577136,9.338642154013625
1950,33.016031071980144,88.43984962406014,6.234473514598255
1951,33.172685187439576,91.59292035398231,5.134179491491675
1952,33.172685187439576,94.0897597977244,4.91386528792773
1953,32.373205186805585,94.32734035957843,5.071188924136976
1954,31.425948175695762,94.9635922330097,5.551759232655298
1955,30.301555262815487,95.46532305868405,6.054734544832867
1956,28.949214079247447,95.83815028901734,6.296094345970713
1957,27.26059629435053,96.03263927968486,6.51331606959273
1958,28.890407952320494,95.9389400921659,6.541878847535903
1959,30.992706377009434,95.69635385534967,6.57219678800639
1960,33.38830890969067,95.44044665012407,6.6285263906877825
1961,35.45274031574681,95.17063747585318,6.5888502387521735
1962,36.29827406085547,93.08196721311475,6.45945327919
1963,36.29827406085547,89.37704918032787,6.529402287197562
1964,36.352023922728996,78.88157894736842,15.499158728550837
1965,36.36276690726112,78.93350888742594,15.629072338194286
1966,36.330530971276275,79.0735873850197,15.956333696256525
1967,36.25523213495217,90.28776978417267,5.488567347357764
1968,33.62160909621764,90.68596601636249,5.7141543587035395
1969,33.48381598111172,90.94881398252184,5.936997887667989
1970,33.303050372669226,91.22915379864114,6.081375344701989
1971,33.07884073767923,91.52439024390245,6.159736999935727
1972,32.81059009749753,91.83183183183183,6.428652377752252
1973,32.49756599525578,92.14876033057851,6.6265543887341805
1974,32.13888762769751,92.47249565720904,6.437364540725667
1975,31.73350953724014,92.80045351473923,6.367902412165413
1976,31.280201042540646,93.13019390581718,6.410159879191539
1977,30.77752028520826,93.45945945945945,6.336096331681219
1978,30.223781344948335,93.78620326487625,6.369690163611376
1979,29.61701225994018,94.10860655737704,6.275293838387361
1980,28.95490087756857,94.42508710801394,5.972314277280472
1981,28.23472407557348,94.73429951690821,4.8926055839141664
1982,27.45325372959585,95.03512880562062,4.114105304327076
1983,26.60662931293942,95.32667876588022,3.8558759243514045
1984,25.690181177086753,95.6082564778217,3.468935032326471
1985,24.69817837597916,95.87935429056924,3.174952640764457
1986,23.6234562092578,96.13963039014374,2.8691100858870735
1987,22.45684223076844,96.38888888888889,2.6355301018759536
1988,21.18622293886841,96.62706017631277,1.0088882264348347
1989,19.79491653110982,97.09474463360473,0.7882570134226308
1990,18.25855352729826,97.46337977849232,0.49252638628050005
1991,16.538215083085646,97.72413793103448,0.2809415532335451
1992,14.56156936370866,97.88685524126456,0.23692069793903286
1993,14.56156936370866,97.88685524126456,0.2739180786963202
1994,14.56156936370866,97.88685524126456,0.3487972529255994
1995,14.56156936370866,97.88685524126456,2.3425747650106197
1996,14.56156936370866,97.88685524126456,2.781099862689335
1997,16.259395208135846,97.84782240298254,2.882904276332446
1998,18.664402719209974,97.71488838108631,2.9295387493118197
1999,20.624409995595617,97.50227894257064,2.9737773727861674
2000,22.3277945152454,97.20173945925505,3.0187806612817623
2001,23.846875916766606,96.96138012154479,3.08822995189029
2002,25.22056012710141,96.85023369233896,3.2027613401307535
2003,26.473202929767947,96.73615497999579,3.314650302533522
2004,27.62147158729228,96.61941112322792,3.410049785955163
2005,28.677464147471028,96.50033867690223,3.696822335331443
2006,29.65033661044483,96.37935061901425,3.8861804200490555
2007,30.547236151590724,96.25694276744747,4.032458872456909
2008,31.373875016510706,96.13369917685208,4.165951300186189
2009,32.1349028702458,96.01029601029602,4.34758969100344
2010,32.8341588528624,95.88750331652959,4.521561084673685
2011,33.47484816440253,95.76618410270417,4.651001438870626
2012,34.059669314065744,95.6472900870542,4.854386048775531
2013,34.590907982588035,95.53185356010377,4.978636591242366
2014,35.07050760904909,95.42097488921713,5.081337130411699
2015,35.5001233226343,85.25234209731036,13.524496996660433
2016,35.88116367512445,89.35513730330145,9.634336057146221
2017,36.214823244013914,93.52404904118202,7.330177556271314
2018,36.502108263471385,97.73090444231384,1.7345204312506977
2019,34.88971056044553,97.94456555590159,1.6701080402988546
2020,32.42436206994685,98.03089972735535,1.6622335285452328
2021,30.760083902013747,98.2306104393984,1.6014364816360123
2022,28.245019836125092,98.30897105187732,1.482632397163148
2023,26.27576278051769,98.43967679019225,1.272486037826537
2024,24.850755286923913,98.4573002754821,1.2824394216652344
2025,24.939611756784227,98.44961240310077,1.307067570119925
2026,24.988913337580794,98.44530816213215,1.3324613736105677
2027,24.998768260822057,98.44444444444444,1.358497627467393
2028,24.96919810172149,98.44703272323905,1.3850186349500702
2029,24.900138063667473,98.45303867403315,1.4119050655719947
2030,24.79143612246444,98.46238330587589,1.439030911072259
2031,24.642851001899892,98.47494553376906,1.456559983547981
2032,24.454048912532496,98.49056603773585,1.4687310861219702
2033,24.2245989416052,98.5090521831736,1.4959187296829715
2034,23.953966930663693,98.53018372703411,1.5251192323450216
2035,23.641507615016003,98.55371900826447,1.5792870739553118
2036,23.286454720563402,98.57940131912734,1.635481828921362
2037,22.887908611792735,98.60696517412936,1.6893671000977946
2038,22.444820949912174,98.63614223088163,1.7394784200267595
2039,21.955975637726866,98.66666666666667,1.7561697456111331
2040,21.41996507621385,98.69827986982799,1.7913383100906504
2041,20.835160403763748,98.73073436083409,1.829106736735364
2042,20.199673880968806,98.76379690949227,1.864589010755502
2043,19.511310838753325,98.79725085910653,1.8965996153362126
2044,18.76750748907386,98.83089770354906,1.9281063022534035
2045,17.96524917371215,98.86455798864559,1.9409715437275958
2046,17.10096089097604,98.89807162534436,1.950075261490521
2047,16.170357449286655,98.93129770992367,1.9725119483267974
2048,15.16823293065967,98.96411394746578,1.9730160058118469
2049,14.088155445306416,98.99641577060932,1.9911075178778168
2050,12.922007284400156,99.02811523776467,2.0042339986212294
2051,11.659258326629562,99.05913978494624,1.9997688209832467
2052,10.285745784398873,99.08943089430895,1.9637920004889222
2053,8.781452263906967,99.11894273127753,1.9601780917398834
2054,7.115975381672694,99.3455098934551,1.9498719719102307
2055,5.237557751852812,99.49941107184924,1.9185208028498528
2056,3.0370119579712087,99.58701224722302,1.901898533207707
2057,-0.0,99.61432506887053,1.8847092914256112
2058,-0.0,99.61432506887053,1.8823765485022186
2059,-0.0,99.61432506887053,1.8799655368087025
2060,-0.0,99.61432506887053,1.87748100530259
2061,-0.0,99.61432506887053,1.874927961795195
2062,-0.0,99.61432506887053,1.8723114792604858
2063,-0.0,99.61432506887053,1.8696363922378407
2064,-0.0,99.61432506887053,1.866906920951363
2065,-0.0,99.61432506887053,1.8641273185094487
2066,-0.0,99.61432506887053,1.861301849856189
2067,-0.0,99.61432506887053,1.858434837844437
2068,-0.0,99.61432506887053,1.8555304072301757
2069,-0.0,99.61432506887053,1.852157664359472
2070,-0.0,99.61432506887053,1.8450124313398921
2071,-0.0,99.61432506887053,1.8303070154612244
2072,-0.0,99.61432506887053,1.7427124489077233
2073,-0.0,99.61432506887053,1.7648317970682874
2074,-0.0,99.61432506887053,2.169077077510396
2075,-0.0,99.61432506887053,2.97715796602709
2076,-0.0,99.61432506887053,2.9801317598681454
2077,-0.0,99.61432506887053,2.976899973318141
2078,-0.0,99.61432506887053,2.968603105124817
2079,-0.0,99.61432506887053,2.960713247060467
2080,-0.0,99.61432506887053,2.9589653882859372
2081,-0.0,99.61432506887053,2.9643459416468385
2082,-0.0,99.61432506887053,3.1174137473478556
2083,-0.0,99.61432506887053,3.5643191340852574
2084,-0.0,99.61432506887053,4.324274643367094
2085,-0.0,99.61432506887053,4.370002493532077
2086,-0.0,99.61432506887053,4.412866407214528
2087,-0.0,99.61432506887053,4.453846198335536
2088,-0.0,99.61432506887053,4.495200499609936
2089,1.7263595531412619,99.6078431372549,4.534755426599933
2090,4.189190988298596,99.5511149724877,4.582626046211811
2091,6.208061115907181,99.4311377245509,4.623715842356272
2092,7.115975381672694,97.6103500761035,4.20885135669412
2093,7.115975381672694,94.18569254185692,4.8767262281146335
2094,7.115975381672694,90.82191780821918,6.368128310415224
2095,7.115975381672694,87.51902587519025,9.132217229425084
2096,7.115975381672694,98.06697108066972,3.3698027230587586
2097,7.115975381672694,98.06697108066972,3.420331781080355
2098,7.115975381672694,98.06697108066972,3.474030150147167
2099,7.115975381672694,98.06697108066972,3.534864856163768
2100,7.971385463025239,97.95728876508821,3.580756372433288
2101,8.781452263906967,96.0667086217747,3.0379444642776394
2102,8.781452263906967,92.58967904342353,5.3704210208286325
2103,8.781452263906967,89.17558212712397,7.1542827973256635
2104,8.781452263906967,85.96601636249213,10.737974875573283
2105,8.781452263906967,95.65764631843928,1.6252476782900729
2106,8.781452263906967,95.65764631843928,1.6252476782900729
2107,8.781452263906967,95.65764631843928,1.6252476782900729
2108,8.781452263906967,95.65764631843928,1.6252476782900729
2109,8.781452263906967,95.65764631843928,1.6252476782900729
2110,8.781452263906967,95.65764631843928,1.618110797236331
2111,8.781452263906967,95.65764631843928,1.5930305764433867
2112,8.781452263906967,95.65764631843928,1.5458831489449842
2113,8.781452263906967,95.65764631843928,1.4713655705802742
2114,8.781452263906967,95.65764631843928,1.3781381115398934
2115,8.781452263906967,95.65764631843928,1.2779784406085102
2116,8.781452263906967,95.65764631843928,1.1685756542041283
2117,8.781452263906967,95.65764631843928,1.0472883106153967
2118,8.781452263906967,95.65764631843928,0.9142170736981267
2119,8.781452263906967,95.65764631843928,0.7694457618894868
2120,8.781452263906967,95.65764631843928,0.6178889489293092
2121,8.781452263906967,95.65764631843928,0.48866183340753266
2122,8.781452263906967,95.65764631843928,0.4471514142925396
2123,8.781452263906967,95.65764631843928,0.5258212899674715
2124,8.781452263906967,95.65764631843928,0.6933228198337463
2125,8.781452263906967,95.65764631843928,0.910007662466391
2126,8.781452263906967,95.65764631843928,2.728487845458997
2127,8.781452263906967,95.65764631843928,3.3264553813995823
2128,8.781452263906967,95.65764631843928,3.5530928991937074
2129,8.781452263906967,95.65764631843928,3.675513116506794
2130,10.487334801606254,95.57975656630366,3.7605726878038492
2131,12.90867680172519,95.37006306007302,3.6382042385117823
2132,14.885322521102173,95.08253094910592,3.6387916572362715
2133,16.60566096531479,94.70965443534023,3.39650222476697
2134,18.14202396912635,94.39114391143912,3.3609985966394387
2135,19.53333037688494,94.19182269774551,3.478221205405866
2136,20.803949668784973,93.9873417721519,3.5797918030293254
2137,23.06568555333245,93.76026272577997,4.217657712910282
2138,25.975843539708364,93.48290598290598,4.733374687810419
2139,28.304389099495474,93.14641744548287,5.162059970964993
2140,30.186393051598653,92.70157553290083,5.55885262500107
2141,31.810169354823458,92.13699951760734,5.402087183869083
2142,33.2479701132968,91.64156626506023,5.64918865244404
2143,34.53862935785719,91.30548302872063,5.8164939811311935
2144,35.70642622978707,90.96091205211727,5.905200514898972
2145,36.76794617533241,90.60913705583756,5.974358247284724
2146,38.86885025008895,81.0,10.841010989620985
2147,41.08744260909104,84.59642637091805,8.253779713393321
2148,42.85689076555169,88.58064516129032,6.240206717271166
2149,44.36538208480867,92.70762997974342,6.1795452322594615
2150,44.28529622470443,92.91497975708502,6.282606765983383
2151,43.86904668179069,93.24142568930733,6.3782313088288625
2152,43.03186310104194,93.38235294117646,6.465614949585349
2153,44.01684375277794,93.1106471816284,6.518749891192544
2154,44.90553787479671,92.83646888567294,6.592034064977196
2155,45.706898107638075,92.56198347107438,6.646098413077087
2156,46.42785228210901,92.28971962616822,6.572493720055068
2157,46.75993374887384,78.56576862123613,13.898599172840783
2158,46.75993374887384,78.56576862123613,14.212248918358586
2159,46.75993374887384,78.56576862123613,14.516278705966375
2160,46.75993374887384,78.56576862123613,14.808683795384002
2161,44.07934120469591,92.57724189902035,2.518738704196664
2162,44.07934120469591,92.57724189902035,2.524614783266002
2163,44.07934120469591,92.57724189902035,2.5289339363689876
2164,44.07934120469591,92.57724189902035,2.5317693202112372
2165,44.07934120469591,92.57724189902035,2.533246472319838
2166,44.07934120469591,92.57724189902035,2.5334655579422622
2167,44.07934120469591,92.57724189902035,2.667786513779564
2168,44.07934120469591,92.57724189902035,2.5220096127423925
2169,44.07934120469591,92.57724189902035,2.4196253321920547
2170,44.07934120469591,92.57724189902035,2.712299906222299
2171,44.07934120469591,92.57724189902035,2.972370552474814
2172,44.07934120469591,92.57724189902035,3.1993556776405736
2173,44.07934120469591,92.57724189902035,3.403577557514433
2174,44.07934120469591,92.57724189902035,3.6273695178477494
2175,44.07934120469591,92.57724189902035,3.869783332058327
2176,44.07934120469591,92.57724189902035,4.103947914690827
2177,44.07934120469591,92.57724189902035,4.306260295520423
2178,44.07934120469591,92.57724189902035,4.491106156794075
2179,44.07934120469591,92.57724189902035,4.635895583875283
2180,44.07934120469591,92.57724189902035,4.732106576709068
2181,44.07934120469591,92.57724189902035,4.780217714551809
2182,44.07934120469591,92.57724189902035,4.761612763072523
2183,44.07934120469591,92.57724189902035,4.715639526941574
2184,44.07934120469591,92.57724189902035,4.636668821195544
2185,44.07934120469591,92.57724189902035,4.522004876750688
2186,44.07934120469591,92.57724189902035,4.41644007657117
2187,45.62850729622749,81.14374034003092,12.196281105853219
2188,47.73080572091642,85.29650690495532,8.798839415039243
2189,49.38061476714377,89.59044368600682,4.298119875290105
2190,50.76592293398442,94.00179051029544,1.4548431008853473
2191,51.056331682243716,93.66007194244604,1.5507318911829675
2192,51.11332471277075,93.65436543654366,1.7343226613718208
2193,50.941281823938034,93.67145421903052,2.1220938043255395
2194,50.52652612091727,94.29081177520071,2.3844356559903988
2195,49.82947356661953,94.74381625441696,3.4084176419513463
2196,48.75018545625334,95.0305143853531,4.275777908238394
2197,46.7815815052356,95.15437392795883,4.639195522245438
2198,46.7815815052356,95.15437392795883,4.947444945311291
2199,47.752042474490466,94.88734835355287,4.742934070969362
2200,48.3251093951156,94.45898778359512,4.155642669794861
2201,48.595779656294766,93.87040280210158,4.1095783354776705
2202,48.3522106902258,92.98780487804878,4.022012829306139
2203,48.138533459573665,92.74543874891398,4.217672809998669
2204,47.613286863189984,92.18480138169258,3.9019612367901058
2205,46.684021863542554,91.31736526946108,3.866216196650351
2206,44.84858604388801,90.87837837837837,3.8019481683766645
2207,44.94056522944605,90.85520745131245,4.005841580948564
2208,44.90995959904519,90.86294416243655,4.165411665705567
2209,44.75611474677335,90.01684919966301,3.9705298044374584
2210,44.501037615349034,88.20083682008368,2.3399262266203005
2211,44.13511595111262,86.35986733001658,1.4936026755522824
2212,43.62162653907434,84.43898443898443,3.0360467495029546
2213,42.94389816068336,83.14516129032258,3.72356676912119
2214,42.07439159712541,84.79809976247031,3.0049574338144414
2215,40.96382438379713,85.46511627906976,2.6033268047931477
2216,39.50516743044075,85.99545798637396,2.390677158069065
2217,37.18597963391238,86.39380530973452,2.1510569855406163
2218,37.448299057828784,86.17977528089888,2.758374130584327
2219,37.659471873626224,86.00151745068285,3.0275475616124288
2220,37.820256637169564,85.86206896551724,3.4447758672800646
2221,37.93121839147645,85.76388888888889,3.7457569248167424
2222,37.99274094531674,85.70875290472502,4.043506291822617
2223,38.00503497864825,85.69767441860465,4.344661562860371
2224,37.96814241193168,85.7308584686775,4.552573876756272
2225,37.88193726880735,85.8076923076923,4.790063880092303
2226,37.74612307693263,85.92677345537757,5.103298891412217
2227,37.56022667149451,86.08597285067873,5.18564346755305
2228,37.323588072254815,86.28252788104089,5.206487219169213
2229,37.03534587802869,86.51315789473684,5.203241991491878
2230,36.694417336758654,86.7741935483871,5.121430568836685
2231,36.29947186902245,87.0617110799439,5.323943629911012
2232,35.8488962942132,87.37166324435319,5.4795088320165695
2233,35.340749247440414,87.7,5.415904669172116
2234,34.772701143887886,88.04277381723915,5.241035301131264
2235,34.14195431350603,88.39622641509433,5.24930258654182
2236,33.44513518506334,88.75685557586837,5.451736614047698
2237,32.678145901170154,89.12146226415095,5.571348415049402
2238,31.835955074579637,89.48717948717949,5.651795527701985
2239,30.912293689930493,89.85148514851485,4.989161557842004
2240,29.89919627733822,90.21220159151194,4.480017042436633
2241,28.786275229867698,90.56748466257669,4.55811296842763
2242,27.55950136471182,90.91580502215658,4.91025124737852
2243,26.198982714237353,91.25592417061611,5.1210989978359
2244,24.674434799692126,91.88326493388053,5.35827961057561
2245,22.934211210717205,92.39035087719299,5.51534928925455
2246,20.869229111875647,92.78785322648672,4.885834070300861
2247,17.96524917371215,93.08596918085969,4.674091904068052
2248,17.10096089097604,93.40810704447068,4.6054686792550585
2249,16.170357449286655,93.72137404580153,4.923198357573277
2250,15.16823293065967,94.0251572327044,5.13379661651822
2251,14.088155445306416,94.31899641577061,5.3499284552607005
2252,12.922007284400156,94.60256855258591,5.2184536931576275
2253,11.659258326629562,94.87567204301075,4.944086072455977
2254,10.285745784398873,95.2520325203252,4.580863356730008
2255,8.781452263906967,95.67337948395217,4.424988606113671
2256,7.115975381672694,96.01217656012176,4.337456819719484
2257,5.237557751852812,96.26030624263839,4.3253911708317325
2258,4.189190988298596,96.33651896901246,4.316329524133732
2259,4.189190988298596,88.40139009556907,9.373211843075604
2260,4.189190988298596,91.65942658557776,7.235697021376842
2261,4.189190988298596,94.97538372429771,4.82318075834045
2262,4.189190988298596,98.34926151172893,3.7859447199356446
2263,3.0370119579712087,98.39077185986898,3.8108551658806986
2264,3.0370119579712087,98.39077185986898,3.84651796356939
2265,3.0370119579712087,98.39077185986898,3.8892663891250683
2266,3.0370119579712087,89.71802905155226,7.890321437045091
2267,3.0370119579712087,92.9507262888066,6.492390186792936
2268,4.758382620976999,96.20509849362688,3.801805910293608
2269,7.2111092506744,99.52052741983817,3.3149800510935963
2270,6.208061115907181,99.4311377245509,3.3209710899153255
2271,7.971385463025239,99.24172082946457,3.3330156108483795
2272,9.551523848511046,99.10428662827896,3.4057680480689423
2273,10.987424673037834,99.07438016528926,3.7238763928745944
2274,12.303488665441556,99.04371584699453,4.402805631172013
2275,13.516430700908893,99.01234567901234,5.446335519526385
2276,14.638399322788548,98.98033503277495,5.571443352448176
2277,15.678604147459765,98.94776399849681,5.726656706388381
2278,16.170357449286655,97.02290076335878,5.113799361971005
2279,16.170357449286655,93.26335877862596,4.4710095291985406
2280,16.170357449286655,89.58015267175573,5.6198095442685565
2281,16.170357449286655,85.97328244274809,8.851456834094774
2282,16.170357449286655,97.32824427480917,5.075691985633182
2283,16.170357449286655,97.32824427480917,5.361947691629351
2284,16.170357449286655,97.32824427480917,5.664148369587161
2285,16.170357449286655,97.32824427480917,5.9806242227350195
2286,16.170357449286655,97.32824427480917,6.313607889522242
2287,16.170357449286655,97.32824427480917,6.663015538558268
2288,17.842617941116988,97.27626459143968,6.998795307735982
2289,20.19575156756711,97.10877476748888,7.2516553441906515
2290,22.102861419175802,96.84873949579831,7.589106083010335
2291,23.752283739747426,96.48625054561327,6.7421928148085835
2292,24.504570326328874,94.2170818505338,4.316782445216482
2293,24.504570326328874,90.19128113879003,2.860372331147063
2294,24.504570326328874,86.25444839857651,3.053423524928458
2295,24.504570326328874,82.40658362989323,6.0717761963583285
2296,24.953736750955947,92.60849909584087,4.368921142687149
2297,27.02648294019312,91.86210131332082,5.110179754777303
2298,29.316133503710695,91.44254278728606,5.782829225106118
2299,31.158377421774418,90.90214067278288,6.44178229037779
2300,32.741489283550884,90.2283590015932,7.602195710324511
2301,34.13767907201275,89.62942477876106,8.69117912918989
2302,35.38573568268721,89.20552677029362,9.172192012546546
2303,36.509889812627236,88.77245508982035,10.011430142994772
2304,37.526674823215934,88.33229620410704,10.803122923448395
2305,38.448045194712265,87.8875968992248,11.486605706922806
2306,39.2830027357295,87.44139316811788,11.454153630518933
2307,40.03852872638508,86.99722607489598,11.850786062704541
2308,40.720156592122116,86.55913978494624,11.397754768051433
2309,41.33234286739243,86.13165680473372,11.145056814985791
2310,41.878717673923916,85.71972581873572,10.864913116194
2311,42.36225950361974,85.32863849765258,10.660138531008394
2312,42.78542040117792,84.96391339214114,10.657020143903845
2313,43.15021744710273,84.6311475409836,10.227884622187856
2314,43.58572613288787,83.33333333333333,9.666508060029004
2315,44.08024488564442,80.86206896551724,7.250502215569901
2316,44.50493537313305,78.15533980582525,6.574698359809048
2317,44.86249106617326,75.22522522522523,6.617636811475909
2318,45.15504740725327,78.13932172318974,7.569190069859332
2319,45.15504740725327,73.96883593033914,7.265484697425047
2320,45.15504740725327,69.98166819431714,7.479737689075585
2321,45.15504740725327,66.17781851512375,9.98086771961943
2322,45.15504740725327,69.15673693858845,8.161715303930523
2323,45.15504740725327,69.15673693858845,8.704701276578838
2324,45.15504740725327,69.15673693858845,9.258115162896166
2325,45.15504740725327,66.17781851512375,12.287470833576633
2326,45.15504740725327,69.70669110907424,10.273546987754383
2327,45.15504740725327,73.78551787351054,9.377483416756334
2328,45.15504740725327,78.04766269477544,8.889187177130474
2329,44.86249106617326,78.6036036036036,8.665642398131874
2330,44.50493537313305,79.21447484554281,9.350162511475432
2331,44.08024488564442,79.87068965517241,9.196449673353943
2332,43.58572613288787,80.56255247691016,9.555830625868378
2333,43.018006510735795,81.2805872756933,8.128592915752566
2334,42.37286293714363,82.01581027667984,7.930090941713927
2335,41.64497428976701,83.56269113149847,6.491301826161142
2336,40.82755292842699,85.20295202952029,6.589241629211456
2337,39.91177415169882,86.62873399715505,6.187692900184151
2338,38.88584588795063,87.8507871321013,6.0510448454170005
2339,38.88584588795063,87.8507871321013,6.18031492009476
2340,38.88584588795063,87.8507871321013,6.128609518684959
2341,38.88584588795063,87.8507871321013,6.012818294711051
2342,38.88584588795063,87.8507871321013,6.3339591244088576
2343,38.88584588795063,87.8507871321013,6.620347691259993
2344,38.88584588795063,87.8507871321013,6.871362095810991
2345,38.88584588795063,79.39767282683094,14.697138268017971
2346,38.88584588795063,83.67556468172485,10.446343752698224
2347,38.88584588795063,88.09034907597535,7.187254729993288
2348,38.88584588795063,92.64202600958248,5.264903779753973
2349,37.51970684136975,93.36835193696652,5.066678524352877
2350,35.93396016505322,93.92699811202014,5.068042727805269
2351,34.019714513669804,94.333936106088,5.151723226057661
2352,31.262908322518935,94.60473167916908,5.021011747819907
2353,31.262908322518935,84.47778418926717,11.527761451529628
2354,31.262908322518935,88.54587420657819,7.922377926010517
2355,31.262908322518935,92.72937103289094,5.397218795445566
2356,31.262908322518935,97.02827466820543,3.187032818847773
2357,30.045044839561612,97.66666666666667,3.311243134819347
2358,31.126951981664046,97.67506227511763,3.397229970716528
2359,30.561685660193177,93.45189975747778,5.190048495496196
2360,29.94192480947055,89.3633743777836,7.668920136442937
2361,29.265178606171922,85.4235563469855,11.472253004703797
2362,28.52850052502025,95.85492227979275,2.089106317372198
2363,27.728379283308925,95.98374372459956,2.0916577846426674
2364,26.860589368061262,96.11201110853969,2.6523522654351295
2365,25.9199808343464,96.23908663532572,2.6339080094667375
2366,24.90017436070353,96.36442328500324,2.6246580289601673
2367,23.793101672786634,96.48756010871838,2.640800760859512
2368,22.588279194361547,96.60811629315566,2.6750501866928587
2369,21.271588014553767,96.72578444747613,3.249581602961542
2370,20.53218716534293,96.61179173047474,2.766750274136793
2371,20.261516904163756,96.46406727828746,2.7729008631119125
2372,19.688449983538625,96.16996951219512,2.755889765683944
2373,19.2638058662897,95.96881536413767,2.741672910995194
2374,19.2638058662897,95.96881536413767,2.7896631334131654
2375,20.01646901216165,96.18247757205573,2.8984822268921935
2376,20.431784002008243,96.40329060646643,3.0262438071637305
2377,20.56537537255615,96.63028910587785,3.9087728598192917
2378,20.43178400200824,96.91983929596327,4.058521770173427
2379,20.885867895068913,96.98619482792145,4.154920583514952
2380,22.297870446102248,96.75599435825106,4.232698159944391
2381,23.793101672786634,96.3203010662764,3.3771567427948876
2382,23.793101672786634,92.32699142797408,3.4038978671241362
2383,23.793101672786634,88.41731131089274,5.293759014709306
2384,23.793101672786634,84.5912607150324,9.335066359743196
2385,23.793101672786634,93.3932678235417,2.135449771628521
2386,23.793101672786634,93.3932678235417,2.1307531947356813
2387,23.793101672786634,93.3932678235417,2.126314348599052
2388,23.793101672786634,93.3932678235417,2.126314348599052
2389,23.793101672786634,93.3932678235417,2.126314348599052
2390,23.793101672786634,93.3932678235417,2.126314348599052
2391,23.793101672786634,93.3932678235417,2.126314348599052
2392,23.793101672786634,93.3932678235417,2.126314348599052
2393,23.793101672786634,93.3932678235417,2.1223258247615826
2394,23.793101672786634,93.3932678235417,2.1183782841042893
2395,23.793101672786634,93.3932678235417,2.163465855637652
2396,23.793101672786634,93.3932678235417,2.0198475729474885
2397,23.793101672786634,93.3932678235417,2.0079643403459575
2398,23.793101672786634,93.3932678235417,2.4607057484980355
2399,23.793101672786634,93.3932678235417,2.846784392710851
2400,23.793101672786634,93.3932678235417,3.1718439452860316
2401,23.793101672786634,93.3932678235417,3.4407950292894016
2402,23.793101672786634,93.3932678235417,3.668163377993771
2403,23.793101672786634,93.3932678235417,3.8747528882346542
2404,23.793101672786634,93.3932678235417,4.04185948945243
2405,23.793101672786634,93.3932678235417,4.139826044504411
2406,23.793101672786634,93.3932678235417,4.1747259640847085
2407,23.793101672786634,93.3932678235417,4.183554809446196
2408,23.793101672786634,93.3932678235417,4.095101546042929
2409,23.793101672786634,93.3932678235417,4.001411646000086
2410,23.793101672786634,93.3932678235417,4.043805758568661
2411,23.793101672786634,93.3932678235417,4.1318134895253325
2412,23.793101672786634,93.3932678235417,4.267518090143353
2413,23.793101672786634,93.3932678235417,4.453060578301234
2414,23.793101672786634,93.3932678235417,4.632016434280069
2415,23.793101672786634,84.5912607150324,10.448670699584518
2416,23.793101672786634,88.41731131089274,7.108116938705215
2417,23.793101672786634,92.32699142797408,5.042290092811095
2418,23.793101672786634,96.3203010662764,3.3950242151100625
2419,22.129874600237244,96.39344262295081,3.4773989488575117
2420,22.129874600237244,96.39344262295081,3.541956342551385
2421,22.129874600237244,96.39344262295081,3.677393166514987
2422,22.129874600237244,96.39344262295081,3.834566853675123
2423,22.129874600237244,96.39344262295081,3.9633220027510885
2424,22.8241025124782,96.16026711185309,4.07622707343432
2425,24.11645661184412,95.60796192124621,4.335558354778159
2426,25.296434805695476,94.93273542600897,4.816929734263338
2427,26.3781344097806,83.99907106363214,11.927938444070453
2428,27.372015995753813,87.09134615384616,9.608681063270604
2429,28.286123298519183,90.5022376926902,6.688327279997499
2430,29.126809425556672,93.91058581706064,5.122855055451517
2431,29.126809425556672,94.60431654676259,4.663316599771425
2432,29.126809425556672,95.40082219938336,3.361763937227789
2433,29.126809425556672,96.30010277492292,2.5843376749498357
2434,28.786275229867698,96.16564417177914,2.6790290774040164
2435,28.29617944586349,96.04060913705584,2.7384512719424174
2436,27.640141388617433,95.92555331991952,2.8819910563992552
2437,26.79085315411959,96.14427860696517,2.6402673991365266
2438,25.6992194501077,96.2671905697446,2.529182239275526
2439,24.2583647801673,96.29719264278799,2.482410933568286
2440,21.955975637726866,96.23809523809524,2.5061070032181183
2441,24.2583647801673,97.82187802516941,0.4595402333885559
2442,25.984045921070475,98.45771144278606,0.16056421825592002
2443,27.662893881898178,98.16252587991718,0.25265532982706373
2444,29.124627723224787,97.7395048439182,0.3757060147362283
2445,30.420824741997514,97.6510067114094,0.414142800362923
2446,31.581695194427805,97.5609756097561,0.4437853141354851
2447,32.62705119959675,97.46987951807229,0.4725650454593932
2448,33.57083588172531,97.37827715355806,0.5321389707209285
2449,34.42334391720821,97.28682170542636,0.5785446007496253
2450,35.19244022079063,97.19626168224299,0.6340325784027816
2451,35.884284769363326,97.10743801652893,0.7682682439219394
2452,36.50379044505976,97.02127659574468,0.8323460645901603
2453,37.05492600325254,96.93877551020408,0.8880826123808968
2454,37.540924011833255,96.8609865470852,0.9466489155038904
2455,37.96442772432691,96.78899082568807,1.0101259847458468
2456,38.32759713557255,96.72386895475819,1.0777561737314505
2457,38.63218678761532,96.66666666666667,1.1443126194484727
2458,38.87960338349936,96.61835748792271,1.2134891940861474
2459,39.07094850657118,96.57980456026058,2.161744772656518
2460,39.20704998786921,96.55172413793103,2.224257567153773
2461,39.28848430497241,96.53465346534654,2.3342298138186712
2462,39.3155915973791,96.52892561983471,2.444224636349582
2463,39.28848430497241,96.53465346534654,2.552996060841026
2464,39.20704998786921,96.55172413793103,2.6367244003510413
2465,39.07094850657118,96.57980456026058,2.718456219200222
2466,38.87960338349936,96.61835748792271,1.8285320114816332
2467,38.63218678761532,96.66666666666667,1.8475027343869745
2468,38.32759713557255,96.72386895475819,1.8515746569090188
2469,37.96442772432691,96.78899082568807,1.827653114793999
2470,37.540924011833255,96.8609865470852,1.7843495367182527
2471,37.05492600325254,96.93877551020408,1.7386071030332955
2472,36.50379044505976,97.02127659574468,1.694103321934148
2473,35.884284769363326,97.10743801652893,1.636301448231768
2474,35.19244022079063,97.19626168224299,1.4959940823447186
2475,34.42334391720821,97.28682170542636,1.4461162130130083
2476,33.57083588172531,97.37827715355806,1.3889589037930623
2477,32.62705119959675,97.46987951807229,1.3289393475649012
2478,31.581695194427805,97.5609756097561,1.3197026726655403
2479,30.420824741997514,97.6510067114094,1.314059992619397
2480,29.124627723224787,97.7395048439182,1.2846493543865907
2481,27.662893881898178,98.16252587991718,1.1552664934407366
2482,27.601068795372356,98.4251968503937,0.8789200380878862
2483,28.427515076364095,98.52529875413171,0.853811349993217
2484,28.42751507636409,98.52529875413171,0.8440387575353526
2485,30.10727392237078,98.42499354505551,0.8333382380615085
2486,31.31468792877991,98.22036116199948,1.0195879027793167
2487,33.48400328007865,98.16830368993894,0.9629384212704873
2488,34.782672249922776,98.01128728836335,0.9507867698955719
2489,35.72166083478432,97.7464023893565,0.9847883769134398
2490,36.40617201562818,97.3720229947988,1.0660983381960234
2491,36.883188993738145,97.3561002478656,1.101994274655487
2492,37.17729754629849,97.3458667403926,1.2034738148774153
2493,37.301283179971094,97.34145666020493,1.7262066978480657
2494,37.260087210363665,97.34292831442015,2.49556251087342
2495,37.05209516591373,97.3502622136351,3.524371769542204
2496,36.66872965356742,97.36336171381488,4.770660069147854
2497,36.09205751437409,97.57294791382601,6.208841742517511
2498,35.28838800459707,97.89246149689274,6.7827442567885
2499,34.189714516562496,98.1031258348918,7.277984345818766
2500,32.611281119087074,98.20722383337727,7.729926311793434
2501,31.621245658853447,98.19532908704883,8.129230108583087
2502,32.19391810842978,98.14612868047982,8.469684774260969
2503,32.71440114917814,98.09843400447427,8.820106881551718
2504,33.740760349403445,97.89139225880993,9.082028664218388
2505,35.156610962935915,97.41431148526759,9.18785821712003
2506,36.40571592240331,96.77923702313946,9.249319874743184
2507,37.51822002527904,95.97141000649772,8.045210986763873
2508,38.5138644634964,95.24612272420768,7.648109725578916
2509,39.406515338738465,94.72396925227113,7.237736590692377
2510,40.20638348991539,94.17932031814895,6.770893741543767
2511,40.92124235029309,93.61463778939508,6.579485201939367
2512,41.55715181211166,93.03310238645112,6.3460008313939325
2513,41.8470415734488,89.80866848887153,4.7047779362010305
2514,42.26266959371997,87.34025559105432,3.190666389196298
2515,42.50977725995985,84.26601784266018,3.9197278880160065
2516,42.70381070363102,80.99343185550082,6.4822236614126645
2517,42.84552220984793,77.92046396023198,9.586808689067782
2518,42.9354500229818,85.16666666666667,2.520757385184772
2519,42.97393092674517,85.21303258145363,2.5304903988384906
2520,42.96110791807177,85.30884808013356,2.545386148883097
2521,42.896933419833005,85.453034081463,2.387034655404964
2522,42.78116821492561,85.64356435643565,2.2591696219392947
2523,42.613376041418014,85.87755102040816,2.172592081313798
2524,42.392913539136615,86.15136876006441,1.9501319678074642
2525,42.118914955050656,86.46080760095012,1.7516131405416484
2526,41.79027066478886,86.80124223602485,1.827516355040738
2527,41.40559810473942,87.16780561883067,2.1860771785390325
2528,40.9632030649212,87.55555555555556,2.3431560711986057
2529,40.46102835885261,87.95962509012257,2.3260253581184838
2530,39.89658548419979,88.37535014005603,2.3685312098161138
2531,40.82918164998207,88.52971845672576,2.642418324854704
2532,42.28545677576593,88.33274585830102,2.3270864190634635
2533,43.251012592016444,88.02139037433155,2.35681824383936
2534,43.90843211148048,87.59439050701187,2.644718626987379
2535,45.25863744650759,87.3050417120058,2.5689057163604585
2536,46.44515709446836,87.15697036223929,2.6119329779638845
2537,47.10573882144162,86.89731321310269,2.560552037400771
2538,47.41205675781828,86.52639350313768,2.8437892966639415
2539,47.41205675781828,86.82170542635659,2.576123943468302
2540,47.10573882144162,87.26536621273463,2.4164858342569198
2541,46.44515709446836,87.596048298573,3.1941792479451485
2542,45.25863744650759,87.81284004352557,3.862811108262615
2543,43.42320162685305,87.97990670972372,4.405016167001066
2544,41.517467235495126,88.16022686990429,4.912018147192671
2545,41.6008476661483,89.7335701598579,6.299994725686622
2546,41.57309448460201,91.16080937167199,8.012199994260776
2547,41.823956819298886,91.681670867843,9.330213454647081
2548,42.3883996939517,91.42857142857143,9.776069319060197
2549,42.89057440002029,91.18657001144601,9.985204520056238
2550,43.33296943983852,90.95890410958904,10.254803134910535
2551,44.47500550566528,89.88168094655242,9.621485500502699
2552,45.477127191477614,88.57749469214437,8.774733245315304
2553,46.35886338611,87.03131892368769,7.7840517668174645
2554,47.1338467388383,85.59670781893004,6.686863694197933
2555,47.81203057097237,85.1063829787234,6.418876661082805
2556,48.400903294694466,84.64163822525597,6.032548105822724
2557,48.90620820003485,84.21052631578948,5.9215687087702955
2558,49.33239531753602,83.82126348228043,5.9056895063645465
2559,49.68291723989571,83.48190875721028,5.896823298463655
2560,49.96042846249666,83.2,5.943455383549194
2561,51.06057245425839,75.2605595172792,6.06209173011676
2562,51.96464720072922,77.20877884074282,5.013967622545207
2563,52.070156152627675,77.73371104815864,5.26605333075194
2564,52.123594816383026,77.99886299033541,5.16401536788275
2565,51.762028256808826,74.95807713806596,6.977877889471132
2566,51.29507493402292,72.41379310344827,6.230104845697095
2567,50.715260293394934,69.51414842498666,7.566646944242199
2568,50.01197315417711,78.20446289569279,3.830439411879228
2569,49.16986878037876,79.43690296631473,2.8180322719423683
2570,48.16577396534662,80.86449732880038,2.0936760924797038
2571,46.96184529207904,82.07767898923724,1.9495502258102348
2572,45.48672192767418,83.08591992802519,2.7964004725989673
2573,43.70886357027876,83.93782383419689,3.5912802798139905
2574,41.181992525939805,84.64403973509934,3.970215739972894
2575,42.38381439660071,84.56096545984187,4.226375661259581
2576,44.613831365969396,84.12291933418695,4.218409024810747
2577,46.80407517808564,83.69042413642326,4.160535402754203
2578,46.80407517808564,81.37297770004372,4.121732583372332
2579,46.80407517808564,79.23043288150416,5.855085593266244
2580,46.80407517808564,77.26278968080454,7.251766594828601
2581,46.80407517808564,80.017490161784,6.006282335005521
2582,46.80407517808564,80.017490161784,6.347499307468949
2583,46.80407517808564,80.017490161784,6.655237588314226
2584,46.80407517808564,80.017490161784,6.944340626292153
2585,46.80407517808564,80.017490161784,7.220667834660316
2586,46.80407517808564,80.017490161784,7.5016961470846875
2587,46.80407517808564,80.017490161784,7.593966740244509
2588,46.80407517808564,77.26278968080454,9.776001062383223
2589,46.80407517808564,79.23043288150416,8.910017753558733
2590,46.80407517808564,81.37297770004372,7.057631572870136
2591,46.80407517808564,83.69042413642326,5.313749113258846
2592,46.86278184465448,81.49934239368697,7.943231197823653
2593,46.843227016462144,84.09986859395532,6.069463393611858
2594,46.745241416828755,86.48059310946358,4.658906797444049
2595,46.56796752522417,88.70618779749026,4.27327619841488
2596,46.770890292242825,88.55765015344147,4.760851708496113
2597,46.91903735717316,88.44621513944223,5.13836510032136
2598,47.013024624029114,88.37416481069042,5.336517028349217
2599,47.05323686177301,88.34301027244305,5.70790010845242
2600,47.03983730062913,88.35341365461848,6.048375789575981
2601,46.97277164088861,88.40515326521546,6.389738575789919
2602,46.85176672344915,88.49713530189511,6.855185972820974
2603,46.67632377980369,88.62745098039215,7.087769223762606
2604,46.44570583800758,88.79347359381708,7.139658159233811
2605,46.15891846938078,88.99198650358498,7.081380076086526
2606,45.81468256745155,89.21933085501858,6.905879087144668
2607,45.411397184017986,85.80072609923356,9.411093199259426
2608,44.94708949658221,88.33005893909626,6.957598227456752
2609,44.41934756642349,90.60710194730814,4.990208670946463
2610,43.8252293592745,92.63235838578305,4.245940699116468
2611,43.20007910699887,93.7948350071736,4.387140081755056
2612,42.5449688644705,94.27083333333333,5.325817464429547
2613,41.81855249971315,94.73154362416108,5.6395637880172655
2614,41.015858887954856,95.17487046632124,6.0283003673501065
2615,40.1306746029944,95.59925093632958,6.537158518081243
2616,39.155085562013134,96.00360576923077,7.29310668679244
2617,39.681141939165364,96.30286897367642,7.9764348703574255
2618,40.72357614528454,96.81831697888789,9.530496163302168
2619,41.212114983425096,97.10706829704742,10.174327182651135
2620,41.30475568914961,97.16502536556251,10.81571960955791
2621,41.02209751678377,97.22966934763181,11.527917841913931
2622,39.46746470851322,97.27407407407408,12.17854005784175
2623,38.63028112776448,97.43589743589743,12.893833632494035
2624,36.87456984712531,97.48464463293361,13.656147675871823
2625,36.077000133201715,93.07322589765337,9.560142625432503
2626,35.70341679867386,90.51724137931035,8.978072760365826
2627,35.70341679867386,89.59955506117909,8.782642000006511
2628,35.562325728303584,88.81798002219756,8.833257870788936
2629,35.022706751002005,86.46882657228424,7.9283176693688295
2630,33.861965379290034,82.65653654702646,6.084474373420195
2631,32.57819848360713,79.06273620559335,4.765876920971837
2632,31.14713429794753,75.99903124243158,5.561118416303033
2633,29.97259642309183,87.88739058433877,12.072634101426559
2634,28.950177799396787,87.19211822660098,12.314067398261372
2635,27.05248748653653,85.02172421678482,11.547986882735106
2636,24.173880632204806,81.62458836443469,9.90361186967273
2637,24.17388063220481,81.62458836443469,10.861687212587878
2638,24.58174622637872,81.28916741271263,11.75284305508385
2639,27.121267055539395,80.70379864833372,11.296646334395698
2640,29.41091761905697,80.106873937333,12.22364268383774
2641,31.253161537120693,79.39762085547963,12.657528429706753
2642,32.886185572489346,78.58649789029536,13.329430793912655
2643,34.847691705682884,77.79306549257016,13.047718302836175
2644,36.82393484363617,76.99827487061529,13.929760649686997
2645,38.47333556995986,76.06606606606607,13.455779463258036
2646,40.80332990869262,75.14923028589381,13.060934220633904
2647,42.99094446716509,74.25090549884754,13.671529739274117
2648,44.390680821921855,73.04647160068846,14.545570621908233
2649,45.6232237906874,71.66486875224739,14.459470395077282
2650,46.71869257608912,70.093808630394,14.024786285889029
2651,47.69680051559585,68.32225263981228,13.539059327837114
2652,48.571383322716585,67.03296703296704,13.077027529577112
2653,49.35261859752074,65.75052854122622,11.290112397033328
2654,50.04824331563841,64.48925909688732,8.305720200678083
2655,50.66427726333234,63.265306122448976,6.712936621404176
2656,51.205479262275766,62.096396817969115,8.48700666277507
2657,51.67564824244888,61.001444390948485,6.456868188739934
2658,52.07782895061953,60.0,5.493791818902671
2659,52.41445618284224,59.1115598182736,4.203762870564787
2660,52.68745769572991,58.354755784061695,3.232399619645729
2661,52.89832824396985,57.74647887323944,3.188574244000009
2662,53.04818264669089,57.30100158144439,3.9982747677409707
2663,53.137792978178524,57.02917771883289,5.3103181881289805
2664,53.167613159289104,56.9377990430622,5.991560808313184
2665,53.137792978178524,57.02917771883289,6.995498432547359
2666,53.04818264669089,57.30100158144439,7.0544783831121105
2667,52.898328243969864,57.74647887323944,7.191925158050214
2668,52.68745769572991,58.354755784061695,7.836800428054483
2669,52.41445618284225,59.1115598182736,7.719182945070738
2670,52.07782895061953,60.0,7.919123873494524
2671,53.15997490050213,60.276679841897234,8.242517165907236
2672,54.692504890625514,59.80788675429727,9.822992693830997
2673,55.7414411375292,59.27835051546392,11.46775809973439
2674,56.490839842551274,60.10471204188482,11.87600931375213
2675,55.867887718538654,57.878787878787875,15.60291783246408
2676,55.15687603722205,54.90767735665695,19.96010631922588
2677,54.350227687270646,52.70522388059702,22.147449263654757
2678,53.77844395344829,64.15689810640217,11.694371755038729
2679,53.13283984665379,65.69565217391305,9.88150188654058
2680,52.408591748602305,67.23849372384937,9.048964175758076
2681,51.59962111061478,69.05144694533762,8.339987914807024
2682,50.698137501972354,70.97147262914417,9.52788071062686
2683,49.69391455424793,72.67355982274742,10.505502583138119
2684,48.57307193986187,74.1696113074205,11.984622658236553
2685,47.453856964637744,75.60067681895093,12.21136225241079
2686,46.35278396556906,76.9704832954914,12.047474629647862
2687,44.99363625608432,78.06391560657772,12.70411617875749
2688,43.446667837138655,78.9973301690893,12.806037433918942
2689,41.82495861324877,79.85244040862656,12.763659102280554
2690,40.55522018806686,80.85511982570806,13.156745777715349
2691,39.13786192183605,81.71368861024034,12.22241014290247
2692,37.534071170347694,82.43987975951904,11.509412843206617
2693,35.67161581295129,83.04514889529298,11.874404215257114
2694,33.6194552396113,83.57899585444495,11.687524804695546
2695,30.72802685977801,84.01060070671377,11.912265404457743
2696,28.393238554292914,84.45716709075488,12.19171993465689
2697,25.919467842380996,84.93374108053007,11.775466739018377
2698,24.12953408913244,85.43670264965652,11.662823601610718
2699,22.015857530880332,85.8492348384659,11.573726262098717
2700,22.015857530880332,89.53334592858492,8.871162066473577
2701,22.015857530880332,93.29302852824485,6.240129813813614
2702,22.015857530880332,97.12828263744568,1.8301508428726492
2703,19.064158139336655,97.2540461902164,1.7267866767379432
2704,17.2394859935406,97.50920891071742,1.6335199942457495
2705,15.091733130779804,97.68228726103874,1.595353880279429
2706,12.106594749751542,97.78104095284712,1.4973727947099875
2707,9.679905889030268,97.90518191841235,1.4685282836592846
2708,7.971385463025239,97.94181367997524,1.967104160323599
2709,7.971385463025239,97.94181367997524,2.0435038146318822
2710,7.971385463025239,97.94181367997524,2.018038378948036
2711,7.971385463025239,97.94181367997524,2.1554823274606782
2712,7.971385463025239,97.94181367997524,2.2930758062944205
2713,7.971385463025239,97.94181367997524,2.4350942042009356
2714,7.971385463025239,97.94181367997524,2.5749661905206445
2715,7.971385463025239,97.94181367997524,2.702913775854992
2716,7.971385463025239,97.94181367997524,2.8134019487999127
2717,7.971385463025239,97.94181367997524,2.9099480717997124
2718,7.971385463025239,97.94181367997524,3.000182544827686
2719,7.971385463025239,97.94181367997524,3.0832199554391266
2720,7.971385463025239,97.94181367997524,3.1640374762569112
2721,7.971385463025239,97.94181367997524,3.24294401101197
2722,7.971385463025239,97.94181367997524,3.3184136864771308
2723,7.971385463025239,97.94181367997524,3.3880335148959118
2724,7.971385463025239,97.94181367997524,3.454561146142988
2725,7.971385463025239,97.94181367997524,3.5205402712946583
2726,7.971385463025239,97.94181367997524,3.5952693748979265
2727,7.971385463025239,97.94181367997524,3.6662508952686648
2728,7.971385463025239,88.98173939956669,10.634442237223654
2729,7.971385463025239,92.33983286908078,8.48658278406441
2730,7.971385463025239,95.75982667904674,5.078215568299847
2731,7.971385463025239,99.24172082946457,2.235002359780394
2732,6.208061115907181,99.4311377245509,2.145530042592979
2733,4.189190988298596,99.5511149724877,2.0742989137029277
2734,1.7263595531412619,99.6078431372549,2.0361119641666434
2735,-0.0,99.61432506887053,1.9803573279466482
2736,-0.0,99.61432506887053,1.9420348482440721
2737,-0.0,99.61432506887053,1.9023665098402007
2738,-0.0,99.61432506887053,1.8611648188583856
2739,-0.0,99.61432506887053,1.814080962298464
2740,-0.0,99.61432506887053,1.7556437873152952
2741,-0.0,99.61432506887053,1.6810856701751575
2742,-0.0,99.61432506887053,1.5956818518162743
2743,-0.0,99.61432506887053,1.5072029516481218
2744,-0.0,99.61432506887053,1.4157027222058052
2745,1.7263595531412619,99.6078431372549,1.3395217660517111
2746,4.189190988298596,99.5511149724877,1.248797231627312
2747,6.208061115907181,99.4311377245509,1.1710618687752947
2748,7.971385463025239,99.24172082946457,1.1687396591764885
2749,9.551523848511046,99.10428662827896,1.3217466407626766
2750,10.987424673037834,99.07438016528926,1.7720750430444634
2751,12.303488665441556,99.04371584699453,1.8021163046212432
2752,13.516430700908893,99.01234567901234,1.9278748289153815
2753,14.638399322788548,98.98033503277495,2.1944679414938224
2754,15.678604147459765,98.94776399849681,2.6352460402911384
2755,16.64424935008254,98.91472868217055,2.9353893296134
2756,17.541107850748812,98.88134238913304,3.241510389453491
2757,18.373893986906367,98.8477366255144,3.5363753771258213
2758,20.42141879769827,98.80749574105621,3.8383269502517336
2759,22.737279251890268,98.6929552503323,4.1422224945471715
2760,24.60632229224174,98.47926267281106,4.3552251558177755
2761,26.21684961654383,98.15524676569238,4.36787148090849
2762,27.641100231652132,97.90836653386454,4.586044926536749
2763,28.917894157051943,97.82721158820486,4.830568976146618
2764,30.071495521495972,97.74436090225564,5.0632168835349916
2765,31.118473659801815,97.66016713091922,5.2534027799027365
2766,32.07082183182777,97.57505773672055,5.481924003117817
2767,32.83044382316904,96.72033392963625,5.418500045007795
2768,33.417934663021164,94.93865030674847,2.9522773538084612
2769,33.94816445421998,92.94265910522999,1.5367083603452831
2770,34.42334391720821,90.72997416020672,1.2128353909070027
2771,34.84533530705938,94.44811632518176,3.2786145154995143
2772,35.59689511193118,93.0716723549488,3.1679760908006704
2773,36.270671592382556,91.48486980999296,2.7032011553137143
2774,36.871544391706216,89.68139029688632,2.176443219496461
2775,37.40344580763897,90.63197026022304,2.881942328458932
2776,37.86956830209505,90.40365575019041,3.2001194651674045
2777,38.27251087059312,90.19455252918289,3.6387413410820217
2778,38.614384504199336,90.00793021411579,4.4902995483328585
2779,38.896889291591684,89.84689766317486,4.557887468711728
2780,39.121371193490205,89.71428571428571,4.835300476676645
2781,39.28886375447942,89.61253091508657,4.9738512193021975
2782,39.40011825269318,89.54356846473028,4.9125072357210815
2783,39.455624615785766,89.50874271440466,5.111671522707189
2784,39.455624615785766,89.50874271440466,5.296544018622244
2785,39.40011825269318,89.54356846473028,5.457573895531301
2786,39.28886375447942,89.61253091508657,5.806128646524084
2787,39.121371193490205,89.71428571428571,6.007669208962321
2788,38.896889291591684,89.84689766317486,6.127940498637353
2789,38.736646191415936,88.57827476038338,5.311741212218348
2790,38.63113723951747,85.8108108108108,3.652910305871398
2791,38.454464050675405,82.96529968454259,3.520339630704853
2792,38.20535189876034,80.07020280811233,5.85721370594643
2793,37.88193726880735,84.92307692307692,3.6115687191483006
2794,37.48167810531678,85.17397881996975,3.7382319810039752
2795,37.00122018306067,85.45994065281899,3.833781799305397
2796,36.37826805904805,82.10412147505423,5.198845740734627
2797,35.66725637773144,78.83263009845288,8.618874710718291
2798,34.86060802778003,75.66552901023891,11.130380440790221
2799,33.9482900982687,82.4074074074074,5.914512825843459
2800,32.9165982533558,82.98144593730007,5.786392889798071
2801,31.74593880759523,83.55995055624227,5.482184559481734
2802,30.406301841035692,84.52593917710196,5.73773101060572
2803,28.84629424750347,85.34482758620689,5.1655452761795555
2804,26.957067394788847,86.02656336469286,4.490732576910671
2805,24.2245989416052,86.5814696485623,4.034866384902503
2806,23.953966930663693,86.77165354330708,4.029149347294925
2807,23.641507615016003,86.98347107438016,4.352156325065241
2808,23.286454720563402,87.21461187214612,4.799528143756259
2809,22.887908611792735,87.46268656716418,5.138506978907856
2810,22.444820949912174,87.72528007793473,5.148808945971565
2811,21.955975637726866,88.0,5.327441095696736
2812,21.41996507621385,88.28451882845188,5.3914851881107975
2813,20.835160403763748,88.5766092475068,5.697409446545135
2814,20.199673880968806,88.87417218543047,5.673306851835248
2815,19.511310838753325,89.28264604810997,5.742317988307131
2816,18.76750748907386,90.6054279749478,4.616919314373715
2817,17.96524917371215,91.78832116788321,4.475986434638767
2818,17.10096089097604,92.8374655647383,3.975298266788121
2819,17.10096089097604,92.8374655647383,3.9284300751951675
2820,17.10096089097604,92.8374655647383,3.8761695877244104
2821,17.10096089097604,92.8374655647383,3.7941859594714913
2822,17.10096089097604,92.8374655647383,3.661146902901532
2823,17.10096089097604,92.8374655647383,3.5281597160179285
2824,17.10096089097604,84.43526170798899,8.954301142079988
2825,17.10096089097604,88.07556080283354,5.684219066667275
2826,17.10096089097604,91.79456906729634,3.8696626854198772
2827,17.10096089097604,95.59228650137742,5.0366339045855115
2828,16.170357449286655,95.32442748091603,5.397073879035494
2829,15.678604147459765,95.73468620819241,6.042145572410579
2830,15.678604147459765,95.73468620819241,6.457953631147145
2831,15.678604147459765,95.73468620819241,6.746015254707602
2832,16.170357449286655,95.32442748091603,6.678463874831408
2833,19.09867446789201,95.12098373661246,6.77575874324271
2834,21.188500851307296,94.82687551525144,6.535127324198283
2835,22.954097524113987,94.43254817987152,6.144775411218146
2836,24.504570326328878,93.9279359430605,6.035887928731519
2837,25.89159020775283,93.69515011547344,6.0738188493995615
2838,27.14546786111888,93.45637583892618,6.109369450314231
2839,28.286123298519183,93.21233217304824,6.119027043876614
2840,29.327615752226038,92.9639175257732,6.123665249073799
2841,30.233191059673853,92.18458255534809,5.779451201058173
2842,31.017728964050466,90.74125103334252,5.314420575220687
2843,31.735640404671678,89.11003696332101,4.609468590559752
2844,32.390714301043204,87.28391444476999,4.085275226913322
2845,32.98610181055361,87.33795598432319,4.10907704680945
2846,33.52444317949086,76.43233199132858,10.010704639796632
2847,34.19251161145287,79.70644543714103,7.535688478473251
2848,34.97018642454236,82.38786279683377,5.01846368280312
2849,35.67086370651542,84.78556841388699,3.7570497429992566
2850,35.8488962942132,83.709787816564,4.7085851702625625
2851,35.93741848352766,85.8270418668497,5.411629607792094
2852,35.93741848352766,85.58682223747427,6.489489446410201
2853,35.8488962942132,87.30321697467488,8.172282873109666
2854,35.67086370651542,88.90401633764466,10.000226277540222
2855,35.40127633249925,90.37812288993923,12.35305383059384
2856,35.41828864157369,90.97080787508486,14.312790489113633
2857,35.75425277767388,90.79584775086505,15.834170149627289
2858,36.04019295771014,90.64039408866995,17.445747781955145
2859,36.27707881437578,90.50678087080657,19.10455148234262
2860,36.70487761216721,89.65768390386016,20.150496823502376
2861,37.300350415865566,87.92071802543006,20.18573262394121
2862,37.820256637169564,85.97701149425288,19.511998628012087
2863,38.26834075269227,83.82928739232577,18.636010333570177
2864,38.647586766877396,83.5195530726257,18.81899349194518
2865,38.9603614370175,82.68450932684509,18.30862318966944
2866,39.2085159668209,81.88167625308135,17.56755130878379
2867,39.39345856105023,81.12033195020747,17.36562581318928
2868,39.516205671364574,80.4093567251462,16.125338085875203
2869,39.516205671364574,77.02589807852966,14.47632043272674
2870,39.516205671364574,73.80952380952381,12.043388577389436
2871,39.516205671364574,70.76023391812865,10.85182863435965
2872,39.55447531826925,68.3549602344077,9.686577083233209
2873,40.95582002774175,66.75180928054492,8.428026186315103
2874,40.95582002774175,64.15495955725841,6.92542675201029
2875,40.95582002774175,61.72839506172839,5.41773344584896
2876,40.95582002774175,59.47211579395488,6.820914663822635
2877,41.9000910022846,58.203799654576855,9.383402850109364
2878,41.78337337839027,55.874785591766724,13.553520486607301
2879,41.60759102165863,53.565365025466896,16.000801330784174
2880,41.37187349033441,51.29815745393635,16.22573180214059
2881,41.07501941536413,60.749588138385505,8.303020591442806
2882,40.7154574891559,62.64135702746365,7.246148947858265
2883,40.29119191633483,64.57345971563981,5.905590310180289
2884,39.79972715852228,66.52542372881356,3.465655043190549
2885,39.237964015583294,68.47826086956522,3.0160331053537055
2886,39.55872937824546,69.87727779843809,3.3128203927400124
2887,40.493679564095096,70.66566378337721,3.7842426808218503
2888,41.11698659839163,71.25521425862723,4.650121815329951
2889,41.492852410915596,71.63553183377812,5.899116689707389
2890,42.25740739917342,73.31777518475302,6.846049999810715
2891,42.87888077178105,75.26711515631183,8.069938894130852
2892,43.37211996982697,77.1979124849458,10.45028224066679
2893,43.96125225111509,77.67269736842105,11.162028038641342
2894,44.66926538436707,76.72340425531915,11.937417753220258
2895,45.29384781396366,75.7908611599297,11.832835958426543
2896,45.840271658476304,74.8868778280543,12.276950690366279
2897,46.31270554658244,74.02416356877323,13.359135158052807
2898,47.98936420924779,66.57032755298651,12.148854689243922
2899,49.92319105882574,69.62663975782039,14.513274980879324
2900,51.39831442323061,72.67932489451476,15.43577166466778
2901,52.60224309649819,75.68756875687569,16.263463983942355
2902,53.3714454708918,74.83108108108108,16.088349967638244
2903,53.96443769277508,74.45464982778415,16.29966618499246
2904,55.45339026523727,72.06572769953051,16.022592903584815
2905,56.0759535488102,72.06572769953051,16.12009176830099
2906,55.608318635227484,70.01140250855188,15.707078068746442
2907,55.0555925069195,67.77041942604856,14.125303460802735
2908,55.0555925069195,63.079470198675494,7.868687463017654
2909,55.39869192569052,60.50847457627118,6.061904546927817
2910,55.67379660407295,57.37327188940092,2.1885644367894015
2911,55.88262361872186,54.09356725146199,4.077249555121812
2912,56.02642850722128,58.274231678487,2.6897532416465046
2913,57.4681179004344,57.86278081360049,2.901740160431839
2914,59.2503543684495,56.63492063492063,3.7010010715645003
2915,60.56649403021065,55.26141628060887,4.953277167173681
2916,61.60328239266487,53.74570446735395,6.658055410984962
2917,62.43119143362732,49.89339019189765,6.942391881629059
2918,63.08702076653312,52.74323335771763,7.4873318555701
2919,63.59270625609139,55.73033707865169,6.294417017317044
2920,63.96211022628807,58.81006864988559,3.8338666998396644
2921,63.998296312823946,58.89992360580596,4.441683695191936
2922,63.88946917171262,59.239543726235745,4.714937874023094
2923,63.632315406676824,59.81941309255079,4.9533723329557695
2924,63.218474487012145,60.62176165803109,5.001260675834865
2925,62.632689609701565,62.12889210716872,5.641717613159906
2926,61.84852993648411,64.05919661733616,4.831093426123653
2927,60.81759785054217,65.80204778156997,7.663330642206573
2928,60.75039350972482,66.68905305574211,8.914041964505687
2929,60.507394505434455,65.93625498007968,8.304821052194496
2930,59.958747014664674,64.3551523007129,6.732410037804527
2931,59.36575479278139,62.96766011414077,6.7129388131771925
2932,58.93121977968902,61.86915887850467,8.239768480327404
2933,58.396755632472974,62.610340479192935,8.608040004521168
2934,58.396755632472974,62.610340479192935,9.71713013149335
2935,58.396755632472974,62.610340479192935,10.849771670856727
2936,58.396755632472974,63.114754098360656,11.1540994241996
2937,59.189628970631226,65.03541532517707,15.337106373307158
2938,60.75162035282293,64.70198675496688,14.737843341579142
2939,60.75162035282293,62.78145695364238,13.610735289476892
2940,60.75162035282293,61.12582781456954,13.677091565220445
2941,60.75162035282293,59.735099337748345,12.805946222765103
2942,61.60183273449654,59.55585464333782,12.62545832273029
2943,62.28415034294632,60.38251366120219,12.196098231865822
2944,63.523236092532365,61.20749479528106,12.885657521759509
2945,64.5456547162274,62.63345195729537,13.127160821364582
2946,65.26594379535125,63.761801016702975,13.832750081815826
2947,65.88741716795889,61.14028507126782,11.535860618940484
2948,66.3806563660048,58.28835774865073,7.861636864004218
2949,66.7556826875266,55.240346729708435,6.1080355384192355
2950,67.01926364746743,53.963170536429146,7.4756903001762804
2951,67.17577494728555,53.67825383993533,8.599686599707955
2952,67.21471606203633,51.944894651539705,9.597221012607736
2953,67.40294100022149,49.223221586263286,10.518993597453587
2954,67.40294100022149,46.36140637775961,13.205395096986791
2955,67.3232827269191,44.83319772172498,15.924000669812377
2956,67.13616579670011,44.32823813354787,19.063728433526464
2957,66.83847235159178,44.1897233201581,20.876493619623567
2958,66.42491746066203,49.189189189189186,16.513865795683852
2959,65.83959684371743,50.71161048689139,18.127923445404225
2960,65.10912641763986,52.42227042660882,18.459547827906345
2961,64.21098005883412,55.1772063933287,17.685730135793918
2962,63.10786683003451,57.684630738522955,15.09284066191422
2963,61.728901399984835,59.93650793650794,13.952318982804961
2964,59.886987193231676,61.933534743202415,12.871009889917625
2965,57.44814320921409,63.75646180356117,12.786377602531493
2966,56.888529110073335,66.72231496939344,7.992013569193756
2967,56.233240480803026,69.4250403009135,6.113814358113529
2968,55.47388769555355,71.8572167615106,5.709102785203665
2969,54.64688919324969,73.69467926404774,5.339066878341086
2970,53.749568610360676,75.75178997613365,4.012532089344514
2971,52.721567831124204,77.54915409236396,2.489881373563515
2972,51.53905366864884,79.09925666812418,1.8435124114614014
2973,50.16360042504946,80.41753653444677,2.2726902136978304
2974,49.73074488251533,80.92720618137454,4.4610513093141595
2975,49.23781381514573,81.46977479257211,6.445663443518477
2976,48.68233652180365,82.03753351206434,7.307923589585099
2977,48.06131751313297,82.6231937754724,8.394191801811278
2978,48.838469399701346,82.1522309711286,7.845011951742982
2979,49.386031912996444,81.4982973893303,7.408180840349512
2980,49.73713349608382,80.73848496383708,6.181663845681871
2981,49.908939453997874,79.87781596029019,5.775763092236361
2982,49.908939453997874,78.92325315005728,5.3507581258875385
2983,49.73713349608381,77.88351732013705,5.326081427994408
2984,49.38603191299643,76.76882330684828,5.674327083440325
2985,48.838469399701346,76.37795275590551,6.34816433380009
2986,48.06131751313297,76.17636161541311,7.198670738501865
2987,46.98699379768184,75.90361445783132,7.740519899132836
2988,46.035495259877436,75.9768451519537,8.386773971365312
2989,46.14542686641452,76.06806661839246,8.39307799837643
2990,45.4172403391357,76.01302460202605,8.727478921482646
2991,46.02737498902971,76.90336749633968,8.417888953866917
2992,46.02737498902971,76.86676427525622,8.867629838824556
2993,46.624044225116954,74.33862433862434,10.367456666593316
2994,47.157011739141076,62.889408099688474,18.55615889564946
2995,47.629014345693165,64.97197758206565,16.76130470543202
2996,48.04231506003496,69.82758620689656,11.839652690050004
2997,48.39878222459608,73.38371116708649,11.465427146574799
2998,47.93992255930157,75.3034742570113,11.125308428360475
2999,47.56843338157197,76.3975155279503,10.128358779069591
3000,47.56843338157197,78.50931677018633,8.020480285113907
3001,47.56843338157197,81.11801242236025,5.5905072804496685
3002,47.56843338157197,83.89233954451346,3.2453105739710186
3003,46.70859225378625,84.79579458147998,2.7541260108013352
3004,46.70859225378625,87.82854832187627,2.8005303841740816
3005,44.58383333728269,88.30914083954492,3.299968748814472
3006,42.74191913052954,88.7790034233549,3.7770793458151326
3007,41.39567161552204,88.90560361037984,4.191743738592149
3008,41.51295671253038,88.82152330428192,4.563738538872612
3009,41.583182708235036,80.89074990483441,4.552000727581897
3010,42.07483511899445,83.85598141695702,3.063609076525353
3011,42.92626932314263,86.39808536098923,4.58193829027958
3012,43.6612824914283,88.8068880688807,6.253049467596604
3013,43.6612824914283,88.8068880688807,7.25247235886855
3014,42.54627400674396,88.59005704971476,8.235505727558165
3015,43.14000059105222,87.72954924874792,9.312434171749532
3016,43.640846254452946,86.87127024722933,10.40599048882934
3017,44.054238516968546,86.02430555555556,10.912934316834384
3018,44.38426770011452,85.19823788546256,11.415095358479965
3019,44.63397417800623,84.40285204991088,11.099759852881267
3020,44.80553694438078,83.64779874213836,11.240720962455498
3021,44.90039636661264,82.94223826714801,10.716391847189142
3022,44.91932987592905,82.29448961156278,10.172474047032098
3023,44.86249106617326,81.71171171171171,9.77667023900857
3024,44.729417275031565,81.19964189794091,9.794406162045744
3025,45.897409700175714,80.7570977917981,8.88643519909257
3026,47.40558991771566,80.22988505747126,8.862719684976176
3027,48.42800854141069,79.56989247311827,8.494053478438179
3028,49.14829762053455,78.77783041212696,8.203866383829952
3029,49.63299057416983,78.24007651841224,8.030357298459398
3030,49.913793585553826,78.11447811447812,8.117681868629287
3031,49.98292330077649,77.45664739884393,8.084479861373012
3032,49.262068954858606,74.13470533208606,7.114615161587395
3033,48.33524610537038,70.54054054054055,6.34933591582031
3034,47.26588263364867,67.44588744588745,7.186824509661039
3035,46.13854638975033,65.18828451882845,9.66764961102522
3036,44.89491609029025,63.699186991869915,12.993761154983876
3037,43.31025653185041,61.82033096926714,13.949525359914194
3038,42.300833645930815,60.89147286821706,15.73955007353605
3039,42.300833645930815,69.2248062015504,7.337157023792848
3040,42.300833645930815,72.28682170542636,7.510713425737226
3041,42.300833645930815,75.50387596899225,6.951136230889113
3042,42.420480703744246,75.703125,6.697010513541702
3043,42.49211494289664,75.98116169544741,7.001292692305118
3044,42.51596750497926,76.33647798742139,6.644499449060291
3045,42.49211494289664,70.99686028257457,8.980127056025262
3046,42.420480703744246,74.6875,7.82656086623365
3047,42.300833645930815,78.25581395348837,5.209684490114105
3048,42.13278351807127,81.6717791411043,3.0687308779696454
3049,40.85999157107977,82.78023598820059,2.515450888447397
3050,39.364751797702034,83.71104815864022,2.539122248758842
3051,38.66052371164656,84.14295628036086,2.6376651906685638
3052,37.83407743065483,84.02633402633403,2.6162933642095365
3053,39.09243134736692,83.72423596304193,2.5551102900809117
3054,40.11839277070683,83.30909090909091,2.5665414570198806
3055,40.9623317190662,83.07349665924276,2.68825737674028
3056,41.65309502270907,83.14436885865457,2.898991662011496
3057,42.20894578765927,83.26937835763623,3.231038898743677
3058,42.642055506781354,83.44988344988344,3.6453086677701783
3059,42.960677412707184,83.68627450980392,4.156204436260873
3060,43.17030412224415,83.97790055248619,4.8460451521475605
3061,43.27431216812997,84.3230403800475,5.2972219908257
3062,43.27431216812997,84.71892319873318,6.825587287935046
3063,43.17030412224415,85.1617995264404,7.967268651617161
3064,42.446056024192664,81.28810975609755,5.785299893374669
3065,41.63708538620515,77.59000734753857,4.903888591866266
3066,40.735601777562714,74.08062234794907,6.163079775823844
3067,39.73137882983829,84.26240652617267,7.440563011871182
3068,39.18659527294358,84.84343770819454,8.300734694311231
3069,39.18659527294358,84.77681545636243,8.31909750513965
3070,39.18659527294358,84.71019320453031,8.463316012084759
3071,40.247095352876414,83.35644937586684,7.514183644032878
3072,41.19847869643653,82.08363374188897,6.313139001410813
3073,42.052601002270656,81.02544910179641,5.532226814315325
3074,42.818356668280074,79.94569433669511,4.865640996388757
3075,43.502609898256914,78.85232744783306,4.512823085949792
3076,44.11076617852918,77.75476387738193,4.4210029249912575
3077,44.64714185292073,76.66382252559727,4.31973045366852
3078,45.11521298269921,75.59158632778265,4.3539541709665395
3079,45.51778823437537,74.55116696588868,4.77129811010638
3080,45.8571318315235,73.55637030247479,4.758154060872244
3081,46.13505239717737,72.62126865671642,5.031823438907454
3082,46.352967645085606,66.03595080416272,9.141524550680494
3083,46.51195134772932,69.55066921606118,6.062833981795591
3084,46.61276679219729,73.05101058710298,5.240454105414983
3085,46.65588948013518,76.496138996139,3.991323902782593
3086,45.856409479501195,76.61668228678538,4.096926103773002
3087,44.909152468391376,76.81488203266788,3.8003138242763304
3088,43.7847595555111,77.65118317265556,3.5592148843559377
3089,43.88749736513102,78.14655172413794,3.180773148078665
3090,44.14475201344435,78.213977566868,3.3528837876327233
3091,43.14170387867713,78.01204819277109,4.129984674583455
3092,44.1522170015491,79.90304098721904,3.5201204942850506
3093,44.88172249392428,82.11050724637681,3.1241095279124473
3094,45.18634100893193,83.47145488029466,3.775129842168043
3095,45.20037142225514,83.54838709677419,4.100410454256316
3096,45.20037142225514,79.90783410138249,5.647035646431607
3097,45.20037142225514,76.86635944700461,7.547337971439621
3098,45.20037142225514,81.05990783410138,5.675666911895986
3099,45.20037142225514,81.05990783410138,6.200090255841422
3100,45.20037142225514,81.05990783410138,6.740266884304177
3101,45.20037142225514,81.05990783410138,7.3047691884521715
3102,45.20037142225514,81.05990783410138,7.887224938258578
3103,45.20037142225514,81.05990783410138,8.463603008189871
3104,45.20037142225514,81.05990783410138,9.012088653955214
3105,45.20037142225514,81.05990783410138,9.071136432060573
3106,45.20037142225514,81.05990783410138,9.229613578239109
3107,45.20037142225514,81.05990783410138,9.501959214477566
3108,45.20037142225514,76.58986175115207,13.42613778887956
3109,45.20037142225514,80.04608294930875,11.198140839939363
3110,45.20037142225514,83.68663594470046,7.668955668124745
3111,45.20037142225514,87.51152073732719,4.495263809229835
3112,44.909152468391376,87.97640653357531,4.198488579255683
3113,44.54552560069448,88.46838824577026,4.102150375797398
3114,44.10678553344055,88.9808362369338,4.0284095799345225
3115,43.58943504446786,89.50722175021241,3.9504009472799675
3116,42.98898467679892,90.04132231404958,3.841515998993565
3117,42.29965613835985,90.57738572574178,3.8213217854830113
3118,41.51392980109944,91.11024844720497,3.8727998461640354
3119,40.62182438688337,91.63540885221305,3.991419390249166
3120,39.60968211018767,92.40231548480463,4.088520048927769
3121,38.45795139938497,93.27526132404181,4.3418377637138885
3122,37.13666055833502,93.96782841823057,4.65288951953957
3123,35.5944512795139,94.43013522215068,4.943311082600305
3124,34.711313893870134,94.60567823343848,5.182299511465786
3125,34.711313893870134,85.04731861198738,6.504891254136591
3126,34.711313893870134,88.99053627760253,4.671232908639661
3127,34.849215701487914,91.7329093799682,4.4112979413106785
3128,35.09096426164826,93.03450499838762,4.6920527467778
3129,34.97573576660402,89.81422165278667,4.8760974761820375
3130,34.711313893870134,86.02523659305994,6.765028810394552
3131,34.40095645173974,82.26906385616863,10.166951117616835
3132,34.043743511024736,78.57142857142857,13.437277178043107
3133,33.63857749991672,90.92801903628792,4.004156714925041
3134,34.77116235916526,91.17909117909117,4.241350428490257
3135,36.46927167741899,91.16490166414523,4.2656580613486215
3136,37.69624051202046,91.04890802829898,4.103624324001041
3137,38.63816945224283,90.82683307332293,4.028637556239681
3138,39.364753044674,90.74834227976002,4.064328472476742
3139,39.911841859205246,90.9148868345553,3.9046265176783614
3140,40.30019637913568,91.107544141252,3.7397451929155365
3141,40.54219867541248,91.32537891002902,3.602259356560649
3142,40.64476117637479,91.5670436187399,3.50053687503721
3143,40.61064869120729,91.83080400387472,3.3529359827946505
3144,40.43895199043616,92.11457998068877,3.287756892918088
3145,40.12493541795584,92.416,3.146611609939935
3146,39.65918940653505,93.14503332275468,2.9451618101710317
3147,39.02566112860697,93.7519623233909,2.8831203342698957
3148,38.19730135492663,94.23613263092656,2.988268400056259
3149,37.12522247910709,94.59871833994507,3.189278349205401
3150,36.217227578040394,95.07063420498947,3.805349356974672
3151,35.07050760904909,95.42097488921713,4.135980649229442
3152,33.57776609351245,95.65343378730803,4.4438987495227344
3153,32.61258613843289,95.72698594780614,4.648990517259438
3154,32.61258613843289,95.72698594780614,4.807307484057613
3155,32.13888762769751,94.4991314418066,3.7223894719706654
3156,32.13888762769751,90.30110017371163,2.539775659722968
3157,32.13888762769751,86.21887666473654,4.639046782345137
3158,32.13888762769751,82.2524609148813,8.406380516892458
3159,32.13888762769751,90.44585987261146,1.2755240869129763
3160,32.13888762769751,90.44585987261146,1.2728319741424658
3161,32.13888762769751,90.44585987261146,1.2705601057311364
3162,32.13888762769751,90.44585987261146,1.2686412041538835
3163,32.13888762769751,90.44585987261146,1.267037391612371
3164,32.13888762769751,90.44585987261146,1.5946742255547235
3165,32.13888762769751,90.44585987261146,1.5687417487141113
3166,32.13888762769751,90.44585987261146,1.6591230973005213
3167,32.13888762769751,90.44585987261146,2.2370672791868653
3168,32.13888762769751,90.44585987261146,2.7104353101806073
3169,32.13888762769751,90.44585987261146,3.1103720946898403
3170,32.13888762769751,90.44585987261146,3.440139294229996
3171,32.13888762769751,90.44585987261146,3.415506054720818
3172,32.13888762769751,90.44585987261146,3.377388437412508
3173,32.13888762769751,90.44585987261146,3.469733848978237
3174,32.13888762769751,90.44585987261146,3.865324341882371
3175,32.13888762769751,90.44585987261146,4.084753083845931
3176,32.13888762769751,90.44585987261146,4.1209496787326545
3177,32.13888762769751,90.44585987261146,4.046158875386384
3178,32.13888762769751,90.44585987261146,3.937729132983436
3179,32.13888762769751,90.44585987261146,4.036192048951326
3180,32.13888762769751,90.44585987261146,4.125619882611064
3181,32.13888762769751,90.44585987261146,4.208707564312954
3182,32.13888762769751,90.44585987261146,4.277342397213592
3183,32.13888762769751,90.44585987261146,4.346224563646958
3184,32.13888762769751,82.2524609148813,10.403812439049103
3185,32.13888762769751,86.21887666473654,7.074050876714395
3186,32.13888762769751,90.30110017371163,4.26860264730717
3187,32.13888762769751,94.4991314418066,2.8675273563163803
3188,30.208527717538374,94.85825458588104,2.9170396807784527
3189,27.43603142631051,95.09333333333333,3.0935988844870583
3190,29.03082676468819,94.99047100462838,3.157394567839755
3191,31.226337992818948,84.90780141843972,7.905792156415689
3192,32.972093368165325,88.41949778434268,5.011836805849047
3193,34.45624694945508,92.00737780510298,3.287600700550194
3194,36.686689598534,95.89875040051265,2.6583409623427188
3195,37.65971460365207,94.6822308690013,2.627982937314337
3196,37.65971460365207,92.44487678339819,4.00547892631747
3197,37.65971460365207,90.33722438391699,4.984803350947749
3198,37.65971460365207,88.35927367055771,6.490856644013676
3199,37.65971460365207,93.12581063553826,4.2509510784938165
3200,37.65971460365207,93.12581063553826,4.464145000054583
3201,37.65971460365207,93.12581063553826,4.653646957678785
3202,37.65971460365207,93.12581063553826,4.822413166617993
3203,37.65971460365207,93.12581063553826,4.978097382115502
3204,37.65971460365207,93.12581063553826,5.119408184713783
3205,37.65971460365207,93.12581063553826,5.253089838207075
3206,37.65971460365207,93.12581063553826,5.185725269078261
3207,37.65971460365207,93.12581063553826,5.044864891727452
3208,37.65971460365207,93.12581063553826,4.888537424193627
3209,37.65971460365207,93.12581063553826,4.730350184106953
3210,37.65971460365207,89.33203631647211,6.919305308441626
3211,37.65971460365207,91.37483787289234,5.190572509361642
3212,37.65971460365207,93.5473411154345,3.9875204732932525
3213,37.65971460365207,95.84954604409857,4.116200860004572
3214,36.119243883685485,96.03929024081116,5.5607904787312625
3215,33.722506701616595,96.10630407911002,5.710214002357856
3216,33.86479215971336,97.35202492211837,6.800655917932439
3217,34.11550630118443,97.31352718078382,6.964552532480004
3218,34.32164786805309,97.2808701215611,7.119775899115661
3219,34.48378060012282,97.25452196382429,7.263516733441722
3220,34.6023395729687,97.234873129473,7.398926776671224
3221,34.677638409292804,97.22222222222223,7.5245128866641675
3222,34.709874345277655,97.21676489849378,7.648901839525826
3223,34.699131360745525,97.21858638743456,7.780671611486476
3224,34.645381498872005,97.2276581865623,7.920749981161346
3225,34.54848442771769,97.24383916990921,8.07999706491829
3226,34.54848442771769,94.09857328145266,5.408954862641067
3227,35.073836104186746,92.31022017745646,4.849274808285892
3228,36.00992774484104,91.67509268621504,4.922531950881955
3229,36.81164637359924,91.16936874784409,5.235895573194179
3230,37.494779076977665,90.31349066572737,5.0015571265415
3231,37.678233115061616,87.85310734463278,4.661748078294486
3232,37.40738949888393,83.91243919388464,6.35103699181954
3233,37.0873275422101,80.01364256480218,9.795470385031361
3234,36.7169572132498,76.18570474281897,13.215257034166008
3235,36.29496582339862,88.80548302872063,4.239812927360556
3236,35.8197863604104,89.27434754933164,4.462041628516559
3237,35.289556569211584,89.74597273853779,4.420586354322902
3238,34.702065729359454,90.21673690547863,4.315285994820952
3239,34.05468468896745,90.68341121495327,4.252128220513405
3240,33.3442725475053,91.1431805319751,4.230008788621107
3241,34.1768461979788,91.40296835620275,4.270880122816223
3242,36.14545014899653,91.45202377582791,4.232746974509318
3243,38.051184540354456,91.51186053158045,4.192412146488057
3244,38.615643383142114,91.16212338593974,4.083395541004807
3245,38.615643383142114,90.55954088952655,3.9453325448406797
3246,38.12085555687021,88.39763446916362,4.180460061674064
3247,37.059335611324876,85.09081051775549,6.326372810843196
3248,35.891538739394996,81.85136897001304,9.107717167395647
3249,34.60087949483461,78.66633241413888,11.817335587961258
3250,33.163078736361264,90.6046735726331,1.4262707020127106
3251,32.08789481148917,91.42458749709505,1.2268767767808353
3252,30.91429291060071,92.29218014788259,1.3329594324776992
3253,29.62818155693277,93.02526452170157,1.9096499353793963
3254,28.209610543464635,93.6342833368005,2.629889844460325
3255,25.287285284336107,93.90365780531681,3.109695629327739
3256,26.788569105741995,93.38311553619582,2.932363320713319
3257,28.144094283847355,92.72649020873682,2.756267134836293
3258,29.378201614572387,91.94376255300156,2.447754243273587
3259,30.507542420803617,91.20980800370113,2.4216613414255144
3260,31.54419777626776,90.55835130601486,2.357461850737582
3261,32.49730558110582,90.22575043413545,2.2226159193942383
3262,33.37399368291903,89.88965871182961,2.3454298973760865
3263,34.179953658127125,89.55184301246354,2.203630313693911
3264,34.91981303409328,89.21434437448673,2.1770090493217515
3265,35.59738720220245,88.87948066610217,2.379449111072416
3266,36.21585584258419,88.5498401627434,2.6228844801136364
3267,36.77788999263571,88.2282641171198,2.8799971668408313
3268,37.28574570510149,87.9178166206685,2.896066358642228
3269,37.74133440312855,87.62174049638706,2.744853743080943
3270,38.146276548273484,87.34339865081914,2.959555828739651
3271,38.50194307177928,87.08620124549329,3.656684512245818
3272,38.80948763245106,86.85352018685352,4.13040189871339
3273,39.069871850386825,86.64859369705185,4.753290286681095
3274,39.28388504736381,86.47442499141778,5.248741405940619
3275,39.45215959559967,86.3336801942421,5.7451205131334255
3276,39.57518267128472,86.22859140160783,6.212354489491304
3277,39.653304986010404,86.16087109237795,6.621403119118235
3278,39.68674690069951,86.1316437873988,6.785306799312424
3279,39.6756021943945,86.14139992965178,6.904553821725579
3280,39.61983965122644,86.18997546442341,6.935852549786776
3281,39.51930253328479,86.27655869035179,6.705186143264851
3282,39.373705916963594,81.32550914739386,10.42866761131197
3283,39.1826317784146,84.30569771409075,8.6898383786072
3284,38.94552161250103,87.38647830474268,6.4203539126302
3285,38.66166625039199,90.27456169368178,5.009172296448082
3286,37.84239787197063,92.03084832904884,4.998024199194402
3287,36.37503961015817,92.65432098765432,5.121971379442249
3288,36.37503961015817,82.74691358024691,11.014965988887461
3289,36.37503961015817,86.79012345679013,7.927704914536702
3290,36.37503961015817,90.95679012345678,5.437741451850411
3291,36.37503961015817,95.24691358024691,3.7986618229555273
3292,35.99399925766802,95.34461910519951,3.8773167875888315
3293,35.5643835440828,95.44917257683215,3.934826274244065
3294,35.084783917621756,95.55940023068051,4.0103388747494995
3295,34.55354524909946,95.67415730337079,4.095183547673151
3296,35.515692518381925,95.30182232346242,4.18489447759732
3297,37.19977738505324,95.03464203233257,4.245757972125074
3298,38.38908168279388,93.39567504383402,4.993181603311009
3299,38.308287330348875,92.28992203291943,5.584528589079858
3300,37.53106466986612,89.24881318067578,7.12005098648323
3301,36.68243739469935,86.21526841111411,9.364666481232659
3302,33.851010661028994,82.68387096774194,12.708696530042088
3303,31.574910240876452,95.42645241038319,1.704197208625167
3304,28.3028449041846,95.61819043107532,1.3777828861163228
3305,26.92234070197368,96.16963064295486,0.9065663797532691
3306,27.02898440442644,96.52855543113102,0.9286742722171901
3307,28.36552716310596,96.43582224227386,1.175201966912121
3308,29.197914847993285,96.25765479700613,1.5117539701421672
3309,29.705311256738565,95.99362622353745,1.8780195845126235
3310,29.947899680756407,95.8266818700114,2.354438131359527
3311,29.947899680756407,95.8266818700114,2.9451395088004326
3312,29.705311256738565,95.99362622353745,3.6509990694500782
3313,29.723845121373003,96.20195587900841,4.45206347796258
3314,29.723845121373003,96.20195587900841,5.194993572664381
3315,29.04472188215752,96.0272417707151,5.917113390991816
3316,28.0162702233378,95.78708946772367,6.663289975686424
3317,29.340244269398973,95.36579628322748,7.294670158242194
3318,30.542117899822124,95.0915750915751,8.329947619516405
3319,32.73363414862332,94.83854563946097,9.17384143347252
3320,35.00284221989837,94.52855245683931,10.030946122364574
3321,37.569958805037494,94.1960566509303,11.18140802928152
3322,39.63416998142248,93.78449027011327,12.393439676936534
3323,41.18113840036815,93.17147192716237,13.560349675815958
3324,42.54028610985289,92.39302694136292,14.78124202629177
3325,43.750356162391505,91.43235196824347,16.649457300141
3326,44.83552981076462,90.54846498792688,18.54335529260821
3327,46.10159596996843,89.79812545061283,20.11438148738556
3328,47.47631352605639,88.82175226586102,22.19940182763275
3329,48.68311741203764,87.62845849802372,24.19115442257691
3330,49.75208411741801,86.19834710743801,25.991697062318558
3331,51.77669286518133,84.98915401301518,27.28241180505264
3332,53.850818916213406,84.02745995423341,29.123127005800217
3333,55.47153889693946,82.82682103232031,30.35571865652834
3334,57.68250471823454,81.60978094752929,31.244089671665208
3335,59.40941321275059,80.20441097364174,31.44793158124057
3336,60.549322219657434,78.32484436898699,31.896555958594348
3337,61.53313809967269,76.11408199643493,31.27547226542664
3338,62.38457230382086,73.55320472930927,31.106479110095442
3339,63.11958547210653,71.15009746588694,31.25588723184763
3340,63.749498142950664,69.1683569979716,32.11191106726394
3341,64.28260773561034,67.20392431674843,31.661249015432684
3342,64.8496656999817,64.60755813953489,28.604843969722342
3343,65.45465859317821,61.132075471698116,26.7512706042703
3344,65.97065087421716,57.377049180327866,23.859429322479503
3345,66.38410427938761,53.333333333333336,20.037994520758975
3346,67.89897215375244,49.87468671679198,19.604321894537033
3347,68.82149404194024,45.79759862778731,16.540496877899827
3348,68.82149404194024,40.737564322469986,9.980733262596676
3349,68.82149404194024,36.02058319039451,6.069910138667073
3350,68.82149404194024,31.646655231560892,2.9922761033407532
3351,68.82149404194024,36.449399656946824,5.409543108109442
3352,70.14792263243751,30.39647577092511,6.092713661262029
3353,71.78919314093547,31.974050046339205,4.115336442377692
3354,72.95546035746699,33.462657613967025,4.419189595055955
3355,73.83226073640895,34.81331987891019,5.2882544457011535
3356,74.34462730537675,36.46694214876033,6.60875829759569
3357,74.50144468308815,38.66943866943867,9.714888038699039
3358,74.40175722769605,39.56611570247934,10.011345113497221
3359,73.98791630803136,38.686868686868685,10.888644247645704
3360,73.96252883948392,34.07258064516129,7.652704808693253
3361,73.83512716556403,29.64071856287425,8.43479395368134
3362,73.60381013488215,33.13725490196079,7.0273845377919315
3363,73.26496989989623,34.51242829827916,8.592623453268473
3364,72.81292667145772,38.148148148148145,10.730570141687418
3365,72.23927362309156,41.62210338680927,13.907996585244407
3366,71.53171166536076,44.88054607508533,17.958953433956633
3367,71.22712108486225,44.48160535117057,17.23010570383231
3368,71.08303564302064,42.51247920133112,14.742591370839545
3369,70.60274082235237,40.06488240064883,11.63282631518356
3370,70.28006653823029,39.74255832662912,11.295002756338794
3371,69.55949183797159,38.98973954222573,11.1441946045868
3372,68.36047136050108,37.8544061302682,8.504589416295492
3373,66.28309951028272,36.565507031828275,6.987292603561318
3374,66.47532133472829,35.44583640383198,5.585481039844713
3375,66.31576166348248,33.57452966714906,4.9527162095438255
3376,65.25998005903199,32.0,5.0281876807580845
3377,63.97322707163401,30.40629095674967,6.805343468835765
3378,62.66846691033928,29.873417721518987,7.657678400320469
3379,61.0568410715417,29.5,8.023836352618805
3380,61.44711250836154,29.949238578680202,9.223854582860712
3381,61.702189639785864,30.256410256410255,10.105504174311495
3382,59.83056773359545,31.155778894472363,9.251564120743426
3383,59.89028298989455,32.49370277078086,8.32497665985691
3384,59.83056773359545,34.98743718592965,7.3472566270706015
3385,60.32009937502259,36.576121288692356,6.975924347598928
3386,61.11395849050197,37.09160794362588,7.037189583329954
3387,61.577093804590035,37.427278603749194,6.296626669636995
3388,61.86750255284932,37.67078724788549,6.40868529866677
3389,61.40175654142854,37.04414587332054,7.947931331642976
3390,60.768228263500454,36.25547902316844,8.465365406929854
3391,59.939868489820114,35.81452104942038,9.084677258257845
3392,60.16825033266136,40.53382991930478,7.97546932325359
3393,60.330405693407826,45.003142677561286,11.509487155062754
3394,60.42731602387661,49.58834705509816,14.656852466544818
3395,58.93457450833998,51.42857142857143,15.491469558054774
3396,58.93457450833998,52.27963525835866,16.776204004330356
3397,58.87174874005146,53.35753176043557,17.363938004794214
3398,59.19246034149476,53.23960880195599,17.839504093080436
3399,59.829784981382275,49.24717691342534,18.374360403618873
3400,60.18203180322834,49.589387239418826,19.161070760186067
3401,60.93030571680445,50.8749189889825,19.516332614728157
3402,61.076998921412276,50.8419689119171,20.343825419113738
3403,60.11634234915857,48.08168316831683,20.893970099294556
3404,59.565014809550746,46.89197344598672,20.710939503005587
3405,59.15086739110059,46.38805970149254,21.09835101518866
3406,58.523219017701265,46.208112874779545,20.967582681246256
3407,58.10937809803658,45.61810795124782,21.162470833030877
3408,58.4496113376994,42.42424242424242,16.357379551433755
3409,58.77664741113937,34.69015795868773,9.841099536221082
3410,59.086031627769145,35.421836228287845,9.684399905036722
3411,59.32042016243221,35.87641866330391,10.37140695417281
3412,59.32042016243221,35.30895334174023,9.547071509253996
3413,59.21247346807941,33.729662077597,8.218827314934234
3414,59.21247346807941,32.66583229036296,7.185753499570824
3415,59.21247346807941,33.103879849812266,7.064172346839316
3416,59.21247346807941,32.66583229036296,6.48813696569998
3417,59.14734490679901,32.66832917705736,6.230128884947319
3418,59.082042628559925,32.67080745341615,6.164587604645661
3419,59.19078314693449,30.9375,4.866107308202421
3420,59.56260781647165,29.575680810639646,4.147846769970197
3421,60.13309025903696,28.571428571428573,4.549307481874638
3422,60.546832247514836,27.64281024294156,4.7127061776241685
3423,61.05598453840507,26.95130086724483,5.917072170241537
3424,61.60354705170017,27.389830508474578,6.551183631527507
3425,61.954648634787546,28.307059629883483,7.439718377210879
3426,62.126454592701606,28.532046864231564,8.019649852693243
3427,62.126454592701606,29.083390764989662,7.995099055366108
3428,62.41613402388292,30.81761006289308,7.577487024939216
3429,62.39954654455819,32.44755244755245,6.397946405807986
3430,62.142392779522396,33.86426592797784,6.136214329886017
3431,61.72855185985772,34.924965893587995,6.228417115368947
3432,61.72855185985772,37.31241473396999,6.236403946896905
3433,61.72855185985772,39.972714870395635,7.7079040825185166
3434,61.72855185985772,42.905866302864936,10.993521567664903
3435,59.65118000963936,44.70899470899471,13.715909172369606
3436,59.13769059760108,47.14656290531777,16.377600845581867
3437,58.45996221921009,49.49367088607595,18.47830118971329
3438,58.18929195803092,49.24433249370277,19.200268215792285
3439,58.77255210359834,48.514211886304906,19.01067892420608
3440,59.46035034255136,46.25668449197861,18.477192620449863
3441,60.023826858440565,43.870523415977964,15.503369448951533
3442,60.300270986295246,38.27851644506648,9.972090231386115
3443,60.31920449561166,37.70147161878066,10.249677404237888
3444,60.262365685855855,37.54361479413817,10.332336367517808
3445,60.129291894714164,37.180373185901864,9.664137880757139
3446,60.17048786432161,37.85467128027682,10.610152904613695
3447,60.046502230649004,37.7670572019297,11.082953287703107
3448,59.75239367808866,37.406143344709896,11.048376741772783
3449,59.61446861604573,36.0789652825051,10.383984966968846
3450,59.69072348038525,35.133287764866715,9.736122168468471
3451,59.6653360118378,34.539249146757676,9.709968533222709
3452,59.95711211408919,33.88316151202749,8.727499302582288
3453,60.47406899698342,32.93789253314724,7.823917750816089
3454,60.19806587302001,31.31452167928424,7.367745987738323
3455,59.80472931115036,30.72248480756246,6.342226527598156
3456,59.28616252776361,29.99340804218853,5.504940339407843
3457,58.6049205121858,29.092071611253196,5.593712872509728
3458,57.78654846726968,28.633271490414348,4.905945939600316
3459,56.90520076255188,27.707959305804906,4.181468081685502
3460,55.91063041890314,26.747544771808204,3.6879974612831616
3461,55.91063041890314,27.26747544771808,3.2691355303777763
3462,56.39057988935527,30.158730158730158,4.485859606418592
3463,56.39057988935527,30.09994121105232,5.584408359482757
3464,56.39057988935527,29.98236331569665,6.819425518866044
3465,56.924459674909755,30.328358208955223,8.309812101264626
3466,56.92902688238994,30.065359477124183,9.325325226439247
3467,56.46784427278955,29.217391304347824,9.820302004963084
3468,55.727345378786055,27.83389450056117,11.346165370715813
3469,54.643164703649695,26.7529665587918,12.31194308929315
3470,53.98782840873481,30.355276907001045,14.800806902798183
3471,53.22110709554466,32.39152371342079,15.631356844826845
3472,52.32971445208589,34.35374149659864,16.55221051760299
3473,51.294430380654696,36.22782446311858,17.44049897362059
3474,50.29925745060076,38.10592459605027,17.312984124012214
3475,49.1484082853485,39.87941429801895,16.077446622671555
3476,47.803536776628064,41.54290429042904,14.012195997430238
3477,46.328172517374966,43.127962085308056,13.669973604044998
3478,44.697597613407645,44.633408919123205,12.515470962068
3479,42.87118671340481,46.05929139551699,11.753958769826678
3480,40.19969665603747,47.373876986869384,12.370681596979214
3481,40.19969665603747,50.58742225293711,11.21269880533985
3482,40.19969665603747,54.21561852107809,9.608295209221756
3483,40.19969665603747,57.98203178991016,5.5980845728584105
3484,39.84566445181595,58.76777251184834,6.244951787984273
3485,39.440958970057096,59.629384513567175,5.865699104624917
3486,38.98412997931592,60.555196901226594,6.190172052516966
3487,38.47345501630944,61.53362664990572,5.852715977353519
3488,37.90689263727482,62.55345143555284,6.021018085934715
3489,37.28202137620078,63.60403082394784,6.479726116013333
3490,36.595959007322065,64.67547386559448,4.806173244479703
3491,35.84525397004796,65.75875486381322,3.7736815461943003
3492,35.7069482419861,66.24622977789964,3.3158282959568126
3493,36.09031375433241,66.10636538991457,3.7000952277191215
3494,36.29830579878235,66.123238463664,3.9338877842416835
3495,36.33950176838978,66.15980094000552,4.314409347409182
3496,36.21551613471718,66.29864752967154,5.34089773005931
3497,35.921407582156824,67.00577398955183,5.400643638623884
3498,36.12201114333015,69.06555090655509,4.872370183385908
3499,36.899233803812905,72.65647533890971,4.4054302491737225
3500,35.96024521895135,73.20970042796006,4.384158846734839
3501,34.661576249107235,73.69754998591947,4.557394058694131
3502,32.49226089780849,74.11927877947295,5.105334536560379
3503,31.702840194354774,74.84242258152919,5.127149180247574
3504,30.702204587563575,75.4931099702783,5.478555871629083
3505,29.420149487982684,76.04360542408934,5.850798013205475
3506,30.22966633267522,75.96231493943472,6.538184367982385
3507,32.4406638472042,75.24557956777996,7.321882658645898
3508,34.24824388232165,73.78190255220417,7.999382578599722
3509,36.99704739243524,65.89945487583283,12.996755199385392
3510,39.05903805680968,68.79544736010116,10.218608976304193
3511,40.636327925159236,71.7441477085394,10.241457932281408
3512,41.99376320642986,74.75094469254552,9.70224670196322
3513,41.99376320642986,74.75094469254552,10.228248651528467
3514,42.60711834486623,76.55099894847528,9.827484649597654
3515,43.72397559396302,80.31352533722202,8.286047216003556
3516,44.71320291321712,84.28625520636123,6.806072670975742
3517,44.86066627480081,85.05922812380588,6.605867736417005
3518,42.4937492738425,82.65874489417007,7.391757201266761
3519,42.72078020726687,70.50847457627118,14.326150464712644
3520,42.8991995547101,71.84761904761905,14.436212999677911
3521,43.02958959705565,80.2919708029197,9.691031492290271
3522,43.11236854251306,84.12514484356895,6.469354210801957
3523,43.11236854251306,79.4515256855929,10.697985582288249
3524,43.11236854251306,82.65739667825416,7.8648943681375325
3525,43.11236854251306,86.01776747779066,5.072302621616282
3526,43.11236854251306,89.53263808420239,2.673778977414536
3527,43.14779874854251,89.50832365466512,2.5544541777098817
3528,43.1359917700922,89.5164410058027,2.409387897723779
3529,43.07691048069257,89.55684007707129,2.2941633052424466
3530,42.97036836821634,89.62877918101799,1.9878999614224857
3531,42.816025971619595,89.73095869647594,1.8689321739640752
3532,42.61338428644126,89.86157875046764,1.7767555947870186
3533,42.36177481252361,90.0184162062615,1.416813421315571
3534,42.06034573222254,90.19891500904158,1.0914100371694846
3535,41.708043471383576,90.4002833864683,0.8657525464041995
3536,41.30358858024302,90.619591554171,0.9429764058802519
3537,40.84544443472882,90.85386432669591,1.196295221868099
3538,40.33177663423185,91.10016420361248,1.6328686758305435
3539,39.76040005315544,91.35566188197767,2.0895415679177525
3540,39.12870911284042,91.61769254562326,2.7882303881591195
3541,38.433584671830914,91.8837975441749,4.123973837149467
3542,38.70446598878507,91.94312796208531,5.5227565400913985
3543,39.670021805035574,91.71650717703349,8.437727077999392
3544,40.32744132449962,91.3855421686747,10.54123390987522
3545,40.74183570643152,90.9503631961259,12.241329235631547
3546,40.741835706431516,90.19370460048427,13.432181581215207
3547,40.570029748517456,89.34178743961353,14.420938254754308
3548,40.21892816543008,88.64182692307692,14.76850295791782
3549,39.67136565213499,89.26014319809069,15.529821978706144
3550,40.12033553814735,89.6192742415229,16.580446173221556
3551,40.55419204023617,89.72602739726027,17.387688493660598
3552,40.120335538147344,89.58953004164188,18.179172253075897
3553,40.84854030368382,87.91512915129151,18.26548901497289
3554,43.044051531814574,87.30670103092784,18.734453756330865
3555,44.78980690716095,86.53846153846153,19.34880039624649
3556,46.273960488450705,85.59322033898304,18.853736876549736
3557,47.56859218443442,84.45347119645494,17.974785439044087
3558,48.7123502350529,83.75771604938272,17.982913829553
3559,49.72931291749036,83.05152979066023,17.46164362320683
3560,50.19556400713443,80.14796547472257,15.067240932919175
3561,50.19556400713443,75.17468146321414,11.357705335922907
3562,51.06049217276847,72.14496418036241,10.011520323833587
3563,51.49604463375754,58.83870967741935,5.350624209080726
3564,51.90690260623233,60.02632733655112,5.097085110187269
3565,51.90690260623233,60.02632733655112,5.360729244205413
3566,51.90690260623233,60.02632733655112,5.632226381779802
3567,50.0900312035136,57.40508969545265,7.69228803360716
3568,50.0900312035136,71.46433041301627,10.136565048253129
3569,47.71633914843805,68.98912605718888,10.17214143333166
3570,47.01226533532484,67.92377927749106,9.236933768954234
3571,47.15351772902102,66.56038262255879,8.375421171247586
3572,46.97720431637747,64.26603699330973,6.159196680362634
3573,46.34859615387044,60.90597639893414,6.333011129204817
3574,45.64791887189738,58.80191106210952,7.322738477837584
3575,44.87024405880789,57.279489904357064,8.197535055629631
3576,44.00939751181466,68.90555744971019,11.962531356679591
3577,43.11357391710977,70.66929133858268,12.26296614586317
3578,43.11357391710977,70.66929133858268,12.541361559366003
3579,43.11357391710977,70.66929133858268,12.88351959397653
3580,43.95664303586543,68.76702997275204,12.879203844276342
3581,44.72050753803134,66.66666666666667,10.53427490313377
3582,45.410713913275444,64.3640350877193,7.079320055497777
3583,46.031732921946116,63.670694864048336,6.05812240197179
3584,46.5872102152882,62.69470404984423,5.045350479701788
3585,47.0801412826578,61.77884615384615,4.623223232174064
3586,47.51299682519192,60.9375,3.6729853817759115
3587,47.8878144620001,60.18518518518518,2.574703487625044
3588,48.206266827849994,59.5360824742268,2.0889714133456483
3589,48.469712618828645,59.00349650349651,1.096822494970655
3590,48.67923496276464,58.59929078014184,1.6238492406532345
3591,48.83567008623355,58.333333333333336,2.472996933110154
3592,48.93962831269064,58.2129963898917,3.1462622030460174
3593,48.991508777597886,58.242753623188406,3.8758330250630664
3594,48.991508777597886,58.42391304347826,4.497181928651601
3595,48.93962831269064,58.75451263537906,4.669567363083538
3596,48.83567008623355,59.229390681003586,4.749970653902498
3597,48.67923496276464,59.840425531914896,5.068532614881724
3598,49.95955954590075,59.80304386750224,5.473626343342997
3599,51.709555709750724,58.35641735918744,7.508421848145325
3600,52.99161080933161,60.01899335232669,6.683674142705299
3601,53.992246416122825,61.53846153846154,6.397202058242726
3602,54.781667119576525,63.28358208955224,7.457937256273282
3603,54.475349183199874,63.97423191278494,7.8543005735678255
3604,53.81476745622661,64.60176991150442,8.594809445555848
3605,52.62824780826584,65.1603498542274,8.651049551157918
3606,51.47471075417356,65.73493975903614,9.366850505803237
3607,51.280426548797564,67.09832134292566,9.192722719517766
3608,50.92344843657741,68.37850689491204,9.47376088020193
3609,50.38956865102292,69.56317519962424,9.939362668033553
3610,49.653152378422966,70.64262598243181,10.635026455483635
3611,48.53108526235433,71.54508382419574,11.096535126172828
3612,46.93096154373399,72.33289065958388,11.814997670096014
3613,45.11308918146056,73.19498486813661,12.119302364061198
3614,44.68103570678674,73.60931435963778,12.736251030240336
3615,44.93438116072443,73.54358300481822,13.142791272497407
3616,45.130257430084704,73.56984478935698,13.263042851245023
3617,45.269553778316045,66.84563758389261,17.120712458167294
3618,45.352888703997834,70.76023391812865,15.69285999763295
3619,45.380626848583866,74.62821090581343,14.482892088162819
3620,45.352888703997834,78.40755735492577,12.145508527700835
3621,45.05685556479791,81.18636564851704,10.323786762344572
3622,44.69124636670892,83.76031263569257,8.641416546997148
3623,43.42769154194844,85.31762726125368,7.905064547484123
3624,43.27125641847953,88.67138692211579,5.4918971048294685
3625,42.76229035552095,88.18514007308161,5.657939128269982
3626,43.26473711603826,89.87086359967716,4.748199281634606
3627,44.376289155663386,91.0466067048242,3.897086413068837
3628,45.109527796497,91.94880264244426,3.8048717631932307
3629,45.36881118819038,92.29175300455864,4.190166374107467
3630,44.774216031459474,92.24102352455634,4.855627786142497
3631,43.21958322318893,92.33920524375256,5.848672891244858
3632,43.907381462141934,95.31184596065299,9.072373984416094
3633,43.907381462141934,95.31184596065299,10.719824224261494
3634,42.97782494326809,90.923759580476,8.830640032398199
3635,41.91871022692874,86.72875436554132,8.337033180791076
3636,40.70612862591684,83.00409988818487,8.806965458468591
3637,39.301586316816156,93.63603861279942,10.696159889590048
3638,37.63314439421603,94.14182939362796,11.259795389883642
3639,35.51277790140577,94.48999672023615,11.807883938069622
3640,33.76280610289819,94.66666666666667,12.303685694635858
3641,34.91184105139549,94.66835925103142,12.64576145942852
3642,36.609950369649226,94.46422790547102,12.772243528276713
3643,37.83691920425069,94.13509060955519,12.873732042281013
3644,38.337980047156854,92.99236134174693,12.329107733139502
3645,38.337980047156854,91.23214878777814,11.59766094577386
3646,38.063797489733844,88.34315651604453,9.926409550422978
3647,38.194004721443235,86.16433907112699,8.161247213411768
3648,37.54692283413142,82.21592697513377,5.4548682813048215
3649,36.834204354993176,78.43435881815412,4.272033714505493
3650,36.451977142992895,76.13057801737047,4.635533201217593
3651,35.63279710233013,72.69308649117733,5.505799554763444
3652,34.73584207474303,69.43901758303097,7.29031491103314
3653,33.75404666821307,66.5859564164649,10.14907919009514
3654,32.678331215181885,77.37755895309665,3.1571869373640475
3655,31.49666902409142,78.4983786480419,2.1758845486964695
3656,30.192459636165992,79.48164146868251,1.7279370211119294
3657,28.741409898769938,80.33694899607661,1.4116690578653217
3658,27.104672683793428,81.05169735966275,0.5452469040195203
3659,27.104672683793428,81.05169735966275,0.6239695947694804
3660,27.104672683793428,81.05169735966275,0.7570800733910987
3661,27.104672683793428,81.05169735966275,0.9560409548840351
3662,27.104672683793428,81.05169735966275,1.2237670848313904
3663,27.104672683793428,81.05169735966275,3.077213886362072
3664,27.104672683793428,81.05169735966275,3.6753841972114416
3665,27.104672683793428,81.05169735966275,3.836085295543534
3666,27.104672683793428,81.05169735966275,3.793136796627909
3667,27.104672683793428,81.05169735966275,3.743771356505583
3668,27.104672683793428,81.05169735966275,3.717032030704566
3669,27.104672683793428,81.05169735966275,3.7165152239494756
3670,27.104672683793428,81.05169735966275,3.7389355662000012
3671,27.104672683793428,81.05169735966275,3.770556770049143
3672,27.104672683793428,81.05169735966275,3.8201110250963137
3673,27.104672683793428,81.05169735966275,3.8788063128874466
3674,27.104672683793428,81.05169735966275,3.9327946266686413
3675,27.104672683793428,81.05169735966275,3.9845626329354245
3676,27.104672683793428,81.05169735966275,4.03639278669962
3677,27.104672683793428,81.05169735966275,4.117641269953695
3678,28.741409898769938,80.31387029771521,4.198102491985988
3679,31.1282705892612,79.61048328925223,4.0042653404017585
3680,33.41792115277878,78.94604767879548,3.8874550190443355
3681,35.2601650708425,78.1618224666143,3.921953866410579
3682,36.84327693261897,77.24665391969407,4.240054793384738
3683,38.23946672108083,68.014810595272,8.033484893143509
3684,39.487523331755305,71.44553279905017,6.806218961152984
3685,40.61167746169532,75.11591962905719,6.083075027787677
3686,41.62846247228401,79.0286265680283,4.393594442958264
3687,41.54873793326865,79.05557340186316,5.222957106849297
3688,41.3066334036512,79.136,5.975700946129836
3689,40.89266226090402,79.26868044515103,7.0356231484749845
3690,40.288236940164396,79.6722344784116,8.110890599235415
3691,39.45917996183993,80.24306637581802,9.010731847965426
3692,38.3371128457713,80.72548416845989,9.785022465337976
3693,36.736989127150956,81.1195158850227,9.91729691692515
3694,35.7003057534377,81.21009425357252,10.585435330712622
3695,36.20015878486622,81.09204368174727,11.399251804064253
3696,36.64752400370174,81.01629913710451,12.203587685787271
3697,37.04400934087973,80.98660568441686,12.745922423965114
3698,37.390972099075256,72.30923025658115,17.455303633888597
3699,37.68955107843631,76.26314004747373,15.882096587132914
3700,37.94069165767309,80.27538726333907,13.487874084534575
3701,38.14516535736597,84.31509236667829,10.526685346556377
3702,36.92813173876118,85.1135978297728,9.992564203844113
3703,35.440455424603556,85.77543628580837,9.730133262463049
3704,33.49458299139331,86.30705394190872,9.484044071934509
3705,32.29708988072591,87.09277071051815,9.06509522998407
3706,30.874522701453227,87.74465522433002,8.69117140458408
3707,30.915657229439468,91.30697253244793,6.67588137523529
3708,29.409837619933494,93.17507418397626,5.8274543027499375
3709,29.379255885054555,96.53436018957346,3.6449691195217286
3710,28.488459666056087,98.2853821563499,3.6509326067666654
3711,28.387163692017225,98.29529037850332,3.6923379318609713
3712,28.245019836125092,98.30897105187732,3.7427724819234998
3713,28.061693043124713,98.32624113475177,3.7899448488692045
3714,27.836744358343196,98.3468758755954,3.8426361234503035
3715,28.474062452798364,98.25450450450451,3.884234211821326
3716,29.774523171459155,97.95624640184225,3.942737969225251
3717,30.168211212446284,95.70481406745459,4.4202771340243725
3718,29.801421267149575,91.63132598247103,7.101844163697234
3719,29.388146507033913,87.84943260448381,9.372213305288788
3720,28.927145156354904,83.98701649986475,13.094010358841464
3721,28.416965099863457,95.83003430984428,3.3476348753727287
3722,27.85591091570967,95.93725893545898,3.301012961233
3723,27.24200182343357,96.04703527645734,3.124604017628341
3724,26.57291747077886,96.15852176027231,3.023092085488508
3725,25.845927098232472,96.27094642435685,2.7941653486765827
3726,25.057795456287202,96.38361181048295,2.6649006950718013
3727,24.204655360417732,96.49589709469949,2.784737269261449
3728,23.281830931602176,96.60725789134636,3.228996788319724
3729,22.283585384796602,96.71722418450031,3.9088914409693887
3730,21.202748540044126,96.82539682539682,4.843652176350164
3731,20.03014280207794,96.9314429986405,6.082528281087433
3732,18.753649824574573,97.0350910114468,7.225517600852508
3733,17.35658324130145,97.13612470545587,8.351204883708595
3734,15.814569267871228,97.35690530369332,9.522059964483677
3735,14.088684996012587,97.63393611627514,10.699132402013833
3736,12.106594749751542,97.82998857888725,11.870616360781508
3737,9.679905889030268,97.95243345408726,12.962297431252038
3738,8.781452263906967,97.86028949024544,13.984963522574876
3739,8.781452263906967,97.86028949024544,15.022394662314841
3740,10.285745784398873,97.51219512195122,15.872911464245929
3741,12.685250517465018,97.25635414913314,16.779415343303146
3742,15.090258028539147,97.10246116250654,17.65559232428002
3743,16.77006660054322,96.74620390455532,18.589272918353704
3744,18.010315806104956,96.16822429906541,18.222460967037303
3745,18.593328077480496,93.91866210566324,16.76358969445989
3746,18.593328077480496,90.13683010262258,15.248503586059286
3747,18.593328077480496,86.60205245153934,13.486283426704935
3748,20.268539879786548,84.61538461538461,12.210320497868747
3749,21.749278067749543,83.91889178879742,12.599188635504351
3750,22.281896324636975,81.5880791998367,11.19116504026811
3751,22.281896324636975,77.93427230046949,8.750486849229645
3752,23.648269960889746,77.05160744500846,9.755229481047804
3753,25.20505157573686,76.27416520210896,9.479902362393725
3754,26.598516689699487,75.38777372262774,8.95201287638307
3755,27.858982026020602,74.3844696969697,9.122670546431909
3756,29.006374036234643,73.45284872298625,8.67846309742578
3757,30.054758838818984,72.68329938900203,8.456199798508719
3758,31.014563666298926,71.91455696202532,7.946252574567657
3759,31.893796571866574,71.15174672489083,7.326602565080155
3760,32.69877241389562,70.40067720090293,6.846108931354736
3761,33.434572023905204,69.66783216783217,6.362132609723332
3762,34.10534669233128,68.96033653846153,6.189648298806094
3763,34.71452785332833,68.28589108910892,5.295435043626287
3764,35.26497597358725,67.6526717557252,4.7873403676684125
3765,35.75908894589187,67.06919060052219,4.291574104145709
3766,36.19888261915903,66.54411764705883,3.8453621374964215
3767,36.586051602207256,66.0860655737705,3.6874107793894924
3768,36.92201573830745,65.7033426183844,3.929391640739889
3769,37.20795591834371,65.40368271954674,4.372579200181313
3770,37.444841775009344,65.19396551724138,4.57134656000831
3771,37.633453046864474,65.07994186046511,5.049195599402176
3772,37.77439588231733,58.79765395894428,10.60784060412909
3773,37.86811498612015,62.13126843657817,8.521093384846308
3774,37.91490224218828,65.23668639053254,5.464743472599943
3775,37.91490224218828,68.60207100591715,2.033417586647071
3776,37.23671841005422,70.17291066282421,1.8499110880877312
3777,36.46173505732591,71.39355742296918,1.2882117728892732
3778,36.371567158967935,71.83147632311977,1.3647689530810478
3779,36.23599113353011,72.34116022099448,1.3589572733789648
3780,36.05461163995705,72.91666666666667,1.617721752175444
3781,35.82689071171726,73.55121293800539,1.2146442497455396
3782,35.552137836418815,74.23740053050398,1.4386506332470554
3783,35.229496711888466,74.96744791666667,2.6520405260478794
3784,34.85792800895632,75.73341836734694,2.5749177497325935
3785,36.00696295745362,76.15556263946446,3.089911645705785
3786,37.70507227570735,76.16260162601625,3.7143728521906154
3787,38.932041110308816,76.1006289308176,4.360283672832808
3788,39.87397005053118,75.96638655462185,5.3054491963166495
3789,41.53636459605758,75.96449300102424,6.3123027494056325
3790,43.06889458618096,76.10128338536246,7.05441765890131
3791,44.55168733517346,76.27595916930659,7.77264351859856
3792,45.546352777322205,76.38047737798361,8.42810568446713
3793,46.23603622604519,76.4113628191298,8.950656558243963
3794,46.68661669451297,76.61961635903003,9.09387843016799
3795,46.68661669451297,76.61961635903003,9.331183580320346
3796,46.68661669451297,76.61961635903003,9.497345692315802
3797,46.68661669451297,76.61961635903003,9.600374383422968
3798,46.62677873412382,76.53651482284889,9.652622202182409
3799,46.38467420450637,76.81785457163427,9.419135984007756
3800,45.97070306175919,77.0192994996426,9.056498556284298
3801,45.366277741019566,77.14083510261854,8.99719361125775
3802,46.00457902450758,80.79736649597659,7.101423194508247
3803,46.577854632560744,84.60377358490567,5.428548336176333
3804,45.65685415315589,84.59539717891612,6.561905437725551
3805,44.44944014674677,84.48652585579023,6.670527645748672
3806,44.44944014674677,86.12527312454479,7.43189187557312
3807,44.44944014674677,87.90968681718864,8.413845164295738
3808,44.44944014674677,89.83976693372178,9.634088224858203
3809,44.27224357219259,92.28519195612431,11.342591630501973
3810,42.97406832952731,92.10241615578795,12.156816641269867
3811,43.349848231963215,92.90651145871226,14.153154754678706
3812,42.00506916921888,91.80445722501797,14.669861976963418
3813,42.37417008414579,89.0889052167524,14.083773420739766
3814,43.07104765099066,87.32500945894816,13.808415770942856
3815,44.04104082798471,86.2475442043222,13.813082834601165
3816,44.89907707195545,84.64358452138492,12.983062309155684
3817,45.65682763291523,82.80657395701644,12.381533235047325
3818,46.3229838445322,81.77468464549804,12.033376235916398
3819,46.904185631838956,81.05687416032244,12.192662069028088
3820,47.40558991771566,80.36781609195403,11.614601163557804
3821,47.62766679769388,77.80362959516054,10.278923227817165
3822,47.62766679769388,73.47603536528618,8.432019323602912
3823,47.62766679769388,69.3345742205677,6.998291787179624
3824,47.62766679769388,65.37924616100511,5.26634249831589
3825,47.62766679769388,76.12843182875756,9.522231680191927
3826,47.62766679769388,76.12843182875756,9.592112344784521
3827,47.62766679769388,76.12843182875756,9.666905409598614
3828,47.831236549753655,74.72941176470589,8.985534112158351
3829,48.18429279808989,71.77148343734997,7.01334644942052
3830,48.28510824255786,67.9555340744321,4.667462376467744
3831,48.32823093049575,64.03296170625303,1.8062857389477813
3832,48.31386227313308,60.87167070217917,3.724668207563301
3833,48.2419352900738,65.83132530120481,1.9139580417028927
3834,48.11211272084227,65.55183946488295,1.4306465510326176
3835,47.92377741435787,65.40821142048136,1.315026217530776
3836,47.676014299401345,65.39712029725963,1.311434321549189
3837,47.36758258048424,65.5125284738041,1.4035909696270548
3838,46.99687594797099,65.74610244988864,1.829030459229881
3839,46.56186739061779,66.08771168041685,2.9101503719356665
3840,46.06003341322158,66.52596032081047,4.06814788196981
3841,45.48824967939922,67.0487106017192,5.777007562145479
3842,44.84264557260471,67.04950495049505,7.282503056482837
3843,44.11839747455323,69.1395793499044,9.81861383764025
3844,45.990019380743654,69.9961285327139,10.843795384548114
3845,46.96048034999851,70.652598671356,11.797420825735498
3846,47.163052662260114,70.76320939334639,12.762921363342485
3847,46.96048034999851,70.652598671356,13.681768800256977
3848,46.169216912332786,70.4968944099379,14.403442427584215
3849,44.333781092678244,69.68534151957022,14.594191916902268
3850,42.997238333998716,68.84003032600455,14.899631123616894
3851,41.89031411164736,66.39004149377594,13.398966895226835
3852,41.96656897598689,69.48960302457466,15.593889193324285
3853,41.941181507439445,71.21269361541367,16.231675112258255
3854,41.81377983351956,72.48776815957847,16.75406348946952
3855,41.954763446925085,73.10764549258273,17.16409276986479
3856,42.39715848674331,72.88333983612954,16.743831478976254
3857,42.596596353405154,70.66719305171733,15.50585096104519
3858,42.596596353405154,66.52191077773391,12.539710276772972
3859,42.596596353405154,62.53454401894986,8.617978786388495
3860,42.934117574997266,59.670947030497594,6.3984646942894425
3861,42.934117574997266,55.93900481540931,6.091413597308355
3862,42.934117574997266,52.367576243980736,9.500259035430341
3863,42.934117574997266,48.95666131621188,11.863244012078928
3864,42.934117574997266,54.09309791332263,10.307053873372638
3865,42.934117574997266,54.09309791332263,10.954594235390177
3866,42.934117574997266,54.09309791332263,11.727441709952942
3867,42.934117574997266,48.9967897271268,15.056817466254776
3868,42.934117574997266,52.08667736757624,14.869552336429171
3869,42.934117574997266,55.65810593900481,12.959385846805834
3870,43.25176051788069,58.41826335099878,10.653154921689593
3871,42.953063517966285,57.482855990318676,11.921892646408924
3872,43.25422997572386,58.56966707768188,12.284258385778394
3873,43.50133764196374,59.49895615866388,11.873618164795813
3874,43.69537108563491,66.38477801268499,7.196276115358499
3875,43.20436829492394,67.44089589382,7.157149866125867
3876,42.614667861823705,68.55983772819472,7.207411388289962
3877,41.9181355973014,69.72694895132568,7.440338845365261
3878,41.1035939598698,71.42857142857143,7.412932549935017
3879,40.155208285883994,72.97196261682242,7.359529475302412
3880,39.04937867926767,74.35711698659905,6.463887305018175
3881,37.74788781283708,75.55166374781086,6.924101543196152
3882,37.74788781283708,75.55166374781086,7.545918465575935
3883,37.74788781283708,75.55166374781086,8.259523765384872
3884,37.74788781283708,75.55166374781086,9.004468606798167
3885,37.74788781283708,69.84238178633976,12.94410160139481
3886,37.74788781283708,73.2399299474606,11.848248545689033
3887,37.74788781283708,76.77758318739055,9.879193296630577
3888,37.74788781283708,80.4553415061296,8.73052446445411
3889,36.179045344629394,81.36624957727426,8.070960740247894
3890,35.2205296769647,81.96286472148542,8.395977260148344
3891,35.13365319669376,82.45382585751979,8.192497841794173
3892,35.00304864021557,82.98429319371728,8.560720150087448
3893,34.828362958393086,83.54922279792746,8.251090019561035
3894,34.609116446187215,84.14322250639387,7.982523815969175
3895,34.344694573453324,84.76070528967254,7.562753827092526
3896,34.03433713132293,85.39603960396039,7.079858692742273
3897,33.67712419060793,86.04368932038835,6.9166920627548345
3898,33.27195817949991,86.69833729216153,6.871316722944208
3899,32.81754113078948,87.35498839907193,7.0043423167528465
3900,32.31234579049375,86.02941176470588,8.440741506381247
3901,31.754578768181936,88.07819383259911,7.292491949595857
3902,31.14213316135317,89.93576017130621,6.877831561410473
3903,30.472526965322487,91.60602910602911,6.437380820896136
3904,29.42712356642095,92.52008032128514,6.456611211754576
3905,27.922787091208413,93.12258687258688,6.225401484113263
3906,26.20232816036923,93.59925788497218,6.076546498763761
3907,24.156683266242283,93.96167557932264,6.135375906107725
3908,21.271631179371884,94.2208904109589,6.2889132575335625
3909,21.271631179371884,94.2208904109589,6.502484700811414
3910,21.271631179371884,94.2208904109589,6.705325095961669
3911,21.271631179371884,94.2208904109589,6.892741836897456
3912,21.271631179371884,94.2208904109589,7.066708465274206
3913,21.271631179371884,94.2208904109589,7.231793342399058
3914,21.271631179371884,84.39640410958904,14.396108459018546
3915,21.271631179371884,88.18493150684931,11.07999343520894
3916,21.271631179371884,92.05907534246575,9.046982631653389
3917,21.271631179371884,96.01883561643835,5.100701220070606
3918,20.45126583712472,97.11258828417117,3.4862407316631274
3919,19.56657460921107,98.06607574536665,2.9679028968890973
3920,18.612853301100277,98.88715345568137,2.4401109847996656
3921,16.84636710809334,98.94419306184012,2.38688288351354
3922,15.772049798254617,98.97735573411249,2.2845388492866063
3923,14.61155260696702,99.00990099009901,2.1513838185711474
3924,13.35434947684245,99.04175222450377,2.009381354158018
3925,11.98628146149582,99.0728476821192,1.8660616220680237
3926,10.487334801606254,99.10313901345292,1.7291499287747107
3927,8.827110556016208,99.33395291201983,1.5708205416958354
3928,6.9538546023610674,99.49071300179749,1.444731448626467
3929,4.758382620976999,99.57995365005793,1.3796507283654704
3930,3.4502350984670764,99.6011964107677,1.369635715475548
3931,4.758382620976999,99.57995365005793,1.6297569994766579
3932,6.9538546023610674,99.49071300179749,2.527459658799598
3933,8.827110556016208,99.33395291201983,3.8472262137892974
3934,10.487334801606254,99.10313901345292,5.394301020824004
3935,11.98628146149582,99.0728476821192,5.5209435090736685
3936,13.35434947684245,99.04175222450377,5.647715026222645
3937,14.61155260696702,99.00990099009901,5.776532598351584
3938,15.772049798254617,98.97735573411249,5.907275815226636
3939,16.84636710809334,98.94419306184012,6.048496261666878
3940,19.026076441596146,98.90646358133178,6.200115855041315
3941,20.764943200245515,98.46278317152104,6.235074513091891
3942,21.677387609705455,97.5584307178631,5.93528707459787
3943,22.523140420500056,96.51462994836488,4.994603893305402
3944,24.15668326624228,95.83333333333333,4.7330556596255065
3945,26.20232816036923,95.54730983302412,4.720131632506106
3946,27.922787091208413,95.1496138996139,4.610240070972786
3947,30.32557719154425,94.79507166205683,4.476410678299555
3948,33.1570039252146,94.53924914675768,4.397790748998059
3949,35.974235151399114,94.26611796982168,4.354831853653024
3950,38.6209560781616,93.94721744119335,4.348195045599175
3951,39.81012312051653,91.4906103286385,4.033072756400103
3952,39.81012312051653,87.00117370892019,5.123527003915282
3953,39.81012312051653,82.62910798122066,8.558870955723261
3954,39.81012312051653,78.3744131455399,12.009566537950374
3955,39.81012312051653,91.31455399061034,1.9520872687665238
3956,39.81012312051653,91.31455399061034,1.9520872687665238
3957,39.81012312051653,91.31455399061034,1.9268546025177653
3958,39.81012312051653,91.31455399061034,1.8469331160027675
3959,39.81012312051653,91.31455399061034,1.7104434083536024
3960,39.81012312051653,91.31455399061034,1.522487772383889
3961,39.81012312051653,91.31455399061034,1.309967546009662
3962,39.81012312051653,91.31455399061034,1.1035829679593794
3963,39.81012312051653,91.31455399061034,0.9461628172663773
3964,39.81012312051653,91.31455399061034,1.2499928540076115
3965,39.81012312051653,91.31455399061034,2.385755929238984
3966,39.81012312051653,91.31455399061034,3.9481452791795926
3967,39.81012312051653,91.31455399061034,7.358751901716173
3968,39.81012312051653,91.31455399061034,7.918291064301074
3969,39.81012312051653,91.31455399061034,8.214358039252286
3970,39.81012312051653,91.31455399061034,8.397508907988653
3971,39.81012312051653,91.31455399061034,8.565314142841732
3972,39.81012312051653,91.31455399061034,8.72817916925359
3973,39.81012312051653,91.31455399061034,8.887108774216797
3974,39.81012312051653,91.31455399061034,9.038936107324435
3975,39.81012312051653,91.31455399061034,9.182419524044011
3976,39.81012312051653,91.31455399061034,9.328762365414844
3977,40.8395484371637,91.05642256902762,9.425082245180658
3978,42.60899659362434,90.42686754551161,9.475433510755435
3979,44.11748791288132,89.63254593175853,9.386108572497532
3980,45.43713840753385,88.65661411925977,9.250918840293515
3981,46.606635540936615,87.76824034334764,9.127255523777016
3982,47.650100303395426,87.09917971662938,9.260054880089887
3983,49.00859126549385,86.3157894736842,9.320139144444452
3984,49.45811895257795,82.93556085918854,10.23034173905885
3985,49.45811895257795,77.96340493237868,12.757623094078337
3986,49.45811895257795,73.15035799522673,15.89955121204799
3987,49.45811895257795,59.14876690533015,26.778831142524957
3988,49.45811895257795,75.57677008750994,15.22785594548248
3989,49.45811895257795,80.46937151949085,12.822866992574266
3990,49.45811895257795,85.52108194112968,8.765057069037391
3991,48.47153760202329,86.53919694072658,8.192532112802718
3992,47.82513112480517,87.43068391866913,8.168285965156834
3993,47.10717156801478,88.29825187299322,7.535683097965653
3994,46.312701435448,89.13716053626676,7.554510068521361
3995,45.43551983152483,89.94376447237843,7.223269558048899
3996,44.46772422096227,90.7154213036566,6.69348311540017
3997,43.39898525973682,91.8473282442748,6.518678306003214
3998,42.215327807694834,92.79226486961618,5.956605580160917
3999,40.89691011776374,93.56560831694296,5.429832991305764
4000,39.41349446192967,94.18260166980878,5.113135797677717
4001,36.575094757976224,94.46304403811486,4.906570294742864
4002,34.86137239995079,94.91232403062484,4.374024382216842
4003,32.8223151887789,95.24035046175705,3.9151876434505466
4004,29.943708334447166,95.45970488081726,3.66843302328272
4005,28.190663219970684,95.83242417630373,3.4707058923654794
4006,26.113129562798925,96.09981128119102,3.197019763539972
4007,23.1968568983919,96.27241587749346,3.058987350756666
4008,20.268539879786545,96.43479945746948,2.8802507976696847
4009,17.58567168885603,96.6237642230927,1.6758122057304028
4010,15.203163929990762,96.80143755615454,1.4769876378582099
4011,13.995819799477069,97.35606192381283,1.1279729481206104
4012,13.995819799477069,97.35606192381283,1.0040948217347236
4013,13.995819799477069,97.35606192381283,0.8851761070487947
4014,13.995819799477069,97.35606192381283,2.264831184541236
4015,13.995819799477069,97.35606192381283,2.6389125064245635
4016,13.995819799477069,97.35606192381283,2.7217443142200737
4017,13.995819799477069,97.35606192381283,2.77821943814423
4018,13.995819799477069,97.35606192381283,2.837364204670156
4019,13.995819799477069,97.35606192381283,2.903730063006939
4020,13.995819799477069,97.35606192381283,2.9687609756646838
4021,13.995819799477069,97.35606192381283,3.030182869518772
4022,13.995819799477069,97.35606192381283,3.118235810780979
4023,13.995819799477069,97.35606192381283,3.264126362603346
4024,13.995819799477069,97.35606192381283,3.4462510177723913
4025,13.995819799477069,97.35606192381283,3.609989162250634
4026,14.61155260696702,97.1004243281471,3.746089744318745
4027,15.772049798254617,96.51205259313367,3.9427948349875686
4028,16.84636710809334,95.81447963800905,4.215571461661456
4029,17.842617941116988,95.0,4.681095500437926
4030,18.767229623329545,95.08426966292134,4.828443658819242
4031,19.625403228034543,94.89247311827957,5.259823632611351
4032,20.42141879769827,94.69761499148211,5.493400950662804
4033,21.158845854414842,94.50043821209465,5.911958474065504
4034,21.840693217417282,84.63963963963964,12.620333561198757
4035,22.46951844424458,88.22849213691026,9.676956944987579
4036,23.047509546143385,91.93548387096774,7.777068640973967
4037,23.57654713737331,95.74829931972789,4.345505697328039
4038,23.57654713737331,95.74829931972789,4.420218098814469
4039,23.57654713737331,95.74829931972789,4.491682493146049
4040,23.57654713737331,93.19727891156462,7.10678306229949
4041,23.57654713737331,94.63070942662779,5.665130159992521
4042,23.57654713737331,96.16132167152576,3.765863367606869
4043,23.57654713737331,97.78911564625851,2.475788248345366
4044,22.206201171185725,98.65125240847784,3.2060858110887627
4045,22.672004296676736,98.62136878385031,4.1237323402028006
4046,23.092680150804856,98.5929648241206,4.923572901027183
4047,23.469358303053795,98.5663082437276,5.651957438137605
4048,23.803010610264064,98.54166666666667,6.599950431838965
4049,24.094468310916263,98.5193019566367,7.640203495755734
4050,24.344435794366582,98.49946409431939,8.75267165509642
4051,24.55350167015124,98.48238482384824,9.976562615280155
4052,24.72214760606473,98.46827133479212,11.32825478643644
4053,24.850755286923913,98.4573002754821,12.81344967402218
4054,24.939611756784227,98.44961240310077,14.419976947598768
4055,24.988913337580794,98.44530816213215,15.043186825574383
4056,24.998768260822057,98.44444444444444,15.60483961677163
4057,24.96919810172149,98.44703272323905,16.11311803670319
4058,24.900138063667473,98.45303867403315,16.579430956923108
4059,24.79143612246444,98.46238330587589,17.00382998191078
4060,24.72214760606473,97.04595185995623,16.59587928097905
4061,24.72214760606473,94.28336980306345,13.514764472357259
4062,24.72214760606473,91.63019693654267,11.952432714207903
4063,24.55350167015124,88.26558265582656,10.220986052408248
4064,24.344435794366582,85.12861736334405,7.993229082454044
4065,25.673467537837958,83.39174979778916,6.851120430383553
4066,27.56962439565823,83.1814415907208,6.789922761809968
4067,29.005420244908603,82.88619034171138,6.64805236094555
4068,28.84213438482209,80.12318029115342,5.81176822929404
4069,28.84213438482209,78.19148936170212,5.544711764468037
4070,28.84213438482209,76.37178051511758,6.145112380189032
4071,28.667722574226573,73.98058252427184,7.083586136508152
4072,28.2850332782343,71.4441120478651,9.085669960678173
4073,27.856272231720418,68.61857865318073,10.720601019046198
4074,27.380176737409233,65.8257477243173,13.70595616187895
4075,26.85527530891847,77.21390510022837,6.202216539406874
4076,26.279854554151104,78.04697156983931,5.9283158553948425
4077,25.651916991374,78.87899927832572,5.494452591423396
4078,24.96912671929051,79.70540098199673,4.961771045814753
4079,24.228738477962736,80.52213393870602,4.637009977165009
4080,23.427503473849363,81.3256991852015,3.4797284101689634
4081,22.56154185247833,82.11312700106724,3.068284894995376
4082,21.626165865332567,82.88195162290675,2.4637836674832765
4083,20.615627592283474,83.89033420052031,2.15246888169157
4084,19.52274639333266,84.72410454985479,2.2945155484594832
4085,18.33833483472798,85.30237783186669,3.1021057087233364
4086,17.05026530492479,85.95475113122171,4.035956312021341
4087,17.05026530492479,85.95475113122171,4.608602865660093
4088,17.05026530492479,85.95475113122171,5.205516948508967
4089,17.05026530492479,85.95475113122171,5.821248998971473
4090,17.05026530492479,85.95475113122171,6.452467338604988
4091,17.05026530492479,85.95475113122171,7.095705114780048
4092,17.05026530492479,85.95475113122171,7.747186965099522
4093,17.05026530492479,85.95475113122171,8.402664640951992
4094,17.708167467037534,85.64064801178203,8.856411576292471
4095,18.942656497084737,84.93907083015993,8.915561477802429
4096,20.079998400478647,84.13385826771653,8.84072676844915
4097,21.130701753416755,83.17737998372661,9.296988527996989
4098,22.102861419175802,82.26890756302521,9.217302000348923
4099,23.00288503472535,81.48308759757155,9.362974269979809
4100,23.835952739924835,80.67978533094812,8.555969968526895
4101,24.60632229224174,79.86175115207374,8.410551763369781
4102,25.317539458283893,79.03225806451613,7.963250091580976
4103,25.972587698998584,78.1951219512195,7.7250279523644405
4104,26.57399746330026,77.35470941883767,7.038217424625549
4105,27.123927738552627,76.51593011305242,6.582969418230383
4106,27.624228015057206,75.6842105263158,6.203676829328402
4107,28.07648608547056,74.8654467168999,5.525044193912558
4108,28.482065375740106,74.06593406593407,5.5215795390083695
4109,28.84213438482209,73.2922732362822,6.071981625005985
4110,29.15769006444247,72.55125284738041,7.189036387063647
4111,29.42957646095431,71.84971098265896,8.55112571436822
4112,29.658499585981517,71.1943793911007,9.970660598914566
4113,29.845039229213832,70.59171597633136,11.21074462191928
4114,29.98965824224221,70.04773269689737,12.418657392463059
4115,30.092709684912304,69.56782713085234,13.372404621265426
4116,30.154442120671938,69.1566265060241,14.429355646954873
4117,30.17500326466751,62.75633293124246,20.673278807473313
4118,30.154442120671938,65.48192771084338,18.9706897873073
4119,30.092709684912304,67.94717887154862,17.63644475829886
4120,29.98965824224221,70.6145584725537,17.068258339777188
4121,29.98965824224221,73.74701670644392,15.09335910897367
4122,29.98965824224221,76.81980906921241,13.566147378795145
4123,29.922564245535803,79.9405646359584,11.971328373137084
4124,29.75703576724652,82.69060936120106,10.32083052415886
4125,29.75703576724652,82.9261112746541,10.375002266591496
4126,28.245019836125092,80.79678991114933,12.445875666380697
4127,26.27576278051769,78.6012816940652,13.736376448396635
4128,24.79143612246444,85.85941790225151,8.157806107193723
4129,24.900138063667473,89.33701657458563,5.613078941843016
4130,24.96919810172149,92.7620632279534,3.7522989882616304
4131,24.998768260822057,96.11111111111111,3.5290633347948135
4132,24.998768260822057,96.11111111111111,3.6453453738603234
4133,24.998768260822057,96.11111111111111,3.7472965123073743
4134,24.998768260822057,96.11111111111111,3.863400311598148
4135,24.998768260822057,96.11111111111111,3.982393902885415
4136,24.998768260822057,96.11111111111111,4.1057492009618235
4137,26.514779794739923,96.04631460039536,4.181521388542735
4138,28.549143762259533,95.82968795567221,4.14304059385431
4139,30.128729214999332,95.48872180451127,4.120791685351643
4140,30.771223423566774,93.42265529841657,3.161439996381642
4141,30.656814930858,89.68542044767091,3.4745294628867516
4142,30.500388939379313,85.91127098321343,5.761704800701159
4143,30.301555262815487,82.12803793716657,9.028698325388284
4144,31.622128068878098,92.86780065652044,1.5902642645973188
4145,33.49178042021729,92.5925925925926,1.9393371279711336
4146,34.899838124881626,92.19680350987151,2.5065781539655796
4147,36.03353681780463,91.67467178994556,3.128913725447654
4148,36.96392348077549,91.28305582761998,3.9170319756070215
4149,37.72847846903331,91.13251411491198,4.764890928170802
4150,38.34995184164095,91.0010111223458,5.806123535181998
4151,38.843191039686864,88.12691914022518,6.35714122575476
4152,39.21821736120867,90.04478126076472,8.371830096748953
4153,40.64956128178307,91.83246073298429,10.920890045951861
4154,42.20548489994052,93.39723109691161,13.05386275331489
4155,43.90082762406233,92.82261063592414,13.92158344882913
4156,46.581420168240264,92.4189136381399,14.932820632992298
4157,48.41722030591688,91.83422240459582,16.41903890582186
4158,49.92215472427055,91.04606112785191,17.406702787957865
4159,52.10342088726871,90.31674208144797,18.135054399766616
4160,54.137784854788315,89.65681601525262,18.97302636823615
4161,55.71737030752813,88.76629889669007,19.57617313544565
4162,57.03000588026372,87.61854583772391,19.967816434058957
4163,58.22749899093112,86.28318584070796,20.142486405970512
4164,59.250976083912,84.64658169177288,19.640475803770205
4165,60.13007469403927,82.68765133171912,19.496675340112937
4166,60.88397299855601,80.39092055485499,18.926923416218887
4167,61.525909732327,78.86125654450262,19.769227755981447
4168,62.065393665568145,77.33423545331529,19.983115640167057
4169,62.50940890976817,75.83565459610028,19.915820927446816
4170,62.81225603775362,73.11522048364154,19.10003118009741
4171,62.98381880412817,68.94812680115274,18.00402486540806
4172,63.07867822636003,64.58635703918723,14.53487383023337
4173,63.09761173567644,60.10174418604651,12.81076376103986
4174,63.217789028031405,66.71543525969275,18.989698028328636
4175,63.41850042831242,63.434492968171725,16.15986802328957
4176,63.518148920686016,60.014892032762475,15.502744890784992
4177,63.518148920686016,56.515264333581534,13.702745521286042
4178,63.41850042831242,61.4359733530718,16.74649391334041
4179,63.33092371785941,60.23564064801178,15.951729856181334
4180,63.43891249110452,57.53122703894196,14.229543468301943
4181,63.81894742438716,56.43122676579926,12.764669404931572
4182,64.00422883583619,56.76888556469709,12.83730961256638
4183,64.00422883583619,56.76888556469709,12.718011076202576
4184,63.58040859697186,55.645161290322584,10.759746961732477
4185,63.18734278644364,52.302158273381295,7.824285842242879
4186,63.18734278644364,47.9136690647482,5.504863756419245
4187,63.18734278644364,43.81294964028777,3.782844275761355
4188,63.18734278644364,49.35251798561151,5.38575141474115
4189,63.18734278644364,49.35251798561151,5.105598112081903
4190,63.18734278644364,49.35251798561151,4.916765957286299
4191,63.18734278644364,49.35251798561151,4.767132714913875
4192,63.58040859697186,47.800586510263926,4.0847207715888105
4193,64.2538859925224,44.537177541729896,3.7192966098392155
4194,64.79138628522556,39.609375,8.46793980665847
4195,65.2049411761553,40.56,7.772341903660291
4196,65.50263462126364,43.241042345276874,5.781007360370463
4197,65.68975155148263,46.62273476112026,4.861750152233121
4198,65.66064192558439,49.75328947368421,5.682681488582681
4199,65.5143919352714,52.85481239804241,6.252381750638414
4200,65.24810613212415,55.868167202572344,8.36625237561071
4201,65.24810613212415,52.250803858520904,5.589022173769087
4202,65.22471250409009,52.1669341894061,4.979683209010311
4203,65.10738153446225,51.7515923566879,4.46985935659594
4204,64.89463297020187,51.02040816326531,3.8014259948423086
4205,64.7933075216706,52.72585669781932,3.906239142799156
4206,64.60992591012428,53.225806451612904,3.8213901384119002
4207,64.34272249526681,53.99096385542169,3.7575088685942584
4208,63.989007971489286,54.99265785609398,4.105878339399195
4209,63.83132895207743,54.38723712835388,4.0686092161120815
4210,63.83132895207743,52.64684554024655,4.854177160286999
4211,63.690237881707155,52.343186733958184,5.504312224609769
4212,63.21519790767801,51.0548523206751,7.091672532729428
4213,62.41571790704402,49.528301886792455,8.189334224263572
4214,62.40934315589164,48.421052631578945,10.351228275304747
4215,60.98082121165408,47.2400513478819,12.403822298843176
4216,59.71398228052175,46.493998736576124,13.66315478684659
4217,59.55025897833682,46.14420062695925,15.496025291623962
4218,59.274255854373415,51.51702786377709,13.316833598011328
4219,58.880919292503776,53.98660986001217,13.522262466097844
4220,57.899217195028974,55.87714116952156,12.179515335632296
4221,56.63496437886405,57.624214734437466,10.329218242715886
4222,54.90176686910202,59.21849201981288,10.002571964961364
4223,53.24813971339712,60.39445628997868,9.630525600926019
4224,52.592672898420744,61.35892116182573,9.730843307455993
4225,51.80756155514943,62.42454728370221,10.179532599940792
4226,50.87401227530243,63.570038910505836,9.888992618459183
4227,49.762724307759356,65.38461538461539,7.805363684022933
4228,48.422936073944065,67.01263537906136,6.289855932224253
4229,46.74636387267945,68.4575389948007,5.71958538646344
4230,44.2194928283405,69.72591362126246,5.438160670214862
4231,44.094823342770795,67.79242174629324,6.73373640807508
4232,43.91966992186479,71.37622149837134,4.9303299359683885
4233,43.69340054220877,74.79935794542536,3.1011147207470864
4234,43.41517893886602,78.03627760252365,2.358625349401798
4235,43.385786189702515,78.33333333333333,3.614683979632817
4236,43.90029548632918,78.57698289269051,4.242910111800475
4237,43.90029548632918,78.57698289269051,4.821524125260718
4238,43.38578618970251,78.33333333333333,6.61896768617689
4239,41.58887893945591,77.49233128834356,7.147327505693418
4240,42.187078585677554,79.37941869599372,8.269891405360324
4241,42.187078585677554,79.37941869599372,8.568207763983601
4242,42.187078585677554,79.30086410054989,8.784829536177678
4243,42.187078585677554,79.65435978004713,8.833813929584343
4244,42.187078585677554,80.47918303220739,9.185339556976883
4245,42.534183499408805,80.08744038155803,9.359962288541134
4246,42.78542040117792,79.7514033680834,9.23601959270254
4247,42.94389816068336,79.4758064516129,9.219825034443973
4248,43.011491889180334,79.26434923201293,9.120991666640265
4249,42.98898210986235,78.27140549273021,8.650009743703443
4250,42.98898210986235,78.59450726978999,8.772850917503076
4251,42.71951162891926,77.50796178343948,8.088807734046545
4252,42.7230417408317,76.77444794952682,8.091866640106426
4253,43.16642096744998,74.02912621359224,7.372267846712322
4254,43.5501515226912,71.06788079470199,7.985909904426925
4255,43.8760369523734,67.9054054054054,9.24457420989624
4256,44.14553841290786,69.7594501718213,9.643285691827906
4257,44.3598182299652,68.98954703832753,10.36529377240469
4258,44.51977227334584,58.45070422535211,19.158433240316047
4259,44.6260535735333,61.923758865248224,17.716118988279142
4260,44.6790888199506,65.39145907473309,15.37137471426153
4261,44.6790888199506,68.81672597864768,13.438266767282977
4262,44.42290833307551,70.88274044795784,13.490935155720885
4263,43.888493801836894,71.69164882226981,14.132194033919506
4264,43.26735714885586,72.55310287380259,14.20761135374369
4265,42.55298723018592,73.45454545454545,14.596482582644867
4266,41.736807907850185,74.89245209229566,14.594888904395996
4267,40.80725138897634,76.16169248205516,14.316042767251638
4268,39.74813667263698,77.26775956284153,14.161524018607704
4269,38.53555507162509,78.2181690634865,13.881525706499847
4270,38.53555507162509,81.86601192564012,11.85923275074088
4271,38.53555507162509,85.96983514556295,8.645709373600896
4272,38.53555507162509,90.21396001403016,5.813220405791358
4273,37.131012762524406,90.96121416526138,5.584472785478929
4274,35.46257083992428,91.54518950437318,5.721927524368649
4275,34.711313893870134,92.08201892744479,5.76585762897996
4276,34.40095645173974,92.34345939243646,5.814184592143307
4277,34.043743511024736,92.61398176291793,5.897714184944911
4278,33.63857749991672,92.89113622843546,5.641953418449195
4279,33.18416045120629,93.1725740848344,5.659247384344532
4280,32.67896511091056,93.45609065155807,5.568402184715089
4281,32.121198088598746,93.73965802537231,5.474934923050819
4282,31.508752481769974,94.02144772117963,5.443113829195012
4283,30.839146285739293,94.29984383133784,5.489950469747216
4284,30.10944117487072,94.57344775365976,5.206816473931935
4285,29.316133503710695,94.84107579462103,4.840148614310599
4286,28.45500488443068,95.10175106483672,4.346558311344248
4287,27.52091202992886,95.35469107551488,4.05308707440022
4288,26.507481849248876,95.59929234851836,3.794868693442836
4289,25.406651907029964,95.8351131994874,3.7698150068843232
4290,24.20794410663599,96.0618556701031,3.8012323653699607
4291,22.897244686305037,96.27934739355352,3.9007954788719985
4292,21.454582505572297,96.73704414587333,3.2988660740045184
4293,19.849598867161557,97.09366901147723,3.396161927157876
4294,18.030577690984163,97.3580863977151,3.4293402865965166
4295,15.888370655869394,97.53872633390705,3.4794593141314767
4296,14.249632379343591,97.83837712005321,3.488614412523914
4297,12.397482011903058,98.0565371024735,3.521035107614893
4298,10.22274846968635,98.20043437790878,3.5555857995247506
4299,8.9248364358387,98.2314377191645,3.6186957121181575
4300,8.9248364358387,98.2314377191645,3.6802215677970778
4301,8.9248364358387,98.2314377191645,3.735953566868566
4302,8.9248364358387,98.2314377191645,3.782464248184743
4303,8.9248364358387,98.2314377191645,3.8273858050076033
4304,8.9248364358387,98.2314377191645,3.8843700060305633
4305,8.9248364358387,98.2314377191645,3.9451037406484395
4306,8.9248364358387,87.66580271382833,11.491866632304044
4307,8.9248364358387,90.97423387711541,9.167522835652354
4308,8.9248364358387,94.34364994663821,6.843251591141561
4309,8.9248364358387,97.77405092239671,2.95779773291484
4310,7.780300883352803,99.55035971223022,2.0645295672965784
4311,6.477227173340415,99.57271253867688,1.9686766711372607
4312,5.908035540662013,99.54337899543378,1.8749900642117585
4313,6.208061115907181,99.4311377245509,1.8180946727858116
4314,7.971385463025239,99.24172082946457,1.7612083050010716
4315,9.551523848511046,99.10428662827896,1.7391357281941506
4316,10.987424673037834,99.07438016528926,1.6607474663902797
4317,12.303488665441556,99.04371584699453,1.5321368946993665
4318,13.516430700908893,99.01234567901234,1.5937364446734619
4319,14.638399322788548,98.98033503277495,1.9648846285613926
4320,15.678604147459765,98.94776399849681,2.438350608692123
4321,16.64424935008254,98.91472868217055,3.0904378981781506
4322,17.541107850748812,98.88134238913304,3.9076704346833915
4323,18.373893986906367,98.8477366255144,4.871758854373593
4324,19.14651592853603,98.81406183820415,5.384838338891174
4325,19.862252664107675,98.78048780487805,5.8761781235116
4326,21.840693217417282,98.73873873873873,6.366559602980687
4327,24.130343780934865,98.61697140178153,6.77155323355172
4328,25.972587698998584,98.39024390243902,7.171620570961179
4329,27.555699560775054,98.0466768138001,7.338798819336085
4330,28.95188934923692,97.78481012658227,7.684748229535858
4331,30.19994595991139,97.6986301369863,8.004572060920921
4332,31.32410008985141,97.61092150170649,8.323513780570773
4333,32.340885100440104,97.52212389380531,8.625402815516146
4334,33.26225547193643,97.43276283618582,8.875401524310561
4335,34.09721301295367,97.34345351043643,9.163601312908613
4336,34.85273900360925,97.25490196078431,9.420668021902978
4337,35.32981665843985,95.14075067024129,7.371478626677965
4338,35.54768680420914,91.75991861648016,4.506249223962698
4339,37.096852895740724,89.38605619146722,3.3728496304351907
4340,38.55577482673066,88.32853025936599,2.926799804376076
4341,39.15664762605433,86.46142433234421,2.2970684728979855
4342,39.68854904198708,84.375,3.5283848379137126
4343,40.15467153644315,82.0703125,5.338226676237074
4344,40.55761410494124,85.18370607028754,3.436905236779339
4345,40.89948773854745,85.05700325732899,3.7954402684189374
4346,41.1819925259398,84.9751655629139,4.139793668171148
4347,41.40647442783832,84.94127516778524,4.480185303092691
4348,41.57396698882753,84.95762711864407,4.832270086156136
4349,41.6852214870413,85.02559726962457,5.179004443190157
4350,41.74072785013387,85.14554794520548,5.546302053486169
4351,41.74072785013387,85.3167808219178,5.790008829790189
4352,41.6852214870413,85.53754266211604,5.969191172964358
4353,41.57396698882753,85.80508474576271,6.129380675677151
4354,41.40647442783832,86.11577181208054,6.263784731995632
4355,41.1819925259398,86.46523178807946,6.281402742307752
4356,40.89948773854745,86.8485342019544,6.3595556762569965
4357,40.55761410494124,87.26038338658147,6.608927574195563
4358,40.15467153644315,87.6953125,6.484714504166703
4359,39.68854904198708,88.14786585365853,6.422724681218595
4360,39.15664762605433,88.61275964391692,6.58787078472959
4361,38.55577482673066,89.0850144092219,6.6294228273721245
4362,37.881998346279296,89.56005586592178,6.641359347463976
4363,37.13043854140749,90.03378378378379,6.460719933683367
4364,36.29496582339862,90.50261096605745,6.253444126956168
4365,35.367743131971906,90.96347607052897,6.294833892504952
4366,34.33850138557868,91.41383495145631,6.3964833387903255
4367,33.19332103322538,91.8516355140187,6.469167244629009
4368,31.912411714905293,92.64044943820225,6.191058753820109
4369,30.465583300843193,93.27753779697625,5.699351935394272
4370,28.80127714725498,93.7759336099585,5.441901727598141
4371,26.810492202062214,94.14840637450199,5.340872323398963
4372,26.228015947076944,94.44444444444444,5.165939706299247
4373,25.59318603542235,94.73559962228518,4.599246205062511
4374,24.90365919052512,95.02065167508032,4.0386073406122485
4375,24.15668326624228,95.29857397504456,3.8076247680482758
4376,23.349003029590236,95.56852572416774,3.759621572888867
4377,22.47673259558698,95.82984073763622,3.8378415903576615
4378,21.535178560228804,96.0820138043037,3.818860234162066
4379,20.5185876924582,96.3246855345912,3.893154144069275
4380,19.419774358472235,96.55762647394447,3.9023251045358833
4381,18.229546423082265,96.78072111846946,3.4399833351609996
4382,16.935771843288546,96.99395233013162,3.510567045003228
4383,15.521751335452588,97.42090784044017,3.5079116151986582
4384,13.963098919031026,97.75672981056829,3.4864324567231497
4385,12.220880158127576,98.00899165061014,3.4986518370744415
4386,10.22274846968635,98.18492088116662,3.504449084660367
4387,10.22274846968635,98.18492088116662,3.539292791654172
4388,10.22274846968635,98.18492088116662,3.569348180474728
4389,10.22274846968635,98.18492088116662,3.590372991128468
4390,10.22274846968635,98.18492088116662,3.6099955208586256
4391,10.22274846968635,98.18492088116662,3.627529343892574
4392,10.22274846968635,98.18492088116662,3.623428408651083
4393,10.22274846968635,87.54266211604096,10.855685969411091
4394,10.22274846968635,90.87806391560657,8.246988782863717
4395,11.931268895691376,94.2207484604453,5.654350247296759
4396,14.35795775641265,97.61164730901358,3.2666860011146146
4397,15.211413790924913,99.31757656458056,4.308395155208483
4398,13.963098919031022,99.15254237288136,5.25281215441584
4399,12.542057481308383,99.0550397877984,6.124322399092579
4400,10.987424673037834,99.07438016528926,6.980963379440221
4401,12.303488665441556,99.04371584699453,7.812752267931067
4402,13.516430700908893,99.01234567901234,8.652030599631638
4403,16.473835142443093,98.95642621750275,9.661291057529787
4404,18.593328077480496,98.82174078297226,10.995263634857512
4405,20.389193965764203,98.59960552268245,12.57968152713749
4406,21.97056364727433,98.28080229226362,14.269788932129345
4407,23.389134660742467,98.21656050955414,14.936873366971486
4408,24.67524601441041,98.15059445178335,15.606435630569688
4409,25.84884791529887,98.08306709265176,16.29077252448602
4410,26.924031840170958,98.01418439716312,16.999935353001174
4411,27.947438216712396,97.57590597453476,17.615088813623327
4412,28.921108363352914,96.65314401622717,18.102698261339345
4413,29.814536776406413,95.56663168940189,17.296475475888666
4414,30.233191059673853,92.77140570818885,15.459790715114616
4415,30.233191059673853,88.47692718058148,13.38098746141424
4416,30.233191059673853,84.28914377167244,10.730612378525645
4417,31.846622552052345,82.00163621488956,9.564883670128332
4418,34.080120338318956,81.44770589911656,10.052299256590057
4419,36.61064968168613,80.86438152011922,9.880259532671992
4420,39.383145972913994,80.29971901342492,10.328587500830608
4421,41.31350588307313,79.60117685518144,10.950876280016168
4422,42.91581455009148,78.75470407115976,11.547089814391816
4423,43.63086520483069,76.03219034289712,11.094035872287021
4424,43.63086520483069,71.65850244926521,10.62547249545118
4425,43.63086520483069,67.42477256822953,10.797177362403103
4426,43.63086520483069,63.33100069979006,10.57890733996669
4427,43.63086520483069,75.33240027991603,17.314070227871216
4428,43.63086520483069,75.33240027991603,18.69789561392407
4429,44.45164905281581,74.82091690544412,19.99899132394232
4430,45.910428805121214,74.00600150037509,21.144651520086363
4431,47.178945492887244,72.72370486656202,21.870458131078443
4432,49.29465953044202,71.49917627677101,22.78043258813728
4433,51.37832507875818,70.38161318300087,23.888913420331683
4434,53.0088999827255,69.06934306569343,24.656165951375904
4435,54.37433263544151,67.54554170661554,24.872238413216504
4436,55.546477578333196,66.19718309859155,25.130438918620598
4437,56.56373537303756,65.22655426765016,25.16909460591108
4438,57.449911249621564,64.31718061674009,24.46112785593393
4439,58.22107101332136,63.4902411021814,24.090679583169717
4440,60.02230415138923,62.40963855421687,24.06064651141863
4441,61.50161886210333,60.51964512040558,23.603792617025658
4442,62.290232545524326,58.06878306878307,21.938349555810184
4443,62.959657517639926,55.36451169188446,18.334028584072232
4444,63.25326464604784,51.5406162464986,16.071398622389008
4445,63.25326464604784,46.98879551820728,13.918922198337988
4446,63.25326464604784,42.71708683473389,9.675396278478852
4447,63.25326464604784,38.72549019607843,5.8056844304031925
4448,63.25326464604784,44.11764705882353,10.988755504588795
4449,63.25326464604784,44.11764705882353,11.286759194721732
4450,63.52095888005428,42.52136752136752,10.676442304245715
4451,63.982141489654666,39.86784140969163,6.869465504613748
4452,64.34906345990407,35.09036144578313,3.280020858189071
4453,64.62598584388226,35.8678955453149,3.3506208234473798
4454,64.62598584388226,36.48233486943165,3.2258685755566114
4455,64.62598584388226,36.63594470046083,3.206883273071759
4456,64.29220065245956,33.933933933933936,2.9710657962159006
4457,63.86240912255033,36.715328467153284,3.5498676979378265
4458,63.33092794124657,38.771186440677965,5.2001784855666395
4459,62.85943190332305,39.73829201101928,5.3063795000347165
4460,63.527669292467145,39.25170068027211,5.141616660907809
4461,64.51311046805928,39.68363136176066,5.1772013485925195
4462,65.6768972574686,40.01386962552011,5.467846078666868
4463,66.68385805275136,39.42375263527758,5.5312748315278295
4464,67.47771716823075,37.97287651677373,6.561209913334021
4465,67.94085248231879,36.55371304974766,7.929034353902712
4466,68.13143688339373,35.77118030412744,8.702933648862315
4467,68.16879421136565,35.21739130434783,9.81227503886301
4468,67.89812395018647,35.014409221902014,11.205936403172059
4469,67.32505702956134,34.61538461538461,12.375062130344515
4470,66.35459606030648,34.03361344537815,14.116393348581068
4471,64.48297415411605,34.93150684931507,15.86467864096595
4472,63.68335909885599,36.76075268817204,16.893588684514157
4473,62.51209180293176,38.58267716535433,15.457350904133516
4474,60.460107421260844,40.369897959183675,15.436540115931267
4475,60.75512298052795,44.140625,12.337982125504825
4476,61.51456676636601,46.20550705171256,9.58675503282241
4477,62.32385243326417,47.87752261656228,8.859112501991428
4478,62.47010242357716,48.213034337771546,9.192133284716274
4479,62.499212049475396,48.280701754385966,9.546299248956737
4480,60.95897577564057,47.09103353867214,10.762223568664758
4481,60.129918797316094,52.37140948563794,9.140730391788194
4482,59.00785168124747,54.18559377027904,9.050614122117093
4483,57.40772796262712,55.869428750784685,8.200823239540329
4484,57.4996549638912,55.716993051168664,8.519054625741587
4485,57.51800543613825,55.787476280834916,8.538057396173066
4486,57.46291917115882,55.5765595463138,8.608624224740314
4487,57.3339751867467,59.400374765771396,6.559203921475894
4488,57.13017211620702,63.09303758471965,6.088009130213559
4489,56.849880174191924,66.2431941923775,8.850684460808589
4490,56.37677265537723,69.33490288404944,11.206668295217947
4491,56.38324658265708,71.19533527696792,12.023028259381439
4492,57.69492334827624,72.12049616066155,12.463799645775934
4493,59.55086796835262,70.51520794537554,11.669430459470036
4494,60.754539549012975,68.46203763789747,10.627618475337304
4495,61.56682374170074,65.94740391099123,7.880640296191575
4496,62.238719801227404,63.15422191207257,4.642975723093244
4497,62.78539766302866,52.98346513299784,6.434985702979432
4498,63.217262794306265,54.90051584377303,5.661412093840437
4499,63.54154537231702,57.40045078888054,2.709553025185097
4500,63.76318523341554,59.93907083015994,1.7148194040044267
4501,61.737718474953276,60.07380073800738,2.72792688250163
4502,61.37179681071686,61.22004357298475,3.86741272507441
4503,60.858307398678576,62.26012793176972,5.360408382658945
4504,60.1805790202876,63.18339100346021,6.078754009917716
4505,60.022101260782165,62.57710760795065,6.998025414490596
4506,59.770864359013046,62.187711006076974,8.001731832842381
4507,59.609543796747865,61.070234113712374,9.000724620118097
4508,59.609543796747865,61.070234113712374,10.204139488550188
4509,59.609543796747865,61.070234113712374,11.36599690271958
4510,59.609543796747865,61.070234113712374,12.481678044615279
4511,58.98189542334854,63.379355687048,13.25218231875589
4512,58.09481193024308,64.63022508038586,12.95572406986927
4513,56.84388636101646,65.74827802128992,12.211544089883233
4514,55.99367397934285,66.2553979025293,12.633033907126306
4515,55.99367397934285,66.2553979025293,13.537777234980036
4516,55.99367397934285,63.479333744602094,18.142770171194254
4517,55.99367397934285,65.88525601480568,16.08631630855619
4518,55.99367397934285,68.53793954349167,14.525534607952993
4519,55.99367397934285,71.43738433066008,13.74572589676927
4520,54.71877111018061,73.40619307832422,13.401469460448281
4521,54.816756709813994,77.21441661576054,11.529215098710266
4522,54.836311538006335,80.91743119266054,9.873347033109521
4523,54.7124763101571,81.05646630236794,9.5885494655853
4524,54.504744926027335,79.30413917216556,10.939380008067145
4525,54.21102388796123,82.18289085545723,8.995083679282535
4526,53.828199738285456,84.80647024841133,6.632748802089681
4527,53.35192056482649,87.15492957746478,4.7701610486529
4528,51.66124206036513,87.62214983713355,4.343333721504675
4529,51.019305326594136,88.0,3.7488290865804657
4530,50.265407022077405,88.4028484231943,3.4457376118977043
4531,49.38630841195013,88.82352941176471,3.166415781874903
4532,48.362831318969256,89.25541941564562,2.9516339075418596
4533,47.16533820830185,90.28028933092224,2.067680233128868
4534,45.742771029029164,91.08225108225108,1.9963623693439545
4535,43.98658372251388,91.68046357615894,2.8687871098452593
4536,41.38302812231587,92.09486166007905,3.0327731489863736
4537,42.470483541010125,94.3522906793049,4.228078440059576
4538,44.04891693848555,94.11764705882354,4.26581542574199
4539,45.14759042652011,93.72950819672131,4.260221355593953
4540,45.951259936297134,93.18370739817124,4.078718462533155
4541,46.52793207549046,92.81512605042016,4.069694441916873
4542,46.74239141566119,92.0253164556962,3.829371482787268
4543,46.74239141566119,90.63291139240506,3.7043855113832733
4544,46.74239141566119,89.40928270042194,3.8890500079906505
4545,46.74239141566119,88.35443037974683,4.039898918978648
4546,46.74239141566119,89.24050632911393,4.370083754335722
4547,46.74239141566119,89.24050632911393,4.614157649189989
4548,46.91129758783678,88.653683319221,4.812386283438236
4549,46.91129758783678,88.653683319221,4.992506948355152
4550,46.91129758783678,88.653683319221,5.15031384774194
4551,46.91129758783678,88.653683319221,5.284780933622368
4552,47.27839060701744,90.24807527801539,5.050802596381346
4553,45.47121384927464,85.98207008964955,6.677749964508381
4554,42.818356668280074,81.84639255236617,10.37248907090844
4555,42.24858823371452,77.53950338600451,13.957388106668915
4556,41.61101448989676,88.85651857246904,4.784991684824051
4557,40.90163344261343,89.2329345531316,4.577195712594621
4558,40.11550182155699,89.61303462321793,3.9749676729760797
4559,39.246431795372246,89.99345977763244,3.718076645587988
4560,38.28653285446797,90.37130270610447,3.692032386700266
4561,37.22548674922204,90.74410163339383,3.521840084151325
4562,36.049328596339116,91.10981987216735,3.399004683820895
4563,34.73822615030188,91.46681539319576,3.2914953969975556
4564,33.26195050173577,92.16158373461744,3.2293908514421195
4565,31.56890703342221,92.71421241662391,3.347965038301554
4566,29.55006126158301,93.13821938022626,3.5559925066731033
4567,26.691219065387028,93.44648750589344,3.811589299442909
4568,26.691219065387028,93.44648750589344,3.947419219770754
4569,26.691219065387028,93.44648750589344,4.088532583685555
4570,26.691219065387028,93.44648750589344,4.227165595086833
4571,26.691219065387028,93.44648750589344,4.372616673454757
4572,26.691219065387028,93.44648750589344,4.521078640714858
4573,26.691219065387028,93.44648750589344,4.677461276499707
4574,26.691219065387028,93.44648750589344,5.3170503959429425
4575,27.27806555019715,93.06122448979592,5.327429031123508
4576,28.37445989294022,92.1832213094349,4.8412343590655755
4577,29.37742377723913,91.15295331441837,4.65684413506273
4578,29.37742377723913,86.84549909724014,3.388903066513264
4579,29.37742377723913,82.64121743616198,5.661099208736264
4580,29.37742377723913,78.5401083311839,8.965139966517032
4581,29.37742377723913,87.56770698994067,3.9173695303718064
4582,29.37742377723913,87.56770698994067,4.34424859147888
4583,29.37742377723913,87.56770698994067,4.76457989030348
4584,29.37742377723913,87.56770698994067,5.180168907208137
4585,29.37742377723913,87.56770698994067,5.600580983650377
4586,29.37742377723913,87.56770698994067,6.034389316867195
4587,29.37742377723913,87.56770698994067,6.455872561076335
4588,29.37742377723913,87.56770698994067,6.860510050886737
4589,29.37742377723913,87.56770698994067,7.2522263328480765
4590,29.37742377723913,87.56770698994067,7.625947898148872
4591,29.37742377723913,87.56770698994067,7.98142632435009
4592,29.37742377723913,87.56770698994067,8.317146171088847
4593,29.37742377723913,87.56770698994067,8.635019396614581
4594,29.37742377723913,78.72066030435904,15.77705989034428
4595,29.37742377723913,82.77018313128708,13.01071423683572
4596,29.37742377723913,86.74232654114006,9.842899318300349
4597,29.37742377723913,91.04978075831829,7.184107761620289
4598,28.37445989294022,91.71023151605677,7.1750870254115515
4599,27.27806555019715,92.65306122448979,6.7664923473631795
4600,26.076191919774004,93.45059014117102,6.081233036272628
4601,24.75221787371283,94.11371237458194,5.726873588557558
4602,23.281830931602173,94.48142581060769,5.392377839933397
4603,22.283585384796602,94.95117390400998,4.733604322921519
4604,21.202748540044126,95.39883463934096,4.225421056863497
4605,20.03014280207794,95.92153816275005,3.9368225047495393
4606,18.753649824574573,96.49089885531994,3.421963332382449
4607,17.35658324130145,96.95486677542142,2.293619231493685
4608,15.814569267871228,97.32189742692105,2.063036883838043
4609,14.138597169604772,97.61663286004057,1.8569480367764641
4610,12.291842053933312,97.84524975514202,1.6621109927863764
4611,10.12240784152537,97.99810844892812,1.5314569864299565
4612,7.115975381672694,98.08219178082192,2.220976881039055
4613,6.208061115907181,98.17365269461078,2.341884863617303
4614,6.208061115907181,98.17365269461078,2.3152154034529757
4615,6.208061115907181,98.17365269461078,2.4466300335204685
4616,6.208061115907181,98.17365269461078,2.5906463335512915
4617,6.208061115907181,98.17365269461078,2.7460962998419576
4618,7.115975381672694,98.08219178082192,2.8994746496313093
4619,10.12240784152537,97.99810844892812,3.044867439132405
4620,12.291842053933312,97.84524975514202,3.1780315793164777
4621,14.138597169604772,97.61663286004057,3.3116835914656084
4622,15.771840735738898,97.30486524326216,3.444012824806555
4623,17.243309173983988,97.21014492753623,3.5414594023046377
4624,18.583382726730086,97.11286089238845,3.6756175402760554
4625,19.812055379992,97.01318851823119,3.7712627157328935
4626,20.943465148350754,96.91135178499799,3.863191903627423
4627,21.988115906567355,96.80762852404644,3.9476084634132755
4628,22.954097524113987,96.70235546038543,4.0283911685453475
4629,23.84781232703131,96.59593280282935,4.615289750195846
4630,24.674434799692126,96.48882808937529,4.748370294311673
4631,25.438216669053972,96.38157894736842,4.925141824631684
4632,26.142697262282383,86.16352201257861,11.906505266104583
4633,26.79085315411959,90.02487562189054,9.21926384542986
4634,27.385207418203354,94.02146142054164,6.530402226201954
4635,27.927911130110093,98.13941299790356,2.5974335608711843
4636,26.76390525302646,98.40041279669762,2.36166375802203
4637,25.25482561275105,98.55476673427992,2.3354686977396852
4638,24.49402486027737,98.57868020304568,2.326074382100765
4639,24.885071669888976,98.55072463768116,2.3521038048424927
4640,25.232431708362057,98.52476290832455,2.3662639451546656
4641,25.53699435435146,98.50107066381156,2.385350766501214
4642,25.79951478755454,98.47991313789359,2.4116561161401204
4643,26.020626246971503,98.46153846153847,2.4335030625113188
4644,26.200849826831828,98.44617092119867,2.452902599333235
4645,26.340602213996018,98.43400447427292,2.4816542218835416
4646,26.440201668388458,98.4251968503937,2.504549520192126
4647,26.499872468768697,98.41986455981942,2.5305030641372044
4648,26.51974798289333,98.4180790960452,2.5550363862915906
4649,26.499872468768697,98.41986455981942,2.5773124910953342
4650,26.440201668388458,98.4251968503937,2.4782446634727098
4651,26.340602213996018,98.43400447427292,2.35160824069925
4652,26.200849826831828,98.44617092119867,2.451876523442928
4653,26.020626246971503,98.46153846153847,2.936934882146617
4654,25.79951478755454,98.47991313789359,3.382289796858122
4655,25.53699435435146,98.50107066381156,3.7955260405394897
4656,25.232431708362057,98.52476290832455,4.191813094375368
4657,24.885071669888976,98.55072463768116,4.571816968957621
4658,24.49402486027737,98.57868020304568,5.079359064553047
4659,24.058252442290666,98.60834990059642,5.875009709223866
4660,23.57654713737331,98.63945578231292,6.924166481070227
4661,23.047509546143385,98.67172675521822,8.199789050992946
4662,22.46951844424458,98.70490286771508,8.527114682335402
4663,21.840693217417282,98.73873873873873,8.881825613161226
4664,21.158845854414842,98.77300613496932,9.202512821452586
4665,20.42141879769827,98.80749574105621,9.541672332990592
4666,19.625403228034543,98.84201819685691,9.888852333839392
4667,18.767229623329545,98.87640449438203,10.232884917736808
4668,17.842617941116988,98.91050583657588,10.564507999623743
4669,18.10835576990352,98.90468870099923,10.896916561842689
4670,18.14879738160536,96.9662495259765,10.386271255693096
4671,16.999765415822814,93.30275229357798,6.8142607240116355
4672,15.753811160270553,89.81185658501953,4.982054761526028
4673,14.396783682961619,86.62890490902849,3.3140351013861005
4674,15.888370655869394,86.5748709122203,3.3259823246726863
4675,16.21763264831429,86.64944013781223,3.405279966861904
4676,16.21763264831429,86.64944013781223,3.4626057866329583
4677,16.402879952496058,86.69424336435712,3.5302550465090383
4678,15.51360172168196,85.18204911092295,2.9050829188869987
4679,14.56156936370866,81.89683860232945,3.6816917135644482
4680,14.56156936370866,78.6189683860233,5.545778684309164
4681,14.56156936370866,75.55740432612313,7.917222195476151
4682,14.56156936370866,85.69051580698836,2.3356503593389157
4683,14.56156936370866,85.69051580698836,2.7570703307877955
4684,14.56156936370866,85.69051580698836,3.1952630370178494
4685,14.56156936370866,85.69051580698836,3.6494223256982554
4686,14.56156936370866,85.69051580698836,4.118388219292909
4687,14.56156936370866,85.69051580698836,4.600615418274299
4688,14.56156936370866,85.69051580698836,5.0941217008608515
4689,14.56156936370866,85.69051580698836,5.596320228027143
4690,14.56156936370866,85.69051580698836,6.1041892762513665
4691,16.259395208135846,85.54482291137096,6.4110209020884685
4692,18.66440271920997,85.19950782211285,6.655629714328286
4693,20.624409995595617,84.77666362807658,6.778030708839386
4694,22.327794515245397,84.26923804121762,6.537184840445814
4695,24.036893383407932,83.73553070433589,6.781778138267736
4696,25.716895530119398,83.1737624770829,6.749991713893334
4697,27.402144223445102,82.58201058201058,6.751652255745544
4698,29.057809289714708,81.95819581958196,6.384773317687587
4699,30.528196231825355,81.22570317859594,6.505499090042807
4700,31.852170277886536,80.37538607745307,6.182271266970389
4701,33.05404390830968,79.59536146064643,6.731150191619946
4702,34.15043825105275,78.97567221510883,7.441818950180636
4703,35.15340213535166,78.35325365205843,8.661700440607351
4704,36.0720389774462,77.73190200935866,9.142886984051206
4705,36.913439689267335,77.11598746081505,9.745609819393106
4706,37.68325622164463,76.51046271735927,9.851940335115453
4707,38.386073518633665,75.92085235920852,9.966578360181291
4708,39.025661128606984,75.35321821036106,9.536260516286397
4709,39.605149287421824,74.81409634658907,9.538021289759074
4710,40.12715559942912,74.31040212695248,9.586728629729233
4711,40.59387825445039,73.84930105693829,9.094724610291147
4712,41.0071658789913,73.43804537521815,8.564768468582413
4713,41.36857062664087,73.0837789661319,8.358397365031662
4714,41.67938894461572,72.79331638212858,8.453111387758822
4715,41.94069306350929,72.57290513104466,8.234839461700332
4716,42.153355339571,72.42798353909465,8.02119977114713
4717,42.811677100754196,71.82828669988501,7.729894833908742
4718,43.83967787999068,70.59992054032578,7.21579081053271
4719,44.73699846287968,69.21496095355528,6.7906075479942425
4720,45.51973587052631,67.6707679253288,6.322906657578047
4721,45.90359349412849,65.17047906776004,6.249431364582859
4722,45.92896945255466,61.781236489407696,8.039889307417983
4723,45.90359349412849,58.739749676305564,10.14415700236164
4724,45.82737341225743,55.3885787891799,14.801011450774777
4725,45.700030563403196,64.96381438910174,6.544113301986016
4726,45.5210936835906,61.968868321413545,8.935312403206456
4727,45.28988819677707,65.31288852051388,6.481330236813407
4728,45.00552039310743,68.4981684981685,5.250067756729632
4729,44.666855511962275,71.50259067357513,5.180411698242597
4730,44.25599753948749,72.133072407045,5.170403388774237
4731,44.2724883069369,71.77890229661347,5.169769521888687
4732,43.820704029444904,69.92794842624194,5.375086584274876
4733,43.30942683656571,67.96903796535202,5.992727956131456
4734,42.04190733902146,66.02836879432624,7.155973183553555
4735,39.3262342053151,76.60581473968898,5.450632731317229
4736,39.75916106428804,80.40633608815428,7.46075996713499
4737,40.56052129712941,83.44039971448964,10.66135445122242
4738,39.75916106428804,80.50964187327824,8.06343819001693
4739,39.556333921926466,77.80421481985044,6.519139714000596
4740,39.670319982980516,76.48261758691207,6.378560922118716
4741,39.670319982980516,75.35787321063394,5.8427017288764995
4742,39.224643923782345,72.74247491638796,5.269731693151631
4743,38.355573897597594,69.34235976789168,5.07979578340874
4744,37.39567495669333,66.20111731843575,5.418336133239729
4745,36.33462885144739,63.3134328358209,7.022638942318077
4746,35.15847069856447,72.60470453241538,7.7957752242989935
4747,33.84736825252723,73.52617079889806,8.982645760420288
4748,32.371092603961124,74.77525118984664,10.614460645177054
4749,30.678049135647566,75.8751902587519,12.09385863336423
4750,28.65920336380836,76.83698296836982,13.72819302472958
4751,27.833340754718183,76.42787996127784,14.700302194534592
4752,26.315454136140602,73.51024208566108,14.623264435027169
4753,24.97453196441662,71.7564189956828,15.487926370635904
4754,23.6758629945725,71.01416685405891,17.363777831844335
4755,21.506547643273755,70.53988002666074,19.030752189884154
4756,21.506547643273755,70.51766274161298,20.14712240495272
4757,23.675862994572505,71.23903755340679,21.205191774897436
4758,25.714920205744395,70.23168733910602,21.512943977326405
4759,27.428642563769827,69.10153396639883,21.481735464239602
4760,28.538595013740732,67.49811035525322,20.839691779213666
4761,29.94192480947055,66.12522923762117,19.825634662478386
4762,31.197296664038877,64.60658861965696,18.099901933938597
4763,32.328950093137955,62.93469041560645,16.617196596601747
4764,33.35342795970617,61.33763567028454,15.856170575859235
4765,34.28269500086078,59.86622073578595,14.572127913460617
4766,35.125764119616456,58.388416745357254,12.754481418574954
4767,35.88962862178236,56.91506671005532,11.475614355709965
4768,36.57983499702646,55.45851528384279,9.2382331078841
4769,37.20085400569714,54.0325372101073,7.788885970165439
4770,37.7346409778943,52.22340803984347,6.833084975720327
4771,38.186425255386304,49.32555596062705,5.8103354764641235
4772,38.58079246041168,46.29146477823332,5.744086637122716
4773,38.58079246041168,42.30339172568021,9.273312188440704
4774,38.58079246041168,36.265374580693255,15.24658624607492
4775,38.58079246041168,36.07901602683563,16.432441387050158
4776,38.58079246041168,42.48975027953783,11.339781362469607
4777,38.58079246041168,45.844204248975025,8.450271277694203
4778,38.186425255386304,48.88807874589865,8.047185597653355
4779,37.7346409778943,51.68979011028104,7.982499421749578
4780,37.22336378501511,54.31243505368895,7.770757962541078
4781,36.65008817696193,56.71491080444295,6.115478921740843
4782,36.65008817696193,56.71491080444295,6.882826455562752
4783,36.65008817696193,56.71491080444295,7.449315546705239
4784,36.65008817696193,56.71491080444295,7.9563200489522155
4785,36.65008817696193,56.71491080444295,8.481882905805838
4786,36.65008817696193,56.71491080444295,9.178704354788014
4787,36.65008817696193,51.49781218444968,14.202346926160962
4788,36.65008817696193,55.09929316728374,12.640283558402707
4789,36.65008817696193,59.10467855940761,8.628742051211473
4790,36.65008817696193,63.24469875462807,6.784822868124228
4791,36.01178689347393,65.36075742735879,5.979716961665893
4792,36.01178689347393,65.36075742735879,6.568426221101829
4793,36.01178689347393,57.884427032321256,12.76046716502821
4794,36.01178689347393,61.769507019262164,11.0575114563929
4795,36.01178689347393,65.78517793013386,8.925431337855738
4796,36.01178689347393,69.93143976493634,8.326235005763788
4797,35.30478519875255,71.86215618084097,8.788723743061222
4798,34.92415456286529,74.81343283582089,8.636309733973182
4799,35.30478519875255,77.99557382232058,9.236937711226076
4800,35.30478519875255,77.96395826746759,9.948284584931015
4801,35.30478519875255,78.15365159658552,10.385020968446574
4802,34.92415456286529,76.83457711442786,11.342882681955869
4803,34.92415456286529,72.82338308457712,13.46420368426529
4804,34.92415456286529,68.75,15.049081513478141
4805,34.92415456286529,64.80099502487562,18.68082133469416
4806,34.92415456286529,74.81343283582089,12.979301187159791
4807,34.92415456286529,64.58333333333333,20.034292301468895
4808,34.92415456286529,68.59452736318408,16.945728134980865
4809,34.92415456286529,72.73009950248756,15.87694280737315
4810,34.92415456286529,76.99004975124379,12.986447722461378
4811,33.34112713917752,79.54407294832826,11.55845491699181
4812,32.937583731697714,82.51643753735804,9.43037385055361
4813,32.937583731697714,86.73042438732816,6.17152247913564
4814,32.070821831827764,88.19284064665128,5.391767817070958
4815,31.118473659801815,89.4707520891365,5.10119753055481
4816,30.071495521495972,90.57465091299677,4.5873524844351925
4817,29.155337488385964,91.43302180685359,4.48103643726447
4818,28.401282604933954,92.87871162556618,4.038559180184864
4819,27.581457310565277,94.15204678362574,3.714556494393016
4820,27.27806555019715,94.90996398559423,3.6917388044111217
4821,27.372015995753813,94.63942307692308,3.825219567833927
4822,27.44673065169763,93.98460057747835,3.962144663073592
4823,27.372015995753813,93.22115384615384,4.261440225630527
4824,26.217962689572122,89.49930458970793,5.817196857159694
4825,24.95098167403797,86.03663985701519,8.22897776508837
4826,23.551140267112448,82.6086956521739,11.559702283058643
4827,21.988115906567355,91.74958540630182,4.516057948916231
4828,20.210226507517138,92.23552894211576,4.350951643864527
4829,18.108355769903522,92.62106072252114,4.099347980128471
4830,15.16823293065967,92.91527931927487,3.6811127402446266
4831,14.088155445306416,93.65591397849462,3.0004329563127015
4832,12.922007284400156,94.29017702186741,2.58502509446968
4833,12.303488665441556,94.56967213114754,2.11992571082632
4834,12.303488665441556,94.56967213114754,2.0032761111379296
4835,12.303488665441556,94.56967213114754,1.8639276786153842
4836,12.303488665441556,94.56967213114754,2.3336667326127847
4837,12.303488665441556,94.56967213114754,2.415595320653924
4838,12.303488665441556,94.56967213114754,2.3918411407068763
4839,12.303488665441556,94.56967213114754,2.526013317141801
4840,12.303488665441556,94.56967213114754,2.67436852724052
4841,12.303488665441556,94.56967213114754,2.831467471488347
4842,12.303488665441556,94.56967213114754,2.9965454938655447
4843,12.303488665441556,94.56967213114754,3.129476481368608
4844,12.303488665441556,94.56967213114754,3.24391427854583
4845,12.303488665441556,94.56967213114754,3.3426815223709547
4846,12.303488665441556,94.56967213114754,3.4365376643823398
4847,12.303488665441556,94.56967213114754,3.528632818931928
4848,12.303488665441556,94.56967213114754,3.6094988732289446
4849,13.995819799477069,94.46860323534528,3.693448434528802
4850,16.38968357795153,94.20682187330807,3.8129352887345105
4851,18.33833483472798,93.85882793484366,3.923718680614942
4852,20.03014280207794,93.41619731986793,4.052589621111667
4853,22.958459820683295,93.13270046455261,4.239717598896665
4854,25.04828620409858,92.7536231884058,4.399506706612317
4855,26.81388287690527,92.2690543786853,4.750401052353804
4856,28.364355679120163,82.79228149829738,11.368683159818923
4857,29.75137556054412,86.38829912715264,7.790334199055863
4858,31.005253213910173,90.19848076451851,4.739272064566124
4859,32.14590865131047,94.07275502416688,2.4135809347766317
4860,32.012631262804355,94.61518923037846,2.428321117418736
4861,31.69564216488448,95.06454062262718,2.4253026172380463
4862,31.17868528199026,95.41907878177699,2.5984728225368268
4863,32.01937140902775,95.26411657559198,2.898449586245059
4864,32.79175826080929,95.10884170921796,3.182991388687008
4865,33.50004130084638,94.95425561408372,3.4770181714516775
4866,34.147699561532114,94.80148528991717,3.795148663127992
4867,34.737644896623245,94.65177784307964,4.190823828792867
4868,35.27233078806372,94.50648958647751,4.419925997675425
4869,35.75383334724518,94.3670690188796,4.7244336720585025
4870,36.18391265798839,94.2350332594235,4.993020848616791
4871,36.5640598704276,94.11193788417988,5.199699702862019
4872,36.89553372835831,93.99934058687768,5.37633587244388
4873,37.17938909046735,93.89875963794837,5.58615915112761
4874,37.41649925638092,93.81162869772186,5.74695772291074
4875,37.60757339492992,93.73925008599932,5.907795694958182
4876,37.7531700112511,93.68274904547032,6.090289286085503
4877,37.853707129192756,85.36500174641984,11.887974636033325
4878,37.90946967236082,89.2043463021381,9.148707087265645
4879,37.92061437866583,92.94984216064539,6.732058133350227
4880,37.88717246397673,96.56982849142457,3.620727723951455
4881,36.54230095525629,97.05981750591415,2.7276870446880372
4882,34.9316015654136,97.39328771586837,2.6254224977758334
4883,32.86717015935747,97.58393473486036,2.575529080705186
4884,31.268214414687286,97.63948497854078,2.5966251778834195
4885,31.0997428395763,97.66241651487553,2.6405871621379733
4886,30.888356213259716,97.69046190761847,2.672493211024371
4887,30.633505134221895,97.72324068598462,2.732798652998038
4888,30.334511445303363,97.76032577079698,2.787865098915424
4889,29.990556694997096,97.80125642490006,2.8371695750655377
4890,29.600667504804534,97.84555120313374,2.8986059180127217
4891,29.16369713484382,97.89272030651341,2.9598349483209137
4892,28.678302285603753,97.94227685729557,3.015294903979782
4893,28.142913817590877,97.99374674309536,2.8785276607259496
4894,27.555699560775054,98.0466768138001,2.746929261947241
4895,26.91451663922095,98.10064134188455,2.794080738356908
4896,26.21684961654383,98.15524676569238,2.894331298131207
4897,25.459729043149636,98.21013482101348,3.0505686205886593
4898,24.639622249701855,98.26498422712933,3.247410861995405
4899,23.752283739747426,98.31951113051069,3.497749117653071
4900,22.792544867898776,98.37346852555979,3.844755656152884
4901,21.754008787713285,98.42664487127094,4.159967781032672
4902,20.628590778831356,98.478862109838,4.5016612070025275
4903,19.405791811172783,98.5299732722413,5.165301267828153
4904,18.07147843394122,98.57985983032091,6.143153502186886
4905,16.60566096531479,98.6284289276808,7.377994353468979
4906,14.977963226826684,98.89920880632955,7.787434264145203
4907,13.136652638039287,99.08668216539355,8.188520123749653
4908,10.972565286233687,99.1984610452068,8.589796405586997
4909,7.971385463025239,99.24172082946457,8.95305443757796
4910,7.115975381672694,99.3455098934551,9.318102591858482
4911,7.115975381672694,99.3455098934551,9.673943416599775
4912,7.115975381672694,99.3455098934551,10.030586300032633
4913,6.208061115907181,96.00299401197604,8.06081546723999
4914,6.208061115907181,92.63473053892216,5.400417393178823
4915,6.208061115907181,89.32634730538922,3.8387695078571307
4916,9.219700334919128,89.11965282083075,3.849942982085787
4917,11.39443387713584,88.84788189987162,3.8617984092180664
4918,14.052397163975158,88.5785536159601,3.761183228163013
4919,16.46289938544096,88.31235993794174,3.7419620998657246
4920,19.174298053234136,88.03434090502593,3.6295276660428755
4921,21.56251086208993,87.74373259052925,3.445860146354745
4922,23.50540194335185,87.37227684596105,3.204392086286638
4923,23.50540194335185,83.72855214960478,2.8896646503785743
4924,23.50540194335185,80.16194331983806,5.613427916756978
4925,23.50540194335185,76.67245035666089,8.427996229861355
4926,23.50540194335185,85.75284364758049,0.6358661100855996
4927,23.50540194335185,85.75284364758049,0.6358661100855996
4928,23.50540194335185,85.75284364758049,0.6358661100855996
4929,23.50540194335185,85.75284364758049,0.6358661100855996
4930,23.50540194335185,85.75284364758049,0.6358661100855996
4931,23.50540194335185,85.75284364758049,0.6358661100855996
4932,23.50540194335185,85.75284364758049,0.6358661100855996
4933,23.50540194335185,85.75284364758049,0.6358661100855996
4934,23.50540194335185,85.75284364758049,0.6358661100855996
4935,23.50540194335185,85.75284364758049,0.6133830668951854
4936,23.50540194335185,85.75284364758049,0.5581777682927853
4937,23.50540194335185,85.75284364758049,0.49087654096193933
4938,23.50540194335185,85.75284364758049,0.4439518815706794
4939,23.50540194335185,85.75284364758049,0.45042428747870256
4940,23.50540194335185,85.75284364758049,0.544598763062917
4941,23.50540194335185,85.75284364758049,0.731844372394543
4942,23.50540194335185,85.75284364758049,0.9831321940182485
4943,23.50540194335185,85.75284364758049,1.2898591043657248
4944,23.50540194335185,85.75284364758049,1.6563840018571396
4945,23.50540194335185,85.75284364758049,2.0939970195897613
4946,23.50540194335185,85.75284364758049,2.6098056781438856
4947,23.50540194335185,85.75284364758049,4.834341069953058
4948,23.50540194335185,85.75284364758049,5.952740412118283
4949,23.50540194335185,85.75284364758049,6.575134517644806
4950,23.50540194335185,85.75284364758049,6.902240287514325
4951,23.50540194335185,85.75284364758049,7.225996793028735
4952,23.50540194335185,85.75284364758049,7.5476017960656305
4953,23.50540194335185,85.75284364758049,7.780175441830445
4954,23.50540194335185,85.75284364758049,7.8933893575442005
4955,24.37480082625911,85.50383028874485,7.807057103886536
4956,26.11482240591548,84.98572011423909,7.600798733737838
4957,27.782780198428615,84.42136498516321,7.1891152884090115
4958,30.20152965196468,83.89942655491839,7.082544347529742
4959,33.09295803179796,83.46366145354186,6.991562982179449
4960,35.14511860513795,82.92565947242207,6.711177040685275
4961,36.872238831944784,82.275,6.564944088823872
4962,38.86861936233605,81.62839248434238,6.629384758030767
4963,40.65259694898367,80.8991825613079,6.79789788537732
4964,42.148567450437994,80.03412969283276,6.897247643496129
4965,43.403939305006325,78.97390272835112,7.054883196826307
4966,44.53559273410541,77.75030902348578,7.678545076898925
4967,45.56007060067361,66.02316602316603,13.111112172951609
4968,46.48933764182823,68.94243641231593,11.683544506223397
4969,47.3324067605839,72.28789986091795,10.753909073867058
4970,48.09627126274981,75.82972582972583,8.244610542613058
4971,47.07385263905477,75.81908831908832,8.372249308804939
4972,45.56567242151482,75.73632538569424,8.498449023735096
4973,44.5939113646221,77.47970349452876,7.423763008063232
4974,45.131690637522645,81.2068338785896,4.2412750600624625
4975,45.61078662183497,85.05790063503922,1.8085395395522743
4976,45.29907551519503,87.04119850187266,3.441967320515778
4977,44.017020415614134,86.99633699633699,4.7122640760723495
4978,42.26702425176416,86.84774839170836,5.9455566891081135
4979,41.25655172868907,87.02797202797203,7.338905006902936
4980,40.01292142922898,87.09897610921502,8.655611317481616
4981,38.8501304616913,87.24183877415057,9.88146085858423
4982,37.41433461244093,87.2809863724854,11.097382134397494
4983,36.64501821884576,86.9327325394271,12.28277208416939
4984,36.8071509509155,86.28534286642834,13.329582344589785
4985,36.92570992376138,85.66284779050737,14.520113810267315
4986,37.00100876008548,85.07070042749096,15.824307178649542
4987,37.03324469607033,84.51400329489292,15.904722288488278
4988,37.022501711538204,83.99736582153442,16.45039880573921
4989,36.96875184966468,83.52477847062684,16.748244314917354
4990,36.87185477851037,83.09951060358891,16.6565052042439
4991,37.59175215529425,82.81662269129288,16.9712665266455
4992,38.93154038910953,82.05563093622796,16.525567870532864
4993,40.0428283566526,81.12813370473538,16.479637430567426
4994,40.97637763649961,80.0641940085592,16.03936237534034
4995,41.76148897977093,79.15451895043732,15.728541579909749
4996,41.47554879973467,75.03581661891117,12.631053659651755
4997,41.13958466363448,70.99719101123596,10.506344270364053
4998,42.306030855039204,68.64674868189806,9.570033682961887
4999,42.306030855039204,66.36203866432338,7.954772776253768
5000,43.23758677728767,64.94845360824742,6.182300195565475
5001,44.66009097498102,64.24682395644282,5.568409684471973
5002,45.73216985080057,63.47504621072089,4.9202698574499895
5003,45.90536807515125,61.2559676827029,4.15954118817715
5004,45.32338870178781,57.778568885724454,5.8622678378478
5005,44.67663061033286,54.4953496383052,10.498098691719768
5006,43.96140543641995,51.41430948419301,13.546599206938215
5007,43.17320319628681,62.60032102728732,5.73736244234277
5008,42.30644129641688,63.34673677698732,5.855060319038597
5009,41.354093124390914,64.12622804406074,5.862166706393215
5010,40.30711498608507,64.92985971943888,5.922575049280929
5011,39.71967568454204,65.34792368125702,5.586751796479287
5012,39.51859721217342,65.2855543113102,5.717558820233511
5013,39.10420283024151,65.05016722408027,5.843441857101268
5014,38.44678331077748,64.6733111849391,6.361366527800105
5015,37.933802599107516,64.6361631753032,6.694159692361345
5016,36.68548772721363,64.45849367784497,6.91458298237221
5017,36.68548772721363,64.45849367784497,7.049900900637055
5018,36.68548772721363,64.45849367784497,7.205799018681606
5019,37.64811314185278,66.18806306306307,6.44966824266368
5020,38.89616975252724,69.03225806451613,6.2136750793725914
5021,40.02032388246726,72.55799755799755,6.700241918025997
5022,41.03710889305596,76.31746031746032,8.58126187519333
5023,41.10740746475934,77.3998728544183,9.857192837391237
5024,40.37545184086452,79.52350289761752,12.159034051785232
5025,41.15565139996038,79.1194129419613,13.02324999357824
5026,41.86265309468176,78.74396135265701,14.200065681592184
5027,42.50095437816977,78.40342124019958,15.765374347639483
5028,43.074229986222946,78.104335047759,16.977429957564848
5029,43.73090579818908,77.11574952561669,17.94304655118897
5030,44.34201920641256,74.98042286609241,17.01508020873176
5031,46.98533689012303,74.09539473684211,17.611722002142834
5032,48.14626275112881,72.22696245733789,16.652183594598352
5033,48.51980138195814,69.34497816593887,16.252729638851804
5034,48.83513401853302,66.26559714795009,15.255654052717006
5035,49.09369532072208,63.00997280145059,12.770540255977119
5036,49.296618087740725,68.97977941176471,17.682336351922597
5037,49.44476515267107,69.03435468895078,18.264715762976984
5038,49.76390953214011,68.08309726156752,17.65948346504549
5039,50.23154444572282,65.86073500967117,16.046508027428885
5040,50.61840404806951,63.425468904244816,13.467926864368827
5041,52.03411741490468,61.08870967741935,11.24783425995
5042,53.846939347043175,59.905660377358494,10.068265653771729
5043,55.94111279942333,58.71459694989107,8.454866195433397
5044,57.00879135482353,56.815642458100555,6.743655621739806
5045,57.16877933833578,54.114994363021424,6.273921056232547
5046,57.218579065532005,51.27190503109101,7.7791976978030055
5047,57.218579065532005,48.50197851893725,9.528940464390137
5048,57.218579065532005,45.27981910684002,12.785326660454892
5049,57.218579065532005,45.16676088185415,14.227878340601858
5050,57.218579065532005,50.48049745618994,12.357071742220715
5051,58.5450076560293,52.70425776754891,12.194765742946716
5052,60.123441053504735,52.843601895734594,13.31578730423611
5053,61.2221145415393,54.191980558930744,13.718456785143513
5054,61.465795777472096,54.06553398058252,14.998324858128921
5055,61.02466537037048,52.125147579693035,17.667216179402978
5056,60.64636375922235,50.86405529953917,20.04898190916146
5057,60.34588312241376,49.77452085682074,21.024432174248094
5058,59.97844408667894,62.582417582417584,11.6986843661834
5059,58.45168898356664,64.64751958224544,10.822587785905318
5060,55.89073853893714,66.35329045027214,9.986170972785342
5061,54.446488216786925,68.2053697597739,9.710395992716014
5062,52.66937889758066,69.81639050604568,9.540403031575346
5063,50.045610782087394,71.20374308804764,9.420888762997999
5064,49.5040147211787,71.91752577319588,9.666034657340047
5065,48.893752684181266,72.67650578380534,9.458387921563286
5066,48.210873716919295,73.46938775510205,9.152470559716127
5067,47.45048117864713,74.28571428571429,8.218682105377544
5068,46.60642995113119,75.43734380578366,8.137900866886486
5069,45.67086874819415,77.25557461406518,7.265409739557271
5070,44.63351542406249,78.86071781363188,6.796469268457587
5071,43.4804384020509,80.26523523839596,6.498956874662561
5072,42.605983646201445,81.92881046547004,5.91686257941629
5073,41.64613617501643,83.39677891654466,5.239435886835009
5074,40.59184279281672,84.68037172627429,5.189464428900099
5075,39.431101421104756,85.79161028416779,4.665928408723612
5076,39.431101421104756,85.79161028416779,4.6652311664202895
5077,39.431101421104756,85.79161028416779,4.862900724978887
5078,39.431101421104756,85.79161028416779,5.387096772283565
5079,39.431101421104756,85.79161028416779,5.87360504157721
5080,39.431101421104756,85.79161028416779,6.1647325271741815
5081,39.431101421104756,85.79161028416779,6.313433900453107
5082,39.431101421104756,85.79161028416779,6.288251729841744
5083,39.431101421104756,85.79161028416779,6.198708789705195
5084,39.431101421104756,85.79161028416779,6.698830180255365
5085,39.431101421104756,85.79161028416779,7.167017764141794
5086,39.431101421104756,76.83355886332882,14.084669329196206
5087,39.431101421104756,80.81190798376184,12.094701999750814
5088,39.431101421104756,85.11502029769959,8.625138532306476
5089,39.431101421104756,89.52638700947226,6.362542456464698
5090,38.14733452542185,90.33012737197816,6.099368121387556
5091,37.08555543470297,92.7263479145473,5.617522543910596
5092,34.22671323850699,93.01363193768258,5.774975961520054
5093,34.22671323850699,93.01363193768258,6.010603264874711
5094,34.22671323850699,93.01363193768258,6.251573202501193
5095,34.22671323850699,82.57059396299903,13.024961785565138
5096,34.22671323850699,86.63583252190847,10.027843166360727
5097,34.22671323850699,90.79844206426485,7.385031794937018
5098,35.86442053471801,94.97387409803434,5.09287087987416
5099,36.71627033976224,95.25829797853756,5.029937792224677
5100,36.06962326713178,93.37084148727985,6.443651842048283
5101,35.174397417137186,91.44705318639195,7.697861800822988
5102,33.1222368437972,87.70680147058823,10.478997009236403
5103,30.230808463963903,84.11194358748347,13.908465479246967
5104,27.326828525800412,96.4678510998308,3.767297323075483
5105,25.23700214238513,96.7059780398536,2.904499827505973
5106,22.308685123779775,96.85301016419078,2.8936188600978445
5107,20.860149257443698,96.96341003394946,2.88441279389453
5108,19.249405443518427,97.30713245997089,2.750413596092917
5109,17.424733297722373,97.56054756054756,2.652889292164033
5110,15.276980434961576,97.73188896411645,2.525804764155016
5111,12.291842053933312,97.82892588965066,2.4583257489561876
5112,10.434344825890438,98.04416403785488,2.3658124004825942
5113,8.2543586470295,98.18652849740933,2.230568081803657
5114,5.237557751852812,98.26266195524146,2.1176148569236037
5115,5.237557751852812,98.26266195524146,2.03107148016653
5116,5.237557751852812,98.26266195524146,1.9402986805224471
5117,5.237557751852812,98.26266195524146,1.845308633130991
5118,5.237557751852812,98.26266195524146,1.746208839786784
5119,5.237557751852812,98.26266195524146,1.6432187967976715
5120,5.237557751852812,98.26266195524146,1.5365021366559763
5121,5.237557751852812,98.26266195524146,1.4261617014976689
5122,5.237557751852812,98.26266195524146,1.3122049853775837
5123,5.237557751852812,98.26266195524146,1.1812528836808407
5124,5.237557751852812,98.26266195524146,1.1730210458242727
5125,5.237557751852812,98.26266195524146,1.8332930272921535
5126,5.237557751852812,98.26266195524146,2.9883478440843647
5127,5.237557751852812,98.26266195524146,3.05091762043559
5128,6.208061115907181,98.18862275449102,3.1194294746934794
5129,7.971385463025239,97.98823893531414,3.1762445282119667
5130,10.487334801606254,97.82190903267137,3.2600667446372253
5131,12.90867680172519,97.69332890806506,3.3523402105096527
5132,14.885322521102173,97.48968363136176,3.6609214932547336
5133,16.60566096531479,97.20342002137514,4.348734732996647
5134,18.14202396912635,96.97416974169742,5.364450590873237
5135,19.53333037688494,96.86664119220481,6.254289187353105
5136,20.803949668784973,96.75632911392405,6.721144269981543
5137,21.97056364727433,96.64347114203848,6.950555515784899
5138,23.045285813995694,96.52836579170194,6.413736241421232
5139,24.037288615103282,96.41137855579869,6.472726582392539
5140,24.953736750955947,96.29294755877034,6.587710367423323
5141,25.800361167612383,96.17358842743818,6.68210106293156
5142,26.581831513590014,96.05389797882579,6.756781055301438
5143,27.641100231652132,95.71713147410358,6.699648715354979
5144,27.641100231652132,91.5089641434263,5.07157571061451
5145,27.641100231652132,87.4003984063745,5.703361576981509
5146,27.641100231652132,83.39143426294821,8.085765564493562
5147,27.641100231652132,92.25597609561753,5.074694631817652
5148,27.641100231652132,92.25597609561753,5.169166721947304
5149,27.641100231652132,92.25597609561753,5.248888547568374
5150,27.641100231652132,92.25597609561753,5.321062398771587
5151,28.29617944586349,91.92893401015229,5.371685724148902
5152,28.29617944586349,87.69035532994924,6.058806055896168
5153,28.29617944586349,83.55329949238579,8.744796754552985
5154,28.29617944586349,79.51776649746193,12.47134864124801
5155,28.29617944586349,79.69543147208122,12.739841706295547
5156,28.29617944586349,83.68020304568527,9.251237281049464
5157,28.29617944586349,87.61421319796955,6.135712952508308
5158,28.29617944586349,91.8527918781726,2.9427541647232602
5159,26.949366714817803,92.57449926722032,2.6551675305605342
5160,25.438216669053972,93.1156015037594,2.1086115565435217
5161,25.438216669053972,93.1156015037594,2.1086115565435217
5162,25.438216669053972,93.1156015037594,2.1086115565435217
5163,25.438216669053972,93.1156015037594,2.1095970105583244
5164,25.438216669053972,93.1156015037594,2.110274005563107
5165,25.438216669053972,93.1156015037594,2.18311825710363
5166,25.438216669053972,93.1156015037594,2.0611217068623344
5167,25.438216669053972,93.1156015037594,2.081496062642539
5168,25.438216669053972,93.1156015037594,2.5517928121344506
5169,25.438216669053972,93.1156015037594,2.9790187073338936
5170,25.438216669053972,93.1156015037594,3.355920131250833
5171,25.438216669053972,93.1156015037594,3.6837214712187456
5172,25.438216669053972,93.1156015037594,3.9656741345480753
5173,25.438216669053972,93.1156015037594,4.221430652091881
5174,25.438216669053972,93.1156015037594,4.459424203205353
5175,25.438216669053972,93.1156015037594,4.681118258113943
5176,25.438216669053972,93.1156015037594,4.892872165915564
5177,25.438216669053972,93.1156015037594,5.09174001281491
5178,25.438216669053972,93.1156015037594,5.2832443524994686
5179,25.438216669053972,93.1156015037594,5.459721575378986
5180,25.438216669053972,93.1156015037594,5.641698265274588
5181,25.438216669053972,93.1156015037594,5.8266412822039415
5182,25.438216669053972,93.1156015037594,6.010596374300624
5183,25.438216669053972,93.1156015037594,6.195377748944748
5184,25.438216669053972,93.1156015037594,6.384401335991758
5185,25.438216669053972,84.328007518797,13.073284146529055
5186,25.438216669053972,88.25187969924812,9.752788853410951
5187,25.438216669053972,92.26973684210526,7.166656193117362
5188,25.438216669053972,96.38157894736842,3.5651706963988796
5189,23.711096442247143,96.72390420244012,2.626913364655995
5190,21.658935868907157,96.95916594265856,2.53236260462722
5191,20.869229111875647,97.04765921552088,2.728314500698176
5192,20.01723355538306,97.13584288052373,2.8882714199930217
5193,19.09867446789201,97.22332407774692,3.0173883333432276
5194,18.10835576990352,97.3097617217525,3.1497654505841983
5195,17.03985483685009,97.39486416077409,3.2772798205857776
5196,15.885062695553017,97.47838616714698,3.3599289813499738
5197,14.633457470382094,97.56012547926106,3.4458056092177887
5198,13.270884165427137,97.63991908293998,3.4931407648539463
5199,11.777332757306647,97.71763938702315,3.5289108427333247
5200,10.12240784152537,97.99810844892812,3.518106358091939
5201,8.2543586470295,98.20176775373362,3.5059583809380306
5202,6.064004032844547,98.33529758397171,3.4705187975986718
5203,3.0370119579712087,98.40501281686129,3.3295632184658803
5204,1.7263595531412619,98.43137254901961,3.255684491770863
5205,1.7263595531412619,98.43137254901961,3.296080429960231
5206,1.7263595531412619,98.43137254901961,3.4074800067605766
5207,1.7263595531412619,98.43137254901961,3.58871344510067
5208,1.7263595531412619,89.81792717086834,7.959365326480657
5209,1.7263595531412619,93.02521008403362,5.786212846156049
5210,1.7263595531412619,96.28851540616246,3.9016368310213125
5211,1.7263595531412619,99.6078431372549,4.320808941870259
5212,-0.0,99.61432506887053,4.851057420291768
5213,1.7263595531412619,99.6078431372549,5.4147955855198235
5214,4.189190988298596,99.5511149724877,6.02904078892984
5215,6.9538546023610674,99.49071300179749,6.6863300332873985
5216,9.396302188694612,99.42635658914729,7.551406054074601
5217,11.394433877135839,99.29396662387677,8.478830903203537
5218,13.136652638039287,99.08668216539355,9.440169239162804
5219,16.116346492183492,99.03548053737514,10.511486949517712
5220,18.258553527298265,98.9103251161129,11.635406251334327
5221,20.077574703475655,98.70322341608004,12.722256828774565
5222,21.68255834188639,98.40568574721475,13.762422544094374
5223,22.421959191097233,96.42088793272052,13.255885519861025
5224,22.421959191097233,92.56796401329943,11.170073968769987
5225,23.125220522619134,90.40223018717643,11.42259191222973
5226,24.435919942950086,89.78539001238134,11.732823846358038
5227,25.63462774334406,89.05515177426251,12.369281905267338
5228,26.735457685562974,88.20274457724656,13.03041424249166
5229,28.001628812339874,87.78696051423324,13.903441560502015
5230,29.38213301455079,87.09446564885496,14.560796729725961
5231,30.6293493719492,86.27353815659069,15.156799017673785
5232,31.7631912387982,85.31378600823045,15.571698565225553
5233,32.797710722221964,84.41835645677695,15.760647771932218
5234,33.74332004221605,83.68362831858407,16.811856134981984
5235,34.64027506980314,82.57879656160459,17.22676325162399
5236,35.059206752174774,79.70845481049562,16.13942132004836
5237,35.88648748821001,78.14669483851495,16.641837992277754
5238,36.68258639800144,76.47610121836927,16.768373577249754
5239,37.40592314965277,74.62060058120763,17.240383840573088
5240,38.06101975261806,72.84238587137621,17.030152203786454
5241,38.651577635488565,72.12495708891177,17.847846122197783
5242,39.18065314307885,71.19661136604306,18.620546856448545
5243,39.65078354608044,70.30061571894241,19.23246573349544
5244,40.06407948606369,69.44753429736744,19.895725571408104
5245,40.6819304113119,67.67290790982041,20.022235226630162
5246,42.479835917715,66.00555335184451,19.916003661358214
5247,44.5141998852346,64.7156496471565,19.567131532571093
5248,46.0937853379744,63.253796095444685,19.257877569097946
5249,47.406420910710004,61.611588954277956,18.719871295542493
5250,48.52382816127317,60.16030174446016,18.833682146294045
5251,49.48425941889128,59.08868201861832,18.932952683457074
5252,50.31135400607564,58.100558659217874,18.717856309064658
5253,50.86460388086509,56.18798955613577,17.554918081383292
5254,52.45323548320907,53.91257420399352,15.591646886859623
5255,54.29514968996223,52.22786238014665,15.987118020657128
5256,55.674115120011905,50.38212815990594,15.332700940489053
5257,56.77722834881151,48.3811850946854,14.571472116441857
5258,57.675374707617244,46.74256799493991,13.199250093366814
5259,58.40584513369481,45.727332028701895,12.20497771131615
5260,58.99116575063942,44.9430676490288,11.062977746509105
5261,59.4459166111766,44.421629021218344,9.527093681871769
5262,59.77979614282079,44.1892832289492,8.484598436291463
5263,59.99917700229873,44.26460239268121,8.447761990011177
5264,61.30631349253379,43.862167982771,7.846700733618621
5265,62.76258861831765,42.71988174427199,6.769467709668428
5266,63.728144434568165,41.559424678274034,6.2100994338910525
5267,64.3855639540322,40.40092521202776,7.1020744662999045
5268,65.73576928905932,39.51296150824823,7.865649025250819
5269,66.92228893702008,38.911128903122496,8.523877242987737
5270,67.39285319735203,39.28860145513339,9.280287710960788
5271,67.19334139477556,38.973536487570165,9.256737653436863
5272,66.46675780234438,37.82101167315175,10.678700496924526
5273,65.48692356168263,36.40449438202247,11.791505439719083
5274,64.01098070023393,34.73909935668335,12.682342959600689
5275,61.675454778966774,33.5825968728756,13.675652473023895
5276,61.675454778966774,33.99048266485384,13.776115374918275
5277,61.675454778966774,40.78857919782461,9.944205330694237
5278,61.675454778966774,45.615227736233855,6.206141407131217
5279,61.58579982366001,49.29101958136394,5.994575323840314
5280,62.75275599846945,51.87457396046353,6.04121674375638
5281,64.28528598859285,53.55383532723434,6.345066698601657
5282,65.33422223549654,55.02530730296457,7.39322945968788
5283,66.08362094051861,56.245380635624535,8.080564170932762
5284,66.08362094051861,56.245380635624535,7.603825586982155
5285,66.08362094051861,56.245380635624535,7.192202887608708
5286,66.77330438924159,57.3474001507159,7.633783953199603
5287,67.22388485770936,58.13598166539343,7.781353057797445
5288,67.46615929968543,59.815242494226325,8.913049839673032
5289,67.66638681020447,60.68111455108359,9.27649248225631
5290,68.54171683825501,57.38636363636363,7.011406800834411
5291,69.26561692072458,47.20338983050848,9.370854841868784
5292,69.8565558771831,48.855633802816904,9.084275792357447
5293,70.1062130338693,48.97045658012534,9.525294890209206
5294,70.1062130338693,48.97045658012534,10.149124996352977
5295,69.78742616196043,48.024582967515364,11.061565167734008
5296,69.03966982779053,46.005046257359126,13.30091670195602
5297,68.25272390995818,56.55671761866452,7.009678340334873
5298,68.25272390995818,56.55671761866452,7.461531375809684
5299,68.25272390995818,56.55671761866452,7.909144088323589
5300,68.25272390995818,56.55671761866452,8.348947894312683
5301,68.25272390995818,48.67256637168141,14.245842237652797
5302,68.25272390995818,53.74094931617056,12.1176615830204
5303,68.25272390995818,59.13113435237329,7.088375273326494
5304,68.25272390995818,64.84312148028962,2.667834450140952
5305,67.76492938946754,69.15227629513343,3.457007386235897
5306,66.63123069654455,71.53502235469449,4.266044032963968
5307,65.93157504309492,72.71428571428571,4.960410498163436
5308,65.41876951128856,72.44258872651356,4.566252957898871
5309,65.03873457800591,70.61252580867172,3.571327843648614
5310,64.44169183500745,69.60054163845633,2.939195400017403
5311,63.582361523448284,68.25712392312789,2.2359542860710637
5312,62.35682342276909,68.04389928986443,2.185109672402147
5313,60.25510179996731,68.19035691922355,2.13053015707582
5314,59.11052490458071,68.65489957395009,2.2856366000416637
5315,58.8888850434822,68.27212522576761,2.3205969957748547
5316,58.564602465471424,68.04979253112033,2.8142000456060146
5317,58.13273733419384,67.98373038930855,3.3360528358978185
5318,57.58605947239257,68.06579693703914,3.5108931851261898
5319,56.91416341286592,68.284611141754,3.7748229906526864
5320,56.46977902518293,68.3667932718394,3.9664176550592636
5321,56.179370276923635,68.10577441985969,4.089093506943684
5322,55.630777898570926,67.55745590593266,4.079792159902144
5323,54.762204127147726,66.73695308381656,4.122714618300799
5324,53.39339743920925,67.84049715173485,4.234329353967013
5325,52.887270835201065,69.10485933503837,4.262860454833955
5326,52.176242031148554,70.25666834423754,4.631840039111033
5327,51.21290367370358,71.2876171682289,5.13315655241033
5328,49.89172492454148,72.19277108433735,5.057752865499301
5329,48.527927393416974,73.10766337564645,5.539845939486074
5330,46.29791042404828,73.89117512574303,6.14026666964247
5331,44.03060947311615,74.67792092403376,6.656568784069494
5332,41.88418882285825,75.49611734253666,6.992450531433259
5333,39.53317400132629,74.70735785953177,6.760686787355886
5334,39.561573072012166,71.35678391959799,5.438264296273507
5335,39.53317400132628,67.93478260869566,5.440721296382213
5336,39.44784745712313,64.47587354409318,7.156290168120299
5337,39.30520187921819,63.9026402640264,7.786014437556907
5338,39.10457253940227,66.4763458401305,6.123505456938231
5339,38.98222702532635,65.97812879708384,6.616608128959163
5340,38.98222702532635,65.61360874848117,7.009888643261963
5341,39.21218785686689,66.39310627821091,6.82215126068764
5342,39.38372450926336,66.97057604641525,
5343,39.49764489906854,75.05214851898207,
5344,39.53317400132628,75.25083612040133,
5345,39.53317400132628,72.36622073578596,
5346,39.53317400132628,66.26254180602007,
5347,39.53317400132628,66.17892976588628,
5348,39.53317400132628,73.87123745819397,
5349,39.53317400132628,76.75585284280936,
5350,39.606882153387566,73.13182199832075,
5351,39.62160577063957,76.5126050420168,
5352,39.57741693216632,79.79882648784577,
5353,39.474098869415876,82.91666666666667,
5354,39.37566737987551,83.09859154929578,
5355,39.30520187921819,81.8069306930693,
5356,39.25616292096513,78.93004115226337,
5357,39.14145030708037,75.98199672667758,
5358,38.86844879419271,72.5,
5359,38.59617555689231,69.64996022275258,
5360,38.26834075269226,66.56225528582615,
5361,39.30458329522281,64.64606961282753,
