second,entropy_g,det_g,rmse_g
30,37.27395255640778,68.88818698673406,
31,36.12877220405448,70.49180327868852,
32,35.3935732036994,73.33531510107015,
33,35.3935732036994,77.76456599286564,
34,34.104971029399785,79.01199314677328,
35,32.44807100391703,79.95618838992333,
36,32.44807100391703,79.95618838992333,
37,32.44807100391703,79.95618838992333,
38,32.44807100391703,79.95618838992333,
39,32.44807100391703,79.95618838992333,
40,32.44807100391703,70.947426067908,
41,32.44807100391703,74.91785323110625,
42,32.44807100391703,78.83351588170865,
43,32.44807100391703,83.07776560788609,
44,32.124219994448225,86.15758229897463,
45,31.432104019099576,87.85340314136126,
46,29.941632863047612,88.6066398390342,
47,29.173712660435026,90.05363237445148,
48,29.173712660435026,90.05363237445148,
49,29.173712660435026,90.05363237445148,
50,29.173712660435026,90.05363237445148,
51,29.173712660435026,90.05363237445148,
52,29.173712660435026,90.05363237445148,
53,29.565597634246256,80.58444774640911,
54,30.302275715397926,83.14606741573034,
55,30.979021918696553,85.69174118884797,
56,32.04993143873316,88.72855976041383,
57,31.08427347279251,88.14794816414687,
58,31.37357820190988,85.05747126436782,
59,31.37357820190988,80.87027914614121,5.903056930739931
60,31.37357820190988,76.79255610290093,8.074702039061075
61,31.37357820190988,72.82430213464696,7.501373738663344
62,31.37357820190988,74.95894909688013,8.320866316568502
63,31.37357820190988,78.9272030651341,8.572034818237935
64,31.37357820190988,83.00492610837438,11.677681361564497
65,31.37357820190988,87.02791461412151,12.110035711442688
66,30.781350924141215,87.80617678381256,12.198019471797855
67,30.133435049255457,88.56699430936368,12.266077812087438
68,29.42712356642095,89.30722891566265,12.438192324906606
69,28.65920336380836,90.02433090024331,12.459917192152531
70,27.825827926074638,90.7163053722903,12.4210250979046
71,26.92234070197368,91.38166894664843,12.423707638283949
72,25.943023006461207,92.01940035273368,12.431628560671621
73,24.88072163365024,92.90583723902854,12.384852733380706
74,23.7262749279135,93.49794238683127,
75,22.46757953052545,94.13984902661899,
76,21.08796318515549,94.670245398773,
77,19.48297954674475,95.06286982248521,
78,18.734896146891764,97.16569767441861,
79,16.910224001095706,97.42376445846477,
80,14.762471138334913,97.59972954699121,
81,11.777332757306647,97.70133681121617,
82,11.777332757306647,97.70133681121617,
83,11.777332757306647,97.70133681121617,
84,11.777332757306647,97.70133681121617,
85,11.777332757306647,97.70133681121617,
86,13.477868434403595,97.6593625498008,
87,15.888370655869394,97.52151462994837,
88,17.853975837208683,97.30549607423269,
89,19.563065406848988,97.0033296337403,
90,20.34563996081703,94.8964218455744,
91,20.34563996081703,91.11111111111111,6.104283760791302
92,20.34563996081703,87.40112994350282,6.259676387393515
93,20.34563996081703,83.76647834274952,6.976270145933818
94,20.34563996081703,94.18079096045197,4.567040544059796
95,20.34563996081703,94.18079096045197,4.67395257786832
96,20.34563996081703,94.18079096045197,4.705798923001468
97,20.34563996081703,94.18079096045197,4.710520100746399
98,20.34563996081703,94.18079096045197,4.7048919664757785
99,20.34563996081703,94.18079096045197,4.689766886664414
100,20.34563996081703,94.18079096045197,4.737775317066737
101,20.34563996081703,94.18079096045197,4.7300365721383875
102,20.34563996081703,94.18079096045197,4.692771801188137
103,20.34563996081703,94.18079096045197,4.63740003558711
104,20.34563996081703,94.18079096045197,4.54723736240792
105,20.34563996081703,94.18079096045197,4.433005193958733
106,20.34563996081703,94.18079096045197,4.303557978499891
107,20.34563996081703,94.18079096045197,4.167458951159775
108,20.34563996081703,94.18079096045197,4.026860183948043
109,20.34563996081703,94.18079096045197,3.8823333811901
110,20.34563996081703,85.5743879472693,8.218011920450826
111,20.34563996081703,89.24670433145009,7.800677245590738
112,20.34563996081703,92.99435028248588,6.236796617364161
113,20.34563996081703,96.81732580037665,3.594648970202418
114,18.73489614689176,97.16569767441861,3.6768909992907806
115,16.910224001095703,97.42376445846477,3.684489322211266
116,14.76247113833491,97.59972954699121,3.6887343227224547
117,11.777332757306647,97.70133681121617,3.7639617342685496
118,8.781452263906967,97.79735682819383,3.7646858451687484
119,8.781452263906967,97.79735682819383,3.7646858451687484
120,8.781452263906967,97.79735682819383,3.7646858451687484
121,8.781452263906967,97.79735682819383,3.7646858451687484
122,8.781452263906967,97.79735682819383,3.7646858451687484
123,8.781452263906967,97.79735682819383,3.7960553966052792
124,8.781452263906967,97.79735682819383,3.7654696754164845
125,8.781452263906967,97.79735682819383,3.722228204193569
126,8.781452263906967,97.79735682819383,3.8208331192694036
127,8.781452263906967,97.79735682819383,3.823704966076034
128,8.781452263906967,97.79735682819383,3.813019086877416
129,8.781452263906967,97.79735682819383,3.835390714338893
130,8.781452263906967,97.79735682819383,3.924053576047947
131,8.781452263906967,97.79735682819383,4.054965998940268
132,8.781452263906967,97.79735682819383,4.196559956614515
133,8.781452263906967,97.79735682819383,4.328279088489081
134,8.781452263906967,97.79735682819383,4.168902861035823
135,8.781452263906967,97.79735682819383,3.9830912797074
136,8.781452263906967,97.79735682819383,3.9425102357037325
137,8.781452263906967,97.79735682819383,4.19298740979482
138,8.781452263906967,97.79735682819383,4.207241854526504
139,8.781452263906967,97.79735682819383,4.140222242379372
140,8.781452263906967,97.79735682819383,4.042041681282514
141,8.781452263906967,97.79735682819383,3.963178845833164
142,8.781452263906967,97.79735682819383,3.9456529862881364
143,8.781452263906967,88.78225298930144,7.709914024139195
144,8.781452263906967,92.1648835745752,4.796685451306252
145,8.781452263906967,95.61044682190057,3.542229038944561
146,8.781452263906967,99.11894273127753,3.095898537586586
147,7.115975381672694,99.3455098934551,3.2400820494151517
148,5.237557751852812,99.49941107184924,3.726580928881548
149,3.0370119579712087,99.58701224722302,3.7096346416175434
150,3.0370119579712087,99.58701224722302,3.6997343330756207
151,5.237557751852812,99.49941107184924,3.688502098025656
152,7.115975381672694,99.3455098934551,3.678743045607734
153,8.781452263906967,99.11894273127753,3.6740048941297254
154,9.551523848511046,97.32885476647473,3.598896277965777
155,9.551523848511046,93.82597568777992,3.3168164595474092
156,9.551523848511046,90.38707613563659,5.336891681636649
157,9.551523848511046,87.01215611004478,6.2286781077467
158,9.551523848511046,97.76071657069738,2.758400333646456
159,9.551523848511046,97.76071657069738,3.3465098360007506
160,9.551523848511046,97.76071657069738,4.302758840626833
161,9.551523848511046,97.76071657069738,5.562082268264928
162,9.551523848511046,97.76071657069738,5.791500678097783
163,9.551523848511046,97.76071657069738,5.992199758961001
164,11.254744944707303,97.72024100309396,6.166268629263224
165,14.239883325735569,97.6194496032416,6.303601425110187
166,14.239883325735569,93.98953233158872,6.028165043120584
167,14.239883325735569,90.42714840452473,4.271826107152547
168,14.239883325735569,86.93229782204963,5.493039937446073
169,14.239883325735569,95.25578254263043,6.476292259009138
170,14.239883325735569,95.25578254263043,6.644567486278578
171,14.239883325735569,95.25578254263043,6.8057485737531325
172,14.239883325735569,95.25578254263043,6.960931325975812
173,15.521751335452585,95.15130674002751,7.126357641004965
174,17.663958370567357,94.88231098430813,7.272285944925738
175,19.48297954674475,94.5266272189349,6.860354086136956
176,21.303951110282927,94.1120061373226,6.969430279444332
177,22.626574425125863,93.48430671434247,6.944769350522139
178,23.244993280995864,91.14614918132202,4.056072341518927
179,23.244993280995864,87.24479482514656,2.7150702022768956
180,23.244993280995864,83.60622599555286,2.3956789053946634
181,23.244993280995864,79.9070143521326,4.899253027758006
182,23.244993280995864,89.24600768142308,2.166516950740812
183,23.244993280995864,89.24600768142308,2.166516950740812
184,23.244993280995864,89.24600768142308,2.166516950740812
185,23.244993280995864,89.24600768142308,2.166516950740812
186,23.244993280995864,89.24600768142308,3.5432529146771112
187,23.244993280995864,89.24600768142308,4.009567579085972
188,23.244993280995864,89.24600768142308,4.0579664736903
189,23.244993280995864,89.24600768142308,3.9310406668279714
190,23.244993280995864,89.24600768142308,3.76374934146385
191,23.244993280995864,89.24600768142308,3.582430614567428
192,23.244993280995864,89.24600768142308,3.332162107829776
193,23.244993280995864,89.24600768142308,3.116808817721353
194,23.244993280995864,89.24600768142308,3.068889228197781
195,23.244993280995864,89.24600768142308,3.1913979778997934
196,23.244993280995864,89.24600768142308,3.4518466719467136
197,23.244993280995864,89.24600768142308,3.7235613099449827
198,23.244993280995864,89.24600768142308,3.9181265788394692
199,23.244993280995864,89.24600768142308,4.030209375924746
200,23.244993280995864,89.24600768142308,4.229600359276383
201,23.244993280995864,89.24600768142308,5.698118917985134
202,23.244993280995864,89.24600768142308,6.658106496843862
203,23.244993280995864,89.24600768142308,7.136551626962299
204,23.244993280995864,89.24600768142308,7.307650858502484
205,23.244993280995864,89.24600768142308,7.3924615209899995
206,23.244993280995864,79.76551445320396,8.392103572901615
207,23.244993280995864,83.50515463917526,8.17796182241413
208,23.244993280995864,87.32565191024864,7.407129520253058
209,23.244993280995864,91.2270062664241,8.62515131970353
210,22.626574425125863,93.40484704012714,10.740618709257635
211,21.303951110282927,94.03528960490986,11.913684949393941
212,19.84959886716156,94.55757126990004,12.90343666543784
213,18.23315000324576,94.94462307967132,14.044036400153548
214,17.239485993540598,95.0710401683915,14.86293497487458
215,19.199493269926243,94.76077860651264,15.073326642624089
216,20.902877789576028,94.35955480098094,16.340194554565088
217,22.421959191097233,93.85879131625269,16.433496444318575
218,23.79564340143204,93.24954388810055,16.616001857328857
219,24.71611864733166,91.03120479437901,14.145311696911607
220,24.71611864733166,87.08410828683613,13.485275887517291
221,24.71611864733166,75.0154990700558,12.686799602028833
222,25.480892094757746,76.43714466203411,12.460939837039072
223,26.893285060013472,79.54098360655738,12.048234679272138
224,28.173087601049186,82.58108414606487,13.353104799143809
225,28.121083578106276,82.54364089775561,13.062369769438794
226,28.769761805309813,82.12058212058211,13.371739486228243
227,29.955271415011996,81.16011505273251,13.666479927176216
228,31.565798739314094,80.40439340988517,13.407179743300372
229,32.99004935442239,79.52182952182952,13.809993367136299
230,34.266843279822204,68.65873445105463,11.963664405487116
231,35.42044464426623,71.34420697412824,13.853410604937695
232,36.51168387722931,73.91812865497076,16.370273331221362
233,37.04026154500319,75.37268932617769,16.911785717073446
234,35.956428440145565,72.4770642201835,16.437222425659513
235,34.75804961610427,69.64187327823691,14.701658890823595
236,33.563266917541284,67.20529801324503,16.22812296592574
237,33.09486270919088,79.37044745057231,19.625719012274246
238,33.09486270919087,79.5525494276795,21.276428909217206
239,34.214839256879294,78.43243243243244,22.280115995000184
240,35.2351632328172,77.1324354657688,23.258886403171875
241,36.1662307455718,75.66938300349243,25.606321276490313
242,37.01601641663543,74.27623642943306,24.961637459213435
243,37.79079913094733,73.00249687890137,24.523339894005076
244,38.49562094042729,72.16129032258064,25.365442134916847
245,39.134591250000675,71.33821571238349,26.58487190026828
246,39.71109616152015,70.54183813443073,27.689446392523504
247,40.2279469736032,69.78138222849083,27.304537739248705
248,40.68748812972318,69.06657018813314,28.77876443679863
249,41.09167723615839,68.4074074074074,30.442353553192415
250,41.442145274712516,67.81391830559758,31.90819056953355
251,41.74024239217991,67.29583975346688,28.11755746752808
252,42.30715239659483,66.20553359683794,29.75890849348272
253,43.10343152696256,64.34995911692559,
254,43.80370022374704,62.32067510548523,
255,44.120263921166725,59.271948608137045,
256,44.120263921166725,55.46038543897216,
257,44.120263921166725,51.820128479657384,
258,44.120263921166725,48.35117773019272,
259,44.120263921166725,55.24625267665953,
260,44.120263921166725,55.24625267665953,
261,44.120263921166725,55.24625267665953,
262,44.120263921166725,55.24625267665953,
263,44.41550764145467,54.12684622067767,
264,44.94466510887766,52.09634255129349,
265,45.395699209463096,49.58904109589041,
266,45.491857143818294,46.185661764705884,
267,45.5329948495482,43.133640552995395,
268,45.6971989752552,40.14869888475837,
269,45.842379066177976,37.21910112359551,
270,45.842379066177976,34.176029962546814,
271,45.842379066177976,30.337078651685392,
272,45.842379066177976,30.758426966292134,
273,45.96882090648824,34.49575871819039,
274,45.883494362285084,34.301780693533274,
275,46.159540442989346,27.337110481586404,
276,46.94815412641034,28.216374269005847,
277,47.326452858970136,28.691774033696728,
278,47.341176476222145,28.720238095238095,
279,46.984552007211875,28.285295554469958,
280,46.984552007211875,28.5295554469956,
281,46.984552007211875,33.61016121152907,
282,46.984552007211875,37.66487542745481,
283,46.64742964599606,41.15107913669065,
284,46.2340655371683,44.533083059596436,
285,45.74105466515942,47.78032036613272,32.41544240519222
286,45.57741869996427,51.7428700769579,34.32671174493754
287,44.97696833229533,54.76923076923077,33.89800625742214
288,44.424001524758445,57.969151670951156,32.688359562052995
289,43.452993776049,60.396039603960396,26.967393646006222
290,42.34102514875877,62.60904044409199,24.88945720444828
291,41.0582126108839,64.61187214611873,18.971696290543502
292,40.71728406961386,67.89709172259508,9.27015432314759
293,39.193420916302316,69.5,6.1843996084162125
294,39.193420916302316,63.5,22.836645977624126
295,39.193420916302316,67.67857142857143,7.775816565926675
296,39.193420916302316,71.78571428571429,3.9635204871026812
297,39.193420916302316,76.32142857142857,10.739535290330696
298,38.3844502783148,77.95031055900621,13.500927608218376
299,37.94584358854618,78.91525423728814,14.808305451872029
300,38.37770871982378,78.22359396433471,15.184082944328793
301,38.701991297834546,77.43944636678201,16.571343909523932
302,38.923631158933055,76.49721448467966,15.28481117383345
303,38.71391237827342,74.27785419532324,13.475450582364196
304,38.7636496194043,73.24380165289256,14.372501736124306
305,38.71391237827342,72.14580467675378,14.47838176748133
306,38.28762728675979,69.9864956110736,9.75485668496129
307,37.50149566570334,67.2211350293542,5.8786497949006105
308,36.632425639518594,64.3801132787917,9.117633211448393
309,35.67252669861432,62.371134020618555,13.935584061191788
310,36.24559361923945,62.67519804996953,8.598361292878318
311,36.415860717083945,62.77082697589258,8.71369232869154
312,36.415860717083945,62.77082697589258,9.829232190163369
313,36.87734610617932,63.25023084025854,9.577402635978022
314,37.1990066757585,63.58005574481263,9.885890000313983
315,37.38903761456621,63.72396642834939,9.997185041284672
316,38.24010941435916,62.39123428939736,10.623842744052164
317,39.01219739571659,61.06106106106106,9.616578157277225
318,39.710860578927644,59.74473956536737,8.500028341778103
319,40.379524467659365,57.94725588025659,13.282181031924637
320,41.017098211477126,48.822663723325974,9.730470030351265
321,41.310238563491176,49.49570414643257,10.285739327291994
322,41.310238563491176,49.15950691072096,12.063157511666432
323,41.310238563491176,49.49570414643257,10.40884755218637
324,40.70701786953159,48.38826512133285,13.90519905525664
325,40.34058335290859,58.13456746173015,12.33744314389953
326,40.27551642177355,58.031272210376684,11.85549431349685
327,40.27551642177355,58.031272210376684,11.219862711005419
328,40.27551642177355,58.031272210376684,10.426781000404905
329,40.06588971223658,60.706713780918726,6.210069097952215
330,40.565204025609006,53.15904139433551,11.589051284737108
331,41.00667711360766,56.552494415487715,9.307196961667625
332,41.39223334367009,60.09139375476009,6.152231855661603
333,42.01964617570593,61.35303265940902,5.1472074739825135
334,41.83855878129113,60.69230769230769,8.272379123662033
335,41.83855878129113,60.69230769230769,9.055314988895587
336,40.89441112456142,59.45742275810098,8.508464748991996
337,39.713606593389855,58.10014727540501,3.4300612517379343
338,39.99580153143089,60.41198501872659,10.355270664592048
339,40.227535491223904,60.60030395136778,11.29700656063234
340,40.40961603240667,60.91468101460415,11.496526860846375
341,40.8043207888284,60.29757243539546,11.400135270439302
342,41.385522576135145,58.561093247588424,13.408094915644345
343,41.88692686201185,56.666666666666664,5.416380633461997
344,42.31257349404984,54.621848739495796,6.448660135307531
345,42.66562974238607,52.8229255774166,7.100945206090928
346,42.81573002845797,50.991379310344826,6.072637616176718
347,42.9485579362488,48.87152777777778,6.94191557430679
348,42.92145064384211,46.143847487001736,8.192617402688972
349,42.84001632673892,43.44827586206897,6.114544431690954
350,42.703914845440885,41.1965811965812,6.332434504694967
351,42.51256972236907,46.1570945945946,7.36265389937219
352,42.39593247243862,46.121593291404615,5.406397857596135
353,42.39593247243862,44.40251572327044,7.198758056981416
354,42.39593247243862,42.85115303983228,9.715168200838814
355,42.39593247243862,41.467505241090144,10.83032146129469
356,42.39593247243862,42.138364779874216,12.854564416276657
357,42.39593247243862,43.60587002096436,13.36152738477945
358,42.39593247243862,45.24109014675052,14.23117854837955
359,42.39593247243862,47.0440251572327,13.001291420683932
360,42.246060027209,48.354852144939606,11.97380759399746
361,42.019747177351356,49.97938144329897,12.000441827585577
362,41.87736442263928,50.778688524590166,12.310119856466375
363,42.019747177351356,51.09278350515464,11.056170990270122
364,42.019747177351356,50.76288659793814,12.835305435762848
365,42.019747177351356,50.68041237113402,13.089789159047568
366,41.71510546275282,50.02035002035002,12.799508564339176
367,41.71510546275282,50.34595034595035,13.11745494901278
368,41.87736442263928,50.73770491803279,13.468425431497785
369,41.92166866491204,50.73770491803279,14.627306080357915
370,41.217267100055096,49.93949173053651,15.562514759921909
371,39.43503063204,48.52998823990592,16.16762361999951
372,39.6139675118526,44.98612762584225,17.038518178412133
373,39.882120858379764,41.656614394853236,18.321386820418144
374,40.227869572969674,39.17314776913631,19.56323372651966
375,40.50813188071817,36.06148732862484,20.562015648322443
376,40.624229333656075,31.229096989966557,22.33409408734864
377,40.624229333656075,31.145484949832777,23.54890400389158
378,40.624229333656075,30.81103678929766,23.624313738208503
379,40.624229333656075,31.47993311036789,20.99383161372144
380,40.37607480385268,37.25247524752475,16.096465805220262
381,40.06330013371257,40.422077922077925,14.634119739898875
382,39.93316627144251,39.81481481481482,14.751556159143957
383,39.938011001822424,41.817450743868115,13.660651080953691
384,40.06307478191322,42.135058633238984,13.265916446993417
385,40.116513445668566,42.31860559383867,12.947230533375937
386,40.36985889960626,38.95516248457425,11.760553945782197
387,40.582533823054476,36.23490212411495,9.350351386494856
388,40.754070475450945,32.814472023559105,5.679530838450804
389,40.82625055269856,26.024503591043516,12.473580485180339
390,40.82625055269856,26.024503591043516,11.762404754695794
391,40.82625055269856,26.024503591043516,11.233710124336975
392,40.82625055269856,27.08069286016054,10.928924557726805
393,39.38372450926336,32.49067550766681,9.113330072766605
394,39.21218785686689,35.822732868280674,8.816029202085288
395,39.12137119349021,37.42857142857143,8.955585788282983
396,39.12137119349021,37.42857142857143,9.969758079725736
397,39.12137119349021,37.42857142857143,10.763062222575874
398,39.12137119349021,34.775510204081634,10.529977332869144
399,39.12137119349021,38.16326530612245,8.994175278104853
400,39.12137119349021,41.714285714285715,7.381097527511285
401,39.12137119349021,45.142857142857146,6.976369935070402
402,38.896889291591684,47.78404512489927,8.074891645866398
403,38.614384504199336,50.95162569389373,7.592725252638854
404,38.27251087059312,53.463035019455255,9.203984674102148
405,37.86956830209505,56.47372429550647,4.67603336812369
406,37.40344580763897,59.33085501858736,3.920532809677481
407,37.30588959124943,61.09265411590993,4.555210767996775
408,37.540924011833255,59.67862481315396,4.988597249202081
409,37.96442772432691,50.11467889908257,6.760217964710809
410,38.15343581446562,50.675936655079184,6.837084574556584
411,38.15343581446562,51.02356122054847,8.038324250384832
412,38.15343581446562,51.1008111239861,8.360362393099324
413,37.7988306929527,49.1101855357819,8.23162034395124
414,37.58007585020976,57.634730538922156,5.999495249616196
415,37.11576816277397,55.18626734842951,6.795623063675382
416,36.58802623261525,52.84495021337126,12.854523552833095
417,36.20281258992482,51.20587207270185,11.058382646944597
418,36.20281258992482,50.6116742397763,10.319176926658155
419,36.20281258992482,50.6116742397763,10.740979626068658
420,36.20281258992482,50.85634393568682,11.704552543157565
421,36.20281258992482,50.78643830828382,11.90522189481353
422,36.20281258992482,51.10101363159735,12.159760428486067
423,36.37439121839156,52.056239015817226,12.144050859386278
424,36.459738108732054,52.802255904124074,14.980179047488228
425,36.459738108732054,53.82446246034544,12.355701022782712
426,36.42776721558935,54.647887323943664,12.208999013558365
427,36.459738108732054,55.34014804370814,8.799115526721112
428,36.459738108732054,55.62213605921748,8.876338409765776
429,36.459738108732054,55.69263306309482,9.41352989423725
430,36.91152238622405,56.8075117370892,9.641728305186025
431,36.91152238622405,57.06031058143734,9.632107584754728
432,36.91152238622405,57.06031058143734,9.420776020955511
433,36.91152238622405,56.771397616468036,9.091868907418101
434,36.95266917610166,57.070524412296564,8.902773371373728
435,36.91152238622406,61.105092091007585,4.979141903970035
436,36.787687158374816,62.747213232650125,3.9613946922106975
437,37.14590160773717,62.12844036697248,4.262495627654006
438,37.45048192670207,61.5988046320508,4.515826580865694
439,37.70260942620658,61.16799393249905,4.439136338948008
440,37.90322944889672,55.700575815738965,7.240784388138576
441,38.20535189876034,58.03432137285491,6.88966655854575
442,38.59617555689231,59.18854415274463,4.564151052727567
443,38.920995810664714,59.95145631067961,3.7188317514753093
444,38.920995810664714,59.95145631067961,3.631890267984206
445,38.7667069434054,59.18940609951846,4.3746280191849465
446,38.40915125036519,58.471237194641446,4.641537846704272
447,38.12964085379934,57.68633540372671,6.64027049240262
448,37.93976381564133,57.44435917114352,7.039042814215251
449,37.70260942620658,65.2635570724308,6.58939716050323
450,37.93976381564133,62.20260936300844,7.467188490473355
451,37.93976381564133,58.48042977743668,7.897714862261178
452,37.93976381564133,54.91174213353799,9.957427028203362
453,37.93976381564133,52.187260168841135,10.829494511259618
454,37.93976381564133,56.753645433614736,9.955116027177777
455,37.93976381564133,56.753645433614736,10.419666566500196
456,37.93976381564133,56.753645433614736,10.968533179766876
457,37.93976381564133,56.753645433614736,11.468462272041739
458,37.93976381564133,56.753645433614736,11.940541767650938
459,37.93976381564133,56.753645433614736,12.30790071408232
460,37.93976381564133,56.753645433614736,12.596116481378596
461,37.93976381564133,56.753645433614736,12.684262423481025
462,37.93976381564133,56.753645433614736,12.732386834160204
463,37.93976381564133,56.753645433614736,12.7326709277528
464,37.93976381564133,53.53031465848043,15.458533677947688
465,37.93976381564133,56.71527244819647,12.793388612565886
466,37.93976381564133,60.3607060629317,10.819775073447756
467,37.93976381564133,64.15963161933999,8.934780643890832
468,37.448299057828784,66.40449438202248,6.475057801539905
469,36.88653591488979,68.49015317286653,5.08250752837945
470,36.25062645307122,70.34018426647768,4.631338339778541
471,36.578124319195915,63.07083782811938,11.111007667376049
472,37.17642567622693,64.87985212569316,10.178876932743174
473,37.70260942620658,66.55290102389078,8.9210656724791
474,38.16012776287775,68.10244470314319,7.109663773356468
475,38.16012776287775,68.76212650368646,7.428588199581628
476,38.16012776287775,68.83973612727978,7.641856260617328
477,38.16012776287775,68.91734575087311,7.863629933445149
478,40.408055637158064,69.09307875894989,8.107604086125447
479,41.917135277433474,68.02943581357319,8.294940251564105
480,43.081141154517105,66.84828164291702,10.468529257534788
481,44.00748652783084,65.55269922879178,12.107992699517855
482,44.74591652429175,64.89082969432314,13.200589796886726
483,45.32453449761043,64.33007985803017,14.042162042877194
484,45.76070934178232,61.85983827493261,16.285222091954004
485,46.0655237143375,63.64460562103354,16.24540844059938
486,46.245886189817995,65.4056517775752,13.930957142278382
487,46.3056014461171,67.12328767123287,12.500537358962575
488,46.409609492002915,68.51512373968836,9.468026315898141
489,46.409609492002915,70.57745187901008,6.722818057674629
490,47.569036968286575,72.24018475750577,5.703198096659171
491,48.93784365622504,73.39277334584702,5.79099233016804
492,49.87279384207468,72.67967634459781,6.613294680435327
493,50.496100876371216,71.86147186147186,8.243096805863109
494,50.87196668889518,71.3317191283293,8.92582720637709
495,51.02878406660656,71.24817872753763,8.729219972603726
496,50.97678004366366,71.2760795730228,8.923214300246666
497,50.712655735932266,71.41477547078706,9.157390448597102
498,50.21817549389611,72.28338918142651,8.179333449152077
499,49.450824367894995,73.04964539007092,7.533659672621315
500,48.30866669786899,73.70870172173103,7.749816864034463
501,46.283199939406735,74.25832952989502,7.623802530797712
502,46.07744999537881,75.82766439909297,7.1749365830098215
503,45.74924199478955,77.27885047148631,4.065351793117468
504,45.29137682947274,78.28976517501107,3.81677487303068
505,46.00935204646123,79.20529801324503,4.182999330081804
506,48.00111085841231,70.33780657103193,8.001757950982949
507,48.00111085841231,69.96760758907914,8.38751677838523
508,48.00111085841231,69.96760758907914,7.89777303012135
509,48.00111085841231,69.96760758907914,7.527297925475655
510,46.9317473866906,79.60906263882718,7.23992780366208
511,46.9317473866906,79.60906263882718,8.018163165907783
512,46.9317473866906,79.60906263882718,8.752657966192302
513,46.9317473866906,79.60906263882718,9.502080618153759
514,46.9317473866906,79.60906263882718,10.171066691637213
515,46.9317473866906,79.60906263882718,10.74652402316548
516,46.9317473866906,79.60906263882718,11.171632482675344
517,46.9317473866906,79.60906263882718,11.471200937691043
518,47.15815879159323,78.44284428442845,10.680210858207795
519,47.560339499763884,76.31336405529954,8.313552897952572
520,49.20384049429154,74.67811158798283,6.912742980650981
521,51.137667343869495,73.83924113829256,7.786974738199939
522,52.61279070827436,72.82211789254043,7.485123725015561
523,53.816719381541944,71.61500815660685,6.616962125633427
524,54.820814196574084,70.66139061616732,6.752289170322763
525,56.66177535883041,70.00589275191514,7.502410241660937
526,58.459500727110324,69.06962415280346,8.111219740783284
527,59.79197851361025,67.95118818240205,8.942074902125821
528,59.86435068668201,60.038734667527436,16.556559022255428
529,59.9211894964378,60.27219701879456,17.721369284126993
530,60.239144227347076,61.06369008535785,18.842117003389454
531,60.76575817772284,62.458025520483545,17.877869953040477
532,60.35100247470208,62.40851630073187,19.178698657557092
533,59.65394992040432,61.63934426229508,21.474477639639797
534,58.574661810038144,62.70096463022508,20.70433945565548
535,56.60605785902041,63.653483992467045,20.940710253325804
536,56.72821613071197,66.20341124447252,17.363587686062104
537,56.752565903295405,69.25996204933587,15.569276151675274
538,56.77974185204702,71.10266159695817,14.192363272191413
539,56.82088864192462,71.91867852604828,14.792777748573224
540,56.77974185204702,72.87705956907477,14.076301408573366
541,56.65590662419778,73.9622641509434,14.753287408913263
542,56.448175240068025,75.15527950310559,15.428017251284087
543,56.154454202001915,76.43467643467643,15.83656874085883
544,55.771630052326145,77.77777777777777,14.450540430736853
545,55.295350878867175,79.16181606519208,15.015051345186627
546,54.71968085909016,80.56497175141243,13.558842072285088
547,54.03654815571174,82.6775956284153,6.456549601906152
548,53.23482952695354,84.5100105374078,5.327767147048859
549,52.29873788629925,86.06889564336373,3.690744851529163
550,51.204715258133234,87.36637512147716,3.6297592680787627
551,50.896283539216114,87.80952380952381,3.5256261049573445
552,50.525576906702874,88.27906976744185,3.8631952694222402
553,50.09056834934968,88.76811594202898,4.035669506677425
554,49.58873437195346,89.27000879507476,4.323284487262155
555,49.01695063813109,89.77853492333901,4.360119121419869
556,48.3713465313366,90.2880658436214,4.258651937623037
557,47.64709843328511,90.7936507936508,4.304482572862554
558,46.838127795297595,91.29106187929717,3.866832879696838
559,45.936644186655165,91.77679882525698,3.860419237464636
560,44.93242123893074,92.24806201550388,3.650822806003122
561,43.81157862454468,92.70270270270271,3.617726777505281
562,42.55436208733886,93.55987055016182,3.69899283354852
563,41.130614804148095,94.23791821561338,3.6878339490930654
564,39.488808922297515,94.75400118553645,3.808419469336416
565,37.51997191244969,95.12471655328798,4.378387782883809
566,35.27915888228922,95.4175704989154,4.5416515812047225
567,33.26768628092163,95.5909209496478,4.7442317628875355
568,33.84435842011496,95.16679800367744,4.953282891912524
569,34.227723932461274,94.64238585378727,4.9945450843756065
570,34.43571597691121,94.01958189997353,5.422294954137451
571,33.94795547805698,91.58004158004158,5.130712561345512
572,32.81411361120798,87.56256256256256,5.496644155684474
573,31.566897253809568,84.17630057803468,7.2650972864449574
574,30.18639305159865,80.67655236329935,15.797730058045579
575,28.642296542346656,92.00089126559715,5.165104827929111
576,26.882942615237948,92.50214224507283,5.301435601503279
577,24.799230909853776,92.89538714991762,5.232782905521253
578,21.87690565072525,93.1908155186065,4.906217651932313
579,20.654106683066676,93.84085692425401,4.866403703239717
580,19.319793305835105,94.36437546193643,4.5289744913746794
581,19.319793305835105,94.36437546193643,4.49265689083233
582,19.319793305835105,85.80931263858093,5.425330799454035
583,19.319793305835105,89.44937176644494,5.127753645247508
584,19.319793305835105,93.16334072431633,3.755293909347764
585,19.319793305835105,96.95121951219512,4.302059612859343
586,17.36543699906813,97.18560741004632,4.576652094908817
587,14.965975315640023,97.3385989010989,5.085295799976436
588,12.685250517465022,97.25635414913314,5.617667241193576
589,11.659258326629562,97.09341397849462,6.557012685768954
590,12.685250517465018,97.25635414913314,6.968341209691214
591,15.090258028539147,97.10246116250654,8.016028748783103
592,17.05026530492479,96.86877828054298,8.676050425916502
593,18.33833483472798,96.3302752293578,9.132614719037276
594,19.52274639333266,95.68247821878025,9.87906547842223
595,20.07999840047865,93.36614173228347,9.090156554122943
596,20.07999840047865,89.68503937007874,9.576327826397433
597,20.07999840047865,85.96456692913385,10.956781257091244
598,20.07999840047865,82.32283464566929,6.568481997995914
599,20.07999840047865,92.65748031496064,13.06066867773792
600,21.749278067749543,92.51154386669343,14.286108409337649
601,23.002323659607175,90.35626535626535,15.557095421652196
602,25.192054311012885,89.69619715317612,16.67122680011984
603,27.520599870799995,89.25016589250166,17.949237622315742
604,28.499917566312465,88.12628689087165,19.844934431971193
605,28.960754044999387,85.43847406373575,21.0656361484801
606,30.601773381447867,83.10762651461155,20.679206446639604
607,32.79013778883464,82.43310208126859,15.973313932184618
608,34.49704657630878,81.61157024793388,16.316093629783975
609,35.987517732360736,80.65123789020453,15.141988397835451
610,37.31316198563747,79.54035874439462,14.207370320428051
611,38.504225565784914,78.50058343057177,13.932940062596863
612,39.580559371483474,77.63956310679612,14.302574751794824
613,40.556148412464744,76.76544766708702,12.567806537682038
614,41.315241026699645,74.8041775456919,13.855697774195754
615,42.0039485774039,72.63832658569501,13.452609724670646
616,43.083979499046116,70.75736325385694,12.711423536264263
617,44.45011854562701,69.17155425219941,12.243380448342057
618,45.648089698207905,67.72588055130169,12.522478974850971
619,46.707953916777676,65.73482428115015,11.715326857622955
620,47.6493609117903,63.85191347753744,11.850640195577412
621,48.48607670027824,62.240484429065745,9.858429886230057
622,49.228202318697726,60.63734290843806,9.041422790966456
623,49.88339037869519,59.061338289962826,9.225633305516661
624,50.45756740475413,48.80038387715931,7.87023963012891
625,50.955388761407704,51.87747035573123,7.105307337260475
626,51.38053818294488,54.766734279918865,7.6414831955018485
627,51.73593163504741,58.24688796680498,8.951937232042052
628,51.83284251979621,61.12852664576803,9.8093061749137
629,51.65480993209843,63.21243523316062,11.921310565319715
630,51.65480993209843,63.10880829015544,11.823169016989578
631,51.65480993209843,63.47150259067357,12.159810088756261
632,52.06817404092621,60.56263269639066,10.08784648612599
633,52.40529640214201,57.42145178764897,9.282760507791622
634,52.66877721141975,55.06607929515418,9.185795725473273
635,52.7735287305851,51.94013303769401,10.300651744250894
636,52.83167569774167,48.302726766833615,12.447823011087308
637,52.898000564087056,44.88541084404695,13.286252146750549
638,52.898000564087056,41.47568474007826,17.180969505696357
639,52.83167569774167,38.119087367835284,17.455963435624707
640,52.698612611609875,45.6150027578599,16.363522930496675
641,52.497968913354654,46.32553075666848,15.705654905342584
642,52.228440280635816,47.24451578384163,17.084833546131872
643,51.888207040972986,48.34992142482975,17.886784873113648
644,51.47485444226649,49.61676034747062,17.73942393026335
645,50.9852571348401,51.465474416294086,17.76068609520842
646,50.415412397572034,54.357246027924894,12.90401087262169
647,49.76019634430047,57.0497906002792,12.717695012257966
648,49.01299857644799,59.53342305966801,10.462670353125572
649,48.57875832754873,62.16688510266492,9.095740452449931
650,48.337649662793105,63.6520241171404,7.379818547010559
651,48.803772157249185,65.45615589016829,5.424932097384647
652,49.20671472574726,66.84831970935514,3.625928835582085
653,49.586973057461584,68.1313598519889,3.0871014823467258
654,49.905594963387415,69.27034611786716,3.2647091284054994
655,50.115221672924385,69.79264844486333,3.416907608422728
656,50.115221672924385,68.99151743638078,3.605503465852073
657,50.115221672924385,69.36852026390198,3.5182177696957715
658,50.115221672924385,70.26390197926484,3.9731259045651734
659,50.115221672924385,71.34778510838831,5.316309572061158
660,50.115221672924385,72.62016965127239,6.998513424320621
661,48.11750809600841,72.7104532839963,7.630969620859796
662,48.055173353223566,72.54268574065529,8.586214180259294
663,47.68276525217141,71.68262653898769,8.428349015333472
664,47.44970400494338,71.1634223630602,9.368719196622711
665,47.26131095084966,70.33557046979865,9.329970091645889
666,46.63672852125306,68.42789086184496,9.179376510501244
667,44.42626638007672,66.75116180819603,8.26466819825316
668,43.84094576313211,64.68633153302866,7.7661187152741125
669,43.280564148675026,63.68852459016394,7.420921555654212
670,42.7038920094817,63.017031630170315,7.192903442997809
671,41.900222499704675,62.24,6.665028125495119
672,40.80154901167011,61.29032258064516,6.264480311214166
673,39.22311561419469,63.888888888888886,8.324777002641984
674,37.96442772432691,65.0229357798165,8.740558571605275
675,37.98336123364331,67.25325172149962,11.571253270709752
676,37.96442772432691,68.3868501529052,13.045942666091355
677,38.32759713557255,65.6786271450858,10.042999655716871
678,38.63218678761532,62.817460317460316,8.415246840673502
679,40.24166835433603,60.6369946917109,8.888817968317598
680,42.19934776599658,59.1237771161208,9.340481492266479
681,43.69931811348571,57.45245466607696,10.475096352163106
682,44.929174740763905,55.62184488297384,11.195292884379162
683,45.96037684820274,54.01425178147269,12.474777750950086
684,46.83088029268697,52.82000980872977,16.972413847508303
685,47.56398761301538,51.74154467440687,17.21300550644524
686,48.17519333333453,44.2775763852926,20.33411438200222
687,48.67528343494713,46.79724722075172,17.80898086499688
688,49.07193818602965,49.43396226415094,20.789670626576942
689,49.370635185944046,51.33952979770366,22.330537799162155
690,49.61192118958285,53.79081350304372,19.529358354412288
691,49.80185029029664,56.00894354387926,19.51786416437885
692,49.90675200882947,59.19055649241147,19.091583910717645
693,49.92768046964697,61.90208216094541,19.300484727874338
694,49.86484335862444,65.00280426247897,17.74196238397523
695,49.71761450274114,68.00222593210907,15.212667918087792
696,49.68146174707812,71.57134925041643,13.01090588004966
697,49.5727360917261,72.09045780474352,13.370426817977663
698,49.39062334233135,72.72231314784506,13.774727043624063
699,49.133725028350305,73.45513164965072,13.519424988828899
700,48.7999910391371,74.2751713231418,14.556259786790303
701,48.38661381358177,75.16743946419372,14.4903335543097
702,47.889869274100825,76.11640742599097,14.936904942409768
703,47.304879216533905,77.10667316122748,15.10409463814027
704,46.625250970299795,78.12352663837812,14.664065136640524
705,45.84251356265317,79.15339098771051,15.569671640389469
706,44.94519297976415,80.18412976764577,15.171685090474195
707,43.91719220052768,81.75305520438263,13.20319052869625
708,42.73467803805231,83.09745248685806,10.155502748606262
709,41.35922479445293,83.92096086788067,10.808760944307563
710,39.718955245509676,84.87208008898776,8.284328853802913
711,39.10869320851225,86.90176322418137,6.414913356690025
712,38.42581424125028,88.67201115371209,6.862009097765127
713,37.66542170297811,90.2258173238962,6.731944260222475
714,37.1602107104481,90.48244174597966,7.364055773646543
715,36.597057608563205,90.74960127591707,7.623458004683923
716,35.97336934928547,91.02445063447848,7.921801069292301
717,35.28603833869466,91.30434782608695,7.111321467594803
718,34.53131594994954,90.77458659704091,8.432153704461667
719,33.70463661012771,92.12223156714326,7.947082198586182
720,32.80036633864676,93.28822733423546,7.440114068146313
721,31.811430924848842,94.1007569825111,7.424501148707214
722,30.806124557677872,95.08939813648955,6.062895590469259
723,29.789454753950174,96.0145808019441,6.038887508307225
724,28.67966254242571,96.78931333489571,5.661185509595025
725,27.464685549834467,97.42489270386267,5.6412751163900445
726,25.142448802679578,97.59271307742355,5.53172291685668
727,22.824102512478195,97.8923205342237,5.351115142034653
728,21.39941682097895,98.30985915492958,4.732501307847535
729,19.812055379992,98.62296353762606,4.745599743753988
730,18.583382726730086,98.66891638545182,4.777210799820657
731,17.243309173983988,98.71376811594203,4.652518116571255
732,15.771840735738898,98.7574378718936,4.675678688947871
733,14.138597169604772,99.01960784313725,4.695145466165699
734,12.291842053933312,99.20013059092393,4.709357047485371
735,10.12240784152537,99.30643127364439,4.719180106402887
736,7.115975381672694,99.3455098934551,4.583258701440487
737,5.237557751852812,99.49941107184924,4.58840157982588
738,3.0370119579712087,99.58701224722302,4.590569922689679
739,-0.0,99.61432506887053,4.590629335924934
740,-0.0,99.61432506887053,4.586293200517292
741,-0.0,99.61432506887053,4.573957114023431
742,-0.0,99.61432506887053,4.549441543314273
743,-0.0,99.61432506887053,4.516821934132959
744,-0.0,99.61432506887053,4.383613518145584
745,-0.0,99.61432506887053,4.1243678579532235
746,-0.0,99.61432506887053,3.8684673330041783
747,-0.0,99.61432506887053,3.61613221981479
748,-0.0,99.61432506887053,3.364414173214196
749,-0.0,99.61432506887053,3.1455427419791304
750,-0.0,99.61432506887053,3.202764504185614
751,-0.0,99.61432506887053,3.70970979700839
752,-0.0,99.61432506887053,4.268223564886347
753,-0.0,99.61432506887053,4.865686212596196
754,-0.0,99.61432506887053,5.484390063858228
755,-0.0,99.61432506887053,6.120526605436358
756,-0.0,99.61432506887053,6.781882825923707
757,-0.0,99.61432506887053,7.472556638862671
758,-0.0,99.61432506887053,8.174464251176834
759,1.7263595531412619,99.6078431372549,8.868296066732162
760,4.189190988298596,99.5511149724877,9.55318277980109
761,6.208061115907181,99.4311377245509,10.232102414806898
762,7.971385463025239,99.24172082946457,10.793022112865808
763,9.551523848511046,99.10428662827896,11.472183932153596
764,10.285745784398873,97.30081300813008,10.862238455676964
765,11.98628146149582,95.48013245033113,10.249615788246885
766,14.965975315640023,95.36401098901099,10.813025656057501
767,17.36543699906813,95.2084075525472,11.325526554390093
768,19.066730003831005,94.86895533407161,11.954168266134964
769,19.066730003831005,91.15909929863419,9.79861278612747
770,19.066730003831005,87.52307124400147,9.160055310445058
771,19.066730003831005,83.96087117017349,6.203592794572582
772,21.18622293886841,83.55691835952472,6.653115056209292
773,22.98208882715212,83.06804615996816,6.745436829490567
774,25.461912133785546,82.60599793174768,4.704505000544993
775,27.802878487483053,82.17438105489774,3.710441222462864
776,29.697567545181347,81.64911494510419,4.118736451085697
777,31.334304760157856,81.02121706691537,3.126008415489315
778,32.78535449755391,80.47538200339558,2.6129841557123576
779,34.08956388547934,80.10088272383355,2.6713074179130376
780,35.271226076569796,79.73787680209699,2.446008105938724
781,36.346941529601,79.39014429621562,2.6805709988808535
782,37.32873693613096,79.06188188753886,2.7645211713246036
783,38.22569196371804,78.75769118077937,3.0269069604437555
784,39.04487200438081,78.48254931714719,3.3272564930969866
785,39.791901537146416,78.24175824175825,3.7483654012107896
786,40.47133587807894,78.04086928316575,4.06611531709694
787,41.08691255961825,77.88558046169287,4.468600626317823
788,42.938320340299974,77.56521739130434,5.02445543671886
789,45.07622333182086,76.94272163443999,6.277075686102528
790,45.575537645193286,74.74671669793621,6.375639864085254
791,46.01701073319193,72.35271467077396,8.208573292517245
792,46.40256696325438,69.76744186046511,12.15066964952069
793,46.73380085954847,73.76257545271629,8.316185576179066
794,47.012022462891224,73.94510446538304,8.986580851657454
795,47.23829184254724,74.22037422037423,9.84513070000003
796,47.41344526345325,74.58981909970551,10.727749873139603
797,47.53811474902295,75.05303351718285,11.297561433229008
798,47.61274224820045,75.60767590618337,11.958797563966103
799,47.63758923128471,76.24946604015378,11.17130299183831
800,47.61274224820045,76.97228144989339,12.694053635893695
801,47.53811474902295,77.76834959694527,12.306754716922983
802,47.41344526345325,78.62852334875895,13.289987280290125
803,47.23829184254724,79.54261954261955,13.413096445462209
804,47.012022462891224,80.49979516591561,12.924953895916927
805,46.73380085954847,81.48893360160966,11.891646584904462
806,46.40256696325438,82.49901458415451,11.708155315828817
807,46.01701073319193,83.51944551405468,8.676468215922522
808,45.575537645193286,84.54033771106941,7.393595527679481
809,45.07622333182086,85.55271798613644,5.178013006365495
810,44.5167537377754,86.54867256637168,3.665101286900781
811,43.89434541890387,87.52142612272883,4.164071031810321
812,43.20563786819962,88.46536294332118,3.9407084011195557
813,42.446545253964715,89.376,3.860099380885294
814,41.61204728335372,90.2499228633138,4.071384863882693
815,40.69588519786363,91.08469539375929,4.201903821780508
816,39.69010302916522,92.25050042893909,3.570012393604441
817,38.58432198896264,93.23618366785813,3.542783824706247
818,37.364521094089866,94.0554821664465,3.653050143529096
819,36.0108160141667,94.72215173813753,3.5945510331233628
820,36.33442485135593,94.48258326976863,3.8808199780752206
821,36.50715141718467,94.57877322473912,3.9614741294026956
822,36.33442485135592,94.48258326976863,4.061589348178773
823,35.78284017785259,94.19518377693282,4.120601164940854
824,34.68840194879052,93.921815889029,4.238009170683244
825,34.273646245769754,94.06886152299573,4.155336989451491
826,33.77916600373361,94.22066549912434,4.130990240392529
827,33.27845843871884,92.87294175473089,4.232702952453562
828,32.209862196801815,89.57098838587343,4.460478071385661
829,29.723845121373003,85.94496247441437,5.567167568003179
830,27.835464876306936,82.56499890758138,11.87433083559931
831,25.500676570821838,93.74606505771249,3.5023942378459187
832,22.976993685317737,94.08678102926336,3.499116751673877
833,21.0517248014796,94.44336506702933,3.4431580831185866
834,18.680793594914157,94.7073125116888,3.2526219480909266
835,18.680793594914157,94.7073125116888,3.307188002570943
836,18.680793594914157,94.7073125116888,3.334306065177154
837,18.680793594914157,94.7073125116888,3.315985102981639
838,18.680793594914157,94.7073125116888,3.200946431484038
839,18.680793594914157,94.7073125116888,3.1611364193736367
840,18.680793594914157,94.7073125116888,3.461117920759525
841,18.680793594914157,94.7073125116888,4.2178497001426
842,18.680793594914157,94.7073125116888,4.2433113304467724
843,18.680793594914157,94.7073125116888,4.290601096727322
844,18.680793594914157,94.7073125116888,4.356698475783754
845,18.680793594914157,86.16046381148307,4.67017974926593
846,19.2638058662897,89.4466628636623,4.26055232973086
847,20.362619200275667,92.43466299862449,3.663752881094592
848,21.379210068046266,95.47391922062107,4.111122851855817
849,19.979797749706936,94.78138222849083,3.742543591178132
850,19.204334923298195,95.43695253615807,4.253207666233522
851,20.03094301124334,95.299055613851,4.316776175700718
852,20.797256140240776,95.16094188809679,4.449028969932449
853,21.506547643273755,95.02332814930016,4.595425827779586
854,23.4784005136283,94.85175821650195,4.722741211928857
855,25.761314504332137,94.56807848767647,4.135539242462966
856,27.59666607351837,94.17185554171856,5.0639423980655
857,29.172722435076942,93.65120497538223,5.505830162494378
858,29.88770030233213,91.19978858350952,5.293914362997807
859,29.88770030233213,86.99788583509513,4.033613375822623
860,29.88770030233213,82.90169133192389,4.8018220027033705
861,29.88770030233213,78.91120507399577,10.536854830120358
862,29.88770030233213,89.64059196617336,3.653549679124106
863,29.88770030233213,89.64059196617336,3.666831429828531
864,29.88770030233213,89.64059196617336,3.7154144241841265
865,29.88770030233213,89.64059196617336,3.814598801217278
866,29.88770030233213,89.64059196617336,3.980164599143823
867,29.88770030233213,89.64059196617336,4.195794538680982
868,29.88770030233213,89.64059196617336,4.330267668412139
869,29.88770030233213,89.64059196617336,4.381126684311219
870,29.88770030233213,89.64059196617336,4.3714318731708826
871,29.88770030233213,89.64059196617336,4.323034652941035
872,29.88770030233213,89.64059196617336,4.271107141379357
873,29.88770030233213,89.64059196617336,4.243788066035779
874,31.08427347279251,89.41684665226782,4.293378085448801
875,33.05311048264035,88.8169014084507,4.535843957051221
876,34.694916364490915,77.37955346650999,11.436356280145118
877,36.11866364768168,80.40416411512554,10.05383630076269
878,37.3758801848875,83.99234693877551,4.576465207722323
879,38.49672279927356,88.02256138022561,4.660553147094378
880,39.01243932231168,90.5277401894452,5.514156540227527
881,39.44697185378876,90.43062200956938,6.366937180612187
882,39.75916106428804,90.35812672176309,7.636830213775353
883,39.9551482957319,90.31141868512111,9.48679358512076
884,40.03852872638508,89.35506241331484,11.120626571069566
885,40.010775544838786,90.78309078309078,12.009526107609577
886,39.8714020152373,92.09254143646409,13.498024850958746
887,39.61790867059186,93.27385037748799,14.97964685885702
888,40.15568794349241,93.07909604519774,16.388009038941355
889,40.63478392780473,92.89340101522842,16.808992953478718
890,41.25941805970458,92.07772795216741,17.11647078891931
891,42.006540849341235,90.44856921887084,16.837176441695085
892,42.671559937058035,88.57827476038338,16.863014307921024
893,43.15021744710273,86.10655737704919,16.625434865302005
894,43.45830059336896,83.04093567251462,12.770624711569925
895,43.71100339981548,79.75382003395586,8.196450025412407
896,43.90938103744647,76.268271711092,7.5602523085688755
897,44.054238516968546,83.02951388888889,12.778430162717871
898,44.14615115979332,82.92576419213974,12.762808307489014
899,44.17237372961061,80.88363954505687,9.819169358018698
900,44.17237372961061,76.99037620297463,8.221821838942434
901,44.395402489926425,74.08226448474126,6.922855845586824
902,44.75687462372567,71.76947321026564,8.440376559410677
903,45.04286521232138,63.68204659661946,16.158375762383233
904,45.255563425839526,64.38799076212472,15.592374106194216
905,45.27729531716459,67.7449168207024,12.984077768450641
906,45.11831161452088,67.47483989021043,13.690761049651673
907,44.80553694438078,64.33063791554358,17.29267830298664
908,44.42629093019564,61.25769569041337,21.014533145529064
909,43.97820681467295,70.42918454935622,11.659634931987213
910,43.45830059336896,71.6374269005848,10.14323974083177
911,42.8628277896706,73.72262773722628,7.730687514286776
912,42.18707858567756,75.92301649646504,6.095786258808989
913,41.42507745313344,77.90432801822324,4.4920852241415545
914,40.56912752238547,79.67032967032966,4.8010886481570285
915,39.23859304263653,80.8854532677442,3.9630636586771084
916,37.687418182504665,81.91919191919192,2.5127295516158465
917,35.80676983929711,82.7852998065764,1.6315628611619786
918,33.08263989762379,83.49784083898828,1.74859462882441
919,32.62705119959675,84.00602409638554,1.8876744624774695
920,32.11919548713096,84.52730475631239,2.596615578615446
921,31.557161337079442,85.05714285714286,3.3228082100261678
922,31.25513757806104,84.67605633802818,3.371842404367028
923,31.25513757806104,83.46478873239437,1.9679494284090744
924,31.25513757806104,82.30985915492958,2.116634690405352
925,31.25513757806104,81.26760563380282,2.698332371472632
926,31.25513757806104,83.04225352112677,3.3259127754753237
927,31.25513757806104,83.04225352112677,5.2748260141826
928,31.25513757806104,83.04225352112677,6.384688485857277
929,31.25513757806104,83.04225352112677,7.322690916912701
930,31.25513757806104,83.04225352112677,8.076303624645915
931,31.25513757806104,81.77464788732394,6.815811513144749
932,31.25513757806104,82.87323943661971,9.819211060822486
933,31.25513757806104,84.08450704225352,10.978743798244931
934,31.25513757806104,85.40845070422536,13.133084016732171
935,31.84508291315217,84.87833140208575,13.690357705026907
936,32.37976880459264,84.3545508625818,14.509174644370855
937,32.8612713637741,83.84146341463415,15.15118482243733
938,33.29135067451731,83.34373050530256,16.28510047508741
939,35.04990098253196,82.75862068965517,17.539762715321157
940,37.17910020874259,81.95893638505554,16.11238154144125
941,38.856644618153304,80.99754127151387,15.988255012819197
942,40.27057616492776,79.86085682900037,15.41818484991028
943,41.492852410915596,78.84102173084254,15.257498100856045
944,44.11662052640886,77.88423153692615,15.618697853244644
945,45.89372984561513,76.74321503131524,14.128243856538607
946,46.29919785116123,73.48066298342542,12.62569389799388
947,47.03565263448159,64.74725274725274,6.243121175273455
948,47.67972398144815,66.80272108843538,7.445286641189984
949,47.67972398144815,66.80272108843538,7.662319349126443
950,47.67972398144815,67.61904761904762,8.029226790652018
951,47.77418580608096,66.93620844564241,7.903331585147522
952,48.36130675384161,67.04442429737081,8.11670267715535
953,48.69597659675814,67.31996353691886,8.146150205057875
954,49.6797924767734,65.78199052132702,7.885088918442519
955,50.53122668092157,64.45427728613569,8.124839193476749
956,50.53122668092157,54.12979351032448,11.038410418857136
957,50.53122668092157,53.68731563421829,14.800765426166334
958,50.607902578534095,53.97923875432526,12.501356804183692
959,50.719157076747855,54.80817140009965,12.821979272356394
960,50.719157076747855,54.907822620827105,12.766182908051606
961,50.7538579548347,55.14485514485514,12.330023789640704
962,50.00638197714361,65.71290009699321,6.32369349196064
963,49.12217080139657,67.65258215962442,4.515604412604767
964,48.07786374862053,69.03898458748867,3.874861339008582
965,46.835454171589575,70.65502183406113,3.5999043712746204
966,46.75923408971852,71.76368375325804,4.146086685478095
967,46.631891240864284,72.95434969853575,5.42388791825991
968,47.94280128812379,73.60627177700349,6.71430190337799
969,49.72503775613889,73.60611510791367,7.56495143038869
970,52.04422555266726,73.72330547818012,8.543286210152814
971,52.8285812320885,72.71442035815268,8.466103896572923
972,53.50288250602363,71.79732313575526,8.43755026700621
973,54.1681497458981,71.01308773630635,8.691247981656112
974,54.7487848499415,70.33398821218074,8.83864218278411
975,55.71093211922397,70.57344064386318,9.953905230535673
976,56.10907168440783,70.05592272496187,10.740491981086953
977,56.10907168440783,68.98830706659888,10.889641658854583
978,55.90517005882318,67.20160481444333,10.09140813259458
979,55.44765172215202,65.23855890944499,9.211056316638809
980,54.92146797217236,63.949104618284636,8.84063247717593
981,54.323166615141346,61.737943585077346,7.665514193978992
982,53.6484528824486,75.41630148992112,17.539422495063874
983,53.6484528824486,75.41630148992112,17.6032445780209
984,54.323166615141346,72.7024567788899,15.553041638283288
985,55.07377722967617,69.99526739233318,12.34250205703356
986,55.88042557962758,67.2915638875185,10.294987618713618
987,56.59143726094419,64.69984607491021,8.690961853458914
988,57.21438938495681,61.52208621607238,9.114392026132016
989,57.75512449632665,59.38359933957072,10.528630622320973
990,58.21820418054438,57.68576290414067,11.981627393966036
991,58.60720700666745,56.08619685497962,12.8651802005995
992,58.924930467012295,54.61584276354973,12.734233677654961
993,59.17353063891364,53.30503335354761,15.826568294275582
994,59.35461950897651,52.1819299323909,16.42196159924892
995,59.469332122861275,51.27092374457533,19.217888040161316
996,59.51837108111433,46.79527069072807,19.826272021448883
997,59.50203295637556,50.776880049720326,22.79855090901863
998,59.420219189765355,54.72513897467572,19.591366439757582
999,59.272432486381554,58.582773365913255,20.754996919195282
1000,58.268337671349414,60.22261277094317,21.752519872667676
1001,57.06440899808183,62.128851540616246,20.702165554565813
1002,55.589285633676965,63.816141101015496,19.885658430732448
1003,53.65545878409901,65.29262086513995,19.282657936826407
1004,52.18833420727875,68.287841191067,17.13011103668477
1005,52.18833420727875,73.10173697270471,12.547947221636123
1006,51.92793272564158,76.96821515892421,10.065699167943716
1007,50.38117512208432,78.3481101259916,9.86131461982
1008,48.37847615178782,79.50200088928413,9.365500617531325
1009,46.57043522171206,81.16994022203245,8.495709090419112
1010,45.894686017719025,83.27828241123039,6.452847937246829
1011,45.1326848851749,85.0996015936255,5.0732128369257605
1012,45.1326848851749,72.27091633466135,14.060878805949324
1013,45.1326848851749,76.69322709163346,10.806667420407173
1014,45.1326848851749,81.27490039840637,7.1335168935019535
1015,45.1326848851749,86.01593625498008,3.8403009219879003
1016,44.717019002812044,89.2452092295659,5.440018001690814
1017,43.81048386478287,90.59089198343997,5.327056432403214
1018,44.34268727387699,91.51537606520934,6.17207197278193
1019,45.983957782374944,91.22209610291335,6.247155423866244
1020,47.15022499890647,90.78998073217727,5.644381108101546
1021,48.02702537784843,90.21526418786692,5.884540673432183
1022,48.68335579034414,89.8137138327388,5.994495643570505
1023,48.603880437462266,87.35812133072407,5.468639098622653
1024,49.4320923545229,84.90127758420441,3.820694109175666
1025,50.76863511320243,84.71187769502156,3.9778708483134815
1026,51.601022798089744,85.51642263553622,4.068000256899306
1027,51.865147105821144,85.85617798967024,4.59406176842591
1028,51.91715112876405,85.92445328031809,5.314749777529676
1029,51.03214722377385,85.2465483234714,5.7064180588504625
1030,50.639557444870945,85.11224891689642,5.778792324289265
1031,50.35050685342583,83.50077279752705,5.054717723011592
1032,49.189466527990014,79.80059084194978,5.66912005111816
1033,47.06976712514596,76.09154929577464,7.557755646929379
1034,45.74200505275501,72.71197846567968,9.857044801378358
1035,45.22440546843916,86.75453047775947,9.376389467171967
1036,45.22440546843916,86.75453047775947,10.169425449679013
1037,44.98113336742527,86.5833607365998,11.345033758632967
1038,44.37255566339492,86.18657937806874,11.640817068437329
1039,44.21573828568353,85.69095066971578,11.76852938010746
1040,43.839872473159566,85.30081300813008,12.291944361203905
1041,43.39876084977482,85.46455163483328,13.538762562550799
1042,42.790183145744464,85.1111827263938,13.973569525374588
1043,41.64792459244094,84.512,13.945718825699236
1044,40.00698583437687,83.78807106598985,13.786725450763031
1045,38.13536392818645,83.19723618090453,14.646758973076851
1046,38.554602875511854,80.36456667732651,12.52187237215864
1047,38.554602875511854,75.85545251039335,12.045846302072
1048,38.554602875511854,71.47425647585546,9.631508461966945
1049,38.554602875511854,67.50879437160218,8.698134071916034
1050,38.554602875511854,78.2539174928046,16.444807342453814
1051,38.554602875511854,78.2539174928046,17.953696947484293
1052,38.95417179872045,77.34375,19.449663351335246
1053,39.69715015417965,75.33692722371967,20.01590483960762
1054,40.36929571418206,73.0849582172702,19.771668548675873
1055,40.97466871557957,70.61781609195403,19.144822028845912
1056,41.5166018109144,69.4896449704142,19.76160585024133
1057,41.5166018109144,64.94082840236686,17.898095043298422
1058,41.5166018109144,60.539940828402365,15.587975581169259
1059,41.5166018109144,56.582840236686394,16.56582035671192
1060,41.5166018109144,62.31508875739645,18.717768204202965
1061,41.5166018109144,62.31508875739645,19.299571083937234
1062,41.5166018109144,62.31508875739645,19.793373429845296
1063,41.5166018109144,62.31508875739645,20.21579365839281
1064,41.5166018109144,62.31508875739645,20.473436916860656
1065,41.76465821374946,60.89238845144357,19.188110569305536
1066,41.76465821374946,56.280464941882265,18.286627069606357
1067,43.30472181847045,53.092585478294275,15.792565918444245
1068,45.38838736678662,51.06811769447803,14.196480246542166
1069,47.01896227075393,48.83819180397127,13.100809818641467
1070,49.24012001646092,46.51884700665188,13.860848461055605
1071,51.833306397075255,44.14372375174988,9.224399354332343
1072,53.83600536737174,41.580756013745706,5.124621094688461
1073,56.12855645738289,38.86304909560724,4.300743346032784
1074,58.08623586904345,35.98258029395754,4.160344989391869
1075,59.58620621653259,30.509444762449913,2.7388161034172764
1076,60.81606284381078,32.012012012012015,5.383784470476965
1077,61.84726495124961,34.00377121307354,6.895271432412569
1078,62.71776839573384,36.721311475409834,6.845521421682146
1079,62.54572550690114,36.969301110385366,8.895487978068369
1080,62.13096980388036,38.38187702265372,10.7700722964827
1081,61.43391724958263,39.82131461391193,12.64958047455883
1082,60.35462913921644,41.26487163431434,16.372506438282507
1083,58.38602518819871,42.691131498470945,14.243162804339173
1084,58.75729561180534,46.39949906073888,11.441774436644831
1085,59.24502326102294,48.63144493952896,13.018488874377734
1086,59.48356331775886,48.691767708998086,13.824914919592537
1087,59.044394054425666,46.83229813664596,12.59389644584502
1088,58.402457320654676,44.724220623501196,16.506182810369673
1089,57.64855901613794,43.021914648212224,19.537898009273583
1090,56.76946040601067,50.82964601769911,15.168116495410098
1091,56.30638072179293,54.13533834586466,11.07820900015093
1092,56.30638072179293,50.59076262083781,16.78247563813524
1093,56.30638072179293,54.72610096670247,12.812474416615002
1094,56.30638072179293,59.505907626208376,12.789199842658352
1095,56.30638072179293,64.50053705692804,9.266299771760538
1096,55.7656456104231,67.46361746361747,7.08270548020362
1097,54.69628213870138,68.6196623634558,6.991452768587063
1098,53.454604128812754,70.40719696969697,5.665230816743783
1099,51.989431793971555,71.95671776375113,4.798320716608777
1100,50.19210995947001,73.28473413379074,3.692329519891176
1101,47.54879227575954,74.40912795436023,3.597230248794747
1102,47.196844821795466,74.17934347477983,4.182290663824964
1103,47.196844821795466,73.85908726981586,4.381189401962873
1104,47.196844821795466,73.85908726981586,4.560358277095062
1105,47.196844821795466,73.85908726981586,4.813317514028021
1106,47.196844821795466,74.81985588470776,5.15941864305116
1107,49.84970200279004,73.71524852569503,5.771261432194691
1108,51.656878760532834,72.40921169176262,7.0708422858093005
1109,53.13224301978594,63.25581395348837,15.521288828548021
1110,54.384473822781864,66.2439024390244,12.854817905831268
1111,55.464777452849,70.12257405515832,11.437464978839824
1112,56.40295735237591,74.27961579509072,8.341324672543303
1113,56.5972415577519,74.2489270386266,9.091952545246468
1114,56.635770127159844,75.88614393125671,9.564483526401823
1115,56.51985950160859,77.40899357601712,9.970349572232815
1116,56.24549104273221,78.7991498405951,10.100573367727742
1117,56.30638072179293,79.26960257787326,10.767662158756275
1118,57.26275266914283,78.53549468977081,10.967519482415655
1119,57.67610526784931,75.58874210224009,12.838680052453936
1120,58.016338507512145,72.36919459141681,15.119885855535003
1121,58.285867140230984,68.9035350509287,19.0908587694663
1122,58.486510838486204,65.47112462006079,22.29583019325198
1123,58.619573924617995,69.9815837937385,18.891366964477672
1124,58.685898790963385,74.46020974706971,14.63986749079278
1125,58.685898790963385,78.84022208513264,11.846906322591042
1126,58.243794022182094,81.85117967332124,9.668168933245237
1127,58.129081408297345,85.90281943611278,5.83343812269981
1128,57.058931146484184,87.21934369602764,3.2812867573985374
1129,55.75847042782339,88.26446280991736,2.5209484926233627
1130,54.11956821831645,89.05839032088375,1.664685059717479
1131,51.628843769391594,89.62406015037594,1.480256835956192
1132,50.116827838270176,90.4168663152851,1.5696387447863038
1133,48.147570782662775,90.99222679469592,1.4367134832801796
1134,47.6386047197042,91.24055135615829,1.2712887644096746
1135,47.053684709113135,91.5049590340664,1.8227667647613361
1136,47.48586342022403,91.58119658119658,1.9475252242358256
1137,48.531039045422716,91.26297577854672,2.0934117013122346
1138,49.18956303031251,90.79406631762653,1.5736052871557553
1139,49.56005763867605,90.17543859649123,1.600489323932211
1140,49.68009650456585,89.76274165202109,1.6371355846454103
1141,49.68009650456585,89.0158172231986,1.4894281369026132
1142,49.68009650456585,89.0158172231986,1.5342724638699943
1143,49.68009650456585,89.0158172231986,1.6336380208044718
1144,49.68009650456585,89.0158172231986,1.7923174954621004
1145,49.68009650456585,89.76274165202109,2.223437613260463
1146,48.068470665768274,89.89547038327527,2.397072386590041
1147,48.58703744915503,89.73451327433628,2.452809689211828
1148,48.98037401102467,89.60573476702508,2.552792241579306
1149,49.256377134988085,89.5117540687161,2.598327827120635
1150,49.420100437173,89.45454545454545,2.6531701932163743
1151,49.47437124192795,89.43533697632058,2.679256422651796
1152,49.66032939830106,88.93461362597165,2.463391069309892
1153,49.52095586869958,86.8456986800182,1.6295507250441756
1154,49.26746252405414,84.65011286681715,4.069542280823111
1155,48.895054423001994,82.37394020526551,6.297266261125215
1156,48.396042467807575,85.71428571428571,2.678906277601943
1157,47.75871782792006,85.97324126025032,2.2095972596581306
1158,46.96520156647972,86.26953950147866,2.033403976081485
1159,45.98696934756975,87.1340206185567,2.4782914625931403
1160,46.79278226696854,87.31404958677686,2.737815358306634
1161,46.79278226696854,87.31404958677686,2.9543387045745613
1162,46.79278226696854,87.31404958677686,3.1328530572518294
1163,46.96550883279729,87.12748344370861,3.2850399095883356
1164,46.79278226696854,87.31404958677686,3.470620835349621
1165,46.24119759346521,87.66447368421052,3.7432217329283586
1166,45.146759364403124,87.88743882544861,3.959386447623956
1167,44.483644552774074,87.73740710156895,4.13316439764551
1168,45.23084232062654,87.31853116994023,4.190198997056631
1169,45.88605837389811,86.91629955947137,4.388052333592731
1170,46.45590311116617,86.53671804170445,4.836371166330805
1171,46.945500418592566,86.18604651162791,5.941467583912024
1172,47.35885301729906,85.87059942911513,6.7362589137883475
1173,47.699086256961884,85.59650824442289,7.4630562414434065
1174,47.96861488968073,85.36945812807882,7.9179584037774875
1175,48.16925858793595,78.11565304087736,13.655187469225746
1176,48.30232167406775,81.90954773869346,11.271836583052142
1177,48.36864654041313,85.62058526740665,8.423591594975251
1178,48.36864654041313,89.20282542885974,4.361112162468637
1179,47.95639939978139,89.86587183308495,4.537364078539802
1180,47.84168678589664,89.93586581154415,4.912525112320141
1181,47.660597915833755,90.04392386530014,5.230367978962394
1182,47.411997743932424,90.18759018759019,5.5078690964125006
1183,47.094274283587566,90.36372224846481,5.757137312289712
1184,46.70527145746451,90.56865464632455,6.073425318782638
1185,46.242191773246766,90.79837618403248,6.27542328002171
1186,45.70145666187694,91.04870557261957,6.495551295461846
1187,45.078504537864305,91.3154533844189,5.874268767796677
1188,44.367492856547706,91.59456118665018,6.015858960914353
1189,43.5608445065963,91.88221249502587,6.087012176467772
1190,42.648526577084965,92.17491369390103,6.232226375742332
1191,41.61683473217207,92.46954595791806,6.480564576204594
1192,40.4461752864115,92.76339127350124,6.5439897214466765
1193,39.10653831985196,93.49676540687777,6.342722459930669
1194,37.54653072631973,94.0581129611492,6.341825255687071
1195,35.65730387360511,94.46355958711293,6.3206801194640265
1196,32.92483542042147,94.72896076669662,6.007283751316421
1197,31.667618883215642,95.18593254540214,4.943543332574094
1198,30.243871600024885,95.73052398114777,4.462708774778524
1199,28.60206571817431,96.13642419397816,4.240326542917594
1200,26.633228708326484,96.41668799590478,4.095202622907846
1201,25.19357001167519,96.52863873047359,4.167804810013459
1202,24.671587920663175,96.61099007504237,4.229615539566417
1203,24.100489167641857,96.69577531272127,4.057803980192975
1204,23.4784005136283,96.78234888531372,4.172470320118129
1205,22.80314083358092,96.87010954616588,4.21819607117124
1206,22.072159009403023,96.95850532261568,4.260805980617422
1207,21.282452252371513,97.04703649019194,4.233867567850251
1208,20.43045669587893,97.13525680376509,4.229145559518724
1209,19.51189760838788,96.92521325133902,4.280107913200261
1210,18.521578910399388,97.73207764751105,4.191334641203626
1211,17.45307797734596,98.4180160059557,3.832618706654846
1212,17.982180188997088,98.97191114374886,3.7716195799698853
1213,18.073577930899727,98.91484274416038,3.8276877562293636
1214,18.73415965787299,98.7825124515772,3.8927031630205717
1215,19.04047759424965,98.5774986144467,4.0003920418008265
1216,18.29239419439666,96.71446723543293,4.686714786443026
1217,16.577653655137688,93.32632685233841,6.792485187931782
1218,14.606502646152375,90.04563123204326,8.384650784498923
1219,12.190555897802513,86.87428664601337,10.459714111717586
1220,8.781452263906967,97.79735682819383,3.715061199029655
1221,8.781452263906967,97.79735682819383,3.700730124268771
1222,8.781452263906967,97.79735682819383,3.685868534549408
1223,8.781452263906967,97.79735682819383,3.6703989729174396
1224,8.781452263906967,97.79735682819383,3.654172700225133
1225,8.781452263906967,97.79735682819383,3.6371664231873293
1226,8.781452263906967,97.79735682819383,3.6196038446941645
1227,8.781452263906967,97.79735682819383,3.5987573495073377
1228,8.781452263906967,97.79735682819383,3.5681544339399185
1229,8.781452263906967,97.79735682819383,3.5230936299017315
1230,8.781452263906967,97.79735682819383,3.4587707576480913
1231,8.781452263906967,97.79735682819383,3.278214558033106
1232,8.781452263906967,97.79735682819383,3.0395547871528494
1233,8.781452263906967,97.79735682819383,2.9749728691648802
1234,8.781452263906967,97.79735682819383,3.2999911970751605
1235,8.781452263906967,97.79735682819383,3.228005899749528
1236,8.781452263906967,97.79735682819383,3.15643623713197
1237,8.781452263906967,97.79735682819383,3.1121039834831006
1238,8.781452263906967,97.79735682819383,3.110851900908598
1239,8.781452263906967,97.79735682819383,3.1363870189481395
1240,8.781452263906967,97.79735682819383,3.152601461522802
1241,8.781452263906967,97.79735682819383,3.1388075981244423
1242,8.781452263906967,97.79735682819383,3.100089902864105
1243,8.781452263906967,97.79735682819383,3.0480204789921963
1244,8.781452263906967,97.79735682819383,3.001586421472404
1245,8.781452263906967,97.79735682819383,2.988877890153977
1246,8.781452263906967,97.79735682819383,3.037344998007706
1247,10.487334801606254,97.75784753363229,3.113990499609071
1248,12.908676801725191,97.6269498838367,3.1877520827086574
1249,14.885322521102173,97.42090784044017,3.893587592589168
1250,16.60566096531479,97.13216957605985,4.182566775025403
1251,17.393940569273358,95.06889050036258,3.7702961719736336
1252,17.393940569273358,91.35242929659174,4.008919747004195
1253,17.393940569273358,87.70848440899202,5.70522257032043
1254,17.393940569273358,84.13705583756345,9.914440597939024
1255,17.393940569273358,94.41624365482234,3.092940481476669
1256,17.393940569273358,94.41624365482234,3.145954936771778
1257,17.393940569273358,94.41624365482234,3.1727129687512203
1258,17.393940569273358,94.41624365482234,3.2102017396103393
1259,17.393940569273358,94.41624365482234,3.2327714624664448
1260,17.393940569273358,94.41624365482234,3.2305110776958283
1261,17.393940569273358,94.41624365482234,3.206457757922594
1262,17.393940569273358,94.41624365482234,3.1722960060315124
1263,20.34563996081703,94.18079096045197,3.115168545132149
1264,22.459316519069148,93.85758998435055,3.082765141437054
1265,25.055063191716485,93.5326418547895,3.099217818633009
1266,27.402144223445102,93.2063492063492,3.162317192267117
1267,29.303076026841378,92.7769213829553,3.345465490149162
1268,30.94618953478078,92.23367697594502,3.538806798361049
1269,32.403754951389864,82.58279723612104,9.7436326213007
1270,33.71462563528295,86.32648005945009,4.931659659680103
1271,35.9539622083256,90.26594371288407,4.500607837183837
1272,38.22317027960065,94.35897435897436,5.651151196622807
1273,38.56107772245183,94.51203027845364,6.855717195925091
1274,39.699460987808635,94.71687889460851,8.34515040337571
1275,39.699460987808635,94.71687889460851,9.627706821931243
1276,38.56107772245183,94.51203027845364,10.703061264309278
1277,40.044493378285885,93.90691114245416,11.724638932485089
1278,41.526097309126634,93.49042709867452,12.699861048571416
1279,42.98042502234779,92.797783933518,13.540476093987904
1280,44.26902719664739,91.93185470909675,14.377925203988672
1281,46.44809640949445,91.21212121212122,15.246724236477245
1282,49.196899919608036,90.72237960339943,15.53027231434077
1283,51.360176740113275,90.12667660208643,16.397553573198504
1284,53.07280173905242,89.34169278996865,17.55506071689693
1285,54.52287772604756,88.34431630971993,17.674201312351396
1286,55.66737897419717,86.96027633851467,17.291619299485255
1287,56.57391411222634,85.15342960288808,14.806836561067614
1288,57.38179597628228,83.05084745762711,13.199203470078649
1289,58.09982970041763,80.63725490196079,10.659334427719154
1290,58.90715774979688,80.30690537084399,10.566606374616773
1291,59.88315450609045,78.23056300268097,9.077342201611886
1292,60.83247911192237,75.99775154581225,7.832538282693132
1293,61.65947761422623,73.42739564961788,6.581171374194609
1294,62.37763442986828,70.50889025137953,6.735580591737366
1295,62.996736972602704,69.34353091140854,7.593408792418729
1296,63.52408714248452,68.25082508250826,8.38689923701906
1297,63.96521754958615,67.2566371681416,9.294371853330023
1298,64.3243390073468,66.38714185883997,10.073757761839897
1299,64.6046309493619,65.66738044254105,11.738526487981014
1300,64.80843401990157,65.11965192168238,13.888783562991229
1301,64.9373780043137,64.76190476190476,14.805456127394244
1302,64.99246426929312,64.60632818248712,15.774327540645748
1303,64.97411379704607,64.65833945628215,16.72715616414081
1304,64.88218679578199,59.883296863603206,22.081264695650457
1305,64.71597622581359,64.36285097192224,18.548272594755947
1306,64.47417447569114,68.62190812720848,15.279089795020896
1307,64.1548091438406,72.60179434092477,11.406521904303917
1308,63.07062846870421,74.7534516765286,9.99667869730799
1309,61.75676818889955,76.57713928794503,8.799387163002237
1310,60.10504297071919,78.09354647720545,8.781131259684216
1311,57.602024488462845,79.32773109243698,8.352547568256568
1312,57.100620202586136,79.97829625610417,8.385483449832776
1313,56.5194184152794,80.67050811943426,8.025235701727539
1314,55.85326220366241,81.39183055975795,7.782925805308194
1315,55.09551164270262,82.13075060532688,7.019367157918135
1316,54.237475398731895,82.87703016241299,5.521496457289597
1317,53.267482221737836,83.62183754993342,5.157866621137542
1318,52.16925784901382,84.35777871979653,4.6234503097649045
1319,50.918809229369124,85.36190861302062,4.433076453238472
1320,49.477565975774326,86.47398843930635,3.5114623149106525
1321,47.773519486342266,87.37614678899082,3.543019189602961
1322,45.61858117734736,88.08941669577366,3.5226614599410047
1323,44.28871322340013,88.59289617486338,3.41694726187266
1324,44.55938348457929,88.83561643835617,3.5859523596188794
1325,44.55938348457929,88.83561643835617,4.084302023890956
1326,44.885755966398584,88.05096418732782,4.131155611869785
1327,45.045927686607065,87.43093922651934,4.191049704702938
1328,45.045927686607065,87.81077348066299,4.374941785475793
1329,45.045927686607065,87.81077348066299,4.6354759957805065
1330,45.045927686607065,87.81077348066299,4.966970205903638
1331,45.045927686607065,87.81077348066299,5.2387891083616465
1332,45.045927686607065,88.08701657458563,5.455755194294305
1333,44.885755966398584,88.98071625344353,5.392351019169114
1334,45.13544254207065,89.18824352694192,5.553233708423426
1335,45.86185890682799,77.37490935460478,13.39895632194221
1336,46.51696914935638,81.73293323330833,10.94308568002603
1337,47.10480565204326,86.28969790859799,6.255614747954522
1338,47.62867067925677,91.02154828411811,5.020326596990719
1339,46.77938244475892,91.68627450980392,4.483890683784744
1340,45.68774874074704,92.19830899308225,4.416255895128728
1341,44.56568094271552,92.08333333333333,4.369171737598913
1342,42.38797966708952,89.53959484346224,4.4696984577414725
1343,41.04834270052997,85.81009530533004,6.564369126189843
1344,39.48833510699775,82.15613382899629,10.13242493421603
1345,37.59910825428313,78.59683155512448,12.758984686317037
1346,34.86663980109949,91.46831530139103,2.410434494660149
1347,34.36678676967097,89.24374811690268,3.114560537571208
1348,33.81254605003817,91.26355907358545,2.8050735917728082
1349,33.201672254129534,93.0788949017374,2.8626056547734287
1350,34.137620462610464,94.57473862673072,4.0505720746181275
1351,33.56842882993206,94.52132166054787,4.662572867708559
1352,35.35316468684534,94.07254497198467,5.182555839014796
1353,38.125660978073206,93.76350725532572,5.91031377901851
1354,40.72649867704155,93.40232858990944,6.897981939669219
1355,42.79671282060751,92.95154185022027,8.256256538486717
1356,44.38245949692401,92.30223483504788,9.901401800896213
1357,45.748598543504905,91.4656771799629,10.597024832044303
1358,46.946569696085795,90.42264443582783,10.44611430658324
1359,48.00643391465555,89.47794415216512,11.06649728410822
1360,48.947840909668194,88.78110501897933,11.445275771504797
1361,49.78455669815614,88.06494076349276,11.29002172345703
1362,50.52668231657561,87.33485193621868,11.302223549939075
1363,51.18187037657308,86.59745162812648,11.229815367518015
1364,51.756047402632014,85.86055582642614,9.952419661012302
1365,52.25386875928558,85.13309894525364,9.641160417932573
1366,52.67901818082276,84.42496132026818,9.354907516936615
1367,53.034411632925284,83.7467018469657,8.934065814056165
1368,53.32233931998112,83.10919849381388,8.65742922643954
1369,53.54456589577391,82.52321135991262,7.99312487135219
1370,54.241367340942105,81.60403813796971,7.9343312185563235
1371,55.29714894539259,80.11661807580175,7.181834705927153
1372,56.17247897344313,78.36858006042296,6.461411599850205
1373,56.577592184003834,75.32307692307693,6.074692991867697
1374,56.577592184003834,71.56923076923077,8.438175463133728
1375,56.50936721366882,67.23821187997551,11.417143864783215
1376,56.37246718207919,62.88659793814433,17.099002653737386
1377,56.165973812126545,71.84698147041243,9.055727198077085
1378,55.88846258952559,72.02346041055719,9.18627021815124
1379,55.537940667165905,72.32091690544412,8.964666966218099
1380,55.11175354966473,71.22141662018963,10.663553985312154
1381,54.606448644324345,73.98593834505138,8.119231172699347
1382,54.017575920602255,76.47673810768427,6.301710934821528
1383,53.33939208846819,78.69017632241814,5.3948427206337595
1384,52.43113134723377,79.47851279575085,5.09107256372673
1385,51.39257777488999,80.60046189376443,4.606392671759318
1386,50.19987168800273,81.87031318923688,3.7724646592216806
1387,48.81456352116208,82.9196466133782,2.8565109490973497
1388,47.164754474934725,83.76753507014028,3.0659625805557047
1389,45.900742150878095,84.25712086220169,2.9508755558305704
1390,45.26316840706034,84.54951600893521,3.0455404100236736
1391,47.260881983976304,84.27815570672713,3.4273719598535566
1392,48.372434023601436,83.89441469013006,3.9980557238351753
1393,49.10567266443505,83.3976833976834,4.051100383530194
1394,49.56162433706325,82.7894327894328,4.642331161354356
1395,49.78148755013741,82.73577552611067,4.783337398776421
1396,49.78148755013741,82.73577552611067,4.819638581838484
1397,49.56162433706325,82.7894327894328,4.747966477382814
1398,49.10567266443505,83.3976833976834,4.127527362020685
1399,48.37243402360143,83.89441469013006,3.9125948724517774
1400,47.260881983976304,84.27815570672713,3.2277029437562312
1401,45.26316840706034,84.54951600893521,2.843101237662288
1402,43.21118402538943,84.83516483516483,2.1826898004246185
1403,42.90636965283425,84.94545454545455,2.0459332702505004
1404,42.47019480866235,85.09719222462203,1.7734642515062775
1405,41.89157683534368,85.28784648187633,1.6182770724034634
1406,41.15314683888276,85.51434569629112,1.5790164869640462
1407,40.22680146556903,86.21993127147766,2.9495127776224686
1408,39.06279558848539,86.8013468013468,4.10738490744969
1409,37.553715948209984,87.26135615536538,4.602706366212311
1410,35.18679894725167,87.6043673731535,4.792879480425323
1411,35.753310186545576,88.03827751196172,5.058532372870882
1412,35.76573601117596,87.2865275142315,4.899346395098928
1413,35.33671688536925,86.95652173913044,4.9122529609588526
1414,35.56506588438571,88.12260536398468,5.5852278814148875
1415,34.53576298144638,86.87440982058546,5.128939838342342
1416,36.62881776743633,86.24303963314772,4.4535006890637625
1417,38.26908731637958,85.46135512427647,3.9127079454947786
1418,39.64454055997896,84.51749734888654,3.922869156111443
1419,40.82705472245433,83.69366068156835,3.9779664739906515
1420,41.855055501690806,83.12476298824421,3.9774486538032408
1421,42.752376084579815,82.56952604778692,4.500932978469156
1422,43.535113492226444,82.03471941865159,4.406654135108152
1423,44.21474173846055,81.52760481527605,4.40252676653473
1424,44.79973179602747,81.05576841209025,4.858017456051349
1425,45.29647633550841,80.62690465824988,5.092363402051201
1426,45.709853561063746,80.248557478917,5.4922688901221255
1427,46.04358755027696,73.56788452864231,9.962088883351642
1428,46.30048586425799,76.83873915029695,7.52935690597557
1429,46.48259861365275,80.08298755186722,5.062437636849358
1430,46.59132426900477,83.2637923041261,2.298033638250345
1431,45.480757055676484,84.07960199004975,2.1995809646024407
1432,44.0221001023201,84.73383194016718,2.874404133987405
1433,41.70291230579174,85.23260776781903,3.6291393340262257
1434,41.63658743944635,85.28285835814548,4.235629681465547
1435,41.503524353314546,85.38234051542037,4.757817636284221
1436,41.30288065505933,85.52906733584274,5.344272314824285
1437,41.03335202234049,85.72018159306644,5.871750357114845
1438,40.693118782677665,85.95209094600081,6.502935863264861
1439,41.73484517715913,85.95209094600081,6.881463239292755
1440,43.191120302942984,85.59636813867107,6.9788241573999645
1441,44.1566761191935,85.11083228774571,7.268768477768327
1442,44.814095638657534,84.49514152936206,7.237662617865313
1443,45.22849002058944,84.09187579753296,7.521561366832408
1444,45.42956849295806,84.03755868544602,7.893958924428322
1445,45.42956849295806,84.03755868544602,8.223624451434857
1446,45.22849002058944,84.09187579753296,8.658778845040365
1447,44.81409563865754,84.49514152936206,9.586620336425142
1448,43.571686061626586,81.59934720522236,8.003037610677074
1449,42.071715714137454,78.70916961826053,5.620562661577539
1450,40.12584328092721,75.84376185058778,4.134977314202507
1451,40.12584328092721,74.32688661357604,3.6334747128694134
1452,42.071715714137454,74.10468319559229,3.7139981242988305
1453,43.55939202829508,73.78719934773747,3.825767094642778
1454,44.77642564689987,73.36704593341761,4.019576195517978
1455,45.79422819319482,73.18557149065623,4.265472443695403
1456,46.650701224355835,73.40187751452838,4.064568523564831
1457,47.36908492743224,73.72764786795048,4.028989305809049
1458,47.964801747486575,74.16783872480075,4.0033101385977
1459,48.4485537243604,74.72527472527473,3.9943972630090685
1460,48.844490956763934,74.5631067961165,4.007206894638071
1461,49.15544311483217,73.50049164208457,4.8265462097044605
1462,49.36819167909255,72.32142857142857,5.47098515401232
1463,49.485522648720384,71.036889332004,6.687200913679518
1464,49.50891627675445,74.05189620758483,4.57693797074443
1465,49.556845437672855,74.26286856571714,4.722338951685652
1466,49.05544115179616,71.15104419621176,6.548095609471735
1467,48.47423936448941,68.14117647058823,9.282841459618655
1468,47.808083152872435,65.8481127785357,10.7532933501979
1469,47.05033259191265,77.86058746163962,5.02825378108278
1470,46.19229634794191,79.67102488401518,5.419653850960351
1471,45.22230317094786,81.2474686107736,6.150947232936482
1472,42.56944598995329,82.02853837254146,6.9965918488879915
1473,41.71129303251127,82.13883677298311,7.295086594265284
1474,40.942090658117664,80.86442556335426,6.5799152151722495
1475,39.96038856064286,79.39789626405513,6.179975837427814
1476,40.355334028379076,76.6604823747681,4.7079102848515255
1477,40.69626256964911,78.9852328663385,5.929818514512537
1478,40.984504763875236,78.76685934489403,5.738462118706583
1479,41.221143363114926,78.60774344935471,5.6319129816325315
1480,41.407039768553055,78.51206964780371,5.737502725059622
1481,41.54285396042777,78.48303393213573,5.730218906778503
1482,41.629059103552095,78.52268165395424,5.816890823648682
1483,41.931361766022256,77.6963776963777,5.5060423641526235
1484,42.18807216817577,74.84561547962124,3.870736655686209
1485,42.1504021764181,71.08829568788501,5.5408303748540355
1486,42.06237511609673,67.29277256022867,8.50057336205327
1487,41.92367521720381,63.82031566167544,12.949683093285122
1488,41.7337981790458,70.29188324670132,7.364936927554777
1489,41.49203989912497,70.89405277668374,6.742363999482647
1490,41.19748017104343,71.56673114119923,6.133968370641479
1491,40.84896036665701,72.30011367942403,5.549467637246173
1492,40.44505366434753,73.08404294705664,5.360567639396727
1493,39.98402574815654,73.90833634067124,4.578145898333684
1494,39.46378297396662,74.76307476307477,4.384744883929804
1495,38.881803600603185,75.63884156729131,4.090256179740103
1496,38.23504550914822,75.8336084516342,3.9154396982827517
1497,37.519820335235316,77.99425103800702,2.8829140112855387
1498,38.318620003061156,79.46936197094125,2.3790791829700484
1499,40.22435439441908,80.33205619412516,2.3133195031687857
1500,41.62376671275841,80.26485788113695,2.3772780487875815
1501,42.526452969349116,80.11734028683182,2.391687876754451
1502,43.11357391710977,79.88845144356955,3.2150839744428676
1503,43.448243760026294,79.84189723320158,3.579352569462972
1504,43.557240813496236,80.31002638522428,3.592559429146603
1505,44.49910457142719,80.8862433862434,3.7692375753107794
1506,45.35095437647143,81.20849933598937,4.009051593719961
1507,45.59622111359809,81.31648936170212,4.689804767699675
1508,45.618991344718374,81.39767054908486,5.339690136053857
1509,44.866328198846425,80.85950413223141,5.819545254810665
1510,44.30186935605875,80.48700230338927,6.852849298257572
1511,42.396134964700835,79.59648551903678,6.848459328181928
1512,43.1763345237967,79.56155143338954,6.967256449787577
1513,43.88333621851807,78.84816753926701,6.861859721133531
1514,44.52163750200608,78.14641182834475,6.529544731086744
1515,45.09491311005925,77.46374116772034,6.459525716324369
1516,45.606190302938444,76.80826636050517,6.267888499203481
1517,46.05797458043045,69.78388998035363,4.886087158671048
1518,47.21889518146109,73.60488798370672,5.360534393694119
1519,48.83961516218714,77.12334613743064,6.470303971671859
1520,50.19485589049126,80.70567217507816,9.054080763429745
1521,50.53165901268619,79.72665148063781,8.614222914093695
1522,51.21202856716485,69.4405265632346,3.8408669910637077
1523,52.15020846669176,72.29564366128243,4.8576388218008075
1524,52.96562932504878,75.08896797153025,5.828459457117347
1525,53.671740557058534,78.19905213270142,7.2790419302919425
1526,52.41981247304284,74.29292929292929,5.2863997063427615
1527,51.94371074723432,71.54873824839189,4.086797311614355
1528,51.01688789774609,67.76034236804566,4.720752940199824
1529,49.94752442602437,64.20428636570908,7.338275171848808
1530,48.705846416135756,61.4578786556089,10.797459127246912
1531,47.24067408129455,70.08760951188987,3.859156227737247
1532,45.44335224679301,71.40581441656711,4.355770651527378
1533,42.80003456308255,72.54082795290543,5.097092709797614
1534,42.80003456308255,72.54082795290543,5.2151703143629575
1535,42.80003456308255,72.54082795290543,5.831586536718614
1536,42.80003456308255,72.54082795290543,6.10795779706939
1537,42.80003456308255,72.54082795290543,6.154031685779371
1538,42.80003456308255,72.54082795290543,6.09855531500592
1539,42.80003456308255,72.54082795290543,6.055164129047141
1540,42.80003456308255,64.98290922901633,6.713912288823229
1541,42.80003456308255,69.12267375617166,5.08306855987034
1542,42.80003456308255,73.41435624762629,6.004526922633487
1543,42.80003456308255,77.85795670338017,7.986744007617794
1544,40.52665717791496,77.83923303834808,8.075013581824479
1545,41.24151603829267,75.95274390243902,6.707480642023224
1546,41.87742550011124,73.82075471698113,6.143710654774775
1547,41.87742550011124,69.45754716981132,6.682448028702946
1548,41.87742550011124,65.56603773584905,8.646932723420168
1549,41.87742550011124,61.51729559748428,14.51954918820396
1550,41.87742550011124,68.67138364779875,8.873839826604511
1551,41.87742550011124,68.67138364779875,9.521546008455712
1552,41.87742550011124,68.67138364779875,10.150954180978895
1553,41.87742550011124,68.67138364779875,10.7672345520878
1554,41.87742550011124,68.67138364779875,11.376225812602062
1555,41.87742550011124,61.79245283018868,18.624447231244392
1556,41.87742550011124,65.52672955974843,14.46702820889133
1557,41.87742550011124,69.73270440251572,12.255795422066722
1558,41.87742550011124,74.09591194968553,8.559198961623817
1559,41.24151603829267,76.21951219512195,7.957732389805153
1560,40.83760933598319,76.61950856291884,8.71291869183448
1561,40.376581419792196,77.06821480406386,8.9817978321105
1562,39.85633864560227,75.75864502470007,10.124461830295767
1563,39.27435927223884,78.01369863013699,9.746549520447608
1564,38.62760118078388,80.05972130059722,9.192693021557739
1565,37.91237600687097,81.89987163029525,8.210561831986016
1566,36.2939530810769,82.77027027027027,7.974783248195276
1567,34.34790307084077,83.49001175088132,8.306040041486451
1568,31.560119079160277,84.07303370786516,8.690695892065389
1569,30.726033611232996,84.49212384573602,8.99641461099664
1570,29.814536776406413,84.91605456453306,9.20694803460986
1571,28.8185458623906,85.34177215189874,9.48883616397769
1572,27.728965090198827,85.7666015625,9.818501751099449
1573,26.533752755743322,86.18823529411765,9.736163797329429
1574,25.216294388895182,86.60471441523119,9.315023789254377
1575,23.752283739747426,87.29812309035356,9.038437523112695
1576,22.102861419175802,87.8781512605042,9.115579174003194
1577,20.19575156756711,88.35422563687828,8.854575772986024
1578,17.842617941116984,88.57976653696498,8.91246591076035
1579,16.84636710809334,89.51734539969834,8.609876820978789
1580,15.772049798254617,90.33966398831264,8.48977639841676
1581,14.611552606967019,91.05374823196605,8.306697398369593
1582,12.303488665441556,91.47882513661202,7.311917184855127
1583,10.987424673037834,92.03305785123968,7.1818611808200705
1584,9.551523848511046,92.37044145873321,7.313192042279218
1585,7.971385463025239,92.75766016713092,7.312814308171564
1586,7.115975381672694,94.62709284627093,6.322713806710282
1587,7.115975381672694,98.08219178082192,3.395269325966989
1588,6.208061115907181,98.17365269461078,3.480662785089627
1589,6.208061115907181,98.17365269461078,3.5739840825444413
1590,6.208061115907181,98.17365269461078,3.641716711926297
1591,6.208061115907181,98.17365269461078,3.696036576240682
1592,6.208061115907181,98.17365269461078,3.75803506068404
1593,6.208061115907181,98.17365269461078,3.8271472909667694
1594,6.208061115907181,98.17365269461078,3.8990604690522037
1595,6.208061115907181,98.17365269461078,3.966158774713191
1596,6.208061115907181,98.17365269461078,4.01472661078984
1597,6.208061115907181,98.17365269461078,4.004188675683203
1598,6.208061115907181,98.17365269461078,3.935677981655555
1599,6.208061115907181,98.17365269461078,3.8494307835025685
1600,9.219700334919128,98.09361438313701,3.8331399886180297
1601,11.39443387713584,88.84788189987162,9.523923834044478
1602,13.246584244576374,91.97674418604652,7.76614646584054
1603,14.885322521102173,95.20288858321871,4.89280784941669
1604,16.362388864300907,98.82562277580071,2.0449922977786943
1605,15.753811160270553,98.95278665246717,1.9413024850409009
1606,14.61155260696702,99.00990099009901,1.8495617189899407
1607,14.088155445306416,98.99641577060932,1.7581742829986649
1608,15.16823293065967,98.96411394746578,1.658480429679587
1609,16.170357449286655,98.93129770992367,1.555118856801687
1610,17.10096089097604,98.89807162534436,1.4624148073448533
1611,17.96524917371215,98.86455798864559,1.3473583194996124
1612,18.76750748907386,98.83089770354906,1.3417657782972803
1613,19.511310838753325,98.79725085910653,1.423990576757469
1614,21.506547643273755,98.75583203732504,1.5976412382708047
1615,23.802859502758984,98.63583815028902,2.1559242159750873
1616,25.651916991374,98.41231657445273,3.1052579888378524
1617,26.79085315411959,97.51243781094527,3.8192039594538563
1618,27.385207418203354,95.8865610628513,3.7052987974098874
1619,27.927911130110093,94.07756813417191,3.4871543247322
1620,28.42080527850922,92.08266237251745,4.049101862456795
1621,28.865468504449453,95.7464324917673,4.869024992962057
1622,29.263254364300295,95.65826330532212,5.625867189323807
1623,29.615320692344998,95.57648401826484,6.562122749361623
1624,29.92265289277386,95.50203134068485,7.761077896594449
1625,30.18608248131875,95.43580683156655,9.193959079608273
1626,30.406301841035692,95.37865235539654,9.821026265069298
1627,30.583875902957274,95.33132530120481,10.388463854072219
1628,30.71925127728667,95.29447480267153,10.812513252749959
1629,30.81276322267265,95.26862026862027,11.24059788760658
1630,30.864640735191024,95.25413349663197,11.621197714681443
1631,30.875009954774697,93.50490196078431,9.954694304117192
1632,32.380829564280674,91.70564390396008,9.447885527062112
1633,34.394271519109296,91.4488544691836,9.606552560756347
1634,35.84224222243448,91.00299900033322,9.107610629286734
1635,35.77713531052227,87.3547958845005,7.284172403770558
1636,35.66843126091765,83.64655456643587,5.1856195562434415
1637,35.51583802613202,79.90852662528586,5.424761268292632
1638,35.318940097962354,87.3103002906038,7.374342286690705
1639,35.20371160291812,86.17703656189865,6.808977991580417
1640,35.20371160291812,83.67543296985247,6.431273885830215
1641,35.20371160291812,81.27004490057729,6.824894684657293
1642,35.20371160291812,78.9929441949968,7.727147930931517
1643,34.93928973018423,75.96336070751737,8.901900927802835
1644,34.62893228805383,72.74984481688392,11.603185201580281
1645,34.27171934733884,69.59829580036518,14.810559457961315
1646,33.86655333623082,77.01012507444908,9.619562014561268
1647,33.41213628752038,78.06864456079116,9.595241465916908
1648,32.906940947224655,79.126488939308,9.17194375106369
1649,32.34917392491284,80.17669795692987,8.625203839200951
1650,31.73672831808408,81.21309715512614,7.92383513832345
1651,31.067122122053398,82.23032829598749,6.926788911619789
1652,30.33741701118482,83.22385042950985,5.5431682870493475
1653,29.544109340024793,84.18991678903573,4.657305636921435
1654,28.682980720744776,85.12553292278541,4.008394072813573
1655,27.74888786624295,86.02840128263857,3.6800036885014658
1656,26.735457685562974,87.05179282868527,3.157778658832808
1657,25.63462774334406,88.07182556648141,3.0707763301499935
1658,24.435919942950086,88.95996698307883,3.245795067946035
1659,23.125220522619134,89.72520908004779,3.4784661791591724
1660,22.421959191097233,90.06454136514766,3.7529231022036877
1661,22.421959191097233,90.06454136514766,3.9221678489541367
1662,22.421959191097233,90.06454136514766,4.104578919847026
1663,22.421959191097233,90.06454136514766,4.284222361010713
1664,23.348426196473678,89.79469802670918,4.431389844067052
1665,24.97970805157599,89.15562913907284,4.360925866566732
1666,26.39827906504413,88.38058419243987,4.200050954512585
1667,27.684390418712063,87.47771836007131,4.009086526897158
1668,28.857992319600527,86.43715341959334,5.214734302000325
1669,31.048184729156965,85.55635664503725,5.539974935602116
1670,33.33783529267454,84.85076498620516,5.71498539397401
1671,35.180079210738256,76.18424496205182,8.454622755837999
1672,36.763191072514736,79.47037947037947,6.439298564290373
1673,38.1593808609766,83.09137489325363,5.277766998313485
1674,40.96207027992161,87.05636743215031,7.433215864431777
1675,41.89133527956905,87.63134193935755,7.935602080430416
1676,42.41658187595272,88.00120590895388,9.37409543376893
1677,42.630259106604875,88.1304741769858,10.365283915254862
1678,43.9264561253776,87.60643330179754,10.501465601433866
1679,45.08732657780789,87.06811451135242,10.404669940592838
1680,46.13268258297683,86.5180102915952,10.121822439183807
1681,47.33575065679876,85.6989247311828,9.038854273236819
1682,49.57465011384465,84.71385542168674,8.751632059498702
1683,51.71255310536553,83.78271213322759,8.063297417050169
1684,54.4021112308542,82.84518828451883,7.704909848009926
1685,56.24715500722981,81.68578993821713,6.83923526850044
1686,58.567441842266355,80.46620046620046,6.002005542665119
1687,59.646432072730335,78.56093979441997,5.404184403792556
1688,60.59654973559977,67.06003078501796,6.891936534578208
1689,61.59333578853784,69.95153473344104,5.457434508211604
1690,62.61059358324219,73.5144312393888,4.478741763896827
1691,63.4967694598262,77.09198813056379,5.192037610464047
1692,63.16209961690967,76.5468473777254,5.667083326637302
1693,63.16209961690967,77.01826753093695,5.885193542262492
1694,63.16209961690967,78.13789039481438,6.5364732033905435
1695,63.32222121786902,77.77112043139604,7.076632894618736
1696,63.931550892399756,64.61059190031153,8.432295784392128
1697,64.45367139030688,68.94770819883796,5.827020114950999
1698,64.89355312234329,73.48434377081945,6.969844185914694
1699,65.25502525614253,78.16563997262149,8.708928305465072
1700,64.37822487720057,78.94736842105263,9.975456536195539
1701,63.211957660669036,79.53518398967076,10.564406396644628
1702,61.57068715217109,79.93769470404985,11.40473173292287
1703,60.32422689982532,79.70479704797047,11.601190901156171
1704,60.85359720655054,78.43631778058007,11.550859525674811
1705,61.6658813992383,76.37434554973822,10.949501075681573
1706,62.33777745876496,74.01894451962112,9.93381607002114
1707,62.88445532056623,72.00557103064067,8.208336789051163
1708,63.31632045184382,70.32810271041369,6.8807530612572645
1709,63.64060302985458,69.76744186046511,6.333892237963473
1710,63.862242890953105,69.36671575846833,6.291709309503209
1711,63.984401162644666,69.13946587537092,6.200919335138083
1712,64.0087509352281,69.09361069836552,6.177968939901435
1713,64.11540102916729,67.98507462686567,5.3824304369098455
1714,66.11311460608324,66.92307692307692,4.876433031492168
1715,68.05111292670011,65.90189873417721,4.123944848329079
1716,69.0962885518988,64.72491909385113,4.0468536181382815
1717,69.75481253678858,63.4046052631579,5.578887730461234
1718,70.12530714515212,61.96013289036545,7.682493045415076
1719,70.24534601104192,61.833333333333336,8.636694109043852
1720,70.12530714515212,61.96013289036545,9.681860035127151
1721,69.75481253678858,63.4046052631579,9.290097040511286
1722,69.46550355012924,64.08163265306122,9.24034604655462
1723,69.46550355012924,64.08163265306122,10.403476840737394
1724,69.46550355012924,64.08163265306122,11.529460428428395
1725,70.4844896291675,66.86592655849701,9.984607069842204
1726,71.16516981424664,61.74142480211082,16.68085113500606
1727,71.662521387647,64.8964896489649,14.420308294853372
1728,71.84909732318894,66.4850136239782,12.284548310793976
1729,71.84909732318894,66.4850136239782,12.763820078469056
1730,71.57934184536585,64.816472694718,16.11200077026264
1731,71.16559985688798,63.45311130587204,18.466306121965808
1732,70.59511741432267,71.44075021312872,11.215940763521287
1733,69.84684350074657,73.61912613355318,9.70079862313537
1734,69.17400521812344,74.92012779552715,9.215322007158438
1735,68.6365049254203,75.65891472868218,9.028029860646312
1736,67.96302752986975,76.49700598802396,8.35807172028523
1737,67.13542670624913,77.41007194244604,7.955183439087453
1738,66.12495418317404,79.26997245179064,7.360324337348583
1739,64.88132388371396,80.81471747700394,6.937818536651577
1740,63.29666432527413,82.0625,7.178773722036645
1741,60.85782034125654,83.03677342823251,7.21704728127604
1742,60.62248882012656,86.8881118881119,8.982545813542476
1743,58.70095600388011,87.72123893805309,9.544938849240074
1744,56.518462283949475,88.5444035733053,10.344498676816299
1745,54.80645987665541,89.35532233883059,11.03040068500831
1746,52.245509432025926,89.93830090175605,11.627377988441234
1747,50.23924401565879,89.16323731138546,11.834737545941723
1748,48.993341671740914,86.937137761926,10.757566083535323
1749,47.277430070071205,84.52535760728219,9.024571261202503
1750,47.277430070071205,82.05461638491548,8.239555907973765
1751,47.277430070071205,87.81967923710447,13.85389178264081
1752,47.277430070071205,87.81967923710447,14.6118060694849
1753,46.96934692380499,83.34041648958777,11.16295865941138
1754,46.79413282130075,79.8234552332913,8.495616998876239
1755,46.79413282130075,77.34342160571669,7.719129761597946
1756,46.79413282130075,75.36780159730979,7.048280153301121
1757,46.604549877880174,72.41379310344827,5.87010406484511
1758,46.181388980321984,69.42081814499798,5.152173538696544
1759,45.69784715062616,65.89208349743994,6.18472572101143
1760,45.15147234409467,62.51432938479174,7.871379328980859
1761,44.53928606882436,74.10284868664446,7.86404083044111
1762,43.85765820308733,75.90275294958884,8.940480927564916
1763,43.10213221243175,77.819937909624,10.68250677640011
1764,42.73116541365186,78.71907827854965,11.059787131018483
1765,43.59201196064509,76.9447377683914,10.474821077292805
1766,44.36968677373458,74.95436290617013,9.763283057841102
1767,45.07036405570764,72.74102079395085,8.136803286759816
1768,45.69897221821467,73.70066432200078,9.363502358307779
1769,46.37173796503048,72.34128588758593,8.048651202420398
1770,47.07705732812409,62.21198156682028,3.6305817861524714
1771,47.57571019278151,64.03622250970245,3.2289587088012426
1772,48.00995044168077,65.73705179282868,4.134434064396916
1773,48.38212188801144,67.28590847304032,4.805989669193105
1774,46.13317140932635,69.32569413838695,5.823674361937782
1775,44.788392346582015,69.76542137271937,6.357918891274337
1776,45.08231059792546,69.00482244629548,6.5188221227520975
1777,45.575549795971384,67.39420935412026,6.63632918713629
1778,45.95057611749319,65.6743346865133,7.163977574009915
1779,46.21415707743402,64.08739189804278,7.281659670311091
1780,46.07377015188791,64.86486486486487,8.578514128043876
1781,45.55795562149193,62.99212598425197,9.252406088600024
1782,44.96967485534429,61.016949152542374,8.450813760191501
1783,44.27405013722662,57.48772504091653,9.271935337923617
1784,45.0282208168657,67.48887990295188,14.169608654696829
1785,46.8251280671123,68.1799591002045,14.808621789029834
1786,47.7101319721025,68.65979381443299,15.612817384757017
1787,48.18337454554327,68.91835888934936,16.276937292513892
1788,48.33400594083264,68.94977168949772,16.90247503762749
1789,49.48573665163534,67.78115501519757,16.600621099838488
1790,50.49787892833103,66.62131519274377,17.025129077580818
1791,51.3899843425471,65.48463356973996,16.09478605085244
1792,52.175710679807516,64.38760452533202,15.280635066669571
1793,52.8650392182466,63.348647269014805,13.709423821108896
1794,53.465489585915535,62.387744321183305,13.046327861886347
1795,54.2595972481704,60.81229418221734,10.409558134524914
1796,56.19454567728268,58.69815668202765,8.63103048067954
1797,58.65989416778137,56.743620899149455,7.962292957154565
1798,59.886170025421556,53.953194180898166,7.031079932249959
1799,60.245291483182214,50.291639662994164,3.3918017403822356
1800,60.52558342519732,46.463978849966956,3.7945891991160092
1801,60.72938649573699,42.521797451374916,4.544099523802953
1802,60.858330480149114,48.070412999322954,3.5335871179892253
1803,60.91341674512854,48.266485384092455,3.8893188441492166
1804,61.67065370294743,47.01803051317614,4.705492651111422
1805,63.05466956313204,48.847262247838614,4.343177780420938
1806,64.085601649074,50.44709388971684,4.30647818740103
1807,64.86976132229142,51.30368098159509,4.575861509387084
1808,65.31617267000053,50.62305295950156,4.109490873469314
1809,65.57616873739337,51.808176100628934,5.09146893270311
1810,65.66162580165803,53.548895899053626,5.073745586825907
1811,65.7614501488424,53.085443037974684,4.846363162070759
1812,65.66162580165805,52.91798107255521,4.515513532282618
1813,65.67200381235217,53.085443037974684,4.92758810823496
1814,65.85236628783267,54.233226837060705,6.087670695123012
1815,65.33540940493843,55.88697017268446,6.246531451415802
1816,64.58601069991636,57.438650306748464,6.811876215301669
1817,63.43138113985438,56.87869822485207,6.8518200886294265
1818,63.12670557432991,52.7536231884058,7.585643388835489
1819,63.14371937979848,50.072463768115945,9.106619281722038
1820,63.17990546633436,47.750362844702465,11.329317210250176
1821,63.07107832522303,46.96531791907515,10.669061983417162
1822,62.81392456018724,46.49499284692418,11.832019363428822
1823,62.40008364052255,50.0,14.1967852667588
1824,61.81429876321197,51.93103448275862,12.865543040751502
1825,61.65778746339385,52.05198358413133,14.011717176215662
1826,61.39420650345302,52.63157894736842,16.269436404419153
1827,61.01918018193122,55.29801324503311,14.778180422248896
1828,60.525940983885306,57.82664941785252,16.641437926131637
1829,59.90446761127765,60.18867924528302,15.814686409421826
1830,58.15447144742769,61.76115802171291,14.190237853564069
1831,56.388676994696304,62.97156123041207,13.4884061335913
1832,55.4982504027872,64.03361344537815,12.74881484496795
1833,54.42810014097403,65.87601078167116,11.796007092519273
1834,53.127639422313244,67.51163993792034,11.969883707714812
1835,51.4887372128063,68.94502228826151,12.19726199279164
1836,48.99801276388146,70.18457169900616,12.278193758368353
1837,48.53493307966372,70.60452238117213,12.715876832190864
1838,47.99419796829389,73.0820995962315,11.051993540691848
1839,47.37124584428126,75.33710308829926,10.770605433911562
1840,46.660234162964656,77.36642827092975,10.514547764673706
1841,45.39763414038505,78.66075030254135,10.992374199249594
1842,43.91224929024858,79.76052529934337,11.155578568643032
1843,42.09537788752985,80.67971924639822,11.254014205485824
1844,39.433131468861504,81.4331097776209,11.317861237898864
1845,37.70138075502436,82.00751109593718,11.376859646745581
1846,37.28809313048344,82.48248248248248,12.011100648745312
1847,36.821370475462174,82.98080052066385,10.821954088414882
1848,36.299364163454875,83.49699081406399,10.466120600787324
1849,35.71987600464003,84.02585410895661,10.347184656812626
1850,35.080288394666724,84.56255598686175,10.426120686570028
1851,34.37747109767769,85.10269019380966,10.526732450446579
1852,33.60765456530039,85.5583543240974,10.840893251619669
1853,32.766253853479256,86.9894509061401,9.39555728200069
1854,31.84761701138472,88.24758422564638,8.589906361791984
1855,30.84465312708581,89.3424036281179,7.883387488214503
1856,29.789454753950174,90.3280680437424,7.528374237956708
1857,29.789454753950174,94.58080194410692,5.165693740102465
1858,27.493142894464945,94.87298997902587,4.2052011465943835
1859,26.37024732077239,95.18776703395548,3.9342364217929533
1860,25.142448802679578,95.48904792886576,3.8231690809598105
1861,23.793101672786634,96.04850512230817,3.4633529291225362
1862,22.29787044610225,96.49405601450735,3.2334254257700175
1863,20.617868299390786,96.83556590953214,3.1042880243993047
1864,18.680793594914157,97.08247615485318,3.24812600905502
1865,16.999765415822814,97.13761467889908,3.772114341169189
1866,16.999765415822814,97.13761467889908,4.676527266449368
1867,16.999765415822814,85.8348623853211,9.534715229978154
1868,16.999765415822814,89.41284403669725,6.500638129438873
1869,16.999765415822814,93.06422018348624,4.357344921352716
1870,18.680793594914157,96.74583878810547,3.9053327801811286
1871,20.450325514250466,98.58643744030563,5.02048854338277
1872,21.110907241223728,98.48630005748228,5.178796981498415
1873,20.59481609315769,96.53288110043339,4.18857793394513
1874,20.748052492284856,94.95829471733086,3.939761421279857
1875,21.427175731500345,95.09931316131427,4.669454648506072
1876,21.427175731500345,95.09931316131427,5.69524432879874
1877,20.748052492284856,94.95829471733086,5.832169065405312
1878,20.83201364033583,94.88794221152065,6.008437745327157
1879,19.849598867161557,94.83524620510921,6.265039838989504
1880,21.602472481782158,94.50844854070661,5.614094452994667
1881,22.98208882715212,94.01114206128133,5.580635809701021
1882,24.240784224540164,93.40478153338829,5.4487711184849354
1883,24.830198782012637,91.08640939597315,4.354073190299528
1884,24.830198782012637,87.20637583892618,3.884424913641096
1885,24.830198782012637,83.41023489932886,5.479231829183417
1886,24.830198782012637,79.69798657718121,8.827108838216391
1887,24.830198782012637,91.29614093959732,4.467116531686218
1888,24.830198782012637,91.29614093959732,4.57023904509927
1889,24.830198782012637,91.29614093959732,4.651610725552441
1890,24.830198782012637,91.29614093959732,4.730351539485948
1891,25.395230930276906,90.88775074690568,4.390565170211749
1892,26.457532303087877,89.97349823321555,4.079445312551117
1893,26.957077943572404,87.44384546271338,3.302979398589352
1894,26.957077943572404,83.46810422282121,4.17755732054373
1895,26.957077943572404,79.78436657681941,7.351967109697475
1896,26.957077943572404,76.03324348607367,9.828756969567655
1897,26.957077943572404,86.41060197663971,1.1436442126029187
1898,26.957077943572404,86.41060197663971,1.0332802466127362
1899,26.957077943572404,86.41060197663971,0.9860552671555162
1900,26.957077943572404,86.41060197663971,1.0347245687185633
1901,26.957077943572404,86.41060197663971,1.204463152598308
1902,26.957077943572404,86.41060197663971,1.4855263057680588
1903,26.957077943572404,86.41060197663971,1.8526913729179957
1904,26.957077943572404,86.41060197663971,2.2840432720656323
1905,26.957077943572404,86.41060197663971,2.7688678047669844
1906,26.957077943572404,86.41060197663971,3.29050840612479
1907,26.957077943572404,86.41060197663971,4.981561038831597
1908,26.957077943572404,86.41060197663971,5.804884401920606
1909,26.957077943572404,86.41060197663971,6.224736476125617
1910,26.957077943572404,86.41060197663971,6.434499135840076
1911,26.957077943572404,86.41060197663971,6.63587256779631
1912,26.957077943572404,86.41060197663971,6.838915882485807
1913,26.957077943572404,86.41060197663971,7.03815994630354
1914,26.957077943572404,86.41060197663971,7.184321374395454
1915,27.436849998600348,85.83828232069438,6.473861293163494
1916,29.170557908362237,85.14027579648122,6.40845568591887
1917,30.68844452693982,84.3146956952004,6.291807214026081
1918,32.042149606862985,83.35048893463716,6.104686148595717
1919,33.26195050173577,82.23649010165865,6.045481358354625
1920,34.36773154193834,81.43413007226236,6.6110356378671575
1921,35.37351371063676,80.61165608770918,7.512465653479402
1922,36.289675796126836,79.77259126271693,8.345718739358672
1923,37.12417376673784,78.92126472411655,9.257905481081767
1924,37.88326638097274,78.06286080821039,10.40882258379489
1925,38.571973931676986,77.20344599072233,11.147313094484625
1926,39.19438225054852,76.34996582365004,11.845332827073884
1927,39.75385184459398,67.24137931034483,19.010352095918336
1928,40.253166157966405,70.86044830079537,16.990809969934887
1929,40.69463924596506,74.6108228317272,14.29974990465308
1930,41.08019547602749,78.46853677028052,12.99974841466575
1931,39.916189598943866,78.98443291326909,13.503155363117582
1932,38.40710995866845,79.39262472885032,13.94787253511492
1933,36.04019295771014,79.69739619985926,14.428371955379959
1934,36.27707881437578,83.44039971448964,11.427679357353835
1935,35.75767695297892,84.6774193548387,10.992922775828019
1936,35.140869227471995,85.77319587628865,10.74122171525953
1937,34.41840900893908,86.72715053763442,9.597837381336271
1938,33.57902038842321,87.54098360655738,9.028787631096877
1939,33.57902038842321,90.59016393442623,7.11344591857025
1940,33.57902038842321,93.77049180327869,4.983397663597561
1941,32.606782152354796,94.54022988505747,4.2111596775856
1942,31.478017851752956,95.09621353196772,3.015865449039926
1943,30.154442120671938,95.51204819277109,2.7117670490352292
1944,30.17500326466751,95.50663449939687,2.8126772381369634
1945,30.154442120671938,95.51204819277109,3.351309686978586
1946,30.092709684912304,95.5282112845138,4.328365550393585
1947,29.98965824224221,95.55489260143199,4.419066461261772
1948,29.845039229213832,89.79289940828403,6.010601023605602
1949,29.658499585981517,92.7400468384075,4.564948002802191
1950,29.42957646095431,95.52023121387283,4.366995358748214
1951,29.92265289277386,97.93964016250726,5.198704444687767
1952,29.92265289277386,97.93964016250726,5.361572507681241
1953,29.92265289277386,97.93964016250726,5.522730074448071
1954,31.006833567910242,97.5103734439834,5.349566471009632
1955,31.911983777071363,97.190332326284,5.37260791914287
1956,32.12249138233738,94.74954737477368,4.602189321502449
1957,32.794387441864046,93.96446078431373,4.66453364284603
1958,33.34106530366531,93.0477963997517,4.842745531558197
1959,33.77293043494291,92.25219573400251,4.83844249870471
1960,34.09721301295367,91.90385831752056,4.889149040446736
1961,34.31885287405218,91.79389312977099,4.9752410068975
1962,34.44101114574375,91.70389278876834,5.060468885182172
1963,34.14195431350603,89.55974842767296,5.75444776298353
1964,33.44513518506334,85.40524070688605,8.551495704848124
1965,32.678145901170154,81.42688679245283,11.73026666386355
1966,31.835955074579637,77.86324786324786,14.413392204921022
1967,30.912293689930493,90.31903190319032,5.003832503728305
1968,29.89919627733822,90.61007957559681,4.988938793369843
1969,28.786275229867698,90.8997955010225,4.910180500242467
1970,27.55950136471182,91.1866075824717,4.245811352156719
1971,26.198982714237353,91.4691943127962,4.142004067641865
1972,24.674434799692126,92.04286365709075,3.971872125970491
1973,22.934211210717205,92.5,3.7851323308201223
1974,20.869229111875647,92.85111767186841,3.4546902173439364
1975,17.96524917371215,93.10624493106245,3.0518364853316213
1976,17.541107850748812,93.62764682381143,2.583986655365853
1977,17.541107850748812,93.62764682381143,2.356489901829908
1978,17.541107850748812,93.62764682381143,2.1303464558469734
1979,17.541107850748812,93.62764682381143,1.9099101813131347
1980,17.541107850748812,93.62764682381143,1.6940283310649753
1981,17.541107850748812,93.62764682381143,1.487046106522429
1982,17.541107850748812,93.62764682381143,1.3007437088673925
1983,17.541107850748812,93.62764682381143,1.1482864454995383
1984,17.541107850748812,93.62764682381143,1.032975427462625
1985,17.541107850748812,93.62764682381143,0.9537123346399373
1986,17.541107850748812,93.62764682381143,0.9258935826727576
1987,17.541107850748812,93.62764682381143,0.986757147877574
1988,17.541107850748812,93.62764682381143,2.4866492876429107
1989,17.541107850748812,93.62764682381143,3.023778826605075
1990,17.541107850748812,93.62764682381143,3.29629724491289
1991,17.541107850748812,93.62764682381143,3.498155039990246
1992,17.96524917371215,93.10624493106245,3.745520491447107
1993,18.76750748907386,91.9624217118998,3.690874232394666
1994,19.511310838753325,90.6786941580756,3.0426289473900163
1995,20.199673880968806,89.42604856512142,2.909407599319495
1996,20.835160403763748,89.82320942883047,3.3600838139560407
1997,21.41996507621385,89.6094839609484,3.7243301956582604
1998,21.955975637726866,89.4047619047619,4.110167834110804
1999,22.444820949912174,89.21091086215294,4.476353428592545
2000,22.887908611792735,89.02985074626865,4.560419751006549
2001,23.286454720563402,88.86352105530187,4.719222332839993
2002,23.641507615016003,88.71384297520662,4.826504865185005
2003,23.953966930663693,88.58267716535433,4.93458494934883
2004,24.2245989416052,88.47177848775293,4.952179460914964
2005,26.957067394788847,88.0464858882125,5.0261783110901
2006,28.84629424750347,87.5,4.991011080739685
2007,30.406301841035692,86.82170542635659,5.019591073060092
2008,31.74593880759523,77.56489493201484,10.586078332173491
2009,32.9165982533558,80.7741522712732,8.79822144072169
2010,33.9482900982687,84.12698412698413,5.852434226230038
2011,34.86060802778003,87.57679180887372,3.604857196182857
2012,35.54187227670552,82.17027215631542,7.387536347386751
2013,36.12249391567657,84.69750889679716,4.984339087617701
2014,36.609631847814484,87.50905141202027,3.6289486628498353
2015,37.00865545296741,90.30124908155767,4.244493939275736
2016,37.448299057828784,93.70786516853933,6.096329248540521
2017,37.698005535720505,93.64599092284418,7.3110382140348005
2018,37.86956830209505,93.6024371667936,7.8820947259406315
2019,37.96442772432691,93.57798165137615,8.445664721017298
2020,37.98336123364331,89.28844682478959,6.795823051270426
2021,37.98336123364331,89.28844682478959,7.192914925121775
2022,37.98336123364331,89.28844682478959,7.6756180139634465
2023,37.98336123364331,89.28844682478959,8.194358064865149
2024,38.32759713557255,86.62246489859595,6.93920060716618
2025,38.614384504199336,83.74306106264869,5.527292483418388
2026,38.84500244599545,87.78135048231512,8.63051171755698
2027,39.02044538964091,87.40861088545897,8.891022272727499
2028,39.14145030708037,87.07037643207856,9.118476956904729
2029,39.2085159668209,86.77074774034512,9.231272565374676
2030,39.393458561050224,84.02489626556017,7.30219936414211
2031,39.516205671364574,81.11946532999164,4.642665013386017
2032,39.57741693216632,78.08046940486169,3.205820078805529
2033,39.57741693216632,82.6487845766974,6.70425476858054
2034,39.502175258041355,80.92654424040067,5.060320685455415
2035,39.35232085532032,77.48344370860927,3.158073920657914
2036,39.14145030708037,73.93617021276596,2.0155544767551747
2037,38.86844879419271,70.7258064516129,3.7507975117837646
2038,38.531821561970006,77.09984152139461,3.756670741103944
2039,38.12964085379934,77.32919254658385,4.246140266214006
2040,37.659471873626224,77.6176024279211,4.512032169845123
2041,37.39796771160805,76.95766204571001,4.781283060727063
2042,37.39796771160805,75.42150618209067,4.086136546407014
2043,38.62408948418879,74.65054778995089,3.8565953377062026
2044,40.62180306110474,74.530111238972,3.867606369624819
2045,41.733355100729874,74.33009708737865,3.6526350647373245
2046,42.4665937415635,74.04939239513917,3.5516562696051492
2047,42.922545414191696,73.68836291913215,3.4594850449972476
2048,43.14240862726586,73.92164622081519,3.362951813035852
2049,43.14240862726586,74.75267115156312,3.509480074040458
2050,42.922545414191696,75.50295857988165,3.5127248818066636
2051,42.4665937415635,76.16620932967464,4.282141095417185
2052,41.733355100729874,76.7378640776699,4.992413319872511
2053,42.377990367620036,76.28948420631747,5.785844758185665
2054,43.74057222121508,75.65217391304348,6.400944571610582
2055,44.25355415103862,73.46072186836518,5.646948319402738
2056,44.691246366708924,71.08119843682154,4.680710947882674
2057,45.05685556479791,68.52589641434263,5.175368701614027
2058,45.35288870399784,70.89518668466037,4.68410451951865
2059,45.581270546839086,70.79726651480638,4.728991769090942
2060,45.743425907585554,70.80459770114942,4.912977416853293
2061,45.840336238054334,67.36014794267221,6.682598536329995
2062,45.87257654221947,70.68087077350626,5.979281493163078
2063,45.840336238054334,73.9251040221914,5.70553584594492
2064,45.74342590758556,77.05747126436782,6.511466736365952
2065,45.6561866658143,78.63677950594693,7.112748278501963
2066,46.44448914817462,78.36583101207057,7.158943264924116
2067,47.77696693467455,77.44252873563218,7.1642908127940315
2068,48.94097281175818,76.42998027613412,6.886088865109365
2069,49.95995889079642,75.32928064842959,7.585846390738484
2070,50.84902028254671,74.14330218068535,8.231427115738342
2071,51.12461251193754,71.51041666666667,10.289382310211723
2072,50.806889051592684,67.51787538304393,13.37811081982021
2073,50.41788622546963,63.622754491017965,17.30604338781802
2074,49.954806541251884,60.64139941690962,22.39543043041553
2075,49.41407142988205,70.14150943396227,14.015032666528898
2076,48.79111930586943,71.18721461187215,13.252076884286186
2077,48.080107624552824,73.19223985890653,11.822160137477255
2078,47.273459274601414,75.02124044180118,11.070912484666824
2079,46.36114134509008,77.0016339869281,10.074196690808648
2080,45.32944950017719,78.74509803921569,9.372016146716565
2081,44.897220050877515,81.6131498470948,7.25298172240084
2082,44.0792772888171,83.61018826135106,5.805620887362221
2083,43.55020178122682,84.08031552527788,5.375137239764105
2084,42.95964389835631,84.56725755995829,4.906015207028776
2085,42.304547295391025,85.06559031281533,4.6030651925221955
2086,41.58121054373969,84.43288917777056,4.770037853702493
2087,40.78511163394826,86.20257133897773,3.7010402205787276
2088,39.910656878098806,87.76065276518585,2.6836223860783193
2089,38.95080940691379,89.11841722432354,2.491477083740685
2090,37.75851446273238,89.93851313583008,2.6284611469024397
2091,36.27509880689833,90.70203644158629,3.413949378943781
2092,35.266815885136005,90.98532494758909,3.7509628610858776
2093,34.53862935785719,90.70496083550914,3.8887999883930724
2094,32.87499949611671,90.2128764278297,3.912521071332386
2095,32.83073840145948,89.51738453554748,3.761808787627317
2096,32.60692842060251,88.94927536231884,3.55206801587493
2097,32.19278100215236,88.58835651725914,3.621368884980493
2098,31.565132628753023,88.58751279426816,3.722033078847215
2099,30.678049135647566,88.50837138508372,3.836350473974394
2100,29.42712356642095,88.35341365461848,3.8882394921150243
2101,27.3020083155851,88.12592959841349,3.8906119517093356
2102,26.473648541904748,88.1746810598626,4.008278279851273
2103,24.766739754430617,84.76415094339623,3.9564915529366123
2104,24.428974904256947,81.55813953488372,4.81167531108012
2105,24.428974904256947,77.86046511627907,7.001647074806958
2106,24.428974904256947,85.11627906976744,3.598530362483443
2107,24.428974904256947,85.11627906976744,3.6134284789346247
2108,24.428974904256947,85.11627906976744,3.7205451026807554
2109,24.428974904256947,85.11627906976744,3.825256806261603
2110,24.428974904256947,85.11627906976744,3.951283909451003
2111,24.428974904256947,77.69767441860465,7.626190652228482
2112,24.428974904256947,81.5813953488372,5.4244093356853345
2113,27.281080527639183,85.02181289384392,4.194089403797092
2114,29.963511739410105,88.65301996461966,4.4653888573257365
2115,31.88761376736973,88.90620940504027,4.668948061975363
2116,33.70179685878701,88.24166892441073,4.690554008422993
2117,35.25617140583814,87.43292855125671,4.600537129875736
2118,36.622913959795994,86.70197116799059,4.537617080923541
2119,37.840777442753314,86.15620214395099,4.5464101021097365
2120,39.9848145835646,85.54525103933483,4.724720124077948
2121,42.15631488326136,84.7571189279732,4.839128001288989
2122,43.877396690167444,83.79515959312522,5.049150991906422
2123,45.336176442472855,73.79816513761467,10.732510028187683
2124,46.489643271933204,76.94369973190348,9.268264316516968
2125,47.40542204866137,79.75288959744918,7.696905905139062
2126,48.2228434100014,82.85714285714286,4.794569273767178
2127,48.442224269479325,83.40975406419341,4.526562052780326
2128,48.55099216867994,86.19824341279799,2.8077190807600974
2129,47.35197169120943,86.62000823384109,2.3191338157113393
2130,45.27459984099107,86.9090909090909,2.1671460298149485
2131,45.174951348617476,88.60249697946033,1.6067161826331746
2132,45.63925903605327,88.29127016963177,2.2033686949547455
2133,46.042544419486816,88.00339126748622,2.6763240888094506
2134,46.38678032141607,87.7436119532265,2.9645623859044
2135,46.67356769004285,87.51654168504632,3.168766128708697
2136,46.904185631838956,87.32646663681146,3.4419015006743803
2137,47.07962857548442,87.17716357045764,3.6558267430586704
2138,47.200633492923885,87.07172224760164,3.7855808819106507
2139,47.2676991526644,87.01239100504819,4.054638709197462
2140,47.28109871380828,87.00045934772623,4.082123574989816
2141,47.24088647606438,87.03618873110399,3.9438634624667066
2142,47.146899209208435,87.11879836140191,3.8162368714937442
2143,46.9987521442781,87.24650743578188,4.1240861247476435
2144,46.795829377259444,87.4166296131614,3.9803059793264954
2145,46.53726807507039,87.62571053782247,3.834814169948285
2146,46.22193543849551,87.86969567081012,3.685211433532026
2147,45.848396807666184,88.14411395056557,3.5029530403526374
2148,45.414872504289164,88.4442629644753,3.341097957048896
2149,44.91917985073252,86.74077014688369,3.858488527843589
2150,45.89871865958693,88.748519542045,3.165519336354486
2151,47.38151140857945,90.2448815736652,3.296816245836429
2152,48.37617685072819,91.4936914936915,3.9365690251922083
2153,49.09646592985204,90.94277480444627,3.6749654027468277
2154,49.58115888348732,90.57700290577003,3.635273139813993
2155,49.86196189487132,90.52982895285774,3.757439885713464
2156,49.95404331377,90.513999164229,3.8948533570528827
2157,49.86196189487132,90.52982895285774,4.978062786883951
2158,49.58115888348732,90.57700290577003,5.518888003603016
2159,49.09646592985204,90.94277480444627,5.949037164675364
2160,48.03448183704165,89.0843662534986,5.178769179537862
2161,46.35693742763094,84.87619047619047,3.593978104218804
2162,44.22773820142031,80.81247733043163,5.0956497375093335
2163,42.28230042769724,76.78136948209941,7.658115696348619
2164,41.45556636587152,88.64321608040201,4.270175150181331
2165,40.926857508065794,88.25073843124385,4.200168662116978
2166,40.65710203024271,86.97355533790402,3.8443443449428636
2167,40.24336004176483,85.61710398445092,3.4559109489791195
2168,39.97878130805334,84.62282398452611,3.6813945713879175
2169,39.97878130805334,84.36492585428756,4.49060731608833
2170,39.97878130805334,84.36492585428756,5.60929122836796
2171,39.97878130805334,84.36492585428756,6.753663870632063
2172,39.97878130805334,84.62282398452611,8.073118046313231
2173,39.54911615227377,85.016077170418,9.48581082550094
2174,38.936347101934174,85.09615384615384,11.02079765143291
2175,41.107847401630934,84.28475486903963,12.220082124083754
2176,42.828929208537026,83.29817158931083,13.112165265036918
2177,44.28770896084243,73.03164091243562,12.00193025080717
2178,45.55622564860846,76.65384615384616,13.442357447125119
2179,46.67308289770526,80.80321285140562,15.457179389706273
2180,47.66231021695935,85.21775544388609,19.387014318280123
2181,47.247554513938574,85.8451290591174,21.28204984226733
2182,46.55050195964083,86.34488448844884,23.630724537575748
2183,45.66549805465063,85.63829787234043,24.44495327407627
2184,44.983599289088374,85.18518518518519,25.946130451674936
2185,47.04803069514451,84.30953398888414,27.313698429111508
2186,48.6587300849872,83.2211754149843,28.43966563343059
2187,49.35873677509438,80.01837390904915,27.490473916806522
2188,49.35873677509438,75.01148369315572,26.301714752474467
2189,49.35873677509438,70.18833256775379,23.17905808847124
2190,50.003601593707636,67.08979783732957,22.217065628277265
2191,51.154450758959904,65.42056074766356,22.30118714971573
2192,52.03347199278747,63.37090163934426,20.205987691249376
2193,52.68872113093601,60.93418259023355,17.663475463508878
2194,53.2537412925755,58.27850877192982,15.985595167082533
2195,53.73419921483163,55.417607223476296,15.93049258287854
2196,54.13445837832218,55.844907407407405,15.813581489051392
2197,55.721308530444645,54.76904619076185,15.550529441293861
2198,57.548854079835145,53.115166771554435,14.057033019825493
2199,59.65851643248013,51.41914191419142,12.503457723138443
2200,61.42485072106887,49.688581314878896,11.91278538625687
2201,62.724191728742085,47.79464931308749,9.952140092812037
2202,63.74317780778034,45.74868322046652,10.359926460565381
2203,64.55215333942638,44.19329696024941,7.255067844685829
2204,65.13077131274505,41.86046511627907,4.034542339043829
2205,65.3658558028316,39.04220779220779,3.548064851979451
2206,65.3658558028316,36.03896103896104,3.0320106043063944
2207,65.3658558028316,35.22727272727273,3.561057576789512
2208,65.3658558028316,35.146103896103895,4.668320098702307
2209,65.3658558028316,38.392857142857146,6.889426635080689
2210,65.3658558028316,40.90909090909091,8.933391151405235
2211,65.29826207433464,41.19547657512116,10.830616897831241
2212,65.13978431482921,41.853035143769965,10.134797478993258
2213,64.8885474130601,42.857142857142854,9.783367826566622
2214,64.54144249932884,44.171779141104295,8.439373708569763
2215,64.09387660899088,45.75260804769002,7.316869768776095
2216,63.53935575854399,47.55043227665706,9.019520651190714
2217,62.868792379709035,50.41608876560333,9.62230968892051
2218,62.06931237907505,53.058510638297875,9.116956331447664
2219,61.122055367965224,55.46378653113088,8.907828815720993
2220,59.99766245508494,57.6271186440678,9.59048738960115
2221,59.99766245508494,57.6271186440678,10.395987112798641
2222,59.99766245508494,49.092009685230025,14.563640392271854
2223,59.99766245508494,53.389830508474574,13.617366263593905
2224,59.99766245508494,57.92978208232446,13.519082431003282
2225,59.99766245508494,62.71186440677966,8.570595556039997
2226,58.645321271516906,64.38434982738781,7.574503797951582
2227,56.956703486619986,65.82969432314411,7.180345134576471
2228,54.41825479833419,67.06308169596691,8.024181102478929
2229,53.93467620392306,67.75325977933801,9.300437089602408
2230,53.377509374878294,68.52570320077595,10.366472840224077
2231,54.253516856885916,69.23076923076923,11.458260709510718
2232,53.54550372363395,66.6049953746531,13.57418320147849
2233,52.74731650455395,63.94316163410302,16.799832240348653
2234,51.85017060419855,61.276595744680854,21.644193183694668
2235,51.01411636648575,72.26307189542484,13.030791150689591
2236,50.080269521636254,72.94440093970243,13.542112030977938
2237,49.03680475917744,73.65067466266866,13.519465810083856
2238,47.86730762577468,74.37275985663082,13.960428778838402
2239,46.54765713112216,75.34246575342466,14.3591983930822
2240,45.03916581186517,76.4224983649444,14.076500635233401
2241,43.26971765540453,77.34082397003745,14.360221216881454
2242,41.05112529640243,78.11197141155449,14.565741107924937
2243,38.88607354836244,79.04191616766467,14.15429051586073
2244,37.68046816097551,80.11503697617091,13.874902002259088
2245,36.51267128904562,81.16934421912036,13.238422854486988
2246,35.222012044485226,82.05517590483421,12.244379111470403
2247,33.78421128601189,82.64040846097738,11.547657418055703
2248,33.78421128601189,86.74933138828106,8.382038373118188
2249,33.78421128601189,90.95550692924873,5.864534895188114
2250,33.78421128601189,95.25893508388037,4.136293765094596
2251,32.16043498278709,95.70394583236049,4.275555340757518
2252,30.27843103068391,96.03227975790182,4.504756465571952
2253,30.11610669496727,96.10046265697291,4.685093335187342
2254,30.63061599159394,96.27013904215406,4.871684319858936
2255,30.63061599159394,96.27013904215406,5.076284761452703
2256,30.11610669496727,96.10046265697291,5.286464403995944
2257,28.6245197220595,95.93852908891328,5.441126120736028
2258,27.839340164253663,96.01837672281776,5.781751275995602
2259,26.127889978271725,96.01741022850925,6.104747762548953
2260,25.752024165747766,96.13799088739422,6.551700348844407
2261,25.128717131451232,96.3506801986612,7.047965865226542
2262,23.227785328054956,92.66874350986501,4.627991845230432
2263,21.876495239870643,90.83876221498372,3.778496474067896
2264,21.13070175341675,90.76484947111473,3.9039976157295406
2265,20.210226507517138,89.06187624750498,3.3659199042948704
2266,20.210226507517138,85.32934131736526,2.450725062027401
2267,20.210226507517138,81.67664670658682,4.1287804422725385
2268,20.210226507517138,78.10379241516966,6.881388282843349
2269,20.210226507517138,88.16367265469061,3.7400876356939516
2270,20.210226507517138,88.16367265469061,3.9210275102524212
2271,20.210226507517138,88.16367265469061,4.033746613836829
2272,21.13070175341675,87.91700569568755,3.9301902592098306
2273,23.64826996088975,87.45769881556683,3.903641768525673
2274,25.976815520676862,87.01012769704975,3.8794219539757853
2275,27.858819472780034,86.45737855178736,4.113471619852609
2276,29.48259577600484,85.78922269909394,3.6275671017796474
2277,30.920396534478183,85.19345238095238,3.55188054220851
2278,32.21105577903857,84.76018566271274,3.563968445267282
2279,33.37885265096845,84.32475884244373,3.5429319440782834
2280,34.44037259651378,83.889816360601,3.544962052635469
2281,35.40762619580426,83.45842956120093,3.5631394172848814
2282,36.289675796126836,83.03411131059246,3.603681216244443
2283,37.09356813633696,82.62081784386618,3.620063383337217
2284,37.82490756902558,82.22293401665598,3.797057063773623
2285,38.48822765118239,81.8452380952381,3.714651093726028
2286,39.08724234201985,81.49284253578732,3.7590840889465245
2287,39.62502161492039,81.1711079943899,3.8611854953621245
2288,40.104117599232715,73.03815694744421,8.029668121731623
2289,40.52665717791496,77.1386430678466,5.148637720867319
2290,40.89441112456142,81.34890730972117,2.946624912771452
2291,42.57919233295517,85.43613707165109,3.2533266400139196
2292,44.26398366491898,85.69138276553106,3.4359262067047287
2293,44.53201334384985,82.71504280472891,2.4630560826957435
2294,44.74772993039855,79.5369987598181,3.5449676123627754
2295,44.91194319295915,76.18052653572921,5.632021246786173
2296,45.02525562849017,82.4421052631579,2.4647066096684913
2297,45.08807614921735,82.6215644820296,2.471024521495602
2298,45.10062909897011,82.86077020736352,2.562417843388336
2299,45.06295910721243,83.15745040101308,2.639966517492155
2300,44.97493204689107,83.50818296265211,2.819012384478198
2301,44.836232147998146,83.9085239085239,3.092958530657867
2302,44.646355109840144,84.35318275154005,3.3798440301757937
2303,44.4045968299193,84.8362312980186,3.967382282915515
2304,44.770323542764665,84.79318734793188,4.526701629681647
2305,45.63438533939014,84.09279204639603,5.049904647376635
2306,46.328703009804684,83.24894514767932,5.497049892286746
2307,46.619522338336495,81.66737558485751,6.150206644864997
2308,46.619522338336495,79.58315610378563,7.278125616409434
2309,46.619522338336495,78.05189281156954,8.17008825125116
2310,46.619522338336495,75.75499787324543,9.366785579917444
2311,46.619522338336495,78.77498936622713,8.323544941668388
2312,46.619522338336495,80.77413866439812,7.875163048247777
2313,46.619522338336495,82.9434283283709,7.206736847068845
2314,46.224941188622346,82.90634187316253,7.768575491739246
2315,45.71335151832938,82.92682926829268,8.291208781532637
2316,45.07459223762943,83.00202839756592,8.78290623447299
2317,44.29369912463283,83.12822548630409,9.116346737345387
2318,43.347823561397156,83.57225881441302,9.309159755778888
2319,42.19940125122215,84.19464353074312,9.194544131315112
2320,40.777313133234586,84.68303407841701,9.149878315742164
2321,38.89426122075152,85.04440497335702,9.350690582843006
2322,37.45173517731632,86.71793079342888,8.29579905294958
2323,37.45173517731632,89.89863684026564,6.262344136428883
2324,36.57263656718905,90.80068143100512,6.113298706343522
2325,35.54915947420817,91.54789526019225,5.524665627590578
2326,35.54915947420817,91.54789526019225,5.665765740381762
2327,35.54915947420817,91.54789526019225,5.820845965117786
2328,35.54915947420817,91.54789526019225,5.875049793178231
2329,35.54915947420817,84.88564799469673,10.967895976935283
2330,35.54915947420817,87.90188929400067,8.951339228551719
2331,35.54915947420817,91.05071262843884,7.087088449210015
2332,35.54915947420817,94.33211799801127,5.1651188185595895
2333,34.35166636354077,94.9147087222401,4.401997270803481
2334,34.394271519109296,94.90158115521136,4.6140236132795325
2335,34.394271519109296,94.90158115521136,4.795510923857052
2336,34.35166636354077,94.9147087222401,4.943158568061793
2337,34.266346936333306,94.94076208773615,5.019788603314196
2338,34.13809331851149,94.97934540832539,4.964433205205495
2339,33.966571348767985,95.02988361119849,4.766148136795854
2340,33.75132729508872,95.09164336750544,4.491422959178653
2341,33.49178042021729,95.16375880012244,4.362175759754355
2342,33.18721312594249,95.24526030695155,4.374179068567923
2343,32.83675823757574,95.33510481251845,4.446603804417566
2344,32.439382828155644,95.4322058398381,4.537025740366356
2345,31.993867763874857,95.53546199491382,4.608174628143122
2346,31.49878185101559,95.64378274055693,4.676280529168769
2347,30.95244903886112,95.75611066344347,4.690190272313356
2348,30.35290651719859,94.06846093545859,6.064181426962148
2349,29.69785063504488,95.63340949479563,4.803370270721719
2350,28.984566181927285,97.0189701897019,3.9773234573172767
2351,28.209832408763397,98.23262479101982,3.69947720488861
2352,25.913520549278168,98.37267934907175,3.6199398318098215
2353,25.495347342692824,98.39801444043322,3.5856214633206913
2354,27.493060919608798,98.36065573770492,3.5979363431726594
2355,28.604612959233922,98.23394495412845,3.702700920904114
2356,29.337851600067538,98.01660516605166,3.7469417191806325
2357,29.793803272695733,97.70833333333333,3.8572202606631847
2358,29.335130630416817,95.47212741751991,4.259651779191758
2359,28.0553280893811,91.53694365270773,6.243457628886611
2360,26.642935124125376,87.9831045406547,9.012858041925963
2361,25.067618037336757,84.76713443156396,11.367503519538998
2362,24.949944775918535,96.68464150189735,1.554540721722501
2363,25.20719942423187,96.72327672327673,1.3016589126364617
2364,24.20415128946465,96.60746358012372,1.385100644781669
2365,24.3768778552934,96.68464150189735,0.8273223102256217
2366,25.625192727187297,96.85811486892135,0.6319503211098773
2367,25.57381874464868,96.77935587117423,0.9915947964931335
2368,27.973556191177867,96.48648648648648,2.123896403824614
2369,30.314522544875373,96.27705627705627,3.6207216939200655
2370,32.20921160257367,95.96665164488509,5.3359887595273925
2371,33.84594881755017,95.54409005628519,5.445280819958325
2372,35.29699855494623,95.19277696437287,5.688729363853424
2373,36.60120794287166,95.0,5.817290148719837
2374,37.78287013396212,94.80211081794195,6.083791983503698
2375,38.858585586993314,94.59978070175438,5.79771014546548
2376,39.84038099352327,94.39385315879339,5.975975317271075
2377,40.737336021110366,94.185360094451,6.197965874239849
2378,41.55651606177313,93.97553516819572,6.366482023514331
2379,42.30354559453873,93.76582278481013,6.5341790198372856
2380,42.982979935471256,93.55788096795291,6.694920525990788
2381,44.873459486172806,93.29475833900612,6.816052105659779
2382,47.02839779516771,92.85714285714286,6.88110720713101
2383,48.732444284599794,92.24719101123596,6.738781487975246
2384,50.173687538194564,91.44427001569859,6.43337648243552
2385,51.42413615783927,90.75595727198028,5.893753731945264
2386,52.52236053056328,90.33505154639175,5.841197571623977
2387,53.02223479688697,87.48902546093063,4.364848893531859
2388,53.02223479688697,82.3529411764706,3.410312141649774
2389,53.02223479688697,77.39244951712028,5.720548964306838
2390,53.02223479688697,72.60755048287972,9.347976633874461
2391,53.02223479688697,83.97717295873574,1.7287531380116339
2392,53.02223479688697,83.97717295873574,1.8789627368958397
2393,53.02223479688697,83.97717295873574,2.71843182775258
2394,53.02223479688697,83.97717295873574,3.436201688558446
2395,53.02223479688697,83.97717295873574,4.106247182288257
2396,53.02223479688697,83.97717295873574,4.716534598694433
2397,53.02223479688697,83.97717295873574,5.271931854620883
2398,53.02223479688697,83.97717295873574,5.77451612473175
2399,53.02223479688697,83.97717295873574,5.642818545905457
2400,53.02223479688697,83.97717295873574,5.618376872088769
2401,53.02223479688697,83.97717295873574,5.803709783892379
2402,53.02223479688697,83.97717295873574,6.200990909718079
2403,53.02223479688697,83.97717295873574,6.456962081721035
2404,53.02223479688697,83.97717295873574,6.597534923550006
2405,53.02223479688697,83.97717295873574,7.0646316253704615
2406,53.02223479688697,83.97717295873574,7.509573604633418
2407,53.02223479688697,83.97717295873574,7.920254396780778
2408,53.02223479688697,83.97717295873574,8.297854038045386
2409,53.02223479688697,83.97717295873574,8.633107348385215
2410,53.02223479688697,74.97805092186128,14.448545690315395
2411,53.02223479688697,79.85074626865672,11.764913200790202
2412,53.02223479688697,84.8990342405619,8.667468395425987
2413,53.02223479688697,90.12291483757681,5.4508391467792965
2414,50.77150689207941,90.81803005008348,5.527279842180668
2415,49.11230860817829,91.53418124006359,5.073389123655216
2416,47.00090769667876,92.05748865355523,4.988725315574059
2417,44.458485329972255,92.50990277277637,4.942697112670441
2418,41.7428121962659,92.89879931389365,4.818768503668048
2419,41.7428121962659,81.88679245283019,10.970076549776438
2420,41.7428121962659,86.38078902229846,8.060014380496563
2421,43.59680560130588,89.86438258386866,5.680443475357103
2422,44.125881108896166,92.50551065393093,3.820478210479742
2423,43.33646040544245,91.03398409255242,4.879567331972567
2424,42.33582479865125,89.3541518807665,5.644384494372458
2425,41.053769699070365,93.95413481584434,2.4101291772933178
2426,39.459742027402925,94.22750424448218,2.229542778663
2427,37.10831392670942,94.40211990725406,2.2567339135545694
2428,34.726300361892534,94.57539554407491,2.5963647000797208
2429,34.726300361892534,94.57539554407491,3.197437859120272
2430,34.726300361892534,94.57539554407491,3.4071373566944443
2431,34.726300361892534,94.57539554407491,3.6398884798088194
2432,34.726300361892534,94.57539554407491,3.89227862802015
2433,34.726300361892534,94.57539554407491,4.160435315891922
2434,34.726300361892534,94.57539554407491,4.4362239768052065
2435,34.726300361892534,94.57539554407491,4.714247140942133
2436,35.07678425996416,94.16748126425546,4.845858949612997
2437,35.6879899802833,93.2427956276913,4.53240110684634
2438,36.188080081895905,88.646288209607,2.5690794172645823
2439,36.58473483297841,89.67040434930342,2.9669159619462255
2440,36.88343183289282,92.21803222488859,4.421119146368119
2441,37.087982043799244,94.20489824077268,5.88801536763264
2442,36.41505794337247,89.93647609495152,3.0825724802024443
2443,35.66798876068385,85.82982853445488,2.805688735478696
2444,37.00453151936337,85.87773782281792,3.0181140303319403
2445,37.83691920425069,86.49093904448105,3.023847398044112
2446,37.88322918661967,86.00065724613867,3.583412268382653
2447,37.297908569675066,84.88485241647746,4.120824368898847
2448,37.72847846903332,82.56393224842245,5.5627329648658455
2449,38.10768153139398,80.31896844248388,7.623908694527521
2450,38.43684597487841,85.0570736769284,4.920788143439981
2451,38.71707882872987,85.0861765740415,5.277698640882028
2452,38.949290673008775,85.15875847306458,5.6265429633302375
2453,39.134214804484444,85.2760736196319,5.960061307651021
2454,39.27242191418379,85.43866035675282,6.257047585627996
2455,39.36433105276597,85.64628341266935,6.572340368040097
2456,39.4102174315068,85.89790672052882,6.78619015606474
2457,39.4102174315068,86.1917003305178,7.00033714826881
2458,39.36433105276597,86.52508238740388,6.961692717291944
2459,39.27242191418379,86.89479432107754,7.095671850425008
2460,39.134214804484444,87.29700469144713,7.362516483657138
2461,38.949290673008775,87.72743489118801,7.471942478033167
2462,38.71707882872987,88.18149841716496,7.474808489680049
2463,38.43684597487841,88.65444482877896,7.270137272841533
2464,38.10768153139398,89.14149983033593,7.26609107176157
2465,37.72847846903331,89.63799402191962,7.064289112154593
2466,37.297908569675066,90.13947453778786,7.105586716107085
2467,36.81439059517652,90.64179576351565,7.135737703453704
2468,36.27604922623927,91.14118732697632,7.010710217898611
2469,35.68066171672886,91.63429937257246,6.687801049334583
2470,35.02558782035733,92.11822660098522,6.56222796764734
2471,34.307676379736115,92.59051361212461,6.487250114759224
2472,33.5231384753595,93.0491447189791,6.41098701358447
2473,32.66737119292479,93.49252164786145,5.930266360376619
2474,31.734705880329255,93.91943248036483,5.400653793246852
2475,30.718036076601564,94.32901491077976,5.095221014151808
2476,29.6082438650771,94.72071647419278,5.154228437347665
2477,28.393266872485857,95.25323642970702,4.549721349688967
2478,27.056471300923114,95.84336031502953,4.5615969556053955
2479,25.57353280048226,96.31346113334737,4.511304058695864
2480,23.905575007969126,96.6741026161022,4.3588088476809785
2481,22.115641254720575,96.95371997656707,4.473243691677207
2482,22.115641254720575,96.95371997656707,4.655037304409076
2483,22.115641254720575,96.95371997656707,4.819918376707425
2484,22.115641254720575,96.95371997656707,4.9828390691162605
2485,22.115641254720575,96.95371997656707,5.147523043629355
2486,22.115641254720575,96.95371997656707,5.309824717238884
2487,22.115641254720575,96.95371997656707,5.471600630930807
2488,22.115641254720575,96.95371997656707,5.623392006499933
2489,22.115641254720575,96.95371997656707,5.7655722337207775
2490,22.115641254720575,96.95371997656707,5.89733025197043
2491,22.115641254720575,96.95371997656707,6.02945929570962
2492,22.115641254720575,96.95371997656707,6.157292248414958
2493,22.115641254720575,87.17047451669596,12.812954191998966
2494,22.115641254720575,90.90021480179652,10.418384084500225
2495,22.115641254720575,94.70806483108768,8.03058880617908
2496,22.115641254720575,98.59402460456943,4.45534051175273
2497,20.730151223747274,98.64278982092365,4.492991758430785
2498,19.199493269926243,98.81753683827543,4.41694496992394
2499,17.484752730667267,99.0521327014218,4.300403514415571
2500,15.51360172168196,99.20406435224386,4.224200558527411
2501,13.097654973332098,99.28116320862604,4.157557191609585
2502,10.359029128245753,99.3534142879672,4.076121807243202
2503,7.921788301071481,99.42117288651941,4.077926868262183
2504,5.237557751852812,99.49941107184924,4.057668674192244
2505,3.0370119579712087,99.58701224722302,4.0340892922222
2506,-0.0,99.61432506887053,4.020226144727436
2507,-0.0,99.61432506887053,3.8981900830663916
2508,-0.0,99.61432506887053,3.6754832470820227
2509,-0.0,99.61432506887053,3.4733815964616523
2510,-0.0,99.61432506887053,3.3031072250091165
2511,-0.0,99.61432506887053,3.1608456360193364
2512,-0.0,99.61432506887053,3.0396540904081815
2513,-0.0,99.61432506887053,2.940045156055474
2514,-0.0,99.61432506887053,2.870180886008592
2515,-0.0,99.61432506887053,2.9261198242533575
2516,-0.0,99.61432506887053,3.3360255030906396
2517,-0.0,99.61432506887053,4.151023931589746
2518,-0.0,99.61432506887053,5.29682720196157
2519,-0.0,99.61432506887053,5.464339858457897
2520,-0.0,99.61432506887053,5.625759331764656
2521,-0.0,99.61432506887053,5.776071663130255
2522,-0.0,99.61432506887053,5.9191717189924855
2523,-0.0,99.61432506887053,6.072729532146898
2524,-0.0,99.61432506887053,6.245706255904872
2525,1.7263595531412619,99.6078431372549,6.4417641429864085
2526,4.189190988298596,99.5511149724877,6.641353670071285
2527,5.237557751852812,97.79151943462898,5.6951419812037685
2528,5.237557751852812,94.41990577149588,3.8542643276386723
2529,6.9538546023610674,92.690233672858,3.4495999978258114
2530,9.965493821373014,92.54032258064517,3.4264725972324936
2531,12.397482011903058,92.35464182460649,3.4391314389459406
2532,14.384967509933178,92.09913506320692,3.3968527811548976
2533,16.116346492183492,91.76713744402342,3.5626754033926824
2534,17.663958370567357,91.49429386590585,4.0426996147944605
2535,18.381692439340792,89.6044992743106,4.5477955354367685
2536,18.381692439340792,86.03047895500725,4.5903216974464724
2537,18.381692439340792,82.5290275761974,5.969307269177942
2538,18.381692439340792,79.10014513788099,8.369628388418596
2539,18.381692439340792,89.89477503628447,5.431008703342798
2540,18.381692439340792,89.89477503628447,5.61968122953505
2541,18.381692439340792,89.89477503628447,5.81984885676784
2542,18.381692439340792,89.89477503628447,6.041755305684179
2543,18.381692439340792,89.89477503628447,6.272944782390076
2544,18.381692439340792,89.89477503628447,6.505336418404949
2545,18.381692439340792,89.89477503628447,6.74844271445635
2546,18.381692439340792,89.89477503628447,6.991346943163034
2547,18.381692439340792,89.89477503628447,7.231793399257818
2548,19.319793305835105,89.72653362897265,7.401123338631472
2549,21.017417649970362,89.32541203526256,7.3095286367493495
2550,22.53062536588823,88.81160572337043,7.233915425749971
2551,24.897174605204192,88.35672997522708,7.1320054299916045
2552,25.561544889295597,86.08366617616144,5.4691565715682415
2553,25.561544889295597,82.27874710952281,3.296966309328766
2554,25.561544889295597,78.55791465209165,2.3589016312390068
2555,25.561544889295597,74.92116880386799,4.233784995336958
2556,26.195706752782527,84.69606164383562,4.530185077133583
2557,26.195706752782527,80.82191780821918,1.9506323354942534
2558,26.195706752782527,77.0333904109589,2.678169966236192
2559,26.195706752782527,73.33047945205479,5.392703894736808
2560,26.195706752782527,80.5222602739726,0.35216372492576187
2561,26.195706752782527,80.5222602739726,0.35216372492576187
2562,26.195706752782527,80.5222602739726,1.4355363707264004
2563,26.195706752782527,80.5222602739726,1.5622646101002984
2564,26.195706752782527,80.5222602739726,1.5864964326060573
2565,26.195706752782527,80.5222602739726,1.8891752337214358
2566,26.195706752782527,80.5222602739726,2.242243620610282
2567,26.195706752782527,80.5222602739726,2.6453960107749066
2568,26.195706752782527,80.5222602739726,3.4742570780967807
2569,26.195706752782527,80.5222602739726,4.634425792984017
2570,26.195706752782527,80.5222602739726,5.56881458675511
2571,26.195706752782527,80.5222602739726,6.378267882814768
2572,26.195706752782527,80.5222602739726,7.123726147756898
2573,26.195706752782527,80.5222602739726,7.809657370907028
2574,26.195706752782527,80.5222602739726,8.447341820960832
2575,26.195706752782527,80.5222602739726,9.05180198958423
2576,26.195706752782527,80.5222602739726,9.618231855026252
2577,26.195706752782527,80.5222602739726,10.148608369648176
2578,26.195706752782527,80.5222602739726,10.651756076050393
2579,26.195706752782527,80.5222602739726,11.139135784712993
2580,26.195706752782527,80.5222602739726,11.60812522055765
2581,26.195706752782527,80.5222602739726,12.050357832838968
2582,26.195706752782527,73.45890410958904,16.73729049105587
2583,26.195706752782527,77.11900684931507,14.862490659591964
2584,26.195706752782527,80.73630136986301,13.010270584751947
2585,26.195706752782527,84.61044520547945,9.98709469331192
2586,24.897174605204192,85.42526837324525,9.72808364066896
2587,23.466436318983437,86.1265923566879,9.420982905426074
2588,23.466436318983437,89.96815286624204,6.8101911510083815
2589,23.466436318983437,93.88933121019109,4.586650738539568
2590,20.532187165342926,94.14241960183767,4.654200652670116
2591,19.07783492222156,94.34589800443459,4.824534869426433
2592,17.461386058305763,94.7753209700428,4.887747621702433
2593,15.63111600755606,95.11355815554026,4.155164820165517
2594,13.477868434403591,95.36852589641434,3.9005361074205527
2595,10.487334801606254,95.54772581678411,3.93134692292281
2596,10.487334801606254,95.54772581678411,4.262567901649736
2597,10.487334801606254,95.54772581678411,4.543427684435245
2598,10.487334801606254,95.54772581678411,4.809203612441302
2599,10.487334801606254,95.54772581678411,5.051722870251273
2600,10.487334801606254,95.54772581678411,5.273452786468922
2601,10.487334801606254,95.54772581678411,5.46875763665422
2602,10.487334801606254,95.54772581678411,5.647113544860078
2603,10.487334801606254,95.54772581678411,5.816241569997599
2604,10.487334801606254,95.54772581678411,5.97602246023887
2605,10.487334801606254,87.3478539397822,11.481874507225031
2606,10.487334801606254,90.75912876361306,9.3946465722242
2607,10.487334801606254,94.23446508648303,6.775661965069219
2608,10.487334801606254,97.77386290839206,4.161595826978082
2609,8.82711055601621,98.04832713754647,3.9503120323367935
2610,6.9538546023610674,98.24745356500898,3.7541615753864552
2611,4.189190988298596,98.34926151172893,3.476647926746138
2612,1.7263595531412619,98.43137254901961,3.3299579867282327
2613,3.4502350984670764,89.7308075772682,9.308756783622751
2614,5.908035540662012,92.79717189571366,6.976633052580194
2615,7.921788301071481,95.96344249809596,4.190564737808298
2616,9.679905889030268,99.22822491730982,1.5983338587533142
2617,9.551523848511046,99.10428662827896,1.5535454418521735
2618,10.987424673037834,99.07438016528926,1.73795808466858
2619,12.303488665441556,99.04371584699453,2.5905324857977527
2620,13.516430700908893,99.01234567901234,3.8993613600864596
2621,14.638399322788548,98.98033503277495,5.520927456252204
2622,15.678604147459765,98.94776399849681,7.093940040104988
2623,16.64424935008254,98.91472868217055,8.50414359679849
2624,17.541107850748812,98.88134238913304,9.83291632632286
2625,20.45126583712472,98.81595346904861,11.145253731515812
2626,21.53912322878329,96.75916119466214,11.271992228145413
2627,24.43055160861658,96.64829106945976,12.74803287121058
2628,26.48271218195657,96.44250631168235,14.228315096770956
2629,28.209832408763397,96.13088129925961,15.97593242760251
2630,29.720982454527235,95.70186335403727,16.76502199013889
2631,31.067795185572916,95.14337380521829,17.43531567096129
2632,32.28054058022779,94.65771812080537,17.7108535046183
2633,33.37909505708473,94.340674658489,18.522097131449826
2634,34.37747109767769,94.01214926236621,19.267144065157883
2635,35.28603833869466,93.67316341829086,19.662820848456093
2636,36.05711562978007,92.71317829457364,19.912854738601116
2637,36.70419751709188,90.98177166613367,19.11043598086242
2638,37.289040940121694,89.03523213697729,18.75134583478068
2639,37.289040940121694,84.52420151465262,16.18838704481601
2640,37.289040940121694,80.14487981560751,13.41575963248931
2641,37.289040940121694,75.89726703984195,10.673995612598015
2642,38.8556182745607,73.47489046174587,9.347071055209925
2643,40.993521266081586,72.67913872220261,8.747996924612009
2644,42.680031256803034,71.7399335057259,8.090724818546242
2645,44.10320644227648,70.64503669370413,7.383167662286696
2646,45.33502218554842,69.70552642194433,6.874940119869835
2647,45.33502218554842,65.4699475594998,5.882998698826829
2648,45.33502218554842,61.395724082291245,5.5825832808337905
2649,45.33502218554842,57.482855990318676,7.692691770793951
2650,45.33502218554842,66.3170633319887,11.037023281375177
2651,45.33502218554842,66.3170633319887,12.866683560764365
2652,45.33502218554842,66.3170633319887,14.44239715889737
2653,45.33502218554842,66.3170633319887,15.869950139299627
2654,45.33502218554842,66.3170633319887,16.503328121897006
2655,45.33502218554842,66.3170633319887,17.041004938857046
2656,45.33502218554842,66.3170633319887,17.48171433832812
2657,45.33502218554842,66.3170633319887,17.832193821371185
2658,45.33502218554842,66.3170633319887,18.0978046881284
2659,45.33502218554842,66.3170633319887,18.285810341475415
2660,45.33502218554842,66.3170633319887,18.39943322750455
2661,45.33502218554842,66.3170633319887,18.44109219505957
2662,45.891889482399115,65.88380716934488,18.202950671647205
2663,46.90403175909481,64.31945040790039,16.487046916086506
2664,47.79613717331089,62.57257704332291,14.667944096155992
2665,48.58186351057131,60.639777468706534,11.838792701177264
2666,48.58186351057131,56.83820120537784,9.243935874052243
2667,48.77511724733625,53.49601126231816,7.8580165080093884
2668,49.114460844484384,50.695443645083934,7.394515405718806
2669,49.392381410138256,48.16805080605764,7.750939960649101
2670,49.50876497695818,39.14327917282127,9.485785198868086
2671,49.50876497695818,39.53717380600689,10.68976035928794
2672,49.50876497695818,39.5864106351551,11.780673204957356
2673,49.50876497695818,39.29098966026588,12.680261015904119
2674,49.26100186200167,47.74818401937046,9.247499566812378
2675,48.95257014308454,48.78974845752254,9.165807435173562
2676,48.58186351057131,49.97681965693092,9.73329607764573
2677,48.14685495321812,51.28668171557562,9.657906375878932
2678,47.645020975821886,52.69618588338448,9.690520951578431
2679,47.073237241999536,54.182590233545646,8.161327191161604
2680,46.427633135205035,55.7242511284366,8.92610948903846
2681,45.703385037153545,57.578155916106056,9.323302201477444
2682,44.894414399166024,59.58095238095238,9.016180019572166
2683,43.9929307905236,61.40607835957525,7.761082258059091
2684,42.98870784279918,63.05799648506151,7.210708032778658
2685,42.0367714005887,64.71781007096992,7.243720808565205
2686,41.15958979666552,66.38464041653107,6.690592411052906
2687,40.141779521384954,68.94469167196439,6.714719339089453
2688,37.36928323015709,69.79987871437234,6.120078193820096
2689,36.84714619610791,69.87808504311627,6.106744661252556
2690,36.79463276053004,69.13250148544266,7.061576926745681
2691,36.69480841334568,68.4272997032641,7.4892497238017794
2692,36.568685667595986,67.82222222222222,8.140057820257546
2693,37.5044966206912,67.98336798336798,8.013814062392202
2694,38.8454521983096,68.22652757078987,8.029158512146878
2695,39.9838354636664,68.38960262922019,8.45163072485622
2696,40.81028174465814,68.47143284475023,9.1141728836583
2697,42.56599302529731,68.94784443774495,9.842820533444755
2698,44.22962288703779,69.3474962063733,11.288879684257301
2699,45.844681851647074,70.87227414330218,13.745343745177669
2700,47.79073186188321,73.97126061397779,17.282066091681802
2701,49.544489918266855,77.5,19.931141452307347
2702,51.3234004390607,81.02084831056794,23.2722386975121
2703,52.19197421048389,81.49492017416546,24.964358192874506
2704,52.7405665888366,81.95763330898465,26.86673430294846
2705,52.96792950173314,81.9047619047619,28.43316908418333
2706,52.91592547879023,81.84480234260614,29.911280307529136
2707,53.286765965693796,80.9257185516984,30.452858162426846
2708,54.16700327974561,79.15208090237262,30.757004957644604
2709,54.57380753345733,75.63492063492063,29.530013079438937
2710,54.57380753345733,71.03174603174604,26.67687995613785
2711,54.95965974727671,67.58397409955484,23.822638201514522
2712,55.67164834043692,65.27952921395544,22.84305224835672
2713,56.308428000643005,63.09368191721133,23.256280913347112
2714,56.60001661810416,59.441489361702125,20.513787848643574
2715,56.87437383413513,56.106354213609734,20.087048430068513
2716,57.37302669879255,53.184565318456535,19.299269099927578
2717,58.16804918490376,50.55528730082086,18.39810625283225
2718,59.62571511991982,48.401826484018265,18.294192197419502
2719,61.18361742978209,38.05451630144308,15.339954513515735
2720,62.760284706486566,39.66197183098591,15.530412244833967
2721,64.272300637608,41.830065359477125,16.42141214005205
2722,66.37043530762993,44.19334588826114,17.95979067062116
2723,66.34260814911981,43.29643296432965,16.55447232664183
2724,65.08790453875733,41.12149532710281,16.111978126688506
2725,63.56408162918561,38.98117386489479,16.387401781759365
2726,62.83668007155685,38.37336244541485,17.705437353898215
2727,63.15308897471945,39.16201117318436,17.407560595935852
2728,63.74045804689301,38.75490745933819,17.482082501513602
2729,64.90672526342453,39.36599423631124,16.985938109036994
2730,65.78352564236651,40.29498525073746,17.5098905031722
2731,66.87754827053251,37.864680322780885,15.505937779530676
2732,66.87754827053251,33.58162631905649,11.449812863300274
2733,66.87754827053251,29.546865301055245,12.975350244837218
2734,66.87754827053251,26.256983240223462,18.15419625625501
2735,66.87754827053251,33.14711359404097,9.785848788986565
2736,66.87754827053251,33.14711359404097,9.345167943835262
2737,66.87754827053251,33.14711359404097,8.88190174025964
2738,66.87754827053251,33.14711359404097,8.376239300110898
2739,66.87754827053251,33.14711359404097,7.803572212287302
2740,66.87754827053251,33.14711359404097,7.190402503478622
2741,66.87754827053251,33.14711359404097,6.544723781315864
2742,66.87754827053251,33.14711359404097,5.907840965266179
2743,66.87754827053251,33.14711359404097,5.228696944863077
2744,66.87754827053251,33.14711359404097,4.55065625557493
2745,66.87754827053251,33.14711359404097,3.9097199419380173
2746,66.87754827053251,26.256983240223462,10.748709642059167
2747,66.87754827053251,30.043451272501553,4.822536861409012
2748,66.87754827053251,34.07821229050279,3.546752492146642
2749,66.87754827053251,38.361266294227185,1.7225178023247723
2750,64.36248420464385,40.43300175541252,0.8140362172997276
2751,64.38125279888554,42.309924550203135,1.679691663429028
2752,64.74308969560731,42.806811509101586,1.8889540305778518
2753,64.74308969560731,42.806811509101586,2.2977341047183275
2754,64.12576168032494,42.35909355026148,3.370821314500589
2755,63.11677214166214,42.186605609616485,4.092013987088296
2756,61.21103775030421,42.44806288601909,5.254359330146046
2757,60.380817064643274,43.01490889011596,5.986031523284804
2758,58.35535030618102,43.49703184025904,6.001524067795827
2759,57.416361721319475,44.26229508196721,6.21909216079059
2760,55.29124647048362,44.92529623905204,5.7167617245154405
2761,53.94837740017662,45.75590155700653,6.9338582815380025
2762,51.73791525900025,46.559297218155194,7.527187762230596
2763,53.054726778367524,48.3902922238732,9.399127082175749
2764,54.67577895780538,49.720101781170484,10.24762331079733
2765,55.820355853191984,50.91193329859302,12.40863428047976
2766,56.54064493231582,51.66578529878371,13.551590265346599
2767,57.21535535259243,51.90144617032673,14.98453908164885
2768,57.80247630035308,52.46345425013536,17.797957875253065
2769,58.13714614326961,52.80653950953678,19.23558606501087
2770,59.109384379338024,55.27666856816885,19.094722031881936
2771,59.948772999853894,58.189398451459205,21.706100521992347
2772,59.856691580955214,59.180035650623886,20.50230670095307
2773,59.57588856957121,60.117994100294986,22.1435947479458
2774,59.09119561593593,60.99125364431487,22.88895079218989
2775,59.60076316409029,64.84045755568934,20.55605646389875
2776,58.823611277521906,65.68222090962787,20.069554996546987
2777,57.74928756207077,66.41661858049625,20.39975526339178
2778,57.72589393403671,68.81844380403459,20.234384109601503
2779,56.383024863729695,69.52380952380952,19.768354820604657
2780,54.172562722553344,70.10309278350516,20.007831929486805
2781,54.172562722553344,73.08735756918068,17.692081789698868
2782,54.172562722553344,76.28865979381443,15.734256590719008
2783,53.344653681590906,77.2607086197779,15.768761861494625
2784,53.51179399240426,81.75494917067951,12.91409286509179
2785,53.617742448630665,86.19946091644205,10.033173022594493
2786,53.66305153000606,90.53542455381287,7.190305353510916
2787,51.85022959786757,91.06493506493507,7.219618267342149
2788,50.41979261378039,93.24530218384967,5.693251426697186
2789,49.22926350165668,94.03422982885085,5.235133954977003
2790,47.766963145925224,94.59840300610615,5.2406535365527
2791,45.84543032967879,94.95722647456101,4.709911743966443
2792,44.30339126890819,95.0920245398773,4.8196464265849395
2793,44.100468501889544,95.15570934256056,4.936914707297785
2794,43.84190719970049,95.23404255319149,4.925095706310496
2795,43.5265745631256,95.32554257095158,4.991655614334577
2796,43.15303593229628,95.42857142857143,5.073488535647715
2797,42.71951162891926,95.54140127388536,5.163598048889179
2798,42.22381897536261,95.66227730441518,5.198217369671798
2799,41.663294179496056,95.78947368421052,5.198366860049847
2800,41.03468601698903,95.92134013109978,5.236942266237925
2801,40.33400873501596,96.05633802816901,5.28523939462711
2802,39.55633392192647,96.19306594153637,5.343111033905309
2803,38.69548737493325,96.3302752293578,5.342861635709078
2804,37.74359111506625,96.46687697160883,5.359689503033011
2805,36.690338440239024,96.60194174757281,5.350585273983595
2806,35.52177513182922,96.73469387755102,5.135537343846413
2807,34.218078813897435,96.86450167973125,5.1842957510797225
2808,32.749029728676966,97.34013970983342,5.195541752068144
2809,31.06304176058131,97.68041237113403,4.8782471220828745
2810,29.051088337619586,97.89915966386555,4.751084885544492
2811,26.198982714237353,98.00947867298578,4.780374586515172
2812,25.385463603744636,98.07073954983923,4.829789827896522
2813,24.504570326328874,98.13167259786476,4.833862959534438
2814,23.55114026711245,98.19199311235471,4.817544628294461
2815,22.51878223513937,98.25145711906744,4.819243831808016
2816,21.39941682097895,98.30985915492958,4.67776699244051
2817,20.182549988355532,98.36702954898911,4.646110179551114
2818,18.85405298790926,98.42283139316561,4.632888987504504
2819,17.393940569273358,98.4771573604061,4.607738918783302
2820,15.771840735738898,98.7574378718936,4.409345087827934
2821,13.936024857343174,98.95270270270271,4.393945935853899
2822,11.777332757306647,99.07075317900228,4.2090842728393
2823,8.781452263906967,99.11894273127753,3.9087389054225117
2824,7.115975381672694,99.3455098934551,3.5450757114956253
2825,5.237557751852812,99.49941107184924,3.4921206469099677
2826,3.0370119579712087,99.58701224722302,3.5227249027747862
2827,-0.0,99.61432506887053,3.5482735346929477
2828,-0.0,99.61432506887053,3.538061833382436
2829,-0.0,99.61432506887053,3.4976569791537306
2830,-0.0,99.61432506887053,3.4540774491704687
2831,-0.0,99.61432506887053,3.4207559014145597
2832,-0.0,99.61432506887053,3.3852163113758134
2833,-0.0,99.61432506887053,3.3365560423648435
2834,-0.0,99.61432506887053,3.2735244607259344
2835,-0.0,99.61432506887053,3.2137473665764937
2836,-0.0,99.61432506887053,3.1466262188285112
2837,-0.0,99.61432506887053,3.0237917196212187
2838,-0.0,99.61432506887053,3.0156488868467726
2839,1.7263595531412619,99.6078431372549,3.3944922949408802
2840,4.189190988298596,99.5511149724877,4.058166714346625
2841,6.208061115907181,99.4311377245509,4.717751923918339
2842,7.115975381672694,97.6103500761035,4.905924217854311
2843,7.115975381672694,94.18569254185692,5.121239270972602
2844,7.115975381672694,90.82191780821918,6.609730236107002
2845,7.115975381672694,87.51902587519025,7.983146662843969
2846,7.115975381672694,98.06697108066972,7.1535240248335015
2847,8.82711055601621,98.03283767038414,7.913143340859428
2848,11.259098746546254,97.91466153352583,8.644149877150026
2849,13.24658424457637,97.72425249169436,9.303145566346009
2850,15.833688319817657,97.55509641873279,9.823709803553786
2851,18.23315000324576,97.4097892104323,10.494378553977576
2852,20.18750631001274,97.1830985915493,11.128168955850652
2853,22.740855747138966,96.97844495765973,11.846447400460681
2854,25.10591326810107,96.79871948779511,12.5284124593706
2855,27.025190392462378,96.52662229617304,12.82729496950649
2856,28.6870335069444,96.15218331171639,13.264427298443401
2857,29.44562890615807,93.85191714411636,11.874457381442399
2858,29.44562890615807,89.77523137946231,9.690157902322557
2859,29.44562890615807,85.78669017188189,7.25826986539792
2860,30.243815121791513,83.50561797752809,6.484965982891277
2861,31.70782577093927,82.99065420560747,7.076629600151514
2862,33.025284137787416,82.20009713453132,7.572882625904023
2863,35.27135728364381,81.50303643724696,8.407479203718113
2864,37.54745770379634,80.90957165520888,9.08344027949524
2865,39.37583630269948,80.19337016574586,10.264425706419457
2866,40.944752656990104,79.34218118869013,11.566348648328962
2867,42.32640063821248,78.58433734939759,13.323582845611226
2868,43.559551821622435,78.03268384663734,15.10082033845035
2869,44.66841825110981,77.49017038007864,15.89444238299843
2870,45.66951316162151,76.96245733788396,16.94030950180721
2871,46.57476927434213,76.4559659090909,18.06282258552572
2872,47.39316482465752,75.97785977859779,19.010666123395833
2873,48.13165549783908,75.53598774885145,19.850415341082254
2874,48.795746864865485,75.13877874702617,21.56000766970796
2875,49.38986507201447,74.79508196721312,23.005572259559703
2876,49.91760700217319,74.51394759087067,24.640134519002643
2877,50.38191468960898,74.30434782608695,25.278375428943658
2878,51.051150781008914,73.42625899280576,24.98150325931622
2879,51.88862588098407,71.65575304022451,23.792104132756645
2880,52.625080664304434,69.66019417475728,21.77180314722461
2881,52.95821275113747,66.30434782608695,19.339182621277544
2882,53.58118987891359,63.346814964610715,15.78563387209414
2883,54.45506747799155,61.409043112513146,14.585967669789461
2884,54.98948200923016,58.947939262472886,12.934595450517913
2885,55.22578247908553,55.55555555555556,10.699319186494469
2886,55.22578247908553,51.54015401540154,8.533737648489764
2887,55.22578247908553,47.74477447744774,6.580520922277665
2888,55.22578247908553,44.169416941694166,5.481057077533516
2889,55.22578247908553,49.94499449944995,6.9587461775030635
2890,55.22578247908553,49.94499449944995,6.844853096010028
2891,55.73249756942551,48.93258426966292,6.727957205263333
2892,56.63010830631645,46.78362573099415,6.139403665873287
2893,57.12566398936436,43.937575030012006,8.108978432916574
2894,57.27345069274816,40.47330097087379,13.077297391253897
2895,57.35526445935837,36.99633699633699,14.768855343631108
2896,57.37160258409715,33.49633251833741,19.509400307913253
2897,57.32256362584409,46.77222898903776,9.11850871842255
2898,57.207851011959335,50.66425120772947,9.656675344220615
2899,57.026762141896455,54.94636471990465,7.461699056158318
2900,56.199543996676425,57.85550458715596,8.41872741692593
2901,55.81258342952975,59.280089988751406,6.935196269360932
2902,55.73249756942552,59.21348314606742,7.565657014327815
2903,56.368108573271215,58.15154994259472,10.779354484512861
2904,56.852103741684566,56.83411214953271,11.3271029842761
2905,57.19811408384719,57.928994082840234,12.557488646399099
2906,57.414662645863544,59.427207637231504,11.585438602324718
2907,57.50664183142159,60.538922155688624,11.632613335479983
2908,57.53575145731982,62.23021582733813,9.856039572189577
2909,57.44828301947443,63.85902031063321,9.458066975077228
2910,57.2425330754465,65.40284360189574,8.38193774948955
2911,57.2425330754465,67.7132701421801,7.391517270865282
2912,57.2425330754465,70.260663507109,5.578365176925277
2913,58.49404231657467,72.65625,4.3578319647480805
2914,59.265806261514676,73.09552599758162,4.192820211519874
2915,59.40114139210425,73.18401937046005,4.381646892110881
2916,58.97927280120211,72.91917973462003,4.476556704887019
2917,57.558231363479464,72.78708133971291,4.496639644326763
2918,57.94159687582577,74.72793228536881,4.040895903976325
2919,57.33504728284411,72.1120186697783,5.130725629823231
2920,56.628936050834355,69.36026936026936,7.3844032920693765
2921,55.898972256742,66.66666666666667,9.992452600852458
2922,55.06061670439946,77.14581178903826,2.7914565176917554
2923,54.100351940222126,79.17903066271019,2.8591266755376905
2924,54.100351940222126,79.17903066271019,2.8917300677043962
2925,54.100351940222126,79.17903066271019,2.9064509862242396
2926,54.100351940222126,79.17903066271019,2.881414344701072
2927,54.100351940222126,79.17903066271019,2.8497831625303474
2928,54.100351940222126,79.17903066271019,2.84613465427239
2929,54.100351940222126,79.17903066271019,2.877556188202058
2930,54.100351940222126,79.17903066271019,2.9291328199806475
2931,54.100351940222126,79.17903066271019,3.0388079821461442
2932,54.100351940222126,79.17903066271019,3.2722948445327984
2933,54.100351940222126,79.17903066271019,3.682735262732414
2934,55.59561875662078,78.59684799186579,4.198140329614253
2935,57.587377568571874,68.8137412775094,7.390025638192487
2936,59.12277812209046,72.55234861346916,4.468642309817712
2937,60.219260218240734,76.12826603325416,3.840687234707647
2938,61.216621903269576,79.77598008711885,5.796784327191357
2939,61.36725329855896,79.97504678727387,6.7032890116095185
2940,61.14916587647301,79.62732919254658,6.8797413354520325
2941,60.490641891583216,78.65030674846626,6.842799904689564
2942,60.33047017137475,78.26617826617827,6.84601860040975
2943,59.73342742837629,77.13598074608905,6.522140859794582
2944,58.56216013245204,78.50412249705536,7.861900697791191
2945,56.51017575078113,78.87485648679679,8.601744580140771
2946,56.020079966776926,78.98305084745763,9.275653126048327
2947,55.36404190953087,79.18050941306755,10.251789190748465
2948,54.57011819620979,78.9159891598916,11.324724117193572
2949,53.583386210730744,77.1595124536301,11.058211079354765
2950,53.5371103307309,76.27029858564694,11.750437362908611
2951,52.240517140423734,75.16778523489933,11.95767894427875
2952,51.16843826460419,73.27629592350277,10.786576903724974
2953,49.745934066910834,71.19804400977995,9.758282884900252
2954,49.926179323061405,67.54082137555666,7.041686605349335
2955,50.04583551055062,72.11970074812967,10.70485060419019
2956,50.10551324928868,71.60741111667501,10.43160881779643
2957,51.50685795876119,70.82268778742974,10.047639242305507
2958,53.289094426776295,63.342175066313,4.178114549143562
2959,54.60523408853744,65.56836902800659,5.553891024759261
2960,55.64202245099167,67.64872521246458,6.907965915929472
2961,56.469931491954114,70.00582411182295,9.008126942158892
2962,58.28107247309986,69.25409338993329,7.903631242213247
2963,60.047406761688606,68.2077264091197,7.392348672245575
2964,61.34674776936182,66.97429136453526,6.976763821568533
2965,62.365733848400076,65.55023923444976,5.848127716187424
2966,63.12297080621896,63.17991631799163,4.776969603314467
2967,63.12297080621896,59.7629009762901,3.9694992619118046
2968,63.12297080621896,56.624825662482564,4.737419886067379
2969,63.12297080621896,54.323570432357045,6.1296981093004925
2970,63.12297080621896,55.23012552301255,6.012380522926078
2971,63.12297080621896,58.22873082287308,5.642227051705106
2972,63.12297080621896,61.50627615062761,5.475916834617003
2973,63.12297080621896,65.06276150627615,6.927158738386926
2974,63.04333567883263,64.97919556171983,7.355821841977734
2975,62.88334769532036,61.72839506172839,6.83601986377358
2976,62.64153174901034,64.97975708502024,8.115986107777347
2977,62.70296176393505,67.09286675639301,10.53940864483584
2978,63.0079358532123,67.95918367346938,11.189238717972344
2979,63.32357591207811,67.01173222912354,11.21896505726894
2980,63.678383904539814,64.37104708362614,9.013642913372012
2981,63.92027454333571,63.91459074733096,8.71650353176747
2982,64.05339221511977,63.655913978494624,8.355410909614514
2983,64.07990983832842,63.60373295046662,8.394226088891793
2984,65.59239293061695,62.25165562913907,7.825388456820262
2985,67.53039125123382,61.14890400604686,6.474788432649283
2986,69.40201315742424,60.10844306738962,5.414132128585271
2987,70.62972877499244,59.051383399209485,4.87336155356658
2988,71.33813082620716,57.89895749799519,2.897541675916852
2989,71.70144179311086,56.6693613581245,2.77492146209238
2990,71.70144179311086,55.29506871463217,2.3684090132190683
2991,71.43077153193168,54.93975903614458,2.360691831832482
2992,70.85770461130653,54.2426645519429,2.6847688452997702
2993,69.88724364205167,53.2295719844358,4.027583300771942
2994,68.01562173586126,53.22703113135915,4.4387329096064265
2995,67.41857899286279,53.84041759880686,4.049318903463922
2996,66.55924868130363,54.40640932265113,4.128552663853911
2997,65.33371058062446,54.91861288039632,4.151997483057675
2998,65.10361086401308,56.613016095171446,4.234059374630271
2999,62.95598583385926,57.12356515867657,4.6874564741239615
3000,60.76574202174301,57.70982433311646,5.024112565367564
3001,60.332632302620915,57.55258126195029,5.341992623254509
3002,59.77678153767072,57.61342448725917,5.767875928351374
3003,59.08601823402786,57.87567893783947,5.843765110161818
3004,58.24207928566848,58.31873905429072,5.801487820588853
3005,57.216117862328566,59.65109735509285,5.473826512144364
3006,55.95776394561648,60.84369929691725,5.29018312712999
3007,54.359073973853434,61.897356143079314,5.230050107292233
3008,51.90683042869196,62.81606346058503,5.27378087156776
3009,51.76418485078702,65.97938144329896,6.164943376290067
3010,51.563555510971106,69.00726392251816,7.591485652881027
3011,49.60587609931055,69.76421636615811,8.60949895740835
3012,49.3233713119182,69.5869269178393,8.908393629035553
3013,49.237678745124605,68.40919333032897,8.283605878185734
3014,49.32620093443907,63.50067842605156,7.03515322200954
3015,49.32620093443907,63.410221619176845,7.745145954161915
3016,49.237678745124605,63.09148264984227,8.829808746021563
3017,48.7070295392885,61.925601750547045,9.320250054608072
3018,48.293717751206735,58.64276568501921,9.29049774002251
3019,48.11243261535783,55.88359342049768,10.425175047482103
3020,48.13678238794126,55.84634867032503,11.3199551186386
3021,48.06365151877632,55.32631578947368,12.527850622896375
3022,47.89204974439353,55.002092925910425,13.019718466005035
3023,48.295335127827094,62.805662805662806,13.30059087959006
3024,48.639571029756326,66.9443226654976,15.63121705952162
3025,48.92635839838312,71.19249665029031,19.75024058034134
3026,47.67827411941213,73.77049180327869,22.061204487688766
3027,47.85025149456527,72.73538598839804,21.792563679222525
3028,48.12717387854345,70.56433408577878,20.717480559866917
3029,48.31710297925723,68.27492034592626,18.66643949116221
3030,47.98616950399643,64.15514935354436,15.833156976497767
3031,47.593779728605654,60.55724858511101,12.923853094425867
3032,47.75035466462608,58.015597920277294,11.274007506647479
3033,48.36048931452009,56.67838312829525,11.948838238128141
3034,47.7987261715811,52.12947189097104,10.350132377148642
3035,47.16281670976253,50.32948929159802,9.041373415400042
3036,46.44795784938482,48.569157392686805,8.885960341870108
3037,45.929303769180656,47.86158631415241,9.175499257104185
3038,45.6480896982079,46.28637059724349,10.307540335308078
3039,45.03590342293759,44.106745737583395,9.874391899923541
3040,44.35427555720056,42.335243553008596,9.188849478484792
3041,43.598749566544974,40.56668970283345,9.561753349864947
3042,42.76379202552774,51.564580559254324,14.870814042797113
3043,42.430566773532405,52.502453385672226,15.665866923830215
3044,42.49969648875506,52.554027504911595,16.833792067660383
3045,39.734993627945904,50.0936329588015,17.44927326208104
3046,38.55342143006409,48.93292682926829,18.391682792262163
3047,40.16504726886168,49.23312883435583,20.39752303202363
3048,41.08744260909104,49.44547134935305,21.455540493075556
3049,41.425350051942225,49.47530864197531,22.761671635411126
3050,42.16442029732893,48.56421584095929,23.0282446185022
3051,43.508081720415454,47.41180349488955,24.22013946709391
3052,44.702252422258496,46.540447504302925,25.126116422792634
3053,45.77109101370166,45.745062836624776,24.881513144113455
3054,46.73105286676885,45.0430228208006,25.04913951406702
3055,48.139824758009276,43.466353677621285,22.894390635024568
3056,48.914682910829285,41.54471544715447,20.66986702414045
3057,49.608325378479904,39.50252951096122,19.604766885425875
3058,50.226176303728124,37.347294938917976,18.930180152142963
3059,52.02408181013121,38.752276867030965,18.99356048578186
3060,53.532515504271096,37.11832061068702,18.387290496252408
3061,54.27971327212357,35.16865079365079,17.23990954581696
3062,54.85118304490053,33.02564102564103,14.403072664391903
3063,56.386583598419115,31.445523193096008,13.78830365322212
3064,57.04789525584059,29.076838032061914,15.103547015825523
3065,57.04789525584059,26.14704256495301,18.85664019907662
3066,57.04789525584059,23.4383637368712,11.466160561620438
3067,57.04789525584059,20.95080154781647,
3068,57.04789525584059,22.885572139303484,
3069,57.04789525584059,22.885572139303484,
3070,57.04789525584059,22.111663902708678,
3071,57.04789525584059,24.267551133222774,9.468652329415606
3072,57.34129492477128,26.5466816647919,14.922408727038125
3073,57.863415422678386,27.468060394889662,12.793252355143483
3074,57.70690412286027,27.277970011534027,12.676423079365772
3075,57.44332316291945,26.85290763968073,12.797545945178687
3076,57.06829684139764,25.982042648709314,13.7462699552844
3077,56.94377117171,30.42016806722689,6.178626308672924
3078,57.11091148252336,34.48667044809983,7.673726661583277
3079,57.21685993874978,38.707833047455686,7.005166070522593
3080,57.21685993874978,38.707833047455686,7.474935022460167
3081,57.21685993874978,38.707833047455686,6.9296172842134816
3082,57.21685993874978,38.707833047455686,6.39744313283023
3083,57.21685993874978,38.707833047455686,5.76819849080446
3084,57.21685993874978,35.56317895940538,5.216621104532806
3085,58.195092157659744,36.782968657599056,4.3412861155950075
3086,58.98860841910009,37.903717245581966,3.9116954663991907
3087,59.236211882987874,38.15950920245399,4.472881180248701
3088,59.28403220722933,38.206388206388205,5.1600376538440385
3089,58.90864008094857,37.67413688673531,6.329426326367873
3090,59.083222217349714,38.182934315531,7.222239868386393
3091,59.60833749322819,39.34218848829855,8.57522761602514
3092,60.037256173569645,40.36340038935756,9.193287729946151
3093,59.042590731420894,39.492063492063494,10.945145301356092
3094,58.52497793750795,40.35420619860847,11.42386273831305
3095,58.89087114871967,41.31697869593286,12.516828910481314
3096,59.30435247687736,42.244224422442244,12.065187126631498
3097,59.46301810674108,42.6098535286285,12.721879158034058
3098,58.59895631011561,41.184041184041185,15.0146669461921
3099,58.490230654763586,37.73946360153257,17.587915122450376
3100,58.30811790536883,32.72383354350568,21.02750621948244
3101,58.05121959138779,42.441140024783145,16.06408779555534
3102,57.71748560217458,46.303030303030305,12.97857641529537
3103,57.30410837661925,50.0,12.138791541018833
3104,54.83875988612057,52.3542600896861,10.527699742780884
3105,54.31663938821346,55.70652173913044,8.512792010081034
3106,53.707309713682726,58.8235294117647,7.410850836016806
3107,53.246232875615284,62.19387755102041,5.066099246324835
3108,52.59101682234372,63.73031496062992,4.327478870463987
3109,51.843819054491235,65.29356060606061,3.7125690627802683
3110,50.9959747349324,66.86363636363636,2.5942674440083673
3111,50.03583648117961,68.72822299651568,2.7120433646244857
3112,50.477825972786896,70.01710863986312,3.8978952172915036
3113,51.89886741050953,70.43889845094664,4.838567123213732
3114,52.320736001411696,70.62122519413288,5.7286069626389375
3115,52.74104485459363,71.14298131247284,6.985422876753024
3116,53.815975774789415,60.42611060743427,6.7366513804741635
3117,55.18140842750543,63.476190476190474,5.596270280966158
3118,56.353553370397115,66.58341658341658,6.549278356105717
3119,57.37081116510148,69.71757322175732,8.548123078200723
3120,56.758042114761885,69.35483870967742,9.898072766883823
3121,56.95549617525488,69.28274428274429,11.288930267145437
3122,56.20283302938294,68.56995884773663,12.904671804310361
3123,56.6646224998665,70.15789473684211,15.845785800597683
3124,56.756601685424556,70.38014783526927,17.3288209309658
3125,56.623433554061364,69.82124079915879,17.639735626810328
3126,57.579799848819015,69.62025316455696,18.47624311834518
3127,58.67423807788108,69.24307036247335,18.355012312270865
3128,58.745494465257565,68.11902231668438,18.482228744893426
3129,58.089164052761845,66.98014629049112,18.63714793212069
3130,57.28889795194769,65.81108829568788,18.01392817752811
3131,56.21769823167114,64.48692152917505,17.22019902066497
3132,54.61757451305079,62.84313725490196,16.705685071496138
3133,52.976304004552844,61.16412213740458,15.310859824972084
3134,51.79283260613899,58.80398671096346,14.372894718153765
3135,52.03460041612984,57.45296671490593,13.83093441127276
3136,52.21843110185782,56.22862725940401,13.498766871770746
3137,52.3451745003364,55.15032035485461,12.678800969905893
3138,53.07095570369961,53.65607665153807,10.755974008218843
3139,54.2477770845605,51.44054478784704,8.641581709281281
3140,55.22347282890675,48.99620184481823,6.931434424223464
3141,56.03575702159451,38.15126050420168,4.408440638006961
3142,56.96993823338915,38.847689674843124,4.548185032381653
3143,58.44588109483786,40.319715808170514,4.093963159684337
3144,59.57479878041318,41.70238824249847,4.245952882675232
3145,60.3596167791736,42.72271016311167,4.471790968420466
3146,60.83663375728355,43.829516539440206,5.273332542796964
3147,61.13074230984391,45.442875481386395,6.159181707380663
3148,61.213531973909085,47.03989703989704,6.411927551226449
3149,62.349849849574646,48.37451235370611,7.250379744674017
3150,63.75805911084454,48.99866488651536,8.106660948039575
3151,64.06931241821357,48.056300268096514,7.799262229571553
3152,63.788509406829576,47.672872340425535,8.166577417429046
3153,63.30381645319431,47.04724409448819,8.56402421858482
3154,62.58352737407046,46.19845360824742,8.629447091378612
3155,61.5611087503754,50.06297229219144,9.272236686295468
3156,61.86575046497394,54.113110539845756,12.523063507354857
3157,62.69648839518464,57.45526838966203,13.554661219811306
3158,63.74834894194409,55.441478439425055,12.9096586483957
3159,64.55501839447952,53.272343420126674,11.041561563028365
3160,65.16515304437353,50.9719222462203,8.583920972423048
3161,65.60551158724685,49.15750915750916,7.5082282294035485
3162,65.89177497818089,48.10971089696071,6.246049028064032
3163,66.03286604855116,47.35272184936615,5.791989861504832
3164,66.03286604855116,46.905294556301264,5.381634892066087
3165,66.21950838566907,46.032934131736525,4.416980178913724
3166,66.50991713392837,44.4947209653092,3.678963758064533
3167,66.56691016445541,42.97583081570997,4.269921972898504
3168,66.39486727562269,41.50375939849624,6.792342943330906
3169,65.98011157260191,41.666666666666664,8.20221185800112
3170,65.28305901830419,42.38653001464129,8.747239547105677
3171,64.203770907938,43.12320916905444,10.429182902188025
3172,62.23516695692025,43.86331938633194,10.8803878081946
3173,61.022598830542876,45.36082474226804,11.8418260388975
3174,62.23516695692025,47.21059972105997,13.65589017371975
3175,64.203770907938,48.49570200573066,14.975458886836206
3176,65.55688205603087,49.5964783565664,15.794318584150647
3177,66.87302171779203,46.343341031562744,18.613596985554842
3178,67.90981008024625,47.78761061946903,20.299570335163306
3179,68.7377191212087,50.37656903765691,20.033464959590344
3180,69.39354845411451,53.76623376623377,18.209182803220916
3181,69.28455140064457,55.56514236410699,18.906660361057856
3182,69.69815547130415,55.34924845269673,20.16133022741245
3183,69.98783490248545,54.095409540954094,21.781025521436916
3184,70.15947236134589,57.87079162875341,22.19532799204386
3185,70.21633516879041,61.64383561643836,20.215689742226
3186,70.15947236134588,65.33212010919017,18.473109957146896
3187,68.08210051112754,66.8122270742358,18.019512950180037
3188,67.37802669801431,69.09398814563929,17.902579223887454
3189,67.11444573807348,72.52289758534555,14.78595432347739
3190,66.73941941655168,75.6712774613507,12.808090330324527
3191,66.36209084405702,78.87212073073869,11.285896071681185
3192,65.83269889034807,79.67667436489607,11.537092396562345
3193,65.17714095556018,80.5493689680772,11.517939354970359
3194,64.38034566313723,81.46828225231647,11.21647409662995
3195,63.41937353604299,83.29925017041582,10.057051204727179
3196,62.2565825685053,84.7953216374269,9.598475092284547
3197,60.820786719254926,85.97899938233478,9.372172932370225
3198,58.92462986143465,86.87756297598125,8.90286311210397
3199,57.682220284403705,88.107202680067,8.65008205339086
3200,56.17020435328227,89.06001062134891,8.080262801828253
3201,54.20094729767486,89.76298537569339,7.94919313865552
3202,51.22677371254951,90.28708133971291,8.053385848421305
3203,50.74586174784428,90.56691449814126,8.281769023829511
3204,50.19429052931718,90.86408640864086,8.441378304739292
3205,49.568235990739865,91.17391304347827,8.429299708162619
3206,48.862916627646264,91.36630343671416,8.351963186660159
3207,48.07229211516834,93.0241935483871,7.283162806622093
3208,47.188606821237,94.42292796281951,6.680132481550837
3209,46.201666148329906,95.57949479940565,5.672524963759443
3210,44.31243929561528,95.96602972399151,5.5007454628128505
3211,41.57997084243164,96.19272237196766,5.50145229951718
3212,40.442793171115625,96.34776987718165,5.4827430923119325
3213,39.16967728321424,96.4993804213135,5.492396546407719
3214,37.730443713625256,97.0326409495549,4.9175942900792595
3215,36.07354368814249,97.41477272727273,4.870062685551162
3216,34.08998530629536,97.66177270255574,4.638933488878964
3217,31.2656140728429,97.78876170655568,4.553885329676345
3218,30.224121619136053,97.86753637732062,4.5077913166210415
3219,29.083466181735744,97.94487427466152,4.437767931265154
3220,27.82958852836969,98.0204937121565,4.383303604840436
3221,26.44256864694574,98.09417040358744,4.314341031381915
3222,24.892095844730854,98.44626672421235,3.8667866132866466
3223,23.126499171924163,98.69186046511628,3.663771576656882
3224,21.036672788508877,98.84139033160207,3.5170183869579623
3225,18.10835576990352,98.90468870099923,3.4218644930149185
3226,17.03985483685009,98.93933755117231,3.316956093542052
3227,15.885062695553017,98.97334293948127,3.2097082373405783
3228,14.633457470382094,99.00662251655629,3.1089292856401287
3229,13.270884165427137,99.03910991233985,2.9605353947117665
3230,13.477868434403591,99.05378486055777,2.8525480413982267
3231,14.818824012021997,99.25149700598803,2.6117546253067734
3232,15.957207277378801,99.38374417055296,2.40586032974245
3233,15.9572072773788,99.38374417055296,2.288215776982087
3234,14.818824012021995,99.25149700598803,2.2429820813498296
3235,13.807130426848492,99.13606911447084,2.169315406841421
3236,15.783776146225472,98.98433465312446,2.166359537263779
3237,17.504114590438093,98.75156054931335,2.0389755339902798
3238,19.976288547344858,98.57539315448659,1.9698755120042952
3239,22.922227763374,98.50028840607575,1.7276344465954885
3240,25.030030636022776,98.34165834165834,1.6155485062310642
3241,26.813972629794495,98.09009757110235,1.8431607888081516
3242,28.38317503855201,97.73560491697218,2.3828081037289097
3243,29.78932525810975,97.64837625979843,3.2232011656908104
3244,31.062751506182572,97.55870727737735,3.3655519560626757
3245,32.223392495319324,97.46682750301568,3.497622393564164
3246,33.285327441268706,97.37302977232925,3.7024990737596903
3247,34.25899758790923,97.27767695099818,3.8498121951384565
3248,35.15242600096273,97.18120805369128,4.04975197389051
3249,35.97194365023127,97.08414329352958,4.318141843658458
3250,36.72264868750537,96.987087517934,4.465797943671602
3251,37.40871105638408,96.89073141841871,4.6400775735060975
3252,38.03358231745812,96.79584986267928,4.81214236715927
3253,38.60014469649274,96.7032967032967,4.986963777864779
3254,39.11081965949922,96.61399548532731,4.902106842207619
3255,39.5676486502404,96.52892561983471,5.047885784432228
3256,39.972354131999246,96.44910382144064,5.194820778436436
3257,40.768978478700994,96.0599721059972,5.162060626249871
3258,41.88583572779779,95.21392313270486,4.888045673189079
3259,42.395249491405565,92.42424242424242,3.3463661262930717
3260,43.327116989134105,91.25766871165644,3.0260758800679226
3261,43.59945700393387,88.26053042121684,3.464325852520842
3262,43.82099903931499,85.04746835443038,5.264652461020042
3263,43.99252678739045,81.64,8.171895819391521
3264,44.11463324800234,87.74193548387096,3.533775257122864
3265,44.18773344578947,87.76337115072934,3.390388895938193
3266,44.21207306275328,87.82467532467533,3.2843688591334064
3267,44.18773344578947,87.92544570502432,3.2313507124572096
3268,44.11463324800234,88.06451612903226,3.447160508117843
3269,43.99252678739045,88.24,3.9881439249820017
3270,43.82099903931499,88.4493670886076,4.972009138934962
3271,43.59945700393387,88.68954758190327,4.993316307360674
3272,43.327116989134105,88.95705521472392,5.041153172313703
3273,43.00298710195201,89.24812030075188,5.08217747174253
3274,42.62584391763177,89.55882352941177,5.245798333198594
3275,42.19420185213892,89.88522238163559,5.290508500532342
3276,41.70627313442624,90.22346368715084,5.448537996621971
3277,41.15991535201863,90.56987788331072,5.550421970897659
3278,40.55256214967084,90.92105263157895,5.776065140148002
3279,39.88113048977559,91.27388535031847,6.224496916260317
3280,39.14189438742869,91.6256157635468,6.528240453785313
3281,40.34026297846314,91.04708798017349,6.208603571648323
3282,40.34026297846314,90.02478314745973,5.950406544934943
3283,40.34026297846314,89.1263940520446,5.782922666902741
3284,40.428599572884174,88.48898541731306,5.725323277575799
3285,40.03775328167594,86.3109756097561,5.253608950912613
3286,39.08540510964999,82.6189078097475,5.8237451885965825
3287,39.23500014180453,81.32947976878613,6.866679670716888
3288,38.08862534070613,78.16666666666667,9.110518497601296
3289,36.818886915524224,75.08004268943436,11.33255938842372
3290,35.40152864929341,72.07991803278688,14.59431328156719
3291,34.34633027615777,84.0246913580247,4.235675588306913
3292,31.923328736489243,84.67913805351645,3.66015542379223
3293,30.183105147514322,85.35365021605641,3.2304105461269352
3294,28.118123048672768,85.91395501201136,4.519188451033714
3295,25.21414311050927,86.37030824072133,5.654450697711357
3296,24.00932063208419,87.22413444017008,5.6969772556446046
3297,22.692629452276407,87.96169630642954,5.790829755233632
3298,21.244093585940334,88.59136337921932,6.138183558543107
3299,19.563065406848988,88.75323714391416,6.257160724863313
3300,19.563065406848988,88.75323714391416,6.292601412267672
3301,19.563065406848988,88.75323714391416,6.34413841850473
3302,19.563065406848988,88.75323714391416,6.439849230541576
3303,19.563065406848988,88.75323714391416,6.594504560944218
3304,19.563065406848988,88.75323714391416,6.883141441262319
3305,19.563065406848988,88.75323714391416,7.413407838392775
3306,19.563065406848988,88.75323714391416,8.1866985565591
3307,20.30828263284512,88.47674637544719,8.765000229402766
3308,21.69377266381842,87.84864443144139,9.120210904079462
3309,22.958459820683295,87.0733185215108,9.49116657154543
3310,24.119021204451148,86.18022161823123,9.712256781718919
3311,25.187565322960097,85.33419857235562,10.182488923106895
3312,25.69028206036429,82.99604047514298,9.682571161009186
3313,25.69028206036429,79.10250769907611,8.52337456607658
3314,25.69028206036429,67.79586449626045,10.25174496088657
3315,25.69028206036429,67.64188297404311,10.4173620708078
3316,25.69028206036429,81.03827540695117,11.379440563068597
3317,26.173259311435466,84.4106463878327,15.362810113284107
3318,26.173259311435466,84.45537910981884,16.90938507247657
3319,26.173259311435466,84.4777454708119,18.124471261909463
3320,26.65795226507075,84.81240170748147,19.38954014988423
3321,27.471281807431918,84.47959651535993,19.958111364555208
3322,28.59695345674495,83.41254752851711,20.0293838481243
3323,29.55006126158301,82.12001967535662,19.541185863470954
3324,29.99757348450112,79.33966983491746,17.649200105778167
3325,29.99757348450112,75.26263131565783,15.264710125464827
3326,29.99757348450112,71.51075537768884,12.132213927758345
3327,32.00952690746284,70.56367432150313,11.142431363550532
3328,33.45046698355639,69.3561532192339,10.219409705066598
3329,34.50476036575609,67.87023977433005,8.778750463348956
3330,36.90745387769274,66.73547626069006,8.815942511335795
3331,39.118451392221715,65.57579499845632,8.02074244859487
3332,40.880106118263654,64.26494345718902,8.181900052665824
3333,42.38059475648336,62.79148360932748,8.23842928654888
3334,43.69202177194436,61.42705757682798,8.150931290660349
3335,44.85306209738017,60.30984876429362,8.51686348882443
3336,45.88782309452873,59.21508272412466,9.762339078878563
3337,47.90782626412561,48.60943168077388,9.510007281279389
3338,50.00088105011555,51.16673737802291,10.895777918380587
3339,51.64115059905882,53.81526104417671,13.103143678317712
3340,53.01660384265819,56.540084388185655,15.010490217538614
3341,53.49911131502637,58.225419664268586,16.34637076056451
3342,53.70018978739499,59.36446798266731,19.32989547251625
3343,53.70018978739499,60.471834376504574,21.64261393248703
3344,53.49911131502637,60.86330935251799,23.902445308254137
3345,53.93973046486109,62.205882352941174,26.64861037608201
3346,54.94654532470913,64.18816388467374,29.21899274382867
3347,55.29061756988758,65.44610624033007,30.955788596563085
3348,55.9135696939002,62.70733012306046,30.550226345174668
3349,56.45430480527004,59.71223021582734,28.9919981965657
3350,57.0613483330157,56.76605504587156,28.058161646636794
3351,57.716636962285996,54.404761904761905,27.335802838612725
3352,58.475014861751895,51.640866873065015,25.020375585358014
3353,59.30223300697192,48.87023886378309,22.90327896296496
3354,60.00188866042154,45.87525150905432,21.881435251314283
3355,60.58699497499184,42.67869535045108,18.99004930474632
3356,61.06680116949492,39.88563259471051,15.629892014197678
3357,61.44799064540643,37.8021978021978,12.931079172573984
3358,61.780185468582374,35.17964071856287,12.001682703914732
3359,62.060531996249736,31.783536585365855,8.851178195203513
3360,62.24552737896383,28.395061728395063,8.18140879762704
3361,62.37641199479501,25.136186770428015,7.7044992969734265
3362,62.44954286395995,22.048475371383894,11.81734421593852
3363,62.42519309137652,19.828259172521467,13.464541441179255
3364,62.303034819684946,18.435321456235478,15.551680344772054
3365,62.081394958586436,22.07792207792208,16.114973607844142
3366,61.75711238057568,24.269662921348313,12.804588429524802
3367,61.32524724929807,27.10007304601899,8.568116553705075
3368,60.89448001304807,28.82562277580071,11.31307096156219
3369,60.35586134202752,31.746031746031747,13.589276435457586
3370,59.70039452705114,34.57694870086609,12.750996736423717
3371,58.91528318377982,36.70723894939142,13.677061910881179
3372,57.981733903932806,39.28790669122161,13.979868114866077
3373,57.28520163941051,41.0408042578356,14.178178487672037
3374,56.4706600019789,43.66837024417944,12.579780836773793
3375,55.5222743279931,46.11201740076128,12.729076958674048
3376,54.41644472137678,48.36363636363637,12.694195913276525
3377,53.11495385494619,50.4210004952947,12.187978509386994
3378,51.884018829589685,52.434988179669034,10.780691370660456
3379,50.429215714332166,54.25867507886435,9.616544572817087
3380,50.429215714332166,58.720144209103196,8.64435183462979
3381,50.429215714332166,63.361874718341596,6.848428282631333
3382,50.68352608270996,66.78865507776761,5.509596537179393
3383,49.38485711286584,65.50179211469533,5.832284354577268
3384,47.215541761567096,64.04199475065617,6.279739013524224
3385,45.81911966501926,61.987315010570825,7.157648705638132
3386,43.77456377308775,59.217426381605485,8.820784360714097
3387,41.58344268684833,57.01619121048574,10.384335554011772
3388,40.06896877121056,54.723247232472325,11.51432918002137
3389,40.06896877121056,68.30258302583026,2.8246063548659013
3390,39.19938295529878,71.3821725009022,4.365420266440514
3391,38.5442571695831,72.89261979713186,5.761036681559852
3392,37.8144702617118,74.3824027072758,7.6694658563441935
3393,37.25429733443511,74.59423650215304,7.971200175950144
3394,37.06151921940389,74.22544495715228,8.062134954950128
3395,36.36932724702368,72.41712262632765,7.022138016031764
3396,35.34830897982197,69.51937984496124,4.748939222167272
3397,34.211131308505955,66.90540137272455,3.6198691376902583
3398,33.69537892638188,65.25152660657167,3.3372062470547
3399,34.902792932791016,65.63330380868025,3.4861008883346223
3400,35.82379341219587,65.98863296440324,4.181355032808196
3401,36.52786722530909,66.70698518294527,4.824450987943237
3402,37.05060626725689,67.27660872217139,5.565586513859623
3403,37.41244316397867,68.211107701749,6.214816475364546
3404,37.72160095195737,68.85599753314833,7.433656858755869
3405,37.72160095195737,68.85599753314833,8.444364849532773
3406,37.611954966555125,68.72883964296706,9.425392383599235
3407,36.495395681088226,66.0455486542443,9.629853062039915
3408,36.46826027871075,66.02602010644588,10.842506040680691
3409,36.46826027871075,66.02602010644588,12.165274580101332
3410,36.46826027871075,66.02602010644588,13.573576202014445
3411,36.79463276053004,66.22103386809269,15.26515687728706
3412,36.95480448073853,66.22989874925551,16.79581169020329
3413,37.93808637769931,65.16089108910892,16.758866497616776
3414,38.83116733231805,64.09762363519589,18.353552399746615
3415,39.641972521814786,55.792276964047936,16.76606239395755
3416,40.37672739808246,58.7525844245348,18.53236011524197
3417,41.040416150117906,61.894586894586894,22.408125829955885
3418,41.54755416364895,63.08139534883721,25.161262793491815
3419,40.63736678969626,60.62937062937063,24.97137129875692
3420,39.62468703400488,58.19892473118279,25.182033157631764
3421,39.48060159216329,57.712944332662644,27.439493402845713
3422,41.50294618964813,56.582633053221286,29.244232540811534
3423,43.64084918116902,55.363703159441584,30.436442951271456
3424,44.523986566812766,52.746425884123404,30.249853194599208
3425,44.93950218287828,49.88496932515337,29.003307117681018
3426,45.70525784888769,47.89180588703262,29.080202889118393
3427,46.84208618344508,46.06135986733002,29.977147753592018
3428,47.47799564526366,43.82504288164665,30.78935701936248
3429,48.02733529666051,41.441839893852276,28.74858431476756
3430,48.77145250714325,39.212093449381584,28.238963459369558
3431,49.67971324837768,37.14830710538865,27.968912741942294
3432,50.47380770606299,34.96780584447746,28.827195860718792
3433,50.47380770606299,31.550272412085192,27.737955073117302
3434,50.47380770606299,28.776622090143636,28.63976061716735
3435,50.83176882939322,26.27332324760464,30.39097381943246
3436,51.059807656627434,23.721881390593047,25.862294887468085
3437,51.387319810725614,21.37285491419657,26.94637428177628
3438,51.73041922949664,19.24508240297714,29.671846782062783
3439,52.005523907879066,15.646995127233351,35.43375483614126
3440,52.118133486609786,15.766503000545553,35.604381343387296
3441,52.118133486609786,15.766503000545553,35.62075498517673
3442,52.441548116562785,16.082359488035614,35.499563241358466
3443,52.12935890606351,15.83287520615723,35.20796851996645
3444,51.69482637458642,15.575987020010817,34.75199195172806
3445,51.128439266958225,15.262321144674086,
3446,51.25787549809498,13.949759486905398,
3447,51.37584202036821,12.708669897684437,
3448,51.42626470728724,11.61534305780659,
3449,51.4094660531993,10.685375067458176,
3450,51.37584202036821,10.662358642972537,
3451,51.37584202036821,10.662358642972537,
3452,51.37584202036821,10.662358642972537,
3453,51.37584202036821,10.662358642972537,
3454,52.374698808826196,10.720086626962642,
3455,53.29709414905556,10.801963993453356,
3456,53.29709414905556,10.801963993453356,
3457,53.29709414905556,10.365521003818877,
3458,53.29709414905556,10.256410256410257,
3459,53.32194993253135,9.726775956284152,
3460,53.32194993253135,10.601092896174864,
3461,53.255625066185964,12.513601741022851,
3462,53.12256198005416,14.13160733549083,27.302043170115244
3463,52.92191828179895,16.347177848775292,23.253239359029187
3464,52.6523896490801,18.638743455497384,22.04404895128454
3465,52.43599163726652,21.104231166150672,13.043420391632987
3466,52.15572932951802,23.606889564336374,12.482589965672457
3467,51.593020325077056,26.140873015873016,9.248821213353127
3468,51.40079861741904,29.019607843137255,11.317774636333649
3469,51.031665280431994,29.980842911877396,10.990700305067886
3470,50.59583008663835,31.15671641791045,13.199176771786233
3471,50.09056834934968,32.518115942028984,15.644356973966696
3472,49.51247950761393,34.03508771929825,15.596458829736596
3473,48.857315343138396,35.67796610169491,15.832271768350733
3474,48.11973205078585,37.70424836601307,17.838874196118333
3475,47.292921451772045,39.937106918238996,17.145973529830034
3476,46.36804018823328,42.031722054380666,16.03324802062378
3477,45.333279191084735,43.98550724637681,15.207850468972133
3478,44.466675227509974,46.05446927374302,15.660789618884339
3479,44.466675227509974,49.86033519553072,14.551609469872407
3480,44.466675227509974,53.805865921787706,11.826762735837532
3481,44.14740872090797,56.95637238062521,11.280954127862008
3482,43.45870117020371,59.08336100963135,10.846136680143033
3483,41.704943113820065,60.38693307960672,11.353599219544826
3484,39.5016384552706,61.5501059642749,10.529501538862277
3485,39.5016384552706,65.57674841053587,7.792926133630785
3486,38.711568040506066,67.35887686458028,6.720324379792888
3487,37.846876942177914,68.9810894721987,6.653148621498516
3488,35.76761714671776,70.14359252235167,5.537869126604993
3489,35.76761714671776,70.14359252235167,6.252534274880347
3490,35.35346972826761,69.80318145052574,7.543593071889642
3491,34.63318064914377,69.52100615466952,7.839904522441158
3492,33.61076202544873,68.88417704744235,9.351506070384945
3493,33.62207982974776,70.31460069911266,7.77774329554431
3494,34.87745168431608,73.2027972027972,5.990334193826274
3495,36.49077429213765,76.3196267133275,4.674413494410638
3496,35.090545243066664,73.44934044344653,6.185820946340589
3497,35.090545243066664,73.44934044344653,6.210754602596726
3498,34.039165583683776,72.7348526959422,6.993820679079108
3499,33.46868314111847,72.31404958677686,7.71110639303085
3500,32.72040922754236,71.82561307901908,8.69149903578365
3501,33.305230377205575,74.03361344537815,6.620536931279071
3502,33.57741873603386,75.53221686063014,6.1857412840725665
3503,33.57741873603386,76.38376383763837,5.772273279571549
3504,33.57741873603386,77.60431450468351,4.837825797053728
3505,33.57741873603386,78.93840476866308,4.409985489906775
3506,32.558432656995606,79.17249091417389,4.545556238465933
3507,31.950678831349848,80.0388134183532,4.220683887973629
3508,31.950678831349848,81.67452176323815,3.691214059675093
3509,31.950678831349848,83.42112558913225,3.609039519924367
3510,31.950678831349848,85.27862489603548,4.189364871324166
3511,32.40398732604935,75.88652482269504,6.817050505905383
3512,32.809365416506715,79.68704723268618,4.487017559492347
3513,33.82359500708361,83.30845028366677,3.1667963752895263
3514,35.29941007686303,86.73501087294191,4.2559153981103
3515,33.313902806125796,83.94467829224294,3.3240070915979096
3516,31.743127058395615,80.27671474830733,4.264824228836737
3517,31.743127058395615,76.53812187224021,6.686697421377914
3518,31.743127058395615,72.91727995289962,10.027938361664296
3519,31.743127058395615,83.63261701501325,1.1192138404842
3520,31.743127058395615,83.63261701501325,1.2023997996363804
3521,31.743127058395615,83.63261701501325,1.7286652416925024
3522,31.743127058395615,83.63261701501325,1.7497410215780993
3523,31.743127058395615,83.63261701501325,1.8270607689262108
3524,31.743127058395615,83.63261701501325,1.9807614751768863
3525,31.743127058395615,83.63261701501325,3.3420027528207874
3526,31.743127058395615,83.63261701501325,4.037580749276737
3527,31.743127058395615,83.63261701501325,4.440297970305127
3528,31.743127058395615,83.63261701501325,4.6681077747521105
3529,31.743127058395615,83.63261701501325,4.866243633500807
3530,31.743127058395615,83.63261701501325,5.657254297136252
3531,31.743127058395615,83.63261701501325,6.427128291596127
3532,31.743127058395615,83.63261701501325,7.136643431388236
3533,31.743127058395615,83.63261701501325,7.80922182257652
3534,31.743127058395615,83.63261701501325,8.633259383294378
3535,31.743127058395615,83.63261701501325,9.601937873474041
3536,31.743127058395615,83.63261701501325,10.593339498338585
3537,31.743127058395615,83.63261701501325,10.842319525793965
3538,31.905287193033537,82.41758241758242,10.193666735033123
3539,32.19582407398512,79.86718985813462,8.534310886691193
3540,32.44197138771268,77.44107744107744,7.151903098572583
3541,32.644392432718526,74.66707959120471,6.126144097836464
3542,32.80362036913053,79.21225382932167,8.266572875812788
3543,34.3930366165166,78.95073576455535,8.302727539793151
3544,36.44761309933147,78.30564784053156,7.945381059425173
3545,38.048120564762264,68.84906960716746,6.0687511734533715
3546,39.382439280375394,71.23483226266953,5.028708620321015
3547,41.45815924037745,73.76017764618801,5.861401272705665
3548,43.427416295984855,76.44119907763259,7.043395843854951
3549,44.94539417436228,77.24192905540056,7.5455352692009185
3550,44.92154161227967,68.76243533625149,6.269712220434736
3551,44.89170798774532,68.26846703733122,6.614340880573111
3552,44.89170798774532,68.26846703733122,6.862421970881816
3553,44.84990737312727,68.07920792079207,7.282600840257587
3554,43.52633164204626,65.53564620663363,9.264766845002518
3555,41.936193396199144,62.99010626603151,11.202529586318372
3556,40.42523426501125,61.93039110154288,12.47389478009446
3557,40.42523426501125,74.73986365267312,3.14026085884823
3558,40.34526831865272,76.86540521242414,3.7116354484951644
3559,40.15048926393578,77.28395061728395,4.100401166210223
3560,41.44414387681601,77.363184079602,4.435309643349057
3561,43.2569658089545,76.99050401753104,4.563942217197343
3562,44.605345774880774,76.51685393258427,4.925668433325133
3563,45.67621869951526,75.93869731800767,5.53236946619098
3564,45.29907551519503,72.09737827715355,4.839545710862904
3565,44.867433449702176,68.37107377647918,6.3384787270173755
3566,44.37950473198949,64.78322672352523,9.133360644839613
3567,43.83314694958189,74.05106970324361,9.410184276313359
3568,43.2257937472341,74.98327759197325,11.55954586234526
3569,42.89830376144057,74.8930569266206,13.537579664141454
3570,43.46691172221742,74.62736005299769,15.39589788090609
3571,44.353995215322875,75.47738693467336,17.791366433578617
3572,44.9816435887222,76.14058803649881,20.583494400549952
3573,45.395791007172356,76.60659639578375,23.209469138741056
3574,45.395791007172356,76.878612716763,25.897100055446607
3575,45.53058469418044,77.64906303236798,29.650123207035985
3576,47.65850757621601,76.79400214209211,30.847483726046917
3577,49.446826564794115,75.53390783064819,31.696985734379084
3578,50.59928838072286,73.89259114072912,32.06254069472528
3579,51.62521664447105,72.01966407210159,31.11021794239594
3580,52.54099542119922,69.90166737922189,29.564573287744178
3581,53.35841678253925,68.59688195991092,28.467775348038973
3582,54.120417915083365,66.06397774687065,27.12166573427414
3583,54.7961671190764,63.26432354357246,24.504489145245312
3584,55.55334723775126,60.47094188376754,22.370194224938313
3585,56.369526560087,57.68025078369906,20.937281176837526
3586,57.08389647875695,54.619565217391305,19.66994198924926
3587,57.585300764633644,51.0662177328844,16.58249264131265
3588,58.111262066579606,47.47826086956522,14.873305799822369
3589,58.651435245134834,43.85859796285201,12.453724551387658
3590,59.10596521338033,40.5305367057372,10.38116663299807
3591,59.47911708446421,36.68564199873498,10.576262810458203
3592,59.63622345642827,32.80051150895141,11.005266928232146
3593,59.63622345642827,28.26086956521739,11.597573499556606
3594,59.63622345642827,23.9769820971867,17.800766841422924
3595,59.63622345642827,19.245524296675192,19.487244937550994
3596,59.63622345642827,26.0230179028133,15.816078081386337
3597,59.63622345642827,30.434782608695652,16.962478698112932
3598,59.63622345642827,35.10230179028133,16.00788071180748
3599,59.30248946721506,38.0625,16.47465107539308
3600,58.88911224165974,41.97080291970803,13.487083531357703
3601,58.392367702178795,45.695754716981135,11.159995373017976
3602,57.80737764461187,49.145785876993166,10.392550156291806
3603,57.12774939837776,51.91885964912281,8.51656871743328
3604,56.64128509176286,54.622741764080764,7.217456471907512
3605,56.07804822404935,57.95687885010267,6.6896546479263295
3606,55.43341295715918,61.02868447082097,6.8128997255018735
3607,55.40662547494071,62.79863481228669,8.498640558338352
3608,55.40662547494071,62.79863481228669,9.642144317036298
3609,55.40662547494071,62.79863481228669,10.618055767522936
3610,56.056719991455715,64.4,11.886178374421748
3611,57.218312141240105,68.0672268907563,14.484131630608399
3612,57.419390613608726,69.35654008438819,17.3450040952571
3613,57.419390613608726,70.5168776371308,19.478095849827955
3614,58.224629777599034,69.21806167400881,18.489424449214088
3615,58.927642646230304,67.94724770642202,18.47121622547161
3616,59.53697232076103,66.72619047619048,18.904268700079975
3617,61.25746140970257,57.605985037406484,13.436236509923123
3618,62.58915942473517,60.3921568627451,14.754018659067642
3619,63.12226901739485,62.5169147496617,17.899957842162205
3620,63.56477090580868,64.43514644351464,20.158329801751353
3621,62.8153722007866,63.114754098360656,19.291611469720134
3622,61.40731449612227,60.0,16.805305439054628
3623,59.75451511650367,57.71392879450344,15.163714258543244
3624,58.71195362075237,55.14660012476607,14.605064403382816
3625,59.02133783738215,51.94391332058636,12.223246253374228
3626,59.315549900951915,41.09232769830949,5.113344562427441
3627,59.58960615142708,41.854304635761586,5.31783869852918
3628,59.78367869711958,42.41610738255034,5.238047176755944
3629,59.91011446898866,42.78943805010156,5.175025368024294
3630,60.012185594769505,42.473118279569896,5.040230751775025
3631,61.59036676611072,41.84931506849315,5.318543878744341
3632,62.27226553167298,41.05044920525225,6.648103769308744
3633,62.27226553167298,41.05044920525225,7.211276947175632
3634,62.27226553167298,41.05044920525225,7.783638367517395
3635,62.42908290938436,41.221374045801525,8.55878412863758
3636,62.37707888644146,41.71864171864172,8.652241932041479
3637,60.37171044911608,40.456989247311824,10.003401859384727
3638,60.216946336829466,39.494680851063826,11.503905493871674
3639,59.983142038364115,38.35078534031414,12.998060863927998
3640,59.6682094190767,38.07692307692308,14.450431315651016
3641,59.26918581392378,50.5625,10.55864672908305
3642,58.6880974362292,53.72050816696915,12.241330744508472
3643,57.89948375280821,56.48632926119837,13.940100345369789
3644,56.97594506190667,59.00725041829336,16.10939720323761
3645,56.45667702181393,59.738134206219314,17.788485476943073
3646,56.186006760634754,59.47854426941879,18.928378677039458
3647,55.94095886863264,59.253246753246756,20.579692804395584
3648,55.94095886863264,59.253246753246756,22.044453210845397
3649,56.0909819793514,59.94565217391305,23.439761772976084
3650,56.0909819793514,60.97826086956522,25.40067740086397
3651,56.30290890986743,61.74386920980926,27.94404983236871
3652,56.498044628277356,61.891744122471295,30.05397592653868
3653,56.78536066083174,57.976653696498055,27.86532946161959
3654,57.050770756585344,54.09373235460192,29.826296357695732
3655,57.51840567016805,50.95874491574666,28.3114603271241
3656,57.905265272514725,47.64740917212627,27.68381678260363
3657,58.4272241999131,45.036764705882355,27.957372149199273
3658,59.05352648409081,42.151898734177216,26.21103609822908
3659,59.56951876512977,39.127604166666664,24.152420885275742
3660,59.98297217030022,36.0,21.85254069168866
3661,60.299471453630595,33.35597826086956,20.962616945509716
3662,60.52295517385343,31.47382920110193,20.43606089938975
3663,60.65604546481143,29.930555555555557,20.893272201496234
3664,61.975148434436555,26.382978723404257,18.190846407258164
3665,61.975148434436555,26.382978723404257,17.047943905913126
3666,61.940712374077286,26.256192498230714,15.823913397054932
3667,61.940712374077286,25.690021231422506,13.978800392466706
3668,62.00830610257425,23.738450604122246,9.842679791607273
3669,61.97514843443657,21.418439716312058,7.918927490610407
3670,61.84205814347856,19.831223628691983,6.53921899916697
3671,61.61857442325574,17.961165048543688,13.553429061096487
3672,61.38071958286275,16.963064295485637,14.256120698549744
3673,61.11713862292193,15.72199730094467,19.1169345726611
3674,60.742112301400134,15.562913907284768,22.44913161372453
3675,60.24887310335421,15.329883570504528,24.926479767612356
3676,59.627399730746575,19.371069182389938,8.526194068814481
3677,58.862844742488754,21.61997563946407,10.917802606527399
3678,57.33786292278699,23.714953271028037,11.929678313806235
3679,57.33786292278699,26.927570093457945,8.690408459456547
3680,57.33786292278699,30.373831775700936,10.447616186895686
3681,57.33786292278699,34.05373831775701,10.68610172406783
3682,56.75334003973168,36.99487763232783,11.142996144779437
3683,56.4439558231019,40.25683975432719,9.544458195509687
3684,55.34606741670272,42.68096514745308,8.74694528704827
3685,54.01910219156083,44.940934771443246,7.926329452997491
3686,52.354824023627735,47.02994599901817,7.855493765389924
3687,53.240711384137285,50.27624309392265,7.4999555577014325
3688,54.71583474854215,52.54593175853018,6.491955819963186
3689,55.91976342180973,54.78927203065134,6.291693325066102
3690,55.91976342180973,54.78927203065134,6.9967256990583175
3691,54.00511183908432,53.329781566329245,8.332968379188538
3692,51.53976334858563,50.88967971530249,11.031356974823249
3693,50.297353771554675,48.80546075085324,13.41008455349606
3694,48.78533784043324,46.710219318712085,15.53159473179553
3695,47.747636707074314,58.48032564450475,11.742293551495871
3696,47.43563674112992,62.03991130820399,10.33803725082347
3697,47.063465294799244,65.10619852622453,9.874504251652347
3698,46.51189407627214,66.80689945309213,9.690206327487319
3699,46.41758844034458,65.53459119496856,11.177266499364851
3700,46.41758844034458,64.65408805031447,12.62370149898011
3701,46.41758844034458,63.941299790356396,13.11141359019699
3702,46.41758844034458,63.941299790356396,13.626528521014711
3703,46.41758844034458,64.19287211740041,14.227861777554642
3704,45.966592478573055,62.79260780287474,15.876267996241962
3705,45.23870383119644,60.01586671955573,19.30857380832197
3706,44.796308791378216,57.672980286045615,20.916328032664264
3707,44.29413408530962,56.03156708004509,21.54792040473424
3708,43.72969121065681,67.37149106817353,12.905631914513005
3709,43.09996843667587,70.06706671373102,10.241652292744995
3710,42.40130525346481,72.53497099965882,8.195286589819599
3711,41.62921727210739,74.77774119196576,6.436421823316303
3712,38.87241108095652,75.98116169544741,6.105814387316126
3713,38.00564918108658,77.89887980623675,4.700596028757732
3714,37.05330100906062,79.55672207640711,4.224523613238232
3715,36.08604740977015,81.11829165495926,3.6427072327426133
3716,35.02452746422481,82.49932377603463,3.6828030621196075
3717,33.85673059229493,83.68462138953942,3.976242361818671
3718,33.85673059229493,83.68462138953942,4.016938438495999
3719,33.85673059229493,83.68462138953942,4.072008081202401
3720,33.85673059229493,83.68462138953942,4.141739822579793
3721,33.85673059229493,75.90424147801197,6.881358046441375
3722,33.85673059229493,80.09367681498829,4.2331759301241245
3723,34.544998013719514,83.935209771641,3.904903051992445
3724,35.19657035305752,85.66784069357898,4.544963934239148
3725,32.950777267349274,82.12987012987013,3.5308519921523054
3726,32.29223195772817,80.51948051948052,3.9281122788656373
3727,31.195837614985106,77.59509202453988,5.852996396868697
3728,29.993963984561955,74.73410541243204,8.466937120168625
3729,28.669989938500784,72.3094425483504,11.230510593910113
3730,27.199602996390126,82.13269104444932,4.067968923724929
3731,25.54393793012052,82.9155255951127,4.084967940576036
3732,23.63071340048072,83.54609929078015,4.433437726840008
3733,23.63071340048072,83.54609929078015,4.729620860454652
3734,23.63071340048072,83.54609929078015,4.978389714936584
3735,23.63071340048072,83.54609929078015,4.829279119118277
3736,23.63071340048072,83.54609929078015,4.7229365123916915
3737,23.63071340048072,83.54609929078015,4.786222259312252
3738,23.63071340048072,83.54609929078015,5.1183940234753615
3739,23.63071340048072,83.54609929078015,5.593971553082723
3740,23.63071340048072,83.54609929078015,6.04791543893329
3741,23.63071340048072,83.54609929078015,6.493973455885154
3742,23.63071340048072,83.54609929078015,6.919667064325576
3743,23.63071340048072,83.54609929078015,7.313301020960956
3744,23.63071340048072,76.39311043566363,13.01616647526709
3745,23.63071340048072,79.89868287740629,10.494264135028162
3746,23.63071340048072,83.64741641337386,8.114522073103403
3747,23.63071340048072,87.47720364741642,5.724720636177866
3748,22.19398335478314,88.13758061364081,5.546859474756797
3749,20.594816093157693,88.69417750141322,5.314684355170158
3750,18.78149996697082,89.15531335149863,5.304477616560135
3751,16.644890836809697,89.52897916301873,5.190436008233171
3752,16.644890836809697,89.52897916301873,5.320435546815442
3753,16.644890836809697,89.52897916301873,5.444617363285129
3754,16.644890836809697,89.52897916301873,5.56798907267417
3755,16.644890836809697,79.72334092102959,13.146077195908942
3756,16.644890836809697,83.13780423743653,10.265544357673452
3757,16.644890836809697,86.62230782700053,7.872703185067256
3758,16.644890836809697,90.17685168972159,5.0317737118292465
3759,15.521751335452585,92.1079779917469,3.626585925120067
3760,13.963098919031026,92.38949817215021,3.406044513727255
3761,12.220880158127576,92.72639691714836,2.9945334258844034
3762,10.22274846968635,92.98789947254112,2.6308359818805087
3763,7.780300883352803,93.18045563549161,2.585897221494344
3764,4.758382620976999,93.32271147161066,2.6340148027452788
3765,4.758382620976999,93.32271147161066,3.1112949706791566
3766,4.758382620976999,93.32271147161066,3.74737820201626
3767,4.758382620976999,93.32271147161066,4.2725828413227696
3768,4.758382620976999,93.32271147161066,4.707933498871408
3769,4.758382620976999,93.32271147161066,5.067184773408425
3770,4.758382620976999,93.32271147161066,5.350047546713437
3771,4.758382620976999,93.32271147161066,5.552726484335962
3772,4.758382620976999,93.32271147161066,5.695081018679427
3773,4.758382620976999,93.32271147161066,5.795569835209161
3774,4.758382620976999,93.32271147161066,5.697396724950805
3775,4.758382620976999,93.32271147161066,5.55746379209706
3776,5.908035540662012,93.23906319045514,5.425269279172204
3777,7.921788301071481,93.00837776085301,5.371406974478824
3778,9.679905889030268,92.69176248228068,5.443655463460702
3779,12.190555897802513,92.41806619924996,5.498110597111549
3780,14.606502646152375,83.31924961973974,10.766211661215534
3781,16.577653655137688,86.21474864249431,8.855343468134768
3782,18.292394194396657,89.34470865855872,6.34765787910407
3783,19.82305214821769,92.72145946962573,4.154251059417504
3784,19.609374917565543,92.97388690588015,4.006389690794494
3785,20.88586789506891,96.6750923585456,4.638355948901305
3786,20.389193965764203,98.59960552268245,6.055316643406144
3787,21.47608340523819,98.55220228384992,6.6341145766906005
3788,22.792544867898776,98.37346852555979,7.147271882153147
3789,24.269240622641654,97.98245614035088,7.4324230770120945
3790,25.599659901241502,97.47382794720073,7.617173926193195
3791,26.808121214619707,96.83663833805477,7.964614411334389
3792,27.91125213017652,96.25550660792952,7.921840086171789
3793,28.92110836335292,95.81643002028397,8.165999006117472
3794,28.92110836335292,91.5314401622718,5.249479130310121
3795,30.545186737872704,89.27183208084996,4.317246377416709
3796,32.80036633864676,88.87686062246279,4.449730912172318
3797,34.60732286671841,88.358293303193,4.403769869047156
3798,36.15429128566409,87.70274255381894,4.215054656865019
3799,37.513438995148825,87.14241771762535,4.141529203770907
3800,38.723509047687436,86.79063802500802,4.512721637597139
3801,39.80868269606056,86.4440734557596,4.7930579656891075
3802,41.88056177466315,86.03839441535777,5.183969442233396
3803,44.027043275691106,85.45254672041041,6.04805813116178
3804,45.722385999812914,84.69819300269127,6.684434141769674
3805,47.154663672096966,83.75654977831519,6.673203207219485
3806,48.395868653042676,82.94639088222878,7.332868005984696
3807,49.484553528482586,82.42825607064017,7.9200864668610675
3808,50.44469178223538,81.92715537113877,8.995225708230013
3809,51.29253610179422,81.45122537241711,10.19462956231325
3810,52.039733869646696,81.00949525237381,10.402211395947454
3811,52.69494992291827,80.61171591498186,10.325083390747203
3812,53.26479466018633,80.26809651474531,10.080147003306989
3813,53.754391967612726,79.98894416804865,10.309927956949544
3814,54.16774456631921,79.78421351504826,10.236984652670007
3815,54.507977805982044,79.66298663567693,10.331983371934044
3816,54.77750643870088,79.63291888691533,10.47701817859304
3817,56.29496165632337,79.32721712538226,10.478338365793908
3818,58.10778358846185,78.51186658114176,10.127683865975868
3819,59.456163554388134,77.46478873239437,9.213492270508883
3820,60.52703647902262,76.17051013277428,8.242986069264978
3821,60.78546188506413,72.92700212615166,6.2337906736342825
3822,61.21732701634173,70.58823529411765,5.006638775989654
3823,61.54160959435249,68.02368615840119,5.273557045724661
3824,61.763249455450996,65.86646661665417,5.770090788232516
3825,61.88540772714257,68.32955404383976,5.478433324405971
3826,61.84445522148692,66.84250188394876,5.947119676700977
3827,61.647489124472735,63.3457249070632,9.519860564160922
3828,61.3600994670406,59.883296863603206,12.598173128500413
3829,60.97890999112909,56.512455516014235,14.169238026874174
3830,60.499103796625995,68.00276434001383,6.0062643330688195
3831,59.91399748205571,69.6058784235137,4.61648125066241
3832,59.21434182860609,71.2540192926045,3.224049919988456
3833,58.98882477831337,70.66326530612245,4.230733378311411
3834,58.98882477831337,70.66326530612245,4.8149143569424355
3835,58.98882477831337,70.66326530612245,5.760805889831108
3836,58.98882477831337,70.66326530612245,6.591179563550942
3837,59.16063073622744,71.53846153846153,6.557581082289028
3838,59.160630736227425,72.75641025641026,6.4464478265479395
3839,58.98882477831337,73.85204081632654,6.171660705361132
3840,58.954712293145874,73.37579617834395,7.151904368960519
3841,58.78301559237473,73.0379746835443,7.909103259284389
3842,58.468999019894405,72.84105131414267,8.656144594636917
3843,58.003253008473635,72.78325123152709,9.150056156010837
3844,57.36972473054555,72.85886610373944,9.359744916547697
3845,56.5413649568652,73.82352941176471,8.451852156132263
3846,55.46928608104565,74.62857142857143,7.857152665862353
3847,54.0467818833523,75.27654867256638,7.475636819825767
3848,51.761678649004196,75.77374599786553,7.295837045882558
3849,50.99712366074637,76.01246105919003,7.166749596156781
3850,50.06673699777551,76.68680765357503,7.030625886918235
3851,48.9330383048525,77.60467380720546,5.850619741348376
3852,47.52498060018816,78.35680751173709,5.508808024677657
3853,45.65532824884897,78.95212285456188,5.2135933269276045
3854,44.21928266128962,81.05356352368304,5.26297044267949
3855,44.21928266128962,84.86055776892431,6.92802139399724
3856,43.81848301233589,85.16268980477223,7.257065423088494
3857,43.3409312885418,85.50233149639678,7.512453793674588
3858,42.78266419522057,85.8736059479554,7.773354816146969
3859,42.724465881183974,86.38036809815951,8.278634367132502
3860,43.06831472793073,86.79555738379268,8.811810486169174
3861,43.21240016977234,86.9278350515464,8.954623649513382
3862,43.164579845530874,86.77379480840544,9.028352884424178
3863,43.77877843471584,85.58786346396965,8.265262461676791
3864,44.04647266872229,83.48233290762026,7.2522442478469875
3865,44.04647266872229,80.28948488718603,5.824626940517659
3866,44.04647266872229,77.2669220945083,6.035706447115399
3867,44.04647266872229,74.41464452958706,6.598320194203648
3868,44.04647266872229,79.18263090676884,5.84433756997819
3869,44.04647266872229,79.18263090676884,5.853226345147914
3870,44.04647266872229,79.18263090676884,5.907612289271989
3871,44.289170093342314,78.29823807477439,6.120697130875479
3872,44.40173171584485,75.24752475247524,6.91086786036045
3873,44.14902890939833,71.0292249047014,10.381603323633316
3874,43.840945763132105,65.6003323639385,16.383969855583647
3875,43.476148717207295,63.83583908980089,18.568599684740615
3876,43.05298781964911,78.91399128022196,4.338588162759863
3877,42.56944598995329,81.52718858465099,2.541818066835731
3878,42.19714534586588,82.53126184160666,2.970092987810516
3879,42.19714534586588,82.6070481242895,4.278934273762699
3880,42.06239461559865,82.33295583238959,4.260898443107702
3881,42.13264174317358,83.05407463823306,4.596892598532093
3882,41.45725758207544,81.44677661169415,4.428122066200808
3883,40.61099806886594,80.02207505518764,4.451647273515644
3884,39.556923798319396,83.10518731988472,5.1045290121893645
3885,39.6028491073949,83.52941176470588,5.340069386222559
3886,39.6028491073949,83.52941176470588,5.518952031111504
3887,40.91898876915606,82.88945640277271,5.468653651862183
3888,41.955777131610276,82.12290502793296,5.125168339506313
3889,44.204727610295365,79.79412886008387,4.411255030547999
3890,45.58874347047998,81.47138964577657,4.970934892482296
3891,46.619675556421925,82.9567974633373,6.023736429229213
3892,47.40383522963938,84.22535211267606,6.971676060008894
3893,46.75053435736391,85.14931396287328,7.814445690298805
3894,47.79176569956091,84.49873631002528,7.539072906929753
3895,49.787751067390424,83.75275938189846,7.134704604709149
3896,50.89053946081242,80.65246941549614,5.403552125520044
3897,50.89053946081242,75.53239691889442,3.111397794680125
3898,50.89053946081242,70.5935659265972,5.550185758496203
3899,50.89053946081242,65.83597643860445,10.688781003099022
3900,50.89053946081242,76.9370185772542,3.085547173715157
3901,50.89053946081242,76.9370185772542,3.8246652019491463
3902,50.89053946081242,76.9370185772542,4.605022709302872
3903,50.89053946081242,76.9370185772542,5.377099968584411
3904,50.89053946081242,76.9370185772542,6.124457563902317
3905,50.89053946081242,76.9370185772542,6.746939415868822
3906,50.89053946081242,76.9370185772542,7.260284373169149
3907,50.89053946081242,76.9370185772542,7.675309318630415
3908,50.89053946081242,76.9370185772542,8.023114123004792
3909,50.89053946081242,76.9370185772542,8.417604148324555
3910,50.89053946081242,76.9370185772542,8.82870783100742
3911,50.89053946081242,76.9370185772542,9.22253034374019
3912,50.89053946081242,76.9370185772542,9.451767578077558
3913,50.89053946081242,76.9370185772542,9.467220077434611
3914,50.89053946081242,76.9370185772542,9.398129647275585
3915,50.89053946081242,76.9370185772542,9.771790388616326
3916,50.89053946081242,68.46397825101948,16.699896325189574
3917,50.89053946081242,73.22156773901223,12.032277534113515
3918,50.89053946081242,77.88853647485274,9.14566121089169
3919,50.89053946081242,83.09922972360671,6.709780126210954
3920,50.06367859556576,84.28384849804092,6.636556046511165
3921,49.131811097837215,85.97077244258872,6.534007968804322
3922,48.08119051796644,87.40503798480607,6.486984955862285
3923,46.892184946696275,88.52772466539197,6.677174896179576
3924,45.53474966542565,89.44099378881988,6.984981965047825
3925,46.76028776610483,89.09899888765295,7.23031324643113
3926,47.619618077663986,88.63039399624765,7.498720782070086
3927,48.216660820662455,88.03483528966301,7.905601923172301
3928,48.5966957539451,87.65714285714286,8.213233431948703
3929,48.781977165394125,88.57470385938097,8.305197830949899
3930,48.804928869070146,88.9908256880734,8.467313547837612
3931,48.781977165394125,88.95682078716086,8.707074414380529
3932,47.67614272542546,86.51059085841695,9.690812280211741
3933,47.67614272542546,81.4938684503902,12.338400172143738
3934,47.67614272542546,76.62578966926793,16.040641480928866
3935,47.67614272542546,62.0958751393534,30.073134733619174
3936,47.67614272542546,79.11557041991824,14.812071658347088
3937,47.67614272542546,84.05797101449275,11.250037248561812
3938,47.67614272542546,89.14901523597176,7.4516205226097405
3939,45.77845906474388,89.84789529536611,7.182498149035759
3940,43.037767132368714,90.37361157859307,7.054592534253223
3941,41.892586780015414,90.90029041626332,7.1247678696055905
3942,40.61167746169532,91.80834621329211,6.458431961269206
3943,39.164849047633226,92.54217224030778,6.1473367326240975
3944,37.50054289404501,93.11809685641461,5.7385311968190065
3945,35.50975794885225,93.55188295854782,5.691895707354481
3946,33.926646087075774,94.10236425045467,5.371739660485964
3947,32.08440216901206,94.52054794520548,5.275044216063181
3948,29.794751605494476,94.81976605395083,4.771477131470094
3949,27.560298101280807,95.02065167508032,4.761282442076908
3950,26.286871853207984,95.20123839009288,4.613179976760748
3951,24.88072163365024,95.37707711972732,4.52239733908804
3952,23.31151922489273,95.814526056627,4.279232040434762
3953,21.527577231121008,96.14776768075859,4.048873590976086
3954,19.419774358472235,96.38645872955496,3.9066830322889032
3955,16.473835142443093,96.53972903698279,3.80546349803794
3956,15.272141981548065,97.09425939050318,3.2644746528676136
3957,15.272141981548065,97.09425939050318,3.2644746528676136
3958,15.272141981548065,97.09425939050318,3.2644746528676136
3959,15.272141981548065,97.09425939050318,3.2644746528676136
3960,15.272141981548065,97.09425939050318,3.2644746528676136
3961,15.272141981548065,97.09425939050318,3.2640271413604074
3962,15.272141981548065,97.09425939050318,3.1182504497828365
3963,15.272141981548065,97.09425939050318,2.984226798919796
3964,15.272141981548065,97.09425939050318,3.0589300569368505
3965,15.272141981548065,97.09425939050318,3.2966487325073612
3966,15.272141981548065,97.09425939050318,3.5259857788303357
3967,15.272141981548065,97.09425939050318,3.7715475871908137
3968,15.272141981548065,97.09425939050318,4.020382164065018
3969,15.272141981548065,97.09425939050318,4.252293585693547
3970,15.272141981548065,97.09425939050318,4.458440114554977
3971,15.272141981548065,97.09425939050318,4.6402784729066315
3972,15.272141981548065,97.09425939050318,4.813936270628401
3973,15.272141981548065,97.09425939050318,4.981014823464092
3974,15.272141981548065,97.09425939050318,5.139905020829295
3975,15.272141981548065,97.09425939050318,5.2933942334735224
3976,15.272141981548065,97.09425939050318,5.439396505894449
3977,15.272141981548065,97.09425939050318,5.575699584963454
3978,15.272141981548065,97.09425939050318,5.698988144611641
3979,15.272141981548065,97.09425939050318,5.819452469457347
3980,15.272141981548065,97.09425939050318,5.93615450987059
3981,15.272141981548065,85.93196314670446,14.231383433115846
3982,15.272141981548065,89.4578313253012,11.13116963894243
3983,15.272141981548065,93.0545712260808,8.475999904350536
3984,15.272141981548065,96.72218284904324,5.584701045256626
3985,14.633457470382094,98.64064133844545,4.532086706054974
3986,13.270884165427137,98.75252865812543,4.457096588552766
3987,11.777332757306647,99.07075317900228,4.40048741973824
3988,10.12240784152537,99.30643127364439,4.240480360085121
3989,8.2543586470295,99.4666260286498,4.169038385672465
3990,6.064004032844547,99.55804360636417,4.119401221690682
3991,3.0370119579712087,99.58701224722302,4.11649719698931
3992,-0.0,99.61432506887053,4.105939470081564
3993,-0.0,99.61432506887053,4.101005395729646
3994,-0.0,99.61432506887053,4.095581159043496
3995,-0.0,99.61432506887053,4.089695701908001
3996,-0.0,99.61432506887053,4.083393740282348
3997,-0.0,99.61432506887053,4.076714386452194
3998,-0.0,99.61432506887053,4.06969226281415
3999,-0.0,99.61432506887053,4.06232305068191
4000,-0.0,99.61432506887053,4.054570837330716
4001,-0.0,99.61432506887053,4.046437108539664
4002,-0.0,99.61432506887053,4.046437108539664
4003,-0.0,99.61432506887053,4.046437108539664
4004,-0.0,99.61432506887053,4.046437108539664
4005,-0.0,99.61432506887053,4.036291743110818
4006,-0.0,99.61432506887053,4.026048693994293
4007,-0.0,99.61432506887053,4.015306735229126
4008,-0.0,99.61432506887053,3.81306164160699
4009,-0.0,99.61432506887053,3.5577426285025093
4010,-0.0,99.61432506887053,3.407156342982867
4011,-0.0,99.61432506887053,3.414278229800946
4012,-0.0,99.61432506887053,3.414572586880049
4013,-0.0,99.61432506887053,3.402452736524777
4014,-0.0,99.61432506887053,3.377533053406434
4015,-0.0,99.61432506887053,3.3538453440645055
4016,-0.0,99.61432506887053,3.340887556518857
4017,-0.0,99.61432506887053,3.3345889644128754
4018,-0.0,99.61432506887053,3.327602880570833
4019,-0.0,99.61432506887053,3.31810866140983
4020,-0.0,99.61432506887053,3.3187457689909
4021,-0.0,99.61432506887053,3.3253788371826536
4022,-0.0,99.61432506887053,3.3310590194674057
4023,-0.0,99.61432506887053,3.332193601938509
4024,-0.0,99.61432506887053,3.329856230658882
4025,-0.0,99.61432506887053,3.3320779788025243
4026,-0.0,99.61432506887053,3.3478677955138694
4027,1.7263595531412619,99.6078431372549,3.394172313736703
4028,1.7263595531412619,96.28851540616246,5.104065732348072
4029,1.7263595531412619,93.02521008403362,7.5057071583699875
4030,1.7263595531412619,89.81792717086834,10.182635576564335
4031,1.7263595531412619,98.43137254901961,3.262587486161732
4032,1.7263595531412619,98.43137254901961,3.2549058809532836
4033,1.7263595531412619,98.43137254901961,3.0534936559726713
4034,1.7263595531412619,98.43137254901961,2.8278880192611995
4035,1.7263595531412619,98.43137254901961,2.7825885747394703
4036,1.7263595531412619,98.43137254901961,2.7477550339087293
4037,1.7263595531412619,98.43137254901961,2.717866543671114
4038,1.7263595531412619,98.43137254901961,2.6694745284190025
4039,1.7263595531412619,98.43137254901961,2.6115159548110483
4040,1.7263595531412619,98.43137254901961,2.564926674067606
4041,1.7263595531412619,98.43137254901961,2.53847792812429
4042,1.7263595531412619,98.43137254901961,2.521726362451919
4043,1.7263595531412619,98.43137254901961,2.5137886348169842
4044,1.7263595531412619,98.43137254901961,2.5165377158711144
4045,1.7263595531412619,98.43137254901961,2.5337874775915807
4046,1.7263595531412619,98.43137254901961,2.5516163261843015
4047,1.7263595531412619,98.43137254901961,2.5670031694899884
4048,1.7263595531412619,98.43137254901961,2.579030939398036
4049,1.7263595531412619,98.43137254901961,2.5998932517476554
4050,1.7263595531412619,98.43137254901961,2.62761463364827
4051,1.7263595531412619,98.43137254901961,2.6680476088795264
4052,3.0370119579712087,98.40501281686129,2.7191821371325595
4053,3.0370119579712087,95.0868698376531,4.131365171926392
4054,3.0370119579712087,91.82569068641412,6.486568497889546
4055,3.0370119579712087,88.6214753631444,8.99435962209294
4056,3.0370119579712087,96.41127883793791,2.7516475908092675
4057,3.0370119579712087,96.41127883793791,2.6532341473498904
4058,3.0370119579712087,96.41127883793791,2.5455254854969547
4059,3.0370119579712087,96.41127883793791,2.424995292272254
4060,3.0370119579712087,96.41127883793791,2.290077789714804
4061,3.0370119579712087,96.41127883793791,2.1391163763629777
4062,3.0370119579712087,96.41127883793791,1.9680026267064057
4063,3.0370119579712087,96.41127883793791,1.7746273310652372
4064,3.0370119579712087,96.41127883793791,2.344978288983524
4065,3.0370119579712087,96.41127883793791,2.449233641189728
4066,3.0370119579712087,96.41127883793791,2.4170015232267064
4067,3.0370119579712087,96.41127883793791,2.5295061027884107
4068,3.0370119579712087,96.41127883793791,2.6214078245375396
4069,3.0370119579712087,96.41127883793791,2.695524243350312
4070,3.0370119579712087,96.41127883793791,2.7635620207379876
4071,4.758382620976999,96.34994206257242,2.821991243632892
4072,7.780300883352803,96.20803357314149,2.8386699711921826
4073,10.22274846968635,96.02854483400559,2.8520723061606095
4074,12.966673644581464,95.83868894601542,2.856010393955161
4075,15.388015644700397,95.63769563769564,2.880983594105499
4076,17.36466136407738,95.35886818495514,2.923010210804661
4077,19.08499980829,94.99463711119056,2.981126633404532
4078,22.455627390320064,94.80037140204271,3.1493909854894424
4079,24.832374973670802,94.53984179046884,3.2321347869187194
4080,27.096146338502113,94.24388287204172,3.467501281115315
4081,29.192025316638908,93.90905298289529,3.577288880924455
4082,30.963800037658007,93.470715835141,4.107548821851604
4083,32.52058165250512,92.91835814163284,5.140090642109575
4084,33.91404676646775,83.40365682137833,7.787183409108862
4085,35.17451210278886,87.06770579639551,7.527696446668214
4086,36.32190411300291,90.94587759231159,8.205319069169029
4087,37.370288915587246,95.03937007874016,10.485944963859822
4088,37.122745383916616,94.91615650785201,11.102367699417693
4089,39.19257679723137,94.67849223946784,12.006190169816941
4090,41.43338982739184,94.34454756380511,12.74510095098248
4091,43.22562498346417,93.87135922330097,12.71846227153076
4092,44.75749925877767,93.24238578680203,12.628192666155268
4093,45.553598168569096,91.71052631578948,11.784964910128657
4094,46.75726320634729,90.50719671007539,11.217977785398663
4095,48.241416787637036,89.66259870782484,10.825535346889296
4096,49.53604848362076,88.61758076634109,10.330671415907283
4097,50.67980653423923,87.35271013354281,9.544064223240877
4098,51.6967692166767,86.17719442165709,8.719851948135803
4099,52.60330435470586,85.24379811804961,8.469719014430941
4100,54.131613553731995,84.31196772747647,8.121917201863111
4101,55.92893538823353,83.23098724610297,7.631047546508753
4102,56.694101032967545,79.83519146873485,6.263178178493211
4103,56.694101032967545,74.45467765390208,6.606458271532003
4104,56.694101032967545,69.26805622879301,12.045801574208092
4105,56.694101032967545,64.66311197285506,15.933502581547188
4106,56.694101032967545,75.86039747939893,5.958176767838965
4107,56.694101032967545,75.86039747939893,6.264468888462945
4108,56.694101032967545,75.86039747939893,6.561815441412313
4109,56.694101032967545,66.7959282598158,13.171087340624517
4110,56.694101032967545,71.88560349006302,8.889642114769458
4111,56.694101032967545,77.16917111003393,5.83349894007762
4112,56.694101032967545,82.64663111972855,5.484006630557162
4113,55.92893538823353,83.23098724610297,5.871883677094216
4114,55.92893538823353,83.23098724610297,6.070822786550491
4115,55.92893538823353,83.23098724610297,6.2761394659847936
4116,55.92893538823353,83.23098724610297,6.482893703869026
4117,55.92893538823353,83.23098724610297,6.6979052139410875
4118,55.92893538823353,83.23098724610297,6.968550626394115
4119,55.92893538823353,83.23098724610297,7.310538055448701
4120,55.92893538823353,83.23098724610297,7.712003280262526
4121,55.92893538823353,83.23098724610297,8.10995083371285
4122,55.92893538823353,83.23098724610297,8.492338192727383
4123,55.92893538823353,83.23098724610297,8.86587257867603
4124,57.43989451942144,82.75862068965517,9.269890394000695
4125,57.43989451942144,77.2705196697426,11.561095905855344
4126,57.43989451942144,71.97668771248179,15.467233143572656
4127,57.43989451942144,66.87712481787275,21.20153455687188
4128,57.43989451942144,66.87712481787275,22.10647414121693
4129,57.43989451942144,71.97668771248179,17.744391740957735
4130,57.43989451942144,77.2705196697426,14.180026491765105
4131,57.43989451942144,82.75862068965517,10.576194440831445
4132,54.82614699481153,83.72413793103448,10.545007749390722
4133,53.01897023706874,84.7664775207333,10.179599414582311
4134,50.366113056074155,85.59006211180125,10.016724526933086
4135,48.94293787060071,86.69561784445322,9.21919434911536
4136,47.25642787987926,87.58931929296728,8.851499251517268
4137,45.11852488835837,88.2921589688507,8.599979559197548
4138,43.19373993256658,89.49536560247168,7.921831572131761
4139,42.24995525043802,90.85506767910202,7.450493168193301
4140,41.20459924526908,92.00761179828734,6.8271665402427635
4141,40.400706905058954,92.47015610651974,6.719737766237085
4142,39.51865730473638,92.91826497491886,6.477379504428582
4143,38.55140370544591,93.35038363171356,6.417474352933997
4144,37.489883759900565,93.76538146021329,6.180567705889647
4145,36.32208688797069,94.16250328687877,5.743168637456622
4146,35.0314276434103,94.8698508971443,5.179731675749249
4147,33.59362688493695,95.43578538480213,4.743293602139438
4148,31.969850581712155,95.87316390767079,4.501834069670094
4149,30.08784662960898,96.19431385717483,4.290601169677936
4150,28.438424309037348,96.57696447793326,3.9402610505945543
4151,26.53131445742866,96.85365348789071,3.251188041392371
4152,24.178180830978533,97.03482587064677,3.004401385372737
4153,21.399900169520556,97.18606431852986,2.827794031812682
4154,18.45396095349142,97.310243183493,2.640747312594727
4155,17.108182350754795,97.4002849002849,2.3752541134990817
4156,15.631116007556061,97.48795595320027,2.1465216476402675
4157,13.99237773103026,97.78922872340425,1.6443341188824436
4158,12.140227363589725,98.00899165061014,1.4934830732027202
4159,9.965493821373014,98.15446650124069,2.1303164837105246
4160,6.9538546023610674,98.23247453565008,3.3367946473013967
4161,7.780300883352802,98.29136690647482,4.299539679532845
4162,6.9538546023610674,98.23247453565008,4.686371609237296
4163,8.827110556016208,98.03283767038414,4.783880972769203
4164,11.385788426729555,97.8675645342312,4.86223082427637
4165,13.807130426848492,97.74048845323144,4.951594019988062
4166,16.52956963267936,97.60551248923342,5.03579955957303
4167,18.752429462331982,97.42719313918171,5.079984300894356
4168,20.46151903197229,97.1290979811076,5.1283487651883854
4169,21.986416810278794,96.73641773852947,5.148493737767416
4170,23.366033155648754,96.24030236721703,4.865024122040964
4171,24.6247285530368,95.79641458891408,4.904077932289747
4172,25.77917525877354,95.47685086409217,4.966101116052587
4173,26.84147663158451,95.14241554427026,5.0304781978838555
4174,27.82079432709698,94.79333181091573,5.061502049039616
4175,28.72428155119794,94.43002124144442,5.107506097000952
4176,29.557656988931658,94.05313185474043,5.168016805145586
4177,31.577086432672424,93.72628383506198,5.249056586803299
4178,31.577086432672424,89.45104983556793,5.991459146179932
4179,31.577086432672424,85.2770048064761,9.020317431505983
4180,31.577086432672424,81.20414874778649,12.214855354747318
4181,31.577086432672424,81.20414874778649,12.518289373442103
4182,31.577086432672424,85.2770048064761,9.550969272978994
4183,31.577086432672424,89.45104983556793,5.923664273782861
4184,31.577086432672424,93.72628383506198,2.7840989567469934
4185,29.949541962742888,93.85986630354049,2.7574095770574503
4186,29.949541962742888,93.85986630354049,2.7574095770574503
4187,29.949541962742888,93.85986630354049,2.7574095770574503
4188,29.949541962742888,93.85986630354049,2.7574095770574503
4189,29.949541962742888,93.85986630354049,2.7574095770574503
4190,29.949541962742888,93.85986630354049,2.7565415446014097
4191,29.949541962742888,93.85986630354049,2.7553376942414576
4192,29.949541962742888,93.85986630354049,2.7538122655084014
4193,29.949541962742888,93.85986630354049,2.7519870290323856
4194,29.949541962742888,93.85986630354049,2.7498696997873755
4195,29.949541962742888,93.85986630354049,2.747453563625465
4196,29.949541962742888,93.85986630354049,2.744719859947196
4197,29.949541962742888,93.85986630354049,3.0361643425102907
4198,29.949541962742888,93.85986630354049,3.0006663692288376
4199,29.949541962742888,93.85986630354049,2.8946509474892856
4200,29.949541962742888,93.85986630354049,2.978863052229223
4201,29.949541962742888,93.85986630354049,3.2704599642289325
4202,29.949541962742888,93.85986630354049,3.5681826078877847
4203,29.949541962742888,93.85986630354049,3.841705055447007
4204,29.949541962742888,93.85986630354049,4.068312637247086
4205,29.949541962742888,93.85986630354049,4.334143466202842
4206,29.949541962742888,93.85986630354049,4.644520680933748
4207,29.949541962742888,93.85986630354049,4.852088071653293
4208,29.949541962742888,93.85986630354049,4.974759674340196
4209,29.949541962742888,93.85986630354049,5.035640772200307
4210,29.949541962742888,93.85986630354049,5.1231547632421455
4211,29.949541962742888,93.85986630354049,5.203985578281474
4212,29.949541962742888,93.85986630354049,5.28866802155192
4213,29.949541962742888,93.85986630354049,5.370958024295447
4214,29.949541962742888,93.85986630354049,5.416147204634079
4215,29.949541962742888,93.85986630354049,5.506105063700161
4216,29.949541962742888,93.85986630354049,5.656885970800608
4217,29.949541962742888,81.55484030700669,14.403554408681684
4218,29.949541962742888,85.54097548898243,11.70328795751973
4219,29.949541962742888,89.62614508541718,8.254508492821483
4220,29.949541962742888,93.81034909631097,5.247567043205353
4221,29.174296332336585,96.16504854368932,3.447972667389865
4222,28.678321557212556,96.42857142857143,3.252945059572913
4223,28.678321557212556,96.42857142857143,3.1635771427135464
4224,27.539938291855755,96.24524714828897,3.202958167078775
4225,28.25096709590826,96.98275862068965,2.348203279524952
4226,28.757093699916453,97.73603082851638,1.9092170877776995
4227,26.759380123000486,96.80343511450381,2.192051746865785
4228,26.759380123000486,95.92080152671755,2.831041013605151
4229,26.759380123000486,95.13358778625954,3.1755756942583964
4230,26.759380123000486,95.7776717557252,2.5465671848106606
4231,26.759380123000486,95.7776717557252,2.3664702390173664
4232,26.759380123000486,95.7776717557252,2.1868335604368694
4233,26.759380123000486,95.7776717557252,2.009932622303274
4234,26.759380123000486,95.13358778625954,2.206073391295219
4235,26.759380123000486,95.92080152671755,1.6123224197473378
4236,26.759380123000486,96.80343511450381,1.2746631479700332
4237,26.759380123000486,97.78148854961832,1.7374561793725996
4238,26.897529801622976,97.97101449275362,2.1061672792821935
4239,27.641100231652132,97.90836653386454,2.3612392054192766
4240,28.641848076347685,97.60432766615146,2.4790216642777576
4241,29.84745346373462,96.95024077046548,2.4029091973918266
4242,30.938692696697697,96.14103275957801,1.8407718913398916
4243,31.929569438131594,95.16407599309154,1.4292630871521053
4244,33.981638394389265,94.96553790830087,1.5994108766811561
4245,36.73844458554013,94.700533082471,1.4033771961878467
4246,39.47913651791529,94.41707717569787,1.4975938893552074
4247,41.37682017859687,93.98418700584394,1.3530664493893338
4248,42.94553153743936,93.383674937073,1.034375308398158
4249,44.29413408530962,92.5967681322811,0.6984954944751608
4250,45.47403716976919,92.27147901137701,0.7403665752333866
4251,46.51526851196619,91.94274028629857,0.7698071676903615
4252,47.437441364718794,91.61345253299277,0.8890055822763603
4253,48.254281639082095,91.28704113224236,1.0259761793599371
4254,48.97584611350601,90.96744612563045,1.4063907962497733
4255,49.60973839586404,90.65908013276434,1.8041945552320653
4256,50.16183055727256,90.36674816625917,1.9764054284132937
4257,50.63671721994061,90.09552538964304,2.228201273317737
4258,51.03801407939517,89.85059247810408,2.47118027293785
4259,51.36856054841342,89.63703314045239,2.594302799606407
4260,51.63056028145865,89.45960406634563,2.744126717785522
4261,51.82567956484474,89.32249322493224,3.0646247278899095
4262,51.9551157959815,89.22908693275014,3.0270542739911073
4263,52.01964365449938,89.18176825919824,2.925141696336988
4264,52.01964365449938,89.18176825919824,2.837717514871045
4265,51.9551157959815,89.22908693275014,2.86767356471124
4266,51.82567956484474,89.32249322493224,2.928902323395185
4267,51.63056028145865,89.45960406634563,2.8040890977387645
4268,51.368560548413434,89.63703314045239,2.7917075276322656
4269,51.03801407939517,89.85059247810408,2.7746642976208515
4270,50.63671721994061,90.09552538964304,2.6596035270846383
4271,50.16183055727256,90.36674816625917,2.5751795478484327
4272,49.60973839586404,90.65908013276434,2.568864248197864
4273,48.97584611350601,90.96744612563045,2.27132258021903
4274,48.254281639082095,91.28704113224236,2.0324780921073735
4275,47.437441364718794,91.61345253299277,1.9738040224201272
4276,47.47194333644693,91.65968147527242,2.005745858969365
4277,48.08052104047728,91.31534569983137,2.388286684264012
4278,48.323793141491166,90.82840236686391,2.698802310383057
4279,48.243707281386925,90.7516891891892,2.910660188835968
4280,47.827457738473186,90.70647603027754,2.901805758608476
4281,46.990274157724436,90.81803005008348,2.9181101426070906
4282,44.820958806425686,88.81632653061224,3.0812627872081824
4283,44.44593248490388,86.84422921711057,3.984575517836554
4284,43.952693286857965,85.60063643595863,5.255241152451812
4285,43.331219914250326,90.38311180609851,2.7604117641516632
4286,42.5666649259925,91.30268199233717,2.9240533186347824
4287,42.12407278351228,91.70140204622963,3.1459380050239893
4288,42.12407278351228,91.70140204622963,3.276687186862067
4289,42.12407278351228,91.70140204622963,3.395223141961997
4290,42.12407278351228,91.70140204622963,3.4942325168783346
4291,42.12407278351228,91.70140204622963,3.574918205109678
4292,42.5666649259925,91.34099616858238,3.441587230579174
4293,42.5666649259925,88.62068965517241,3.332450140098222
4294,44.88585272252087,88.4251968503937,3.441916583558517
4295,46.34450967587725,88.0952380952381,3.665818155375787
4296,46.93446121810703,86.6938775510204,4.214296650015599
4297,46.93446121810703,82.08163265306122,7.691054163091075
4298,46.93446121810703,82.08163265306122,7.858938421876081
4299,46.93446121810703,82.08163265306122,8.026090558428818
4300,46.93446121810703,87.83673469387755,3.115963905501754
4301,46.08820170489754,88.52,2.5124519331554427
4302,45.03412743435099,89.0539483971853,2.074297360306602
4303,43.70164964785106,89.4435975609756,1.6461709695756264
4304,41.90392427957115,89.69607116382505,1.456069153271594
4305,40.14482476840728,90.2421395012649,1.0141477898942086
4306,39.85343728806336,90.54297015462063,0.8440908180693196
4307,40.014941267511794,90.301489284417,0.9002023563392579
4308,40.12995614895404,90.08415660446396,0.8993972602917837
4309,40.198828269672596,89.89342153619992,1.05320310510953
4310,40.221762963658115,89.73132131026868,1.2690979052095983
4311,40.198828269672596,89.59941198088939,1.58575897428758
4312,40.12995614895404,89.49871935601902,1.8238092225978353
4313,40.014941267511794,89.42971304031965,1.9958782843188185
4314,39.85343728806336,89.3923049262855,2.0562930219308884
4315,39.64495050208361,89.38587149449769,2.21528232846163
4316,39.38883050315793,89.4092974484446,2.3881408999807623
4317,39.08425744674891,89.46103673189153,2.756627476057695
4318,38.73022524252738,89.53918600739993,3.138765650487727
4319,38.32551976076852,89.64156527458073,3.475147750005049
4320,37.86869077002735,89.76580044914982,3.695106784711863
4321,37.91102284310711,89.42338324307104,3.719922088638641
4322,38.38981646924143,88.50981654328935,3.199509282030746
4323,38.74053424914865,87.47972753811223,2.5696507778093944
4324,38.970633965760015,86.33844147375285,1.7630492628739516
4325,39.084620026814065,86.76037920889179,2.5426805401471158
4326,39.084620026814065,86.76037920889179,2.8574792706507592
4327,38.97063396576002,86.79491359634822,3.264308363567906
4328,38.870319295852056,86.30448926480156,2.980490128190147
4329,38.74053424914865,85.1119039896205,4.148381779584932
4330,38.389816469241424,83.64982298036692,4.189310365861264
4331,39.217896605412065,82.89389067524115,4.410002632382013
4332,41.2427455847055,82.90708967303334,4.496717666099773
4333,42.165140924934875,83.28455284552845,4.739204406889554
4334,42.503048367786064,83.44737699576409,4.910530231543774
4335,42.393116761248976,83.39303158580267,5.127537001946849
4336,41.97124817034682,83.23041923951901,5.310931579336405
4337,42.719522083922925,82.77905828119854,5.370065006584514
4338,43.29000452648823,81.0648918469218,5.2077814454028
4339,43.7037465149661,81.71754444817175,5.426561085347819
4340,44.49943226616892,82.76329156789706,5.702133553277153
4341,45.46498808241943,83.66997603560425,6.088022628367131
4342,46.54612887661258,83.53272343420127,6.1486155585098725
4343,47.84921738056326,82.36377025036819,5.935211326756823
4344,49.001679196492,81.29330254041571,5.792120952121345
4345,50.02760746024018,80.46623794212219,6.044527506502796
4346,50.94338623696836,79.6311818943839,6.096492398913816
4347,51.76080759830839,78.79581151832461,6.164328641321835
4348,52.488696245685,77.96917497733455,6.488819525151533
4349,53.13383981927717,66.30639097744361,15.166321797244724
4350,53.70155944142924,70.45675413022352,11.387666681221974
4351,54.196078194185795,74.79959919839679,7.394181817412929
4352,54.62076868167443,79.29969104016477,5.161269419360659
4353,53.51119979789437,81.75745118191162,4.698701819676455
4354,53.42845160811932,84.75798146240989,5.585201173366862
4355,52.84313099117471,86.0242179616549,6.6745550285869655
4356,52.112660565097144,87.0935960591133,8.227445963724126
4357,52.29649125082513,86.72654690618762,8.494788950202153
4358,52.42323464930371,86.404833836858,8.419862965809966
4359,52.49346462964829,86.1336032388664,8.314038902243018
4360,52.507495042971506,85.91691995947315,8.336579608299708
4361,52.465388241022815,85.75757575757575,8.451492702420685
4362,52.366956751482455,85.65697091273822,8.629956115096784
4363,53.14784986447905,84.27835051546391,7.942829367227788
4364,53.786609145179,82.68215417106653,7.012944166097998
4365,54.29819881547198,80.8728448275862,5.479896247439855
4366,54.50961892128492,78.26086956521739,3.673624059185302
4367,55.82643044065219,76.40883977900552,2.5487178637018415
4368,57.44748262009003,75.74031890660592,2.268846693495702
4369,59.33785300193052,75.08792497069167,2.1245108026504815
4370,60.870382992053905,74.4578313253012,2.417776535373609
4371,61.91931923895759,73.67447595561036,3.294375862898036
4372,62.668717943979665,72.73869346733669,4.641326368581816
4373,63.18567482687389,72.1656050955414,5.50160825134407
4374,63.502663924793765,72.17223650385604,5.890774933165165
4375,63.635941313299895,72.3225806451613,6.139297023590328
4376,63.59168021864265,72.6159793814433,6.35806137507353
4377,63.36787023778568,73.04737516005122,6.120917854990045
4378,62.95372281933553,74.43037974683544,5.042643815299677
4379,62.3260744459362,75.65379825653798,5.175153074022176
4380,61.43899095283075,76.70731707317073,5.364963811895954
4381,60.188065383604126,77.58620689655173,4.837417846236056
4382,61.20947490812093,77.95698924731182,4.869381595775901
4383,62.43719052568913,77.9126213592233,4.845861309595873
4384,63.14559257690385,77.73006134969326,4.9648538308455255
4385,63.50890354380755,78.20987654320987,4.826446482694486
4386,63.57944907899267,78.80098887515452,4.322250469840374
4387,62.77277962645724,76.89987937273824,5.553119264264529
4388,61.7209190796978,74.73622508792496,6.633190415938582
4389,61.9562506008278,76.07398568019093,6.189360943810577
4390,60.51539593088741,82.20046082949308,4.761420597179758
4391,58.21300678844696,82.92682926829268,6.15625342415675
4392,56.27346918958097,83.17046688382193,7.6036208031094015
4393,56.51873592670764,83.35146898803046,9.147778602887204
4394,56.27346918958097,83.17046688382193,10.06827794871191
4395,55.42161938453673,82.63214670981661,10.840512395524827
4396,54.568771920454665,82.45425188374597,11.36136098980789
4397,54.66085333935335,83.65695792880258,12.708501224126241
4398,54.568771920454665,84.71474703982777,14.134244140464178
4399,54.28796890907067,85.61497326203208,15.771348367925752
4400,53.80327595543538,86.34920634920636,17.36847318796821
4401,54.726091093015796,85.5421686746988,17.253028644842555
4402,55.54623856251,83.65384615384616,16.495273307610308
4403,56.273182048454395,81.58508158508158,15.401196454308874
4404,57.203568711425255,80.012077294686,14.479834027411279
4405,57.96812369968308,78.17955112219451,13.21197910147867
4406,58.58959707229071,76.08974358974359,11.950960943967265
4407,59.082836270336635,74.2782152230971,11.019402117604288
4408,59.457862591858444,72.99465240641712,9.64757210594031
4409,59.692998827769195,69.73772696704775,7.472775335484805
4410,60.20648823980748,67.67330130404942,7.238973601792063
4411,60.20648823980748,64.44749485243652,7.777214942522898
4412,60.20648823980748,61.49622512010981,10.89001133390018
4413,60.20648823980748,58.81949210706932,13.203549586395173
4414,60.20648823980748,61.908030199039125,11.797628906917616
4415,60.20648823980748,61.908030199039125,12.599908210682958
4416,60.20648823980748,61.908030199039125,13.388763673399575
4417,60.20648823980748,61.908030199039125,14.169390402707737
4418,60.20648823980748,61.908030199039125,14.943496586425399
4419,60.20648823980748,57.5840768702814,18.775761573853263
4420,60.20648823980748,60.12354152367879,18.921481081817962
4421,60.20648823980748,62.93754289636239,16.272463725044144
4422,60.20648823980748,66.02608098833218,14.327161790045466
4423,59.79877781062897,68.4959349593496,13.809366109498253
4424,58.789536045831944,70.0,12.70806757572762
4425,57.425738514707426,71.31043256997455,12.114114990749751
4426,55.19572154533874,72.42647058823529,11.87224163398771
4427,54.92613417132257,75.30193236714976,10.260603306935346
4428,54.45918084853668,77.68595041322314,9.589871205272487
4429,53.879366207908696,79.82758620689656,9.153226576670518
4430,53.84797512821753,79.98853211009174,9.747379530012019
4431,53.75362708858907,80.23917995444191,10.333808278556166
4432,53.59579178676643,80.57432432432432,10.572163094846939
4433,53.37356521097364,80.98669623059867,10.846542133305729
4434,53.0856375239178,81.46739130434783,11.157712305278903
4435,52.73024407181529,82.00636942675159,11.348615287748613
4436,52.305094650278114,82.59297520661157,11.45975899265774
4437,51.80727329362453,83.21643286573146,11.365852323253218
4438,51.2330962675656,83.86627906976744,11.660388610529441
4439,50.577908207568136,84.67289719626169,11.379063869203618
4440,49.83578258914866,86.73561151079137,9.693068884894595
4441,48.99906680066072,88.5146804835924,8.511919575189076
4442,48.05765980564808,90.0248344370861,7.59887205002029
4443,46.997795587078315,90.96671949286846,7.14761074948903
4444,45.799824434497424,92.00757575757575,6.597914865146084
4445,44.43368538791654,92.83646888567294,6.137504512833526
4446,42.84793871160002,93.47375690607734,5.783975126475068
4447,41.39049361837365,93.88833828873472,5.686935279433983
4448,40.18832023549332,94.20335761799177,5.384679039153991
4449,38.836865381988105,94.90136570561457,4.87135233298088
4450,37.29739626220149,95.43737285672769,4.566740685941271
4451,35.4977549780237,95.82753824756607,4.443919039410027
4452,33.2497153845176,96.08730369976044,4.325475508062147
4453,32.3562869714641,96.32296220107997,4.211672888690964
4454,31.38261682482358,96.5500124100273,4.051328616695906
4455,30.320681878874193,96.76801532200143,3.5159209361321784
4456,29.160040889737438,96.97669051465498,3.3743452069308595
4457,29.53735485336937,97.11625794732062,3.2462363958896705
4458,30.45975019359874,97.42596810933941,3.0456172652881612
4459,30.79765763644992,97.55930656934306,2.8925165739200316
4460,30.687726029912838,97.51481988144094,2.8368284337670078
4461,30.093130873181927,97.47497725204731,2.769680092854794
4462,30.20212792665187,97.99635701275045,2.2204300112633715
4463,28.538498064911384,98.02899864068871,2.046620357733937
4464,30.093130873181934,97.99818016378526,1.8861650365203237
4465,30.687726029912838,98.03921568627452,1.6723753918557884
4466,30.79765763644992,98.08394160583941,1.4089602476343397
4467,30.45975019359874,97.9498861047836,1.257468474438213
4468,29.53735485336937,98.02452316076294,1.0210290423413486
4469,27.51250587407592,98.03389830508475,0.8750557965269516
4470,27.444059835849306,98.10554803788904,0.8712021649837605
4471,28.10918007833655,97.99769850402762,1.0833644282188297
4472,29.978223118688017,97.74634380244545,1.4137420203356783
4473,31.58875044299011,97.37827715355806,1.64438172652435
4474,33.01300105809841,97.0886404990902,2.009942854708928
4475,34.289794983498226,96.97051663510955,2.3670567995696876
4476,35.44339634794225,96.84950773558369,2.7577261408039133
4477,36.4903744862481,96.72610347851506,3.185432758866836
4478,37.44272265827405,96.60091047040972,3.2963762080796264
4479,38.30948455814399,96.474661630469,3.63783067394703
4480,40.29605538931157,96.32425336396456,3.991982382166631
4481,42.46755568900834,96.04130808950086,4.287789623694213
4482,44.18863749591443,95.59725730783111,4.697388003595612
4483,46.503142341210804,95.18757104964001,5.51571113789521
4484,48.62350883402107,94.81865284974093,6.838488061476439
4485,50.1820191500841,94.18166596902469,8.174390729195196
4486,51.41383489335604,93.24265028521282,8.015868299162939
4487,54.04745793209057,92.82075034738305,8.448131304986406
4488,56.505236964517934,92.31898238747554,8.974947838168962
4489,58.529231712453864,91.72699069286453,9.674754584812826
4490,60.098074180661555,90.88427947598254,10.336492732266278
4491,61.39956504709214,89.75834292289989,10.685859404142782
4492,62.50539465370846,88.80145278450364,11.171326893597636
4493,63.45378032769426,88.24650571791614,12.091985547417883
4494,64.26832196512586,87.69946808510639,13.020032441744746
4495,64.96485422964817,87.17059639389737,14.03813518085899
4496,65.55455466274842,86.67146974063401,14.349925853531307
4497,66.04555745345937,86.21460506706408,13.928373310859929
4498,66.44387050339996,85.81288343558282,13.855013846799368
4499,66.75392966620485,85.47880690737834,14.016593960013735
4500,66.97894695842693,85.22364217252397,14.15110806391946
4501,68.39603552768546,84.73597359735973,14.1390886163117
4502,69.3511496278919,82.00339558573855,12.644822128383472
4503,69.3720780887094,77.29591836734694,9.532172787539173
4504,69.30924097768688,72.41962774957699,6.548907385223947
4505,69.16201212180357,67.47491638795987,5.210640744888024
4506,68.92889326912638,77.83251231527093,10.4548278843248
4507,69.47098360669457,75.58333333333333,8.8827448596156
4508,69.47098360669457,72.5,6.924504707829535
4509,69.47098360669457,69.75,4.964632966050652
4510,69.47098360669457,67.33333333333333,4.331816211262168
4511,70.30120429235551,66.92307692307692,4.300633846449838
4512,70.40237176038167,64.79591836734694,4.9923704903788595
4513,69.90228165876906,61.16584564860427,7.527148430325238
4514,69.29107593844992,59.38485804416404,8.84607319232472
4515,68.5579686181215,56.93815987933635,10.419559501203626
4516,67.68746517363728,68.89367816091954,2.4253118319978353
4517,66.65626306619843,71.48703956343793,5.298397930811812
4518,65.84172142876683,72.78645833333333,6.571668988766064
4519,65.456044759222,73.02798982188295,7.021426756892513
4520,65.38549922403686,72.42693773824651,6.521589886643732
4521,65.02218825713317,71.96969696969697,5.952010949409883
4522,64.41859956068694,71.33917396745933,5.433169487602762
4523,63.37616535456777,70.54455445544555,4.954283294156676
4524,62.30235283949086,69.24493554327809,4.399199413442432
4525,62.11707142804184,67.623701893708,4.936431933319431
4526,61.73703649475919,66.42468239564428,5.946305193368716
4527,61.13999375176071,66.60703637447824,7.0974411164951485
4528,60.28066344020155,66.70567583382095,8.404394240803096
4529,59.05512533952238,66.72384219554031,9.455026538680807
4530,56.953403716720594,66.66666666666667,10.362235032784923
4531,56.743777007183624,65.96800882515168,11.515666460791957
4532,56.42515510125781,65.43277082199238,13.045347152120232
4533,55.992045382135714,65.06153023006955,14.343438877515373
4534,55.43619461718552,64.85070717653221,15.099559646778296
4535,54.74543131354266,64.79305058763413,15.820341301211357
4536,53.90149236518328,64.8782911077993,16.43230303560997
4537,52.875530941843365,65.71978815599422,15.79327552598104
4538,51.61717702513128,66.44951140065146,14.983599109187272
4539,50.01848705336823,67.0704351727232,14.98015756139218
4540,47.56624350820676,67.58739749676306,15.175523681618275
4541,47.56624350820676,70.82434182132067,12.50273665982237
4542,47.56624350820676,74.23392317652136,9.956931521956927
4543,47.56624350820676,77.81614156236513,8.181297758975738
4544,45.91451829002641,78.58627858627858,8.2798854688498
4545,43.411499807770056,79.20831667333067,8.575501516444103
4546,43.411499807770056,83.00679728108757,6.992668961884587
4547,42.99523604235069,85.62426152028358,6.583715046488553
4548,42.068413192862465,86.79893170545593,6.395787359649111
4549,41.99818719715782,86.85909608811242,6.819350075306076
4550,41.88090210014947,86.9581605729363,7.296227266425271
4551,41.71619048396906,87.09436777321895,7.705989808113736
4552,41.50352820790735,87.26536621273463,8.116296422521254
4553,41.242224089013774,87.46830858384644,8.377346411773514
4554,42.4714693757599,87.41360494725355,8.748062803477573
4555,44.22146553960988,86.98246922790004,9.340280474674115
4556,44.709250520923675,84.48340171577769,11.266723767912813
4557,44.27760845543082,80.10185522008003,14.083268837765733
4558,43.78967973771814,75.39823008849558,17.87657711142444
4559,43.243321955310535,73.22103815744242,20.40139176203398
4560,42.63596875296275,88.57047650783072,8.65985396025663
4561,41.9645370930675,90.45469203482747,7.497539970434653
4562,39.19983423225834,90.92586896339589,7.346611964946478
4563,38.44511184351322,90.3954802259887,8.00378552583864
4564,37.618432503691395,91.61642262417456,7.24716244001595
4565,36.71416223221045,92.88285793409028,6.480215612220471
4566,35.72522681841253,93.96850813984521,5.74208000451754
4567,34.53772504032976,94.78818998716302,5.248229244579357
4568,32.93393428884142,95.26977087952697,4.821942051147117
4569,31.071478931445007,95.62751122666036,4.672986897403768
4570,28.762063709791686,95.87395148492405,4.54629798770321
4571,26.39322314255773,96.20915032679738,4.409409380950191
4572,24.830198782012637,96.62332214765101,3.8451554475279344
4573,23.625376303587554,96.7395706763872,3.7171067508387465
4574,22.308685123779775,96.85301016419078,3.6611956741918608
4575,20.860149257443698,96.96341003394946,3.563918142693268
4576,19.249405443518427,97.30713245997089,3.4143811429832494
4577,17.424733297722366,97.56054756054756,3.182765410636695
4578,15.276980434961576,97.73188896411645,2.941526830701044
4579,12.291842053933312,97.82892588965066,2.8090738470051524
4580,10.434344825890438,98.04416403785488,2.611671252501102
4581,8.2543586470295,98.18652849740933,2.3342701830830497
4582,5.237557751852812,98.26266195524146,2.076552422635016
4583,5.237557751852812,98.26266195524146,2.3242197324782192
4584,5.237557751852812,98.26266195524146,3.1272870509084583
4585,5.237557751852812,98.26266195524146,3.1329601662597564
4586,5.237557751852812,98.26266195524146,3.150869038113113
4587,5.237557751852812,98.26266195524146,3.163394021403422
4588,6.9538546023610674,98.23247453565008,3.2966377780906764
4589,9.396302188694612,98.12403100775194,3.764729377389818
4590,11.394433877135839,97.94608472400513,4.615829544235101
4591,13.136652638039287,97.69179674526735,5.301135502584137
4592,14.69530505446085,97.4914089347079,5.610847693596118
4593,16.10932556229681,97.40490579452542,5.895040576673969
4594,17.403100142090526,97.31617647058823,6.031166041379048
4595,18.593328077480496,97.22538958570885,6.266746978589011
4596,19.692141411466462,97.13275726630008,6.507222797564216
4597,20.70873227923707,97.03853955375254,6.873165809676586
4598,21.650286314595242,96.94304857621441,7.254841008339734
4599,22.5225567485985,96.84665226781857,7.647748507150318
4600,23.33023698525054,96.74977738201247,8.18679840490509
4601,23.711096442247143,94.66787166741979,7.135518663829852
4602,23.711096442247143,90.66877541798463,5.279188460359708
4603,23.711096442247143,86.7600542250339,4.503363565796785
4604,23.711096442247143,82.94170808856755,5.416230260078287
4605,23.711096442247143,93.53818346136467,9.14196168961197
4606,23.711096442247143,93.53818346136467,10.108664915606667
4607,24.07721290953338,92.87024300779458,10.578681181455872
4608,24.07721290953338,88.81247134342046,8.738216370050214
4609,24.07721290953338,84.84640073360843,6.856242152202204
4610,24.07721290953338,80.97203117835855,6.817193892841834
4611,24.07721290953338,80.99495644199908,7.885970987137134
4612,26.063332944737784,83.87939221272555,9.3884286282671
4613,26.718381185452472,86.2548828125,12.069738322035283
4614,27.319790949754147,88.59077231695085,15.13831751382339
4615,26.654523709879673,87.9512073686831,15.722551976817194
4616,26.654523709879673,87.9512073686831,16.862382159239335
4617,26.926767521437224,84.90042853541719,15.272250006440743
4618,28.796448012672325,83.55914538822303,15.3877427593259
4619,31.02253967083348,82.83541553503531,16.12719201311302
4620,32.183409198890864,81.26227208976157,16.05030204033373
4621,32.61258613843289,78.8069974189848,15.102507688946114
4622,34.195613562120656,76.26721359507765,13.951288891298146
4623,36.93630549449581,75.31355154481493,13.964223901102622
4624,38.83398915517739,74.21002234280243,13.829343470835171
4625,40.40270051401988,72.9450915141431,12.861387622445717
4626,41.75130306189015,71.50779896013864,11.578612674761512
4627,42.931206146349716,70.50126217093401,10.642255115831057
4628,44.32795189057296,69.29725667042466,8.943561730673352
4629,45.29794506756702,67.38197424892704,7.7573507117862865
4630,46.15598131153775,65.26486049332794,5.859790761242898
4631,46.91373187249754,62.944374738603095,4.942308545014703
4632,47.57988808411452,61.80405697022011,5.453403451636702
4633,48.16108987142127,60.86183918258552,6.599550420508801
4634,48.66249415729797,60.00911992704059,7.308633451084856
4635,49.08814078933597,59.2627158189454,7.66119341885487
4636,49.4411970376722,58.638743455497384,8.726786250746285
4637,49.72412523153492,58.151910982099665,9.525927137531157
4638,49.93879934311335,57.814796668299856,9.393348978363802
4639,50.08658604649715,57.63717251606525,9.3037231430468
4640,50.16839981310736,57.625434674615,9.363138863821849
4641,50.18473793784612,57.782197911486826,9.743451059566949
4642,50.135698979593066,58.10609816559246,10.199180072921825
4643,50.02098636570831,58.5918266863614,9.419088026974059
4644,49.83989749564544,59.230394544568924,8.383147878110048
4645,49.591297323744094,60.201632261161784,8.351308982063568
4646,49.27357386339924,63.413484205563414,5.922808281007899
4647,48.88457103727619,66.45131518227964,4.8423531467027745
4648,48.42149135305844,69.29311121116613,4.871606392933163
4649,48.21856858603979,70.76854731230564,6.10989450591489
4650,47.96000728385073,72.30231542158148,7.185210702082968
4651,48.39947107242619,73.14936487078405,7.786083510185878
4652,49.381173169901,73.13031795790417,7.84376515625551
4653,50.15037554429459,73.0260155180283,7.83207373971702
4654,50.74336776617787,72.83263792304126,7.710427982926643
4655,50.731730427035835,71.08045977011494,6.982683877309266
4656,50.18015920850875,67.92873051224944,7.224350170271132
4657,50.02422358060181,66.28571428571429,7.612255914170909
4658,50.206510620579515,66.57836644591612,7.957706098698773
4659,50.2426967071154,67.03490941228458,8.258848903575608
4660,50.07551075405691,66.78398592168939,8.216584561656918
4661,50.54787519045279,66.7693661971831,8.617394970533633
4662,50.54787519045279,65.14084507042253,10.567655058471182
4663,50.92291135786991,63.215377894276976,12.296452500292164
4664,50.2773072510754,60.691691269506535,15.613127312028663
4665,49.55305915302392,58.47216578626575,17.183492361411833
4666,48.7440885150364,56.23290347792106,17.765932604499728
4667,47.84260490639397,69.00562851782364,9.013652955218253
4668,46.81351333810412,70.86330935251799,7.229899331791694
4669,45.74467474666096,72.58620689655173,6.444553816467435
4670,44.55050404481791,74.10832232496698,5.418431300627842
4671,43.20684262173139,75.4424778761062,5.273829681271826
4672,41.43834705969751,76.53276955602537,5.1415302666530955
4673,40.197696577128504,77.80353520718633,4.665150324113864
4674,38.80873335201227,78.91080855793275,4.574930297954073
4675,37.2326769904537,79.86684420772303,4.522080050250429
4676,36.26589919269067,81.22270742358079,4.5140238194609985
4677,35.44074138869218,81.68553459119497,4.644740897042987
4678,33.58494732726342,78.38359469240048,5.629050128114116
4679,31.539302433136463,75.23721360796112,7.380868425883142
4680,28.654250346266064,72.20865704772476,10.632036731645087
4681,26.325704786478955,79.96162865060755,5.042986107623144
4682,23.74811714606106,80.65573770491804,4.794296676162829
4683,22.081848413707558,80.95620731217356,4.834366100699485
4684,22.081848413707558,80.95620731217356,4.934462474869068
4685,22.081848413707558,73.96544797107272,9.844396174966244
4686,22.081848413707558,77.52109280835677,7.482697606926992
4687,22.081848413707558,81.15709120128565,4.665343777612164
4688,22.081848413707558,84.87344314985938,2.310753600079636
4689,21.527577231121008,85.32200711181352,2.0187756938591295
4690,21.527577231121008,85.32200711181352,1.9595641992734611
4691,21.527577231121008,85.32200711181352,2.2605089892478767
4692,21.527577231121008,85.32200711181352,2.6276178044919303
4693,21.527577231121008,85.32200711181352,3.020351867268753
4694,21.527577231121008,85.32200711181352,3.4165018027655476
4695,21.527577231121008,85.32200711181352,3.814249180178624
4696,21.527577231121008,85.32200711181352,4.555613277709937
4697,21.527577231121008,85.32200711181352,5.6176292811093465
4698,21.527577231121008,85.32200711181352,6.525555295827227
4699,21.527577231121008,85.32200711181352,7.330734836791804
4700,21.527577231121008,85.32200711181352,8.053694776488756
4701,21.527577231121008,85.32200711181352,8.71624154665556
4702,21.527577231121008,85.32200711181352,9.331206479477752
4703,21.527577231121008,85.32200711181352,9.899414018727995
4704,21.527577231121008,85.32200711181352,10.422318736269832
4705,21.527577231121008,85.32200711181352,10.907494329858109
4706,21.527577231121008,85.32200711181352,11.360593593474027
4707,21.527577231121008,85.32200711181352,11.786571807894907
4708,21.527577231121008,77.10391149743184,17.393882986787865
4709,21.527577231121008,80.67957329118926,15.24586351371314
4710,21.527577231121008,84.29474516001581,13.384129719796121
4711,21.527577231121008,87.87040695377321,10.454019078391457
4712,20.34903935811967,88.63636363636364,9.744858960723732
4713,19.066730003831005,89.29494278331488,9.15520658834888
4714,17.663958370567357,89.85378031383738,8.831733125365293
4715,16.11634649218349,90.32035825008612,8.473791509463982
4716,16.11634649218349,93.9200826730968,5.812000487514829
4717,16.11634649218349,97.58870134343782,4.329440294088769
4718,14.384967509933178,97.85429141716567,4.307366506683277
4719,12.397482011903058,98.04047542563444,4.396187060441887
4720,9.965493821373013,98.15446650124069,4.736996123459658
4721,7.6243323911702685,98.27663719466507,4.860316143757137
4722,5.1716057614728665,98.37751702158482,4.985820481193281
4723,1.7263595531412619,98.43137254901961,5.08817402871621
4724,1.7263595531412619,98.43137254901961,5.181076694838079
4725,1.7263595531412619,98.43137254901961,5.337796038939683
4726,1.7263595531412619,98.43137254901961,5.5285384637413335
4727,3.0370119579712087,98.40501281686129,5.739413528457389
4728,5.237557751852812,98.2773851590106,5.944421259991615
4729,7.115975381672694,98.08219178082192,6.111819586383817
4730,8.781452263906967,97.81308999370674,6.312307693182855
4731,9.551523848511046,95.87332053742803,5.553884417067767
4732,9.551523848511046,92.37044145873321,4.316498865999999
4733,9.551523848511046,88.93154190658989,4.6387057204839515
4734,9.551523848511046,77.27127319257838,12.279478070659017
4735,11.254744944707303,90.53900016283993,3.429449752124667
4736,13.670691693057165,93.83966244725738,4.7343705993441745
4737,14.69530505446085,95.53264604810997,7.038923735175909
4738,13.936024857343174,92.11148648648648,6.292735865847118
4739,13.936024857343174,88.58108108108108,6.612446164779699
4740,13.936024857343174,85.11824324324324,6.551339928009375
4741,13.936024857343174,95.16891891891892,10.653937287626139
4742,13.936024857343174,95.16891891891892,11.282814180140688
4743,14.69530505446085,94.96563573883161,11.815067456136514
4744,14.69530505446085,91.30584192439862,9.681659511038477
4745,15.641842702042474,89.29508483470352,8.625276578111059
4746,17.35658324130145,88.81638571687512,8.662284832941506
4747,18.88724119512248,88.24413145539906,8.62648674191884
4748,20.27273122609578,87.5705115736238,8.4333523701508
4749,22.588279194361547,86.99777912376338,8.242450406036154
4750,24.935360226090165,86.53644192396555,8.088798437159745
4751,26.83629202948644,85.97334498579856,7.611935393722699
4752,28.479405537425844,85.29879572824358,7.527330605552514
4753,29.821921095729248,84.42294075997168,7.253365198069259
4754,30.931713307253712,83.32925336597307,6.814010570397994
4755,31.948383110981403,82.08576503425526,5.975551643919371
4756,32.42473300969072,79.28719008264463,4.088914445424571
4757,32.42473300969072,75.12913223140495,2.041636645788494
4758,32.42473300969072,71.30681818181819,4.262627347682782
4759,32.42473300969072,67.40702479338843,8.11155669812732
4760,32.42473300969072,76.44628099173553,0.4324131620418208
4761,32.42473300969072,76.44628099173553,0.4324131620418208
4762,32.42473300969072,76.44628099173553,0.4324131620418208
4763,32.42473300969072,76.44628099173553,0.4324131620418208
4764,32.42473300969072,76.44628099173553,1.6251926117899629
4765,32.42473300969072,76.44628099173553,1.8125369587404967
4766,32.42473300969072,76.44628099173553,1.8838654354888624
4767,32.42473300969072,76.44628099173553,2.2021620715954984
4768,32.42473300969072,76.44628099173553,2.5630156976389165
4769,32.42473300969072,76.44628099173553,2.9477076707748893
4770,32.42473300969072,76.44628099173553,3.356379004706403
4771,32.42473300969072,76.44628099173553,3.7672764533113767
4772,32.42473300969072,76.44628099173553,3.7066807630112186
4773,32.42473300969072,76.44628099173553,3.7343115265372178
4774,32.42473300969072,76.44628099173553,4.014848990541975
4775,32.42473300969072,76.44628099173553,4.63724051199266
4776,32.42473300969072,76.44628099173553,5.275663545117062
4777,32.42473300969072,76.44628099173553,5.909658576757303
4778,32.42473300969072,76.44628099173553,6.462110387811847
4779,32.42473300969072,76.44628099173553,6.9449454259573455
4780,32.42473300969072,76.44628099173553,6.914849709026007
4781,32.42473300969072,76.44628099173553,6.903985494083917
4782,32.42473300969072,76.44628099173553,6.906047766657396
4783,32.42473300969072,76.44628099173553,7.373825626453549
4784,32.42473300969072,69.16322314049587,14.141947305786053
4785,32.42473300969072,73.16632231404958,10.852987997480096
4786,32.42473300969072,77.27272727272727,9.06559601047794
4787,32.42473300969072,81.48243801652893,7.813613742013033
4788,31.000482394582423,82.43176178660049,8.1528825370952
4789,29.389955070280326,83.24594852240229,8.563222068928269
4790,27.52091202992886,83.93592677345538,9.143728376280231
4791,25.20505157573686,84.51230228471002,9.463955705075506
4792,25.20505157573686,76.05448154657293,14.104068135972279
4793,25.20505157573686,79.81107205623901,12.505155080820437
4794,25.20505157573686,83.65553602811951,11.315694716751311
4795,25.20505157573686,87.58787346221442,9.583183463109457
4796,24.178936289461767,88.53016142735768,9.549985541440101
4797,24.72891262588184,89.19371727748691,9.51494591619604
4798,27.063700931366935,88.81621975147155,9.964842742408337
4799,28.952081176433005,88.33673700930338,10.476191929574876
4800,28.952081176433005,74.72203312911277,18.91195676846706
4801,28.952081176433005,74.72203312911277,19.485381353922136
4802,28.952081176433005,74.72203312911277,20.041844647045878
4803,28.952081176433005,88.33673700930338,9.943880575272507
4804,27.301340964728254,90.53333333333333,8.313363177386847
4805,26.72124217118076,92.97096703776468,6.179924988315874
4806,26.115053958244676,95.36878216123499,4.11323991208213
4807,24.816521810666345,95.96774193548387,3.5644141634888555
4808,23.38578352444559,96.45135566188198,3.142391273596048
4809,21.79248994842348,96.8293620292083,2.935063282960507
4810,20.18750631001274,97.1830985915493,3.6438825604552885
4811,18.368485133835346,97.44460328806291,3.610642059323354
4812,16.226278098720577,97.6223294279807,3.6341708538627726
4813,13.246584244576374,97.72425249169436,3.7123412707221934
4814,12.351861486878214,97.84489795918367,3.9069269720264175
4815,13.097654973332098,97.90883842509393,4.2796294786407385
4816,13.924101254323833,97.9728625143044,4.735040679213738
4817,16.340048002673697,97.84782240298254,5.158349915101152
4818,18.311199011659003,97.64623221500088,5.565388322694742
4819,20.02593955091798,97.36027671582013,5.98961643946083
4820,22.97763894246165,97.23850955173066,6.8733952725496925
4821,25.761793289522966,97.09005112072356,8.033117174551657
4822,28.120918675449918,96.9120654396728,9.138944223095965
4823,30.034143205089713,96.63972777541471,10.192831227963884
4824,31.689808271359322,96.26271561256081,10.881824929583352
4825,34.09600616656519,95.94656840165823,11.944696123547308
4826,35.72629814900303,95.51558752997602,13.0122006303642
4827,36.468863860328206,93.07560557866405,12.470412985496852
4828,36.468863860328206,88.79373623684855,10.961873958793644
4829,36.468863860328206,84.80548079275752,9.546175903047985
4830,36.468863860328206,80.76828969904575,9.547228800564453
4831,36.468863860328206,91.90114998776609,16.262697469830165
4832,37.17076020344401,91.56265601597603,17.279795574712786
4833,38.4682330185557,90.77922077922078,17.74682001057373
4834,39.06978529764979,88.0794701986755,17.47812361474073
4835,40.69386367216957,85.58265582655827,16.445769031903875
4836,42.94904327294363,84.9404424276801,16.8424291843459
4837,44.755999801015285,84.15430267062314,16.869724865637412
4838,46.30296821996095,83.20918684047176,16.850923212310704
4839,47.66211592944569,82.34912394548994,16.555067436669027
4840,47.66211592944569,77.57949383517196,13.641506029387209
4841,48.284040862483316,74.56053067993366,11.798975052834036
4842,49.886021772993665,73.28005559416262,10.309066676510259
4843,51.62366557060161,72.04379562043796,9.187450605399246
4844,53.09948064038104,70.61302681992338,7.955983979930112
4845,54.38553382685768,68.97106109324758,6.473166612132377
4846,55.52045914407581,67.43892165122156,6.0153768322901735
4847,56.52831933970267,66.18165784832452,5.5657932325980335
4848,57.42546524005806,64.93087557603687,5.772691744441158
4849,58.22365245913805,63.70192307692308,6.566134070737717
4850,58.93166559239004,62.512512512512515,7.714190448027254
4851,59.55624802198663,61.38253638253638,9.57330146162359
4852,60.10267186649928,60.33369214208827,11.375109691729657
4853,60.57510575460541,59.388888888888886,12.576765659693313
4854,60.97686154810851,52.68571428571428,16.836687720894812
4855,61.31056467906612,56.850117096018735,15.873769306450368
4856,61.57827403706185,60.81242532855436,15.357971376201814
4857,61.78156710353823,65.35194174757281,12.040230285739014
4858,61.1080897079877,67.29634002361276,12.016227186082126
4859,60.28048888436709,68.93592677345538,12.718170757564337
4860,59.8369372947165,69.7687535250987,12.579618582913337
4861,59.86602956933117,70.03957037874505,13.373485064911748
4862,59.8369372947165,70.44557247602933,13.877099912710069
4863,59.749521411392394,70.98039215686275,14.20036651985697
4864,59.60336071742209,71.63434903047091,14.224616845537714
4865,59.39773950284536,72.3949809056192,13.661313377158827
4866,59.131625915641806,73.24772605671482,13.188650291489067
4867,58.803639368532345,74.17668583376894,12.651146588054047
4868,58.4120042752016,75.16539440203562,12.468467444591932
4869,57.95448593853044,76.19753086419753,12.727477601482796
4870,57.42830218855078,77.25752508361204,12.79406918331628
4871,56.830000831519776,78.74596588289535,12.216741885348819
4872,56.15528709882703,81.0918774966711,11.293441323142005
4873,55.39877507151662,83.15565031982942,10.417199079237838
4874,54.55361834699322,84.94887525562372,9.858334779919733
4875,51.85522748810419,85.61457929430011,9.862019351592245
4876,51.85522748810419,90.84916634354401,6.175085436963423
4877,50.38786922629173,91.68821573697821,5.893222472315519
4878,48.658448907875304,92.3320436158987,5.822215795863109
4879,46.47883703044011,92.80214261801139,5.811089387536371
4880,43.87010266181348,93.2079081632653,5.862167424077257
4881,41.0899135146061,93.55623100303951,5.863603614533611
4882,41.24170204986958,94.07032181168057,5.70542918913115
4883,41.81089368254798,94.23880597014926,5.510813951777456
4884,39.834650544594695,90.04563605248146,7.680753585542216
4885,37.01741931841019,86.02179836512262,11.20836069275931
4886,34.628494537234936,82.36368379859118,13.421846442814482
4887,32.921585749760794,93.59519639729797,4.3954518913973075
4888,31.81845483420398,94.0680009645527,4.318209817990795
4889,30.609993520825775,94.81997677119628,4.661676131327434
4890,29.27957424222592,95.43726235741445,4.7055107312862585
4891,27.802878487483053,95.93110871905274,4.838490577245137
4892,26.14103537300103,96.3124093639942,5.048663129606744
4893,24.04515639486424,96.5530982267384,5.242869333210511
4894,21.110907241223728,96.7043494922399,5.681118575335779
4895,19.168016159961805,96.95403359793244,5.971148180272988
4896,17.765244526698158,97.25343320848938,6.300162182082149
4897,16.21763264831429,97.60551248923342,6.795883548295401
4898,15.378266591092373,97.74843406128322,7.216138706568639
4899,15.378266591092373,97.74843406128322,7.606607892565016
4900,15.091733130779808,97.68228726103874,8.002401337735822
4901,13.670691693057165,97.45147679324894,8.315098568559712
4902,13.136652638039287,95.88176685486549,7.744899187533022
4903,13.136652638039287,92.31152441049485,5.584480258201053
4904,14.834478482466473,90.44478268222561,5.1466388714808105
4905,17.239485993540598,90.1771619014208,6.085487481878724
4906,18.929031316107466,88.25737265415549,6.032479719408351
4907,18.929031316107466,84.70062555853441,5.271805313749515
4908,18.929031316107466,81.2153708668454,6.103712156812433
4909,18.929031316107466,77.80160857908847,7.666489636646525
4910,18.929031316107466,87.5603217158177,9.913336844026473
4911,18.929031316107466,87.5603217158177,11.694139347843606
4912,18.929031316107466,87.5603217158177,13.660992964252436
4913,18.929031316107466,87.5603217158177,14.673173975212421
4914,21.31724412496326,87.17758396734088,15.263452189483834
4915,24.005928692679067,86.77462887989203,15.987790812323935
4916,26.370986213641178,86.34996993385448,16.341749065189706
4917,28.290263338002486,85.83038132944364,16.51590038870524
4918,29.96939735329708,85.20684427117176,16.96427131735035
4919,31.538733813764463,84.50799369511371,17.686600602318524
4920,33.01228478783133,83.72746429407633,17.92654615026741
4921,34.27275012415244,82.77791291656531,18.19318069837392
4922,35.420142134366486,81.68729477140693,17.68125910247145
4923,35.95599095170564,78.9758106021616,16.05975000429278
4924,35.95599095170564,74.8327328872877,13.718296378877666
4925,36.46852693695083,72.11009174311927,11.076155911055984
4926,37.68107271052769,70.80948487326246,9.927118328699144
4927,39.00671696380442,69.55410394774212,8.83129138490504
4928,40.0725781635671,68.02480070859167,7.474026961649293
4929,40.507205385784324,65.03307276007216,5.441822078986399
4930,40.507205385784324,60.91401082381239,3.8803635886430956
4931,40.507205385784324,56.915213469633194,4.399227525059806
4932,40.507205385784324,53.03668069753458,6.602282270146295
4933,40.507205385784324,61.24473842453398,4.10347838046824
4934,40.507205385784324,61.24473842453398,4.636346072673912
4935,40.507205385784324,61.24473842453398,6.24724771830488
4936,40.507205385784324,61.24473842453398,7.192632456213232
4937,40.507205385784324,61.24473842453398,7.754680214839533
4938,40.507205385784324,61.24473842453398,8.05466488324274
4939,40.507205385784324,54.960914010823814,8.649690930055058
4940,40.507205385784324,58.89957907396272,8.18301974842201
4941,40.507205385784324,62.9585087191822,11.32401837354233
4942,40.507205385784324,67.13770294648226,14.702809009133448
4943,40.144484624421125,67.76470588235294,15.685641570170407
4944,41.177683174593525,67.198314775805,16.04934084085721
4945,42.954824187033694,65.95275590551181,15.818488940425233
4946,44.47121217594896,64.54695222405272,15.126164492509128
4947,45.79897424833992,63.24491904925939,14.100156824475558
4948,46.97680989325301,62.180640518172005,14.106990739023347
4949,48.40923618781058,60.88922381311228,13.705041148532015
4950,50.77505670074159,59.33412604042806,15.152268715173104
4951,53.45564924491951,57.751776013372336,15.7765859607974
4952,56.117895663587866,56.0652845169828,17.023251879504517
4953,58.19202171461995,54.21518397764322,18.10971136250444
4954,59.81274169534599,52.13759213759214,17.799841235186918
4955,61.45451588396268,43.02023871302543,15.693219312794835
4956,63.03410133670248,45.474492594624245,17.0935193332502
4957,64.34673690943808,48.0023161551824,17.502734956952512
4958,65.59414219369766,50.67237163814181,19.71745960780554
4959,65.58440502454592,50.0,20.097092138692254
4960,64.87003510587598,47.86374133949192,20.113202682066156
4961,64.05385578354024,45.70011025358324,20.893067031044193
4962,64.05385578354024,45.70011025358324,21.66852496147143
4963,64.475310084862,46.78329571106095,22.511254526821602
4964,65.69530495187308,49.404052443384984,24.074742062073888
4965,65.32836957309377,49.053254437869825,24.51256093225188
4966,64.39057244274593,47.45277618775043,24.3232630238943
4967,65.06875627488,44.53731343283582,23.308125723249372
4968,65.373962922261,40.62119366626066,20.732440037471203
4969,65.373962922261,36.05359317904994,17.88264031038911
4970,65.79022668768036,24.688279301745634,13.954127285751289
4971,67.2194326548598,26.035502958579883,16.838173060713995
4972,67.98615396804995,27.253957329662768,17.29922168005792
4973,68.64149026296482,28.427853553481693,18.335896381268622
4974,68.55284023283384,28.695652173913043,18.180371734673525
4975,67.5581747906851,28.005657708628007,20.467545237480397
4976,67.34162622866874,27.73109243697479,21.578566570664325
4977,66.83640538226014,27.588555858310627,22.465994475174156
4978,65.9319148221833,26.85185185185185,23.062693494660536
4979,65.87145574065384,26.62295081967213,22.90395019946418
4980,65.21469292692603,25.68340750158932,22.551956919555664
4981,64.7759528596721,24.399260628465804,21.20666390631413
4982,65.15653531484128,23.759951010410287,19.150643374059257
4983,66.09148550069092,24.204616344354335,19.3381817810062
4984,67.20305741558636,25.509533201840895,20.3788935028023
4985,68.01759905301797,26.740179186767747,21.458966478597016
4986,68.29282063153214,26.963168867268937,20.039724355873176
4987,68.3976339863006,27.038327526132406,18.911618171586973
4988,68.3976339863006,27.038327526132406,17.748255909474544
4989,68.43882995590805,27.076064200976973,16.613191319755963
4990,69.05563768141498,24.363636363636363,12.7478857989464
4991,70.23245906227586,21.983089930822445,10.657283001440906
4992,71.28824066672635,19.545823195458233,9.090928745017218
4993,72.1635706947769,17.050298380221655,8.57201384202549
4994,72.88747077724648,14.540588760035682,14.681566020089445
4995,73.47840973370498,12.813370473537605,15.688479877315025
4996,73.94880343439051,12.295869356388089,17.131597108696567
4997,74.30719849756878,12.438302073050345,17.62770657239269
4998,74.55944398906816,13.293051359516616,21.16315556616817
4999,74.70935544230602,14.88277268093782,20.341328899267708
5000,74.75909268343689,18.526100307062435,15.653814566443796
5001,74.70935544230602,22.426095820591232,11.049870060549576
5002,74.55944398906816,26.48539778449144,11.372155338290376
5003,74.30719849756878,30.60217176702863,9.301082820624593
5004,73.87408877844669,32.535885167464116,8.958928296715193
5005,73.3182380134965,34.83870967741935,8.292503248300603
5006,72.62747470985363,38.57016769638129,6.977444947582259
5007,71.78353576149425,42.05214465937763,5.9858605086257
5008,70.75757433815434,45.25139664804469,4.5107694244071
5009,69.49922042144225,48.15094339622642,3.2251921570281734
5010,69.49922042144225,53.81132075471698,6.664714820364538
5011,69.24252368155682,55.53914327917282,8.178679109211838
5012,67.99420880966292,55.131964809384165,8.4920212703924
5013,67.08938043338726,53.447050461975834,6.994344664618999
5014,65.2063285209042,50.368385800401875,4.313519871297714
5015,64.27051756780897,50.099933377748165,4.547163544354266
5016,64.27051756780897,50.099933377748165,4.74266607051092
5017,64.27051756780897,50.099933377748165,4.9681538749080625
5018,64.8170267216125,51.969592259847964,7.418770287688451
5019,64.09673764248868,50.983050847457626,6.39211275625636
5020,63.94289279021683,51.178451178451176,6.874249601245071
5021,63.944938271064835,51.14247311827957,7.219929258456683
5022,63.81924556795647,50.83500334001336,6.997905727793584
5023,63.40558050310256,50.558108995403806,7.291492667550513
5024,62.23512194026179,49.266113592852584,7.420186787829758
5025,61.897247338265274,49.338374291115315,7.670350771972278
5026,61.60642800973346,48.7546699875467,7.532700490915873
5027,61.60642800973346,49.25280199252802,8.285727486112982
5028,61.60642800973346,49.37733499377335,8.309871434612232
5029,61.449610632022065,49.25558312655087,8.47021888904972
5030,61.073744819498124,49.32349323493235,8.395769149463746
5031,60.16574991843143,47.85202863961814,7.035942138688968
5032,58.82097085568711,46.86951433586893,7.367587750565565
5033,58.82097085568711,46.752486834406085,7.519233886896931
5034,58.82097085568711,46.752486834406085,8.155576632315684
5035,58.58243202827179,47.22222222222222,9.105163696528004
5036,58.31548896349326,46.71240708976558,10.137130431072938
5037,58.01895551238259,46.106094808126414,11.051153237838001
5038,57.51155910363731,45.69351230425056,12.140771279900491
5039,56.81450654933956,45.13812154696133,12.820209758747719
5040,55.91182029274886,44.940152339499456,13.80541145011771
5041,54.884123644871465,44.10987849973587,14.55547646040192
5042,52.50211008005458,42.465753424657535,15.001548906019467
5043,51.094052375390234,40.986809965803616,14.739551793642043
5044,49.22440002405104,40.21586109807602,15.596879114749552
5045,49.486058161515466,41.90023752969121,17.261355949876158
5046,49.942590463252515,42.884895580378824,18.114525561776265
5047,50.564286915093625,41.937046004842614,19.05118619303104
5048,52.391832464484125,43.5832913940614,20.055805757283537
5049,53.75570133067521,45.17475221700574,21.241385790184623
5050,54.472515700458715,46.285408872260824,21.4163043440996
5051,53.34398568058114,45.99044078597982,22.10114681173338
5052,53.64400668250008,42.67171444023796,21.62824671365719
5053,53.805956732740725,39.12568306010929,19.663780019891636
5054,53.837347812431894,36.4184008762322,18.19751869089054
5055,53.805956732740725,33.005464480874316,17.115436642439754
5056,53.71160869311227,29.69598262757872,13.611273240897718
5057,53.553773391289624,29.53813104189044,13.302465851567094
5058,53.33154681549684,30.052910052910054,15.71323110069672
5059,53.043619128441,30.8411214953271,16.434523002516467
5060,54.14938830590275,30.609057782404996,15.346747753481786
5061,55.681918296026126,29.173333333333332,11.123554777415023
5062,56.73085454292982,27.762656505171474,10.729821459383848
5063,57.48025324795189,26.397343663530712,8.020854514883926
5064,57.99721013084612,25.098039215686274,5.444306418063172
5065,58.31419922876599,23.88481084133258,5.0796328117149585
5066,58.44747661727211,22.776203966005667,4.370777252012157
5067,58.40321552261488,22.24108658743633,4.725123017735708
5068,58.17940554175791,23.185143500281374,3.9496040812858304
5069,57.76525812330776,24.233983286908078,3.917744778081573
5070,57.13760974990842,25.370675453047777,5.372781385316564
5071,56.25052625680297,26.576819407008085,5.948155780947179
5072,54.999600687576354,27.83342119135477,5.975629610673039
5073,52.852795115595576,28.06567470497691,7.0291782012837585
5074,51.468779255410965,27.758362456315528,8.420284049100545
5075,48.95371518952231,26.46358876725369,11.533692252209802
5076,48.48462523975885,26.201696512723846,13.36661711313723
5077,47.318358023227326,25.57603686635945,15.908972524239697
5078,46.73098895105376,25.126320624712907,19.139031900787437
5079,46.98505695462502,25.898273448436772,19.292034126217434
5080,47.178125219449,32.12092583845064,15.38737763962144
5081,47.3111809680821,35.20724154359219,14.448816208671294
5082,44.9597528673886,36.907501150483206,16.592062502379626
5083,45.0028755553265,36.594370096908165,17.679289672596454
5084,44.98850689796382,39.372982941447674,18.26262191311863
5085,44.916579914904545,42.26709499770537,17.98755590732191
5086,44.78675734567301,45.10696404187529,18.771746746455804
5087,44.506495037924516,47.7384684281236,18.96224591699861
5088,44.16074632333461,50.505050505050505,17.50108966580888
5089,43.747412885884664,53.112924001717474,15.647113192821134
5090,43.26383429147353,55.5881121808288,14.907528957635424
5091,42.856164306888026,57.060990585345884,16.168683452838366
5092,42.53771194103813,57.4468085106383,16.77525313868227
5093,42.16289430422995,60.07067137809187,16.576009785442345
5094,41.73003876169583,62.849482956721566,14.17540113952649
5095,41.237107694326234,65.44912411479687,12.530064267185171
5096,40.55422872706426,67.61630003606203,10.863110482729809
5097,39.98095311901109,69.93349667483375,9.757057845780391
5098,39.20327830592159,71.78100709699223,8.460720194419004
5099,38.34243175892838,73.41153470185728,7.8527004241904095
5100,37.39053549906138,74.86664574835268,7.219745935755249
5101,36.53793125396143,75.79521357164495,7.483225535443388
5102,36.33453092267362,75.25403466826062,8.262500328263377
5103,36.535337249342994,75.85482903419316,8.36781509506139
5104,36.60171366376944,76.006006006006,8.368283513185839
5105,36.535337249342994,75.94481103779245,8.435798915650123
5106,36.535337249342994,76.18476304739052,8.473004731311482
5107,36.535337249342994,76.75464907018596,8.629571380722847
5108,37.310119963654884,79.7951582867784,6.753748022398403
5109,38.195304248615344,82.96844816484224,5.242026169643732
5110,39.2830027357295,86.06831882116543,4.411188556508612
5111,39.78912933973769,86.46185010128292,4.301214672490893
5112,40.11550182155699,87.20298710115411,4.411821737746113
5113,39.77457021089305,85.78578578578579,4.792638599328936
5114,38.931501092137374,81.95561273721454,6.307443014008508
5115,38.00223405098276,78.32146175286466,8.842778043136349
5116,36.97775618441455,75.12660113196306,11.178784133048373
5117,35.84610275531547,87.374749498998,4.760407573149004
5118,34.59073090074714,88.39703051965905,4.805702883012955
5119,33.18740110501733,89.2319873317498,4.940469688078649
5120,31.597316272957766,89.89617624715117,5.119051150408552
5121,31.597316272957766,89.84553051405419,5.309168866597862
5122,32.64817708435866,90.06858013716027,5.489435134764992
5123,31.40769729977399,86.60474211684185,6.734948486212483
5124,31.40769729977399,82.42483500366659,8.8612005568826
5125,31.40769729977399,78.34270349547788,11.537393683531146
5126,31.40769729977399,86.09142019066243,7.262153610539378
5127,31.40769729977399,86.09142019066243,7.291717140002675
5128,31.40769729977399,86.09142019066243,7.287181925891915
5129,31.40769729977399,86.09142019066243,7.254615300322761
5130,31.40769729977399,78.48936690295771,11.841591047310452
5131,31.40769729977399,82.35150329992666,9.21550194753489
5132,31.40769729977399,86.53141041310194,6.06940630724694
5133,31.40769729977399,90.80909313126375,2.599203863732361
5134,30.33910105785696,91.8179674605046,2.336689264631062
5135,28.866877064560164,92.51191286589517,2.8654861442021247
5136,27.20170249334864,93.0379746835443,3.881620674839956
5137,27.20170249334864,93.0379746835443,4.966397065071142
5138,27.20170249334864,93.0379746835443,6.238357184891759
5139,27.20170249334864,93.0379746835443,8.285956473136476
5140,27.20170249334864,93.0379746835443,9.622673748622134
5141,27.20170249334864,93.0379746835443,10.568117025958728
5142,28.866877064560164,92.51191286589517,10.877787826468563
5143,30.607100653535085,91.99149539333806,11.255167047395075
5144,32.131648568080315,91.34497172362921,11.53676523079763
5145,33.49216721855478,90.56024558710668,11.342067140037358
5146,34.71894108371066,89.83772279861665,11.457793132730595
5147,35.831862131181175,89.27287807575338,11.41354166004271
5148,36.844959543773456,88.68791271892047,11.42465891903397
5149,37.7686209284226,88.08459934465296,11.209967063123548
5150,39.79427025549227,87.48447204968944,11.027117106828223
5151,41.98978148362303,86.78385416666667,10.672737092522873
5152,42.76998104271889,84.98650472334683,9.244667361380104
5153,44.032626721211805,83.51493848857645,8.591133580607812
5154,45.60991658956136,82.39410681399632,8.026055999899656
5155,46.639683723374546,80.59815950920246,6.923741330381744
5156,47.242904417334145,78.09033280507131,5.4443294866918786
5157,47.78003558516664,75.32679738562092,4.9586175731215185
5158,48.25403791757835,72.3109243697479,5.004722362641766
5159,49.08570178613923,64.51893774488464,9.59861198788009
5160,50.19767041342947,67.48522055479764,7.398093924496669
5161,51.168678162138924,70.36510194404931,5.747296687698464
5162,53.72962860676841,74.08886669995007,5.587800380313381
5163,54.566812187517165,73.60201511335012,5.447783977754247
5164,54.983061730430904,73.0126582278481,5.289698487802971
5165,55.063147590535145,72.68119614799797,5.283711632692568
5166,54.819875489521266,73.31985851440122,5.353569329229968
5167,54.211297785490906,73.8585047666834,5.7834987088442
5168,53.06903923218738,74.29280397022333,6.5472016416915455
5169,52.165782603749854,75.73200992555832,7.525715893813054
5170,52.46347604885818,78.2237832413447,9.261834730177709
5171,52.017064701149096,79.28464977645305,10.677398909773197
5172,51.36030670185152,80.20578147966683,12.345985417007642
5173,50.44670558553742,80.98218584496871,14.397226591884246
5174,50.88343265102143,80.47454275827978,15.525780612356796
5175,51.48595617684282,79.25586136595311,15.608099644297019
5176,52.22096934512849,77.08553326293558,14.931838700109083
5177,52.85088201597262,63.95856052344602,7.791265762109155
5178,53.26580926777842,65.04745951982133,7.834582589197197
5179,53.486671295093736,66.45892351274787,8.643971667946333
5180,53.63866789054194,67.25815684029766,8.93493097237109
5181,53.01486973353706,66.45962732919254,9.086738820733414
5182,51.28167222377503,74.30593358737072,15.664691978929184
5183,49.911326257587454,74.79978643886813,16.74683632900211
5184,49.86359705315751,74.88025545502927,17.636448942089647
5185,49.99281575789541,73.85026737967914,17.763141136607636
5186,50.27316228556277,71.5059588299025,16.28688249148855
5187,50.275663827765335,68.19902650081124,13.672910653029454
5188,50.21636718014404,64.90850376749192,12.39158002370491
5189,50.91883640456443,62.39870340356564,11.280525636136861
5190,52.16976197379104,61.24930901050304,10.854128943010158
5191,52.43323728819729,58.71003307607497,10.030187259657582
5192,51.93649274871635,54.98392282958199,10.342352849415756
5193,51.351502691149435,51.453790238836966,8.693392152843273
5194,50.67187444491532,48.144433299899696,8.09460566091135
5195,49.88913703726868,57.8743961352657,11.352080873987735
5196,48.99181645437967,59.23862581244197,13.130272239100485
5197,47.9638156751432,60.64113980409617,13.368432162916672
5198,47.053174894269695,61.01254868022501,14.357466989632933
5199,46.199768143361794,60.195828011919964,14.145927107893495
5200,45.05519124797519,59.1231732776618,14.590783189184505
5201,43.434139068537334,57.860351163740305,13.468749286291553
5202,41.152961889885454,55.62060889929742,13.315156932914999
5203,40.644454101986774,52.849544072948326,10.612874906878854
5204,40.28756320628653,50.50429585356743,8.432008420481788
5205,39.864418560304124,48.20381231671554,6.9420564771474735
5206,39.16153245395452,45.493257629524486,6.923208065324377
5207,39.18553040782285,44.86505432877673,8.034488623173676
5208,39.074761274121514,43.91845196959226,9.142976624540784
5209,38.1233779305614,42.310252996005325,10.41841006281797
5210,38.31851364897132,42.3949299533022,11.88204102100394
5211,38.837080432358064,42.91019581363943,13.052518655983741
5212,39.0488322886049,43.12860536138446,14.578713482319227
5213,39.0488322886049,43.12860536138446,16.034133300041287
5214,40.51636229571516,43.997248022015825,17.927055397031555
5215,42.07228591387261,44.7359216509269,18.268119485927844
5216,42.86614502935199,44.80084596404653,19.52662568511855
5217,43.32928034344005,45.02302515054906,19.898613652230278
5218,43.51986474451498,45.40291089811856,20.54748101850744
5219,44.45567569761019,45.85261658953364,21.43592376000546
5220,45.963855915150134,46.4376130198915,21.973083682989024
5221,46.505235400526985,46.51332603139832,22.933430159921546
5222,47.361112817921004,45.706786651668544,24.115631432248584
5223,48.44787783801246,43.6349392871132,24.315414925665056
5224,48.946183118143146,40.53621448579432,24.268526828588417
5225,48.946183118143146,36.6546618647459,23.8119545396506
5226,50.49083271128537,34.141331142152836,23.485975282500487
5227,52.58388749727531,32.121212121212125,21.72359279590128
5228,53.5635753192453,29.728506787330318,19.71153184821796
5229,55.52675406015752,27.376425855513308,18.38590173864452
5230,57.56111802767714,25.050200803212853,17.150497853020788
5231,59.14070348041693,22.5635593220339,17.85172956486452
5232,60.45333905315255,18.191964285714285,16.38997185532857
5233,61.57074630371571,18.955399061032864,21.32181439453138
5234,62.531177561333806,20.935960591133004,
5235,63.35827214851817,22.873711340206185,
5236,63.54055918849586,24.643320363164722,
5237,64.71039575049782,25.328083989501312,
5238,65.938111368066,25.767690253671564,
5239,67.40041172379746,23.55021216407355,
5240,68.34766873490729,21.13095238095238,
5241,68.96453472429172,18.527131782945737,
5242,69.54964103886202,15.241935483870968,
5243,69.80223870900988,14.77832512315271,
5244,70.02944723336509,15.025041736227045,
5245,70.49897330369764,15.530629853321829,
5246,70.37498767002504,15.450643776824034,
5247,70.41987410126077,15.570934256055363,
5248,70.41415416999483,15.517241379310345,
5249,72.23895316843186,16.348773841961854,
5250,72.72272184411285,15.925925925925926,
5251,72.6729650736575,15.794306703397613,
5252,73.12568800152384,13.920454545454545,
5253,73.6151937390664,12.292682926829269,
