second,entropy_g,det_g,rmse_g
30,58.35595739431881,47.91154791154791,
31,58.35595739431881,51.63800163800164,
32,56.993294461069524,53.65853658536585,
33,55.444934183620454,55.509433962264154,
34,53.670888210621875,57.19450469992769,
35,53.005135792791975,59.71147079521464,
36,52.2591763340647,62.064251537935746,
37,51.1679822669775,63.95118733509235,
38,50.1588768333302,65.88010204081633,
39,50.1588768333302,70.05739795918367,
40,50.1588768333302,74.36224489795919,
41,50.68658903084647,77.00449005772931,
42,51.52784628944416,77.75259067357513,
43,52.11862064763806,78.60404435746902,
44,52.48444525947323,78.99737876802097,
45,51.88883252877696,76.78456591639872,
46,50.48449562900732,73.4857849196539,
47,48.92641121779425,70.38575667655786,
48,47.18814946055186,67.59681093394077,
49,45.229417346924556,79.000546149645,
50,42.981433389463696,79.84293193717278,
51,41.07483274357049,80.4583228405943,
52,39.7192730052669,81.2879708383961,
53,38.23955005656762,82.37637684555894,
54,36.61958073311262,83.30697989609216,
55,36.61958073311262,83.1262706121527,
56,37.05741939931101,83.2579185520362,
57,39.377717517944234,86.62270372114932,
58,41.04955438909897,89.77495107632095,
59,40.297694680920166,88.08837656099904,
60,38.61707423249201,84.78260869565217,
61,36.75912074720851,81.7453250222618,
62,36.75912074720851,77.8940338379341,10.648793707404879
63,36.75912074720851,79.67497773820125,10.705201311571724
64,36.75912074720851,83.61531611754229,
65,38.96010769614818,87.42896112752898,
66,42.039327991685944,91.15904242711542,
67,42.219774832472055,91.20227649988144,
68,43.96392877875768,91.50606709493219,
69,46.112763230487786,91.94358116184557,
70,46.99961748637583,92.18412850635339,
71,47.269713902724625,92.22462203023758,
72,49.74146044537813,91.69169169169169,
73,52.20687043019816,91.14420062695925,
74,53.302512497572486,88.55084067253803,
75,55.28980737230844,87.74714564188248,
76,57.05733304334407,86.78478071449318,
77,58.645417816873994,85.64940962761126,20.204036489347757
78,60.08052955780541,84.61053295490382,21.4512776839789
79,61.381314945780424,83.36068263866098,22.34563028180341
80,62.56156065906104,82.29273285568065,22.92534542653627
81,63.6318188080721,81.19022316684378,22.189257654796194
82,65.01919329608735,80.25101513473606,21.823530909209328
83,66.31511154305078,78.43137254901961,21.106314735321607
84,67.1652098681411,75.9649820931158,20.37227266457501
85,67.92490111422852,73.24290998766955,21.496794533931023
86,68.59854398201618,71.0292249047014,21.619387105649007
87,69.18971628417388,70.91858946451893,21.647489082740226
88,69.70135702449552,69.65640339134315,22.19334343704839
89,70.13587093073845,68.44505243958048,21.223639610367663
90,70.49520621145106,67.30143985137018,20.64656486246078
91,70.78091263419418,66.24233851956625,20.25670880230493
92,70.99418469203505,65.28373867429661,20.13606728382928
93,71.13589309228497,64.44017299375301,17.483280471360107
94,71.81146924231743,63.462481608631684,16.797904190181264
95,71.82933532384261,59.25380461462936,13.98707450618449
96,71.77571900685074,55.01713166911405,11.430160404993243
97,71.65040265104281,50.80213903743316,9.050030611926413
98,71.4528732311357,52.66955266955267,9.200448652160498
99,71.18230954177749,56.14035087719298,9.352650351026199
100,70.83756113885876,59.478341872380064,10.309378640627559
101,70.41711762342557,62.65389876880985,10.473761774703814
102,69.41645405029264,63.81842456608812,10.687738677730655
103,67.44930170462185,60.97664543524416,8.944629688677098
104,65.03973269429811,58.19506272764063,6.181178679247141
105,61.50258978630535,55.49132947976879,4.503488301237798
106,60.91395900230716,61.021404431092755,6.274182223627133
107,60.24820658447726,61.66484118291347,5.432591090544526
108,59.50224712574997,62.380446333687566,4.601525258745675
109,58.672369367254596,63.156089193825046,4.711408897390491
110,57.75409263298227,63.98009950248756,3.829914805340137
111,56.741969147335716,64.16906820365034,3.2358405696171473
112,55.629305186521066,66.1623958011732,8.400931827393736
113,54.40775573920096,67.9750223015165,10.99990465062424
114,53.066712847603064,69.6137339055794,12.542146065877162
115,51.2656076046635,70.95002745744097,13.68810208624827
116,48.82776947279265,72.0031545741325,11.993886142900337
117,45.79296891258927,72.92400603925516,11.183718977208997
118,42.18913730723799,73.7768136900458,16.340622108166578
119,38.35968240707974,74.56687456687456,9.965348432065232
120,36.73111944023986,75.21710086840348,8.113627684077448
121,34.94031359464657,75.86354859472216,9.088305595152393
122,32.954824863108875,76.77206034304608,7.167124269105623
123,30.722811013462692,77.57213930348259,7.772438632132258
124,28.14787632163164,78.27169955930255,8.6266870402316
125,24.978879543830654,78.87843571296808,7.936325316092381
126,22.373071134808015,79.5127156322248,7.799684061374683
127,19.17378889023721,80.06171781244643,8.08591259854014
128,15.98170861532776,80.6456953642384,7.805262447846822
129,15.00632659294307,81.89219996743202,7.769608905442918
130,15.00632659294307,85.19785051294578,8.859399338492535
131,15.00632659294307,88.69890897248006,8.769889306624995
132,17.273707495739,92.12402586635716,9.113699354079865
133,19.168429412702523,92.33837460528503,9.30232809622375
134,18.999509839124787,92.38443631526438,9.845756300382668
135,18.04201530056122,90.76344613372568,9.958272472795226
136,20.30939620335715,88.81305143998668,9.966346174616469
137,23.939315144464974,88.41705506645953,10.781723163099018
138,25.644792469184505,86.3900123087744,11.62660290430691
139,25.644792469184505,75.80446632671004,10.649970349558723
140,25.644792469184505,75.80446632671004,10.594098671100117
141,25.644792469184505,75.80446632671004,10.78381254238986
142,25.644792469184505,88.18357657816071,10.812486584437776
143,22.781121985503447,88.5874173308462,11.08166636518612
144,22.781121985503447,88.5874173308462,11.513344924269493
145,22.781121985503447,88.5874173308462,11.870904147121415
146,22.781121985503447,88.5874173308462,12.170312379345305
147,22.781121985503447,88.5874173308462,12.446761526716914
148,22.781121985503447,88.5874173308462,12.725036932045883
149,22.781121985503447,88.5874173308462,13.008965204115873
150,22.781121985503447,88.5874173308462,13.276899618601234
151,22.781121985503447,81.48210954722741,10.11327995214543
152,22.781121985503447,84.89062235034764,12.571223993271204
153,22.781121985503447,88.36696625402747,13.132823126653227
154,22.781121985503447,91.91114125826691,12.302342231830936
155,21.06831838026169,92.0233139050791,11.907770734182877
156,21.06831838026169,92.0233139050791,11.57817724846493
157,21.06831838026169,92.0233139050791,11.73133175879497
158,21.06831838026169,92.0233139050791,11.846826425532173
159,21.06831838026169,83.91340549542048,12.991379877392593
160,21.06831838026169,87.32722731057451,12.241892774872312
161,21.06831838026169,90.80766028309742,11.128822259046164
162,21.06831838026169,94.35470441298918,12.48788977178424
163,18.80093747746576,94.42354865085855,12.488503920555912
164,18.80093747746576,94.42354865085855,12.488503920555912
165,18.80093747746576,94.42354865085855,12.488503920555912
166,18.80093747746576,94.42354865085855,12.488503920555912
167,18.80093747746576,94.42354865085855,12.488503920555912
168,18.80093747746576,94.42354865085855,12.488503920555912
169,18.80093747746576,94.42354865085855,11.975694506678174
170,18.80093747746576,94.42354865085855,11.58395902401012
171,18.80093747746576,94.42354865085855,11.432988171411584
172,18.80093747746576,94.42354865085855,11.59961795488596
173,18.80093747746576,94.42354865085855,11.824303063256062
174,18.80093747746576,94.42354865085855,12.046993993126351
175,18.80093747746576,94.42354865085855,11.01409420833059
176,18.80093747746576,94.42354865085855,10.494244404318433
177,18.80093747746576,94.42354865085855,10.127118527086123
178,18.80093747746576,94.42354865085855,9.851671105284128
179,18.80093747746576,94.42354865085855,9.631157374808016
180,18.80093747746576,94.42354865085855,9.918952206365594
181,18.80093747746576,94.42354865085855,10.15544199513927
182,18.80093747746576,94.42354865085855,10.351070058163417
183,18.80093747746576,94.42354865085855,10.052055577021155
184,18.80093747746576,94.42354865085855,9.846106119771248
185,18.80093747746576,94.42354865085855,9.722837525540498
186,18.80093747746576,94.42354865085855,9.617310165739907
187,18.80093747746576,94.42354865085855,9.542515571553272
188,18.80093747746576,94.42354865085855,9.495190631385308
189,18.80093747746576,85.44562551103843,13.764929703700306
190,18.80093747746576,88.83074407195421,12.24401844982344
191,18.80093747746576,92.28127555192151,10.172092048680275
192,18.80093747746576,95.79721995094032,4.951276761645182
193,15.56535232983739,95.92738752959747,5.124653884939363
194,12.658704091356135,96.08052463016624,5.2736829639122424
195,8.63630289778722,96.1691468984824,5.403704559008533
196,8.63630289778722,99.57271253867688,
197,4.049349277294945,99.58701224722302,
198,-0.0,99.61432506887053,
199,-0.0,99.61432506887053,
200,-0.0,99.61432506887053,
201,-0.0,99.61432506887053,
202,-0.0,99.61432506887053,
203,-0.0,99.61432506887053,
204,-0.0,99.61432506887053,
205,-0.0,99.61432506887053,
206,-0.0,99.61432506887053,
207,-0.0,99.61432506887053,
208,-0.0,99.61432506887053,
209,-0.0,99.61432506887053,
210,-0.0,99.61432506887053,
211,-0.0,99.61432506887053,
212,-0.0,99.61432506887053,
213,-0.0,99.61432506887053,
214,-0.0,99.61432506887053,
215,-0.0,99.61432506887053,
216,-0.0,99.61432506887053,
217,-0.0,99.61432506887053,0.01086188814478438
218,-0.0,99.61432506887053,0.008089303896692997
219,-0.0,99.61432506887053,0.005392869264463539
220,-0.0,99.61432506887053,0.00404465194834794
221,-0.0,99.61432506887053,0.003235721558679734
222,-0.0,99.61432506887053,0.002696434632229458
223,-0.0,99.61432506887053,0.0023112296847652316
224,-0.0,99.61432506887053,0.0020223259741690746
225,-0.0,99.61432506887053,0.0017976230881485658
226,-0.0,99.61432506887053,0.0016178607793323873
227,-0.0,99.61432506887053,0.0014707825266634972
228,-0.0,99.61432506887053,0.001348217316108691
229,-0.0,99.61432506887053,0.0012445082917913572
230,-0.0,99.61432506887053,0.0011556148423765777
231,-0.0,99.61432506887053,0.0010785738528838519
232,-0.0,99.61432506887053,0.0017387310614504466
233,-0.0,99.61432506887053,0.7257531702833714
234,-0.0,99.61432506887053,1.6106417705893148
235,-0.0,99.61432506887053,2.676590895093848
236,-0.0,99.61432506887053,2.6890101771871944
237,-0.0,99.61432506887053,2.701372365333942
238,-0.0,99.61432506887053,2.71367823948776
239,-0.0,99.61432506887053,2.7259285620639693
240,-0.0,99.61432506887053,2.7381240784728287
241,-0.0,99.61432506887053,2.7502655176357997
242,-0.0,99.61432506887053,2.762353592484412
243,-0.0,99.61432506887053,2.774389000441671
244,-0.0,99.61432506887053,2.7863724238862693
245,-0.0,99.61432506887053,2.7983045305999954
246,-0.0,99.61432506887053,2.8101859741988493
247,-0.0,99.61432506887053,2.8220173945484244
248,-0.0,99.61432506887053,2.8343338089229384
249,-0.0,99.61432506887053,2.8480481990822804
250,-0.0,99.61432506887053,2.863990943052699
251,-0.0,99.61432506887053,2.884014978074475
252,2.3018127375216824,99.6078431372549,2.910639337375404
253,2.3018127375216824,96.28851540616246,2.9182726449714655
254,2.3018127375216824,93.02521008403362,6.150759291749921
255,2.3018127375216824,89.81792717086834,10.341165362350429
256,2.3018127375216824,98.43137254901961,1.391952768970307
257,2.3018127375216824,98.43137254901961,1.4288714507257843
258,2.3018127375216824,98.43137254901961,1.4699333455937438
259,2.3018127375216824,98.43137254901961,1.5151006327193648
260,2.3018127375216824,98.43137254901961,1.564296422861271
261,2.3018127375216824,98.43137254901961,1.61740561065822
262,2.3018127375216824,98.43137254901961,1.6742760361558955
263,2.3018127375216824,98.43137254901961,1.7347194434087565
264,2.3018127375216824,98.43137254901961,1.7985126324427452
265,2.3018127375216824,98.43137254901961,1.8653556667647049
266,2.3018127375216824,98.43137254901961,1.9348583763373879
267,2.3018127375216824,98.43137254901961,2.0065701862213765
268,4.600313464622769,98.40478564307078,2.079944459059054
269,8.63630289778722,98.33505230587889,2.1538110435884796
270,11.8997819144516,98.2314377191645,2.226766121547985
271,14.57096101456554,98.05963085660198,2.297751875879595
272,16.901048509906595,97.81295903378489,2.364726895166777
273,18.98651110098076,97.6194496032416,2.42495498807857
274,20.879266214956733,97.53797799895233,2.4790995222125844
275,22.611833614173246,97.45441415417946,2.553062346356817
276,24.20648442871258,97.36891211046837,1.488992375598962
277,25.679400454831654,97.28166570271833,1.509113574204995
278,27.042843957828225,97.19291260203066,1.5612144385273257
279,28.306402242347275,97.10293815492089,1.6090950329919915
280,29.47775314861559,97.01207883026065,1.652298030824398
281,30.56316185476884,96.92072504913736,1.6904124373020213
282,31.567817326096673,96.82932313919497,1.7230749526140872
283,32.49606818058318,96.73837612768911,1.7499706873321663
284,33.35159282352436,96.64844307107202,1.7708332926003163
285,34.13752512388218,96.56013661868748,0.6842322498562419
286,34.85654912268798,96.4741185296324,0.6064351232536496
287,35.51097161110198,96.39109291016125,0.5327508796418663
288,36.10277853129673,96.31179701804865,0.46257658207695324
289,36.63367930781738,96.23698959167334,0.8565544492537799
290,37.10514200298751,96.1674368034792,0.8972228470695487
291,37.518421371115515,96.1038961038961,0.9752269612778609
292,37.87458132136213,96.0470984020185,1.3706722827295077
293,38.17451290107082,95.99772920806132,2.285128179502152
294,38.41894862507132,95.95640952107829,3.4929010450855635
295,38.608473766260836,95.92367736339983,3.458931212624731
296,38.74353506497932,95.89997092177958,3.4276227409695115
297,38.82444719325058,95.88561423985993,3.398541124318378
298,38.851397213644255,95.88080631025416,3.371904365023977
299,38.82444719325058,95.88561423985993,3.3479569440434074
300,38.74353506497932,95.89997092177958,3.3265615980628804
301,38.608473766260836,95.92367736339983,3.3076894729660933
302,38.41894862507132,95.95640952107829,3.291436211215431
303,38.17451290107082,95.99772920806132,3.280269966696814
304,37.87458132136213,96.0470984020185,3.260082268790068
305,37.518421371115515,96.1038961038961,3.260657457634945
306,37.10514200298751,96.1674368034792,3.268210822717366
307,36.63367930781738,96.23698959167334,3.282408737541849
308,36.10277853129673,96.31179701804865,3.3164891014906863
309,35.51097161110198,93.39646787816739,4.801514698458947
310,38.60322200647314,95.10033880635913,3.5899814909339076
311,39.29567324808558,94.7054243446665,3.7822029189026476
312,38.53796558475302,92.2629582806574,5.925496288548107
313,35.967514445021074,88.39765510503176,9.992756934304136
314,35.09411679073482,84.60807600950119,13.255595807521546
315,34.14582723601194,96.67743424088602,0.656612778518377
316,33.11866783292274,96.7756381549485,0.6753784532880286
317,32.00791089265676,96.87364307425098,0.7017334044666916
318,30.807879405257356,96.97097181320993,0.7338180563802633
319,29.511666517578636,97.06720977596741,0.7695673617855426
320,28.110728713661157,97.16200236499803,0.8073434509035723
321,26.59427284246927,97.25505146778498,0.8459022274158499
322,24.948287469072998,97.34611131588647,0.8846265109207754
323,23.15391599875751,97.4349839686498,0.5508614816162628
324,21.18449420782586,97.52151462994837,0.5282829967965381
325,18.999509839124787,97.82174925174593,0.511672522433803
326,16.529976015870748,98.04047542563444,0.5137100746519611
327,13.630331292915132,98.18492088116662,0.5233873045376902
328,9.614812334232534,98.26191189691339,0.5346725123619978
329,5.585587984398128,98.33478134955112,0.545370131313849
330,5.585587984398128,98.33478134955112,0.545370131313849
331,5.585587984398128,98.33478134955112,0.545370131313849
332,5.585587984398128,98.33478134955112,0.545370131313849
333,5.585587984398128,98.33478134955112,0.545370131313849
334,5.585587984398128,98.33478134955112,0.545370131313849
335,5.585587984398128,98.33478134955112,0.545370131313849
336,5.585587984398128,98.33478134955112,0.543828384219106
337,5.585587984398128,98.33478134955112,0.5418495105715472
338,5.585587984398128,98.33478134955112,0.5394758679784264
339,5.585587984398128,98.33478134955112,0.5367480141381987
340,5.585587984398128,98.33478134955112,0.5337048624966226
341,5.585587984398128,98.33478134955112,0.5303995977732827
342,5.585587984398128,98.33478134955112,0.52688815302869
343,5.585587984398128,98.33478134955112,0.5232161953872644
344,5.585587984398128,98.33478134955112,0.5194166977673271
345,5.585587984398128,98.33478134955112,0.5155263405898916
346,5.585587984398128,98.33478134955112,2.1664786613516864
347,5.585587984398128,98.33478134955112,2.581090828109059
348,5.585587984398128,98.33478134955112,2.674581752049385
349,5.585587984398128,98.33478134955112,2.6753771112530087
350,5.585587984398128,98.33478134955112,2.7024251518979425
351,5.585587984398128,98.33478134955112,2.725241809281664
352,5.585587984398128,98.33478134955112,2.744748608806442
353,5.585587984398128,98.33478134955112,2.786689707364036
354,5.585587984398128,98.33478134955112,2.9283326882171856
355,5.585587984398128,98.33478134955112,3.0934431989177535
356,5.585587984398128,98.33478134955112,3.2748192439927832
357,5.585587984398128,98.33478134955112,3.464627141124124
358,5.585587984398128,98.33478134955112,3.6576258422261954
359,5.585587984398128,98.33478134955112,4.157120295219023
360,5.585587984398128,98.33478134955112,4.993534415959387
361,5.585587984398128,98.33478134955112,6.129068845939806
362,5.585587984398128,98.33478134955112,6.327817356747695
363,5.585587984398128,98.33478134955112,6.518523353231961
364,5.585587984398128,98.33478134955112,6.70052456340072
365,5.585587984398128,98.33478134955112,6.879866604685183
366,5.585587984398128,87.99594555459021,6.142434128247035
367,5.585587984398128,91.22502172024326,5.357637785787849
368,7.877380720882684,94.46162910590661,4.882135503238261
369,11.140859737547062,97.74424630391708,6.999796583390377
370,12.292933779892172,99.39553626782393,7.523994305854329
371,10.628513950700318,99.24172082946457,7.654225056786386
372,13.983113068808338,99.10313901345292,7.7217285180612
373,13.983113068808338,95.56374119154388,6.522285418168492
374,15.00632659294307,93.63295880149813,3.9039850729373575
375,16.913667356620024,93.1997980138024,3.773636929426883
376,19.511276627176127,92.85465318926455,3.1010851087464517
377,22.360088800724295,92.60665220535068,3.0674724332474157
378,26.846652176777013,92.4319248826291,3.1832489138928204
379,26.846652176777013,88.73239436619718,3.863634523121995
380,26.846652176777013,85.10798122065728,6.662675125289661
381,26.846652176777013,81.55868544600939,7.514536380634487
382,26.846652176777013,90.85446009389672,1.9218032523762405
383,26.846652176777013,90.85446009389672,1.9218032523762405
384,26.846652176777013,90.85446009389672,1.9218032523762405
385,26.846652176777013,90.85446009389672,1.9218032523762405
386,26.846652176777013,90.85446009389672,1.9113271006399124
387,26.846652176777013,90.85446009389672,1.725674734849077
388,26.846652176777013,90.85446009389672,1.8379262360760291
389,26.846652176777013,90.85446009389672,2.4954908918440326
390,26.846652176777013,90.85446009389672,2.4511064129867046
391,26.846652176777013,90.85446009389672,2.4124302345032764
392,26.846652176777013,90.85446009389672,2.3906618970817073
393,26.846652176777013,90.85446009389672,2.4121171528991887
394,26.846652176777013,90.85446009389672,2.470294738476641
395,26.846652176777013,90.85446009389672,2.6114105633764058
396,26.846652176777013,90.85446009389672,2.7842378676170223
397,26.846652176777013,90.85446009389672,2.897231845868756
398,26.846652176777013,90.85446009389672,2.948459851178196
399,26.846652176777013,90.85446009389672,2.94765229270787
400,26.846652176777013,90.85446009389672,2.9368722498426623
401,26.846652176777013,90.85446009389672,2.904082666823309
402,26.846652176777013,90.85446009389672,2.8223634503750183
403,26.846652176777013,90.85446009389672,2.7579210494553816
404,26.846652176777013,90.85446009389672,2.7435027623847796
405,26.846652176777013,90.85446009389672,3.402508172991188
406,28.533200226027414,90.71592649310873,3.539282842435751
407,28.533200226027414,86.98315467075038,2.868892026194483
408,28.533200226027414,83.32695252679939,3.4113904603517198
409,28.533200226027414,79.74732006125575,5.648630953164797
410,28.533200226027414,88.05513016845329,2.6994644652043602
411,28.533200226027414,88.05513016845329,2.8644451467766086
412,28.533200226027414,88.05513016845329,3.068247517040955
413,28.533200226027414,88.05513016845329,3.4120854978753794
414,28.533200226027414,88.05513016845329,3.9847675788980106
415,28.533200226027414,88.05513016845329,4.41157881941377
416,28.533200226027414,88.05513016845329,4.781051661541028
417,28.533200226027414,88.05513016845329,5.184340523006799
418,28.533200226027414,88.05513016845329,5.575318055933001
419,28.533200226027414,88.05513016845329,5.887526943682883
420,28.533200226027414,88.05513016845329,6.146400549938445
421,28.533200226027414,88.05513016845329,6.34248438990256
422,28.533200226027414,88.05513016845329,6.530948836051244
423,28.533200226027414,88.05513016845329,6.717239330356214
424,28.533200226027414,88.05513016845329,6.848634399378707
425,28.533200226027414,79.76646248085758,12.107158048109024
426,28.533200226027414,83.34609494640122,10.168041331386156
427,28.533200226027414,87.00229709035222,7.051631736892295
428,28.533200226027414,90.73506891271056,6.32856907037568
429,26.754115723051992,91.32766272189349,6.154344486760217
430,24.79969243155009,91.82142857142857,4.420776347449656
431,22.629428780232615,92.22413793103448,4.405395215558208
432,20.07392706498984,92.52787485438509,4.333898770357725
433,20.174347995182753,94.3242343541944,2.5753169463700694
434,22.629428780232615,97.70689655172414,4.045920950917809
435,21.943416384730398,97.57231404958678,5.233640736062823
436,19.9546337541867,97.30425824175825,6.564477794327711
437,19.9546337541867,97.44162087912088,7.092354481530896
438,18.622824702909384,97.60027425437093,7.5039496868241455
439,18.661093065969425,97.56479387719604,7.875184478556969
440,21.731047781398516,97.47793190416141,8.265460493942502
441,23.27077063646128,96.85464358831193,8.462569960159625
442,26.230364642159483,96.43270343231778,8.245780087235305
443,28.59986123867299,95.94405594405595,9.682193073488644
444,29.9042270303932,95.04848359810192,9.793642181419806
445,31.112582178723233,94.01745795188418,9.27182599936542
446,32.23184084293975,92.84302963776071,7.719051179454788
447,33.267687818313,93.28206288170097,8.782927816590815
448,34.22485910099274,92.94528521536671,8.710747635920553
449,35.10734151601405,92.60234618146995,8.897368716605676
450,37.13612576212897,92.2714887292544,9.503785463643673
451,39.80002569874326,91.81935483870967,10.355168535291039
452,42.02885422871936,91.23891427035743,9.755605185222937
453,43.96795784634758,90.51748251748252,10.937763679259715
454,43.96795784634758,86.18181818181819,11.288851074113314
455,43.96795784634758,81.95804195804196,9.363870161078392
456,43.96795784634758,77.84615384615384,10.4942086636183
457,43.96795784634758,86.6013986013986,16.321805907184743
458,43.96795784634758,86.6013986013986,17.757173342404368
459,43.96795784634758,86.6013986013986,19.122659677507677
460,44.85169917465472,86.1055634807418,20.09377216624494
461,46.475517151931136,84.98961732423614,17.90975664959353
462,47.933085591144994,83.6979969183359,19.350968117169625
463,49.24639312679298,73.55292612727854,16.058719351805745
464,49.87996574411062,75.4345687110528,18.39591008987108
465,50.76067270046593,77.70270270270271,20.452624470261092
466,53.38618042115723,80.9004572634541,21.379131812940123
467,54.894749024685694,80.4246131702051,22.236728251802532
468,57.68548873933896,79.39736346516007,22.56337484278842
469,59.87251480459663,78.18038597873178,23.240273025462763
470,61.31249315842346,76.41277641277641,23.09001062124027
471,61.71404843543356,73.08013355592655,20.285223234242583
472,63.12247394094944,70.59836418424452,15.749430092202141
473,65.43514615913311,69.0229626294462,14.807095780362197
474,66.53844648813624,66.23436776285317,13.136581873935732
475,66.73597590804336,62.28357510528779,14.534786633462176
476,66.8612922638513,58.219500706547336,13.635787727702807
477,66.91490858084316,54.463863958431745,14.003018233356126
478,66.89704249931799,56.960830580462485,13.91364706079818
479,66.80762161966396,56.317519962423674,13.853009625625942
480,66.64628172974467,55.84536562645552,14.48710462266121
481,66.41235780488407,55.545329038196044,13.387558304071737
482,66.10486721582258,55.41458994109651,12.691785895426062
483,65.72248405765353,55.44686527345487,11.98739300928007
484,65.2635028550812,55.63288386254894,11.377923185171637
485,64.72578901050314,55.960967331353416,11.515828477605513
486,64.10671209392208,56.41766405282707,10.169948488398074
487,63.403056187043795,56.98838606327593,10.033556754826437
488,62.61089857751182,57.6580069794494,9.994653696998073
489,61.725443421476605,58.411390033720494,10.45010499710156
490,61.266863829407384,57.87923416789396,9.35758312870881
491,61.2459364429466,57.89473684210526,8.791191535163083
492,61.2459364429466,57.89473684210526,8.043926260700305
493,61.2459364429466,57.89473684210526,7.155842599222883
494,62.25979316064282,55.93738067964872,6.772138089317677
495,63.17029845032545,55.91142744167655,6.464769194455174
496,63.98398116632203,55.1695954229669,6.124501452911764
497,64.7061092475336,48.08259587020649,7.193369929430747
498,65.34096669465286,51.7555266579974,7.317637469591744
499,65.89204907876187,55.624722098710535,7.990385714212517
500,66.362204569613,59.66348340154616,8.817393610415188
501,66.35257968444401,62.848014605203105,9.615031187327906
502,66.68246847895608,67.09976798143852,7.715595245956888
503,64.90583143028951,68.34759117514633,7.6203162514705385
504,65.11910348813036,68.54802002730997,7.416513848817397
505,65.2608118883803,68.86749197615772,7.281502083566883
506,65.65044225151846,68.12470916705445,6.942482427353677
507,66.25648220917914,60.54259876249405,6.837868297414493
508,68.40613237007234,62.07065750736016,7.036168049621167
509,71.60178194616422,64.6067415730337,7.015873231195883
510,73.65574290611964,67.07317073170732,6.8098694013902845
511,74.83852089692694,68.30453563714903,7.830876964368217
512,75.6753853947927,69.27710843373494,8.693811771076266
513,76.22758195272623,70.85176991150442,10.311843819857152
514,76.92693510340331,71.08977978543196,11.694949129879234
515,76.92693510340331,66.51609260304913,11.567727477559062
516,77.93124762092548,63.60485268630849,11.447831118789388
517,77.91111886911403,53.2602423542989,17.299570022223104
518,77.81034564489481,52.83993115318417,18.042495593980764
519,77.62840585612528,52.299829642248724,18.01860816276794
520,77.36434247003656,64.57750419697818,15.699201225868476
521,76.4392528717989,66.75661090124123,16.385560904483686
522,75.36776769858993,68.70783601453036,17.064758921014306
523,74.1320038992723,70.4330512692882,16.541220456828704
524,73.44490056894588,73.55090112031174,13.636766226337903
525,73.44490056894588,78.37311251826596,10.559115071794732
526,71.91043501527619,79.73917093619004,9.27072776438612
527,69.21177535136162,80.59370846256093,8.7146709835622
528,67.24462300569083,81.60676532769556,7.193483280348845
529,64.83505399536709,82.42644095122934,6.089195904430248
530,61.29791108737433,83.07101727447217,6.728596591773051
531,60.38545973840098,85.88058580548254,4.172392318106589
532,59.21989733262362,88.58715596330275,3.8507833048487927
533,57.91326472081939,91.2513445679455,3.7835128048817497
534,54.31541024230068,91.65241190557646,4.580553488731109
535,54.31541024230068,91.65241190557646,4.680430385602404
536,54.31541024230068,91.65241190557646,4.775428704530803
537,54.31541024230068,91.65241190557646,4.854756176572407
538,54.31541024230068,91.65241190557646,4.92338938617228
539,56.3927420088766,91.45359019264448,4.836895137366964
540,59.21989733262362,90.93577981651376,4.157608791103549
541,61.444486562757106,90.24202842873608,4.160484503570545
542,63.31720964155803,89.35315387705906,4.101270509880429
543,64.93398510957388,88.58581619806967,4.133552453250862
544,66.34613806469302,88.09628008752735,4.035920480951652
545,67.58554675652482,87.60820045558087,4.3834827247396655
546,71.01473422715803,86.91902252036417,4.584322432322348
547,73.31254683693503,75.59134373427277,12.332826651940024
548,75.16386387557789,79.26121372031662,10.488873004384123
549,76.71328108176182,82.93760353395913,9.16856755819633
550,78.02872711678093,87.55043227665706,4.81255850085507
551,77.3977370188599,88.15111619919863,4.512884496376926
552,78.0891593967089,88.13559322033899,4.7138001432805
553,78.61360814586841,88.17587641117053,5.313490968697566
554,78.98161231115297,88.27420324714372,5.802741594670187
555,79.19991004739951,88.43125378558449,6.052389538456687
556,79.2722711204061,88.64602307225258,6.533492001642994
557,79.19991004739951,88.91580860084797,6.6662436488575185
558,78.98161231115297,89.23631990378833,6.623249598766
559,78.61360814586841,89.60190136660725,6.1512228753379725
560,78.0891593967089,90.00584453535944,6.223028371429779
561,77.39773701885987,90.440755580996,6.132285010367105
562,76.52350353601379,90.89893914014517,5.9977116608591805
563,75.4424339766369,92.07813347802495,4.88073203116959
564,74.11634018510524,93.011035207567,4.300095457614775
565,72.47829520430324,93.70877727042111,3.5028045338039338
566,70.38457400286704,94.1866145578896,3.132170691528033
567,68.25298737384963,94.64033850493654,4.04592833533055
568,64.98332931363434,94.89841986455981,5.362362295004823
569,62.49612604852435,95.08053983456682,6.515612560009782
570,61.23161181654327,95.2421052631579,7.78171554182216
571,59.757172341054854,95.69280780170662,9.278538859666435
572,58.02185118581405,96.28180039138944,10.361752148905511
573,55.93006122820382,96.68799397817087,12.0042398065472
574,53.231401564289236,96.92808095410192,12.874161618804212
575,51.767753576699874,97.02549575070822,13.737042318852742
576,50.4578672124675,96.92253272019809,14.414634426752402
577,52.39012775965984,96.57559198542805,14.291642102346339
578,55.10018972479566,96.28517823639775,14.896865959531834
579,55.95489092670195,95.17426273458445,14.01615717799729
580,56.66353250177365,93.87914230019493,12.844786484807903
581,57.23658787498595,92.40205777601899,11.671860178746908
582,57.68163479688289,92.67120544653584,12.172518502984747
583,58.00408038684272,92.60606060606061,12.669742315379525
584,58.207607212376494,92.56399837464446,13.156592734416316
585,57.62957480787381,88.10939357907253,11.819917970282338
586,56.96865126979828,83.76397994600849,6.847546523194575
587,56.22128487530953,79.55821789591913,4.804460556229547
588,57.44869544734227,77.3318468970643,3.933062280207447
589,59.35339137299235,76.89408217112702,4.159261145496761
590,60.59999162079188,76.3629431948151,3.331668188700872
591,61.43106766652058,75.74009996155326,1.6717669278579728
592,61.932222083219195,75.33822960958639,1.782961374777683
593,62.141311920167716,75.28089887640449,1.8730428065593971
594,62.07197322291051,75.30003871467287,1.9968970073699328
595,61.719807479268646,75.39529502506748,2.7253761523193587
596,61.06050048988712,76.06281118345461,3.725668759235718
597,60.03736565521896,76.64012135001896,6.08366692535808
598,58.51448876185097,77.12467240733808,8.738767620787302
599,57.44869544734227,77.3318468970643,8.795969885365247
600,59.459602404062196,76.84170759350208,9.382329356860856
601,60.82282723565558,76.25430869398699,9.220512815974194
602,61.78321267448738,75.02903600464576,9.212848194495907
603,62.42946994600109,75.84861490440889,9.662359820425946
604,62.803873961179754,76.8718149745198,12.809390031803527
605,62.926649186378,77.81703965449549,13.34537402507664
606,63.495417164255436,77.81337605126151,14.495718284966047
607,64.59783129627385,77.50937109537692,15.504902471565185
608,65.58127568607725,77.2589710332901,17.021789607380892
609,69.0796331734016,76.62870159453303,17.544991180847454
610,71.44911226567663,75.8273381294964,17.625765524104146
611,73.37477936187692,74.83610690872416,19.68221055139441
612,75.00143918455838,73.63684489147697,19.732573421304878
613,76.39725480506242,73.15585135884636,21.251765029950363
614,77.60183910785051,72.7536231884058,21.360555420106184
615,78.1407966835666,70.21906453522794,18.805257622401427
616,78.1407966835666,65.66015393724098,18.848372159355314
617,78.1407966835666,61.33806986382475,18.92714886459345
618,78.1407966835666,57.25281231497928,13.471950343089022
619,78.1407966835666,67.61397276494968,20.28236335463866
620,78.67147373000908,66.62636033857315,20.896623082631923
621,79.4998745505937,64.26332288401254,21.014081760411667
622,80.2446433871549,61.73800259403372,20.609908577910286
623,81.01220341352426,59.261744966442954,15.699805604484913
624,84.18822149994679,57.93201133144476,13.44438550169981
625,86.22153059288247,56.40834575260805,12.518832392955003
626,87.79593663444457,54.6875,14.322967403665471
627,89.05480017675085,52.77324632952692,15.840041497615951
628,89.82169096990488,51.01010101010101,19.577250130280273
629,90.1849760639842,48.113207547169814,13.625164187195837
630,90.4137784298279,45.138888888888886,14.296710297418313
631,90.51128625538117,42.146596858638745,
632,90.4788198919366,45.99303135888502,12.1640283674535
633,90.59878591156188,48.07692307692308,9.686759273160938
634,90.73644815819698,48.33040421792619,8.688652318053599
635,90.73644815819698,48.33040421792619,7.660743800374715
636,89.59067440945142,47.00854700854701,7.287662097717911
637,87.95662360854585,46.19834710743802,6.0354606550497625
638,85.1543281114768,47.774244833068366,4.936083312566283
639,83.20002642535471,48.49653045489591,4.5146694545440385
640,82.56163492384229,49.1346877351392,4.125052000787045
641,81.73711341641415,50.54784514243974,3.7413090134002074
642,80.70282811238167,52.43472124206069,3.182989169257739
643,79.42091669261895,54.175152749490834,6.890272772052815
644,77.82472648473849,55.692908262849706,9.160692296700638
645,76.87036600899886,57.95165394402036,10.98844339768587
646,76.87036600899886,62.213740458015266,6.4984452227592495
647,76.87036600899886,66.73027989821882,5.786791539059729
648,76.87036600899886,71.50127226463104,3.342451134406737
649,76.35796602513095,72.17391304347827,3.19110430470453
650,75.72715600004469,72.94685990338164,2.1104112543618165
651,74.97085989627512,73.80116959064327,2.682002707477181
652,74.07960490927235,74.71783295711062,3.762958831508606
653,74.21935604896366,73.47285067873302,3.249683276164037
654,74.21935604896366,72.28506787330316,3.6678532379145814
655,74.21935604896366,71.32352941176471,5.578062599325434
656,74.21935604896366,71.32352941176471,5.737194530451107
657,74.21935604896366,71.77601809954751,5.937852757155108
658,74.21935604896366,72.85067873303167,4.840658964090213
659,74.21935604896366,74.15158371040724,4.84775424039616
660,74.50321294280174,74.20273348519362,5.300938434001049
661,74.59694437173958,74.37214611872146,5.731976608968182
662,74.50321294280174,74.65831435079727,6.210544845937911
663,74.21935604896366,75.05656108597285,6.897764397428417
664,73.73690685333463,75.5592841163311,7.413683586913643
665,73.03992146407089,76.54185022026432,7.875828200873683
666,72.60308870530518,77.19585379159847,8.447563654733703
667,72.60308870530518,77.19585379159847,9.036929891958254
668,72.60308870530518,77.19585379159847,9.59879700399675
669,73.05521126006124,76.74931129476585,10.076275549878257
670,73.78466301276954,76.19047619047619,10.915683015231743
671,75.70361678787798,76.07081667618503,11.654970193563527
672,77.60831271352806,76.35726795096322,11.670618088069348
673,78.85491296132759,77.71836007130125,12.067257217891948
674,79.07557784352004,76.94117647058823,12.28638324579357
675,79.23044677182185,77.16814159292035,12.619604521517001
676,79.79428197901824,73.35744424352019,13.532206085165
677,79.79428197901824,58.89089813140446,23.312493620847285
678,79.79428197901824,58.89089813140446,24.361101376165244
679,79.79428197901824,58.89089813140446,25.390477836575233
680,79.79428197901824,76.06992163954189,14.395299419007282
681,78.2764847862804,78.00805987334485,12.77983568476448
682,77.0719004834923,80.0,10.771677669483559
683,75.96923581375381,82.0390913893291,8.027386553716392
684,74.73965020914788,83.417593528817,8.147107935255383
685,73.36898250349925,84.97584541062803,7.895125270869326
686,71.7922969535321,86.26728110599079,3.9666601855706953
687,69.95835929539959,87.31343283582089,3.3092185320599286
688,67.7713332301419,88.13700918964076,2.88288783326265
689,66.29451508294484,88.64908073541167,3.6746540063202136
690,64.61511360767112,89.64858670741023,3.5668363863213166
691,62.68167895834427,90.44493070751277,3.54686755984708
692,60.39817895975875,91.05775922059847,3.487429847080866
693,57.51380986575177,91.50630391506304,3.3396440678391763
694,54.60766069583818,91.92526915769474,3.5810069753817904
695,54.60766069583818,91.92526915769474,3.7865788922625008
696,54.60766069583818,91.92526915769474,3.9753319857494724
697,54.60766069583818,91.92526915769474,4.175698807397501
698,54.60766069583818,91.92526915769474,4.376936432666666
699,54.60766069583818,91.92526915769474,4.575980924779254
700,54.60766069583818,91.92526915769474,4.75526856549951
701,54.60766069583818,91.92526915769474,4.914200055876572
702,54.60766069583818,91.92526915769474,5.0496254780111505
703,54.60766069583818,91.92526915769474,5.213893018895039
704,54.60766069583818,91.92526915769474,5.406551506063097
705,54.60766069583818,91.92526915769474,5.639323915353036
706,54.60766069583818,91.92526915769474,5.872706159124523
707,54.60766069583818,91.92526915769474,6.1116647875447265
708,54.60766069583818,91.92526915769474,6.351899753653337
709,54.60766069583818,79.06903103229892,16.001035885985566
710,54.60766069583818,83.34388853704877,11.927608190956104
711,54.60766069583818,87.74540848638378,7.348281898358953
712,54.60766069583818,92.27359088030398,6.161368742278741
713,53.25058032879741,94.73847106159084,4.062653437071847
714,52.3562141042293,94.84257871064467,4.229182372482085
715,51.37514795754986,94.95213228894691,4.40298036302347
716,50.30184683484446,95.06588169329969,4.618622487972184
717,49.12953629408761,95.18267929634641,4.806905636699956
718,47.849796524114346,95.30148786217698,4.708053828829896
719,46.45195012066856,95.42138364779875,4.05642683497057
720,44.92209410704984,95.5415556094015,3.991766907219438
721,43.24147365862168,95.66130160951714,3.8915302902922195
722,41.38352017333818,95.78002244668912,3.924277096577333
723,39.30781135354203,96.17793133232563,3.932662099358103
724,36.94544505884989,96.4693665628245,4.001566327293338
725,34.1509397546675,96.66466946275214,3.1403481476866197
726,30.23860754981349,96.77357403495294,3.1988009682194467
727,28.29947122565167,96.84893419833179,3.2553124414982673
728,26.144206073763936,97.1561438025398,3.18705503544598
729,23.703846006097667,97.37704918032787,3.199798510118424
730,20.832849241894376,97.51956051273514,3.1179316007190514
731,16.84547106483126,97.59113537819175,3.1159940539326056
732,14.181295480242953,97.75019394879752,3.09701197145915
733,10.924698698464894,97.8414030879928,3.085041946427683
734,8.63630289778722,99.57271253867688,2.4034433183407846
735,4.049349277294945,99.58701224722302,2.270521906793262
736,-0.0,99.61432506887053,2.2334272217627653
737,-0.0,99.61432506887053,2.1953825770489654
738,-0.0,99.61432506887053,2.1567543606690878
739,-0.0,99.61432506887053,2.0290098409256894
740,-0.0,99.61432506887053,1.9834877456641316
741,-0.0,99.61432506887053,2.342879842579997
742,-0.0,99.61432506887053,3.174967056847996
743,-0.0,99.61432506887053,3.1494893132335866
744,-0.0,99.61432506887053,3.1318387465288855
745,-0.0,99.61432506887053,3.1274377798060162
746,-0.0,99.61432506887053,3.146319860038702
747,2.3018127375216824,99.6078431372549,3.1843986774205137
748,5.585587984398128,99.5511149724877,3.2026328204353725
749,8.277414821209574,99.4311377245509,3.2241758603553707
750,10.628513950700318,99.24172082946457,3.2442826744702997
751,12.735365131348061,99.10428662827896,3.2874601256469322
752,14.649899564050445,99.07438016528926,3.311851429825357
753,16.404651553922076,99.04371584699453,3.3257495220877877
754,18.021907601211858,99.01234567901234,3.3650843245710846
755,19.517865763718063,98.98033503277495,3.390434676581852
756,20.904805529946355,98.94776399849681,3.4146837611647674
757,22.19233246677672,98.91472868217055,3.4450038602869575
758,23.388143800998417,98.88134238913304,3.468450905625748
759,23.95366556494953,96.91808596918086,3.3086588755047677
760,23.95366556494953,93.08596918085969,5.8913786482576525
761,23.95366556494953,89.33495539334956,7.523474682028615
762,23.95366556494953,85.66504460665044,9.493609190709567
763,23.95366556494953,97.16139497161394,0.9082214803658379
764,23.95366556494953,97.16139497161394,0.9102547369580486
765,23.95366556494953,97.16139497161394,0.9121219372020802
766,23.95366556494953,97.16139497161394,0.9138208859062339
767,23.95366556494953,97.16139497161394,0.9152692751881893
768,23.95366556494953,97.16139497161394,0.91639840488188
769,23.95366556494953,97.16139497161394,0.9172321458244606
770,23.95366556494953,97.16139497161394,0.9177653231721896
771,23.95366556494953,97.16139497161394,0.9178657092893067
772,23.95366556494953,97.16139497161394,0.9174210593721682
773,23.95366556494953,97.16139497161394,0.9164502685111044
774,23.95366556494953,97.16139497161394,0.9149842815563307
775,23.95366556494953,97.16139497161394,0.9130279611892637
776,23.95366556494953,97.16139497161394,0.9105735319362247
777,23.95366556494953,97.16139497161394,0.9077263021610651
778,23.95366556494953,97.16139497161394,0.9045452696125372
779,23.95366556494953,97.16139497161394,0.9011208515662513
780,23.95366556494953,97.16139497161394,0.8973028045946504
781,23.95366556494953,97.16139497161394,0.8973028045946504
782,23.95366556494953,97.16139497161394,0.892182116774395
783,23.95366556494953,97.16139497161394,0.8718576086512193
784,23.95366556494953,97.16139497161394,2.0706677136188514
785,23.95366556494953,97.16139497161394,2.373139432226518
786,23.95366556494953,97.16139497161394,2.4163891680182967
787,23.95366556494953,97.16139497161394,2.4940001792361657
788,23.95366556494953,97.16139497161394,2.5638229785263427
789,23.95366556494953,97.16139497161394,2.6331423792697604
790,23.95366556494953,97.16139497161394,2.67737659400407
791,23.95366556494953,97.16139497161394,2.970290816842121
792,23.95366556494953,97.16139497161394,3.645352605204358
793,23.95366556494953,97.16139497161394,3.692792909628493
794,23.95366556494953,97.16139497161394,3.7465962311143515
795,23.95366556494953,97.16139497161394,3.7986537843455586
796,23.95366556494953,97.16139497161394,3.8547980151555925
797,23.95366556494953,97.16139497161394,3.9167043728501785
798,23.95366556494953,97.16139497161394,3.9739284336927274
799,23.95366556494953,97.16139497161394,4.029735525133315
800,23.95366556494953,97.16139497161394,4.079732733969545
801,23.95366556494953,97.16139497161394,4.12708549990583
802,26.167204304046056,97.10504549214227,4.180300505923719
803,29.271931717095537,96.9247311827957,4.237036780956322
804,31.78127031989978,86.65026833631485,8.064890647130774
805,33.94630539086618,90.0743840074384,6.955603505764026
806,35.86337306883063,93.79227053140097,5.275628375001985
807,37.58425206157782,97.89262418464627,3.2780111454525063
808,38.10205808815173,97.88092835519677,3.286532961155313
809,38.4247278165208,97.87341772151899,3.365637064690948
810,37.215002840235364,93.7102300538424,5.110481089650855
811,35.89870912022794,89.73995271867612,6.922141647411943
812,34.465130553731825,85.96531264262893,8.335323671636884
813,32.90032801921388,96.30118890356671,2.9211991563687696
814,31.185512880989958,96.43312101910828,2.943639690966831
815,29.294084863032438,96.56160458452722,2.9700536865063683
816,27.185591954352272,96.94280078895464,3.292910805899871
817,24.79110410330733,97.22538958570885,3.3841177946810337
818,21.965113523257457,97.41852801171731,3.4636117555343207
819,18.021907601211858,97.53086419753086,3.606554034934117
820,18.021907601211858,97.53086419753086,3.7081596972961726
821,18.021907601211858,97.53086419753086,3.8116059405881857
822,18.021907601211858,97.53086419753086,3.9167764827161404
823,20.27088523998768,97.48427672955975,4.021976819976212
824,23.44756225180804,97.33258720387987,3.9879290718560503
825,27.02471983971539,97.17109087386166,4.072714494553038
826,30.929142531189203,97.03808180535967,4.158689744464174
827,34.05858390682736,96.85600503039196,4.187612305827889
828,36.59315964468906,96.57728362764334,3.728079566278317
829,36.59315964468906,92.50054501853063,3.2256889347928928
830,36.59315964468906,88.51100937431873,4.570131775173271
831,36.59315964468906,84.60867669500763,8.27092662705289
832,36.59315964468906,93.5251798561151,1.8983929764646132
833,36.59315964468906,93.5251798561151,1.8983929764646132
834,36.59315964468906,93.5251798561151,1.8823105970309655
835,36.59315964468906,93.5251798561151,1.8673534734447899
836,36.59315964468906,93.5251798561151,1.8673534734447899
837,36.59315964468906,93.5251798561151,1.8673534734447899
838,36.59315964468906,93.5251798561151,1.8673534734447899
839,36.59315964468906,93.5251798561151,2.1942442615794775
840,36.59315964468906,93.5251798561151,2.1758428681071744
841,36.59315964468906,93.5251798561151,2.159160090512478
842,36.59315964468906,93.5251798561151,2.4649773396633643
843,36.59315964468906,93.5251798561151,2.757262310117498
844,36.59315964468906,93.5251798561151,3.034190207623359
845,36.59315964468906,93.5251798561151,3.271559494122953
846,36.59315964468906,93.5251798561151,3.499921757966305
847,36.59315964468906,93.5251798561151,3.7451646384474944
848,36.59315964468906,93.5251798561151,3.9994565243199394
849,36.59315964468906,93.5251798561151,4.245930488239475
850,36.59315964468906,93.5251798561151,4.455084015662795
851,36.59315964468906,93.5251798561151,4.6468734881944584
852,36.59315964468906,93.5251798561151,4.827199955517391
853,36.59315964468906,93.5251798561151,4.998507258672751
854,36.59315964468906,93.5251798561151,5.1712678681548
855,36.59315964468906,93.5251798561151,5.338303434951217
856,36.59315964468906,93.5251798561151,5.498683321421222
857,36.59315964468906,93.5251798561151,5.637124580634779
858,36.59315964468906,93.5251798561151,5.776901548614549
859,36.59315964468906,84.60867669500763,11.37784071812937
860,36.59315964468906,88.51100937431873,7.926511874794616
861,36.59315964468906,92.50054501853063,5.980087944949396
862,36.59315964468906,96.57728362764334,2.3831557863882034
863,35.06213476798996,96.69543254051779,2.271595758727983
864,33.39194436443457,96.81088767011984,2.4037643500199244
865,31.560365417321503,96.92337840485989,2.5204876430565664
866,29.53492354862655,97.16499716499716,2.630102128596713
867,27.26374418909351,97.4667395662475,2.733272812644804
868,24.650401153912654,97.68054823405377,2.8418664495742783
869,21.443724472480486,97.8146705065221,2.9578060391969574
870,19.179956679910905,97.85429141716567,3.0687252169109733
871,19.179956679910905,97.85429141716567,3.1725189605710065
872,19.179956679910905,97.85429141716567,3.2719324441521027
873,19.179956679910905,97.85429141716567,3.3668583654831234
874,19.179956679910905,97.85429141716567,3.450378919799015
875,19.179956679910905,97.85429141716567,3.5201702628437026
876,19.179956679910905,97.85429141716567,3.572848963619547
877,19.179956679910905,97.85429141716567,3.6226086320696096
878,19.179956679910905,97.85429141716567,3.6870337621883142
879,19.179956679910905,97.85429141716567,3.761357984985587
880,19.179956679910905,88.62275449101796,9.921841602317736
881,19.179956679910905,92.09913506320692,7.9290554387735765
882,19.179956679910905,95.6420492348636,4.2959964371249
883,19.179956679910905,99.25149700598803,2.8504018047261033
884,16.294506877503434,99.35773924213231,2.7586416552104103
885,12.292933779892172,99.39553626782393,2.7626723713241725
886,8.277414821209574,99.4311377245509,2.7671866367408753
887,5.585587984398128,99.5511149724877,2.7356140242338247
888,2.3018127375216824,99.6078431372549,2.650789059449113
889,-0.0,99.61432506887053,2.648439021145446
890,-0.0,99.61432506887053,2.645410601083844
891,-0.0,99.61432506887053,2.641893395423509
892,-0.0,99.61432506887053,2.6379081773657638
893,-0.0,99.61432506887053,2.6334432617669883
894,-0.0,99.61432506887053,2.6268291008274574
895,-0.0,99.61432506887053,2.614496696610555
896,-0.0,99.61432506887053,2.5928813438140645
897,-0.0,99.61432506887053,2.5584996140725886
898,-0.0,99.61432506887053,2.5225148244302344
899,-0.0,99.61432506887053,2.484696011163868
900,-0.0,99.61432506887053,2.4450532843183073
901,-0.0,99.61432506887053,2.4108087981813386
902,-0.0,99.61432506887053,2.3740511506197075
903,-0.0,99.61432506887053,2.3327164585988367
904,-0.0,99.61432506887053,2.2149388478757217
905,-0.0,99.61432506887053,2.2154239132543014
906,-0.0,99.61432506887053,2.615746338555991
907,-0.0,99.61432506887053,3.465401289084515
908,-0.0,99.61432506887053,3.4250565560305684
909,-0.0,99.61432506887053,3.3847692863646373
910,-0.0,99.61432506887053,3.3515385820063566
911,-0.0,99.61432506887053,3.331640972748748
912,-0.0,99.61432506887053,3.320315322528204
913,-0.0,99.61432506887053,3.317970512604955
914,4.049349277294945,99.58701224722302,3.3172125960031975
915,6.983410335803749,99.49941107184924,3.3037622854129522
916,9.487967175563591,99.3455098934551,3.315048652769685
917,11.708603018542624,99.11894273127753,3.3259169348342033
918,13.714327712531832,99.08943089430895,3.3355988289002814
919,15.545677768839417,99.05913978494624,3.3620222558484762
920,17.229343045866873,99.02811523776467,3.374042547386868
921,20.27088523998768,98.99371069182389,3.379006338248817
922,24.20648442871258,98.93636872550849,3.3875659800888176
923,27.367726037466507,98.83698391161077,3.406961938978623
924,28.703436308161344,96.79968391939944,3.324948676215319
925,28.703436308161344,92.94745160015805,5.388104326302071
926,28.703436308161344,89.17423943105491,7.171058453667358
927,28.703436308161344,85.48004741209009,9.180586908541287
928,28.703436308161344,97.09600948241801,0.6797239766424049
929,28.703436308161344,97.09600948241801,0.6819870110700237
930,28.703436308161344,97.09600948241801,0.6843011277233865
931,28.703436308161344,97.09600948241801,0.6865573573186801
932,28.703436308161344,97.09600948241801,0.6886585350913121
933,28.703436308161344,97.09600948241801,0.6905316485080633
934,28.703436308161344,97.09600948241801,0.6921827516779493
935,28.703436308161344,97.09600948241801,0.6935938013238013
936,28.703436308161344,97.09600948241801,0.6946600177413735
937,28.703436308161344,97.09600948241801,0.695283848766352
938,28.703436308161344,97.09600948241801,0.6954514649711036
939,28.703436308161344,97.09600948241801,0.650227192591817
940,28.703436308161344,97.09600948241801,0.5950904280329529
941,28.703436308161344,97.09600948241801,0.6006271432268353
942,28.703436308161344,97.09600948241801,0.6046899973851887
943,28.703436308161344,97.09600948241801,0.6336988369348898
944,28.703436308161344,97.09600948241801,0.6900740019732218
945,28.703436308161344,97.09600948241801,0.7714607213025405
946,28.703436308161344,97.09600948241801,0.8727635572399334
947,28.703436308161344,97.09600948241801,0.987692874929234
948,28.703436308161344,97.09600948241801,1.1134106204470586
949,28.703436308161344,97.09600948241801,1.2505866052641408
950,28.703436308161344,97.09600948241801,3.2730122736836447
951,28.703436308161344,97.09600948241801,3.9597251436853647
952,28.703436308161344,97.09600948241801,4.368206030869768
953,28.703436308161344,97.09600948241801,4.75354703318695
954,28.703436308161344,97.09600948241801,5.283028521373974
955,28.703436308161344,97.09600948241801,6.1455417047078775
956,28.703436308161344,97.09600948241801,6.218487444456588
957,28.703436308161344,97.09600948241801,6.287477195243301
958,28.703436308161344,97.09600948241801,6.413150238906187
959,30.152622227459986,96.40522875816994,5.7812216309959235
960,31.491853687483967,95.5888560574082,5.626452109461585
961,32.73069800941434,94.63818657367044,4.894568609933414
962,33.8768117806252,94.80431848852902,5.106592994983623
963,34.936437547158974,94.64285714285714,5.111397076526946
964,35.914740140972484,94.48160535117057,5.187420070472572
965,36.816042409682076,94.32153392330383,5.244292766300784
966,37.64399519967409,94.16371905002526,5.326662366900711
967,38.40170286300664,94.00933609958506,5.320234726753194
968,39.09181777580252,93.85964912280701,5.378256056495471
969,39.716612702672016,93.71599564744287,5.554884431265596
970,40.278036956717834,82.1011673151751,10.540060506262444
971,40.77776045849648,85.91269841269842,6.784000536991056
972,41.00493861026907,87.81464530892448,6.066480377752993
973,41.00493861026907,87.75743707093821,6.328484286210261
974,40.77776045849648,85.77097505668934,7.598946441395513
975,40.278036956717834,81.90661478599222,11.617087612411648
976,39.716612702672016,93.71599564744287,4.357956832613078
977,39.09181777580252,93.85964912280701,3.993012206789233
978,38.40170286300664,91.59751037344398,5.3280100898454785
979,37.64399519967409,93.40576048509348,4.792238739504697
980,36.816042409682076,95.03441494591937,2.4103634878184557
981,35.914740140972484,96.48829431438126,1.4923391474582326
982,32.102950546044504,96.65291150848235,0.8283067596846126
983,29.3754240205419,96.89290436315558,0.7869811675831712
984,25.528687904714705,97.03515459551038,0.7633257518401069
985,25.528687904714705,97.03515459551038,0.767006444535563
986,25.528687904714705,97.03515459551038,0.7695760933731874
987,25.528687904714705,97.03515459551038,0.7712218495272538
988,25.528687904714705,97.03515459551038,0.7712218495272538
989,25.528687904714705,97.03515459551038,0.7712218495272538
990,25.528687904714705,97.03515459551038,0.7712218495272538
991,25.528687904714705,97.03515459551038,0.7712218495272538
992,25.528687904714705,97.03515459551038,0.7712218495272538
993,25.528687904714705,97.03515459551038,0.7712218495272538
994,25.528687904714705,97.03515459551038,0.7712218495272538
995,25.528687904714705,97.03515459551038,2.3411324743679995
996,25.528687904714705,97.03515459551038,2.736845636290402
997,25.528687904714705,97.03515459551038,2.8350995331525204
998,25.528687904714705,97.03515459551038,2.8472478557995857
999,25.528687904714705,97.03515459551038,2.8579960176905206
1000,25.528687904714705,97.03515459551038,2.8884937440236786
1001,25.528687904714705,97.03515459551038,2.925748656664095
1002,25.528687904714705,97.03515459551038,2.959537486600974
1003,25.528687904714705,97.03515459551038,2.99300679411108
1004,25.528687904714705,97.03515459551038,3.0327417255696174
1005,25.528687904714705,97.03515459551038,3.076092471559296
1006,25.528687904714705,97.03515459551038,3.118295673343446
1007,25.528687904714705,97.03515459551038,3.1598053257440077
1008,25.528687904714705,97.03515459551038,3.35063898867418
1009,25.528687904714705,97.03515459551038,3.929134321378339
1010,25.528687904714705,97.03515459551038,4.703067877002176
1011,25.528687904714705,97.03515459551038,4.737692737535325
1012,25.528687904714705,97.03515459551038,4.779045564288211
1013,25.528687904714705,97.03515459551038,4.836925411336082
1014,25.528687904714705,97.03515459551038,4.907175826505433
1015,25.528687904714705,85.47225751800084,7.25087879953221
1016,25.528687904714705,89.17831427361287,6.173163152111057
1017,26.015081118337765,92.35395189003437,4.993455497237025
1018,26.93289850795841,94.92273730684327,3.6616687333622777
1019,27.365175597400025,95.6152125279642,3.655841758774428
1020,27.365175597400025,94.51901565995526,3.918559481642988
1021,27.365175597400025,96.86800894854586,3.830634144027527
1022,27.365175597400025,96.86800894854586,3.8721329386962733
1023,27.365175597400025,96.86800894854586,3.9034940396046394
1024,27.365175597400025,96.86800894854586,3.9220356141314885
1025,27.365175597400025,96.86800894854586,3.933820098770942
1026,27.365175597400025,96.86800894854586,3.9502287570706276
1027,26.93289850795841,94.9448123620309,3.8402922667188624
1028,26.015081118337765,91.19415807560138,5.758895947823677
1029,25.023343318765146,86.63883089770354,7.132552823755525
1030,23.95366556494953,84.14436334144364,9.832029479723126
1031,22.801281187968055,96.47776465958285,1.8525166011823118
1032,21.560476599048872,97.32824427480917,2.1709134740872256
1033,21.560476599048872,97.32824427480917,2.729435010856636
1034,21.560476599048872,97.32824427480917,3.748455288313751
1035,21.560476599048872,97.32824427480917,5.102844102031557
1036,21.560476599048872,97.32824427480917,6.6944755944040395
1037,21.560476599048872,97.32824427480917,7.02438818479734
1038,21.560476599048872,97.32824427480917,7.345230980960047
1039,21.560476599048872,97.32824427480917,7.661400627412954
1040,21.560476599048872,97.32824427480917,7.974196497864894
1041,21.560476599048872,97.32824427480917,8.283691482299401
1042,22.19233246677672,96.9186046511628,8.54326637021273
1043,25.02297283110606,96.40850722311396,8.173875537139782
1044,28.144261302702734,96.20358781810596,8.400964573142318
1045,31.664904694905644,95.98524305555556,8.648407553918455
1046,33.43338465268117,95.25736120476512,8.312503263537579
1047,35.598419723647574,94.81187193269456,8.14574126104439
1048,37.515487401612035,94.24338110274472,8.089905480134624
1049,38.53938100509548,92.88398897519419,6.273335038495279
1050,39.48112964887482,91.35037438678027,5.622945918960271
1051,40.34501748205583,89.63592878022854,5.011719378165237
1052,41.134653852414054,90.57634526085769,5.564019077334817
1053,41.502602642218726,88.23692222529753,4.761494598725189
1054,41.502602642218726,84.0575698865209,3.3128724693482816
1055,41.502602642218726,79.98892886797675,5.385041321079451
1056,41.502602642218726,76.0309991696651,10.149940411314207
1057,41.502602642218726,86.49321893163577,3.9077927778722583
1058,41.502602642218726,86.49321893163577,3.880531543180491
1059,41.502602642218726,86.49321893163577,3.831922544576048
1060,41.502602642218726,86.49321893163577,3.823708784190285
1061,41.502602642218726,86.49321893163577,3.8587592820266847
1062,41.502602642218726,86.49321893163577,3.919675670848899
1063,41.502602642218726,86.49321893163577,3.947733157266731
1064,41.502602642218726,86.49321893163577,3.979454209276002
1065,41.502602642218726,86.49321893163577,4.05189462055137
1066,41.502602642218726,86.49321893163577,4.1874260519057165
1067,41.502602642218726,86.49321893163577,4.360942695743616
1068,41.502602642218726,86.49321893163577,4.508487379842054
1069,41.502602642218726,86.49321893163577,4.632253062100954
1070,41.502602642218726,86.49321893163577,4.748265636784365
1071,41.502602642218726,86.49321893163577,4.8722186221602115
1072,41.502602642218726,86.49321893163577,5.001490323690186
1073,41.502602642218726,86.49321893163577,5.109213501820264
1074,41.502602642218726,77.99612510379187,15.399037729425421
1075,41.502602642218726,81.84334348187102,9.068607628558654
1076,41.502602642218726,86.02269582064766,5.4994812309406775
1077,41.502602642218726,90.31275947965679,4.65499572450516
1078,40.74891421359089,90.73026138507142,4.184626248663609
1079,39.9225664126274,91.14487817657846,4.248374757870943
1080,39.020238141562565,91.55431187992878,3.83575106123029
1081,38.038000700027,91.9565753762645,3.7471201680505772
1082,36.97117237774523,92.34998804685632,4.012865986479868
1083,35.814119157415014,92.73316361953252,4.142442908807517
1084,34.5599744457952,93.57510633534811,3.955424865996437
1085,33.20023248093804,94.46007357714781,3.0875339764483893
1086,31.72413556371551,95.21220991009827,3.0878265078996288
1087,30.117705592482064,95.84090450232182,3.137850962263976
1088,30.117705592482064,95.84090450232182,3.2873074813227707
1089,30.117705592482064,95.84090450232182,3.4314513273463327
1090,30.117705592482064,95.84090450232182,3.5834779016947684
1091,30.117705592482064,95.84090450232182,3.736064426964692
1092,30.117705592482064,95.84090450232182,3.8855440117926734
1093,30.117705592482064,95.84090450232182,4.026105984934172
1094,30.117705592482064,95.84090450232182,4.1588640441081255
1095,30.117705592482064,95.84090450232182,4.280117065350978
1096,30.117705592482064,95.84090450232182,4.386347256896851
1097,30.117705592482064,95.84090450232182,4.49119207993737
1098,30.117705592482064,95.84090450232182,4.605306349000808
1099,30.117705592482064,85.96810014132849,9.532104722314523
1100,30.117705592482064,89.74358974358974,8.79771422436008
1101,30.117705592482064,93.59983848172824,6.812970202123836
1102,30.117705592482064,97.53684635574399,2.9596624503227327
1103,28.362117352738355,98.0315727928279,2.898964596830633
1104,26.33667548404341,98.3831547283324,2.790502425059234
1105,24.065496124510364,98.6400725294651,2.7373757135704464
1106,20.855790269389967,98.84554836452685,2.7022836747498835
1107,18.22758892407622,99.0042194092827,2.5743664313192136
1108,15.00632659294307,99.08809640123758,2.513349318069304
1109,11.708603018542624,99.11894273127753,2.4297600651517737
1110,9.487967175563591,99.3455098934551,2.2621039480112786
1111,6.983410335803749,99.49941107184924,2.103873931845148
1112,4.049349277294945,99.58701224722302,1.9396365963618558
1113,-0.0,99.61432506887053,1.8097499993614417
1114,-0.0,99.61432506887053,1.6680880247873755
1115,-0.0,99.61432506887053,1.525925535822833
1116,-0.0,99.61432506887053,1.4015627060244815
1117,2.3018127375216824,99.6078431372549,1.3316716196057212
1118,5.585587984398128,99.5511149724877,1.382044401544664
1119,8.277414821209574,99.4311377245509,1.5196802207526445
1120,10.628513950700318,99.24172082946457,1.771005366900738
1121,12.735365131348061,99.10428662827896,2.7347208980068602
1122,16.72274330841118,99.0550397877984,4.17222372707036
1123,19.593740072614466,98.93470790378007,5.610337681766077
1124,22.034100140280742,98.73575498575498,7.000776019453476
1125,24.189365292168464,98.45018450184502,8.287935018415444
1126,28.668248434201814,98.38926174496645,9.616096876646523
1127,31.821658462151287,98.26589595375722,10.905060107576906
1128,34.38069462796636,98.05262067536772,12.121406381068828
1129,36.59648544727573,97.7395048439182,13.38175516204786
1130,39.813161057726504,97.49047725745015,14.713755812740237
1131,42.900974996649175,97.31371174959122,16.01520267303345
1132,45.393032383784465,97.02946189432676,17.317933589268623
1133,47.54040214952059,96.62522202486679,18.744783240517773
1134,49.34534225608481,96.03698811096433,19.909149652725386
1135,51.0477341566179,95.35075653370014,21.570158649813703
1136,52.815259827653534,94.66590192142243,23.254925957999188
1137,54.403344601183456,93.81535703615178,23.08870402845124
1138,55.838456342114874,92.78382581648522,23.45169134615692
1139,57.2941106583917,91.96370706416073,24.369010470327265
1140,58.75167909760557,90.8445945945946,24.750331981401743
1141,58.75167909760557,85.94594594594595,24.09577030071386
1142,58.75167909760557,81.18243243243244,20.79734988547407
1143,59.65907323333676,78.29993089149966,16.43169065917679
1144,61.23759116633522,77.00361010830325,17.65451634972807
1145,62.57655509663444,75.45180722891567,16.832553957422547
1146,63.77853324149101,73.68627450980392,17.64260388302908
1147,66.59373445682374,72.58464079273328,17.97198252761199
1148,68.80599883535857,71.2858384013901,18.44678796233808
1149,70.66600258444736,69.77168949771689,19.023911685400854
1150,72.26963815480819,68.02492809204219,19.135174834071346
1151,73.66820187737812,66.88442211055276,19.979923331075476
1152,74.89354017840019,65.77287066246056,21.155831360923766
1153,75.44825272772711,62.65448683503493,21.47408668326133
1154,75.44825272772711,57.657173562600754,18.07008459899784
1155,75.44825272772711,52.874798495432564,20.277997877772957
1156,75.44825272772711,48.30736163353036,20.713081468668236
1157,75.44825272772711,60.72004298764105,21.624401498979662
1158,75.44825272772711,60.72004298764105,21.540068469893953
1159,75.44825272772711,60.72004298764105,21.346695335666514
1160,75.96719239705395,59.38529088913282,19.181417358221836
1161,76.92939887627125,56.54659805603202,17.26956956242555
1162,77.7873217558689,53.475935828877006,18.032124671697833
1163,78.52428992694621,50.15384615384615,18.908242541990393
1164,79.14780314505647,46.6031746031746,15.381325302800812
1165,79.6636159481854,44.42270058708415,11.781451689167579
1166,80.07612823702509,42.89526350900601,8.545794413585492
1167,80.38864628324252,41.61575016972166,8.425114321535466
1168,80.60355866801217,40.618556701030926,7.6164627623627865
1169,80.7224531042251,39.930795847750865,6.9708583060516265
1170,80.74618948211307,39.57033957033957,6.552281470699165
1171,80.67493793043927,39.54451345755694,6.257580606128811
1172,80.50818622365155,39.849624060150376,6.033241575606254
1173,80.24471735743877,40.47138047138047,5.990824508120641
1174,79.8825547824614,40.396039603960396,6.296210882037116
1175,79.41886891241283,43.97939471989697,5.427120977839905
1176,78.84983319681388,47.40462789243277,5.1064044338031085
1177,78.17040979927475,50.635208711433755,4.600709327728051
1178,77.05122497192025,52.80833815865663,4.489690128370878
1179,75.75490732382903,55.223880597014926,3.9172334197821908
1180,74.24988825635991,57.3986308583465,4.772363318776256
1181,72.48512061491856,59.339008512769155,6.251645185094247
1182,71.47872538138476,48.218643240605175,6.511361125652014
1183,71.47872538138476,52.464616886285995,6.947268920719016
1184,72.48512061491856,56.48472709063596,10.007909252848734
1185,74.24988825635991,59.50500263296472,11.121690540286378
1186,75.26998234238536,61.21343445287107,10.124675816184292
1187,75.59301493168677,61.546840958605664,11.619025301432085
1188,75.65677536400871,62.05016357688113,13.778129013546677
1189,75.46466144155325,62.880434782608695,15.089924361034731
1190,75.00619631255755,63.646170442286945,16.26951191384026
1191,74.35993904104384,64.4076840981857,15.597175367774486
1192,73.39955360221204,65.08937960042061,16.85823965651732
1193,72.09321313342076,64.85788113695091,17.54167733048363
1194,70.83549118727392,63.80274529740722,18.385752368839313
1195,69.76393184090455,63.1184407796102,21.775502363144373
1196,69.999032619367,63.83409205867476,20.419030012937757
1197,70.50469397161383,68.99948159668222,19.96957342836081
1198,70.92172686513398,72.94865007940709,15.896238723484581
1199,71.25259957153851,76.9520732364028,12.906515755587597
1200,70.85433690498597,78.38555496548062,13.3307563384561
1201,70.60662443636456,80.8320168509742,8.735304007848256
1202,70.60662443636456,84.14955239599789,5.957911490981131
1203,70.60662443636456,87.67772511848341,3.810283854490038
1204,67.51437404099337,88.16658202133063,4.343191166389852
1205,65.716534086425,88.90525282277859,4.885756626163144
1206,63.299438176907024,89.44628490298155,4.876346076756879
1207,60.99382874508128,89.87167736021998,5.106969822364234
1208,60.023970347700406,90.32976827094474,5.357714145639095
1209,58.8856734787656,90.7951598962835,4.908884397314155
1210,57.55349017740951,91.80602006688963,4.815531109464783
1211,55.98801219304917,92.61501210653753,5.056530911583232
1212,54.12125829581051,93.2348367029549,4.851117822298798
1213,51.80858607762684,93.67988032909498,4.932044876615411
1214,51.80858607762684,93.67988032909498,5.093521176321981
1215,51.80858607762684,93.67988032909498,5.236291302861644
1216,51.80858607762684,93.67988032909498,5.3892179184937055
1217,51.80858607762684,85.26551982049364,8.784323238153705
1218,51.80858607762684,88.96783844427823,7.624959473558556
1219,51.80858607762684,92.81974569932684,6.052728097294072
1220,51.80858607762684,96.8212415856395,1.9199400572802892
1221,48.365074627617474,96.98275862068965,1.9740538685097364
1222,48.163325220902095,97.01067615658363,2.0668181092291364
1223,47.89848273725077,97.0464135021097,2.145543946905829
1224,47.569708735062,97.0893970893971,2.23888272990933
1225,47.175936178115286,97.13896457765668,2.3264669368822966
1226,46.715847347567575,97.1943887775551,2.4025836034439925
1227,46.18784505896945,97.25490196078431,2.46578866800367
1228,45.59001548193715,97.319719208679,2.538796015908304
1229,44.92008017018389,97.38805970149254,2.5997649345920792
1230,44.175333906187426,97.45916515426497,2.676306174062782
1231,43.35256346531364,97.53231492361927,2.7491504487223093
1232,42.447940099439506,97.6068376068376,2.833748997394288
1233,41.456874887214646,97.68211920529801,2.8445357893913576
1234,40.3738201059841,97.75760811532301,2.921570418405723
1235,39.19198955553665,97.83281733746131,2.9635857856538887
1236,37.9029524918526,97.90732436472346,3.0163582500904313
1237,36.49602132767175,97.98076923076923,3.074387636590602
1238,34.95728358609616,98.0528511821975,3.1075431012048735
1239,33.267975565383956,98.12332439678285,3.146668190715196
1240,31.40152035614993,98.19199311235471,3.1597281758990454
1241,29.31748787542314,98.52819237147595,3.0217055194829827
1242,26.94696867668952,98.7624750499002,2.8581278523430727
1243,24.144474359871364,98.90468870099923,2.8221588193325964
1244,20.224310574212893,98.96411394746578,3.0497347040240044
1245,18.784207260408554,98.99641577060932,3.0386179841805503
1246,17.229343045866873,99.02811523776467,3.0319010647094906
1247,15.545677768839417,99.05913978494624,3.0211310779797023
1248,13.714327712531832,99.08943089430895,3.0460738719820277
1249,11.708603018542624,99.11894273127753,3.0773131738649937
1250,9.487967175563591,99.3455098934551,3.0792327605237544
1251,6.983410335803749,99.49941107184924,3.102177305431241
1252,4.049349277294945,99.58701224722302,3.109099536036135
1253,-0.0,99.61432506887053,3.126087222976771
1254,-0.0,99.61432506887053,3.135466897997083
1255,-0.0,99.61432506887053,3.1411294922126567
1256,-0.0,99.61432506887053,3.1466320110084918
1257,-0.0,99.61432506887053,3.1427736662089325
1258,-0.0,99.61432506887053,3.1335814424479222
1259,-0.0,99.61432506887053,3.1280479209448675
1260,2.3018127375216824,99.6078431372549,3.1398704043132133
1261,4.049349277294945,97.90657932213044,3.271010716421211
1262,4.049349277294945,94.58843634292225,4.610800214974854
1263,4.049349277294945,91.32725719168329,7.142348367523506
1264,4.049349277294945,88.12304186841355,8.384485869848566
1265,4.049349277294945,98.39077185986898,1.9224103357897915
1266,4.049349277294945,98.39077185986898,1.860876231577209
1267,4.049349277294945,98.39077185986898,1.787995117697148
1268,4.049349277294945,98.39077185986898,1.7107925142457736
1269,4.049349277294945,98.39077185986898,1.6235489121668918
1270,4.049349277294945,98.39077185986898,1.933202909191457
1271,4.049349277294945,98.39077185986898,2.7464912229458505
1272,4.049349277294945,98.39077185986898,3.6691844909744264
1273,4.049349277294945,98.39077185986898,4.478467843979325
1274,4.049349277294945,98.39077185986898,5.232192893613879
1275,4.049349277294945,98.39077185986898,5.952776558875734
1276,4.049349277294945,98.39077185986898,6.662495779568203
1277,4.049349277294945,98.39077185986898,7.366856441276946
1278,4.049349277294945,98.39077185986898,8.073723504944303
1279,4.049349277294945,98.39077185986898,8.799126273315082
1280,4.049349277294945,98.39077185986898,9.554286161677455
1281,8.085338710459396,98.32056570418385,10.308446938421978
1282,11.005811529372666,98.18652849740933,11.106318239945386
1283,14.570961014565542,98.05963085660198,11.94855738261363
1284,17.806546162193907,97.94084000653702,12.794041315111704
1285,20.449333157208635,97.74843406128322,13.606825131503617
1286,22.75051218635349,97.47501315097317,14.37586198237516
1287,24.80653081759378,97.25803522789177,15.142905369064538
1288,28.001095313235265,97.15577321529479,15.921364613215232
1289,28.001095313235265,93.33207760406856,12.82636507142889
1290,28.001095313235265,89.58372574872857,11.752092885489109
1291,28.001095313235265,85.91071764927482,11.40913286803489
1292,29.68764336248567,83.90937019969277,9.678807706825896
1293,32.498047192684034,83.45969672785316,9.841694859256423
1294,35.95105374357805,83.00477277443453,9.697372591082173
1295,39.83126439207926,82.58050572725308,10.146709932977666
1296,42.59298560737762,82.0616700427639,9.397701361349924
1297,45.9962945952608,81.53449084936649,9.7738723247951
1298,48.751332269554005,80.93956447271837,9.193556362827083
1299,50.77518109432412,80.16823859291358,7.1363720760193345
1300,52.54031103002226,79.24628450106157,5.666138861413423
1301,54.09737352592877,78.16123688569851,4.620381912216816
1302,55.51273345332256,77.18140068886338,4.497656052041131
1303,56.80240491904317,75.84973166368515,4.026858281894641
1304,57.97847105280661,75.37128712871286,4.476172304124745
1305,59.050327506420125,74.91982039769083,4.653563259514368
1306,60.02544675000493,74.5019920318725,4.656282407495826
1307,60.90987352621401,74.12491420727522,5.067167567359469
1308,61.70855978066397,73.79603399433428,4.951536278983189
1309,62.42559881119803,73.52297592997812,5.277071639188759
1310,63.06439345694778,73.31334332833583,5.155419665586247
1311,63.62777956185746,73.17448116833205,5.574426391203905
1312,64.11811815738606,73.11320754716981,5.723004496701585
1313,64.53736514699428,73.1355252606255,5.8705142721021
1314,64.88712437888282,73.2463295269168,5.704822997908587
1315,65.1686881332794,73.44913151364764,6.237242184610264
1316,65.38306781800385,73.74581939799332,6.23524264364235
1317,65.53101682374638,67.18618365627633,11.801234978902382
1318,65.61304689553342,71.31979695431473,8.79390826804874
1319,65.62943893997543,75.4022015241321,5.046603263362901
1320,65.58024885102,79.39189189189189,1.2270663134900774
1321,62.19565059997226,80.2834008097166,1.3943569185651008
1322,62.050708067348246,80.98874598070739,2.574181684905661
1323,61.84071162101193,81.74224343675418,3.9040421602267834
1324,62.505148679225265,81.96392785571142,4.200681245210068
1325,63.87309724367848,81.53023447141094,5.09929594731083
1326,64.99834917482431,80.96842105263158,5.010054250323738
1327,65.9193669130148,80.27503223033949,4.135686608306335
1328,66.66050126628173,79.79886313948404,3.5320396713615256
1329,69.42589923586327,79.80251346499102,3.568602872560798
1330,71.5873021417804,79.8068077276909,3.65991186138972
1331,73.11340466896254,79.69924812030075,3.7558735068801545
1332,74.49827674241543,79.58792525155727,3.656206471596303
1333,75.71641156416756,79.47342759629448,3.5514201145529882
1334,76.5920888965643,79.23875432525952,3.5856351356448215
1335,77.18730402684311,78.88167748377434,3.7333305571999356
1336,77.53396545003358,78.80462079357108,3.861756321540652
1337,77.64790820238646,79.51685958731757,4.576457865854664
1338,77.53396545003358,80.51230537418382,6.220114159788873
1339,77.26206758039257,80.8,6.428503099428271
1340,76.70987102245904,80.0792864222002,5.35048073943576
1341,75.9797876713989,79.13809990205681,4.4665549902506125
1342,75.06710609694044,77.89575289575289,3.8645305214389776
1343,73.81512131712503,79.0521327014218,4.565303340320291
1344,74.43921615682966,78.125,4.000022696030474
1345,74.97598315906453,66.24874623871615,7.999527801086379
1346,75.4284412885954,70.53388090349075,5.799016519995963
1347,75.79900204280055,74.92146596858639,2.7041564469041037
1348,76.0895557066782,79.36170212765957,4.308725338513643
1349,74.58169922990568,80.21638330757341,5.8325576625195765
1350,72.96430611612342,81.01644245142003,7.346870955743526
1351,71.27199803740744,80.8852140077821,7.842118109598216
1352,68.77650216248688,79.6455938697318,5.962107852708111
1353,66.68278096105067,76.84842883548983,3.998152823365003
1354,63.449265957377634,73.97686832740213,2.5069124227863133
1355,61.93733046421931,72.90661990355107,2.2784156388377617
1356,62.48985630679518,73.42163355408388,2.4585847596989776
1357,64.83080468098073,74.27422956677088,2.5531819064038186
1358,66.98066828501521,77.09782104775151,4.604668684460899
1359,66.56475230586179,76.95511337343822,4.583178092875016
1360,64.77681153570393,76.53014265991716,4.035655837621553
1361,66.09225757072302,75.67954220314735,3.6181158629065635
1362,67.2130811792082,74.86446525381962,3.627120204821603
1363,68.16466260157199,74.09852717115287,4.418938733487557
1364,68.96443584400171,73.39593114241002,5.1927456067167475
1365,69.62482930369224,72.77095568606514,5.058692435063379
1366,70.15486610455929,72.23734349482852,5.7433938248730465
1367,70.56110019192523,71.80762852404644,6.475722451567952
1368,70.84818895094021,71.49245388485187,6.90599901027508
1369,71.01924941302941,71.29994372537985,7.079970005517454
1370,71.07607445564598,71.2351945854484,7.418223981442078
1371,71.01924941302941,71.29994372537985,7.660338165738942
1372,70.84818895094021,71.49245388485187,8.149057198047656
1373,70.56110019192525,71.80762852404644,8.486331334633357
1374,70.15486610455929,72.23734349482852,8.724882455458596
1375,69.62482930369224,72.77095568606514,9.185701414229555
1376,68.96443584400171,73.39593114241002,10.837024254299582
1377,68.75081787195042,73.20598864223025,11.189168032526373
1378,68.88391700152957,72.06414899120539,10.323671124715574
1379,68.75081787195042,70.83118224057822,9.756767767277237
1380,69.41241053903227,69.09739928607853,8.171665279403987
1381,69.31273348674323,68.05625313912607,7.304395925306137
1382,67.57878586186219,65.49057515708071,8.936619683462851
1383,65.39358291585292,62.87703016241299,8.557468679798534
1384,62.55255976679291,61.17381489841986,8.67555279575654
1385,62.32348515624082,60.99865047233468,8.426848941314486
1386,63.41236699296909,61.09860423232778,8.274807783922123
1387,64.20516053527696,61.3749434644957,8.023654151409607
1388,64.35173601065975,61.43051154368492,8.153898584381762
1389,64.8948401908928,62.362132352941174,7.907570005093567
1390,65.40155343526966,62.824074074074076,6.997384603958362
1391,65.6485953172017,63.847583643122675,8.261841103784683
1392,65.6485953172017,64.82342007434944,7.596921324468364
1393,68.84424489329355,63.8996138996139,6.734504507320911
1394,70.898205853249,62.85,4.882336869020792
1395,72.49439606112945,61.67355371900826,5.046967800724649
1396,73.77630748089216,56.648936170212764,3.2323873643611116
1397,74.64242912392506,58.41045182362548,3.9756085704276263
1398,75.54294133872257,59.77715877437326,3.3994458584103464
1399,76.24509327255693,60.931289040318,2.9553513479426257
1400,75.96174483143908,59.78384527872583,4.278584068545108
1401,76.34798407301416,59.09090909090909,5.398942082578826
1402,76.57683401816139,59.38586326767091,5.507913003901518
1403,76.65265109475409,59.872241579558654,5.504030437326516
1404,76.57683401816139,60.54461181923523,4.958848382203833
1405,76.34798407301416,61.392405063291136,3.8888639927307667
1406,75.96174483143908,62.400455062571105,4.6174714085142785
1407,75.41027273722631,63.5498320268757,5.029391868886569
1408,74.68116303131183,65.5323819978046,5.016060855808523
1409,73.75540613742577,67.36334405144694,4.856520436910983
1410,72.60332374192514,69.03023983315954,4.365775429006326
1411,71.17549317574583,70.525783619818,4.6422041855871905
1412,68.79917788505904,71.70731707317073,5.863630720101416
1413,66.44836855963142,71.9047619047619,6.2113831381400635
1414,64.35464735819522,69.48529411764706,5.85232804982488
1415,61.12113235452218,66.99115044247787,7.123611638277288
1416,60.00030874603698,65.12027491408935,8.974385927023603
1417,59.36893956853462,70.99365750528541,7.868059959247126
1418,59.31871291285773,71.65752846900043,8.852927515893718
1419,59.20134349909591,72.41090146750524,9.19394678880141
1420,59.016410300572005,73.24470294972996,10.25118661939886
1421,59.24539603760479,73.1442869057548,10.153741701022932
1422,59.8396543167189,71.79813401187447,8.969975934391169
1423,59.8396543167189,69.38083121289228,6.7407665369736565
1424,61.666782271635675,68.1739879414298,5.76267202024157
1425,62.742945373024696,66.4356864443482,5.842554380752942
1426,63.55726876921853,64.68288444830583,5.375939824703789
1427,64.431869838136,63.67634124890061,5.1728751662021075
1428,64.431869838136,62.04925241864556,5.470259069093921
1429,65.8613083392287,61.960431654676256,6.094253522738598
1430,66.96578803746915,61.824014665444544,6.494664258482681
1431,67.81049240803993,61.638733705772815,6.908678631547217
1432,68.43148708993431,61.40433553251649,7.699735520696285
1433,68.27416639400268,60.242085661080075,9.898301433056153
1434,67.41397496254643,58.13117699910153,11.817657667515764
1435,66.44345676604429,55.88235294117647,13.414190442030584
1436,65.35356161759093,53.36658354114713,12.269934994552997
1437,64.13252324862003,64.55342902711324,8.415728357583417
1438,62.44116766493199,66.56511805026656,8.30705839056779
1439,60.49612799519145,68.35029069767442,8.767985536997267
1440,58.70852961610558,70.14250955856795,7.898989126078974
1441,57.59525289474926,72.27987947773686,6.7929246327771855
1442,56.06834575827819,73.96468699839487,5.79681096150255
1443,54.36046666718474,75.45370655183021,5.126355511814374
1444,52.43136211510194,76.759941089838,4.6988714421660065
1445,49.796371264497566,77.80906786820614,4.92460094791221
1446,46.04006296291823,78.70794078061911,5.272601576245462
1447,43.22539709798468,79.57600827300931,6.046021971725849
1448,41.82755069453889,80.45862412761714,7.421295204357459
1449,40.297694680920166,81.48414985590779,8.78562678215154
1450,39.477658486769464,82.11171341032288,10.303229978557054
1451,37.712359758687896,79.14681189017472,8.168826374044805
1452,36.52530889393702,77.59004001778568,7.6404486280455854
1453,36.20611314318082,75.4549489569463,6.34421203455276
1454,36.20611314318082,65.22414558366623,7.806008202582514
1455,36.20611314318082,65.13537505548157,7.912606767562905
1456,36.20611314318082,65.11318242343542,8.132052118538159
1457,36.20611314318082,77.34132268086995,7.758181630736469
1458,35.075315290879985,77.75843307943417,8.905416385402644
1459,35.075315290879985,77.75843307943417,9.666320491441546
1460,35.075315290879985,77.75843307943417,10.170160746929051
1461,35.075315290879985,77.75843307943417,10.487911885299178
1462,35.075315290879985,77.75843307943417,10.751894102388812
1463,36.48330537111831,76.5037170533904,9.82877924665857
1464,37.78046865508338,75.11069680727103,8.563176342626685
1465,38.97633470994458,73.57263310045772,7.099211526954669
1466,40.57238210262424,72.17087184611542,6.343451766993515
1467,42.46219312426532,70.91239927216013,5.913292729892865
1468,44.155177691174536,69.50527169505271,6.095292956438123
1469,45.683677425972384,67.94043270581624,6.5166541704713685
1470,47.06977343957291,59.96498395097753,7.152075221360295
1471,48.329444542976695,62.730850741749926,6.660272222642972
1472,49.47473583557834,65.48478192657672,7.81567996954313
1473,50.51500191437282,68.65865540759987,10.497212525534811
1474,50.35769449229962,68.22061720288903,11.298944225671184
1475,51.22003861423957,67.14092140921409,11.686236849087472
1476,51.99601111205748,66.08513607815772,11.121511505027291
1477,52.68966814431071,65.06456241032998,12.537586080655704
1478,53.30437203256537,56.95364238410596,17.318461702480406
1479,53.842914302311335,60.20331325301205,16.692930757990027
1480,54.30760737482657,63.566487317448114,15.648469697517584
1481,54.70035367893528,67.01877934272301,16.79976084420047
1482,52.667044585999584,67.63137852246763,17.453168981106487
1483,51.35948611220709,69.18168168168168,18.067659715924837
1484,51.35948611220709,71.84684684684684,16.739960732045574
1485,50.82745463866985,73.5576923076923,15.90871471885461
1486,51.051521475815925,77.27952167414051,12.745008670990515
1487,50.36586117642312,78.84897360703812,12.242707451714493
1488,50.36586117642312,82.03812316715542,8.559598985707076
1489,49.97741921346981,84.18570910409866,4.685592740355429
1490,49.10370104110941,85.64338886919532,2.2413442012123785
1491,48.091230660776766,86.93397856895956,1.3506037473862536
1492,46.924805558716336,88.05919946182307,1.607427984506937
1493,45.583048710237755,88.9578569095067,1.7791081427725641
1494,45.56872473086159,89.1609533137447,2.0099960820679144
1495,45.49705824836355,89.39147412951513,2.218332400357484
1496,45.36786215349113,89.64736331284374,2.472724631883565
1497,45.18079655155231,89.92621110041706,2.7476690326915874
1498,44.9353633255573,90.2253252935576,3.0725171926138377
1499,44.63089799353534,90.54181020983401,3.6273248519340915
1500,44.266558518689685,90.87264878199198,4.004379544681186
1501,43.841310583173055,91.21478339897001,4.216235635481886
1502,43.35390864687262,91.56519156519157,5.121755951267165
1503,42.80287186174403,91.92095321127579,5.792742890083347
1504,42.18645357058572,92.2793074084587,6.760263534112806
1505,44.46848681207849,92.06807037784829,8.020760226173222
1506,46.68292059433221,92.02112056321502,8.250907866580606
1507,48.26584816413091,90.53289669544507,8.031566875789244
1508,49.464928375144154,91.67922821826951,8.678575400559756
1509,49.464928375144154,91.67922821826951,8.909403196334683
1510,49.35998522376014,90.64083457526081,8.630382697586478
1511,46.74409004697305,87.15964459730581,8.15098229143244
1512,47.85418824760438,86.24503686897334,7.669946887437085
1513,49.16810981506057,86.63817663817663,8.105855666186914
1514,50.455517570061254,86.42898217366303,8.311977957725524
1515,50.455517570061254,85.53766532489936,7.859715435388418
1516,50.455517570061254,84.76135710178264,6.8354404018316535
1517,50.455517570061254,84.10005750431283,6.330905830961762
1518,50.72053597049477,84.001153070049,6.579441262309734
1519,51.067197393685234,84.11917847844953,7.261578617500207
1520,51.181140146038125,84.21662322618013,8.230496033925188
1521,50.407480291989366,82.51490207209764,5.989786804226769
1522,50.9560369412093,81.08258928571429,5.013129658218629
1523,49.3914058644336,77.95064377682404,4.560843155549157
1524,47.88880650713824,74.80640165203924,5.7545342615748485
1525,46.23483346102535,71.94637537239325,7.42637192275416
1526,44.402944768684215,82.52983293556086,10.294454125515202
1527,44.402944768684215,82.52983293556086,11.550951927388214
1528,44.402944768684215,82.52983293556086,12.842480487873251
1529,44.402944768684215,82.52983293556086,14.159069943576027
1530,45.516553324750475,82.19244823386114,14.564136858677552
1531,47.54040214952058,81.42603400152245,15.32464424756889
1532,49.34534225608481,80.7661822985469,15.831359567357714
1533,50.97174344924852,79.73604619191642,15.509063690061238
1534,52.44611816951862,78.78181298255647,15.893848757851146
1535,53.78716106111651,78.00891530460625,16.55860181879298
1536,55.43136263899644,76.85156492097924,17.22339746312683
1537,57.113060793349746,75.90556274256144,17.07787721861006
1538,58.800019751007206,74.66216216216216,17.00307044658262
1539,60.30544120911066,73.23695345557122,16.946571181802955
1540,61.655680883365825,71.61764705882354,16.5498849409693
1541,62.86926404863609,69.79326186830015,15.429481101927085
1542,63.95984567436708,67.7547770700637,16.570826540940214
1543,64.93783465670104,65.49586776859505,17.277404175277507
1544,65.8113594621392,63.74143835616438,16.850159020248217
1545,66.58687767155735,61.991150442477874,15.926753370489209
1546,67.26957887396817,60.26459854014598,14.224437481822475
1547,67.86366067458219,58.58348968105066,12.527514190345828
1548,68.37252306239371,56.97115384615385,12.142600663232889
1549,68.79890808766812,55.451866404715126,10.619059055278475
1550,69.14500154554388,54.05,11.347914363482005
1551,69.4125073319651,52.78904665314402,11.069953733473954
1552,69.60270143583834,51.6905737704918,10.822521215291717
1553,69.71647016144257,50.77319587628866,9.997691614693583
1554,69.75433558902374,50.05165289256198,8.625705022699165
1555,69.71647016144257,49.5360824742268,7.697713425409487
1556,69.60270143583834,49.23155737704918,5.333878709923555
1557,69.4125073319651,49.13793103448276,4.6957395595251885
1558,69.14500154554388,49.25,3.842539582287911
1559,68.79890808766812,49.55795677799607,4.1848716969708875
1560,68.37252306239371,50.04807692307692,3.6504718402457756
1561,67.86366067458219,48.73358348968105,2.3461856501015546
1562,67.2695788739682,51.45985401459854,4.009599578344189
1563,67.20707863491332,53.05015815634885,3.9964092134676137
1564,67.60210943628898,53.48519362186788,4.009439701281572
1565,67.41859315808935,53.7761601455869,4.45027274060871
1566,67.41859315808935,53.7761601455869,5.017537424240347
1567,67.41859315808935,54.140127388535035,4.9819681885188265
1568,67.41859315808935,55.004549590536854,5.883549826801406
1569,67.89827923804627,57.11636532220677,6.057910614503815
1570,68.93902403986961,58.92096545196403,6.684336834749663
1571,70.46190093323759,59.45165945165945,6.673024429469557
1572,71.48503576790576,60.204578665367755,6.898170249061524
1573,72.09297133141001,60.2847324496809,7.484281550758676
1574,72.38612228217558,60.91670773780187,7.168397661817357
1575,73.0550997797039,63.28794755421079,7.203046645580728
1576,74.20235366902786,67.29857819905213,7.208356232115575
1577,75.15797020441718,70.73972602739725,8.403266751163203
1578,75.94313383604664,73.3106189664963,8.178941166318628
1579,75.04612800135702,72.40605720695457,9.574000803764314
1580,73.86612279470341,71.60288408208541,10.176712302839915
1581,72.9569244406204,71.53083700440529,10.946903712176791
1582,74.82280753173951,72.97752808988764,11.112186062684467
1583,74.8417754071279,72.23159078133783,11.963947973787631
1584,73.9681098895965,68.21873308067136,13.539453436005926
1585,72.964245238826,64.43057722308892,13.069435953479871
1586,71.81699134950205,60.88689586447434,16.033143689578743
1587,70.50824396041304,73.46355407336827,11.11025572645954
1588,69.01202989147687,75.17053206002728,9.691514702219584
1589,67.28847327665535,76.28955353272649,8.404266750015152
1590,65.26917472247166,77.54849360297152,7.724084026288964
1591,64.1544357388546,78.65926219754066,7.0907832204513745
1592,62.909306612388605,80.01522649409974,5.948805741076283
1593,61.51802026244352,81.46661802261949,5.134689716259042
1594,59.958690751239835,82.71044359063919,5.371673190183259
1595,58.72654439362652,82.9533855052739,5.632222129131992
1596,58.752816688997804,83.80427291523088,7.0982181878206685
1597,59.649010769001016,86.74269422665716,11.711884877009954
1598,59.649010769001016,86.81397006414825,12.311579272262454
1599,61.30112510178241,89.29213079410708,13.290177968116405
1600,63.00791932283568,89.25009235315848,14.722965980596603
1601,64.15852604181501,87.6296580868229,15.94137221517351
1602,65.19167024557503,85.75987235739929,15.391829260264915
1603,66.11652686910918,83.62959900785448,11.592161021502433
1604,67.43419034222647,84.20146362462333,13.234003518220677
1605,69.03782591258731,82.78503830554304,11.04178501000593
1606,70.43638963515725,81.11163447951013,9.179347544153288
1607,70.43638963515725,75.88318417333961,5.427886585853649
1608,70.43638963515725,70.84314649081489,4.489492291299647
1609,70.43638963515725,66.36834667922751,6.109032738029638
1610,70.43638963515725,74.61139896373057,4.772913661195347
1611,70.43638963515725,74.61139896373057,4.9362329923299155
1612,70.43638963515725,74.61139896373057,5.255336399361399
1613,70.43638963515725,74.61139896373057,5.915348100563194
1614,70.43638963515725,74.61139896373057,6.841290130883536
1615,70.43638963515725,74.61139896373057,6.985989605399371
1616,70.43638963515725,74.61139896373057,7.138971134678076
1617,70.43638963515725,74.61139896373057,7.289710339755343
1618,70.80234715385525,73.24078506462422,6.7817477092794
1619,71.46170549086398,70.30093734583127,5.09683004504365
1620,72.02795947418215,60.060821084642676,5.846922108923375
1621,72.50470039823577,61.49455111572392,5.277155644459528
1622,72.89477551967576,66.75489677077819,4.98008045700892
1623,73.20040354699177,71.00591715976331,5.231617597537505
1624,73.20040354699177,71.00591715976331,5.219648533469152
1625,75.09707581058291,69.90560799555803,4.907729424407797
1626,76.52651431167563,68.53226727584237,4.6916251007798095
1627,78.82893217674716,67.21504112808461,4.690620540924954
1628,80.90349700095709,69.16565900846433,4.669976955203465
1629,82.33592862155861,70.87980173482032,4.856062491656665
1630,83.3721311369831,72.31352718078382,5.436638890244439
1631,83.46540720212089,69.1969887076537,5.065022083505763
1632,82.72843903104358,64.52784503631962,5.247697702888899
1633,81.87051615144593,60.12805587892899,7.190542174882145
1634,80.88179423406032,57.198660714285715,9.545433813739352
1635,79.74912722253028,71.23799359658484,3.7473668233980986
1636,78.45445022425099,73.62525458248473,4.253509560551696
1637,76.971825387864,75.70320077594569,5.402090439270173
1638,74.98661173612047,75.9007955077211,6.039513212029227
1639,72.25063256055927,74.55295735900962,6.486664939488958
1640,71.17778854131522,72.48441674087266,7.636954434100069
1641,69.54808687999811,69.1588785046729,8.555908772641141
1642,66.75734716534485,65.69814366424536,8.485566961371545
1643,63.773226376434415,62.50480215136381,10.4989518301626
1644,62.77615670302884,72.7204502814259,10.50342521783801
1645,62.77615670302884,72.7204502814259,11.305503154716773
1646,62.77615670302884,72.7204502814259,12.08738825283842
1647,62.77615670302884,72.7204502814259,12.814192263897944
1648,62.77615670302884,72.7204502814259,13.464497329530488
1649,62.77615670302884,72.7204502814259,14.03750400022142
1650,62.77615670302884,72.7204502814259,14.544638591577074
1651,62.77615670302884,72.7204502814259,14.988558352539497
1652,62.77615670302884,66.00375234521576,16.03323694828387
1653,62.77615670302884,70.54409005628519,16.728359896500063
1654,62.77615670302884,75.0093808630394,14.112396829310603
1655,62.77615670302884,79.9249530956848,10.145878111505434
1656,61.93652633772092,80.76225045372051,8.62659462453097
1657,61.00497542677285,82.64984227129338,6.3037968573273
1658,59.97552478496294,84.58938830686043,3.9269363127517436
1659,58.84076238523901,86.3000325414904,4.963924759989377
1660,56.80852049279371,87.24727838258165,6.583670857404187
1661,54.87941594071091,88.18100625186068,6.560421769649585
1662,52.660341069259964,88.94901737396754,6.692118486494225
1663,50.005961142336275,89.56687551076001,6.674779372767479
1664,46.23072549744246,90.04949205522271,6.879726816059706
1665,43.77440027335751,90.6367041198502,7.344737352124926
1666,40.72153285533407,91.09834888729361,7.4445882984014355
1667,40.72153285533407,91.09834888729361,7.490288767011039
1668,43.77440027335751,90.6367041198502,7.419258128687854
1669,46.23072549744246,90.04949205522271,7.07745642662509
1670,48.341541313144425,89.32355338223309,6.866616221365175
1671,50.203127697760245,88.67176437269895,6.728437705065271
1672,53.94004692302027,88.10442005339662,6.662426181897272
1673,56.55516387060529,87.38738738738739,6.5158615546034575
1674,58.516399583887164,86.39168561221176,6.302428489173119
1675,60.04330672035823,75.70315147407658,13.410415125316712
1676,61.41562904888254,78.84139879901095,11.93519344280041
1677,62.04983417111193,80.17303532804614,11.22856940591303
1678,62.04983417111193,80.17303532804614,11.745740049455154
1679,60.85379065973979,76.26472626472626,14.903205262358563
1680,59.529667687107235,72.58815701929474,18.083573428910697
1681,58.061570355015654,85.57753669432036,5.266890745897966
1682,56.42749523643321,86.75840978593273,4.458757886826491
1683,54.59517276561066,87.75629759812537,4.313333253653899
1684,52.51291971101734,88.58665171060011,4.719429172780393
1685,50.18490984296327,89.28859060402685,4.66118762171702
1686,47.502305279014315,89.87406836288872,4.717853133436494
1687,43.69949778117134,90.33210332103322,4.881848456273283
1688,41.666767228444364,91.01867170881589,4.474633595033367
1689,39.34646910981114,91.577752553916,4.317664168709144
1690,36.59315964468906,92.02092871157619,4.508874794726008
1691,32.721186393804395,92.35922126857861,4.664356558980749
1692,32.721186393804395,92.35922126857861,4.794941227681166
1693,32.721186393804395,92.35922126857861,4.904213305171989
1694,32.721186393804395,92.35922126857861,5.018079730419945
1695,32.721186393804395,83.54615867699393,11.565264821974674
1696,32.721186393804395,87.37701486288465,6.6895032997446995
1697,32.721186393804395,91.29160561021561,5.401743155494919
1698,32.721186393804395,95.28993091898681,1.5439908802627118
1699,29.934751215917355,95.57076706261324,1.2624705966169418
1700,26.03032852444355,95.75992255566312,1.073706690767623
1701,26.03032852444355,95.75992255566312,1.089218360755826
1702,26.03032852444355,95.75992255566312,1.1671313516942825
1703,26.03032852444355,95.75992255566312,1.3160286579243847
1704,26.03032852444355,95.75992255566312,3.3124874567791864
1705,26.03032852444355,95.75992255566312,4.061775612729383
1706,26.03032852444355,95.75992255566312,4.388414187475399
1707,26.03032852444355,95.75992255566312,4.51535828814831
1708,26.03032852444355,95.75992255566312,4.646161313941471
1709,26.03032852444355,95.75992255566312,4.849933081856719
1710,26.03032852444355,95.75992255566312,5.271320582824271
1711,26.03032852444355,95.75992255566312,5.949445264471344
1712,26.03032852444355,95.75992255566312,6.879835002638398
1713,26.03032852444355,95.75992255566312,7.001252751621051
1714,26.03032852444355,95.75992255566312,7.122251276974826
1715,26.03032852444355,95.75992255566312,7.245964804929488
1716,26.03032852444355,95.75992255566312,7.370335935556255
1717,26.03032852444355,95.75992255566312,7.493500251047653
1718,30.485715403245177,95.59001208215868,7.524131831680918
1719,33.61515677888334,95.34981147884373,7.449211771486071
1720,35.27773133065203,93.20367599914512,5.435305242667051
1721,37.487130029768004,91.05584642233858,4.816152422110126
1722,40.583445692641185,90.70454545454545,4.77288321531972
1723,43.08419065206053,90.24621212121212,4.731312150340406
1724,45.487438551329205,79.44732297063904,12.338055904004564
1725,47.77240169536311,82.84023668639053,8.914330626405732
1726,49.76899386380985,86.3502279431483,4.380312767626749
1727,51.54603954453609,89.96926515786532,3.9465311054218435
1728,51.73815346699155,90.12034704729919,4.006374975500988
1729,50.95011255570299,88.58710562414267,4.188099243461053
1730,49.24772065516991,85.08563899868248,6.2577434761147925
1731,47.34871983502551,81.68479635719707,11.069210410822079
1732,45.12132415869618,78.37378640776699,15.043229243748545
1733,42.39379763319358,91.0148975791434,1.8887759560464505
1734,38.54706151736638,91.31696428571429,1.8664816574173388
1735,36.20125628122143,91.75965665236052,1.3403511751546207
1736,33.42297400737587,92.09983498349835,1.2172382332110252
1737,29.52654032853783,92.34734337827122,1.0593181454726435
1738,29.52654032853783,92.34734337827122,1.0009997965708906
1739,29.52654032853783,92.34734337827122,0.980396725460205
1740,29.52654032853783,92.34734337827122,0.994465358146891
1741,29.52654032853783,92.34734337827122,1.0611071445759206
1742,29.52654032853783,92.34734337827122,1.1884827671605367
1743,29.52654032853783,92.34734337827122,1.4143808832695608
1744,29.52654032853783,92.34734337827122,1.749861704567375
1745,29.52654032853783,92.34734337827122,2.7074618481861177
1746,29.52654032853783,92.34734337827122,4.098738526245967
1747,29.52654032853783,92.34734337827122,5.772805077758004
1748,29.52654032853783,92.34734337827122,6.149000861611447
1749,29.52654032853783,92.34734337827122,6.51727423565294
1750,29.52654032853783,92.34734337827122,6.901101079728425
1751,29.52654032853783,92.34734337827122,7.358976338959899
1752,31.75224655156569,92.23458038422649,8.130010562992297
1753,34.88168792720385,91.94193141173996,9.29461279892709
1754,37.41626366506555,91.5517618734953,11.795121935433885
1755,39.60708167565142,91.05394946505805,13.213972775631795
1756,43.44522414809372,90.73854191403467,14.547182102596476
1757,46.163967096322914,90.31459004211048,14.974502346415592
1758,48.44893024035682,89.7700852492896,15.703580629190755
1759,50.445522408803555,89.09237813089146,16.00674126578308
1760,52.2225680895298,88.74543923659837,16.278987405997356
1761,53.820406521584864,88.39520608009354,16.717206051622814
1762,55.499329181333195,87.8085949405669,17.06500664930227
1763,57.21746541373267,86.8596881959911,16.822859700443882
1764,58.754901443081444,85.72850979090607,16.119264375213678
1765,58.754901443081444,80.98240955857949,10.264916966869384
1766,58.754901443081444,76.36906737470959,7.299652350864879
1767,58.754901443081444,71.88848323929638,6.764676449772401
1768,58.754901443081444,81.08197809492201,10.541331943491684
1769,58.754901443081444,81.08197809492201,10.688198355651439
1770,59.72463788401051,80.50933786078099,10.285542927769766
1771,61.48417187688054,79.21847246891652,9.318026137723338
1772,61.48417187688054,74.35168738898757,7.1222883104382495
1773,61.48417187688054,69.62699822380107,7.500080751503232
1774,64.01441675778932,57.89473684210526,11.530493956660784
1775,65.74869910867513,60.609613130128956,9.997245219349495
1776,66.93890027566455,63.17718940936864,8.821778180375661
1777,68.00539114390044,65.74819838914794,8.071338961120677
1778,67.91202845027964,66.59510519536282,8.744835637054962
1779,67.46658349671232,69.0242863229655,9.641113559561768
1780,66.40541957017952,69.9873896595208,8.837275046485004
1781,67.12754765139111,74.36008676789588,7.113638586620959
1782,66.15876952814952,75.41613316261204,6.933933504297086
1783,64.9028642745197,76.34993721222268,6.673358106533447
1784,63.26690582838442,77.15923045435939,6.127702134685873
1785,62.23262052435194,77.59935768767564,6.20971286313729
1786,60.95070910458923,78.60227718884963,5.6834019914542635
1787,59.35451889670876,79.47146687093068,5.123911626848223
1788,57.30055793675333,80.20872158032054,4.7592623273202594
1789,54.10490836066146,80.81795150199059,3.7787565154259406
1790,54.36975084431278,80.87211432759253,3.9535891459687473
1791,54.57150025102817,80.9840917499075,4.232086216976279
1792,54.71078303547475,81.15456238361266,4.505112332282389
1793,54.78802565197227,81.38317757009345,4.904587313782704
1794,54.80346251056806,81.66853722409277,5.203246636928767
1795,54.75714028065361,82.00821201941022,5.6684884439824765
1796,54.6489187419202,82.39881173412552,5.728119867006217
1797,54.478468221766,82.83609576427256,5.635123190778447
1798,54.24526350097625,83.31511839708561,5.735262631757505
1799,53.948573901905625,83.8303988501617,4.653476086447252
1800,53.58744908033538,84.37610463061152,3.9771096489877342
1801,55.22023259562656,84.59900638750887,3.696849596487269
1802,57.553560814093196,84.4,3.7437846392854204
1803,59.26296761353438,84.08921933085502,3.886057322376073
1804,60.59714842258932,83.66186504927975,4.104034578486362
1805,61.649709360527595,83.42328450269854,4.983072494277124
1806,62.4692860845652,83.5027365129007,4.5772422106905335
1807,63.08459993669236,83.63636363636364,4.937637441615743
1808,63.51348069613127,83.82470119521912,5.055607882249199
1809,63.76685528120822,84.18734987990392,4.676338183087527
1810,63.850681360754635,85.72574178027266,3.6451207715309994
1811,63.76685528120822,87.14971977582066,3.703743277259338
1812,63.51348069613127,88.44621513944223,3.7328961263627916
1813,62.89248601423689,89.39274447949526,3.9323060991545056
1814,62.04778164366613,90.19455252918289,4.096287235810718
1815,60.94330194542567,90.8499234303216,4.303841565366488
1816,62.32863896117875,90.90202177293935,4.357312910821879
1817,65.10685969226698,90.3265306122449,4.206613826931514
1818,67.2809595642234,89.55479452054794,4.221938647039736
1819,69.1015364345114,77.66816143497758,10.554056024381023
1820,70.664396358367,81.61350844277673,6.864013525625809
1821,71.5968004434271,84.82056256062076,3.416354109167174
1822,71.99794078961295,86.58415841584159,3.486612301743013
1823,70.28853399017176,84.08653846153847,3.7651592226334096
1824,67.95520577170514,81.42458100558659,6.41026720954782
1825,65.72916665819682,88.77320054323224,5.087594973241414
1826,66.70354176571355,89.20377867746289,6.01748759686497
1827,67.5149787044207,89.76912630149388,6.733885274726716
1828,67.83934150577254,90.01361779391739,7.51047798967851
1829,68.14330928752467,90.17735334242838,8.276992236005324
1830,68.28988476290745,90.25944469731452,9.008704621326372
1831,68.16636382194143,90.17735334242838,9.623909092075497
1832,67.913007199753,90.01361779391739,10.181562727846892
1833,68.16636382194143,90.17735334242838,10.857637937109509
1834,67.65889466498642,89.76912630149388,11.256560904825218
1835,66.7127013116043,89.20377867746289,11.547784447217149
1836,68.09308007351255,87.98503973819543,11.672355505117002
1837,69.28160359812425,86.52447891420262,11.384467534693401
1838,70.30389868237779,84.81203007518798,9.38407735762254
1839,71.17768040893095,83.25581395348837,7.307916047449773
1840,71.91569953768344,82.04992033988316,6.328728550181976
1841,72.5273513529528,80.85916258836325,5.65469706298921
1842,73.01962258500926,79.70049916805324,4.042452067647317
1843,73.39767797113758,78.59154929577464,3.109045006327478
1844,73.66523466398912,77.54985754985755,2.5769839212573573
1845,73.82480255836019,76.592082616179,2.1399673747942445
1846,73.87783343469678,75.73317998849913,2.0840537435135373
1847,73.82480255836019,74.98565691336776,1.8474400374136593
1848,73.66523466398912,74.35897435897436,1.9919598618656507
1849,73.39767797113758,73.85915492957747,2.5943094680667205
1850,73.01962258500926,73.48863006100943,2.756175872627648
1851,72.5273513529528,73.2463295269168,2.9778119670265553
1852,71.91569953768344,73.12798725438131,3.329780984387544
1853,71.17768040893095,73.1266149870801,3.568615262815352
1854,70.30389868237778,73.23308270676692,3.707693244762931
1855,69.28160359812425,73.43674260785264,3.9543546246410273
1856,68.09308007351255,73.7260402057036,4.2669841158281265
1857,66.7127013116043,74.08906882591093,4.08959479286858
1858,65.10090109732953,75.0755939524838,3.6589631649288994
1859,63.189557980505406,75.90062111801242,3.522742170917436
1860,60.833904514341945,76.57550535077289,2.8924677807631975
1861,57.34890781486208,77.112542629784,2.309151181379526
1862,56.99329976449378,76.96608274319792,2.6447035776827907
1863,56.57019141819055,76.89213893967093,3.005036761399715
1864,56.078056864954675,76.88729874776386,3.355745998406976
1865,55.515047298879296,76.94725812085225,3.671116762668728
1866,54.87894375910515,77.0670296019054,3.8382582911449656
1867,54.1670955863624,77.24115117433014,3.921545185914429
1868,53.37633971673396,77.46388443017656,4.17188971421322
1869,52.50289362560184,77.72939346811819,4.202266193454197
1870,51.542211079525906,78.0318988865483,4.450399625770612
1871,50.488783859839856,78.36580401279441,5.123974536813707
1872,49.33586239540232,78.72579287117597,5.89312817706611
1873,49.47215829090819,79.02600996126176,6.893859093766732
1874,50.53063711154736,79.51002227171492,8.009369076589833
1875,51.14815086366476,79.82112912241476,9.098552494120792
1876,51.40226339843133,79.9552071668533,9.65263649805311
1877,51.5475928030579,79.79260089686099,10.555546816513225
1878,51.40226339843133,80.23516237402016,10.910072467119443
1879,50.260168983550955,78.7571858746236,12.023664464170825
1880,48.14935316784898,75.49199685122015,14.376391278127617
1881,45.693027943764015,72.3409605230073,16.735421160946842
1882,43.870020979379746,69.32559825960841,19.38314472279914
1883,41.82850684937936,81.39372822299651,11.00413754235278
1884,39.49961508736124,82.01294353938853,10.66232751651526
1885,38.94729257117883,82.31947483588621,10.383332421213087
1886,38.18837039427429,82.28346456692914,10.466759316163476
1887,38.288791324467205,82.30146576241523,10.538550392795646
1888,38.631797522218314,82.33749179251477,10.605399218664152
1889,39.49961508736123,83.95447444766793,8.676159695896345
1890,40.11712883947864,84.03850458920977,8.463533422160495
1891,42.06914303834231,87.54945310681872,5.3004669008190355
1892,43.82575419413984,91.43893591293833,3.2552631504196965
1893,45.4193706400805,95.55388093443858,2.928783237790205
1894,43.28638025547165,95.63155267099351,3.2056003957491956
1895,40.83913249593227,95.68880079286423,3.448888238347619
1896,42.091876044562945,95.53617239610057,3.5387566778732786
1897,43.24230642143312,95.38216560509554,3.6031765915875194
1898,44.29799237839611,95.22764673614921,3.45230252022622
1899,45.265082470031665,95.07361268403172,3.607783024945895
1900,46.14864079115785,94.92119089316988,3.7195906200335185
1901,47.68728164953439,94.61259079903148,4.028822200652119
1902,49.698603408543704,94.03032217308908,3.920938848530389
1903,50.43253423555558,92.00779727095517,3.642409361349999
1904,51.09135153196175,89.75983989326217,4.089803329582855
1905,51.677743096317954,87.59398496240601,4.862896472801489
1906,52.193968407048935,90.56603773584905,5.935194130650945
1907,52.64192058851586,90.37776193870278,6.338889850031432
1908,53.02317416189754,90.2102973168963,7.141160382435771
1909,53.33902197078506,90.06622516556291,7.957257128617077
1910,53.59050366659189,89.94787788533135,8.872820026568828
1911,53.7784274471957,89.8572501878287,9.702353080405027
1912,53.903386252266124,89.79591836734694,10.271238910019498
1913,53.96576926035697,89.76497346474602,10.75679951296744
1914,53.96576926035697,89.76497346474602,11.211511480184546
1915,53.903386252266124,89.79591836734694,11.639783075993066
1916,53.7784274471957,89.8572501878287,12.086921899507848
1917,53.59050366659189,89.94787788533135,12.48886711126129
1918,54.16243251584449,89.64741185296324,12.75517745385897
1919,55.36929946139264,88.8162951575711,12.390188424357968
1920,56.37635434427363,87.74548311076198,12.416730009026452
1921,55.992031418638796,83.37191358024691,8.672960259061615
1922,55.7736294368755,79.9083269671505,5.590019891256583
1923,55.7736294368755,77.42551566080978,4.053702853533033
1924,57.57835918634171,76.08359133126935,3.357795012382378
1925,60.60142712091788,75.75396825396825,3.4967073501271524
1926,62.8158609031716,75.38586515028432,4.188480121494098
1927,64.3987884729703,74.91708126036484,4.638781693461871
1928,65.03896498242185,73.72384937238493,4.895466852434385
1929,65.03896498242185,72.00836820083683,5.492562711381249
1930,65.03896498242185,70.3347280334728,6.636963994285436
1931,65.03896498242185,70.3347280334728,7.697214187499527
1932,65.03896498242185,72.84518828451883,8.420100322169063
1933,65.03896498242185,74.64435146443515,9.606122196639202
1934,64.29537896575361,74.66996699669967,10.303726295343301
1935,63.336878741395516,74.77696674776966,10.756076316578392
1936,62.12621887330659,75.47694753577106,11.496882599510812
1937,60.59725891465152,76.06837606837607,12.073279222157417
1938,58.606936893936,76.5530303030303,13.461004211394593
1939,55.47169942634468,76.93441414885777,14.651156609986925
1940,55.91888253862873,76.45089285714286,14.749737992750013
1941,55.49577419232549,72.62773722627738,12.62978685771981
1942,55.631422409843374,67.43085880640466,10.999379049165064
1943,56.25861401075742,68.3259587020649,11.06996676882561
1944,56.73647409499512,69.33681073025335,11.84743155971272
1945,56.08267578557953,67.54894851341552,12.83512226111531
1946,54.980317181981384,65.13986013986013,12.618670101785037
1947,55.84406578328705,64.44827586206897,12.96633158507169
1948,57.72473436180989,62.82234957020057,11.808466916386823
1949,58.36352900755964,60.44885945548197,10.31647267368521
1950,58.92691511246931,57.918552036199095,8.415003625423813
1951,59.41725370799792,55.24286815728605,7.415745322522479
1952,59.83650069760614,59.040880503144656,8.983336687460826
1953,60.186259929494675,58.91286970423661,9.06150798351868
1954,60.46782368389126,58.91410048622366,9.123505268438214
1955,60.68220336861572,59.04995904995905,9.54081320680017
1956,60.83015237435823,59.32343234323432,10.047783997426574
1957,60.91218244614529,59.734879867439936,10.441454835181375
1958,61.408517273427066,54.66778805719092,7.222582759108012
1959,62.265498179450454,55.7426597582038,6.628420976850239
1960,62.99417705118852,57.07338638373121,7.745811409543573
1961,63.60288678683791,58.25812274368231,7.875841569494856
1962,63.60288678683791,58.25812274368231,7.359694769777357
1963,63.313093752436934,56.344950848972296,5.855004838434166
1964,63.313093752436934,54.55764075067024,5.122545709247434
1965,63.313093752436934,52.23413762287757,4.21906230500786
1966,63.313093752436934,56.12153708668454,5.365954647878323
1967,63.313093752436934,56.12153708668454,5.301847199779591
1968,63.313093752436934,56.12153708668454,5.315155568700498
1969,63.313093752436934,56.12153708668454,5.319538084221376
1970,63.313093752436934,56.12153708668454,5.34872616072044
1971,63.313093752436934,56.12153708668454,5.500823906859898
1972,63.313093752436934,56.12153708668454,5.732325467142217
1973,63.313093752436934,56.12153708668454,6.00799008319553
1974,63.313093752436934,56.12153708668454,6.346781456883695
1975,63.313093752436934,52.23413762287757,7.709633857290413
1976,63.313093752436934,54.60232350312779,7.4719194382328835
1977,63.313093752436934,57.10455764075067,7.632510327933757
1978,63.313093752436934,59.7408400357462,7.10331318718242
1979,62.64529953456929,60.57692307692308,7.189819927089806
1980,61.85366408882495,62.02046035805627,7.173131376979467
1981,61.408517273427066,64.25567703952902,6.445756468561846
1982,61.408517273427066,67.49369217830109,5.043576316881642
1983,61.37538796264804,70.7808564231738,4.858764367731737
1984,61.27588463041139,73.9766081871345,5.468914419385578
1985,57.87614364597875,74.4595676541233,5.876768874435429
1986,55.964800529154616,75.17321016166282,6.60708594087882
1987,53.609147062991156,75.75757575757575,7.4400631843208895
1988,50.658821095822645,75.5939524838013,7.966885399860784
1989,51.396840224575136,73.91782831988262,8.204283595577301
1990,52.008492039844505,72.40865026099925,8.567402826067756
1991,52.50076327190096,70.48374905517763,8.697751465242034
1992,52.87881865802928,69.70970206264325,9.748800041123104
1993,53.14637535088082,69.01462663587375,10.262217659726591
1994,53.3059432452519,68.40680587780356,10.774987672081583
1995,53.35897412158848,67.89310611928737,10.952706096739352
1996,53.34572377883873,66.58923732094463,10.859874247726452
1997,53.34572377883873,62.52419667053813,12.780600239639483
1998,53.34572377883873,62.52419667053813,13.43755414961108
1999,53.34572377883873,62.52419667053813,13.965988890763589
2000,53.34572377883873,67.63453348819202,12.678743131764259
2001,53.617837604015996,70.39937353171496,11.80482689108707
2002,54.07681880658833,74.32108626198082,9.428669453009343
2003,53.950339576945844,76.6109785202864,8.239480486630384
2004,55.548717176696556,78.2451923076923,6.873694822917174
2005,57.91710059722171,80.73584125671765,3.957293899657906
2006,59.99430367703807,84.21733505821474,4.075106200224885
2007,62.85544888954859,87.93336334984241,7.517881541149898
2008,62.09652671264404,87.85425101214575,9.000957218705645
2009,63.82898138954167,87.18186024988431,10.553425366896233
2010,65.187629494926,86.3312766967252,12.089992603434814
2011,66.37304468392638,85.38125303545411,12.95256973546051
2012,68.59658601661559,84.6268656716418,14.16216355568087
2013,70.70116387991615,84.08163265306122,15.749984160724743
2014,71.86845429882284,83.15132605304213,17.034752941333576
2015,72.82919729516273,80.70824524312897,16.749553076315237
2016,73.8283955685255,82.00859291084855,18.870396975243107
2017,74.51767141238446,82.98913043478261,20.68666439103713
2018,74.9403235429443,83.62541073384448,22.513536576645222
2019,76.89312727611598,79.94413407821229,20.123753017106328
2020,78.83482744382778,81.77142857142857,22.93392988457459
2021,80.12223519882848,83.29452852153668,24.97031160873586
2022,80.99879455811386,84.47461629279812,27.80625145350954
2023,82.02080852353761,84.54047474132685,28.867084556539343
2024,82.67702648254537,81.16032439176544,25.968200738970122
2025,82.67702648254537,75.35870243293824,20.942711338635746
2026,82.67702648254537,69.80661260137242,19.129113300016524
2027,83.10559783950792,65.81795035009549,19.178034420992518
2028,83.86884731659345,63.582286847323196,18.77121910435988
2029,84.91358672999996,61.10344827586207,17.65869353908667
2030,88.14710173367301,59.51683748169839,15.798457227156694
2031,89.26633370755813,56.0663149962321,14.28849178130469
2032,89.26633370755813,51.16804822908817,14.240781743676376
2033,89.26633370755813,46.571213262999244,13.190440387869176
2034,89.26633370755813,42.27581009796533,10.382360694395386
2035,89.26633370755813,52.29841748304446,14.058526234271673
2036,89.26633370755813,52.29841748304446,13.988895605659565
2037,89.26633370755813,52.29841748304446,14.200483732833277
2038,89.26633370755813,52.29841748304446,14.614889045196668
2039,89.26633370755813,52.29841748304446,15.196779496462083
2040,89.26633370755813,52.29841748304446,15.934298536683102
2041,89.26633370755813,52.29841748304446,16.67886547812577
2042,89.26633370755813,52.29841748304446,17.34931093980353
2043,89.26633370755813,52.29841748304446,17.818328133814184
2044,89.26633370755813,52.29841748304446,18.103932166939
2045,89.53696853214223,42.922723794950265,12.568346679388425
2046,90.19736199183275,44.2596991290578,14.170849919133438
2047,90.72739879269979,44.90627546862266,15.27943008479996
2048,91.13363288006576,45.954962468723934,16.974599630052296
2049,91.02245897252817,49.37759336099585,17.62676064796517
2050,91.41460370927531,47.858942065491185,17.168190519247972
2051,91.57991788750546,46.32911392405063,17.13325821117518
2052,91.52498992802889,44.81887110362258,14.842482677558046
2053,91.24766720209561,46.44945697577276,16.281638169978674
2054,90.73651318563388,48.806584362139915,15.223382432227497
2055,89.96761700004276,51.08783239323127,16.7762155047051
2056,88.7434422369886,51.01088646967341,16.626745247126422
2057,88.38717101717866,46.72256097560975,14.331154234603295
2058,88.86991212788159,43.7070938215103,8.750940536460853
2059,89.17197630739484,41.26250962278676,9.096848558738643
2060,89.27159584865325,38.84169884169884,9.371843071341507
2061,89.17197630739481,38.10623556581986,9.938024316348319
2062,88.86991212788159,38.3676582761251,9.991185275103556
2063,88.35512847705706,40.27047332832457,8.75381727755588
2064,87.60793193203955,42.16335540838852,9.031244037582121
2065,86.87848017933123,44.204463642908564,9.467851636873446
2066,86.62990447613441,45.2991452991453,11.925454996825946
2067,86.6299044761344,45.2991452991453,10.727181188721735
2068,85.2619559116812,43.32425068119891,6.67817431764317
2069,83.5841506893984,41.298701298701296,6.208851391834759
2070,81.452564060381,39.81481481481482,7.354897063798921
2071,79.17729731543757,47.359154929577464,7.958723685556238
2072,76.97499702453042,49.107142857142854,8.691284586548372
2073,76.4711260493031,52.06746463547334,9.217809187855496
2074,76.4711260493031,52.06746463547334,9.362327062518453
2075,73.63763904818862,50.688559322033896,9.318502114228618
2076,73.55787434297967,47.173798203909136,7.486320811491986
2077,73.55787434297967,47.173798203909136,8.562966813062404
2078,73.55787434297967,47.173798203909136,9.675520932878287
2079,73.97669367798512,47.525279403938264,11.46452572713489
2080,74.85141108764653,46.60879001627781,12.456128793964906
2081,75.50487213298548,45.01377410468319,11.304144554247557
2082,75.95891772723743,45.40389972144847,13.617860482083064
2083,76.22665949612993,45.70947840717891,14.584969326228741
2084,76.11003491233606,45.556176634991616,14.995017111660793
2085,76.67756375505341,46.866014951121336,15.960813697057525
2086,77.14830541950171,48.02592810842663,17.02485996621387
2087,77.52554301131867,52.916416115454,18.67011385476009
2088,75.91565766943984,54.052478134110785,19.537004782579963
2089,73.67597920809759,55.098591549295776,19.929377258863532
2090,71.56488868788476,56.48604269293924,21.244943638427795
2091,71.20896460151336,57.35930735930736,21.694703905213846
2092,72.04660327152426,55.46875,20.590578970476137
2093,72.04660327152426,51.50669642857143,16.240881146332402
2094,72.04660327152426,47.767857142857146,12.953380929776543
2095,72.04660327152426,44.252232142857146,7.8793643933847575
2096,73.37379323498612,42.294520547945204,7.993200134633793
2097,74.4833306707116,39.90665110851808,7.47187260612781
2098,74.4833306707116,36.8144690781797,5.473343010600189
2099,74.4833306707116,33.95565927654609,
2100,74.4833306707116,31.33022170361727,
2101,74.4833306707116,33.37222870478413,
2102,74.4833306707116,32.147024504084015,
2103,74.4833306707116,34.88914819136523,
2104,74.4833306707116,37.864644107351225,6.487962436118774
2105,74.4833306707116,41.07351225204201,5.681947196642666
2106,72.69357725102752,42.72116461366181,3.592043531636698
2107,71.12448207654633,44.40860215053763,3.5293990508445425
2108,69.192221529354,45.98352214212152,5.224451813093865
2109,66.64691504069575,47.44094488188976,6.469581973020638
2110,64.29351897198642,48.62689393939394,8.906319434411847
2111,63.37160533907385,49.725022914757105,10.543426411001516
2112,62.31281272882677,50.92920353982301,12.55756451113372
2113,61.58395352842434,51.7555266579974,12.735603563537733
2114,61.11581808430784,51.39905294877314,13.119750805849923
2115,60.385734733247716,50.873455475074564,13.455537249170336
2116,59.349532217823224,50.189155107187894,12.077090170756074
2117,59.349532217823224,50.189155107187894,11.927291997461213
2118,59.349532217823224,50.189155107187894,11.649440197864557
2119,60.04783661027699,49.600672551492224,10.400930720946912
2120,61.75724340971818,48.51228978007762,8.961826990083237
2121,61.298262207145854,45.33558463486703,6.675572104348167
2122,60.76054836256778,42.315615986815,5.540791850431599
2123,60.14147144598673,39.18973124749298,5.977083904646978
2124,59.43781553910844,46.74717569146864,6.771308833187389
2125,60.543224843541054,47.412090082971154,6.628695473494169
2126,61.349125271193884,47.94246903715541,6.732699247940159
2127,61.93989962938778,48.00483675937122,6.502985141967061
2128,62.79591489963585,46.7382328654005,6.534810192664079
2129,63.97939010373091,45.14187446259673,6.864222651033116
2130,65.03049983151588,36.729222520107236,5.384210827566442
2131,65.90118788897756,38.500694123091165,5.541780300388167
2132,66.60872016342572,40.0,6.1217553194083685
2133,67.22102525919598,40.84437898870888,6.886831176949938
2134,67.31309008764616,41.16773874319644,7.4171570738005626
2135,66.84001276436389,44.79726428920371,9.172838585543328
2136,66.2076051793912,46.035559827006246,8.923281304926485
2137,66.2076051793912,48.14992791926958,9.009111941714343
2138,66.2076051793912,50.888995675156174,7.602747645584149
2139,66.2076051793912,53.82027871215762,7.269588773895232
2140,65.72551643329223,55.75556608242539,6.879282443129847
2141,65.10291200291104,57.98045602605863,7.123268637970423
2142,64.32982581540706,60.09111617312073,7.610388533077148
2143,63.3921096297833,62.07203201422855,7.94031672727673
2144,63.3921096297833,62.116496220542466,7.9754836380578675
2145,64.32982581540706,60.227790432801825,7.794456341148257
2146,65.10291200291104,58.12005583992555,8.229510972948395
2147,64.77302320839898,54.004576659038904,10.166890584019962
2148,64.36690367234196,46.792283535217585,15.898634513044273
2149,63.8826777906811,45.769399386234106,16.765138637110283
2150,63.31800617402289,53.52413498504912,11.216741533576036
2151,62.670008829248616,56.039850560398506,9.875063416216467
2152,61.47381429544141,57.479058635819705,10.13602874248898
2153,60.821543904347955,60.101602188354825,9.86957157464571
2154,60.821543904347955,64.36107854630716,11.414543368846902
2155,60.821543904347955,68.7768659632669,10.947379380881015
2156,60.821543904347955,73.34896443923408,12.697335531728648
2157,58.58481802513367,74.39433469996273,13.444313917281942
2158,58.58481802513367,74.39433469996273,13.730813923235402
2159,58.58481802513367,74.39433469996273,13.875553540907728
2160,58.58481802513367,74.39433469996273,14.002178447864194
2161,58.58481802513367,74.39433469996273,14.489130623761508
2162,59.24922506530792,73.64016736401673,14.16283906695934
2163,59.87700783606167,70.54714784633295,12.967963131485828
2164,59.87700783606167,66.08459448971672,11.412361730947564
2165,59.87700783606167,61.77726038028715,8.605082252144793
2166,59.87700783606167,57.9743888242142,4.609996438972497
2167,60.47026343427881,64.34507320933913,9.772658530425455
2168,61.560158582732186,62.22770242498972,8.12695831068043
2169,62.53067677923434,59.86365573072007,6.037484662828545
2170,63.39086821069056,53.37152930806523,3.858222074304971
2171,63.39086821069056,53.01895107977082,4.974314108763047
2172,63.39086821069056,53.41560158660203,4.503041401712498
2173,64.50465730495293,54.762979683972915,4.153793453150103
2174,67.12946257297658,55.62700964630225,3.6814918461003545
2175,68.56851338679816,56.21797857475547,3.4505308442511367
2176,69.49791679252847,56.0,3.772624195055565
2177,70.61996092525926,57.543520309477756,3.750034077389943
2178,72.06036576534876,61.082995951417004,3.255865572630087
2179,73.31127229805129,64.90486257928119,4.848426514805436
2180,72.1312670913977,65.53347280334728,4.722628891557865
2181,72.63506402733962,56.906666666666666,5.113994406567327
2182,74.88655440720217,59.910162829870856,3.852725692253204
2183,76.68967598529291,62.94985250737463,5.017690861580658
2184,78.18886653579993,65.98639455782313,6.536627910337051
2185,78.95616226392693,67.3637515842839,6.726696805315276
2186,78.95616226392691,67.23700887198986,7.109893518082382
2187,77.67528683425532,63.27272727272727,7.343443390579146
2188,76.15899893885042,60.346820809248555,7.178922776055105
2189,74.33948531631769,57.42574257425743,7.878082048798097
2190,72.07225229852139,64.99477533960292,10.54932267298264
2191,68.67251131408875,66.35282457879089,11.654453768248821
2192,68.0456193405246,66.84311838306064,12.333965189108943
2193,67.3240166752667,67.42777260018639,13.87139738235473
2194,66.50263807834145,68.09180918091809,14.726295402598513
2195,65.57513845418455,68.82046834345186,16.204127638184936
2196,64.53349142111234,69.59966638865721,17.396284024995396
2197,63.36738101161803,70.41633306645316,19.09556843337996
2198,62.67456145013549,70.38777908343125,20.20414157407402
2199,62.37614814232621,69.41084666406555,20.83987292414301
2200,60.7670762943512,65.72174561730698,21.261076247643
2201,58.93411955290059,62.77164232276452,20.634919188472463
2202,56.80867263579814,60.76164569874192,19.574401428463574
2203,54.95508514668483,59.21880172128434,18.190780914579932
2204,52.61413677249927,58.713488677387595,18.72200395857607
2205,52.61413677249927,58.647850344601245,19.46225533208763
2206,52.41410595820759,58.1342062193126,19.65490628525405
2207,52.74481655395291,56.69657693585909,19.202242772713024
2208,55.32231451035573,55.24766193280222,18.16383141649123
2209,56.860120102279915,52.519517388218595,14.497091113733267
2210,58.626792581527944,50.609981515711645,13.036092591684827
2211,59.44304094855503,48.186330660557466,10.058258889984666
2212,60.171540690597006,45.611963793781975,8.84257002076963
2213,60.81626313019145,42.89761230271145,7.118303951774102
2214,61.38047766026903,43.669572436695724,6.984663534036128
2215,61.86687372150211,42.88747346072187,7.000088196840616
2216,62.277651249857065,42.26938068427891,6.440377096409216
2217,62.61458832511911,41.83179216204315,6.052712216888179
2218,62.87909184196042,41.588576528335565,6.34009027379248
2219,63.07223514798985,39.342045966651646,6.4403388900956084
2220,63.595725181290675,40.95500459136823,6.581625303952061
2221,64.4044579719329,42.20963172804532,6.655321436863084
2222,65.09011827132571,43.368828654404645,6.750101663703363
2223,65.90155521003285,43.226120857699804,6.6400869795056465
2224,66.72399935272176,37.98411122144985,7.7940644149066785
2225,66.6678569501235,37.42574257425743,8.01714821346277
2226,66.53661496406967,37.16814159292036,8.748551606179422
2227,66.3296835938594,37.159533073929964,9.51709172523768
2228,64.96504746988491,45.27595884003742,8.76032782645723
2229,63.36838998899504,47.441651705565526,10.293106624934055
2230,61.4716337499648,49.09716251074806,11.77184284168746
2231,60.187215125488756,51.64651938307628,14.326633386915072
2232,59.76261197102223,54.76093175316714,18.188270819656957
2233,59.26285512194465,57.73072313224131,20.90445973396305
2234,59.26285512194465,57.49101078705554,21.681531183453743
2235,59.76261197102223,54.51573355128729,20.325956500467026
2236,60.187215125488756,51.396415172988746,17.119340499049677
2237,60.767779346997806,48.484848484848484,14.575375034602883
2238,61.48175759522078,41.290039491004826,12.352787438148644
2239,62.09652671264404,42.24021592442645,12.43060279785369
2240,62.61645846604778,42.758620689655174,11.68087547197427
2241,62.82338983625804,43.61356247097074,11.82035510970973
2242,62.674929467655794,42.54041570438799,12.50526823934852
2243,62.674929467655794,42.17090069284065,12.658522887600194
2244,62.156259032825034,41.56490275893261,12.467426622258479
2245,61.53881945386806,40.30905077262693,12.578655542992855
2246,61.191617478351816,39.82570806100218,12.683972163512843
2247,61.42319083733386,39.50834064969271,12.298229809636805
2248,61.80124622346219,38.266666666666666,12.408921652999183
2249,61.948653863073496,36.80214381420277,10.646124923250465
2250,61.948653863073496,35.730236712818225,10.03454480550206
2251,61.948653863073496,34.435015631978565,9.266720175299648
2252,61.948653863073496,33.31844573470299,8.113602470863215
2253,61.948653863073496,34.25636444841447,8.117101371334181
2254,61.948653863073496,34.25636444841447,7.851238695454764
2255,61.948653863073496,33.85439928539527,7.92387974106828
2256,61.948653863073496,35.06029477445288,7.959058270743199
2257,62.06880291631372,36.233183856502244,8.37711854525262
2258,62.2283708106848,36.88007213706042,10.047767290533795
2259,60.06696790476769,36.09154929577465,8.592605882788016
2260,58.31121921227799,35.62119895742833,8.774756462416125
2261,60.07979066627437,36.06340819022457,8.863269582182047
2262,63.027073521176156,36.96339810212381,10.2793998105552
2263,65.16057181266996,37.760296159185565,10.915955817494975
2264,66.7704571545488,38.31199620673305,10.322158196154374
2265,68.24782353579143,39.58843704066634,8.861209731459104
2266,70.9542683108064,41.45715751667522,7.829530112687314
2267,72.2864516121625,43.185462319615176,8.106217632269528
2268,73.65177127822328,44.98886414253897,8.890119437590826
2269,73.65177127822328,44.98886414253897,9.09949378609762
2270,74.15370360360855,45.413618458075405,9.623710707851115
2271,75.41671295175497,42.76508494434681,9.59387888919695
2272,76.48268628593362,40.42553191489362,9.385104160757844
2273,77.3767707910469,38.65493400377121,9.688489396883732
2274,78.1161319249761,37.0873786407767,10.522431610830617
2275,78.7128864454267,35.76642335766423,12.800185414609563
2276,79.17569299706837,34.732566012186865,14.176763761127
2277,79.51067553276053,30.446735395189002,13.42155713613644
2278,79.72197921210112,33.37959750173491,17.492289909211735
2279,79.81210418343039,35.88850174216028,17.53179988813569
2280,79.78209114433977,39.109255393180234,15.261965772761977
2281,79.7252661017232,42.53990284524636,16.210170020157534
2282,79.55420563963399,45.97384721266346,13.908956294458108
2283,79.42532660083717,49.72640218878249,12.563073605683071
2284,79.42532660083717,54.03556771545828,8.205245584481375
2285,79.14835142199748,55.3306342780027,7.187223889130762
2286,78.75672337124267,56.82119205298013,7.893420460100891
2287,78.24629117167498,58.473479948253555,7.008055772286704
2288,77.61125227372969,60.25157232704402,6.475970940767448
2289,76.84369224736032,62.119366626065776,4.796914877565348
2290,75.93284864285576,64.04230317273796,4.888908239162743
2291,75.41926894131116,65.4178674351585,5.337098362141749
2292,75.41926894131116,65.4178674351585,5.938909050707466
2293,75.41926894131116,65.4178674351585,6.521858256597706
2294,75.41926894131116,65.4178674351585,6.827563657386528
2295,75.9057808990077,66.66666666666667,7.351066897232706
2296,76.27973369897005,68.37758112094396,8.250524984170854
2297,76.48486016866583,69.67359050445104,8.301068462816358
2298,76.54460038965759,70.03567181926279,8.27187075887039
2299,76.54460038965759,70.03567181926279,9.093681798609868
2300,76.54460038965759,70.15457788347206,9.902375332859283
2301,76.52566767586698,70.11289364230541,11.080792615739355
2302,76.52566767586698,70.64765300059418,11.708262850047728
2303,76.37368626112826,70.43169722057954,12.982153673456251
2304,76.11236995253644,73.66568914956012,12.299032477606657
2305,75.74436578725188,75.1304347826087,12.332148086389115
2306,75.21991703809236,76.95379349686252,12.097903008538
2307,74.6938088384735,78.3510936623668,11.914132601733307
2308,74.01168927808288,79.9560680944536,11.201055223657336
2309,73.16001023714962,81.36047134440278,10.712576260107603
2310,73.16001023714962,81.36047134440278,11.236354873478284
2311,73.16001023714962,81.36047134440278,11.731914746795525
2312,73.16001023714962,81.36047134440278,12.198690867156543
2313,73.16001023714962,81.36047134440278,12.638293952583602
2314,73.16001023714962,76.05784681306909,18.438369583077485
2315,73.16001023714962,79.11087305838244,15.697229681736562
2316,73.16001023714962,82.37814675950723,13.586994766776428
2317,73.16001023714962,85.8596679164435,9.218926420215853
2318,72.11881941982081,87.03800104112442,8.777856571803685
2319,70.85765200217325,87.99798285426122,8.393594978450901
2320,69.32642225527324,88.7481734047735,8.585062927293656
2321,69.32642225527324,92.69361909400877,6.194879135045861
2322,66.0929072516002,93.0276087973795,5.583180318322554
2323,64.89609293574564,94.10965111010421,4.050536459597237
2324,63.48658618714637,94.9671772428884,3.2127100751591726
2325,61.81364803999642,95.61366512020244,2.64228012179341
2326,59.78188416056744,96.06490872210954,2.4769363911094127
2327,56.5901011657115,96.30062305295951,2.4071684808791116
2328,53.1609136950783,96.48729446935725,2.240796372271738
2329,52.97298991447449,96.51851851851852,2.108597939374328
2330,52.72150821866766,96.5592972181552,1.9498426054519402
2331,52.40566040978015,96.60894660894661,1.7601117218927382
2332,52.02440683639846,96.66666666666667,1.2774156370978276
2333,51.576454654931545,96.73157162726008,1.2437534930012615
2334,51.06022934420056,96.80272108843538,1.2261923468948204
2335,50.47383777984436,96.87915006640107,1.2420270618287867
2336,49.81502048343818,96.95989650711513,1.2732356675454393
2337,49.08108965642631,97.04402515723271,1.3316530760944558
2338,48.26884810843024,97.13064713064713,1.4136148869583556
2339,47.37448188386213,97.2189349112426,1.5134974667977006
2340,46.393415737182686,97.30813287514319,1.732682871810282
2341,45.32011461447728,97.39756367663344,1.9807792157798692
2342,44.14780407372043,97.48663101604278,2.3057341217015
2343,42.86806430374717,97.57481940144478,2.707083757064771
2344,41.470217900301385,97.66169154228855,3.0996608460042325
2345,41.04955438909897,97.57827788649706,3.4505801425773925
2346,41.410448070671194,97.25490196078431,3.7913061630577545
2347,41.410448070671194,96.83823529411765,4.0896663112553995
2348,40.233934248598224,94.83917426788287,2.570629278903236
2349,39.53360545341999,94.52153110047847,2.6503580036775496
2350,38.23965749441351,93.98192197906755,2.122689348201833
2351,35.74416161949294,93.27195467422096,1.819979467519496
2352,35.74416161949294,92.68177525967894,1.3946235714204454
2353,35.74416161949294,92.75259678942399,1.4203163002401344
2354,35.74416161949294,92.75259678942399,1.5074204416721357
2355,35.74416161949294,92.68177525967894,1.6639084147714915
2356,35.84733769435069,93.05293005671078,2.451855392727892
2357,35.89870912022794,93.096926713948,2.6864323806686983
2358,35.74416161949294,92.96506137865912,2.7715022000777036
2359,35.74416161949294,92.96506137865912,2.9632525160280805
2360,35.09106193252193,91.39011371547923,1.529054506684901
2361,35.89870912022794,91.01654846335697,1.6589154616804271
2362,37.26325095561653,90.03428011753184,1.1239044569565881
2363,38.51599450424722,88.9001520527116,0.6108815594247654
2364,39.666424881117386,88.88888888888889,0.7542915546390776
2365,40.722110838080376,88.63021115322144,0.8230524031981703
2366,41.68920092971593,88.37988826815642,0.8490076401825487
2367,42.572759250842125,88.14047207829591,1.4076337033823896
2368,43.37700050408095,87.91469194312796,2.4457581773326047
2369,44.10545923738031,87.70541692026781,3.57055708619514
2370,44.761114508967076,87.51560549313358,3.562894794303785
2371,45.34648345206735,87.34824281150159,3.565730064878949
2372,45.86369255562857,87.20626631853786,3.5905676570712206
2373,46.3145325886888,87.09248170326015,3.627419328885687
2374,46.70050124542272,87.00947225981055,3.6709645583031727
2375,47.022836367506734,86.95950583390528,3.710577386459525
2376,47.282541773796,86.94444444444444,3.842985104164129
2377,47.48040715261096,86.9656622284513,3.8794687091259465
2378,47.61702306153028,87.02397743300423,3.982172357013425
2379,47.69279177764528,87.11960368011323,4.077653264682537
2380,47.70793451103018,87.25212464589235,4.207583682898149
2381,47.66249531064282,87.42049469964664,4.379162462136019
2382,47.55634183697526,87.62306610407876,4.592374479906021
2383,47.38916303560736,87.85764131193301,4.7647716418239785
2384,47.1604636084983,88.12154696132596,4.9284696780953094
2385,47.39892022266556,87.70775623268698,5.046108774400822
2386,47.569708735062,85.13513513513513,5.862165928133718
2387,47.175936178115286,81.19891008174388,8.347877088591384
2388,46.715847347567575,77.32130928523713,12.763263482036646
2389,46.18784505896945,74.08496732026144,15.8808805418033
2390,45.59001548193715,84.42884492661136,7.3015275433991595
2391,44.92008017018389,84.95024875621891,7.574282152904779
2392,44.175333906187426,85.48094373865699,6.800672924305672
2393,43.35256346531364,86.01645123384253,5.64979651247358
2394,42.447940099439506,86.55270655270655,5.402066122081698
2395,41.456874887214646,87.08609271523179,5.4777755770978285
2396,40.3738201059841,87.61345435130806,5.737598806243814
2397,39.19198955553665,88.13209494324046,5.9630302742839305
2398,37.9029524918526,88.63976083707026,6.376969524571858
2399,36.49602132767175,89.13461538461539,6.452806465034039
2400,34.95728358609616,89.61520630505332,6.572674023715834
2401,33.267975565383956,90.0804289544236,6.805103772033523
2402,31.40152035614993,90.80929832113647,6.37026272931793
2403,29.31748787542314,91.41791044776119,6.699086863637058
2404,26.94696867668952,91.91616766467065,6.530040947315713
2405,24.144474359871364,92.31360491929286,6.531499287178768
2406,22.719806449133454,93.17082247860067,5.8458677293168435
2407,21.180083594070688,93.91210374639769,5.2126819314696515
2408,18.661093065969425,94.36423725865367,4.703192153071989
2409,16.913667356620024,94.91668069348594,4.525310440279136
2410,15.98170861532776,95.13245033112582,4.550665142335998
2411,15.98170861532776,95.13245033112582,4.642118144764754
2412,15.98170861532776,95.13245033112582,4.739324259611058
2413,15.98170861532776,86.97019867549669,10.763553682640513
2414,15.98170861532776,90.29801324503312,9.37188198299419
2415,15.98170861532776,93.82450331125828,6.326987606889208
2416,15.98170861532776,97.41721854304636,2.6912123843238227
2417,13.983113068808338,97.77386290839206,2.623796152515818
2418,11.769480741354947,98.04832713754647,2.5984500727653623
2419,9.271806136481423,98.24745356500898,2.5339853367525422
2420,5.585587984398128,98.34926151172893,2.525843880690342
2421,4.049349277294945,98.39077185986898,2.4719917759545127
2422,4.049349277294945,98.39077185986898,2.5259197866820635
2423,4.049349277294945,98.39077185986898,2.4222864361024623
2424,4.049349277294945,98.39077185986898,2.341160447862348
2425,4.049349277294945,98.39077185986898,2.5005364903598513
2426,4.049349277294945,98.39077185986898,2.650124436652467
2427,4.049349277294945,98.39077185986898,2.7971872646691374
2428,4.049349277294945,98.39077185986898,2.9386920074131258
2429,4.049349277294945,98.39077185986898,3.0719844260887914
2430,4.049349277294945,98.39077185986898,3.190457776264833
2431,4.049349277294945,98.39077185986898,3.2958478701680876
2432,4.049349277294945,98.39077185986898,3.396446192447895
2433,4.049349277294945,98.39077185986898,3.4910461813984743
2434,4.049349277294945,98.39077185986898,3.579250863788342
2435,4.049349277294945,98.39077185986898,3.6606323582103446
2436,4.049349277294945,98.39077185986898,3.7334208604939736
2437,4.049349277294945,98.39077185986898,3.7950839969992094
2438,4.049349277294945,98.39077185986898,3.8479712522935037
2439,4.049349277294945,98.39077185986898,3.897190996279528
2440,4.049349277294945,98.39077185986898,3.9549207633157963
2441,4.049349277294945,98.39077185986898,4.015265940568114
2442,4.049349277294945,89.71802905155226,10.578230980583772
2443,4.049349277294945,92.9507262888066,8.169894911844326
2444,4.049349277294945,96.24038735403019,4.649997895555143
2445,4.049349277294945,99.58701224722302,3.2313610393445167
2446,-0.0,99.61432506887053,3.2299988739967658
2447,-0.0,99.61432506887053,3.227608137496606
2448,-0.0,99.61432506887053,3.2249651905944132
2449,-0.0,99.61432506887053,3.2220702360152536
2450,-0.0,99.61432506887053,3.218928565104385
2451,-0.0,99.61432506887053,3.21555716782867
2452,-0.0,99.61432506887053,3.2119719686600208
2453,-0.0,99.61432506887053,3.2081942101691543
2454,-0.0,99.61432506887053,3.2042466516394486
2455,-0.0,99.61432506887053,3.2001390428532033
2456,-0.0,99.61432506887053,3.195883715793476
2457,-0.0,99.61432506887053,3.19149540731779
2458,-0.0,99.61432506887053,3.186993721980487
2459,-0.0,99.61432506887053,3.1823885418158695
2460,-0.0,99.61432506887053,3.177673177409115
2461,-0.0,99.61432506887053,3.1728166027701237
2462,-0.0,99.61432506887053,3.1678134328131673
2463,-0.0,99.61432506887053,3.1678134328131673
2464,-0.0,99.61432506887053,3.1678134328131673
2465,-0.0,99.61432506887053,3.1678134328131673
2466,-0.0,99.61432506887053,3.161780640030681
2467,-0.0,99.61432506887053,3.1557696502207375
2468,-0.0,99.61432506887053,3.1497814725163367
2469,-0.0,99.61432506887053,3.1438159773032397
2470,-0.0,99.61432506887053,3.1378730359472815
2471,-0.0,99.61432506887053,3.131952520785119
2472,-0.0,99.61432506887053,3.126054305115092
2473,-0.0,99.61432506887053,3.120178263188187
2474,-0.0,99.61432506887053,3.114324270199093
2475,-0.0,99.61432506887053,3.1084922022773744
2476,-0.0,99.61432506887053,3.1026819364787284
2477,-0.0,99.61432506887053,3.096893350776345
2478,-0.0,99.61432506887053,3.0911263240523685
2479,-0.0,99.61432506887053,3.0853807360894487
2480,-0.0,99.61432506887053,3.079193273487224
2481,-0.0,99.61432506887053,3.06901519250252
2482,-0.0,99.61432506887053,3.0547760930911587
2483,-0.0,99.61432506887053,3.0385133712243224
2484,-0.0,99.61432506887053,3.0201525046441446
2485,-0.0,99.61432506887053,2.9973769843981395
2486,-0.0,99.61432506887053,2.9654880645210233
2487,-0.0,99.61432506887053,2.919770495533538
2488,-0.0,99.61432506887053,2.8647995528398758
2489,-0.0,99.61432506887053,2.8086735210473677
2490,-0.0,99.61432506887053,2.751431818670229
2491,-0.0,99.61432506887053,2.693245936731124
2492,-0.0,99.61432506887053,2.63428924054138
2493,-0.0,99.61432506887053,2.5746790665226054
2494,-0.0,99.61432506887053,2.5144614153270664
2495,-0.0,99.61432506887053,2.4535608758296994
2496,-0.0,99.61432506887053,2.3918462367210385
2497,-0.0,99.61432506887053,2.3292149128040536
2498,-0.0,99.61432506887053,2.2656581113394476
2499,-0.0,99.61432506887053,2.2013976055134448
2500,2.3018127375216824,99.6078431372549,2.1369926511961386
2501,5.585587984398128,99.5511149724877,2.1053746447329007
2502,9.271806136481423,99.49071300179749,1.9427372232828204
2503,13.28732509516402,99.45719602977667,1.7839119157372851
2504,17.28889819277528,99.42159383033419,1.8120594880756462
2505,20.517354192933862,99.35064935064935,2.008350500341728
2506,23.152881818769842,99.2063492063492,2.7695509689356315
2507,25.446666411053332,98.98105112620665,3.9743755996748953
2508,27.495150416135406,98.81481481481481,5.5022453398637
2509,29.3502256264802,98.77253548139625,5.789201975718252
2510,31.044384682346905,98.72915011914218,5.981142780936797
2511,32.59986998699938,98.68475133579942,6.242167430497721
2512,34.0328328759612,98.63945578231292,6.551270731027584
2513,35.35550327743798,98.5934065934066,6.896515724386702
2514,36.577434125241545,98.54677565849228,7.266982570529121
2515,37.70626668078344,98.49976558837318,7.766286529121575
2516,38.748227142086954,98.45261121856866,8.303968428411935
2517,39.708462878080404,98.40558046836074,8.891316756708086
2518,40.59127805457588,98.35897435897436,9.525923065579287
2519,41.400303501253426,98.31312598840275,10.169568272618392
2520,42.13862208826666,98.26839826839827,10.984717009190343
2521,44.61359284750937,98.20828667413214,12.024670959615827
2522,45.24040237922594,96.18692660550458,12.15721676740397
2523,45.802109405737575,93.96248534583822,11.522896544810846
2524,46.30047598096004,91.53708133971291,10.316209623449229
2525,48.06418962389444,90.25893958076449,10.11156002363767
2526,48.06418962389444,86.03575832305795,9.130758092143639
2527,48.06418962389444,81.93588162762022,6.162272374862061
2528,48.06418962389444,77.95930949445129,6.759806225642232
2529,48.06418962389444,87.6695437731196,11.421775006026293
2530,48.06418962389444,87.6695437731196,12.349683746814991
2531,48.06418962389444,87.6695437731196,13.425872093641551
2532,49.388359366674194,87.34655335221908,14.46164396565688
2533,51.648816332169936,86.58576582486062,15.44553712326681
2534,53.55851989521534,85.66063502902014,15.854785434220654
2535,55.7809918233113,83.7847344354555,13.969849397331314
2536,58.54649322468739,82.959970620639,13.659810105632241
2537,60.70745319898879,81.96093450785139,13.80203904402168
2538,62.51444083672761,80.77383326685282,13.690312326821525
2539,64.06323036977345,79.71795935296558,13.160594463820365
2540,64.84917844708245,77.45222929936305,11.111069027718806
2541,64.98198471944006,73.57845233005558,8.311765605303139
2542,65.04827215329335,69.58386958386959,6.284005572739319
2543,65.04827215329335,65.50836550836551,6.0614654157959
2544,64.98198471944006,72.42411286874733,7.48807149701264
2545,64.84917844708245,71.93205944798301,7.185854625337735
2546,64.64938564015188,71.54266498528794,7.247753188398801
2547,64.38189227656504,71.2567399419328,7.2961138188946215
2548,65.30141227523836,70.64718162839249,6.973141582875606
2549,67.05626515758657,69.54096954096954,6.566412353321087
2550,66.84638273213555,65.98726114649682,6.089145250163754
2551,66.84638273213555,63.31210191082803,5.051132623310871
2552,66.84638273213555,60.8067940552017,4.272345082779108
2553,66.84638273213555,58.47133757961783,4.925631304934846
2554,66.84638273213555,61.44373673036093,4.332031893723455
2555,66.84638273213555,61.44373673036093,4.2545438807587
2556,66.84638273213555,61.44373673036093,4.176115665006573
2557,66.84638273213555,59.617834394904456,4.982651374679863
2558,66.84638273213555,62.038216560509554,4.187636700229778
2559,66.84638273213555,64.62845010615712,4.081908420922562
2560,66.84638273213555,67.38853503184713,4.269163073053502
2561,64.87845891687063,68.45804051260852,4.63433318360266
2562,61.76442435518109,69.40987555198716,5.273749474224504
2563,58.60853502057001,70.3544994156603,6.015809895663435
2564,57.43049894145972,70.84771768316072,6.71012305492808
2565,58.9131237778467,69.82861697887604,7.608479475718574
2566,60.207800776125964,68.66473749483258,8.756120546374982
2567,60.89406365696891,66.4693446088795,8.989364769955031
2568,61.0451469043436,63.35747763101832,10.170610786086673
2569,61.12890759864652,60.16260162601626,13.153890455692382
2570,61.145644864983524,57.25910064239829,15.929438165778516
2571,61.09541820930662,65.01495087569415,9.760435459497675
2572,60.978048795544815,65.98726114649682,10.033681532041205
2573,60.793115597020915,67.05931846865798,10.432854523430526
2574,60.53994621281023,68.2176983797258,10.372777284826713
2575,60.217601839582464,69.4478527607362,9.826703219948106
2576,59.82485553547375,70.73464472099559,9.132411681504298
2577,59.36016246295852,72.06286836935168,8.64059206499304
2578,58.821620193212546,72.07518220176448,8.644981121450465
2579,58.20691630495789,75.0093388121031,6.795031481348117
2580,57.513259272704666,77.71324863883848,5.720856907071755
2581,56.73728677488675,80.18303414290743,6.0141358484049
2582,55.623976068699925,82.11133740665309,7.0642080249368275
2583,54.705699334427585,84.17596848325672,9.712411869172865
2584,53.69357584878105,86.01775523145213,12.366102284548509
2585,52.58091188796638,87.64525993883792,13.690455843359256
2586,51.81741220997956,88.19298771351514,14.38697536463818
2587,52.58091188796638,87.67584097859327,14.599760272180722
2588,52.58091188796638,82.99694189602447,9.9611383950375
2589,54.70730567246995,71.62543062950203,2.1914091460261513
2590,54.70730567246995,71.56279361102412,2.1190877523715788
2591,54.70730567246995,71.28092702787347,2.179284061962064
2592,56.24474170181873,74.30623571661769,2.267122571971593
2593,56.11164257223959,74.2093250733616,2.10228649005543
2594,55.70454886912115,73.92010392984736,1.908372726220141
2595,55.390953068664125,74.48186528497409,2.3401122063548514
2596,55.390953068664125,74.48186528497409,2.3957847974738047
2597,55.390953068664125,74.38471502590673,2.4622432207372515
2598,54.80987661967912,73.39478703115067,1.9811220662393447
2599,53.560462657581354,70.65483476132191,1.4356085806727423
2600,53.560462657581354,70.65483476132191,1.7092806780976606
2601,53.560462657581354,69.76744186046511,2.3919008396230814
2602,53.36043184328968,69.1086691086691,3.0718422010954156
2603,52.953799724253344,69.41069258809235,3.12328628565575
2604,52.32602112399774,69.69240048250904,3.909386128882833
2605,51.450913907336776,70.43010752688173,3.9564244985708914
2606,50.281846735414156,71.1038961038961,3.9852863824515
2607,48.72682378003879,71.71129220023283,4.970868071353
2608,46.538463102041526,72.2508591065292,5.503730083144754
2609,44.298784640699274,72.80405405405405,5.813597490157909
2610,40.701016140907306,73.30754352030948,6.305300088256968
2611,41.305427467173295,73.25417020073509,7.047259806446584
2612,41.84593158778312,73.26017903551833,7.755636282221735
2613,42.324169411194156,73.32940830144246,8.368730921714903
2614,42.74153488084982,73.46510931416591,9.052215363125047
2615,43.09920240109208,73.66980845241714,9.811484556599854
2616,43.39814858107874,73.94518016630737,10.361661107823872
2617,43.6391693923354,74.29193899782135,10.460950395077083
2618,43.82289354580996,74.70975839347349,10.652907469442743
2619,43.94979267974161,75.19722309876933,10.807880003667316
2620,44.020188786382164,75.75182019626465,10.831756958943437
2621,44.0342591771919,70.92176116566361,13.349764959169216
2622,43.99203918089443,74.42301612393298,11.458376871490904
2623,43.893422678002715,77.84073024866225,8.36353269174104
2624,43.73816049217404,81.1503594873398,5.289336854715519
2625,41.85291842980808,82.14177978883862,4.913567279679184
2626,39.616192550593794,82.98924105844722,4.027311115900777
2627,36.77726024897962,83.70204424530944,3.395295788642727
2628,36.49372071371295,84.44505950733462,2.6069425601308613
2629,36.15465810836421,85.20338520338521,2.4035754854844975
2630,35.75924482176138,85.97151303413061,2.5106420900808497
2631,35.30648934435553,86.74412463691577,2.8538418081319055
2632,34.79522005750422,87.51618751618751,2.9635266957290343
2633,34.224065004329226,88.28303322343393,3.1759293501683716
2634,33.59142668223359,89.04041656335234,3.5613468548566445
2635,32.895450560884235,89.78455579762769,4.652693385746741
2636,32.523051478516955,89.64857757590246,5.022679522487675
2637,32.523051478516955,88.71623236911307,4.488571635272313
2638,32.523051478516955,87.83169973703085,4.379150184831015
2639,31.72792937965583,84.81248544141626,3.358548155654515
2640,30.86342263962965,82.06755837678531,4.628841417417742
2641,32.1187815134245,81.06162843004948,5.123611733908279
2642,34.19334633763443,81.46884947703502,5.2184179848299985
2643,35.625777958235936,81.82652592932538,5.49552106810018
2644,36.661980473660435,82.43180767452613,5.62064436498136
2645,37.392063824720566,83.07763830776383,5.4338876509504805
2646,37.86019926883706,83.83107792813813,4.8992693942048575
2647,38.08927387938915,84.52547919588592,4.591697275366591
2648,36.65752385928659,84.89862502913074,4.746408360279544
2649,36.49220968105646,85.50151268326739,4.1425551620955945
2650,34.768255893032006,85.813469104374,3.8598606510562155
2651,34.21629436936909,86.08615526376411,3.859750524166305
2652,34.40048155681651,86.18758749416706,3.9640367731481283
2653,35.44244201812001,85.99615014436958,4.200392397648106
2654,36.40267775411346,85.82052553296975,4.533430918246396
2655,37.285492930608946,76.40306122448979,12.882558096565154
2656,38.094518377286484,79.83744100681699,10.139167984590838
2657,38.832836964299716,83.63832077502691,7.278678995723049
2658,39.50307797407624,87.56205184776613,3.5652590478673156
2659,38.19876834886295,87.89359391965255,3.6612628575925776
2660,37.71337770431241,88.14250747892304,3.907190927739985
2661,38.22363009896876,88.18307905686547,4.2327159143319735
2662,38.673893659878146,88.25190624117481,4.5384497114827305
2663,39.065392952099536,88.35007173601147,4.791967592941563
2664,39.399159143043114,88.47832411987198,5.081728046676663
2665,39.67604768966203,88.6370326758905,5.431646684366733
2666,39.89675232738108,88.8261515601783,5.663697171658935
2667,40.06181596789114,89.0451960490871,5.720395164151021
2668,40.171638953332454,89.29323308270676,5.9255661846463825
2669,40.22648499064744,89.56888754899005,6.1343944844334555
2670,40.22648499064744,89.87036478745854,6.203482065354933
2671,40.171638953332454,90.19548872180451,6.378111102856709
2672,40.06181596789114,90.54175396587848,6.229755158092838
2673,39.89675232738108,90.90638930163448,6.1038968226672745
2674,39.67604768966203,91.28642920223727,6.437477280978949
2675,39.399159143043114,91.67878964212976,6.37311657390056
2676,39.06539295209954,92.08034433285509,6.448825807528545
2677,38.673893659878146,92.4879977407512,6.571676543312314
2678,38.22363009896876,92.8987517337032,6.168236704676691
2679,37.71337770431241,93.30976339407125,5.959023046498367
2680,37.14169630896057,93.71839233430929,5.872226092401548
2681,36.50690231654564,94.1222366710013,5.166370596932522
2682,35.80703374522462,94.51915757421975,4.967319276170558
2683,35.03980607220147,94.90729295426452,4.75284556216633
2684,34.202555988498666,95.28506134231417,4.668914077549367
2685,33.29216895905402,95.65115735328502,4.304569283425495
2686,32.304984637283646,96.00454029511918,4.224420451352305
2687,31.23667129846582,96.3444175291786,4.204059002403525
2688,30.08205580330444,96.67022411953042,3.4199566078725225
2689,28.834887820443416,96.98160016539177,3.4165614642456403
2690,27.487503456377965,97.27836702021213,3.418189997624116
2691,26.030328524443547,97.56050338818974,3.4245635995416017
2692,24.451113112970642,97.82812207451788,3.3917277433915323
2693,22.733687073233053,98.31674208144797,3.343772282720771
2694,20.855790269389967,98.70561483295435,3.2724772145356056
2695,18.78491332801678,99.0028730775731,3.1483799339163916
2696,16.46914864917095,99.21632653061225,3.105439808923654
2697,13.812038837661005,99.3534142879672,3.079913884886832
2698,10.562384401428641,99.42117288651941,3.063889125213274
2699,6.983410335803749,99.49941107184924,3.056043010496739
2700,4.049349277294945,99.58701224722302,3.027290053753163
2701,-0.0,99.61432506887053,3.027676952434407
2702,-0.0,99.61432506887053,3.027676952434407
2703,-0.0,99.61432506887053,3.027676952434407
2704,-0.0,99.61432506887053,3.027676952434407
2705,-0.0,99.61432506887053,3.027676952434407
2706,-0.0,99.61432506887053,3.027676952434407
2707,-0.0,99.61432506887053,3.027202067287636
2708,-0.0,99.61432506887053,3.022616085392216
2709,-0.0,99.61432506887053,3.005308261459445
2710,-0.0,99.61432506887053,2.975165690913252
2711,-0.0,99.61432506887053,2.9364910934447157
2712,-0.0,99.61432506887053,2.896860589245979
2713,-0.0,99.61432506887053,2.856192630499106
2714,-0.0,99.61432506887053,2.810912962737169
2715,-0.0,99.61432506887053,2.7562148920148437
2716,-0.0,99.61432506887053,2.687197425439694
2717,-0.0,99.61432506887053,2.608572596638073
2718,-0.0,99.61432506887053,2.5286347292589313
2719,-0.0,99.61432506887053,2.4321029483571417
2720,-0.0,99.61432506887053,2.3029143562491483
2721,-0.0,99.61432506887053,2.1436532318544654
2722,-0.0,99.61432506887053,1.9662172153920883
2723,-0.0,99.61432506887053,1.7863238676032065
2724,-0.0,99.61432506887053,1.623935756243286
2725,-0.0,99.61432506887053,1.526841508171664
2726,-0.0,99.61432506887053,1.4562887286428077
2727,2.3018127375216824,99.6078431372549,1.4387529321554648
2728,5.585587984398128,99.5511149724877,1.4767063914213314
2729,8.277414821209574,99.4311377245509,1.568609518383152
2730,10.628513950700318,99.24172082946457,1.6837053181919333
2731,12.735365131348061,99.10428662827896,1.8559256614300572
2732,14.649899564050445,99.07438016528926,2.0627747901970213
2733,17.805799302456595,99.04175222450377,2.2848858112119568
2734,21.005081547027405,98.95278665246717,2.475119928904454
2735,23.610889956050045,98.78497790868924,2.7234290030956125
2736,25.87438908156371,98.5299732722413,2.8108396727037817
2737,27.891999369454208,98.3372921615202,3.013532640642082
2738,29.71558930393151,98.27656955272876,3.266988583466575
2739,31.37762680344542,97.95918367346938,3.451881819301469
2740,32.90032801921388,97.29194187582563,3.554654392989205
2741,34.29981637550168,96.49042844120328,2.735763918930725
2742,35.74416161949294,95.6798866855524,2.588327165216527
2743,37.215002840235364,95.08076358296623,2.101726055733086
2744,38.56147781780388,94.1683569979716,1.5582452568427896
2745,39.79573427422047,93.0971128608924,0.34664669823157435
2746,40.92723730777617,93.24104234527687,0.2937819163743723
2747,41.96353418841984,93.0173864273696,0.37214145907452145
2748,42.91075037703604,92.79513888888889,0.7436930620070694
2749,43.773925097558724,92.57602862254025,1.0296753432049195
2750,44.55724621736155,92.36196319018404,1.1316159687311127
2751,45.2642192722933,92.15500945179583,1.2395039531695518
2752,45.897791889610936,91.95736434108527,1.4198992719272696
2753,46.460447076079184,91.77131526768011,1.6169491414617754
2754,46.95427418135957,91.59919028340082,1.7166702954837358
2755,47.38102345692469,91.44329896907216,1.8707569051642854
2756,47.74214827849493,91.30586592178771,2.3495676800890264
2757,48.038837877565555,91.18895966029724,2.5155466900403116
2758,48.272042598355306,91.09442060085837,2.677386729220845
2759,48.4424931185095,91.02379235760634,2.7361857577135376
2760,48.55071465724293,90.97826086956522,2.9069796403230796
2761,48.597036887157365,90.95860566448802,3.053839465793178
2762,48.581600028561574,90.96516690856313,3.244825509918236
2763,48.50435741206405,90.99783080260303,3.3566807292852694
2764,48.365074627617474,91.05603448275862,3.5529477177313615
2765,48.163325220902095,91.13879003558719,3.5666103637931985
2766,47.89848273725077,91.24472573839662,3.50679908210087
2767,47.569708735062,91.37214137214137,3.4763362296591547
2768,47.175936178115286,91.51907356948229,3.0335103831992862
2769,46.715847347567575,91.68336673346694,2.9818141037392527
2770,46.18784505896945,91.86274509803921,3.0390701118537478
2771,45.59001548193715,92.05488194001276,2.9976801416593424
2772,44.92008017018389,92.25746268656717,3.0004418881883956
2773,44.175333906187426,92.46823956442832,3.0865831302892315
2774,43.35256346531364,92.68507638072856,3.0856400404654636
2775,42.447940099439506,92.90598290598291,2.9468723673841675
2776,41.456874887214646,93.12913907284768,2.9808713626701673
2777,40.3738201059841,93.35290977042179,2.9057669167425235
2778,39.19198955553665,93.57585139318886,2.919963479837562
2779,37.9029524918526,93.79671150971599,3.1852179113877885
2780,36.49602132767175,94.01442307692308,3.484299314216086
2781,34.95728358609616,94.22809457579972,3.8600245322052187
2782,33.267975565383956,94.43699731903486,4.130003023375834
2783,32.04971815347105,94.17943107221006,4.253754658081979
2784,31.21285365560527,93.69016536118363,4.471672980769363
2785,30.030075664798,93.04535637149029,4.881139634601801
2786,28.362174905829175,92.23030821917808,5.497744165312679
2787,25.528687904714705,92.52435408725117,5.729959180046471
2788,24.498525315875156,89.30041152263375,7.384667713742853
2789,23.388143800998417,86.07670795045945,9.200633574951354
2790,22.19233246677672,83.39147286821705,13.048961219144902
2791,20.904805529946355,92.57797820368283,5.742237066759002
2792,19.517865763718063,93.37217771303715,4.948873112608911
2793,18.021907601211858,94.05643738977072,4.335201129799749
2794,18.021907601211858,94.05643738977072,4.33497998549507
2795,18.021907601211858,94.05643738977072,4.339664180795341
2796,18.021907601211858,85.78483245149911,10.27573106209025
2797,18.021907601211858,89.29453262786596,8.031458613598168
2798,18.021907601211858,92.8747795414462,5.127320851743999
2799,18.021907601211858,96.41975308641975,1.3609861540139179
2800,16.404651553922076,96.9603825136612,0.5471092243317676
2801,14.649899564050445,97.40495867768595,0.5606804037565678
2802,12.735365131348061,97.76071657069738,0.6905146802996963
2803,12.735365131348061,97.76071657069738,0.8569452409722644
2804,12.735365131348061,97.76071657069738,1.0420481166066446
2805,12.735365131348061,97.76071657069738,1.25132552667318
2806,12.735365131348061,97.76071657069738,1.4933674523493814
2807,13.714327712531832,97.59349593495935,1.8638265503899232
2808,15.545677768839417,97.19422043010752,2.4504502318263626
2809,17.229343045866873,96.70253384241583,3.1939816966441024
2810,20.27088523998768,96.35220125786164,2.775019244273081
2811,23.44756225180804,96.15743331468009,3.041317836840735
2812,26.03032852444355,95.87608906098741,3.2605608324105573
2813,28.270331386725502,95.49929676511955,3.4492324399785534
2814,30.263973022304672,95.18449030644153,3.389370138717772
2815,32.0631025288286,95.00540540540541,3.5996978524354493
2816,33.700167219619026,94.82178883658372,3.6660794929965266
2817,35.19736131787577,94.63414634146342,3.792487502265695
2818,36.57078488122121,94.44310801058455,3.9355165213530285
2819,37.83261319058696,94.24943988050784,4.1559276503627105
2820,38.99234086116792,94.05405405405405,4.360676404650978
2821,40.05754682782152,93.8580164849774,4.40204188176448
2822,41.034390577982215,93.66255144032922,4.219264793673774
2823,41.92794796465382,93.46904156064461,4.141590016733331
2824,44.471237279608225,93.22381930184805,4.111162907911998
2825,47.39858558378256,92.82428702851885,3.8401955850608127
2826,49.72625941757773,92.27811598846523,3.731067980586162
2827,50.449225605667586,90.18121911037892,3.1091537834549645
2828,51.096767158117814,87.85931687521136,3.0803543406860117
2829,51.67155370206034,85.31347419466574,4.346813814433492
2830,52.17582490437701,88.49557522123894,3.3015215711037484
2831,52.61145223424527,88.2713821725009,3.44346723912044
2832,52.979986477914814,88.07339449541284,3.5175635109320593
2833,53.282694389147316,87.90472646073688,3.556802548459905
2834,53.52058685240495,87.76815957847197,3.6633283608098663
2835,53.69444024219902,87.66603415559773,4.034712629820173
2836,53.80481216947556,87.6001526135063,4.5169650379106905
2837,53.8520524441815,87.5717017208413,5.012270641782237
2838,53.83630980624775,87.58119984715323,5.521749499969687
2839,53.7575347537149,87.6284735439665,6.0929641521224305
2840,53.6154786037466,81.70132325141778,6.542685880047548
2841,53.40968874161762,85.0617746162486,5.983650281953738
2842,53.139499828046496,88.24399260628466,7.824583085722242
2843,52.804020529489634,91.00837277029487,9.91435903726146
2844,51.607825995682425,91.9859402460457,10.99704335190945
2845,50.2640124015133,93.05320230430362,12.420828735985806
2846,49.74784831862803,93.67299367299367,13.500291712453938
2847,48.98108073299414,91.93074158771643,12.69202688996608
2848,47.80995469820712,88.0152187698161,10.629687534406683
2849,47.29181600433224,83.89199255121042,7.244327585755333
2850,46.70741228441926,80.1394784718011,5.373256174726612
2851,46.05473863079428,90.77468953282082,13.40124749003019
2852,46.31685986216433,90.65530414340287,13.578391973525592
2853,45.53026608204282,86.48957440731219,11.330672506362903
2854,44.66672173446184,82.47851400055448,7.093555623357083
2855,43.72234434774572,78.63477559795754,4.314409501860302
2856,44.853257211565584,76.85554668794892,3.9741862271943247
2857,46.31893714728913,76.43585614600107,5.084621401230688
2858,46.91415227756793,75.84997301672962,5.24055558493801
2859,47.26081370075838,75.20303194369248,5.499276961052276
2860,47.37475645311127,74.49864498644986,5.780162537081249
2861,47.37475645311127,73.82113821138212,6.333314683504681
2862,47.37475645311127,73.2520325203252,6.587797436736215
2863,47.37475645311127,72.79132791327913,6.55687660675234
2864,47.37475645311127,72.79132791327913,6.482076631452194
2865,47.37475645311127,73.2520325203252,6.550325993705025
2866,47.37475645311127,73.82113821138212,6.577806977075862
2867,47.37475645311127,74.49864498644986,6.87145485998598
2868,47.26081370075838,75.20303194369248,7.1217576856327565
2869,46.91415227756793,75.84997301672962,7.4617065337337465
2870,46.31893714728913,76.2211486849168,7.764424140086125
2871,47.7806369106901,75.48063527444971,7.390665730556738
2872,49.444712391589384,74.325500435161,6.799179268567039
2873,50.94358456484275,73.01539390280712,6.13111574640124
2874,52.29929791229434,71.54063382491371,5.310126739120471
2875,52.29929791229434,67.3046752431754,3.9778720766317486
2876,52.29929791229434,63.19422654534045,4.302234307827773
2877,52.29929791229434,59.20928773140885,8.45441603160658
2878,52.29929791229434,65.64166928145592,4.1101931419741335
2879,52.29929791229434,65.64166928145592,4.342888436430112
2880,52.29929791229434,65.64166928145592,4.617365538098934
2881,52.29929791229434,59.648572325070596,9.11867918089996
2882,52.29929791229434,63.382491371195485,6.3803854936455515
2883,52.29929791229434,67.49294006903044,4.467335341944441
2884,52.29929791229434,71.72889865076874,2.6153495441468957
2885,50.267056019849036,72.8446981075398,2.1113329529536315
2886,47.88740821063133,73.78557056625468,2.1663465187636
2887,46.504842056223026,74.19173460781558,2.3410965959364387
2888,46.504842056223026,74.19173460781558,2.5286810118145366
2889,46.504842056223026,74.19173460781558,2.699026493918272
2890,46.504842056223026,74.19173460781558,2.7128132927271498
2891,46.504842056223026,74.19173460781558,2.812046196733064
2892,46.504842056223026,74.19173460781558,3.2303592845204228
2893,46.504842056223026,74.19173460781558,3.822865828736508
2894,46.504842056223026,74.19173460781558,4.818502229357572
2895,46.504842056223026,74.19173460781558,6.164548011997998
2896,46.504842056223026,74.19173460781558,7.829848147297586
2897,46.504842056223026,74.19173460781558,9.242226827356712
2898,46.504842056223026,74.19173460781558,10.558928450180135
2899,46.504842056223026,74.19173460781558,11.784759274688671
2900,46.504842056223026,74.19173460781558,12.934858366119025
2901,46.504842056223026,74.19173460781558,14.006648640617044
2902,46.504842056223026,74.19173460781558,15.013961910204902
2903,46.504842056223026,66.23559179083497,18.39571601759494
2904,46.504842056223026,70.08715209446163,18.462460679520696
2905,46.504842056223026,74.05116671352263,17.679378781999063
2906,46.504842056223026,78.12763564801799,15.901900245835165
2907,42.75816917243785,78.73084162409249,15.673516705094402
2908,42.75816917243785,78.73084162409249,15.907616015752485
2909,42.75816917243785,69.29282065071256,22.396137860865853
2910,42.75816917243785,73.0841624092498,20.447105187779503
2911,42.75816917243785,76.98305996235547,18.123514414770813
2912,42.75816917243785,80.98951331002958,13.891557816644195
2913,42.06230121477952,83.34213305174235,11.974095302437235
2914,42.06230121477952,87.48680042238648,7.979877820066043
2915,42.06230121477952,91.73706441393875,5.735202365763755
2916,42.06230121477952,96.09292502639916,4.745608907721189
2917,38.287065569885705,96.28412537917087,4.907395191707394
2918,36.77527641408704,97.02729044834308,5.699942682606703
2919,35.112321270889154,97.62910798122066,5.947569105755103
2920,33.2716490012746,98.10126582278481,6.267291846329298
2921,31.66971165299657,98.31951113051069,6.53897533400783
2922,30.390059823865034,98.37346852555979,6.81156942368547
2923,29.00534505028438,98.42664487127094,7.052906830009622
2924,27.504787705108473,98.478862109838,7.289057388187907
2925,25.87438908156371,98.5299732722413,7.535612211003933
2926,25.138737317212346,98.42283139316561,7.783689903946662
2927,23.191920759031145,94.72443799854967,5.358097482298838
2928,21.029120980985198,91.44207210360518,2.846452824613011
2929,20.841488010074748,89.90020646937371,2.3495856800772845
2930,21.18449420782586,89.93115318416523,2.3702829214506624
2931,19.847096694802897,89.83837689133425,2.3831047356158575
2932,19.970617635768914,89.86928104575163,2.4457437516927034
2933,17.515536850719048,86.76519428761209,2.36322640482638
2934,14.630087048311582,83.76082077588971,4.93543740621064
2935,12.90654118537369,80.68987242085367,7.658171319604823
2936,12.90654118537369,89.24240037801229,0.8548213270513173
2937,12.90654118537369,89.24240037801229,1.0462799729894678
2938,12.90654118537369,89.24240037801229,1.2707928750724646
2939,12.90654118537369,89.24240037801229,1.5181108889802903
2940,12.90654118537369,89.24240037801229,1.7810445069153467
2941,12.90654118537369,89.24240037801229,2.0552446601233263
2942,12.90654118537369,89.24240037801229,2.337965924368692
2943,12.90654118537369,89.24240037801229,2.62781682436425
2944,12.90654118537369,89.24240037801229,2.9236847369159036
2945,14.630087048311582,89.13113177300417,3.2279212124814327
2946,17.515536850719048,88.82431086017934,3.258030656636367
2947,19.970617635768914,88.44169246646027,3.487438458754892
2948,22.140881287086387,87.97648735304595,3.523338020464687
2949,24.095304578588294,87.56916267060126,3.6289587511438235
2950,25.87438908156371,87.2852233676976,3.652995311634001
2951,27.504787705108473,87.00118530225207,3.7947790628275238
2952,29.00534505028438,86.71843073150796,3.9555441312396318
2953,31.924985918825325,86.41085435658258,3.9090421191657647
2954,35.0297133318748,86.00750386228205,3.819078958452065
2955,37.53905193467905,85.50424994256835,3.084352608311676
2956,39.70408700564545,84.89122639254124,2.422547023645728
2957,41.6211546836099,84.35712509326038,2.439003086700673
2958,43.34203367635709,83.99275924489268,2.0749480915726926
2959,44.8990961722636,83.63343187315238,1.9643642516597173
2960,46.314456099657384,83.28216578286352,2.0658255991395222
2961,47.60412756537801,82.94236895453228,2.159051186369521
2962,48.78019369914145,82.61783248273791,2.363854641903491
2963,49.85205015275495,82.312713708424,2.435225265147485
2964,50.82716939633977,82.03150112504018,2.735835872329943
2965,51.711596172548845,81.77895784931961,3.311957701448386
2966,52.5102824269988,81.56004105371194,3.9915999462612946
2967,53.22732145753286,81.37979584653291,4.806748917706712
2968,53.866116103282614,81.24322370798699,5.7194846783935285
2969,54.429502208192275,81.1551277304702,6.781939468815342
2970,54.91984080372089,81.11993946273175,7.740307293264896
2971,55.33908779332911,81.14153490165832,8.619961603620663
2972,55.68884702521765,81.22304978439827,9.25350986961188
2973,55.970410779614234,81.36670639650377,9.942624813948747
2974,56.18479046433868,81.57366519470092,10.671067052490184
2975,56.3327394700812,81.84391427416094,11.198790355440185
2976,56.41476954186825,82.17620787657329,11.661294405965151
2977,56.43116158631026,82.56806176351077,11.76088419217793
2978,56.38197149735484,83.01580867450345,11.822373578736219
2979,56.2670313065224,83.51471180975413,11.404949961994447
2980,56.08594571735611,84.05912904514582,11.335555111066785
2981,55.83808384343862,84.64271614686143,11.166218270810164
2982,55.52256571111902,85.2586542201478,10.638108532760471
2983,55.13824278548419,82.76652655712648,13.703421012475953
2984,54.68367139712414,85.69824035941595,10.386336771267338
2985,54.15707744014253,88.40102451518477,8.867529162255366
2986,53.55631000706353,90.86692829111666,7.015286011616022
2987,52.661523658245024,92.70653301071552,5.942537385256468
2988,51.93304661503489,94.75982532751091,3.238484381485428
2989,51.123242345237834,96.57869012707722,1.6864710695122849
2990,49.12259082761155,97.06708268330733,0.634237193279669
2991,46.77371785955563,97.40220961481039,0.48384231957783613
2992,43.825721173516996,97.6006855184233,0.37925448621309893
2993,41.21639158657399,97.6897689768977,0.369784087122329
2994,40.20569787835004,97.76238678742675,0.42000735005940076
2995,41.26424966916331,97.78714436248683,0.49623544209342574
2996,43.089325253081256,97.68740031897927,0.5834950277175736
2997,44.24742361497886,97.48394004282655,0.6528384199267337
2998,44.978880119449144,97.17590102205487,0.6524734124769178
2999,45.36609178379487,96.97950377562029,0.7125680287871557
3000,46.773891542441554,96.96969696969697,0.8146241132142238
3001,48.003751996080716,96.87669744703965,0.9039107034471139
3002,47.64285831450848,96.66666666666667,0.9598848675660686
3003,46.8787690870083,96.24932541824069,0.5859701122021383
3004,45.58482112800183,95.63002680965147,0.634862770538075
3005,43.089325253081256,95.45454545454545,0.546905018915876
3006,44.479148493226454,95.44121567581978,0.6437436389061479
3007,46.00215989763117,95.33386967015285,1.271907631079303
3008,46.8135968363383,95.1278600269179,2.1707164640043066
3009,47.13795963769016,94.82340253437584,3.267259122505514
3010,47.03117849088449,94.98787388843978,3.4836261208055856
3011,46.476179100332836,95.24321418973395,3.6918982629754575
3012,45.359934326001174,95.3998395292859,4.066864618964921
3013,43.018985951815615,95.45816733067728,4.335470690955136
3014,44.32804649385557,95.29055356651061,4.339584061273317
3015,45.52398653063835,95.12125534950071,4.565021377381645
3016,46.61622658485538,94.95128432240921,4.836837702525782
3017,47.61226596187618,94.78181263350625,5.2021509664143695
3018,48.51817841645288,94.61417322834646,6.041380478238636
3019,49.338947325171965,94.44985394352483,7.2677413117590355
3020,50.07870011233805,94.29048414023373,8.846857147827267
3021,50.740876756368635,94.13781282139185,9.025942131709382
3022,51.328353618773406,93.9936775553214,9.159657053435115
3023,53.64826579893191,93.78407851690294,9.374338680492588
3024,56.42648653002013,93.38151388360593,9.585515103104914
3025,58.60058640197655,92.80318091451292,9.535203240783895
3026,59.75740031345301,90.97250718096019,9.033727604703982
3027,60.12273175890095,87.84968684759916,7.649273069009742
3028,60.41668176194282,84.49809402795425,6.081100424019923
3029,60.64040465995294,80.94218415417559,5.4737205095125585
3030,60.79475826649614,88.34700043159258,9.244873670786129
3031,60.880324264147816,88.29648894668401,9.696670760028596
3032,60.89742160904569,88.28633405639913,10.109011114211851
3033,61.64525227095718,87.88012340237991,10.406942351965721
3034,64.23179329512699,87.17480602464629,10.407189256853298
3035,66.6685206943143,86.55939422621864,10.49096659790059
3036,68.23365589371399,85.5886663409868,10.2856328196964
3037,68.66655043806949,82.6686361398326,7.696247400411807
3038,68.38298387347187,78.11741872877244,3.7937872597119577
3039,68.02145355700031,73.60647927584564,3.4615262302994854
3040,67.58020892331926,69.6037296037296,5.125193143996382
3041,67.05702255613154,79.899954524784,6.193430195237249
3042,69.92052259633665,79.36655798789008,5.610470574049825
3043,71.52046878855714,78.6596958174905,4.9641573217010135
3044,72.59202813492651,77.77777777777777,3.9599524061949585
3045,73.36092432051761,76.76125244618396,2.8913741085966334
3046,73.87207833697937,75.61697926949654,2.2084723787453657
3047,74.14940106291262,74.75198412698413,1.9318258453101507
3048,74.20432902238919,74.32969215491559,1.8216781506717814
3049,74.03901484415906,74.00990099009901,1.854915565951783
3050,73.64687010741191,73.79547689282202,1.9367475112526829
3051,73.01084746993196,73.68677042801556,2.1890187865760344
3052,72.09816589547349,74.30488974113135,2.657584491562312
3053,70.8461811156581,74.81167608286252,3.250781366860442
3054,69.4826839301383,74.74466109563602,3.8480659868246687
3055,67.26451078115097,73.98897058823529,4.199252896170741
3056,67.22483364463714,72.24770642201835,4.680806002808724
3057,66.77966093577821,70.73502722323049,5.152465272987944
3058,66.17332645506197,69.7227191413238,5.755102497181317
3059,65.3928989658025,68.49736379613357,6.306785413577642
3060,64.41893839769908,73.53700516351118,7.352244990812405
3061,62.08561017923245,74.08026755852843,8.09379978998973
3062,59.64715646177356,74.4611630744205,8.77996627579395
3063,58.25907914550891,75.32673267326733,9.431331611346327
3064,56.56211571340924,76.06771835321277,10.193504026810098
3065,54.41225210937477,76.68780305856023,11.194429345557836
3066,53.04848884662346,76.95412844036697,11.897679425014914
3067,55.73307811972828,75.88842185708828,11.849087239960662
3068,57.81028119954464,74.65236392530791,11.573415122050594
3069,61.194879450592374,73.54037267080746,11.201382334696298
3070,63.44636983045493,72.25333907798363,10.8876039009415
3071,65.42993824933177,70.84639498432603,10.27755406151883
3072,67.05264974080481,69.25220622387367,8.909860019531873
3073,68.40971980253141,67.46756367131186,8.381775633721782
3074,69.55168384407945,65.88993554784334,7.713058479729466
3075,70.50952878151465,64.71188169301377,6.973051271728869
3076,71.30381787492043,63.617354939885,5.749567456531146
3077,71.94882051075221,62.626801922050184,5.363436979753905
3078,72.45464563473911,61.75991309071157,4.97843759102275
3079,73.35184856714314,60.54384017758046,5.605311975872532
3080,74.51119065188705,58.37129840546697,7.6904951402161075
3081,75.41482848974171,59.19674039580908,8.152244508882426
3082,76.09948103912608,60.24881516587678,8.415159873315194
3083,76.58737659144128,61.524609843937576,7.965510318039525
3084,76.3622870306216,61.73134328358209,8.267926862034066
3085,75.81049913773536,60.93105480259281,9.82227488087431
3086,75.02945263465459,59.75680370584829,11.772415468773863
3087,74.89658797815646,57.002881844380404,15.201526899206831
3088,74.62897277778177,60.76527698458024,11.863580905707101
3089,74.2226691113572,61.070422535211264,11.819716656173705
3090,73.67131623264981,62.36856668511345,11.066113599475168
3091,72.96546029437123,64.4288034650785,10.082248627866377
3092,72.09138304798736,66.33245382585751,9.440475352287555
3093,71.02898932475678,68.0676576114813,9.584680883877372
3094,69.64091200849212,69.55875061973228,9.137542442280838
3095,69.69576228279867,73.69467926404774,6.7943588823078995
3096,69.67748530778158,77.74465971187283,3.6502264193131415
3097,67.90819834092575,78.85441527446301,3.1680088690918007
3098,66.48195432598948,79.77011494252874,3.5053242686019046
3099,64.79295540066312,80.86610693769333,4.686327577937077
3100,62.74575466263834,81.7719372615515,5.720324771231794
3101,60.09007624670357,82.50101502233049,7.3300083604444115
3102,56.98957099444531,83.19719953325554,9.061357305096022
3103,54.277085704419164,83.86134923592994,9.989674902023372
3104,53.97437779318667,83.93972804116133,10.445382217922962
3105,54.16006472600094,83.34558823529412,10.04987659082134
3106,54.77860341276991,81.94029850746269,9.095177932217283
3107,55.264457841868,80.40030211480362,8.114309386348202
3108,55.62390767388957,78.73475609756098,6.522309882105389
3109,55.8612844574866,78.22085889570552,5.729468848211704
3110,55.97931404323922,77.76923076923077,5.6948549000389574
3111,55.9940372863395,74.6056175452097,4.274842026164293
3112,55.9940372863395,74.6056175452097,4.307875847130067
3113,55.9940372863395,74.6056175452097,4.355260579533484
3114,55.9940372863395,74.6056175452097,4.42047813440011
3115,54.21774237768977,77.190332326284,5.45840566844083
3116,51.2974172948681,75.66568047337279,5.336267902146785
3117,51.18756137591495,73.56194690265487,5.162878316606562
3118,50.96678893840781,71.33431085043988,4.939750278245117
3119,50.40810339576772,70.74487225620727,4.878405262886495
3120,49.52205960676455,67.26003490401396,5.5129770742758994
3121,48.53193397534978,63.940520446096656,7.011530420537505
3122,47.42957537175164,60.79712512250899,9.653341924280129
3123,46.204554193805286,72.15389467045097,3.903318711107368
3124,44.84319650420303,73.73061720887807,3.8173919358379926
3125,43.326959609114994,74.93411420204978,3.835524987599692
3126,41.629471758579804,76.24683009298394,3.9367937128360646
3127,43.10084647386821,78.13992694577128,4.699500363703798
3128,42.38240178987433,76.1292088694224,4.359745674083994
3129,43.5871862950362,76.73841059602648,4.5640911819333345
3130,44.47595860137699,78.27188291584577,5.146969288379771
3131,46.110033719959425,77.02663154814165,4.998371560370592
3132,47.578131052051,75.61568865916692,5.357764010014507
3133,48.90225402468357,74.0296623540549,5.967604793005815
3134,50.098297536055696,73.04546941445862,6.408130274497718
3135,51.17821585918694,72.29935658652218,6.854871989802858
3136,52.15126506968199,63.983199159958,10.189823115404442
3137,53.0247661173029,67.49729144095342,9.026356234945284
3138,53.804598875236245,71.17887690591297,7.148084580461107
3139,54.495535452402386,75.00955292319449,5.478652274909112
3140,54.52344006682572,74.99043977055449,5.553719381892006
3141,54.439657252129024,75.46737886302938,5.2710835132898435
3142,54.24335211095129,77.38140417457305,3.8364495626905932
3143,53.93252697404836,79.18705306736922,1.7389467884110283
3144,53.50389468123182,80.87085969482695,1.8839997328199611
3145,53.86701470096484,80.77941732879304,2.0390768860129995
3146,54.16240408147299,80.74415036440352,2.1357082000614667
3147,54.391107745573606,80.7677394338891,2.405886387752566
3148,54.5539163597228,80.85189527159046,2.5269648302901486
3149,54.65138329010563,80.99725166862976,2.642924619622354
3150,54.68383611272404,81.20330318521431,3.0081357274173834
3151,54.65138329010563,81.46839418924225,3.2540026101113564
3152,54.5539163597228,81.78976162563501,3.6364197622707333
3153,54.391107745573606,82.16362931368748,3.7687142432637724
3154,54.5653658422327,81.60248930377286,3.543444538223305
3155,55.04076158403888,79.96055226824457,3.3614516390535703
3156,55.40616991800574,78.18109293976865,4.417397505972036
3157,55.664933312262434,76.2766385203056,5.878762715989044
3158,55.81931715632825,76.96969696969697,5.818039747072573
3159,55.870634939673245,77.17523269931202,6.199757971169528
3160,55.81931715632825,77.45454545454545,6.636911414801459
3161,55.664933312262434,77.80458383594693,6.566123413561447
3162,55.40616991800575,77.14399680893499,7.625250682219786
3163,55.040761584038876,79.25049309664695,5.865286676572546
3164,54.5653658422327,81.21353558926488,4.596449833432857
3165,53.9753633243476,83.02103250478011,4.386440158703794
3166,53.9753633243476,83.02103250478011,4.604947730405003
3167,53.9753633243476,83.02103250478011,5.074033705657783
3168,53.9753633243476,79.31166347992352,7.603838968745037
3169,53.9753633243476,82.17973231357553,6.895135195769829
3170,54.5653658422327,83.66394399066512,6.843914475899268
3171,55.040761584038876,84.93096646942801,7.260088939559727
3172,55.700119921047616,74.12050141528508,14.84765444122753
3173,56.266373904365786,78.42083505580818,12.11857391439078
3174,56.7431148284194,81.92161820480405,9.575441647866331
3175,57.13318994985941,85.4389721627409,7.028931766458259
3176,57.269826779203946,80.32716315109772,10.795455429960976
3177,57.315272862110966,83.00991806813282,8.901978466908526
3178,57.26982677920395,85.57899268187688,6.763666407402374
3179,57.13318994985941,88.0085653104925,5.463875120586013
3180,57.13318994985941,88.0085653104925,5.52729057803283
3181,57.13318994985941,88.0085653104925,5.5852262742787095
3182,57.13318994985941,88.0085653104925,5.644538573393664
3183,57.13318994985941,88.0085653104925,5.70319691151447
3184,57.13318994985941,83.25481798715204,9.652936218707124
3185,57.13318994985941,85.86723768736617,7.0548663437705565
3186,57.13318994985941,88.6509635974304,5.4820554160471
3187,57.13318994985941,91.60599571734475,3.3426135398863703
3188,55.274667288739074,93.17607413647852,2.5191173262043205
3189,55.274667288739074,96.4195450716091,3.3018735553478966
3190,52.079017712647214,96.57701711491443,3.548073237560748
3191,52.14973137453695,96.56582174979559,4.000335358803141
3192,52.14973137453695,96.56582174979559,4.3118264535295365
3193,52.24227105362783,95.28301886792453,3.7478649251093104
3194,52.24227105362783,91.96062346185398,2.1323998486284887
3195,52.24227105362783,88.80229696472519,3.46443113972157
3196,52.24227105362783,85.80803937653815,5.07603793332234
3197,52.24227105362783,91.83757178014766,1.9518489276785116
3198,52.24227105362783,91.83757178014766,2.03080164611871
3199,52.24227105362783,91.83757178014766,2.1273303476866805
3200,52.24227105362783,91.83757178014766,2.2412223979135786
3201,52.24227105362783,91.83757178014766,2.3596458955411044
3202,52.24227105362783,91.83757178014766,2.452694232096365
3203,52.24227105362783,91.83757178014766,2.4333102329946
3204,52.24227105362783,91.83757178014766,2.4279294273741536
3205,52.24227105362783,91.83757178014766,2.4539036256327917
3206,52.24227105362783,91.83757178014766,2.6792111976000617
3207,52.24227105362783,91.83757178014766,3.0002337085034703
3208,52.24227105362783,91.83757178014766,3.2779574945782874
3209,52.24227105362783,91.83757178014766,3.5347763051473002
3210,52.24227105362783,91.83757178014766,3.802813294517287
3211,52.24227105362783,85.80803937653815,3.5736840095358824
3212,52.33943183283929,87.60806916426513,3.222909673069398
3213,52.33943183283929,87.60806916426513,3.498597367252656
3214,52.33943183283929,87.60806916426513,4.150887830306027
3215,52.12322468517732,84.48346263781136,4.958077015266084
3216,51.818715561388984,91.03754541784417,7.603160957853916
3217,51.424004709122414,91.32510943095902,7.984564610520453
3218,50.93652577833709,91.63081736409855,8.608460503577346
3219,50.35293615744337,91.95093905711,9.03886023695185
3220,49.668960251011974,92.2817534657175,9.557398497705764
3221,48.8791649261963,92.61965655827548,9.935869969275451
3222,48.4424931185095,92.28550829127613,10.141105448586371
3223,47.61702306153028,89.31593794076164,8.233394873261666
3224,47.15548420169039,87.45644599303135,7.575522668189989
3225,47.15548420169039,86.79442508710801,7.5216336593362545
3226,46.03885073505683,83.99864682002706,5.483430639642668
3227,46.79337589645477,83.01571380809094,4.914756268753391
3228,48.10729746391096,83.46218487394958,5.302762525246957
3229,49.65901318312337,83.80020249746879,5.714715727440358
3230,51.20284131059734,83.65945760384483,5.739218753689696
3231,52.859387413305285,82.99752562743019,5.476033461064249
3232,54.251796817006664,82.2012350163458,4.777494654008242
3233,54.74120539072288,79.80980248719824,3.349158494308887
3234,54.44451579165226,75.93795093795094,4.154039453455627
3235,54.08339097008201,72.10787792760823,6.0052269919197565
3236,53.6566416945169,68.34958217270194,8.547276903533056
3237,53.16281458923649,78.32310838445808,1.6933421288302526
3238,52.60015940276825,78.82822902796272,1.7163310066115394
3239,51.96658678545062,79.36404931862427,2.3094135271154164
3240,51.25961373051888,79.92424242424242,3.222693950213902
3241,50.47629261071604,80.50275904353157,4.075835875100223
3242,49.61311789019336,81.09393579072533,5.193577828354891
3243,49.4706128941009,81.11600587371512,5.735911973763357
3244,49.95306208972995,80.50221565731167,5.669918343058272
3245,50.236918983568025,79.81025793062555,5.560458685445058
3246,50.33065041250588,79.0442267735233,5.5783008523862865
3247,50.236918983568025,78.44648680699675,5.367033998939691
3248,49.95306208972995,78.109305760709,5.2715073754359665
3249,49.4706128941009,77.82672540381792,5.88096043139583
3250,48.77362750483717,77.97844450917565,6.401817602279319
3251,47.83486242068622,78.0628423176708,6.725627490647566
3252,46.60686178147974,78.08141189866211,6.860861541381717
3253,44.99697643960091,78.03646563814867,6.955103226092129
3254,44.65331810565876,77.54583921015515,6.424755782269094
3255,45.303175514831764,76.58282740676496,5.715591577344651
3256,45.88666670766177,75.62851227447501,5.11288563493131
3257,46.405685149903995,74.69042585321655,4.669369409005904
3258,46.86184031904588,73.77654662973222,3.9829691412815755
3259,47.25649203206953,72.89514866979655,4.042532644673814
3260,47.59077755403096,72.05462051444903,3.583024137395656
3261,47.865632976522505,71.2632594021215,3.5127894627246414
3262,48.08180995261548,70.52904901006167,2.7682603068585125
3263,48.239888583076656,69.8594311866623,2.1591518072581413
3264,48.34028703150879,69.26108374384236,1.9227377204781917
3265,48.38326827948859,68.73971701217506,1.833461588065119
3266,48.36894430011242,68.29990134824071,2.0311606712154506
3267,48.29727781761438,67.94493608652901,2.253818927321592
3268,48.16808172274197,67.67676767676768,2.9197717372606076
3269,47.98101612080314,63.941841680129244,4.883605677994853
3270,47.73558289480814,66.66666666666667,4.933762091295857
3271,47.43111756278617,69.28413749605802,5.811762837576254
3272,47.06677808794051,71.77895063644831,6.3505100173522475
3273,45.767461855065726,72.18702865761689,8.062494987621635
3274,45.30018867057672,72.29949689257177,9.368923283358884
3275,44.77035479134994,72.4717473196175,10.47378853755794
3276,45.40359644502468,72.32504337767496,11.299709842683145
3277,46.93255640367976,71.76470588235294,12.281772782200031
3278,48.14321627176867,71.13432835820896,13.149981934007988
3279,49.101716496126784,68.89359129383313,15.272929696873232
3280,49.84530251279501,69.85339034819792,15.791089836882994
3281,50.39685593260023,70.99753694581281,15.866267749558885
3282,50.77080873256258,72.10526315789474,16.21039341320393
3283,50.15324515035342,72.64878199198273,16.928800462587937
3284,50.15324515035342,73.60468701819303,17.374033464983142
3285,48.37118813878072,73.95419847328245,17.990203442138608
3286,46.8302477135369,74.75698663426489,18.00552618189853
3287,46.79324347147517,76.01700060716455,18.050034405526944
3288,47.699155926051866,79.91854636591479,14.392353508651961
3289,48.51992483477094,83.98967075532602,11.077289006081868
3290,45.62750436637262,84.29568527918782,10.992256651520275
3291,46.31239476703524,88.46905537459283,8.084061691778208
3292,46.92325362772084,92.75700934579439,5.381371449947325
3293,47.66943177732852,96.43347050754458,2.3328432490750064
3294,47.66943177732852,95.16460905349794,2.841736219034371
3295,47.66943177732852,94.03292181069959,4.073778131602091
3296,47.66943177732852,93.03840877914952,4.999373716492616
3297,47.66943177732852,94.23868312757202,3.307196073882709
3298,47.66943177732852,94.23868312757202,3.2499885602647707
3299,47.66943177732852,94.23868312757202,3.1851411876345614
3300,47.66943177732852,93.51851851851852,4.447410163631285
3301,47.66943177732852,94.58161865569274,2.8116958608081037
3302,47.66943177732852,95.78189300411523,1.4888206253192513
3303,47.66943177732852,97.11934156378601,0.40717158345328963
3304,48.53079617586862,97.03180212014134,0.4872124878428782
3305,49.29810995023691,96.94767441860465,0.6929462750177813
3306,49.97612033410183,96.86800894854586,1.4399189413477198
3307,50.56869656518336,96.79389312977099,2.496622479496089
3308,51.07899555110067,96.72642244738893,3.7883151934923838
3309,51.50958238348709,96.66666666666667,3.9649158791765493
3310,51.86251905545558,96.61563255439162,4.127222772230564
3311,52.13943005253636,96.5742251223491,3.6924510760714933
3312,52.341550561286844,96.54320987654322,3.806400773684892
3313,54.33822075305711,96.46464646464646,3.9138566862342596
3314,56.848956636367866,96.20087336244542,3.941128745706311
3315,58.74507412701795,95.750452079566,3.8743709550494874
3316,60.27630387391795,95.09803921568627,3.616508319009745
3317,61.53747129156552,94.61538461538461,3.452522744748153
3318,62.57866210889433,94.47186574531096,3.576179983225502
3319,63.4303411498276,94.34343434343434,3.819815335847486
3320,64.11246071021822,94.23274974253347,4.407993746394056
3321,64.63856890983708,94.14225941422595,5.14444285362254
3322,65.0179148041815,94.07407407407408,6.226631809635993
3323,65.25660957636296,94.02985074626865,6.577857034440047
3324,65.35828272881567,94.01069518716578,7.092606077626393
3325,65.18838200945713,92.2422954303932,6.322855460267681
3326,64.75974971664058,88.65062761506276,5.391667189612558
3327,64.20851000987173,85.02564102564102,5.13910150571092
3328,63.52798779836977,81.41282565130261,6.829423562911809
3329,62.709056346123155,90.4390243902439,6.209665968862655
3330,61.73919794874228,90.71969696969697,7.372050292427105
3331,60.60090107980747,91.01741521539871,7.859946301713563
3332,59.26871777845138,91.32743362831859,8.131374261651567
3333,57.70323979409105,92.1994884910486,8.707285804465094
3334,55.83648589685237,92.8688524590164,9.448551792114891
3335,53.523813678668716,93.35169158143195,9.99343550284218
3336,50.41240978929408,92.67175572519083,9.440055921916002
3337,51.00811025881281,90.5152224824356,7.928018299346448
3338,51.51543077484712,88.13694267515923,6.848213425622643
3339,51.93730931239727,85.54655870445345,5.605602967900135
3340,51.93730931239727,81.98380566801619,3.820286450781006
3341,51.93730931239727,78.29959514170041,5.005140799857335
3342,51.93730931239727,74.77732793522267,7.184248970232095
3343,51.93730931239727,80.16194331983806,3.549339279167245
3344,51.93730931239727,80.16194331983806,3.5186366381514387
3345,51.93730931239727,80.16194331983806,3.466151215054788
3346,51.93730931239727,80.16194331983806,3.3942253869554353
3347,51.93730931239727,80.16194331983806,3.335622679817205
3348,51.93730931239727,80.16194331983806,3.3054641884069063
3349,51.93730931239727,80.16194331983806,3.286885725480172
3350,51.93730931239727,74.53441295546558,7.5802418434271726
3351,51.93730931239727,78.13765182186235,4.865011602643729
3352,51.93730931239727,81.90283400809717,2.345758632942758
3353,51.93730931239727,85.82995951417004,4.689695695638443
3354,51.724037254556414,85.9663191659984,4.894053039229325
3355,51.438330831813296,86.14410134600158,5.110969654741966
3356,51.07899555110067,86.36009353078721,5.371956946579745
3357,50.883669670202664,85.31684698608964,4.691293567824449
3358,50.871247752620825,82.96639629200463,3.760942398858173
3359,50.871247752620825,80.76477404403245,3.7668330040639986
3360,50.871247752620825,78.71765160293549,5.03736111394824
3361,50.871247752620825,76.8250289687138,6.873530920490173
3362,50.871247752620825,80.88064889918887,3.9360797337739144
3363,50.871247752620825,80.88064889918887,4.4204403506981365
3364,50.871247752620825,80.88064889918887,4.924386564907302
3365,50.871247752620825,80.88064889918887,5.4156090998964705
3366,50.871247752620825,80.88064889918887,5.8166317546135105
3367,50.871247752620825,80.88064889918887,6.152880883788265
3368,50.871247752620825,80.88064889918887,6.434261026455341
3369,50.871247752620825,80.88064889918887,6.487249555674764
3370,50.871247752620825,77.75202780996524,9.40724257389891
3371,50.871247752620825,79.72190034762457,7.41410784116079
3372,50.871247752620825,81.84627269215913,5.670536261194292
3373,50.871247752620825,84.12514484356895,4.846326038259187
3374,50.871247752620825,84.82039397450754,5.10559709557042
3375,50.77172629505847,85.56026184058528,5.731082529720636
3376,50.57189636808564,86.33754305396097,6.356888880646834
3377,50.27014590160877,87.14448236632536,6.878946331753889
3378,51.73241656144074,87.79003423354888,7.222846343016566
3379,51.237389329965225,85.60179977502813,6.7465676066188465
3380,50.62867959431583,83.37633615923332,5.966887287491747
3381,49.90000072257777,81.13480303577882,6.255460865842137
3382,49.043019816554384,88.65323435843054,8.565292797773655
3383,48.046610214398136,89.78958261469472,9.701468335983838
3384,48.30861726095842,90.60471472497437,10.905190589961526
3385,49.27953263066351,90.97150703741846,11.929531100684354
3386,52.27961695272885,90.48467569493941,12.054635129569933
3387,54.93529536866364,90.00740192450037,12.81367231519846
3388,57.976887421960264,89.50807071483474,13.622184596480418
3389,57.976887421960264,85.7033051498847,12.644397052981315
3390,57.976887421960264,82.05226748654881,10.33049166921978
3391,57.976887421960264,78.55495772482706,8.898608267951708
3392,59.382089337059455,76.65491578535057,8.438701649065926
3393,61.20160295959218,70.54766734279919,8.472778827262628
3394,62.71789085499709,72.57861635220125,9.140627775654467
3395,63.99876628466868,74.8378728923476,10.20359333673994
3396,65.08344683661163,76.96754112939084,11.618461134962855
3397,64.6962351722659,77.37937140327578,12.24552483558863
3398,63.964778667795606,77.68994290733421,13.438468373882875
3399,63.26718917499326,77.73897861195984,14.058850928936325
3400,63.56536054520178,77.26669615214507,14.069829764316175
3401,64.75259600108059,76.4893133242383,14.214803311452938
3402,65.57206250976215,75.36029753602975,14.245444301370826
3403,66.08031514431083,73.87812942843647,14.280377445300351
3404,66.46350135422036,72.64466762314682,14.580961279006173
3405,67.01024756190671,71.32459970887919,15.17792395857929
3406,67.14338737824905,69.39467312348668,14.158317982334031
3407,66.63606686221472,65.81560283687944,13.346845045389822
3408,66.602305461125,63.58517128108869,12.814065545739458
3409,66.46924715213491,61.40269391546679,11.896612381704253
3410,66.96112495836891,59.640221402214024,10.499369495300343
3411,68.24853271336961,59.36329588014981,9.97221373850708
3412,68.24853271336961,58.38014981273408,9.232796808053378
3413,68.24853271336961,57.58426966292135,8.777426580694545
3414,68.24853271336961,57.58426966292135,8.749373518133593
3415,68.24853271336961,57.58426966292135,8.64832506037144
3416,68.24853271336961,58.38014981273408,8.96016059140057
3417,68.24853271336961,59.36329588014981,9.518396777598591
3418,66.96112495836891,59.640221402214024,10.02372514768726
3419,67.70401406376193,58.23809523809524,7.867506862129774
3420,68.34878552297677,56.911764705882355,6.1050769593481276
3421,68.89989677291003,55.6841046277666,5.1643829617371875
3422,69.36089505902991,54.57818930041152,4.735383571215906
3423,69.7345781360279,53.61635220125786,4.7369146015736625
3424,70.02310881844602,52.819148936170215,6.33416609462332
3425,70.22809648467201,52.204301075268816,7.716510793509518
3426,70.3506538752096,51.785714285714285,8.957168888471303
3427,70.39143449404078,51.57266811279826,10.074189018731346
3428,70.3506538752096,51.56926406926407,11.248912401031038
3429,70.22809648467201,51.774193548387096,12.530864037449602
3430,70.02310881844602,52.180851063829785,13.836370574422116
3431,69.7345781360279,52.77777777777778,14.951474816450013
3432,69.36089505902991,53.54938271604938,15.699621446037316
3433,68.89989677291003,54.47686116700201,16.050895043892094
3434,68.34878552297677,55.53921568627451,16.561017640753033
3435,67.70401406376193,56.80952380952381,17.686598250094924
3436,66.96112495836891,59.50184501845018,16.052018690221292
3437,66.11452275946188,61.987522281639926,14.001643745773702
3438,65.15714446061476,64.26116838487972,13.105815630986132
3439,64.05345320370523,65.88186699710863,13.129633301625178
3440,62.899667645809565,67.12981341802302,13.30338849564958
3441,61.607477834881564,68.87619047619047,12.998774804367306
3442,60.158457808092955,70.42716319824754,12.581999803296142
3443,58.526342927028175,71.7930793428871,11.975902241936014
3444,56.67099242627453,72.9856235372785,11.596015821693893
3445,55.287854660765646,74.14070028911019,11.279599882610048
3446,53.75041863141686,75.3931544865865,10.593910877730762
3447,52.744122113090036,77.07898658718331,9.316084994870447
3448,51.641882993327606,78.58992805755396,7.734565273864437
3449,50.046452099380424,81.0126582278481,5.9603497048207545
3450,50.046452099380424,85.31645569620254,5.4580980145902736
3451,51.641882993327606,89.5251798561151,7.1002347028299635
3452,54.266999006458036,93.676603432701,10.449618717358648
3453,54.82962497203095,93.71031146053825,10.961716706990835
3454,55.66070101775966,93.6986301369863,11.464188698602582
3455,55.273083128117484,91.59186116098145,10.226224278971504
3456,53.81809748416672,88.01035077630823,8.011278218720918
3457,52.21062363431748,84.29044726670348,5.615537543783929
3458,51.341860515200125,82.5804706518799,4.325930285676337
3459,51.05695754099727,82.68971104509856,4.5596028182068995
3460,50.827567022553644,82.60986788891884,4.783888165394816
3461,50.27455941852596,82.3529411764706,4.664572071529336
3462,49.345156012795634,82.32309746328438,4.853556568245361
3463,47.07846742800012,78.96083951881239,1.9088827148116796
3464,45.79781018188268,77.32397895264344,0.6639962855546628
3465,45.79781018188268,77.32397895264344,1.057619705052676
3466,45.56234104351537,77.28524918607563,1.8029025664082783
3467,45.41576556813259,77.24655819774718,2.7689896115090056
3468,44.62297202582471,77.25343320848938,2.8763118701200026
3469,42.550128281463984,77.38006462838678,2.9574726082491463
3470,40.33195513247668,77.52781211372064,3.1817980357252873
3471,38.74992893519566,77.73408699926271,3.4927585625114728
3472,37.926344619524805,77.64764515325193,3.4274513144504293
3473,39.169898369652174,77.32783079700799,3.113919592955305
3474,40.31092141289847,77.03387570018671,3.064050585754782
3475,41.35697195206729,76.77046018186829,2.8728861128626764
3476,42.3141872062289,76.54250781916406,2.8544910287419736
3477,43.18761906805761,76.35511280398477,3.010119929875741
3478,43.98146908073815,76.21344588483569,3.2275286578090983
3479,44.69925757265449,76.12263858779808,3.5638240277353175
3480,45.343948205319215,76.08764687202286,3.9020875231813505
3481,45.918041404463544,76.11309717257069,4.139651528071479
3482,46.42364548761109,76.20311981413873,4.220842386663608
3483,47.175936178115286,75.61307901907357,4.212398374100678
3484,48.141600308850606,74.1742796907941,4.272912897272263
3485,48.510134552520135,71.64285714285714,4.667523121418058
3486,48.812842463752645,68.97175959449675,5.885416073514173
3487,49.050734927010275,66.17862371888727,7.041371808939869
3488,49.22458831680435,72.43542435424354,4.8361745723730065
3489,49.33496024408089,72.95994065281899,4.875481901154526
3490,49.382200518786824,73.56877323420075,5.035253257406013
3491,49.36645788085307,74.25705794947994,4.924245949767241
3492,49.28768282832022,75.01850481125092,4.733417946576704
3493,49.14562667835193,75.84558823529412,4.665725464984753
3494,48.93983681622294,76.72978878368536,4.755176419176238
3495,48.669647902651825,77.66187050359713,5.20201269866306
3496,48.33416860409496,78.63217576187101,6.262166134915472
3497,47.932263163693534,79.63091922005572,7.218770480420525
3498,47.462526815908255,80.64846416382252,8.367558246256136
3499,46.92325362772084,81.67556742323097,9.524098831742068
3500,46.7976618986736,81.79410791128765,9.704002715659005
3501,47.04432240895906,80.93178036605657,9.14333047579121
3502,46.31584536574891,77.59792813208158,5.4041883945017855
3503,45.506041095951865,74.3791260609871,3.3408121063646155
3504,44.61079888275821,71.28924108503504,2.0355471711719884
3505,44.09426853797569,69.87410071942446,2.2487169463629844
3506,45.60135900515625,69.61758506473953,2.5288625136188574
3507,47.383416016728944,69.7780480389176,2.4458871022295408
3508,46.99717677515387,69.35630099728014,2.664512956377627
3509,46.7427455812481,69.02468392534618,3.0167713853101334
3510,46.7427455812481,68.96447922937989,3.1935872627582573
3511,48.17449560135066,69.17497733454216,3.3793337079887005
3512,51.03799564155576,69.97236720908812,3.45406556080651
3513,52.73836276396916,70.65048241518829,3.7762696263809543
3514,53.9564975857213,71.45105445388731,4.477214064468104
3515,54.83217491811805,72.0863766275008,5.049897082725077
3516,55.061565436561665,72.76487432389438,6.01595344445654
3517,54.98557472919229,73.38632750397456,7.233434545485119
3518,54.59836306484657,73.94611727416799,8.440701387513787
3519,54.78648449200693,74.8013981569749,9.991504281135066
3520,54.78648449200691,75.85001588814744,12.228116773380192
3521,56.17630773215211,76.69005102040816,14.041919700523934
3522,57.69931913655683,77.23185613359024,15.366937290846423
3523,58.31991381464127,77.48067010309278,16.531474722123757
3524,57.736360462607585,77.10804745110612,17.390359434561322
3525,59.22427465943601,75.76769025367156,17.721667290474258
3526,61.23716527449448,74.73794549266248,18.83002641043845
3527,63.20491870086705,73.64568081991216,19.122903430955528
3528,64.9196562828359,72.37547892720306,19.313797471981545
3529,66.43289003912675,70.91346153846153,19.560365659607104
3530,67.77670363329588,69.581589958159,19.36004755582456
3531,68.97289816710308,68.54275741710296,19.292283403259077
3532,70.03714779254307,67.52951861943687,19.63152981316985
3533,71.17019299660986,66.11452910553714,19.77671653895909
3534,72.34584125611973,64.09876543209876,18.96949197331581
3535,73.37915239309079,61.850899742930594,17.71413052140501
3536,74.28339750260288,59.369994660971706,14.576572986938976
3537,75.06856113423234,56.66113875069099,12.68259448378423
3538,75.74230100801952,53.73645179691957,11.266760736414954
3539,76.31055049802109,50.6158357771261,9.036856259907076
3540,76.77791306116733,43.96396396396396,4.653778705353337
3541,77.14792802463528,46.96876913655848,6.446738687475694
3542,77.60873358680064,49.436795994993744,7.8307335520404004
3543,78.13981765338808,50.64102564102564,10.063689723488393
3544,77.60873358680064,49.3116395494368,8.01931450248533
3545,77.2972912550154,46.2962962962963,6.600969682647732
3546,77.2972912550154,43.333333333333336,5.367014726914582
3547,77.2972912550154,49.50617283950617,8.909647089774202
3548,77.2972912550154,49.50617283950617,9.140611789323424
3549,77.2972912550154,49.50617283950617,9.346034027426919
3550,77.2972912550154,49.50617283950617,9.512547313938425
3551,77.2972912550154,49.50617283950617,9.619599264506776
3552,77.2972912550154,49.50617283950617,9.844580283445062
3553,77.2972912550154,49.50617283950617,10.264034583290627
3554,77.2972912550154,49.50617283950617,10.17848631363492
3555,77.2972912550154,49.50617283950617,10.02575931496086
3556,77.60873358680064,48.685857321652065,9.128926411976849
3557,78.13981765338808,41.15384615384615,3.895835247170713
3558,78.55322987046127,40.849673202614376,3.4071255880719864
3559,78.85325292675738,41.44562334217507,3.393169639475453
3560,79.04283386021908,42.369477911646584,3.104553558306794
3561,79.04283386021908,43.50736278447122,3.9264578057346218
3562,79.09681157889887,44.56375838926174,4.8461660404563
3563,79.09681157889887,44.02684563758389,5.4203825720005305
3564,79.11006192164862,44.05641370047012,6.277901834826041
3565,79.05703104531203,43.93837910247823,7.327450061283028
3566,78.89746315094096,43.588039867109636,8.350279790831559
3567,76.7027492734908,41.997439180537775,8.91295560488477
3568,74.98815553817421,42.416614222781625,10.331262239084475
3569,74.98815553817421,42.542479546884834,11.370151206428103
3570,75.12834219714706,42.90240811153359,12.75579070394452
3571,75.17965998049205,43.58322744599746,13.847066823748662
3572,73.22791994296337,41.805813234384665,14.921663114982424
3573,72.76511339132169,39.162112932604735,16.33898255559921
3574,72.16835887087109,46.646884272997035,15.139904593022424
3575,71.4289977369419,47.94916233391103,16.038870756353443
3576,70.53491323182863,49.411764705882355,16.561965864823456
3577,69.46893989764997,51.00162425554954,15.542727688663733
3578,68.20593054950355,53.364632237871675,13.083339403155408
3579,66.7067399989965,55.53884711779449,12.404680150692116
3580,64.9036184209058,57.52042287361845,12.637885097229152
3581,62.65212804104323,59.310344827586206,12.294067136349675
3582,61.05547056015337,61.23620309050773,10.620569406088846
3583,59.158714321123114,62.97079983072366,9.957787451344801
3584,56.817131245769396,64.52004860267314,9.61098495616508
3585,53.34572377883873,65.89237320944638,9.999903862983514
3586,49.84736629151437,67.19733432062199,10.123037571277143
3587,49.270225568135544,68.17359855334539,10.399571348533788
3588,48.612984144976075,69.19280930560451,10.15490542856231
3589,47.87234775385329,70.24340075419953,9.886707156825722
3590,47.04432240895906,71.61397670549084,8.906588140075593
3591,46.12404724196693,73.33118348919703,8.383023155377558
3592,45.105561239079044,75.16380655226209,7.667203111817608
3593,43.98146908073815,76.6355140186916,7.070705807643267
3594,43.18761906805761,78.728391444477,5.621456959001112
3595,42.3141872062289,80.63690645436452,5.3486493910909365
3596,41.35697195206729,82.36428768255718,5.967719617709129
3597,40.20569787835004,83.53755993606819,7.349381766732748
3598,38.83574590074223,84.2754367934224,8.68882035413158
3599,37.33314654344687,85.31451213472016,10.758309263046437
3600,36.223488521200785,85.33688802714494,12.06613933285241
3601,35.44244201812001,84.76900866217517,11.640738959324331
3602,34.39689578716341,84.04864091559371,11.717883317219684
3603,34.39689578716341,84.04864091559371,11.947729629754434
3604,34.85692968304318,84.71214320270924,12.41416158630422
3605,35.72113753882612,84.12935323383084,12.433987393224502
3606,36.51360989093781,83.54624425140521,12.05386356487416
3607,37.23721484014679,82.9664570230608,11.662757755596136
3608,37.57397342199344,79.94694960212202,9.11929085426401
3609,38.19876834886295,77.76872964169381,7.531605092832846
3610,38.76019260290875,75.42983915696063,6.718367596153742
3611,39.259916104687406,73.38800904977376,6.370031697542431
3612,39.699364228612204,74.61139896373057,6.864587289499486
3613,40.07974550548649,65.76023391812865,6.78468423529619
3614,40.40207368375398,68.93894487255483,6.420507018900107
3615,41.46632378610173,70.5525197328476,6.074672475004234
3616,41.690952552916386,71.15266707541386,6.121674299670666
3617,41.585751252707425,68.41623436069575,6.948161989796016
3618,41.33259379236997,65.40899486869907,7.5543004538199385
3619,41.02187063451617,60.61960083407804,11.512232138289027
3620,40.65276510159781,59.48958638897037,12.881332748771353
3621,40.22428161659504,72.211011818968,6.030179683565901
3622,39.987408926662795,73.52941176470588,6.225442956660376
3623,40.89480306239399,74.97089639115251,6.534322273236494
3624,42.54931170276182,77.82477341389728,8.044597679038322
3625,42.54931170276182,77.82477341389728,9.467322128775402
3626,42.54931170276182,77.82477341389728,10.150871570354461
3627,42.54931170276182,78.06646525679758,11.095022344537004
3628,43.55636658564281,79.9938537185003,13.394970880859411
3629,44.38846756602308,81.84653774173425,15.664058387365296
3630,45.062443422281525,83.67024636765635,17.78849298767893
3631,45.91804140446356,82.1254468638284,17.167536223240127
3632,46.42364548761109,79.45569200132758,15.48722619742417
3633,46.862531412257,76.5979032803517,12.948249114810283
3634,47.23617521739228,73.56479889996562,12.003605890572045
3635,48.21961960719568,71.85395249911379,11.887361139082953
3636,49.09317182649639,69.68259759211966,10.896517567243793
3637,49.86395694881073,67.62832521543649,10.667689418732376
3638,50.53763926519562,67.63915547024952,10.950989052804049
3639,51.11875285692046,66.92820714005492,10.655211207171458
3640,51.61093063956988,66.29348260695721,10.714749612544983
3641,52.01706653918628,65.74563185696871,9.943960795973652
3642,52.18860040944049,63.62520458265139,8.513952535143195
3643,52.18860040944049,59.98363338788871,4.717855333948556
3644,52.18860040944049,56.50572831423895,2.6556202078530404
3645,52.18860040944049,53.191489361702125,4.612678764967784
3646,52.18860040944049,59.779050736497545,3.7580022816247993
3647,52.18860040944049,59.779050736497545,4.145538641050632
3648,52.18860040944049,59.779050736497545,4.9562062032509555
3649,52.18860040944049,59.779050736497545,5.8809251380219205
3650,52.18860040944049,59.779050736497545,6.892496297170561
3651,52.18860040944049,59.779050736497545,7.997832616841132
3652,52.18860040944049,59.779050736497545,9.15568173194898
3653,52.18860040944049,59.779050736497545,10.369627249123209
3654,52.18860040944049,59.779050736497545,11.619355755858468
3655,52.18860040944049,59.779050736497545,12.922797373417467
3656,52.18860040944049,59.779050736497545,14.220637938058763
3657,52.18860040944049,55.07364975450082,19.166853339665224
3658,52.18860040944049,58.14238952536825,18.251569502818896
3659,52.18860040944049,61.702127659574465,14.865622289370437
3660,52.18860040944049,65.38461538461539,13.643224126398898
3661,52.027260519521214,66.61251015434605,14.073811877144216
3662,51.793336594660595,67.92604501607717,14.488752161337883
3663,51.485846005599115,69.31007137192704,14.309373979305954
3664,51.10346284743007,69.65678627145085,14.768736723859698
3665,50.64448164485774,72.5707727620505,13.652867443647382
3666,50.10676780027968,75.2994011976048,12.882737482449174
3667,49.487690883698626,77.83053323593865,11.023901584152371
3668,49.14666221985201,81.25450612833454,7.110901824040692
3669,48.39929582536326,82.6788218793829,6.262817519550678
3670,47.561151608687226,84.070796460177,5.021980684856825
3671,46.62691523272315,85.65303430079156,3.589980342330315
3672,45.59001548193715,87.04530950861519,3.0909980229127987
3673,44.44222008594619,88.50184956843403,2.8892788122872055
3674,43.17302507279019,89.76799524092802,2.9209961998602436
3675,42.13611187848243,91.35197463245892,3.4444257850723026
3676,40.64736616452657,92.3076923076923,4.001447546856841
3677,38.99316552110121,93.10344827586206,4.6891155176822386
3678,39.842654972002805,92.75204359673025,4.433419451081263
3679,41.410865842513374,81.80531975099038,6.725889921178069
3680,42.82559398284129,84.6447445684087,4.843577551260293
3681,44.10545923738031,87.73584905660377,2.9175428825869623
3682,44.69925757265449,89.28460823784454,3.0553211360725427
3683,45.592137216959436,88.07704066034852,3.4328858963186346
3684,47.78049789495669,87.7760497667185,3.7980824530876505
3685,49.33552085033207,87.36975055257341,4.080374278816298
3686,49.96097411668335,86.3318499682136,4.644120574726244
3687,49.96097411668335,84.83788938334393,6.484205176611163
3688,49.96097411668335,82.80356007628735,8.052391839687363
3689,49.96097411668335,82.80356007628735,8.097453679377368
3690,49.96097411668335,85.56897647806738,5.336695212946376
3691,49.96097411668335,87.12650985378258,3.907396662001985
3692,49.4384224506638,88.08322824716268,3.3328378820194575
3693,48.73627051682945,88.92701185277605,2.79635037298079
3694,47.835758302031934,89.65517241379311,2.3269239380747133
3695,47.30251286791398,89.97555012224939,2.158081400478908
3696,47.30251286791398,89.97555012224939,2.1424458458360136
3697,47.30251286791398,89.97555012224939,2.1665646148986277
3698,47.30251286791398,89.97555012224939,2.2243119801481286
3699,47.30251286791398,87.13325183374083,2.882336917892269
3700,47.30251286791398,88.81418092909536,2.424004735819892
3701,47.30251286791398,90.61735941320293,2.6961124883266065
3702,47.30251286791398,92.54278728606357,3.7398632932071036
3703,47.909964465283394,92.48591108328115,4.33183630017383
3704,48.449887325476645,92.44558258642766,5.275668769927175
3705,49.63147342698164,92.14521452145215,6.338507110040996
3706,51.322829010669686,91.44917582417582,6.658655937975964
3707,52.8119720094654,90.57815845824412,6.4490016610971415
3708,54.13094176847087,89.51851851851852,6.132405662400672
3709,55.301490779264675,88.56485034535687,5.974892792554387
3710,57.850773686493255,88.01916932907348,6.191921141705269
3711,60.54943335040783,87.51044277360067,6.282989145369969
3712,62.64122330801806,86.82373472949389,6.271057055606046
3713,64.37654446325887,85.9417652411283,5.882826359364189
3714,65.85098393874729,85.22727272727273,5.509974819749596
3715,67.11549817072837,84.85742379547689,5.362661256844517
3716,68.20155368730383,84.5213849287169,5.51651481205557
3717,69.13026337333356,84.22712933753944,5.705974097006938
3718,69.91653061746722,83.98268398268398,5.507348921411596
3719,70.57120100508183,83.79578246392897,5.471258379029831
3720,71.10228507166927,83.6734693877551,5.575096691119424
3721,73.15052631885011,83.41121495327103,5.559602000545326
3722,75.46145633186616,82.80680437424058,5.390271418601744
3723,75.46145633186616,79.10085054678007,4.801061608522968
3724,75.46145633186616,75.63791008505468,6.887000799183322
3725,75.46145633186616,72.4179829890644,8.083851630013054
3726,75.46145633186616,77.70352369380316,6.30272646580855
3727,75.46145633186616,77.70352369380316,7.067817196294139
3728,75.46145633186616,77.70352369380316,7.756350814294609
3729,75.46145633186616,77.70352369380316,8.369705462112162
3730,75.46145633186616,77.70352369380316,8.593433251784026
3731,75.46145633186616,77.70352369380316,8.58512986332696
3732,75.46145633186616,77.70352369380316,8.474492216119101
3733,75.46145633186616,77.70352369380316,8.64527000591984
3734,75.46145633186616,77.70352369380316,8.838434018375388
3735,75.46145633186616,72.4179829890644,11.757070013686945
3736,75.46145633186616,75.63791008505468,10.743664306019294
3737,75.46145633186616,79.10085054678007,7.689626810349694
3738,75.46145633186616,82.80680437424058,4.562428541636685
3739,74.17954491210345,83.90129259694477,3.8478994014089616
3740,72.583354704223,84.7678369195923,3.3519043978963494
3741,70.52939374426754,85.4189336235038,3.0916869413056514
3742,67.33374416817568,85.87069864442127,3.1540370095150383
3743,68.82042214775481,88.6495007882291,3.986239505750292
3744,68.39296686671874,87.36406007250129,3.751897174800387
3745,67.42310846933786,84.64626191670848,2.9495170947948055
3746,66.28481160040306,81.77411536597188,4.1441060834861405
3747,66.0778802301928,90.45563549160671,5.3387846395960015
3748,65.79431366559517,90.59101654846336,5.935656418877809
3749,66.85342212281859,90.53282588011417,6.25041868663725
3750,66.4270370975442,85.92730661696179,3.482138245632196
3751,65.91817470973267,81.39217470427661,2.294545779511722
3752,65.32409290911865,76.97077059344552,6.447240521153721
3753,64.64139170670784,85.4256233877902,2.9127827435880818
3754,63.86587349728966,85.88676103247293,3.943654116021003
3755,64.28063445420464,86.02061855670104,4.7091988023752185
3756,65.52723470200417,85.55323590814196,4.706542696678331
3757,66.35831074773289,84.95575221238938,4.237562299461816
3758,66.35831074773289,83.73367045933418,4.234388359471279
3759,66.35831074773289,82.68015170670039,3.907041789108713
3760,66.35831074773289,81.795195954488,3.8616824053256815
3761,66.64705056048093,81.35306553911205,4.149484109323302
3762,66.9992163041228,81.69851380042464,4.539004050407208
3763,67.06855500138,81.76795580110497,4.7905522165537615
3764,66.9992163041228,81.69851380042464,5.241070621933776
3765,66.9992163041228,82.03821656050955,5.71285206449462
3766,66.8391644829364,81.26324713861806,5.964697798922183
3767,66.34517167178502,80.9363137916491,6.099263939975431
3768,65.46713969193195,80.59389376829779,6.206734041363379
3769,64.07357219166704,80.44646548160397,6.498628622738006
3770,61.489574430844556,80.20366598778004,6.598823910267746
3771,61.489574430844556,79.63340122199592,6.496590566134597
3772,61.557957328784674,79.12759885854057,6.485847856159874
3773,61.657576870043094,77.99101674152715,5.752415477736344
3774,61.557957328784674,76.76314716673461,4.899978107576376
3775,61.25589314927143,75.4158215010142,4.49964269339536
3776,60.63489846737706,74.10678442392613,4.237097346073809
3777,59.79019409680628,72.87128712871286,4.254647567887931
3778,58.68571439856583,71.83482664589015,4.18279674009489
3779,57.2562758974731,73.02254489873901,4.484594580447877
3780,55.35960363388196,73.27102803738318,4.623447234272923
3781,52.31279932141782,73.44035023713973,4.705798889727601
3782,49.97947110295119,73.69170523317906,4.575959115397267
3783,48.33416860409496,73.31679659815734,4.603192182970594
3784,48.669647902651825,72.41007194244604,4.094668736046492
3785,48.93983681622294,71.55863073561544,3.919521898535626
3786,49.14562667835193,70.7720588235294,3.4615995111738487
3787,49.28768282832022,70.05921539600295,3.1120533545507456
3788,49.36645788085307,69.42793462109955,2.9760840248501177
3789,49.382200518786824,68.88475836431226,3.074526722331306
3790,49.33496024408089,68.43471810089021,3.3172557791097166
3791,49.22458831680435,68.08118081180812,3.4169535260243054
3792,49.050734927010275,67.82576866764275,3.4275125392266315
3793,48.812842463752645,67.66835626357712,3.6279837569921005
3794,48.510134552520135,67.60714285714286,3.891652041925994
3795,48.141600308850606,67.63879128601546,4.064009535829833
3796,47.70597297898234,67.75862068965517,4.096025037596029
3797,47.201701776665665,67.96083727211344,4.410335890094653
3798,46.62691523272315,68.23878627968338,4.627984498707498
3799,45.979373680272914,68.58520900321544,5.236912442155529
3800,45.256407492183065,68.92991239048811,5.939454581667723
3801,44.45483618557003,70.94224924012158,6.0956869779226786
3802,43.5708612015602,72.78891509433963,6.290363143511263
3803,42.59992151417824,74.47173043974871,6.410324890774077
3804,41.5166151082064,75.42115437724385,6.448351228006603
3805,40.394747492444885,75.86114819759679,6.388036611282606
3806,39.169898369652174,76.37348465308229,6.798811351995397
3807,37.83261319058696,77.6201145133184,6.7332295962610536
3808,36.97195345359844,78.2958984375,6.513634319523929
3809,36.52650850003112,78.05055906660185,6.6612467513135725
3810,36.223488521200785,77.67813863305865,6.828968426470371
3811,35.44244201812001,76.78055822906641,7.172585035716513
3812,34.955799488725106,76.44944896981313,7.220423762265409
3813,34.955799488725106,76.44944896981313,7.160702429582883
3814,34.955799488725106,76.44944896981313,7.094842987480527
3815,34.99203945127034,75.06469066102093,7.440965986578168
3816,33.97366362545454,72.7459484136042,8.22704209513311
3817,32.87150032857346,70.43593715423766,9.370387677908342
3818,32.28727088147032,68.93922892615988,10.365261321530937
3819,32.28727088147032,82.46569374863864,6.099573253325509
3820,32.28727088147032,86.32106294924853,9.583807434092225
3821,32.87150032857346,89.42243859260898,12.050547610125538
3822,32.28727088147032,88.0200392071444,12.080992960810036
3823,31.048426559539944,85.19299725796246,10.798212142286543
3824,29.709195099515966,82.40457236170647,8.983106935633959
3825,29.709195099515966,78.85282710757298,7.5359914074537295
3826,30.391905101288188,87.65304004980287,15.490081132532378
3827,30.391905101288188,83.68956214982362,13.150342730170511
3828,31.048426559539944,81.12212613372706,12.488447571514033
3829,31.048426559539944,70.55473528791394,8.126333927642357
3830,32.706861071328085,71.76673122444588,9.090175140120731
3831,34.15315397258943,73.17233809001098,10.028402742918606
3832,34.77619625422354,74.17987056460612,11.068499422286191
3833,35.695774185854184,74.61279461279462,12.051594987234324
3834,36.296548143811215,74.91548343475321,13.09223195768737
3835,36.61958073311262,75.06211881635419,13.98092398433986
3836,37.4789067711154,74.52243958573072,14.516346315947294
3837,38.96741329708809,73.7294201861131,14.901166019789876
3838,40.33195513247668,72.92954264524104,15.602104602859376
3839,41.6126123785941,70.51249684423125,15.723723788333645
3840,43.87930096338963,69.49197157146618,16.230690664539573
3841,45.8571885045017,68.34019204389575,16.794257038426647
3842,47.615078757743184,67.0477279222635,17.40370096271563
3843,49.19328869379916,65.60547456114251,17.675340105276614
3844,50.51509790057535,64.17310664605873,18.3671180288355
3845,51.617370620831736,62.25568727971804,18.085610685949373
3846,52.618823865095244,60.165837479270316,16.35530632039858
3847,53.526135960445544,57.90195406239287,14.782597266860208
3848,54.34473797498498,57.5875486381323,14.62945658713405
3849,55.07909241329859,56.612021857923494,13.039087065499064
3850,55.73289072271418,55.70947210782479,12.665284238031395
3851,56.309196655113716,54.89443378119002,11.555550768925567
3852,56.81055229881816,54.18138987043581,11.061516695561732
3853,57.23905759622193,53.584301161393675,9.570690820453434
3854,57.5964305014631,53.116089613034625,8.701792786530312
3855,57.884052616861375,52.78810408921933,8.06018449569411
3856,58.10300363360883,52.609603340292274,7.609294730125394
3857,58.254086880983515,52.587294909549854,7.328356972690819
3858,58.820825005263,51.734475374732334,6.540905066014742
3859,58.820825005263,48.436830835117775,7.255114702958596
3860,58.820825005263,45.31049250535332,8.051475487816182
3861,58.820825005263,42.355460385438974,10.379628105476135
3862,58.820825005263,43.38329764453962,10.949044088484692
3863,58.820825005263,43.38329764453962,11.47433415815124
3864,58.820825005263,43.38329764453962,12.01063227058917
3865,58.820825005263,42.61241970021413,13.24271809316019
3866,58.820825005263,45.224839400428266,11.68814065178018
3867,58.820825005263,48.35117773019272,10.481707043356863
3868,58.820825005263,51.64882226980728,7.594036808433089
3869,57.74933983205406,53.42465753424658,5.904113945296571
3870,56.51357603273642,55.07828181453232,5.576491297035301
3871,55.0877580704408,56.605966679581556,5.489185500754718
3872,53.4321873905893,58.006718924972006,4.973567816238969
3873,53.21257190234875,60.99002585888437,4.802196349101592
3874,52.929022200933154,63.871673350346335,5.627876585546961
3875,52.123241796489225,65.99147121535181,6.317322263283998
3876,52.123241796489225,65.99147121535181,6.036384277160504
3877,52.123241796489225,65.99147121535181,5.7450782248219685
3878,52.123241796489225,60.163468372423594,4.918696706454972
3879,52.123241796489225,63.61051883439943,4.7334046124352
3880,52.123241796489225,67.1997157071784,5.711710354080228
3881,52.29568133992216,69.59169054441261,6.640396165604118
3882,50.598717907822476,67.7599441730635,6.349643438033257
3883,50.858423314111725,57.83898305084746,9.352732636638034
3884,51.985265435568444,59.26193921852388,9.042251084462016
3885,52.9186076890447,60.39823008849557,8.466678682338468
3886,52.9186076890447,60.39823008849557,8.885088911952739
3887,51.985265435568444,59.26193921852388,10.480622226009759
3888,51.985265435568444,59.55137481910275,10.221693450945347
3889,51.985265435568444,70.29667149059334,4.608582361701704
3890,53.7784274471957,72.99023290758828,4.919193998927016
3891,54.03253998196229,73.15512048192771,5.591604414598377
3892,54.157498787032715,73.59848484848484,5.779276226197466
3893,53.46514140024238,71.04477611940298,5.68189321884404
3894,53.46514140024238,68.24626865671642,6.373290786912049
3895,53.46514140024238,66.90298507462687,6.925517997856806
3896,53.46514140024238,69.6268656716418,6.116990680286275
3897,53.46514140024238,72.5,5.363148811705838
3898,53.46514140024238,75.5223880597015,5.270871160568115
3899,52.808923441234604,77.53676470588235,5.921092502775284
3900,52.11564800965278,79.34782608695652,7.32070679080983
3901,50.503847795378,80.04908835904628,8.026168148749218
3902,48.59250467855387,80.62330623306234,8.649899053783944
3903,46.99686275427143,80.73729657920957,8.785503817667362
3904,44.24806858184672,79.29128738621587,7.667505407054479
3905,44.24806858184672,76.07282184655396,5.868544648034152
3906,44.24806858184672,72.98439531859557,5.218927039832654
3907,44.9240190099107,71.37669197755035,4.7230197824444655
3908,45.571402848729605,69.85244802146211,5.105899437388274
3909,45.55681597093573,67.02412868632707,6.090015383369643
3910,45.48383238116435,64.16165664662658,7.367505501768421
3911,45.352254436202685,61.288180610889775,9.861851568871408
3912,45.1617229831231,68.76234364713628,6.257537745036309
3913,44.91171139579524,69.82421875,5.72817486253334
3914,44.601516631328906,70.93770070648684,5.289992241143858
3915,44.230246916586104,69.87989886219975,6.02983927165986
3916,43.796805504076225,72.56362507759155,5.151204575567163
3917,43.29986971610314,75.3345498783455,4.753499225337663
3918,42.737864201640754,77.92980368828078,5.25167098185843
3919,41.99515055783768,78.56934306569343,5.998109878467911
3920,41.99515055783768,78.56934306569343,6.153488165991556
3921,41.99515055783768,78.56934306569343,6.1868598231992005
3922,41.99515055783768,78.56934306569343,6.204308445910996
3923,41.99515055783768,78.56934306569343,6.251394866855144
3924,41.99515055783768,78.56934306569343,6.370470611632693
3925,41.99515055783768,78.56934306569343,6.552811221571811
3926,41.99515055783768,78.56934306569343,6.583060402351021
3927,41.99515055783768,78.56934306569343,6.6590260572181155
3928,41.99515055783768,78.56934306569343,6.878207256629456
3929,41.99515055783768,78.56934306569343,7.3455982412902765
3930,41.99515055783768,78.56934306569343,7.85115274897867
3931,41.99515055783768,78.56934306569343,8.359485849301928
3932,42.737864201640754,77.90005948839976,8.96437757043323
3933,44.11018653016506,76.43429981492906,9.66060864822314
3934,44.74439165239446,73.46938775510205,10.413105079693876
3935,44.74439165239446,69.23076923076923,11.829373833287342
3936,44.74439165239446,65.11773940345368,13.794201985943577
3937,44.74439165239446,61.664050235478804,16.092465269613058
3938,44.74439165239446,63.202511773940344,16.424571118348148
3939,44.74439165239446,67.25274725274726,15.05462621335752
3940,44.74439165239446,71.42857142857143,13.426566371814596
3941,44.74439165239446,75.72998430141287,12.285849789953708
3942,44.14790469394708,78.04354492486968,10.778586531453245
3943,43.48143398537575,80.4185351270553,9.003557802108512
3944,42.742446359198674,82.60110561536223,7.963164409954104
3945,41.37647587044105,83.84291725105189,7.441808729243577
3946,41.37647587044105,75.39971949509116,14.565647832934175
3947,41.37647587044105,79.4109396914446,11.656874584451787
3948,41.37647587044105,83.36605890603086,8.796884708834115
3949,41.37647587044105,87.6577840112202,5.571530758257221
3950,39.86760463164227,88.67873547689814,5.395694566025519
3951,38.193775492217846,89.3368010403121,5.29541364541879
3952,36.85352185148991,89.98993963782696,5.203058286504787
3953,35.932488953090406,90.52271617000488,5.127620012221124
3954,34.93197695231647,91.04265402843602,4.678330099344856
3955,33.847284804992846,91.5480018373909,4.492301465709573
3956,33.62172585186024,91.74977334542157,4.499010939266847
3957,34.132879868322,91.60218479745107,4.461788850562871
3958,34.410202594255246,91.35492700729927,4.592451054345839
3959,32.959342812090185,87.84140969162996,6.1481270156302745
3960,31.37762680344542,84.94897959183673,8.309901755673135
3961,29.6462506066743,81.99343724364233,10.60074839862088
3962,27.73859955837996,91.15901898734177,5.418031346843202
3963,25.614208123683813,91.68573607932876,6.538057602306428
3964,23.904462317965606,92.35164025064505,6.888771195023934
3965,21.47910074972908,92.74795591894774,7.292874505439387
3966,18.622824702909384,93.05793623585876,7.970066479212015
3967,14.649899564050445,93.2892561983471,8.4563761636035
3968,13.714327712531832,95.33333333333333,10.627913553130991
3969,12.735365131348061,95.52143314139475,12.08657768543125
3970,13.714327712531832,95.33333333333333,12.629347672788366
3971,15.545677768839417,94.89247311827957,13.05200073779169
3972,17.229343045866873,94.34224227698715,13.045143072876241
3973,18.784207260408554,93.63799283154121,12.257321623391693
3974,20.224310574212893,92.97077321494636,12.027263992307972
3975,21.560476599048872,92.40458015267176,11.724048883033642
3976,22.801281187968055,91.8142463597009,11.7805106311239
3977,23.388143800998417,89.5725129844187,10.497302356017414
3978,23.388143800998417,85.91689972033559,8.378361593476228
3979,23.95366556494953,83.59691808596918,6.361571946092985
3980,24.498525315875156,81.06995884773663,4.698924799589218
3981,24.498525315875156,77.38683127572017,2.8482135231138477
3982,24.498525315875156,73.78600823045268,3.748153615196672
3983,24.498525315875156,70.63786008230453,4.894408055959249
3984,24.498525315875156,78.9917695473251,2.9457774806000043
3985,24.498525315875156,78.9917695473251,3.148520720982953
3986,24.498525315875156,78.9917695473251,3.367193097955283
3987,24.498525315875156,78.9917695473251,3.5908384682281946
3988,25.023343318765146,78.3089770354906,3.1304341701027365
3989,26.015081118337765,70.42525773195877,4.1451768530214235
3990,26.93289850795841,72.36203090507726,3.504860901837052
3991,30.753569830843247,74.77022058823529,3.167563559501006
3992,33.45444895403058,77.80966044954567,4.558288854388329
3993,34.85692968304318,78.47121432027092,6.996965158817556
3994,35.932488953090406,79.14020517830973,8.697962220175759
3995,37.72823926115132,78.52791878172589,9.613331063351115
3996,39.345233120691155,77.9124934106484,10.095312635124507
3997,40.809972423167075,77.29759299781182,10.39320511058571
3998,42.141140477291025,76.68746454906409,10.584044821732864
3999,43.352563465313644,76.08695652173913,10.483015570461388
4000,44.45483618557004,75.5015197568389,10.572382173417571
4001,45.45628942983353,74.93718592964824,10.669076142981716
4002,46.363601525183846,74.40051847051198,10.69841384694506
4003,47.182203539723275,73.89853137516688,10.69064132906123
4004,47.91655797803688,73.43857240905972,10.843616710312622
4005,48.57035628745246,73.02816901408451,11.031521626505842
4006,49.14666221985201,72.67483777937996,11.243006064828998
4007,49.648017863556454,72.3858615611193,11.686505415734542
4008,50.07652316096024,72.16804201050263,12.475235068534886
4009,50.57189636808564,70.91465748182166,12.742142050541585
4010,51.12298734969667,68.4395776300352,11.841214784981885
4011,51.59030508763419,65.80310880829016,11.0677087835895
4012,51.91942527791279,62.89409862570736,9.76577155246467
4013,52.249776097854806,56.0655737704918,4.958632987633347
4014,52.50088983983401,56.503728251864125,4.728975731276112
4015,52.50088983983401,55.758077879038936,4.775909028854453
4016,52.50088983983401,56.503728251864125,4.700281230043542
4017,52.249776097854806,55.86065573770492,5.007623587804772
4018,51.91942527791279,62.570735650767986,7.349107762303796
4019,51.724037254556414,63.873295910184446,7.612285446049702
4020,51.724037254556414,63.873295910184446,7.281143741716137
4021,51.724037254556414,63.873295910184446,6.974204496723923
4022,51.724037254556414,63.873295910184446,6.689208621079549
4023,51.724037254556414,63.873295910184446,6.393409778053492
4024,51.724037254556414,63.873295910184446,6.0961053075376315
4025,51.839665871090595,62.31358323256751,5.369492644124325
4026,53.885526151816286,60.09913258983891,5.401939707615936
4027,55.274667288739074,53.7910699241786,9.545909605596231
4028,55.274667288739074,53.706823925863524,10.106650786127895
4029,55.274667288739074,53.327716933445664,10.492613427896872
4030,55.274667288739074,53.327716933445664,10.985793174633848
4031,54.88459216729907,60.9452736318408,5.118340455706883
4032,54.40785124324545,62.73393002441009,4.999732828965771
4033,53.84159725992728,64.57006369426752,5.089635345662473
4034,53.18223892291855,66.93861693861695,5.458247668173038
4035,52.42527942671578,69.0998487140696,6.508555732436147
4036,52.008492039844505,69.87322893363162,7.100027939877757
4037,51.094132313342634,67.80028943560058,7.101702674583295
4038,51.094132313342634,67.80028943560058,7.41473341302803
4039,51.094132313342634,67.80028943560058,7.753214328338928
4040,50.065204609982565,75.15767344078486,9.66414626799397
4041,50.065204609982565,75.15767344078486,10.166054347120678
4042,50.065204609982565,75.15767344078486,10.894015051466544
4043,50.59456979875741,74.25213675213675,11.444445465689657
4044,51.56508799525957,72.22630418809699,11.737108678839897
4045,52.1546446021317,64.71471471471472,10.650154398024416
4046,52.39741865704206,65.37585421412301,12.320473977809916
4047,54.7246777530196,67.74703557312253,14.306222756112339
4048,56.60657438364317,70.41906327033689,15.635395741244828
4049,56.628966580116064,69.81670061099797,15.83346263951581
4050,55.7098618621973,67.77382364570977,15.36454509379018
4051,55.60379059611265,66.01101494885917,14.93656488292414
4052,55.970410779614234,63.925307906237585,13.9390625732483
4053,55.970410779614234,61.34286849423918,12.391209928386465
4054,55.970410779614234,58.919348430671434,9.866560311719901
4055,55.970410779614234,56.65474771553436,7.797391516318297
4056,55.970410779614234,61.93881605085419,12.633595452709962
4057,55.970410779614234,61.93881605085419,13.043775764101076
4058,55.970410779614234,61.93881605085419,13.77375370329075
4059,57.838870392244246,61.566410981025435,14.551827339078313
4060,60.23583754995081,60.75738660008323,14.13213597505373
4061,63.006865913889214,59.96570938705529,13.565744135275887
4062,62.619136262990686,56.45771981489272,10.867966070688974
4063,62.157207498087,53.06710580485797,8.913728462596259
4064,62.45561651498031,50.92402464065709,7.540267078795113
4065,61.85151801952136,47.78088764494202,6.284824903238035
4066,61.165356168168664,44.23300970873787,7.814066728396756
4067,60.39352827300045,43.16898757997742,8.45026526288835
4068,59.53165297004298,52.712049508554784,6.879137740803188
4069,58.57437356098911,55.21968365553603,7.901761657013802
4070,57.37833004961698,57.42306391613121,9.333186156242192
4071,56.05420707698442,59.44101397465063,10.627233788010743
4072,56.49355267495296,59.71269996735227,10.98224875698792
4073,56.49355267495296,59.71269996735227,11.042850838658552
4074,56.2004017241874,59.557147508954735,10.75313146727812
4075,56.470935913885775,58.28647039364869,9.297206839378108
4076,57.08959023686892,55.07588532883643,6.386859324480399
4077,57.08959023686892,50.860033726812816,4.667479522912989
4078,57.08959023686892,46.77908937605396,7.384528550387789
4079,57.08959023686892,43.37268128161889,9.326848780438109
4080,57.08959023686892,48.802698145025296,7.124075939737985
4081,57.08959023686892,48.802698145025296,7.500490450955315
4082,57.08959023686892,44.8566610455312,10.044103425756846
4083,57.08959023686892,48.87015177065767,8.030450588177189
4084,57.08959023686892,53.0185497470489,5.387329900862453
4085,57.08959023686892,57.30185497470489,5.9273598578192335
4086,56.00851665087328,59.51219512195122,6.848485614883995
4087,54.718122503456534,61.4013137316234,8.169798325219412
4088,54.718122503456534,61.4013137316234,7.808454974317217
4089,54.718122503456534,61.4013137316234,7.412274740386332
4090,54.718122503456534,61.4013137316234,7.010620871395077
4091,54.718122503456534,61.4013137316234,6.746615924847678
4092,54.718122503456534,61.4013137316234,6.545622121459923
4093,54.718122503456534,55.20800750703785,6.866426814061727
4094,55.64141646108687,58.471867007672635,6.394516770824405
4095,57.328375418744336,61.11481975967957,6.218035146073039
4096,58.83379687684779,63.788300835654596,6.960218470338686
4097,59.52701679195349,62.88659793814433,6.7426112590471226
4098,60.80696592937642,61.236579044798226,6.712231083228169
4099,61.820822647072646,58.97041874759893,8.718621743451363
4100,62.731327936755264,49.54237962594509,18.198094684765344
4101,63.54501065275185,51.46030440148087,17.040452561525214
4102,64.26713873396342,54.857870173949934,14.287231501393245
4103,64.90199618108268,58.40244434744653,12.45456919778512
4104,64.32261947244659,59.75872468763464,12.310254643286225
4105,63.56743666227564,61.04281475201356,12.079732143537093
4106,63.56743666227564,63.45909283594744,11.729444740628066
4107,63.21819331079996,65.51724137931035,11.41296573120458
4108,62.389562147323126,67.01073492981007,11.102548432998098
4109,61.37015549631269,68.39126919967664,10.831555648274254
4110,61.70632549565203,72.51437962202137,9.195283276556077
4111,61.97381885923888,76.68609492089925,7.4739523550679055
4112,60.83185481769087,77.89943227899433,6.969319865938107
4113,60.83185481769087,77.89943227899433,7.4323541880312565
4114,60.83185481769087,77.89943227899433,7.913234297276365
4115,60.83185481769087,77.89943227899433,8.390238773526644
4116,60.83185481769087,71.93836171938362,12.22983301319654
4117,60.83185481769087,74.89862124898622,11.586517597236421
4118,60.83185481769087,78.02108678021087,9.964189845589406
4119,60.83185481769087,81.30575831305758,7.6580626178102
4120,58.68199121365638,82.02511773940346,7.753997249653532
4121,55.39485989299149,82.60045489006824,7.775635938943314
4122,56.08932358200971,84.03393752410335,7.23130228204003
4123,58.730142389537825,87.47490967482939,5.824116001886654
4124,60.097739046951034,89.33552091878589,5.759106418449104
4125,61.78673797227739,88.46808510638297,5.959116954725341
4126,63.21298198721366,87.7533039647577,6.2213428481903135
4127,64.42726956351784,87.35213830755232,6.373245628982778
4128,66.86203614175517,77.99245994344957,13.265658286938768
4129,66.86203614175517,77.99245994344957,13.623583738482276
4130,66.86203614175517,77.99245994344957,13.858802608505249
4131,66.86203614175517,77.99245994344957,13.761600515504135
4132,66.21292271066149,87.48261474269819,5.1963080727355155
4133,64.73120542060407,88.49081952530229,5.07373371383002
4134,62.944821108850356,89.29650410012948,4.906562496886075
4135,60.709391507164206,89.91282689912826,4.808706759076168
4136,59.263598172625855,92.04222492894844,4.624612322521257
4137,59.263598172625855,92.04222492894844,4.781339477050708
4138,59.263598172625855,92.04222492894844,4.8587778092013165
4139,59.263598172625855,92.04222492894844,4.843801756348754
4140,59.263598172625855,92.04222492894844,4.845497708237742
4141,59.263598172625855,92.04222492894844,4.984853560590027
4142,59.263598172625855,92.04222492894844,5.021200872436655
4143,59.263598172625855,92.04222492894844,5.071858131224906
4144,59.263598172625855,92.04222492894844,5.129519326191143
4145,59.263598172625855,92.04222492894844,5.165542072074319
4146,59.263598172625855,92.04222492894844,5.248561453273758
4147,59.263598172625855,92.04222492894844,5.432322161302004
4148,59.263598172625855,92.04222492894844,5.741792615102633
4149,59.263598172625855,92.04222492894844,6.271189060639325
4150,60.709391507164206,89.91282689912826,6.243953342846055
4151,60.72578355160622,78.35479850436228,10.116301415576132
4152,60.67659346265079,78.15996684624949,10.053757043896603
4153,60.56165327181835,77.7091058920478,10.35458189080623
4154,60.38056768265207,91.95590036749694,9.122512338823197
4155,58.83177814960623,92.5343811394892,10.632589285017856
4156,57.0247905118674,93.24273310683277,12.652300964957702
4157,55.99783311524876,93.52810650887574,14.1371754771541
4158,55.00418567788079,92.1983230040102,14.424515214637617
4159,53.98170040065787,89.2018779342723,13.963730426485004
4160,54.165976546923645,85.79234972677595,13.162370344512027
4161,54.28852206503321,82.22792231586662,11.27846686570482
4162,54.34970390335433,90.6651966188901,17.515606687806137
4163,54.34970390335433,90.6651966188901,18.47985076262168
4164,55.51606245755816,90.4370564064251,19.262760502372615
4165,55.51606245755816,86.88830780724692,18.53111806910993
4166,56.56219739672983,84.91641337386018,17.609627870778887
4167,57.43653636491911,82.71082017712746,16.39510717651125
4168,58.27684658913319,80.75870160344154,15.341201650160954
4169,58.27684658913319,77.66914352757138,12.666475589404243
4170,58.27684658913319,74.73601877199843,11.02253956293614
4171,59.42381920969265,73.1610337972167,10.674260404060407
4172,61.31993670034273,72.75338530980714,11.175857482012102
4173,61.9984441493658,70.77814569536424,11.278549427165125
4174,61.69675164315779,67.33278955954323,10.643436494242673
4175,62.206171426603305,65.32951289398281,10.724565098125032
4176,63.227901888486116,64.56330965315503,11.25666737891453
4177,63.910021448876755,63.609341825902334,11.762696461058352
4178,65.39669942845588,61.47186147186147,12.117419311165355
4179,67.21509613662188,62.88751107174491,13.811742160956914
4180,67.61382033699248,62.61022927689594,15.531633688444936
4181,68.75169600486967,63.67713004484305,17.248111023071157
4182,69.15606240019079,64.10835214446952,19.368348289122082
4183,68.7829310780078,62.03991130820399,19.938745057398446
4184,67.54044108103643,58.733531661708454,18.782656642004948
4185,66.13961364120873,56.20170801138674,18.179314428546192
4186,64.55427287951517,53.7116206762534,18.234185720180935
4187,63.68072414707564,64.67907330041777,26.551738630671
4188,63.30384658392119,64.5320197044335,27.808752600167242
4189,63.89249234215787,63.520309477756285,28.06253778460186
4190,65.2484425854078,61.48566814695196,28.090188542163435
4191,66.45715610278005,59.570887673538074,27.32308271418846
4192,67.2117505474362,56.714471968709255,25.37944102298516
4193,67.87662103364609,53.649798477384685,24.673485013005163
4194,68.45560803217843,50.75931891394386,22.625731450023565
4195,68.951836627286,49.97642621404998,22.17521707537058
4196,69.36783658187854,48.62782859894078,22.015828306226403
4197,69.70563052046212,47.427731504164626,21.937864813542483
4198,70.30724885494682,45.58232931726908,22.29850929647496
4199,70.73582021190933,42.19387755102041,21.151787131668886
4200,70.73582021190933,38.265306122448976,20.710601171493984
4201,70.73582021190933,34.54081632653061,19.54036407760324
4202,70.73582021190933,31.020408163265305,24.05622772275338
4203,70.73582021190933,34.234693877551024,21.71962807492045
4204,70.73582021190933,34.234693877551024,22.677221935886664
4205,72.66764500688633,32.93256664924203,25.516254925939613
4206,75.95477632755124,27.537026878771258,37.991806249900606
4207,78.44764612933683,28.867165037377802,32.93536689731287
4208,80.56052554058992,30.222757375075258,31.466098343835615
4209,81.56640947434455,30.96853793954349,29.025365207370804
4210,81.57686954106256,30.987654320987655,28.98034094069647
4211,82.542069651022,28.762755102040817,33.01153427358769
4212,83.32998825963332,26.509186351706038,
4213,83.95717986054738,24.260752688172044,
4214,84.97557472447352,22.045611610228057,
4215,86.23147997810332,22.62669521770164,
4216,87.2002581013449,23.110785033015407,
4217,87.92970985405323,23.48087021755439,
4218,88.56554089786799,23.614274867122248,
4219,89.75497467248577,19.825535289452816,
4220,90.4838784882208,15.832649712879409,
4221,91.43026583989104,12.25531914893617,
4222,92.00089912705636,12.510860121633362,
4223,92.26996983996692,12.67605633802817,
4224,92.5610461546574,12.868632707774799,
4225,92.38799942571954,12.76595744680851,
4226,92.38799942571954,13.47517730496454,
4227,92.17480691308235,14.135206321334504,
4228,91.59543020444623,17.70744225834046,
4229,91.59543020444623,21.55688622754491,
4230,91.59543020444623,25.748502994011975,18.985684088896647
4231,91.59543020444623,30.28229255774166,10.931208644771191
4232,91.69692666816916,32.53833049403748,5.395373442607133
4233,92.14315312539118,32.87435456110155,4.713105039070371
4234,92.9037963821449,33.80530973451327,4.2156130670715
4235,93.86220880004474,34.790528233151186,4.746413725409242
4236,93.73943357484649,34.66424682395644,4.589679580262553
4237,93.68806214896925,34.60144927536232,4.557072259373282
4238,93.42901654180123,34.29084380610413,4.598922300569024
4239,92.59215204393547,34.91228070175438,4.773931759640547
4240,92.049811767964,37.45674740484429,8.384542589681585
4241,90.65123010542577,36.26465661641541,7.560193084320659
4242,89.38870164921072,35.174654752233955,7.893691979551745
4243,88.51398423954932,34.806629834254146,9.397891503381414
4244,88.51398423954932,34.333070244672456,10.901493566979475
4245,88.51398423954932,37.569060773480665,14.991048537467897
4246,88.51398423954932,41.12075769534333,16.745382327781133
4247,88.51398423954932,44.988161010260455,17.14169389831447
4248,88.294281501344,45.3551912568306,18.02115859795152
4249,88.95538008730125,47.8021978021978,17.72566181844555
4250,89.38478162403096,47.83974862529458,17.595896555197164
4251,89.84324675302668,48.2922954725973,17.45831678770995
4252,89.94635556407167,46.062052505966584,16.91117364445551
4253,89.81987633442918,41.515390686661405,14.253451877444123
4254,90.42386261890805,38.06863527533918,12.997439695389456
4255,91.56173828678523,33.333333333333336,10.721525168079637
4256,92.40299554538292,34.177215189873415,11.438575222367854
4257,92.99376990357683,34.823731728288905,11.935705440110217
4258,93.35959451541201,35.94429939077459,12.145633473581434
4259,93.35959451541201,35.77023498694517,12.411849308393396
4260,94.15225876346898,32.217194570135746,14.328518979147077
4261,94.54414976526023,28.136531365313655,24.528174600806203
4262,94.54414976526023,20.756457564575644,25.619827371133272
4263,94.54414976526023,20.756457564575644,27.272349276154532
4264,94.54414976526023,20.756457564575644,28.831873665447404
4265,94.54414976526023,30.44280442804428,21.390782284409603
4266,92.83474296581903,33.47902097902098,17.561612526087043
4267,91.89132702217796,36.85092127303182,14.316693015175879
4268,90.74487218513035,40.01597444089457,11.213902199335752
4269,88.32777627561235,42.62048192771084,11.214444162714134
4270,87.60846436462414,46.081277213352685,9.358892514319965
4271,86.57484553492134,49.09847434119279,8.6481894978419
4272,85.36055795861716,51.849405548216644,5.729959469702011
4273,83.93431394368089,54.32873274780427,2.712667523910832
4274,82.24531501835453,56.539833531510105,1.8471075980555856
4275,81.20166514149237,59.15813424345848,1.4341055016130284
4276,80.00523769764035,61.50922909880565,3.1320019256563856
4277,80.41366161280924,61.77753544165758,3.2128744331431074
4278,80.260261801735,61.64309031556039,3.075186145787633
4279,79.17372765058659,59.852086634970945,1.8028424305649913
4280,78.44227114611631,59.288330716902145,1.787826224331018
4281,77.92512849410006,58.91835673426937,2.0530981607258254
4282,78.85453189983036,59.60021041557075,2.221550251220108
4283,80.49577860030571,62.770083102493075,3.6892447218603235
4284,80.72516911874932,62.97943301834352,3.992138946379217
4285,80.97221100068136,62.08821887213847,4.856269832647708
4286,80.97221100068136,61.75321049692909,6.915921010414085
4287,80.72516911874932,61.58977209560867,7.381832581662824
4288,80.21845587437247,61.59779614325069,7.607532756648871
4289,79.42239888370784,62.47960848287113,7.980113536838692
4290,78.27662513496229,63.281667557455904,7.7009119865417
4291,76.64257433405673,63.99790685504971,7.762508782895492
4292,73.84027883698768,64.62480857580398,8.091749274861016
4293,72.49462315059164,65.5516724912631,8.158771990918407
4294,70.67622644242563,66.37469586374696,8.860446260527002
4295,67.98476395768463,66.26965221534064,8.613981855369607
4296,66.27011294671357,65.1272384542884,8.119900003772118
4297,65.67489781643478,64.14565826330532,7.631062435279401
4298,64.79922048403803,63.31797235023041,7.9649905848633535
4299,63.58108566228589,63.780598368087034,8.344891358280703
4300,61.88071853987248,64.17777777777778,8.727742368780575
4301,60.99632071040505,63.93952867941307,8.909149408009368
4302,61.46059387863113,63.18656377666818,9.015199969362762
4303,61.84065667399108,62.54041570438799,9.034876859364982
4304,61.84065667399108,58.7066974595843,11.24358971881993
4305,61.84065667399108,55.057736720554274,14.180313821990147
4306,61.84065667399108,46.18937644341801,22.050771463102137
4307,61.84065667399108,55.057736720554274,14.695024655998022
4308,61.84065667399108,58.7066974595843,12.172922700545934
4309,61.84065667399108,62.54041570438799,10.13656226201482
4310,61.46059387863113,65.41080344984113,8.570402289240608
4311,60.69457256810943,68.17979528259902,7.913463223329441
4312,58.95925141286864,69.50021358393849,8.001703435967249
4313,58.95925141286864,73.72917556599744,8.859200156186986
4314,58.95925141286864,78.12900469884664,11.622704858067703
4315,58.45038902505709,76.51483493522775,12.000200556130451
4316,57.8563072244431,79.16836526701998,14.28068705911301
4317,57.17360602203227,81.59460531535105,16.499902213854156
4318,57.8816122348318,83.40559716200237,18.07775129044406
4319,58.46070764270795,83.01294625343272,18.22976333923776
4320,57.843889817536855,80.85594191822697,16.949637102594703
4321,55.619300587403366,77.25447243519532,13.477984520236657
4322,55.619300587403366,72.98284045271997,11.12714579078303
4323,56.78486299318073,70.75084049308929,10.388174527798284
4324,56.78486299318073,66.67911841613747,8.232728814664526
4325,56.78486299318073,62.75681733283526,6.43077477887705
4326,56.78486299318073,58.983937243182666,6.6952802062488015
4327,56.78486299318073,67.61299962644752,8.039585061482828
4328,56.78486299318073,67.61299962644752,7.8896606976463834
4329,57.944310747729766,67.08715596330275,7.437959642515572
4330,59.96360930191346,65.88,6.727779058969146
4331,61.687165916734976,64.4648829431438,6.271318702784331
4332,62.46076669116518,61.554891072191374,6.320647473384846
4333,62.46076669116518,50.23494233233661,16.12329084989333
4334,62.46076669116518,49.893208030756085,16.90289068997902
4335,62.46076669116518,50.27765912003417,17.179537001193115
4336,62.46076669116518,61.59760785988894,5.85625619935875
4337,61.333388364353624,64.37213183145599,4.605531667385164
4338,58.580813156278786,65.52683896620279,3.849848522206351
4339,57.78766193767613,68.39237057220708,2.07953176701518
4340,56.86280531414198,70.38012796386903,1.3553586973773404
4341,55.829661110381956,72.1758082092263,1.162021555050309
4342,55.095306672068354,72.48677248677248,1.1601533011882965
4343,54.27670465752892,72.85470085470085,1.4744491081872273
4344,53.36939256217861,73.27158451869005,1.508328753662522
4345,53.23089461203852,73.19621286320601,1.5015546551131285
4346,55.81489237286101,72.8444003964321,1.4902566947545401
4347,57.20845987312592,72.42414138046016,1.2459078351823498
4348,59.160909078844035,72.05783456624076,1.0689612487318036
4349,60.683920483248734,71.7479674796748,0.8903253486160955
4350,61.15793968595042,71.22961956521739,0.6930654699026728
4351,61.15793968595042,70.65217391304348,0.8035922183664046
4352,61.15793968595042,70.65217391304348,0.8572126603906042
4353,61.15793968595042,70.65217391304348,0.9596027598325697
4354,61.15793968595042,70.92391304347827,0.9870302411298455
4355,61.15793968595042,71.56929347826087,0.8479854361057975
4356,61.38701429650249,71.49182561307902,0.9797377671923572
4357,61.38701429650249,71.49182561307902,1.5252123350896694
4358,61.1579396859504,71.56929347826087,2.4295521378000977
4359,60.68980424183391,71.72297297297297,3.3569971043757842
4360,59.95972089077379,72.18498659517427,4.526806543398179
4361,58.92351837534929,72.84482758620689,5.535337110148795
4362,57.49108675474778,73.42931937172774,6.805140697173548
4363,55.41652193053785,73.9368556701031,7.697275434933367
4364,54.07846957737396,74.01166558651977,8.211777139871804
4365,54.77447799338367,73.7508327781479,8.81140771131232
4366,55.39677486674537,73.54750512645249,9.011012902305168
4367,55.947825032799926,73.40797760671798,9.131690054256724
4368,56.429698029666014,73.33809864188706,9.304416298308785
4369,56.84412245363248,73.34304442825929,9.344345213885102
4370,57.19252794549058,73.42709104367135,9.722393572664073
4371,57.47607764690619,73.5933983495874,10.266300468008305
4372,57.69569313514675,73.84382107657316,10.645310032644655
4373,57.8520732644912,74.17876241405654,10.9017488704777
4374,57.94570792543073,74.59708365310821,11.218779910630838
4375,57.976887421960264,71.32974634896233,12.654510921459632
4376,57.94570792543073,74.86569455103607,11.825704766858447
4377,57.852073264491196,78.6096256684492,9.12003151840641
4378,57.69569313514674,82.22137983320698,6.727122664261215
4379,56.11900758517958,83.08984660336012,6.373798203572049
4380,55.872442076545354,86.4259927797834,4.55240452186713
4381,55.562826284173475,89.57295373665481,4.612485925009763
4382,57.24260061866617,92.34073013600573,5.458024580540098
4383,54.97798054900047,89.42807625649914,4.79943307158795
4384,55.583033194037206,86.9882026370576,4.941791949856282
4385,56.988465554765945,86.3314447592068,5.2843672250891345
4386,58.116811572378616,82.37202595529921,8.277456127093869
4387,57.492313053018144,80.2317415730337,10.18098782788631
4388,56.79174062423133,78.25938566552901,12.33336223833419
4389,56.01194939352491,75.99337748344371,14.748842290982513
4390,54.011297875898634,86.97718631178707,4.825685652197341
4391,51.66242490784271,87.57575757575758,4.748720278370043
4392,48.71442822180408,88.03592120509849,4.725712597458992
4393,47.78967933108704,88.23694553621561,4.848374711948799
4394,46.7789856228631,88.45108695652173,4.873116627093994
4395,45.67677541414778,88.67577509196006,4.938143480076112
4396,44.47624023636566,88.90862944162437,4.926084357482129
4397,43.16892861344323,89.14747672709456,4.701068495600641
4398,41.744133624220524,89.39035916824197,4.59926663793717
4399,40.18792473308747,89.63553530751709,4.372151209881984
4400,38.48152134503985,89.88147497805092,4.11240314524186
4401,36.59833072469888,90.12684989429175,3.926831213295187
4402,34.49790794231406,90.63517915309447,3.6320123327985034
4403,32.11132960464932,91.04272834182673,3.5460777514581747
4404,29.293094193646507,91.35849056603773,3.58659902911513
4405,25.357495004921606,91.59099164547766,3.8749554751973894
4406,21.850181584661815,91.86066865044636,4.2451810481389085
4407,18.98651110098076,92.13236535539423,4.698961305821159
4408,15.00632659294307,92.33023937469467,5.255391939223305
4409,12.90654118537369,92.69176248228068,5.853591628202653
4410,10.56238440142864,92.97791317593298,6.778617248474606
4411,10.56238440142864,92.97791317593298,7.409392908129315
4412,10.56238440142864,92.97791317593298,8.04823376129312
4413,10.56238440142864,92.97791317593298,8.695753019789473
4414,10.56238440142864,92.97791317593298,9.352600996917111
4415,12.292933779892172,92.90142591444513,9.9366115444356
4416,15.192578502847786,92.66688061617458,10.245069938694886
4417,17.662112326101827,92.35880398671097,10.710177167439031
4418,19.847096694802897,91.97042640990371,11.484546101510949
4419,19.847096694802897,88.41127922971114,11.420410772197918
4420,19.847096694802897,84.92090784044017,10.29166833630277
4421,20.855790269389967,82.91061745670807,9.479211645960788
4422,22.733687073233053,82.40723981900453,9.341976506507212
4423,24.451113112970642,81.7075454034825,9.218366806128829
4424,26.03032852444355,80.90997095837366,8.831814772580522
4425,27.48750345637796,80.12807684610766,8.386796239993075
4426,28.834887820443416,79.47074633037006,8.068687205866771
4427,31.679880591350365,78.88531618435155,7.846000541719853
4428,34.77619625422356,78.30841330060254,7.582331870053037
4429,37.27694121364289,77.63066202090593,7.6324018436866625
4430,39.433192707335884,76.84312303601644,7.492920054777239
4431,41.34127828821534,76.13779230575811,7.586985836876572
4432,43.05296748245922,75.6078431372549,7.739884780038504
4433,44.600622644741854,75.08829122521054,7.884082005406396
4434,46.006347154341455,74.5839210155148,8.063328743507888
4435,47.28614378258814,74.10008779631255,8.153348187448152
4436,48.45208345705408,73.64270548983924,8.324287313990315
4437,49.51354867010932,72.59026687598116,8.592095747432623
4438,49.51354867010932,68.47723704866561,9.725482972464523
4439,49.51354867010932,55.88697017268446,18.53111703777094
4440,49.51354867010932,55.88697017268446,19.129901581446866
4441,49.51354867010932,68.4458398744113,9.6260727557052
4442,49.51354867010932,72.55886970172685,7.289700707929338
4443,48.99537091420995,75.49382716049382,5.470470398384842
4444,48.99537091420995,79.78395061728395,2.3279497416343844
4445,46.63610670559575,80.56704075605434,3.0727924894521697
4446,43.67798356025963,81.21468926553672,4.546587545623695
4447,41.536495228946784,81.49171270718232,6.016573291325648
4448,41.536495228946784,81.49171270718232,6.375582891645882
4449,41.536495228946784,81.49171270718232,6.813644413966608
4450,41.536495228946784,81.49171270718232,7.46434864386505
4451,41.536495228946784,81.49171270718232,8.456653935472742
4452,41.536495228946784,81.49171270718232,10.438877053664068
4453,41.536495228946784,81.49171270718232,11.908444142529767
4454,41.536495228946784,81.49171270718232,13.087268534362636
4455,41.536495228946784,81.49171270718232,14.033770328773063
4456,41.536495228946784,81.49171270718232,14.842120682322598
4457,41.536495228946784,81.49171270718232,15.547741719364597
4458,42.0801587722137,80.78651685393258,15.78290348686259
4459,43.096581749838016,79.48345908299477,15.073757228519112
4460,44.02341433785071,77.8443113772455,13.999225283115296
4461,44.8656689249374,76.03331276989513,12.828415046901446
4462,45.62750436637262,75.6027918781726,12.651908111197503
4463,46.31239476703524,74.7557003257329,12.293109250507625
4464,46.62691523272315,72.5263852242744,11.289259350543453
4465,46.62691523272315,68.53562005277045,9.290110681050685
4466,46.62691523272315,64.67678100263852,6.74489690970024
4467,46.62691523272315,61.147757255936675,5.354187210132934
4468,48.704246999299066,69.63562753036437,9.371695557698185
4469,51.53140232304609,68.48976711362033,8.403458792844098
4470,52.69696472882345,65.72871572871573,6.639076724587992
4471,52.69696472882345,61.58008658008658,5.281217041917967
4472,52.69696472882345,51.695526695526695,12.254841077793369
4473,54.20537470439131,53.57811914574747,10.62417457663901
4474,55.02917593805558,55.07918115102356,10.527050354991015
4475,58.00408038684272,56.888888888888886,9.699721267063097
4476,60.21851416909643,58.17128671907323,9.64144403729985
4477,61.801441738895136,59.31558935361217,10.149499465427379
4478,63.00052194990838,60.043010752688176,10.242867533271063
4479,64.25402871676022,62.16216216216216,9.42307943475273
4480,65.6387668132186,65.64956079519186,8.254480733492382
4481,66.84978113486449,69.37891189215215,6.621580485294011
4482,67.2786618943034,69.17841516771998,7.35580920457868
4483,67.53203647938035,69.09535452322739,8.019192786322806
4484,67.61586255892676,68.98579127878492,8.703728131833898
4485,67.53203647938035,70.75794621026895,8.229228763669882
4486,67.2786618943034,72.43558580456977,8.450789747634644
4487,66.84978113486449,74.00096292729899,8.386082366783109
4488,66.71691647836637,74.38848920863309,8.839004779435964
4489,66.44930127799168,74.86910994764398,9.262174429730138
4490,66.04299761156712,75.43529411764706,9.356348009805636
4491,65.49164473285971,76.0778859527121,9.647467875184885
4492,64.78578879458112,76.78652708238506,9.792195974792547
4493,63.911711548197275,77.55011135857461,9.891914655086591
4494,62.84931782496667,78.92220773576706,9.092755679857648
4495,61.568021655507664,80.12684989429175,8.778654479136282
4496,60.01763369879077,81.1653672548215,8.46372809505723
4497,58.10323923312361,82.04211362733413,8.72847427848928
4498,57.64539368440307,82.85489579237121,8.739688395319398
4499,57.70902600355101,83.19526627218934,9.03766126955905
4500,57.70902600355101,83.58974358974359,9.028853987944059
4501,57.64539368440307,84.03460479748328,9.05825423337878
4502,57.51792441222866,84.52520515826495,8.909605202074616
4503,57.32620494090941,85.05613627564847,8.60069627285593
4504,57.06960525988749,85.62141491395793,8.123448639855763
4505,56.74726585898565,86.21468926553672,7.918545450749433
4506,56.35807974829635,86.82944876063632,7.495357834966757
4507,55.90066825210972,87.45922435665096,7.127760490985876
4508,55.37334917233662,88.09776833156216,6.639211582172674
4509,54.7740953320647,88.73920552677029,6.230078952267181
4510,54.10048067535802,89.3781512605042,5.661396507031306
4511,53.34960987284483,90.00979431929481,5.355085970992202
4512,52.518025527141184,90.62994618550174,4.988422955491027
4513,51.60158417968677,91.23505976095618,4.637001776692901
4514,50.59528766135994,91.82222222222222,4.439502664117798
4515,49.493048541597496,92.98998569384835,4.330692878924094
4516,50.43859683612755,94.06947190059306,4.8812098532410655
4517,52.126922418762405,94.81924281241105,5.725959850439477
4518,53.13047327992501,95.36215287718294,6.776699776680443
4519,53.614887902463266,95.03301751363767,6.822704813676858
4520,53.708948616043436,94.82907210571675,6.989666653080953
4521,53.42404564184057,95.2107829079438,7.825442413065345
4522,52.72371684666232,95.4870037132248,8.806874830423526
4523,51.48469684713242,95.65711041725802,9.346264580406057
4524,49.03744908759304,95.72192513368984,9.884854352552676
4525,48.714643048103106,96.38148667601683,10.866389109863007
4526,47.03117849088451,92.58959849097279,6.612568011515931
4527,45.1506647629542,88.90038809831825,4.524248758929188
4528,43.02136185503813,85.3240625776012,1.9811960502301957
4529,42.911026342200586,83.68241597661958,0.3580442981388825
4530,43.2540325399517,83.72319688109162,0.46465448810017485
4531,43.2540325399517,83.72319688109162,0.6244720058762582
4532,43.2540325399517,83.72319688109162,0.8060035596226993
4533,42.91102634220058,83.68241597661958,1.0180601003502534
4534,42.152104165296045,83.56031128404669,1.1787392044062828
4535,39.813199207810364,83.2969696969697,1.5019531512561486
4536,41.627224075109645,82.98462314091253,1.7725566334946496
4537,43.26292256198415,82.68273513230285,2.0781561683771157
4538,44.74681729194484,82.39455782312925,2.569553713530672
4539,46.09761384206788,82.12369387178764,3.00024357907641
4540,47.329162354933395,81.8740849194729,3.3929646334249925
4541,48.45208345705408,81.64998483469822,3.787295500430776
4542,49.47473583557834,81.45591465327895,4.3699579820189935
4543,50.403828006835255,81.2965964343598,4.8647648647943695
4544,51.244823780677734,81.17686392510866,5.367814403025236
4545,52.00222125208111,81.10154905335628,5.927622149847973
4546,52.67975064777815,81.07534488857446,6.459388575406423
4547,53.28051808085715,81.10264780558578,6.987310329708234
4548,53.80711203783877,81.18738404452691,7.416927979310113
4549,54.26168342619881,81.33282847406285,7.958238818811088
4550,54.64600635183364,81.54142581888247,8.538196669351338
4551,54.96152448415322,81.81462651544778,8.868300393490896
4552,55.20938635807073,82.15275029679462,9.201443701625156
4553,55.39047194723702,82.55489021956087,9.35698186645693
4554,55.50541213806945,83.01886792452831,9.292871436912035
4555,55.55460222702488,83.54124748490946,8.868795395719355
4556,55.538210182582866,84.11741053478086,8.20839018018855
4557,55.45618011079583,84.74169002803364,7.4801481654812925
4558,55.3082311050533,85.40755467196819,6.991651387262055
4559,55.09385142032885,86.10783156237702,6.5396724732362
4560,54.81228766593227,86.83495145631068,6.312317497074972
4561,54.46252843404372,87.58119984715323,6.278350634718943
4562,54.04328144443551,88.3389576302962,6.228397953550379
4563,53.552942848906895,89.10091743119266,6.0861060853942925
4564,52.989556743997234,89.86026513794339,6.117337723724762
4565,52.35076209824748,90.6108202443281,6.037006498162833
4566,51.63372306771341,91.34713267729894,5.998896546595849
4567,50.835036813263464,92.06453737240697,5.926946369194694
4568,49.95061003705439,92.75917065390749,5.916677165759323
4569,48.97549079346957,93.42795433508176,5.552418180651157
4570,47.90363433985606,94.06855439642325,5.099340815029793
4571,47.78967122402864,94.41669115486336,4.801119597108994
4572,48.44897821341018,94.4165435745938,4.739446889060777
4573,48.801143957052034,94.6962962962963,4.706630485653456
4574,48.10195199828879,92.8799767509445,5.831459605603093
4575,46.4378765173895,89.42227183924086,7.457516697489191
4576,44.576290132773686,85.88266809536566,9.751658350171143
4577,43.34203367635709,82.05327126971812,13.936629852048549
4578,41.99555869878857,94.73684210526316,3.314888276733276
4579,40.52471747804615,94.92666506371724,3.151904625709399
4580,38.9134357268752,95.11234653694696,2.9962787338540195
4581,37.13954335540874,95.29333035913452,2.8043369701533765
4582,35.17061568241824,95.6194975305991,2.500167171897047
4583,32.954824863108875,96.011572638975,2.826287687401226
4584,30.3957886972938,96.30145158083118,3.6397764473814687
4585,27.242378669344323,96.49894777118806,3.756123264377751
4586,23.904462317965606,96.73792849244379,4.437950551810954
4587,23.7280783885049,96.95707299402282,4.665796933143434
4588,24.07108458625601,96.99220873346621,4.8862825432348584
4589,22.733687073233053,96.8868778280543,5.109335940861064
4590,23.142110988401935,96.9911183614283,5.3837218415841335
4591,21.086092357161636,93.62856642744617,3.2559309619617154
4592,19.970617635768914,90.19607843137256,4.150939941368572
4593,19.970617635768914,86.67010663914688,5.7238415888672
4594,19.970617635768914,95.04643962848297,4.701293400466156
4595,19.970617635768914,95.04643962848297,5.8386165841282445
4596,19.970617635768914,95.04643962848297,7.2669989687521
4597,19.970617635768914,95.04643962848297,7.755017446356468
4598,19.970617635768914,95.04643962848297,8.233780799599197
4599,19.970617635768914,95.04643962848297,8.745905765469116
4600,21.086092357161636,94.8713460528619,9.111306086855443
4601,22.140881287086387,92.8037050231564,7.448935059747871
4602,22.140881287086387,89.11649447809049,6.49390068362978
4603,22.140881287086387,85.50053437833986,5.544943826284036
4604,22.140881287086387,82.1161382258639,5.542797554405641
4605,23.191920759031145,90.95358955765047,9.191013840440473
4606,27.127519947756042,90.58380414312617,9.840963579313158
4607,29.945755358758863,90.12128325508607,10.480075090048716
4608,32.332333696423596,89.55709061357172,11.818969790303553
4609,34.43275647880842,88.88185654008439,12.62293233584334
4610,36.31594709914938,88.45816907577749,13.275257442692109
4611,38.14259213751734,87.83261314532636,13.412099968448326
4612,39.90789086559891,86.91235530356721,13.588290907528126
4613,40.72792705974961,84.25613866153105,11.119901111929918
4614,40.72792705974961,80.0433317284545,7.980037206952044
4615,40.72792705974961,76.14347616754935,5.678148308444201
4616,40.72792705974961,72.17140105922003,5.484009906133343
4617,40.72792705974961,80.42850264805007,9.06833269837308
4618,40.72792705974961,80.42850264805007,9.490814891113958
4619,41.51038903949644,79.81358842285995,9.332159348917312
4620,43.06442111678408,78.45134997452878,8.608496357389303
4621,44.56702047407944,76.95767195767196,7.706628766098347
4622,45.93697245168725,75.28830313014826,7.102943789699569
4623,48.723075555512146,73.79113018597997,6.693959457442012
4624,51.69119776639369,72.47678945792153,6.690851402154447
4625,54.06071911631391,70.98088373550611,6.5020438590324
4626,56.08256976820095,69.288757784333,5.578771191897003
4627,59.74764111501907,67.71084337349397,4.977872281541435
4628,62.28900401127495,60.607155764365736,5.486824610788674
4629,64.39205716907435,63.29161926431551,4.9598541829183285
4630,66.20197087743519,66.36182902584493,4.743854402136832
4631,67.78731163912873,70.2207413577676,5.269907293298429
4632,67.42641795755651,70.85927770859277,5.521386482833565
4633,66.66232873005633,71.42268041237114,5.607893876605017
4634,65.36838077104984,71.82523478971008,5.89820420771176
4635,66.42254678768708,70.70063694267516,6.05043388006258
4636,67.36297260514522,69.59012780960775,5.503118996089671
4637,68.19771198991496,68.5075308078503,4.87171620070505
4638,68.93314028128442,67.46817538896747,4.691885561314738
4639,69.57435623422474,66.48858669256921,4.711936701752358
4640,70.12545678685895,65.5860349127182,5.123912929251997
4641,70.58972995508502,64.77794793261869,5.578347104301298
4642,70.96979275044498,64.08120770432066,6.0801887622000415
4643,71.26769074776858,63.51136964569011,6.476765598390394
4644,71.48496987851291,60.51364365971108,8.128344335742502
4645,71.6227272955135,64.4743935309973,6.334362460842292
4646,71.68164574681117,68.84802595997837,4.681019020542211
4647,71.66201425714183,73.1496488384657,4.754962214559175
4648,70.71043283477805,75.30088958660387,5.518266639613133
4649,69.58960922629284,77.16018191005558,6.572660572352326
4650,69.0080498194197,77.9652605459057,7.4697838832955155
4651,69.51457202919784,77.10115752390539,6.815107952111135
4652,69.91593693196086,74.02333840690005,5.0532342068255565
4653,69.64843114553963,69.53476738369184,3.3019575933871432
4654,69.30233768766388,65.55282555282555,3.5029148247370085
4655,68.87595266238947,61.32756132756133,5.933856074923046
4656,68.99278977532889,73.40680402491614,3.35405645609615
4657,69.57435623422474,72.17095677513356,2.8323498707562598
4658,69.98077539763165,72.92790583619421,3.215487386441311
4659,69.76249570470105,72.00968523002422,2.686131628629924
4660,69.44136535081756,71.29232236528374,2.382248731910537
4661,66.85736758999508,70.08907641819034,1.7757121815923642
4662,66.90038616234033,68.23087752229,1.758778079264744
4663,66.77107676923725,68.03930744033693,1.9830203592521523
4664,66.46633075828304,67.59646675964667,2.95370941618188
4665,65.97843520596781,68.38472158306489,3.588310620147762
4666,65.43482130039648,68.6587591240876,4.4418772205573385
4667,65.43482130039648,68.6587591240876,5.3106003494398575
4668,65.43482130039648,67.97445255474453,6.166951498767721
4669,65.43482130039648,69.29744525547446,6.0679107349572075
4670,65.43482130039648,70.8029197080292,5.439390476811811
4671,65.43482130039648,72.49087591240875,5.322956508152612
4672,64.08916561400044,72.89803220035778,5.1211541634007
4673,62.27076890583442,73.20804195804196,5.227840504923419
4674,61.44624739840628,73.15292096219932,5.327901854775106
4675,60.411962094373784,73.1902356902357,5.405996511318987
4676,59.13005067461108,73.84868421052632,5.277384015270279
4677,57.53386046673061,74.39903846153847,5.145626817092943
4678,55.47989950677518,74.84423676012462,5.000040807883682
4679,52.564579293427066,74.45755614769699,5.18162889830412
4680,49.86395694881073,73.62307980517048,5.552403551496529
4681,49.86395694881073,73.28587485949794,5.692277123970576
4682,49.86395694881073,73.28587485949794,5.742942601692065
4683,49.86395694881073,73.62307980517048,5.690684314812345
4684,49.34977150751831,80.28792912513843,2.689785626296131
4685,48.72278479685184,82.00943054044251,3.5962014550674306
4686,47.97663266466416,83.5407038748667,5.081685429594181
4687,47.61702306153028,84.27362482369534,6.270678638571998
4688,48.13742391278419,83.63180515759312,5.7975650636956075
4689,48.99618570873961,82.14548126377663,4.622317385789675
4690,48.99618570873961,78.58192505510654,2.3536336340967776
4691,48.99618570873961,75.16531961792799,3.6191746197680508
4692,48.99618570873961,72.22630418809699,5.430073777960618
4693,48.99618570873961,77.11241734019103,3.3938952570685816
4694,48.99618570873961,77.11241734019103,3.4410478982647112
4695,48.99618570873961,77.11241734019103,3.618725002547114
4696,48.99618570873961,77.11241734019103,3.9391072467137778
4697,48.99618570873961,77.11241734019103,4.271610828913885
4698,48.99618570873961,77.11241734019103,4.635141267009445
4699,48.99618570873961,77.11241734019103,5.031679706540919
4700,48.99618570873961,77.11241734019103,5.625105803587345
4701,48.99618570873961,77.11241734019103,6.256949804311958
4702,48.99618570873961,77.11241734019103,6.845439175745601
4703,48.99618570873961,77.11241734019103,7.326700481753801
4704,48.99618570873961,77.11241734019103,7.730331052877805
4705,48.99618570873961,77.11241734019103,7.926543835402101
4706,48.99618570873961,77.11241734019103,8.000337565252812
4707,48.99618570873961,72.22630418809699,10.310312358347566
4708,48.99618570873961,75.42248346803821,8.684766839313017
4709,48.99618570873961,78.54518736223365,6.583827853383919
4710,48.99618570873961,82.10874357090374,4.882426161546146
4711,48.13742391278419,83.63180515759312,4.814778255562651
4712,47.15548420169039,84.94773519163763,5.369186994999073
4713,47.66249531064282,76.74911660777386,7.346773124170593
4714,48.581600028561574,78.80986937590711,6.0731804247267585
4715,49.382200518786824,80.74349442379182,5.776789540547097
4716,50.072001170750404,82.52279635258358,6.795381501397272
4717,50.072001170750404,82.82674772036474,7.765273209673959
4718,50.072001170750404,83.54863221884499,8.731073222440024
4719,50.072001170750404,84.4224924012158,9.43830726029128
4720,50.656987927088984,87.10302091402014,12.36744327423126
4721,50.656987927088984,88.22618125484121,13.1272575729309
4722,50.93652577833709,88.50215095815409,13.593822920519905
4723,51.424004709122414,87.8233187425388,13.553282530363733
4724,51.818715561388984,87.16188938231731,13.640456670817604
4725,51.982112009113045,84.15922014622258,11.05591895064703
4726,52.24227105362783,81.58326497128795,8.99589893634751
4727,52.33943183283929,78.63318237958008,6.537332580370039
4728,52.33943183283929,75.54549197200494,4.75440537491283
4729,52.33943183283929,72.95183202964182,4.415317742051129
4730,52.33943183283929,70.27583367641004,4.846895362731333
4731,52.33943183283929,74.59860024701523,5.522724221804068
4732,52.33943183283929,74.59860024701523,5.918983193541691
4733,52.41485269514351,73.28654004954583,6.191328522403868
4734,52.50088983983401,70.58823529411765,6.591898568451405
4735,52.50088983983401,67.72990886495444,7.942363874854942
4736,52.50088983983401,64.0016570008285,11.029335050936352
4737,52.50088983983401,64.0016570008285,11.779702473230692
4738,52.50088983983401,67.72990886495444,9.49670252361343
4739,52.50088983983401,70.58823529411765,8.590602156693656
4740,52.41485269514351,73.28654004954583,8.269645879795608
4741,52.33943183283929,74.59860024701523,8.239320696316994
4742,52.33943183283929,74.59860024701523,8.638011389107158
4743,52.33943183283929,74.59860024701523,9.04183151803997
4744,52.33943183283929,74.59860024701523,9.451302027559333
4745,52.33943183283929,71.59324825030878,10.834335407569453
4746,52.33943183283929,74.06340057636888,10.520720014768417
4747,52.33943183283929,77.06875257307534,9.080822793995567
4748,52.33943183283929,80.23878139151914,6.64074533998019
4749,52.12322468517732,82.8909759085341,4.890867159705966
4750,51.99958526956265,84.10569105691057,4.216948185324772
4751,51.982112009113045,84.03736799350122,4.5811533151289865
4752,51.89466108088629,84.0210355987055,4.918703807361261
4753,51.73689190245995,84.05622489959839,5.218113559742337
4754,51.50818298602331,84.14149443561209,5.467879716067306
4755,51.20761695487351,84.27450980392157,5.812974202515797
4756,50.833957694784736,84.45216049382717,6.218297642780847
4757,50.38561816243023,84.67070401211204,6.233308382647794
4758,49.860616634264126,84.92592592592592,6.4639788730662175
4759,49.256518138805156,85.21330441070137,6.195732508000648
4760,48.57035628745246,85.52816901408451,6.325313736419033
4761,47.79852839228426,85.86584531143053,6.290332939910539
4762,46.93665308932677,86.22177954847278,6.411898082997301
4763,45.979373680272914,86.59163987138264,6.592261322225459
4764,44.92008017018389,86.97139303482587,6.581006691218824
4765,43.75050469828631,87.35735735735736,6.840441249398882
4766,42.46011055086956,87.74623406720741,7.320452323636729
4767,41.03512526923564,88.13512004466779,7.479262845424646
4768,39.45691533317966,88.52150537634408,7.7198154156179
4769,37.69902507993819,88.90325918261769,7.9045342800531895
4770,35.72113753882612,89.60199004975124,7.336952325408073
4771,33.45444895403058,90.17216642754663,7.153053869105891
4772,30.753569830843247,90.625,7.011420059706782
4773,26.93289850795841,90.97130242825607,7.128386843029691
4774,26.015081118337765,91.4733676975945,7.095932827840051
4775,25.023343318765146,91.9624217118998,7.291092650147509
4776,23.95366556494953,92.43714517437145,7.435850275882929
4777,22.801281187968055,92.896497441952,7.237997495215508
4778,21.560476599048872,93.33969465648855,7.13487563529307
4779,20.224310574212893,93.76618571957084,6.902764783280578
4780,18.784207260408554,94.17562724014337,6.16705601588468
4781,17.229343045866873,94.6893439777855,6.01589027079072
4782,15.545677768839417,95.24529569892474,5.6246444234630095
4783,13.714327712531832,95.70731707317073,5.15991096461354
4784,11.708603018542624,96.0824417872876,4.952500475869894
4785,10.628513950700318,97.98823893531414,3.8016486636751727
4786,8.277414821209574,98.20359281437126,3.745697377125822
4787,5.585587984398128,98.33478134955112,3.694369823799517
4788,5.585587984398128,98.33478134955112,3.678067003150546
4789,5.585587984398128,98.33478134955112,3.633473575009285
4790,5.585587984398128,89.60324355632783,10.559063493404908
4791,5.585587984398128,92.86128004633652,8.154527935254913
4792,5.585587984398128,96.17723718505647,4.447166407090854
4793,5.585587984398128,99.5511149724877,3.1091002542835757
4794,2.3018127375216824,99.6078431372549,3.0515829639967054
4795,-0.0,99.61432506887053,3.019273106626882
4796,-0.0,99.61432506887053,3.006400313355846
4797,-0.0,99.61432506887053,3.0101784154537423
4798,2.3018127375216824,99.6078431372549,3.0281630662436334
4799,5.585587984398128,99.5511149724877,3.049001169826464
4800,8.277414821209574,99.4311377245509,3.076406033131202
4801,10.628513950700318,99.24172082946457,3.087675068085585
4802,12.735365131348061,99.10428662827896,3.119199535388168
4803,14.649899564050445,99.07438016528926,3.1552872209071623
4804,16.404651553922076,99.04371584699453,3.1993067541273916
4805,19.482070142622693,99.00990099009901,3.2413274168944537
4806,22.66635388776375,98.91743119266054,3.2846960050967033
4807,24.79110410330733,98.55568225009502,3.270409815423017
4808,26.256188548621953,97.89866457187746,3.2512145843373537
4809,27.61164303898276,97.11967545638946,3.2105400245176905
4810,27.61164303898276,93.20486815415822,5.15234435490842
4811,27.61164303898276,89.3711967545639,7.533215101386043
4812,27.61164303898276,85.61866125760649,10.37325890544271
4813,27.61164303898276,95.4158215010142,2.045803226709588
4814,27.61164303898276,95.4158215010142,2.045803226709588
4815,27.61164303898276,95.4158215010142,2.045803226709588
4816,27.61164303898276,95.4158215010142,2.045803226709588
4817,27.61164303898276,95.4158215010142,2.045803226709588
4818,27.61164303898276,95.4158215010142,2.045803226709588
4819,27.61164303898276,95.4158215010142,2.045803226709588
4820,27.61164303898276,95.4158215010142,2.045803226709588
4821,27.61164303898276,95.4158215010142,2.045803226709588
4822,27.61164303898276,95.4158215010142,2.045803226709588
4823,27.61164303898276,95.4158215010142,2.045803226709588
4824,27.61164303898276,95.4158215010142,2.045803226709588
4825,27.61164303898276,95.4158215010142,2.045803226709588
4826,27.61164303898276,95.4158215010142,2.045803226709588
4827,27.61164303898276,95.4158215010142,2.045803226709588
4828,27.61164303898276,95.4158215010142,2.045803226709588
4829,27.61164303898276,95.4158215010142,2.0436894641088648
4830,27.61164303898276,95.4158215010142,2.0414507296085227
4831,27.61164303898276,95.4158215010142,2.0390633793068123
4832,27.61164303898276,95.4158215010142,2.0390633793068123
4833,27.61164303898276,95.4158215010142,2.0390633793068123
4834,27.61164303898276,95.4158215010142,2.0367462618303303
4835,27.61164303898276,95.4158215010142,2.3120355094710354
4836,27.61164303898276,95.4158215010142,2.2788809459226247
4837,27.61164303898276,95.4158215010142,2.2256298669706513
4838,27.61164303898276,95.4158215010142,2.4471884582237435
4839,27.61164303898276,95.4158215010142,2.6675494841258125
4840,27.61164303898276,95.4158215010142,2.8935407210443067
4841,27.61164303898276,95.4158215010142,3.1292796583896356
4842,27.61164303898276,95.4158215010142,3.3863216976456267
4843,27.61164303898276,95.4158215010142,3.6482577751497343
4844,27.61164303898276,95.4158215010142,3.908434264660337
4845,27.61164303898276,95.4158215010142,4.161913828228353
4846,27.61164303898276,95.4158215010142,4.398702817296415
4847,27.61164303898276,95.4158215010142,4.615196807983496
4848,27.61164303898276,95.4158215010142,4.820346116425187
4849,27.61164303898276,95.4158215010142,5.012219264799418
4850,27.61164303898276,95.4158215010142,5.191219319320045
4851,27.61164303898276,95.4158215010142,5.359251702169879
4852,27.61164303898276,95.4158215010142,5.514322612497895
4853,27.61164303898276,95.4158215010142,5.6633334158976005
4854,27.61164303898276,95.4158215010142,5.810359614573271
4855,27.61164303898276,85.61866125760649,13.379127088555876
4856,27.61164303898276,89.3711967545639,10.986865583895861
4857,27.61164303898276,93.20486815415822,8.373178935389639
4858,27.61164303898276,97.11967545638946,3.8277212378313936
4859,26.256188548621953,97.4076983503535,3.8075766730516887
4860,24.79110410330733,97.68148992778411,3.7647662677138882
4861,23.20413352278737,97.94117647058823,3.716578707011722
4862,21.47910074972908,98.41805901173124,3.47793896594888
4863,19.593740072614466,98.79725085910653,3.2949705501666426
4864,17.515536850719048,99.08668216539355,3.268850318728456
4865,15.192578502847788,99.29396662387677,3.209622006775371
4866,12.292933779892172,99.39553626782393,3.1935586790951747
4867,8.277414821209574,99.4311377245509,3.1753167043599153
4868,5.585587984398128,99.5511149724877,3.148016176530633
4869,2.3018127375216824,99.6078431372549,3.0988622827787444
4870,-0.0,99.61432506887053,3.0989635472975734
4871,-0.0,99.61432506887053,3.0989635472975734
4872,-0.0,99.61432506887053,3.0989635472975734
4873,-0.0,99.61432506887053,3.0989635472975734
4874,-0.0,99.61432506887053,3.0989635472975734
4875,-0.0,99.61432506887053,3.0989635472975734
4876,-0.0,99.61432506887053,3.0989635472975734
4877,-0.0,99.61432506887053,3.0989635472975734
4878,-0.0,99.61432506887053,3.0989635472975734
4879,-0.0,99.61432506887053,3.095094572481881
4880,-0.0,99.61432506887053,3.091136353228521
4881,-0.0,99.61432506887053,3.0871044243497363
4882,-0.0,99.61432506887053,3.0830132752072488
4883,-0.0,99.61432506887053,3.078876038894932
4884,-0.0,99.61432506887053,3.074241350543537
4885,-0.0,99.61432506887053,3.0655325315664115
4886,-0.0,99.61432506887053,3.0485062757087418
4887,-0.0,99.61432506887053,3.018898166618424
4888,-0.0,99.61432506887053,2.9808957706242576
4889,-0.0,99.61432506887053,2.941925648096891
4890,-0.0,99.61432506887053,2.902023507513118
4891,-0.0,99.61432506887053,2.861189162618137
4892,-0.0,99.61432506887053,2.8157327980608295
4893,-0.0,99.61432506887053,2.7606294299550704
4894,-0.0,99.61432506887053,2.703081036053256
4895,-0.0,99.61432506887053,2.6375917958345063
4896,-0.0,99.61432506887053,2.4765695619675525
4897,-0.0,99.61432506887053,2.307853787841523
4898,-0.0,99.61432506887053,2.1731473855704424
4899,-0.0,99.61432506887053,2.1040905216214787
4900,-0.0,99.61432506887053,2.2581706807222686
4901,-0.0,99.61432506887053,2.94115175619539
4902,-0.0,99.61432506887053,4.073069045170277
4903,-0.0,99.61432506887053,5.506048514322426
4904,2.3018127375216824,99.6078431372549,5.662255434069751
4905,5.585587984398128,99.5511149724877,5.8015454266007005
4906,8.277414821209574,99.4311377245509,5.958913593167517
4907,10.628513950700318,99.24172082946457,6.090952000537419
4908,12.735365131348061,99.10428662827896,6.273706290958113
4909,14.649899564050445,99.07438016528926,6.474905466956269
4910,16.404651553922076,99.04371584699453,6.677770589072621
4911,19.482070142622693,99.00990099009901,6.855419450166955
4912,22.66635388776375,98.91743119266054,7.03136938741338
4913,25.256875329446316,98.74333587204875,7.148335336853724
4914,29.16920753430033,98.673792557403,7.321123152373987
4915,31.963712838482717,98.51851851851852,7.472722377233613
4916,33.186957619943385,96.39186070904132,6.160935628478737
4917,33.940333817629075,94.04482390608324,4.46267651140101
4918,35.3567356480437,93.24055666003976,4.054137772893571
4919,36.662492575393664,92.30066255426091,3.8551071863315984
4920,37.78046865508339,90.02563505010487,3.843462384442418
4921,37.78046865508339,85.99394080633886,4.999075495328151
4922,37.78046865508339,82.05546492659055,8.947317766708801
4923,37.78046865508339,78.21020741085994,12.700323396661194
4924,37.78046865508339,90.11885341412258,2.28788184231011
4925,37.78046865508339,90.11885341412258,2.28788184231011
4926,37.78046865508339,90.11885341412258,2.28788184231011
4927,37.78046865508339,90.11885341412258,2.28788184231011
4928,37.78046865508339,90.11885341412258,2.28788184231011
4929,37.78046865508339,90.11885341412258,2.28788184231011
4930,37.78046865508339,90.11885341412258,2.28788184231011
4931,37.78046865508339,90.11885341412258,2.28788184231011
4932,37.78046865508339,90.11885341412258,2.28788184231011
4933,37.78046865508339,90.11885341412258,2.28788184231011
4934,37.78046865508339,90.11885341412258,2.28788184231011
4935,37.78046865508339,90.11885341412258,2.28788184231011
4936,37.78046865508339,90.11885341412258,2.28788184231011
4937,37.78046865508339,90.11885341412258,2.245382623315264
4938,37.78046865508339,90.11885341412258,2.1299057526917173
4939,37.78046865508339,90.11885341412258,1.966973846591949
4940,37.78046865508339,90.11885341412258,1.8013584865137051
4941,37.78046865508339,90.11885341412258,2.805484855502785
4942,37.78046865508339,90.11885341412258,3.158639968677431
4943,37.78046865508339,90.11885341412258,3.243962198185183
4944,37.78046865508339,90.11885341412258,3.256041529828672
4945,37.78046865508339,90.11885341412258,3.3682918093258567
4946,37.78046865508339,90.11885341412258,3.7491690970180294
4947,37.78046865508339,90.11885341412258,4.468285296463953
4948,37.78046865508339,90.11885341412258,4.573367033629359
4949,37.78046865508339,90.11885341412258,4.692665562886195
4950,37.78046865508339,90.11885341412258,4.83481096346154
4951,37.78046865508339,90.11885341412258,4.998855243990527
4952,37.78046865508339,90.11885341412258,5.160581314748326
4953,37.78046865508339,90.11885341412258,5.327615827532428
4954,37.78046865508339,90.11885341412258,5.511355067237195
4955,37.78046865508339,90.11885341412258,5.70654154028306
4956,37.78046865508339,90.11885341412258,5.904304934463966
4957,38.390549769709146,89.57345971563981,6.208951533386898
4958,39.538721262082504,88.3692458374143,6.384813514714593
4959,40.59646482362921,87.00707785642062,6.828045790088478
4960,41.56940497145398,85.47966631908238,7.8514701940475025
4961,42.46221323282821,75.7250268528464,14.916888197742702
4962,43.278807375266574,79.14364640883979,13.132455329036622
4963,44.022496738348984,82.69012485811578,11.182123752332705
4964,44.696090525409964,86.35040745052386,8.69441716858249
4965,44.022496738348984,82.633371169126,12.160404334163214
4966,43.278807375266574,79.03314917127072,15.573459463099361
4967,42.46221323282821,75.56390977443608,18.765514610732318
4968,41.56940497145398,85.6621480709072,10.1376250293472
4969,40.59646482362921,87.23458038422649,9.04668039929725
4970,39.538721262082504,88.63858961802154,8.776922445988955
4971,38.390549769709146,89.88151658767772,8.368098481789898
4972,35.898492382573856,90.35047792444242,8.357306749938102
4973,32.81067844365119,90.71241258741259,8.163487217397286
4974,29.470481892234403,91.09243697478992,8.158307144421237
4975,26.927668756756148,91.4880711686211,7.904271430135745
4976,23.790157254822645,91.78988326848248,7.92746638989424
4977,23.790157254822645,95.62256809338521,3.6617079998102375
4978,22.46182281079112,96.4555052790347,3.1132917757228893
4979,21.029399731006155,97.16946676406135,1.916369288495162
4980,18.021907601211858,97.53086419753086,1.7336964078794725
4981,18.021907601211858,97.53086419753086,1.5899700314503873
4982,18.021907601211858,97.53086419753086,1.4685884371361098
4983,18.021907601211858,97.53086419753086,1.3432756077482118
4984,18.021907601211858,97.53086419753086,1.2148994775468651
4985,18.021907601211858,97.53086419753086,1.0837272199873964
4986,18.021907601211858,97.53086419753086,0.9512502639350783
4987,18.021907601211858,97.53086419753086,0.8185639053435864
4988,18.021907601211858,97.53086419753086,0.689477303526439
4989,18.021907601211858,97.53086419753086,0.571076193911393
4990,18.021907601211858,97.53086419753086,0.47420639831744155
4991,18.021907601211858,97.53086419753086,0.42536509807106365
4992,18.021907601211858,97.53086419753086,0.4674043148749224
4993,18.021907601211858,97.53086419753086,0.6049031567224239
4994,18.021907601211858,97.53086419753086,2.555485219647069
4995,18.021907601211858,97.53086419753086,3.164443261557074
4996,18.021907601211858,97.53086419753086,3.4215099137351173
4997,18.021907601211858,97.53086419753086,3.545346690791171
4998,18.784207260408554,97.24014336917563,3.6574893407767015
4999,20.224310574212893,96.57787643359231,3.1063939241314213
5000,21.560476599048872,95.80152671755725,2.9548123329602216
5001,22.801281187968055,94.90358126721763,2.878459300768797
5002,23.95366556494953,95.45823195458232,3.4182180790787373
5003,25.023343318765146,95.32359081419624,3.3071383964623364
5004,26.015081118337765,95.18900343642612,3.3613684695174437
5005,26.93289850795841,95.0551876379691,3.461938026750609
5006,27.780213871684996,94.92293744333635,3.502761060798843
5007,28.559953434951797,94.79311947931195,3.7545982647090197
5008,29.274634183635822,94.66666666666667,4.501141264912928
5009,29.92642793321623,94.54456892352654,5.6408794233682
5010,33.673100817001405,94.29513184584178,7.037447023866588
5011,36.298216830131835,93.93139841688654,6.747664632258529
5012,38.48729133926594,93.44127332601536,6.5858682807233135
5013,41.58355921701801,92.99799942840812,6.536687134499438
5014,44.4897083869316,82.86140089418778,6.115555931703446
5015,46.2382777408796,86.08614812519367,4.7773632065909535
5016,47.786331508127354,89.34663662697136,5.080353536230528
5017,49.16601283765876,92.62103505843072,6.511033329861657
5018,49.939099025162726,91.59036961681926,6.218571717571111
5019,50.56170345554391,90.99965647543799,6.049201986869265
5020,51.043792201642866,90.41999305796598,5.869228049035722
5021,51.392342892777464,86.42882126617698,4.672887752362773
5022,51.612045630982784,87.87346221441125,5.609730681585986
5023,51.70571653756341,89.22155688622755,6.718921967646675
5024,51.674525033517995,90.46110524463217,7.591658905252539
5025,52.025486086910156,90.0785153461813,7.998301139838736
5026,52.78517733299757,87.98677443056576,7.762417088767208
5027,53.13251478003889,84.5437616387337,6.058841101325387
5028,53.13251478003889,80.03724394785847,5.450109690624759
5029,53.13251478003889,75.67970204841713,7.275277717089465
5030,53.13251478003889,71.47113594040968,9.557412905893118
5031,53.13251478003889,83.7243947858473,10.683229161318058
5032,53.13251478003889,83.7243947858473,12.570375552177914
5033,53.13251478003889,83.7243947858473,14.555963726515897
5034,53.13251478003889,83.7243947858473,15.806024978132132
5035,53.13251478003889,83.7243947858473,17.300991613672508
5036,53.13251478003889,83.7243947858473,18.451423286134098
5037,53.13251478003889,83.7243947858473,19.333729115910348
5038,53.13251478003889,83.7243947858473,20.00077934083619
5039,53.13251478003889,83.7243947858473,20.638961988047583
5040,53.458820200785226,82.52830188679245,20.204590356417793
5041,54.049992502942935,79.969064191802,18.904748431019136
5042,54.561633243264566,77.19367588932806,17.17059408462601
5043,54.9961471495075,74.2143432715552,16.49355776436563
5044,55.355482430220114,77.19082719082719,19.040090563043858
5045,55.507456686041,74.72164948453609,18.657304227497587
5046,57.4790596470638,72.10282343025706,17.82586859856354
5047,57.605148330315984,68.41882153454854,15.741867768232142
5048,57.605148330315984,64.47647308181433,13.127873194250954
5049,57.605148330315984,60.70368800339127,10.647515272981524
5050,59.010350245415175,58.311688311688314,8.68492111113857
5051,59.010350245415175,54.8051948051948,5.542616491649687
5052,59.010350245415175,51.47186147186147,5.127527283689642
5053,59.010350245415175,48.311688311688314,8.55004987097644
5054,59.010350245415175,54.06926406926407,5.192297251614085
5055,59.010350245415175,50.12987012987013,8.82022520124441
5056,59.010350245415175,53.29004329004329,6.212304376487303
5057,59.010350245415175,56.62337662337662,6.366648347989186
5058,59.010350245415175,60.12987012987013,6.611150977010251
5059,58.75522341465276,60.43627031650984,6.698178637078175
5060,58.59970708141217,59.447983014862,6.946648582835466
5061,58.59970708141217,57.197452229299365,7.639506498946945
5062,58.425334620140696,54.633529907329404,9.42262184076353
5063,58.019215084083676,51.69561621174525,13.042745173053083
5064,57.534989202422814,49.23076923076923,16.880796123494363
5065,56.970317585764604,46.60079051383399,19.55457827020612
5066,56.32232024099033,55.42725173210162,10.301769724012608
5067,55.587472830066616,58.00299177262528,8.581421738860907
5068,54.761465262471376,60.40609137055838,7.392502049528927
5069,53.839005864374435,62.63157894736842,6.430190422385183
5070,52.971120580736375,64.87589255355321,5.723741870755097
5071,52.17243432628643,67.13955790168261,5.340178705887974
5072,51.288007550077346,69.22339405560882,5.7570806023878145
5073,50.31288830649254,71.12828438948995,6.881682608853597
5074,47.37514876175991,72.08271787296898,7.588368988551543
5075,44.70496404023734,72.77115275411698,8.538393019241363
5076,43.55204257579982,73.31321996708722,9.447849132647972
5077,42.29123014914103,73.87506617257809,10.917328469649314
5078,40.91187083790935,74.45125063808065,12.16967186163648
5079,39.40008168211068,75.03689129365469,13.196149787537708
5080,37.737126538912804,75.62766461392705,14.013387035409995
5081,36.51090290754747,75.59109874826147,14.491114953286946
5082,35.63522557515072,75.19576232151083,14.729797347081389
5083,34.417090753398575,74.64595705801736,14.67435381947668
5084,31.68087665561192,71.729587357331,13.864518411787754
5085,27.825638815834196,69.25347954449599,12.549977353463248
5086,26.689644740510747,67.1849427168576,11.41711087360967
5087,26.088766145614755,66.45850120870266,10.683738782365811
5088,27.268354449499626,65.22642293311176,9.531185440015998
5089,28.362174905829175,63.86986301369863,8.260618061654723
5090,29.375424020541903,62.3402379903041,7.256661542387322
5091,33.20487892070016,61.40431390546122,6.7312949646592815
5092,35.914740140972484,60.36789297658863,6.236788430821123
5093,38.190618524271336,59.22426653406266,5.9200671897860495
5094,40.177913399007274,57.966890843248834,6.040357759269186
5095,41.945439070042916,57.04679935449166,6.47506776567119
5096,43.533523843572844,56.14868641699273,6.933110259506898
5097,44.968635584504256,49.129425420777714,13.214565984760133
5098,46.26942097247928,51.65562913907285,11.007511685115695
5099,47.44966668575989,53.961322520274486,9.313279224800613
5100,48.51992483477094,56.746287927695285,8.253866533640517
5101,48.68979373333079,57.70725388601036,7.9080292093807
5102,48.72364369139405,59.20285158781594,7.825263808844209
5103,48.621970538941355,60.67270375161708,7.498158921741107
5104,48.38327576675989,62.10560206052801,7.345248636616486
5105,48.00392987241546,63.491048593350385,6.932994971352009
5106,47.12494157689745,65.67212062880975,6.964215449000311
5107,47.722771153929735,69.40519224449557,7.60545461746066
5108,47.69082051054534,72.02774108322325,8.494558532016653
5109,48.16286344950738,75.94339622641509,10.579237985459434
5110,46.862531412257006,77.51099086912411,12.218498286776205
5111,47.23617521739229,74.90546579580612,11.307581695040266
5112,47.545791009764166,72.15057511327988,10.724577169383227
5113,47.7923565183984,69.26330630948185,9.940301570703538
5114,48.365074627617474,67.52873563218391,9.740104737213734
5115,49.22458831680435,65.79335793357933,9.578009498007944
5116,49.22458831680435,62.361623616236166,9.156565995269148
5117,49.22458831680435,53.39483394833948,8.484009285285985
5118,49.22458831680435,53.91143911439114,9.33013634132442
5119,49.22458831680435,62.28782287822878,11.489223404722528
5120,49.22458831680435,65.71955719557195,13.02659345645797
5121,48.365074627617474,67.34913793103448,14.292841012074671
5122,47.38916303560736,68.56245638520586,15.125227477238019
5123,47.38916303560736,68.56245638520586,15.353042117698537
5124,47.38916303560736,68.56245638520586,15.483245227229624
5125,47.89224124323647,68.09490084985836,15.243605816272057
5126,48.80884389557835,66.56955571740714,14.227621031151763
5127,49.6132260981879,64.91031390134529,12.734724330458075
5128,49.97557080708904,62.29198184568835,10.755144539758046
5129,49.97557080708904,59.001512859304086,8.085722437460008
5130,53.91113324546461,58.1267217630854,7.6126847288675386
5131,56.50562982307827,57.17791411042945,6.742850038469609
5132,58.4891982419551,56.130674586338564,6.3503121935903115
5133,60.111909733428156,54.98462889767237,5.806706499020334
5134,62.71672773261505,53.93718707328175,5.6069113806775
5135,64.68378758106351,52.84974093264249,6.039068723341791
5136,65.7869619231253,51.52690256907417,7.048870634102486
5137,66.70402624172932,50.12431626056688,8.880056497234786
5138,67.45532826291493,46.619217081850536,11.108290392247548
5139,68.05488481583969,48.52408078715691,10.419387485206368
5140,68.51250626560925,50.499211770888074,9.548102532125787
5141,68.8349838524874,52.681890600106215,9.234037342000907
5142,68.79797961042568,54.90716180371353,10.006799788730735
5143,68.61214823762369,56.992084432717675,11.759094903351025
5144,68.49141406455125,59.02156759600211,13.386254471368943
5145,68.46249363635802,61.74461376773515,15.83897885329407
5146,68.31750627852527,64.03554626241505,16.953093601007964
5147,68.05488481583969,66.70119109269808,18.79511672494858
5148,67.45532826291493,68.88662938485002,20.47056741536433
5149,68.53115419664611,70.37974683544304,21.76768418041672
5150,69.99040516872888,71.09974424552429,22.82702870590391
5151,69.57194292106796,68.11961479979726,20.984822922483705
5152,69.667845565147,64.74783494651044,18.917781761023594
5153,69.68700377496391,61.29525752167262,17.100978013758674
5154,70.6323978411884,59.41878567721847,15.180097536349981
5155,70.51584333008962,55.90510572460031,12.740104822919415
5156,71.48540828580494,53.62924281984334,10.44260627104794
5157,73.1948150852461,52.506738544474395,8.975556453155122
5158,74.52899589430105,51.30338325013866,7.317333413490738
5159,74.74029957364165,49.18949133594187,5.262579191626845
5160,74.83042454497092,47.055524397083566,5.261169714107146
5161,76.33210249480808,46.01262191623638,5.124164750633838
5162,76.58503573576346,44.37391806116561,5.440807245458384
5163,76.39323761198146,42.40687679083094,6.486901692675508
5164,76.0707600251033,40.50991501416431,7.195932256594365
5165,75.61313857533375,39.20803123257111,9.055303734619935
5166,75.01358202240898,43.84909786768726,7.089306484367016
5167,74.26228000122337,45.43513080619327,6.194009325436797
5168,73.34521568261935,47.37662337662338,5.67228484219819
5169,72.24204134055758,49.2191435768262,4.670261379114038
5170,70.92195547161235,50.94982951777886,3.207217033067361
5171,69.62815568402964,52.70843146490815,2.8351225585897315
5172,67.85886871717379,54.240362811791385,3.5338547324265845
5173,65.63983115992964,55.64270152505446,3.8400977755532266
5174,62.28641240541145,56.916005014625995,4.411267686196546
5175,60.974657898724445,58.53855470327009,5.1406637277678415
5176,60.243303625447055,59.27835051546392,5.251554482317713
5177,60.243303625447055,59.27835051546392,5.249831661208887
5178,60.243303625447055,59.27835051546392,5.437312563558345
5179,60.243303625447055,59.27835051546392,5.828830874533607
5180,60.243303625447055,59.27835051546392,6.383856002473325
5181,60.243303625447055,59.27835051546392,6.951015881535215
5182,60.243303625447055,52.26011102299762,4.574617840910394
5183,63.435086620302975,54.48532451426209,6.074587074131035
5184,66.04532583585039,56.78586816027574,7.957025819468578
5185,68.04528629916925,59.076647243388614,9.999909685972405
5186,68.16880724013527,59.12965455361149,11.099592073384635
5187,68.04528629916925,59.076647243388614,11.208043617570642
5188,68.72936315668596,60.127737226277375,11.754730795531474
5189,69.02331459818286,60.99028227672374,12.714677037631901
5190,69.57005246048138,61.96520921485661,12.952920847853928
5191,71.09555657441105,56.01558694593278,9.558472056411643
5192,71.98812320389852,57.64411027568922,10.718908792949941
5193,72.73652502045098,59.12596401028278,11.148555938220353
5194,73.35143516658484,60.851287440882814,12.647440238348088
5195,72.99448320052711,60.574412532637076,12.318190442324736
5196,74.44409793302479,59.79492714516999,11.782235601118957
5197,75.61922820598186,58.86603668704836,10.943215218604191
5198,75.9865339973955,56.711409395973156,8.974053664053784
5199,76.25567703469066,54.57094784071789,7.793340657169473
5200,76.7207242839981,52.643419572553434,5.698648047344652
5201,77.79628355404533,51.95627157652474,4.2794330248541455
5202,78.60979642057067,51.23094958968347,3.85731890735579
5203,78.96224314393726,49.56217162872154,4.106075022739275
5204,78.27244249197368,46.753246753246756,5.872998926890019
5205,77.47184200174844,44.14806750136091,7.828607013019228
5206,76.55273728382966,42.019884877027735,9.270265079718092
5207,76.13789912850746,55.18480492813142,2.868890634942902
5208,75.7562146072621,54.735234215885946,2.611215712705692
5209,75.82679290094052,54.59624174707974,2.7316171113100074
5210,75.48937516493505,54.43037974683544,3.385659907463699
5211,75.01535596223337,54.21079172970247,4.321808668754352
5212,75.01535596223337,54.21079172970247,5.417552586603547
5213,75.01535596223337,54.21079172970247,6.597664228507858
5214,75.01535596223337,54.61422087745839,7.739990532322641
5215,74.3731303906034,55.29352734570998,9.037450770558724
5216,74.4424690878606,55.90155700652938,10.596636864256622
5217,74.23337925091208,55.7336004006009,11.840705607956084
5218,73.73222483421347,55.34559920437593,13.322756126628882
5219,73.82042065115127,56.127080181543114,14.832922027429001
5220,74.6510234831681,60.27182435964454,17.88461757712223
5221,74.4024354695803,62.90832455216017,20.367633108523997
5222,73.81529074574918,64.46409989594173,21.901044732067525
5223,74.3821566411321,63.79679144385027,22.458226587759448
5224,74.8560145772688,63.25301204819277,22.74562140904334
5225,75.2399181600099,62.849162011173185,23.22143124577846
5226,75.53622026106694,62.59931895573212,24.058370127824666
5227,76.78078390358503,61.71829339567504,23.70496892448764
5228,78.63903596665394,59.92669517409896,22.83988300767414
5229,80.13050547207318,57.92488860598345,22.090047067001787
5230,80.19773572129857,53.86581469648562,19.320518937297035
5231,80.86149868011013,50.748210800260246,16.042077683040855
5232,81.98984469772279,48.486886348352385,13.573944281035686
5233,82.89035691252032,46.089965397923876,12.20033638981253
5234,83.59250884635466,43.58610914245216,10.35110169261475
5235,84.1150605123742,41.588447653429604,10.59974356254111
5236,84.47010824990387,40.38039502560351,9.203652807453684
5237,84.47010824990387,37.527432333577174,7.045206967193617
5238,84.47010824990387,34.96708119970739,3.617473387401678
5239,84.47010824990387,33.21141185076811,3.010795305485393
5240,84.47010824990387,33.7966349670812,3.192874006260493
5241,84.47010824990387,36.210680321872715,5.304021674767683
5242,85.12783126741341,38.05637982195846,8.14460166145721
5243,85.68824307165602,38.46731780616078,7.795752917912997
5244,86.60092464611449,39.20061491160646,7.766632291932123
5245,87.23694728359442,39.24941360437842,7.436414924955979
5246,87.4621555131619,39.49645948072384,7.414038024631372
5247,87.4621555131619,39.49645948072384,6.988075575085532
5248,86.86694038288312,38.8845855925639,6.387079919601898
5249,86.86694038288312,39.58171959721147,6.387317106684558
5250,87.19713711272836,40.078125,6.3515248861922275
5251,87.19713711272836,40.078125,6.316539993201637
5252,87.51994315221829,40.457413249211356,6.975451209523625
5253,87.45157604887532,40.172955974842765,6.866368410386905
5254,87.0226952894364,38.85448916408669,5.741248193657808
5255,86.57232583456528,38.291380625476734,5.0867748797379955
5256,86.27026165505202,37.94406651549509,4.557883474233312
5257,85.7554780042275,37.37900223380491,3.59819955565779
5258,85.41264785453109,37.02064896755162,4.097537845206572
5259,84.44386973128951,36.6571018651363,5.266687214239922
5260,84.44386973128951,36.80057388809182,6.149393088191334
5261,84.2241669930842,36.57670454545455,7.216108627850739
5262,83.87561630194959,40.20979020979021,4.8204747342842404
5263,83.10634939835063,43.02246426140231,5.18477791897506
5264,83.10634939835063,41.72906739278421,5.470997922279198
5265,83.10634939835063,45.064669843430906,6.632633201891665
5266,83.10634939835063,48.67256637168141,7.1793904328150395
5267,83.60550562787758,49.447513812154696,7.653294272530318
5268,82.68339339486417,48.150638870208475,8.985573122542727
5269,82.04737075738423,47.44864148442677,9.964054449937391
5270,80.6887226519999,45.80934101087652,11.173376102526781
5271,80.73290502376885,41.885824246311735,13.253529365641892
5272,80.6887226519999,39.15547024952016,17.081165326440146
5273,80.55590125196498,38.095238095238095,18.89530893629036
5274,80.33360763503138,42.19435736677116,17.90638349678069
5275,80.02041771418001,46.21072088724584,16.69236243470327
5276,79.6142596941698,50.09041591320072,15.474635978541606
5277,79.04147232555111,52.48974809607498,14.043033420212351
5278,78.47394348283377,53.955606146841205,13.068951757923966
5279,77.80540443499818,55.53719008264463,12.654609025253226
5280,77.03046871858918,57.20361509835194,12.271469590871288
5281,76.1422604364332,58.925831202046034,12.12399219950155
5282,75.13192635515348,60.67746686303387,11.838606704186747
5283,73.98787802985917,62.435354960037614,11.423331685341882
5284,72.6945537938671,64.76404494382022,11.089526584905595
5285,71.23025463023507,66.83826683826683,10.468366360602205
5286,69.56298980404215,68.67075664621677,10.018077993685777
5287,67.64133213258243,70.27658745617452,9.84617589718033
5288,65.369270146673,71.67222840192807,9.38809335849323
5289,62.49601906801312,72.8747795414462,9.680747141748643
5290,59.285190286123594,74.02553763440861,9.989403203284978
5291,56.711377072578074,75.12820512820512,9.987695812115152
5292,55.59871311176341,76.32880098887516,9.832639342907713
5293,54.37716366444331,77.70833333333333,9.636693324718035
5294,53.036120772845415,79.12371134020619,8.77631319954379
5295,51.56174605257532,80.34140969162996,8.246965766173895
5296,49.93534485941161,81.34920634920636,7.8238687287930055
5297,49.05728444658347,81.79932590095929,8.355049007238124
5298,49.05728444658347,81.79932590095929,9.014975994855792
5299,49.05728444658347,73.03603837179155,15.52928110885902
5300,49.05728444658347,77.05470572984184,13.994066666887502
5301,49.05728444658347,81.17708063261603,10.788932078677265
5302,49.05728444658347,85.40316308011408,7.743143212188764
5303,47.149198865704,86.15882499377645,6.845288778331915
5304,44.992947372011024,86.78614097968936,6.055694991181747
5305,42.49220241259169,87.29649163036001,5.874625551255609
5306,39.39588674971849,87.7007700770077,6.235804832458829
5307,37.3118542689917,88.27016726656785,6.477399585639387
5308,34.941335070258084,88.73497657364025,6.759650920842395
5309,32.13884075343992,89.10444836370762,6.898976494715958
5310,28.21867696778146,89.38737040527803,7.170534116343924
5311,25.800922132865633,89.78738869707432,7.3970945162237145
5312,22.95210995931747,90.10334559467508,7.582181564931228
5313,21.24663263459794,90.23215821152192,7.742368195080684
5314,21.24663263459794,90.23215821152192,7.975084297726882
5315,21.24663263459794,90.23215821152192,8.178647713818474
5316,19.168429412702523,87.20292504570384,9.795352347771138
5317,16.845471064831255,95.80857555805363,4.027945817805153
5318,14.181295480242953,96.02792862684251,3.9693113389481636
5319,14.181295480242953,96.02792862684251,4.013540739565089
5320,14.181295480242953,96.02792862684251,4.058876566608995
5321,14.181295480242953,96.02792862684251,4.107247930578229
5322,14.181295480242953,96.02792862684251,4.160674371510961
5323,14.181295480242953,86.25290923196276,11.489473684466297
5324,14.181295480242953,89.588828549263,9.192277765178964
5325,14.181295480242953,92.98681148176881,6.716348780835576
5326,14.181295480242953,96.44685802948021,2.7996914161757878
5327,11.8997819144516,98.2314377191645,1.12345388620347
5328,11.899781914451601,98.2314377191645,0.9755529144864331
5329,11.556775716700487,98.2014936747447,0.8332735571904178
5330,11.769480741354945,98.03283767038414,0.7802795813118236
5331,13.983113068808338,97.75784753363229,0.714924551720633
5332,15.98170861532776,97.68211920529801,0.5646513116202323
5333,17.805799302456602,97.60438056125942,0.4700250333667219
5334,19.482070142622693,97.52475247524752,0.36045990271816447
5335,21.029399731006155,97.44338933528122,0.33709275395148625
5336,22.46182281079112,97.3604826546003,0.42974608124610425
5337,23.79015725482265,97.27626459143968,0.5279766090547792
5338,25.02297283110606,97.19101123595506,0.6737849294968221
5339,26.167204304046056,97.10504549214227,0.8381807061575405
5340,27.228558396931025,97.01873935264055,0.9968255948113619
5341,28.211794472553123,96.93251533742331,1.1456981996855566
5342,29.12092428988971,96.84684684684684,1.3156672141539238
5343,31.72792937965583,96.7388772420219,1.4834848817562354
5344,34.76272993985921,96.53165170991996,0.7265848260127588
5345,38.19495938700191,96.31033611321709,0.7622699267570278
5346,41.19234551167672,96.0737812911726,0.8280625426491857
5347,43.59186722391377,95.7154627849492,0.7370423360655792
5348,45.64449271696259,95.22174535050071,0.36464765793445697
5349,47.44643252163623,94.81680071492404,0.44838678987966757
5350,49.049330365476656,94.60799504183453,0.9176542019462487
5351,50.4854131263229,94.39613526570048,0.9408309474437733
5352,51.77663800770176,94.18254764292878,0.9831520594992573
5353,52.93884974709476,93.96880415944541,1.414743813742154
5354,53.983948059269075,93.75672766415501,1.6120231727984686
5355,54.92112953440188,93.54838709677419,1.7211702757952358
5356,55.7576500977783,93.34608030592734,1.7929865830652865
5357,56.49931834913321,93.15230224321134,1.8156282119035427
5358,57.15082804749861,92.96969696969697,1.8910316111521754
5359,57.715989419919396,92.80099296648739,1.9335902753526009
5360,58.19789403565079,92.6489226869455,1.9559503601559238
5361,58.59903438183665,92.51612903225806,1.942171581040765
5362,58.92139146182445,92.40506329113924,2.076772890215622
5363,59.166499042795095,92.31788079470199,1.8910909164002347
5364,59.33549024076654,92.25634178905207,1.7776071010161345
5365,59.42913021455931,92.22172552525704,1.6875755912288255
5366,59.4478374323236,92.21476510067114,1.6296872001199174
5367,59.391695029725334,92.23560910307899,1.8113789354152348
5368,59.26045304367151,92.28381374722838,2.4776358795185387
5369,60.993626997711864,92.19380888290713,3.604506129257928
5370,63.30455701072791,87.23994452149792,4.81804375674408
5371,64.99022743228113,89.6437054631829,5.629144873113282
5372,66.29916356224753,91.82481751824818,7.3424010147596785
5373,67.32476672810567,94.13810233482364,10.736092356969978
5374,66.03276784769444,92.82888229475766,11.327730165526924
5375,67.74736158301103,91.52882205513785,12.707300405067596
5376,69.82192640722097,91.37134052388289,13.111807046139235
5377,71.25435802782248,91.03303618248557,13.635597598029646
5378,72.29056054324697,90.50666666666666,13.636835501648052
5379,73.0206438943071,90.2215018908698,14.036245424302875
5380,73.82619707442906,90.10388190267906,14.288653369346923
5381,74.6090250047766,89.60751796572693,14.44193569535832
5382,75.05525146199865,88.9259877573734,14.43320402503937
5383,75.20058086662523,88.06469604015616,14.23164544090388
5384,75.12459015925586,87.52089136490251,14.15534907181956
5385,74.73737849491012,87.03601108033241,13.947536240697119
5386,74.00592199043984,86.1766319253977,13.188793267739547
5387,72.34471886521601,83.6083022884513,11.027420207851517
5388,71.16353571786995,80.05194805194805,8.76539123367995
5389,70.80871760159853,75.67567567567568,7.066963603934866
5390,70.97501557869477,72.86150712830957,6.904748787732408
5391,71.58550246578386,71.45811789038262,6.928570265772852
5392,71.53818815179253,68.59928168291431,8.272376124497402
5393,70.89341669257767,64.50970632155301,11.012847225248851
5394,70.15052758718467,61.04959075589793,13.71309057263257
5395,69.30392538827763,57.45471435206689,16.94970932282585
5396,68.3465470894305,70.85382208314707,7.445674580656264
5397,67.26937127068926,71.91927866036926,7.076863466004604
5398,66.06065775331702,72.99300123507616,6.707115453905039
5399,64.70470751006708,74.06385494678754,6.384742001850655
5400,63.179696775909115,75.61251413494158,5.8442527302948495
5401,61.45352118126416,76.95354699315808,5.7760472463430785
5402,59.474649739544475,78.10244070127192,6.1185458848683325
5403,57.146975905749315,79.07510659232535,7.07419989755251
5404,55.801653798855995,80.42861645130792,8.410625871870783
5405,54.31290808490012,81.60363086232981,9.811988607764286
5406,54.31290808490012,81.60363086232981,11.948371379431865
5407,54.31290808490012,81.60363086232981,13.535230574946423
5408,54.31290808490012,81.60363086232981,14.764439936978459
5409,54.31290808490012,81.60363086232981,15.679802272051173
5410,54.31290808490012,81.60363086232981,16.582315321290146
5411,54.31290808490012,81.60363086232981,17.401532429617145
5412,54.31290808490012,81.60363086232981,18.14830756875335
5413,54.31290808490012,81.60363086232981,18.81610930026405
5414,54.31290808490012,81.60363086232981,19.415662969261692
5415,54.31290808490012,81.60363086232981,19.923037892533493
5416,55.11258829939025,81.0627123880136,19.9995640694354
5417,55.11258829939025,76.58325610132839,16.226321144879023
5418,55.11258829939025,72.22737102255175,13.909532750086562
5419,55.11258829939025,67.99505715168365,11.336407331523676
5420,55.870992496113196,65.72059287291076,9.244774244319073
5421,57.275329395882835,64.26929392446634,7.89359690894173
5422,58.54452440903882,62.65801161598907,6.918533211990542
5423,59.69231980502979,60.88036918707845,5.468238695307472
5424,60.72921955581578,60.14732965009208,5.363299315956988
5425,63.22514565967884,58.87814313346228,5.251134586298102
5426,65.28142469810702,48.39626471782379,12.102474232979837
5427,67.04314581950695,50.65985525755641,10.485907859850718
5428,68.57878676724387,52.96477931341953,8.920117118221471
5429,69.92830980283813,56.08391608391609,8.206770465399265
5430,70.23037398235138,55.74308485700891,9.82486778100542
5431,70.32999352360982,56.55237200563645,10.91715845739658
5432,70.23037398235137,57.430848570089076,11.155760887069194
5433,69.92830980283813,58.64801864801865,11.681719032698448
5434,69.4135261520136,59.815242494226325,11.985845055480604
5435,69.4135261520136,61.70900692840647,12.043935596573553
5436,69.07342331011453,62.54011921137093,12.29775332832095
5437,68.55306139435474,64.08163265306122,12.851765110129564
5438,67.83839580587973,65.53419758605276,12.666398841227506
5439,66.90685335360176,66.88625384277559,12.332314970579876
5440,65.72143816460138,68.12903225806451,12.271431746665659
5441,64.77121397438593,69.54871362294391,11.882970018913754
5442,63.596083701428874,70.84536082474227,11.29279689899719
5443,62.146468968931195,72.01447527141134,11.049940304747796
5444,60.508423988129174,73.11154598825831,10.738287908474922
5445,58.65017192506028,74.13465195891975,10.310628089755209
5446,56.17557909829177,75.0276650682405,9.956762963773775
5447,53.11387902765319,75.87562544674768,9.412486698980118
5448,49.809650362090416,76.67820069204153,8.897869492427073
5449,49.94369985267929,80.53621169916434,5.609872085871854
5450,50.0180499102367,84.34661076170511,4.086864285933749
5451,47.7202373004597,85.0438892640108,4.785830241461318
5452,44.291049829826505,85.60260586319218,5.939439024562804
5453,44.24806858184672,86.08582574772431,6.771102815367117
5454,44.14767013341458,86.60194174757281,7.567344116746162
5455,43.9895915029534,87.14652956298201,8.790916430149391
5456,43.77341452686042,87.71483131763208,9.426604921812693
5457,43.49855910436889,88.30188679245283,10.129418148363664
5458,43.903951430400745,88.38750394446197,10.68348610925433
5459,44.90058606732219,87.87391444194274,10.880832542624539
5460,45.73565577955915,87.2423945044161,11.074219897840266
5461,46.42364548761109,86.49186856953203,10.516667196904226
5462,46.460447076079184,84.79841374752148,9.126950176196948
5463,45.897791889610936,81.23385012919897,5.8600370609152135
5464,47.35858693593354,79.50370609087979,4.50150987142745
5465,49.5469476139308,79.48802100426649,4.661156767452955
5466,52.096361884578016,79.49916527545909,4.880454269488585
5467,52.83548122205226,77.71883289124668,3.453273774891513
5468,51.95105444584317,74.21323057161207,1.1613876297682375
5469,52.09754643093182,72.46744998412194,0.7580335252501554
5470,54.19889866041823,72.45585874799357,1.1134104836303034
5471,55.98095567199093,72.52675964969185,1.6215886379427162
5472,58.085197233779205,72.63502454991817,2.2875708367321277
5473,58.085197233779205,72.37315875613749,2.794704355495027
5474,58.085197233779205,72.37315875613749,3.4715809074109205
5475,58.994395587862215,72.68244575936883,4.512819992577333
5476,60.17440079451581,73.16346790205162,5.734667545404595
5477,61.00850793611983,73.62637362637362,7.152476061860716
5478,61.00850793611983,73.62637362637362,8.530510402199502
5479,61.00850793611983,73.62637362637362,10.088865457921784
5480,61.00850793611983,73.62637362637362,11.808368642322304
5481,61.237582546671895,73.25542570951586,13.468309894480148
5482,61.23758254667191,73.75626043405676,15.2906794225736
5483,61.00850793611983,73.95937395937396,17.18600144558891
5484,60.54037249200332,74.39549519708513,19.330051884978595
5485,60.723054205695824,74.22715053763442,21.269755149727324
5486,61.67668777091303,73.52122477383438,23.010347970422938
5487,62.53903189285297,72.84172661870504,24.974236295068486
5488,63.315004390670886,72.19747587230883,26.058941571212326
5489,64.4897044058734,71.26348228043143,27.463622021662037
5490,65.97884740466912,69.87127916331457,27.718579010783444
5491,67.29781716367457,68.28859060402685,28.143066209524523
5492,68.46836617446839,66.5065502183406,28.57085645465953
5493,69.50611511440887,65.60798548094374,29.233980849905716
5494,70.25094412718595,63.951310861423224,29.78468537186442
5495,70.73284874291735,61.02588686481304,29.985631910527523
5496,71.13398908910322,57.92563600782779,29.48655432335132
5497,71.70405863771244,55.115346038114346,28.665404454750227
5498,72.20970638461033,52.61538461538461,28.094438671118517
5499,72.42168465480195,49.22199170124481,25.090580768847833
5500,72.55610524742592,45.76802507836991,23.704068011395066
5501,72.8842369892605,43.220338983050844,23.240646318688828
5502,73.37926422073603,41.13513513513514,23.13911796508214
5503,73.76532442172265,38.57142857142857,21.407971839902693
5504,73.91861451959726,35.730088495575224,18.539284199883983
5505,73.91861451959726,33.296460176991154,17.220639002432275
5506,73.91861451959726,30.641592920353983,15.19593852013993
5507,73.91861451959726,28.152654867256636,7.794639708664024
5508,73.91861451959726,33.1858407079646,16.424767627924215
5509,73.91861451959726,33.1858407079646,16.08944772176026
5510,74.60477568385942,32.17097862767154,14.966230418778945
5511,75.15919428164672,29.555808656036447,10.626057494834571
5512,74.96745443031416,26.49379932356257,5.301729106500194
5513,75.83599103134173,24.17519908987486,4.151766392842582
5514,76.68451899600274,22.170900692840647,3.7187687976944814
5515,76.68451899600274,19.861431870669747,7.317032531546214
5516,76.68451899600274,19.861431870669747,6.360027581817745
5517,77.41891860114045,20.140515222482435,4.818620919845956
5518,78.61799881215369,20.64825930372149,4.951753732018885
5519,79.52557239225924,19.607843137254903,4.996417398460208
5520,79.61462207727303,19.390243902439025,4.17861314156544
5521,78.99110885916275,18.34319526627219,2.4834856576696893
5522,78.25414068808546,17.734553775743706,11.922359851397857
5523,77.70301743063628,17.24137931034483,13.058293427630565
5524,77.05439835514977,25.26939655172414,16.66427378397958
5525,75.42773853246833,27.384615384615383,15.277379133058773
5526,73.50207143626803,29.385964912280702,10.14782546674244
5527,72.01944659988105,31.441860465116278,7.868128282882889
5528,71.1847072151113,33.797127468581685,6.584596233363995
5529,70.24428139765317,36.041486603284355,6.848937023196553
5530,67.79654788075102,37.725779967159276,8.471004548819192
5531,65.32435286316942,39.34426229508197,9.001356217615188
5532,61.72649838465071,40.83827893175074,9.919469818874548
5533,60.717823690831466,43.405797101449274,10.269733803891413
5534,60.717823690831466,47.06521739130435,11.595801854264982
5535,61.553167673055476,50.05557613931086,13.581951761572082
5536,60.81772144171771,49.83400959055699,13.018099457104118
5537,59.35847046963494,49.469058952764556,12.770495737435727
5538,58.543889674697475,48.28996282527881,11.214154534992991
5539,59.682719415809636,46.59969088098918,10.070606873964282
5540,60.703726970488866,45.22854851643945,9.04941834822583
5541,61.616064610457975,43.93687707641196,8.154855064255884
5542,62.426939650821005,42.74678111587983,7.586188091307976
5543,63.142107216676415,41.68141592920354,7.574560525781685
5544,63.76620205638105,40.76433121019108,8.405325575964051
5545,66.03175997902548,39.603024574669185,9.792654520492768
5546,67.45989800243532,31.686046511627907,19.014185888138858
5547,67.45989800243532,31.2015503875969,19.720108257628876
5548,67.45989800243532,31.1046511627907,21.09375991446508
5549,67.45989800243532,30.717054263565892,22.975725224973676
5550,66.54079328451657,39.2422825070159,14.784059127686318
5551,65.49315816816933,41.351351351351354,13.827461201163121
5552,64.3036842825479,43.333333333333336,14.373640462719408
5553,62.95416124695364,45.182724252491695,14.442248028676447
5554,61.41852029921671,46.81782020684169,14.936212171602874
5555,62.211671517819376,49.43089430894309,14.345084815160543
5556,63.650325158438015,51.95080576759966,12.898672095723537
5557,64.91714870893058,54.196113074204945,11.075183119022405
5558,63.650325158438015,52.03562340966921,14.59878324289808
5559,63.650325158438015,51.95080576759966,15.392261127758683
5560,63.650325158438015,51.56912637828668,16.369904119833794
5561,63.650325158438015,63.104325699745544,8.012526708191642
5562,62.211671517819376,65.08130081300813,7.437496826743072
5563,60.56925052679012,66.84824902723736,7.002779017455604
5564,58.671683612825525,68.41517857142857,6.632016655116253
5565,57.58110198709452,69.69153515064562,6.34807278904696
5566,56.36751882182427,70.95994475138122,6.19577617487766
5567,55.729127320311854,70.25273224043715,6.986407224865438
5568,54.904605812883695,69.3733153638814,7.814833994802169
5569,53.87032050885122,68.33554376657825,9.000968865429076
5570,52.58840908908851,70.27994791666667,8.106644426900704
5571,49.47437452739897,70.48346055979644,8.073648128010532
5572,49.92794469172028,73.83268482490273,6.63028351728895
5573,50.31837261627998,77.24274406332454,4.768873333517213
5574,51.055559976415026,79.27927927927928,3.879998686484312
5575,51.055559976415026,79.27927927927928,4.512988791093467
5576,51.055559976415026,79.27927927927928,5.095344328188009
5577,50.13097197836088,77.72325809617271,6.4932549643406805
5578,49.709135586264686,76.32508833922262,7.841636671474689
5579,49.22347554224754,74.78753541076487,9.381032760813643
5580,48.67243466670718,73.13019390581718,10.7207464746886
5581,48.67243466670718,81.9636811326562,5.935354451418188
5582,48.67243466670718,81.9636811326562,6.319400259372661
5583,48.67243466670718,81.9636811326562,6.769173080684873
5584,48.67243466670718,81.9636811326562,7.268528898138252
5585,48.67243466670718,81.9636811326562,7.808312398815133
5586,48.67243466670718,81.9636811326562,8.314733216328628
5587,48.67243466670718,81.9636811326562,8.745009601279818
5588,48.67243466670718,81.9636811326562,9.097917091467783
5589,48.67243466670718,81.9636811326562,9.36641609282243
5590,48.67243466670718,81.9636811326562,9.564694255625291
5591,48.67243466670718,81.9636811326562,9.70657657891012
5592,48.67243466670718,75.34626038781164,14.531082303197552
5593,48.67243466670718,79.43982763927362,11.269308752392257
5594,48.67243466670718,83.65650969529086,7.717119329705032
5595,48.67243466670718,87.99630655586334,3.985132086689167
5596,48.0541676323532,88.28477020126164,4.1239948135447735
5597,47.36649778952111,88.58647936786654,4.234277836552418
5598,46.60686178147974,88.89837745516652,4.348496835565505
5599,45.77223786209198,89.21758363284489,4.339189884242318
5600,44.85905197942129,89.54143201930813,4.3637622580661475
5601,43.863052801775815,89.86749805144193,4.394233810422941
5602,42.779142207787565,89.66557706814181,4.497208790334196
5603,41.601139977968224,90.95550692924873,4.474708778778534
5604,40.32144784356061,92.0836269673479,4.479701314293611
5605,38.930553130657714,93.05965071444773,4.742081360883728
5606,36.206113143180815,93.14247669773636,4.86917760017622
5607,38.264908488850146,92.61652053530226,4.833699938764024
5608,40.10558075846471,91.96642685851319,4.88188931926558
5609,41.76853590166258,91.1310413552566,4.957380890812345
5610,43.280325057461255,90.35178479048112,5.165710179983368
5611,44.65968436869293,89.72088030059045,5.437604044228857
5612,45.92049679535171,80.0222593210907,11.631451344477428
5613,47.07341825978924,83.60230547550432,9.20876363200134
5614,49.74360298131182,87.21872187218722,5.893634149573694
5615,52.68134252604443,91.32893496701226,4.7136081757394805
5616,53.96875028104512,92.25642653125992,4.570766129336414
5617,54.8453096403305,92.96450271826032,4.513474020629469
5618,56.02716004727254,93.08423467715504,4.544080793136816
5619,57.61938764972994,92.78138898392064,4.579420119089112
5620,59.04450577165415,92.47235105244381,4.5612852509419985
5621,60.324454909077076,92.1590486807878,4.592781514573631
5622,63.92230938759578,91.70903402424716,4.598355765637102
5623,66.39450440517739,76.96421225832991,13.985052916529584
5624,68.42632194292611,80.89061824470384,10.434505229421701
5625,70.16280475104887,84.92964139809351,6.609862514839384
5626,71.67237960782953,89.86197049024274,2.872899327694148
5627,72.44735568509964,92.4390243902439,2.987623355250709
5628,72.44735568509964,92.4390243902439,4.0607822578430515
5629,72.20031380316762,92.4684159378037,5.066486976176061
5630,71.69360055879075,92.52651880424301,6.169449217778322
5631,70.89754356812612,93.23164918970448,8.01924894989241
5632,69.88184934163797,93.03201506591337,9.359876715715908
5633,68.48828184137307,91.82156133828997,10.26453058771814
5634,67.48222874785614,91.10189027201476,11.836442822766438
5635,68.24115092476065,91.35460009246417,13.929336352691507
5636,68.24115092476065,91.35460009246417,16.09953500268836
5637,68.24115092476065,91.35460009246417,
5638,70.36133525255681,90.56878949927078,
5639,72.12610289399815,89.53547728432873,
5640,73.63112196146729,88.65703584804709,
5641,74.9274396095585,88.13654168998322,
5642,76.046624436913,87.62405137186224,
5643,79.35085310247577,86.85996298581122,
5644,81.41816185784252,85.76072821846554,
5645,82.69647380287579,83.88851121685929,
5646,83.49624704530548,81.25440451021846,
5647,84.15664050499603,78.25454545454545,
5648,84.68667730586309,75.57879014189693,
5649,86.4191319827607,74.5497259201253,
5650,87.77778008814501,72.60834014717906,
5651,88.59262810051194,69.78902953586498,
5652,88.97197399485636,66.20808254514188,
5653,89.21066876703783,62.40208877284595,
5654,89.36922628229263,58.59649122807018,
5655,89.4235158270281,54.79331574318382,
5656,89.4235158270281,51.187335092348285,
