second,entropy_g,det_g,rmse_g
30,14.236847033102942,95.03713095453722,
31,13.11010895079709,95.50148783476283,
32,13.85875771327326,97.49342681858019,
33,14.51991473806665,97.56183125767409,
34,13.771265975590477,97.42511823436679,
35,12.996066647343733,97.27177334732424,
36,11.809976910667931,93.99932386747803,
37,10.49463066794004,90.80365893498856,
38,10.49463066794004,87.50408363279973,
39,10.49463066794004,95.65501470107807,
40,10.49463066794004,95.65501470107807,
41,10.49463066794004,95.65501470107807,
42,10.49463066794004,95.65501470107807,
43,10.49463066794004,95.65501470107807,
44,10.49463066794004,95.65501470107807,
45,10.49463066794004,95.65501470107807,
46,11.855059209617597,95.57551563539587,
47,13.783460986790237,95.36046912728527,
48,15.355945131861668,95.06437768240343,
49,17.40779686196669,94.78470675575353,
50,19.309194928647283,94.52371770150405,
51,20.58382978946497,94.05762304921969,9.256332059120925
52,20.58382978946497,90.11604641856742,
53,20.58382978946497,86.25450180072029,
54,20.58382978946497,82.47298919567827,
55,20.58382978946497,90.1360544217687,
56,20.58382978946497,90.1360544217687,
57,20.58382978946497,90.1360544217687,
58,20.58382978946497,90.1360544217687,14.279514789545676
59,20.58382978946497,90.1360544217687,15.088682704990626
60,20.58382978946497,90.1360544217687,16.2510718995243
61,20.58382978946497,90.1360544217687,17.612488816606643
62,21.919253523281682,89.93672177995509,19.400877292938556
63,23.79691834866458,89.46250265561929,20.802762575289773
64,25.317663791381598,88.87906256909132,21.912866566280222
65,26.63215459773312,88.1757533931447,22.846617827346677
66,27.79820693102039,87.5329026082795,23.85313777174738
67,28.846903478134855,87.03657626275192,25.147017978958225
68,28.846903478134855,82.68225926847475,
69,29.469809836126746,80.06096012192025,
70,30.60921032821338,78.98915056893358,
71,31.63064546853323,77.76246899972445,
72,32.55352656008846,76.36937195296817,
73,32.982313596791926,73.35478210002925,
74,32.982313596791926,68.93828604855221,
75,32.982313596791926,65.10675636150921,
76,32.982313596791926,61.0412401286926,
77,32.982313596791926,68.41181632056157,
78,32.982313596791926,68.41181632056157,
79,33.51855783310346,67.61278757095907,
80,34.76778197955045,65.99000624609619,
81,35.920637304999936,64.18543911198172,
82,36.795178368528255,56.860742254000684,
83,37.58316288991704,59.240865555161406,
84,38.29411818753206,61.64636397194537,
85,38.623017682366466,62.852841550621,
86,37.81963932418692,60.122699386503065,
87,37.383812478671146,56.517131755563405,
88,37.383812478671146,52.41963970328506,
89,37.383812478671146,54.36241610738255,
90,37.383812478671146,58.848463440480394,
91,37.383812478671146,63.47580360296715,
92,37.383812478671146,68.24443659484281,
93,35.19125893277102,69.61344537815125,
94,34.2554155062175,70.2755905511811,
95,33.287359464186615,67.29559748427673,11.896415501630493
96,32.76017195596064,63.650353955063096,12.069109102899242
97,32.76017195596064,59.37211449676823,12.324312610711853
98,32.76017195596064,64.81994459833795,13.453001957367425
99,32.76017195596064,64.81994459833795,13.873593673204287
100,32.76017195596064,64.81994459833795,12.887181447353816
101,32.76017195596064,64.81994459833795,12.891012709794714
102,32.76017195596064,64.81994459833795,13.154198038417876
103,32.76017195596064,59.556786703601105,13.47258613457753
104,32.76017195596064,63.588796552785475,13.794510500619587
105,32.76017195596064,67.99015081563557,14.2082543754848
106,32.76017195596064,72.51461988304094,14.141460927750574
107,32.02724228756857,74.32552623777053,14.414267150744786
108,31.222616552609843,75.94864479315264,14.486379115502265
109,30.337991720447782,77.39368998628258,14.840274003587492
110,28.875288841325272,78.3819280273181,15.563648859873442
111,27.544623745474915,79.40509200907486,16.39056098456576
112,27.036222743856637,79.95055624227442,13.565996972863784
113,27.036222743856637,79.95055624227442,14.187267946681327
114,27.544623745474915,79.40509200907486,18.037613648078775
115,28.489953498347283,78.1765784647629,18.589587467941435
116,29.350525860772233,76.76190476190476,19.043283589660785
117,30.135962185996203,75.17650381248235,19.36977124736095
118,30.853526208065876,74.11420204978037,19.94248825238225
119,31.50887024059609,66.18137700940248,16.32777266399507
120,32.10649386680858,69.68936303733919,17.28648212967943
121,32.65004133955459,73.38735818476499,22.107890745541592
122,33.14250268478604,77.26512871949181,22.41702025050388
123,32.650756650363476,77.40336967294351,22.840646462535027
124,32.01922008760051,77.8248127645718,23.417079401038276
125,31.21871160216755,78.41818764008966,24.21551425745093
126,30.193067522502837,78.91925856110588,25.02904331815528
127,28.79307059142286,79.32943709627807,25.82657797338228
128,27.83797019665551,81.41321044546851,21.294957138522804
129,28.104897851767085,85.28951486697966,16.158261702815384
130,27.248777642316547,85.88055130168453,17.2970410228468
131,26.20840906738792,86.35955728387675,17.40957861895974
132,24.897287299782366,86.73082531350248,18.22021924761516
133,22.90470774064249,86.99971615100766,18.9500559769048
134,23.051369175042794,86.75078864353313,19.20890273372528
135,23.1650842597565,86.52789823648453,19.710556749549447
136,23.24612103898759,80.19773189880779,19.45816223893078
137,23.294668315950346,83.3673767143274,17.293613164345167
138,23.310838328186556,86.70756646216769,20.861461726753443
139,23.294668315950346,89.96206594689232,18.975354203651804
140,23.294668315950346,93.43449080828714,6.507749780703714
141,21.18001416898197,93.68836291913215,6.7001087133661
142,21.18001416898197,85.99605522682445,21.365468085844267
143,21.18001416898197,89.23640462102,19.438608180381472
144,21.18001416898197,92.58946182023105,12.725505039296705
145,21.18001416898197,96.05522682445759,6.4793544764452795
146,21.116323904052912,96.07293127629734,6.608725612060299
147,21.020610224414153,96.09919197548064,6.737994775122123
148,20.89265648793157,96.13366473349903,6.862301657767908
149,20.732169233677403,96.17590822179733,6.99064863214239
150,20.538774030270368,96.22539768131571,7.120038551920398
151,20.31201001457843,91.89907038512617,16.669988941811066
152,20.051322913145178,94.30660746931314,7.714255716166241
153,19.756056266924524,96.5393488849013,7.391115942822285
154,19.42544048610639,98.59331826174328,6.740219151331185
155,17.955856759929738,98.63614223088163,6.788311026845093
156,17.564780510181492,98.66666666666667,5.804707310390628
157,17.135972060971078,98.69827986982799,5.837696333632469
158,16.668128323010997,98.73073436083409,5.868413879773854
159,16.159739104775046,98.76379690949227,5.897320482910627
160,15.60904867100266,98.79725085910653,5.924693773532491
161,15.014005991259088,98.83089770354906,5.950780306407622
162,14.372199338969718,98.86455798864559,5.975744989173116
163,13.680768712780832,98.89807162534436,5.99966464543575
164,12.936285959429323,98.93129770992367,6.02256751398891
165,12.134586344527737,98.96411394746578,6.047640309158455
166,11.270524356245133,98.99641577060932,5.224674041070792
167,10.337605827520125,99.02811523776467,4.702922606880142
168,9.32740666130365,99.05913978494624,4.713312388110078
169,8.2285966275191,99.08943089430895,4.701949774827265
170,7.025161811125574,99.11894273127753,4.658813277523903
171,5.692780305338156,99.3455098934551,6.186063307256405
172,4.190046201482249,99.49941107184924,6.191414154223038
173,2.429609566376967,99.58701224722302,6.193469976385255
174,-0.0,99.61432506887053,6.193924105962868
175,-0.0,99.61432506887053,5.0532670435655636
176,-0.0,99.61432506887053,4.281830293665644
177,-0.0,99.61432506887053,3.714938990747447
178,-0.0,99.61432506887053,3.281839111909329
179,-0.0,99.61432506887053,2.933852212237468
180,-0.0,99.61432506887053,2.6385543347171523
181,-0.0,99.61432506887053,2.3748189681834644
182,-0.0,99.61432506887053,2.150805570191879
183,-0.0,99.61432506887053,1.9604983375874767
184,-0.0,99.61432506887053,1.7955371195624492
185,-0.0,99.61432506887053,1.6493810551293493
186,-0.0,99.61432506887053,1.5172057614737382
187,-0.0,99.61432506887053,1.396322448952823
188,-0.0,99.61432506887053,1.2847079063419296
189,-0.0,99.61432506887053,1.1807552136060053
190,-0.0,99.61432506887053,1.0825881163168753
191,-0.0,99.61432506887053,0.9878028156295814
192,-0.0,99.61432506887053,0.8964324981240325
193,-0.0,99.61432506887053,0.8081071276125021
194,-0.0,99.61432506887053,0.7221132627249216
195,1.3810876425130094,99.6078431372549,0.6370442273239628
196,3.3513527906388765,99.5511149724877,0.5559145899545628
197,4.966448892725745,99.4311377245509,0.4867208949534729
198,7.375760267935303,99.39553626782393,0.4460548586064505
199,9.115547101708673,99.29396662387677,0.43078964374926326
200,10.597267395661099,99.11960132890366,0.5058346091735414
201,11.908258016881739,98.86519944979368,0.5693303702230331
202,13.089911091440726,98.82562277580071,0.5743569821121649
203,14.166533973630028,98.78497790868924,0.5840938625535652
204,15.15412519766779,98.74333587204875,0.5971515024104461
205,16.06399872038292,98.7007874015748,0.6123135485936391
206,16.904561402733403,98.65744507729862,0.6285468533656313
207,17.682289135340643,98.61344537815125,0.5165371951418996
208,18.40230802778028,98.56895056374675,0.5868699766107227
209,19.068762191939868,98.52415026833631,0.5392549095320663
210,19.68505783379339,98.47926267281106,0.5389382999610738
211,20.254031566627113,98.43453510436433,0.5040636219288718
212,20.77807015919887,98.39024390243902,0.4768502231314721
213,21.25919797064021,98.34669338677355,0.5704067490328821
214,21.699142190842103,98.30421377183967,0.5330542303008193
215,22.099382412045763,98.26315789473684,0.4774329793436116
216,22.461188868376446,98.22389666307858,0.4038430028497355
217,22.785652300592083,98.18681318681318,0.335231790186422
218,23.07370750785767,98.15229563269877,0.2924637915041223
219,23.326152051553976,98.12072892938497,0.27946565103594384
220,23.543661168763446,98.09248554913295,0.28623079400096774
221,23.726799668785212,98.06791569086651,0.3006243368009484
222,23.876031383371064,98.04733727810651,0.3166996331290677
223,23.991726593793768,98.0310262529833,0.33023533914920716
224,24.07416774792984,98.01920768307323,0.34444524774320734
225,24.12355369653755,98.01204819277109,0.3711378014455543
226,24.14000261173401,98.0096501809409,0.4047226946743662
227,24.12355369653755,98.01204819277109,0.43938594946719206
228,24.07416774792984,98.01920768307323,0.47053238932387664
229,23.991726593793768,98.0310262529833,0.4988701985308916
230,23.876031383371064,98.04733727810651,0.5617193499094714
231,23.726799668785212,98.06791569086651,0.6986417875946198
232,23.543661168763446,98.09248554913295,0.7463249914767724
233,24.582772649738114,98.0819529206626,0.8010396663905064
234,26.067528345799218,97.94581720750223,0.7312072995082005
235,27.182479583640553,97.68645357686454,0.7016701176259569
236,28.077361286892096,97.29729729729729,0.6853436705508472
237,28.808948873727708,97.02625751344512,0.6630199176761316
238,29.407153941063616,96.97846351655416,0.661420458092136
239,29.890090812416936,96.93711306614533,0.6688235637270697
240,30.269535363400554,96.90280065897858,0.6653046191773409
241,30.55338175736992,96.87603855101362,0.6566333791152192
242,30.746894268406642,96.85723838181211,0.6455765662049953
243,30.85338840583388,96.84669573968468,0.6317965909776165
244,30.874602504400805,96.8445787176905,0.6164966543580257
245,30.810875885758897,96.85092127303183,0.5998369454084885
246,30.661182341583704,96.86562187395799,0.5857126122822685
247,30.42302758549704,96.88844753392917,0.5751750838618892
248,30.092183672753237,96.91904293674204,0.5728175954065271
249,29.662183438590716,96.95694399482034,0.5809487893988223
250,30.951484109628773,96.90452916259368,0.597645331299062
251,31.48359666316161,96.72881910369644,0.6140374934385067
252,31.645654512970886,96.85555191614804,0.7894525999039471
253,31.48359666316161,96.72881910369644,1.5214368446187188
254,30.951484109628773,96.90452916259368,2.559093314085123
255,29.662183438590716,96.95694399482034,3.7847898550575327
256,29.095461797618945,97.19987125844867,4.1631737987878
257,28.113289303564386,97.3188637089052,4.698325560802375
258,27.538675133766567,97.28682170542636,5.536856800039679
259,28.153952176632504,97.19626168224299,6.609098693580542
260,28.70742781549066,97.10743801652893,7.169665338796859
261,29.203032356047807,97.02127659574468,7.6519772142993485
262,29.64394080260203,96.93877551020408,8.323835985797956
263,30.032739209466605,96.8609865470852,9.310755375119967
264,30.371542179461528,96.78899082568807,10.566253415016531
265,30.662077708458042,96.72386895475819,12.07068247852151
266,30.905749430092254,96.66666666666667,12.624203507173712
267,31.103682706799486,96.61835748792271,13.130716758073534
268,31.256758805256943,96.57980456026058,13.198299197269469
269,31.36563999029537,96.55172413793103,13.617916243329319
270,32.55767993445173,96.47503147293328,13.91712711605529
271,34.06412146443818,96.21245102307357,14.081719066618833
272,34.665856054523196,94.15152857775809,12.698179640390952
273,34.665856054523196,90.56269384138237,6.703926553153902
274,34.665856054523196,87.15108551174124,6.200859402903686
275,34.665856054523196,83.91670358883474,7.827919935169788
276,34.72260349779587,90.83629893238434,8.589368377512178
277,34.72260349779587,87.23309608540926,7.624563688410458
278,34.72260349779587,83.80782918149467,6.9119311585210435
279,34.72260349779587,80.56049822064057,5.965058738781262
280,34.72260349779587,84.60854092526691,6.066480554550587
281,35.25286119910657,84.17005879692447,5.761675407807052
282,35.71750773736394,81.81818181818181,7.673418724789933
283,35.65854121571492,78.0164533820841,8.868840854875508
284,35.55209661680844,74.1613780598368,12.143590581119012
285,35.397642004949255,70.29569892473118,18.685890007349908
286,35.19438760209225,80.62665489849955,9.415231710733531
287,34.94126047956216,80.9792027729636,9.30355396271686
288,34.636868169941565,81.38252756573367,9.554802669916644
289,34.27944788823034,81.8294701986755,10.48973053396867
290,33.86679626391354,83.19903303787268,4.654765634681504
291,33.396171650995434,85.36776212832551,6.423636132880748
292,32.864156380821996,87.30098559514784,9.36707176255606
293,32.26645814911268,89.00293255131965,9.905281319358032
294,31.943106863964516,89.32664756446991,10.09803428184024
295,31.57547393906853,89.66480446927375,10.478629392219219
296,31.16199328940209,90.01358695652173,12.565677034998563
297,30.70078936018651,90.36939313984169,11.998072851199343
298,30.1896131125278,90.72890025575448,10.56733075783154
299,29.62575566494383,91.08910891089108,10.16430409128276
300,29.005929493494317,91.44736842105263,9.103670321311677
301,28.32610095664341,91.8013856812933,8.960466477452746
302,27.581246946439727,92.14922048997772,7.993054760370934
303,26.76498776568941,92.4892703862661,7.752043174944561
304,25.869006527538666,92.8202479338843,6.688375987747408
305,24.882073556311973,93.14115308151094,2.7282143196283175
306,23.788269377681406,93.61854684512429,3.1986617854623685
307,22.563360899681175,94.16360294117646,2.3929861303792377
308,21.1660258424703,94.58922261484099,2.1496889133141335
309,19.508993113291275,94.90662139219015,2.1140930952749173
310,18.511448382230057,95.02808404410236,2.39623358866975
311,18.511448382230057,95.02808404410236,2.7276387187895086
312,18.511448382230057,95.02808404410236,2.998441912031064
313,18.511448382230057,95.02808404410236,3.2464445404758044
314,18.511448382230057,95.02808404410236,3.511534294982358
315,18.511448382230057,95.02808404410236,3.809807349696563
316,18.511448382230057,95.02808404410236,4.100765741125449
317,18.511448382230057,95.02808404410236,4.356717241368663
318,18.511448382230057,95.02808404410236,4.458632732328674
319,18.511448382230057,95.02808404410236,4.358685724659324
320,18.511448382230057,95.02808404410236,4.198257257479519
321,18.511448382230057,95.02808404410236,4.135660128224998
322,18.511448382230057,95.02808404410236,4.362740036356182
323,18.511448382230057,95.02808404410236,4.554371704978621
324,18.511448382230057,95.02808404410236,4.700965332706358
325,18.511448382230057,95.02808404410236,4.817785313265378
326,18.511448382230057,95.02808404410236,4.92434637010753
327,18.511448382230057,85.10505512793843,9.85984840488359
328,18.511448382230057,88.9120033284793,10.247293659825587
329,18.511448382230057,92.80216351154566,7.172530250519035
330,18.511448382230057,96.77553567713751,2.978202906580628
331,17.089136862989886,97.0759062687763,2.959897783213347
332,15.407640272898993,97.28166570271833,2.93773039687121
333,14.523890657227549,97.64881507743982,2.9116033467529374
334,13.567100168503945,98.21267376782812,2.912483379929373
335,12.52755972897404,98.67295268028636,2.8973825798564037
336,13.11010895079709,98.91475582005951,2.892779834814191
337,13.26212292411015,98.84393063583815,2.9026973060791086
338,12.981022478976461,97.22605099931081,2.9146411603604387
339,11.507974007946542,93.8622754491018,4.237127136510664
340,9.77670412650206,90.60693641618496,9.005330488356588
341,7.375760267935303,87.46125232486051,10.968538346119082
342,5.76888740053952,98.26191189691339,0.3350212597485293
343,5.76888740053952,98.26191189691339,0.21973537660725587
344,7.375760267935303,98.1246125232486,0.1447006290128357
345,9.462632303379724,97.99422336328627,0.3235372291671666
346,11.399705903474874,97.87163285666777,0.8718391900761828
347,12.981022478976461,97.67401791867677,1.6204316366765403
348,14.357293234346557,97.39378793288111,2.5297682254463827
349,15.586383637395802,97.17085798816568,2.7199670117181425
350,16.699428763602675,97.07008808885485,2.86601552250015
351,17.7159241971227,96.96669310071371,2.9973069542233235
352,18.649215379914185,96.86089454247025,3.1940513530774064
353,19.508993113291275,96.75297113752123,3.3902899820467756
354,20.30259535417735,96.64326458973234,3.601211147016375
355,21.03575386285948,96.532184950136,3.3935194272171634
356,21.713053396184627,96.42021525503041,3.5453839750256573
357,22.33822967296673,96.30791505791505,3.6761765337412813
358,22.914371114562794,96.19592242665341,3.8240627871189377
359,23.444060220460088,96.08495394063459,3.9140841702943723
360,23.929475488466615,95.9758022093635,3.9863448737305394
361,25.441062663621487,95.83333333333333,3.9817215828907013
362,27.67128985696589,95.62002275312855,3.8402260574628544
363,29.43393358380546,95.33571004159239,3.815353802421412
364,31.639378536726156,95.09011808576756,3.720181771301556
365,32.63856126593332,93.8204055358867,2.7654835179828523
366,32.98978263179349,91.4606000659413,2.838695207486065
367,33.30010809393021,88.87765419615774,4.7159613855827
368,33.57061211376635,86.07768992781024,3.8674917798914348
369,33.80219330780672,91.46554739419378,2.935761819675685
370,33.995594381057124,91.33830315938943,3.067299892200492
371,34.15141762483067,91.23248293208768,3.3717740581621367
372,34.270136852119656,91.14980050779833,3.894455344144471
373,34.352106397471246,91.09163928441036,4.099804016301329
374,34.39756762714025,91.0589959692195,4.350814933688914
375,34.406653267171194,91.05243857719105,4.594793921532397
376,34.37938974693877,91.07208196121478,4.967524084501378
377,34.31569766273823,91.11758281761922,5.276170252659746
378,34.21539038191749,91.18815456843626,5.145791053835674
379,34.07817072565205,91.28260092890318,5.405764899361208
380,33.9036255808875,91.3993655269651,5.474404704579255
381,33.69121819160794,91.53659382587583,5.776733434716906
382,33.440277757032234,91.69220292815798,5.950697158589117
383,33.14998580693474,91.86395465155051,6.2124207357908485
384,32.819358613922,92.0495275333985,4.712581395545791
385,32.44722461212079,92.24658404829997,5.020386558267181
386,32.032195379524865,92.45283018867924,5.246959477385649
387,31.572628140570533,92.66606552449655,5.193867819265113
388,31.066576846927695,92.88422280548265,5.345330924821176
389,30.51172751249747,93.10539700480362,5.105541815657588
390,29.905311287563098,93.32786436970194,3.8091094454870698
391,29.243985162333907,93.55009251916468,4.058774984695878
392,28.523664055664636,93.59203472044932,4.298096119788383
393,27.739277081911183,94.57994579945799,4.010655891005278
394,26.88440008837756,95.27203611309099,3.4741981132675814
395,25.95067475369773,96.01557133043279,2.8587027048542724
396,24.772397625621796,96.51828999559277,2.686553043659493
397,23.251652182904774,96.80220245658619,2.284670440096869
398,20.91863405137916,96.94873881204231,2.448601433486693
399,19.819686683111314,97.05651491365776,2.3907367842615312
400,18.60442156189435,97.29371688115064,2.280350382173141
401,17.24171394617452,97.5912408759124,2.4241386210836784
402,15.673708125066009,97.80084447572132,2.5406117403982384
403,13.749702116206706,97.93080054274084,2.5284202462151977
404,11.486366205130121,98.03697039097007,2.428483522395795
405,9.08966181041038,98.12154696132596,2.498046867481086
406,9.08966181041038,98.12154696132596,2.94356189466043
407,9.08966181041038,98.12154696132596,3.046679842856371
408,9.08966181041038,98.12154696132596,3.142617923284914
409,9.08966181041038,98.12154696132596,3.22367516099595
410,9.08966181041038,98.12154696132596,3.297136523493164
411,9.08966181041038,98.12154696132596,3.3644406009285808
412,9.08966181041038,98.12154696132596,3.442939974428059
413,9.08966181041038,98.12154696132596,3.5233302967068343
414,9.08966181041038,98.12154696132596,3.584293347605435
415,9.08966181041038,98.12154696132596,3.6266163354076384
416,9.08966181041038,98.12154696132596,3.672183376813646
417,9.08966181041038,98.12154696132596,3.675793216248936
418,9.08966181041038,89.07655880031571,7.787216945679756
419,9.08966181041038,92.47040252565114,4.757675563123384
420,9.999014534427086,95.855421686747,3.8572025151772142
421,11.58900293285118,99.26800865080685,4.09798412199828
422,11.58900293285118,99.26800865080685,4.168723484444294
423,10.369855874194013,97.45222929936305,4.013275394265428
424,8.097926273220295,94.05737704918033,3.867966314816157
425,5.692780305338156,90.82191780821918,5.028933916874283
426,5.692780305338156,87.51902587519025,8.13962876462796
427,5.692780305338156,98.06697108066972,4.677452910846737
428,5.692780305338156,98.06697108066972,5.671036709742876
429,5.692780305338156,98.06697108066972,6.5907318532715715
430,5.692780305338156,98.06697108066972,7.485140072890098
431,5.692780305338156,98.06697108066972,8.374630661050386
432,5.692780305338156,98.06697108066972,9.251037225256475
433,6.377108370420191,97.95728876508821,10.213084260802622
434,7.641219078808836,97.680742162508,11.456228618835112
435,10.033645985046707,97.57957559681698,12.980915376404866
436,11.75624404356868,97.40549828178695,14.654707623192706
437,13.11010895079709,95.50148783476283,14.565820932466936
438,13.11010895079709,91.84316471206022,12.647719945851197
439,13.11010895079709,88.25485734290216,10.565905594194609
440,13.11010895079709,84.73656572728864,12.250160315976126
441,13.686545880603836,94.69373219373219,16.74753398875907
442,14.763168762793134,94.19675755342668,17.277103085782326
443,15.750759986830897,93.5594512195122,17.69335618470283
444,16.956005508130396,92.97137216189536,17.24765616957305
445,17.39942245419963,90.58422003613732,16.21002144793384
446,17.39942245419963,86.70949608512348,13.954280216488412
447,17.39942245419963,82.91507729371612,12.756685176130347
448,17.82551705970958,80.68993672177996,9.841638874232105
449,18.629055935723965,80.1307740982915,9.272058740316822
450,19.948593792181263,79.42143326758712,9.931201183613867
451,21.119802311499473,78.60232187571135,8.661937930487289
452,22.962121945451706,77.93594306049822,7.713092695029273
453,23.735905551373158,75.56309033664326,6.852399632808987
454,23.735905551373158,71.66384112375879,5.04075000426289
455,23.735905551373158,67.86146766771616,4.034396032388177
456,23.735905551373158,64.34972148219909,4.51502007531142
457,23.735905551373158,72.82635020586099,7.768855804830419
458,23.735905551373158,72.82635020586099,8.901604833280853
459,23.735905551373158,72.82635020586099,9.88789536680748
460,23.735905551373158,72.82635020586099,10.624056801933303
461,23.735905551373158,72.82635020586099,11.475233387371114
462,23.735905551373158,72.82635020586099,12.41967389103123
463,23.735905551373158,72.82635020586099,13.465303500546984
464,23.735905551373158,72.82635020586099,13.775823221065078
465,23.735905551373158,72.82635020586099,14.105682004199117
466,23.735905551373158,72.82635020586099,14.41511358658448
467,23.735905551373158,72.82635020586099,14.674112700325274
468,23.735905551373158,72.82635020586099,14.915690504807968
469,23.735905551373158,72.82635020586099,15.217686794222264
470,23.735905551373158,72.82635020586099,16.025574013135536
471,23.735905551373158,72.82635020586099,16.610897684081905
472,23.735905551373158,72.82635020586099,16.959370619873134
473,23.735905551373158,72.82635020586099,17.126206187520108
474,23.735905551373158,72.82635020586099,16.594257012970573
475,25.04339198375782,72.38307349665924,16.473894703800582
476,26.864272319879852,71.40273831051408,13.196151440383666
477,26.864272319879852,61.17282355980367,6.815234070782404
478,26.864272319879852,60.656161198656676,7.326386957040102
479,26.864272319879852,60.42366313614053,6.223732478007498
480,27.56690023033257,61.715039577836414,7.653733829287085
481,26.820767980256154,59.57717778909832,6.413352780869548
482,26.00743213727399,57.46928746928747,6.4005099396649285
483,25.11959836805443,55.589767882520135,4.156413464337692
484,25.11959836805443,63.05068687825675,7.049884569190696
485,25.11959836805443,63.05068687825675,6.825087328278937
486,25.11959836805443,63.05068687825675,6.504555234334175
487,25.11959836805443,63.05068687825675,6.232217670111549
488,25.11959836805443,63.05068687825675,6.128343284702625
489,25.11959836805443,63.05068687825675,6.035089528124292
490,26.41334926427022,55.94474592994573,3.0312180991860647
491,27.5582006127979,57.960965588084235,4.6651819860719135
492,28.585214129344223,60.2618920363442,4.991579685822737
493,29.5138072267138,62.61812117843246,5.3835498965134585
494,29.440142091594858,62.79844530816213,5.479934147104942
495,29.188949116717076,63.15352697095436,5.554932916371607
496,28.737126065725466,63.45889469342865,5.39716105301114
497,28.43500960086116,63.95508079978088,5.423359125252247
498,29.084842469599486,55.9931992065741,8.767211192547753
499,29.6794815969344,58.682284040995604,9.412823091642405
500,30.222255616458874,61.801148383197344,8.833012025347724
501,31.744674122173116,64.91834170854271,5.876672915841897
502,32.48259039435661,65.20504731861199,6.15190200876138
503,32.752916348637555,65.32869785082174,6.814793601457676
504,32.66497106340788,65.28742893240683,7.425152860048595
505,32.330576421043546,65.37492123503466,8.464503583843046
506,33.285912982517985,68.74589625738673,8.744059757697244
507,34.14098385567251,72.35133287764867,9.258172237983855
508,34.90895333812627,76.19047619047619,2.4304851419066207
509,33.895957988545355,76.53061224489795,2.237470529536443
510,32.57717419410968,76.89631176061239,2.5097855280598202
511,31.457644339438218,77.2852233676976,3.1931486472169617
512,30.526614715601504,78.30543218312265,2.6783493888846723
513,30.546094533668253,79.93162393162393,1.398811144970637
514,31.004715020110797,79.76064765927491,1.4659902643942933
515,31.413736774414144,79.63833634719711,1.4552721044085832
516,31.77516419640774,79.56989247311827,1.7003757941223514
517,32.09065796042805,79.56010618126659,2.0222387809030673
518,32.36158986534417,79.61315280464217,2.5117491673489627
519,32.589084108279884,79.73238882329791,3.5990556666191567
520,32.7740484977307,79.92015968063872,4.602943620250758
521,32.917198001580786,80.17763423496164,5.311144643816838
522,33.01907228066417,80.50468050468051,5.514193570745034
523,33.08004834616102,80.8997955010225,5.588956306692592
524,33.10034911290195,81.3600983203605,5.830210771019174
525,33.08004834616102,81.88139059304703,6.224292582099381
526,33.01907228066417,82.45828245828245,5.130002078089176
527,32.917198001580786,83.08437626160678,4.084070632939114
528,33.965926039388386,83.39453284373725,4.343723894585789
529,35.39171521380046,83.27028163093736,4.915833478848079
530,36.444626943209386,83.02375809935205,6.328790953438152
531,37.27405763317277,82.64718902169102,7.79370387930769
532,39.07321801612083,80.60992262175694,11.20559079962607
533,40.18043070426853,82.64115725618292,8.73947057980922
534,41.00517637302208,84.45398187887459,6.7274620526022515
535,41.63250411159605,86.01262748907237,6.729387845611982
536,40.89458783941255,86.25180897250362,6.611442904029803
537,40.27591604888034,87.3913043478261,8.27510190317661
538,40.54834340543151,89.46341463414635,6.33006443017556
539,40.70898846676701,91.41315014720314,4.7072019818584465
540,40.81914782947014,93.44504682109414,2.840250317049589
541,40.79333668606299,93.45150172328903,3.023453147528613
542,40.66351448025385,93.48358647721705,3.277860833602577
543,40.42649599942847,93.54055366682856,3.3532036656919173
544,40.07602259057942,93.621103117506,3.5483808319505306
545,39.60162881307279,93.72345445965078,3.7589633924900085
546,38.986266913557905,94.16936603424341,3.45054370139788
547,38.20090523557806,94.79873360470376,3.6556200402338828
548,37.18950298264613,95.24019391802557,3.2683202075648996
549,35.80294497483651,95.5032119914347,3.2503158485190915
550,34.58484314349068,95.59932942162615,3.2770094892440014
551,34.2894804042568,95.66473988439306,3.281567630264543
552,33.92248931509518,95.74209245742092,3.2594711844090725
553,33.47967783784369,95.83002382843527,3.237554912133034
554,32.955408801911794,95.92707525213343,3.2018109266406016
555,32.34203175135967,96.03174603174604,3.0890932672779785
556,31.628917636592654,96.1425422483468,3.077779288354329
557,30.8006903794477,96.25801853171775,3.1254904492182103
558,29.83361025088284,96.82539682539682,2.649606478064401
559,28.686804380788363,97.23148765843897,2.5244191953534028
560,27.273412301090282,97.48873148744366,2.580261371959758
561,25.182414281402366,97.61018001241465,2.5953160476376613
562,25.11536044107432,97.62198888202595,2.6384883927504212
563,25.01457153174983,97.63948497854078,2.682179243797995
564,24.87979427166104,97.66241651487553,2.7261868912284086
565,24.710684970607772,97.69046190761847,2.7892277433958936
566,24.506804107377516,97.72324068598462,2.78912131068037
567,24.267609156242692,97.76032577079698,2.866844478856974
568,23.992445355997678,97.80125642490006,2.912299724128052
569,23.680534003843626,97.84555120313374,2.989325947790365
570,23.330957707875054,97.89272030651341,3.0692108454595983
571,22.942641828483,97.94227685729557,3.138979559878513
572,22.514331054072702,97.99374674309536,3.2091723651020545
573,22.044559648620044,98.0466768138001,3.2649023831474207
574,21.53161331137676,98.10064134188455,3.2757749222884995
575,20.973479693235063,98.15524676569238,3.3248468437390484
576,20.36778323451971,98.21013482101348,3.368925105987759
577,19.711697799761485,98.26498422712933,3.4151855965630364
578,19.00182699179794,98.31951113051069,3.459931990143554
579,18.23403589431902,98.37346852555979,3.4475493711574385
580,17.403207030170627,98.42664487127094,3.4749182088708777
581,16.502872623065084,98.478862109838,3.4992870805706597
582,15.524633448938227,98.5299732722413,3.455816811109407
583,14.457182747152975,98.57985983032091,3.4485858260920503
584,13.284528772251832,98.6284289276808,3.450575213100036
585,11.982370581461348,98.89920880632955,3.3053396999547724
586,10.50932211043143,99.08668216539355,3.3122775065604277
587,8.77805222898695,99.1984610452068,3.3338244680439764
588,6.377108370420191,99.24172082946457,3.2783869898962226
589,4.966448892725745,99.4311377245509,3.244139053209848
590,3.3513527906388765,99.5511149724877,3.173567756793654
591,1.3810876425130094,99.6078431372549,3.0333418212996697
592,-0.0,99.61432506887053,3.0214595721718815
593,-0.0,99.61432506887053,3.0091349619154553
594,-0.0,99.61432506887053,2.9965580381264054
595,-0.0,99.61432506887053,2.9837616904826327
596,-0.0,99.61432506887053,2.9707754149994767
597,-0.0,99.61432506887053,2.95762509777497
598,-0.0,99.61432506887053,2.9443346907853996
599,-0.0,99.61432506887053,2.9309265890698013
600,-0.0,99.61432506887053,2.917420496248942
601,-0.0,99.61432506887053,2.9038324074591313
602,-0.0,99.61432506887053,2.89017627307758
603,-0.0,99.61432506887053,2.8764663300550932
604,-0.0,99.61432506887053,2.862718953290772
605,-0.0,99.61432506887053,2.8489496421457794
606,-0.0,99.61432506887053,2.8351717030428127
607,-0.0,99.61432506887053,2.8214231537294547
608,-0.0,99.61432506887053,2.8077318816308385
609,-0.0,99.61432506887053,2.7941160034595445
610,-0.0,99.61432506887053,2.7805840469932743
611,-0.0,99.61432506887053,2.766663072346888
612,-0.0,99.61432506887053,2.7485655631512684
613,-0.0,99.61432506887053,2.7218281023980424
614,-0.0,99.61432506887053,2.682068893660095
615,-0.0,99.61432506887053,2.6339965345964984
616,-0.0,99.61432506887053,2.5858454154677943
617,-0.0,99.61432506887053,2.5379051105911814
618,-0.0,99.61432506887053,2.490267575031991
619,-0.0,99.61432506887053,2.4427781264970485
620,-0.0,99.61432506887053,2.3951805402576327
621,-0.0,99.61432506887053,2.3452647241120097
622,-0.0,99.61432506887053,2.287011086425868
623,-0.0,99.61432506887053,2.2144390130953946
624,-0.0,99.61432506887053,2.122134915725664
625,-0.0,99.61432506887053,2.028488485312285
626,-0.0,99.61432506887053,1.9340896043594042
627,-0.0,99.61432506887053,1.8122799864337107
628,-0.0,99.61432506887053,1.6484998096059333
629,-0.0,99.61432506887053,1.5347439352493262
630,-0.0,99.61432506887053,1.9374424719436913
631,1.3810876425130094,99.6078431372549,2.937110955810364
632,3.3513527906388765,99.5511149724877,4.2789720857115165
633,4.966448892725745,99.4311377245509,4.339680955216573
634,6.377108370420191,99.24172082946457,4.416864071174144
635,7.641219078808836,99.10428662827896,4.503283317794193
636,8.789939738430267,99.07438016528926,4.599174893065741
637,9.842790932353244,99.04371584699453,4.707540602657457
638,10.813144560727114,99.01234567901234,4.811578691967971
639,11.710719458230837,98.98033503277495,4.908199673065636
640,12.542883317967812,98.94776399849681,4.991641245119986
641,14.89028264088022,98.88715345568137,5.094052666648288
642,16.566985823389654,98.7423935091278,5.196254108373078
643,17.984405600204937,98.50400337126001,5.1994088176720705
644,19.229830892082628,98.16192560175055,5.290932143172898
645,20.344602983252727,98.09177646524307,5.492246265832455
646,21.352975252309623,98.01980198019803,5.6245462111552795
647,22.18317207215906,97.4853515625,5.83690675063918
648,22.861234852891037,96.3673057517659,5.428378965574276
649,23.179600134442282,93.59138682389131,4.5071971527449035
650,23.179600134442282,89.36170212765957,3.8786609269957295
651,23.179600134442282,85.23455524224558,5.373645922805517
652,23.179600134442282,81.20994616764932,9.02442858360868
653,23.179600134442282,93.59138682389131,5.96408746811678
654,23.179600134442282,93.59138682389131,7.3754449335989145
655,23.179600134442282,93.59138682389131,9.119890180321343
656,23.179600134442282,93.59138682389131,11.11346677554415
657,23.179600134442282,93.59138682389131,11.816987578809867
658,23.179600134442282,93.59138682389131,12.480005973128133
659,23.179600134442282,93.59138682389131,13.11122156517708
660,23.179600134442282,93.59138682389131,13.715030133994366
661,25.43909712120425,93.27978580990629,14.30933210482318
662,27.02594382668196,92.84316466312552,13.616744575959032
663,28.351463847068164,92.26728917420485,13.980272508075796
664,29.36256359077645,91.37040413248253,13.866264516852809
665,30.136800079226504,90.12306721363205,13.007583015378533
666,31.040738119242583,88.96551724137932,12.655312974245104
667,32.03344330346327,87.90681740322029,11.804087460680655
668,32.9166811393903,86.64762584791146,13.235309903352412
669,33.70623367771598,85.17279821627648,13.839297263965474
670,34.41318191286105,83.77752027809966,14.588941742306746
671,35.04568152284339,82.60521042084169,11.739391908862263
672,35.60993701331827,81.40307181403072,10.021635220055852
673,35.86802591814773,78.30308146897426,6.857985311747856
674,35.86802591814773,73.44871253693542,7.1701588203154225
675,35.86802591814773,68.76319121992402,6.119777110296195
676,35.86802591814773,64.24651751794006,8.179974747283325
677,35.86802591814773,74.88391726466864,7.208373909508095
678,35.86802591814773,74.88391726466864,7.988625774807213
679,35.86802591814773,74.88391726466864,8.80250410246515
680,35.86802591814773,74.88391726466864,9.615175638603526
681,35.86802591814773,74.88391726466864,10.403194275071876
682,35.86802591814773,74.88391726466864,11.101754555939223
683,35.86802591814773,74.88391726466864,11.659335268001513
684,35.86802591814773,74.88391726466864,12.122622176752872
685,35.86802591814773,74.88391726466864,12.499769079349697
686,35.86802591814773,74.88391726466864,12.949204129267173
687,35.86802591814773,74.88391726466864,13.389512136166722
688,35.86802591814773,66.4837484170536,13.931417526297038
689,35.86802591814773,71.08484592655128,17.442613933849554
690,35.86802591814773,75.8547910510764,8.604142784411197
691,35.86802591814773,80.79358379062896,4.480424200956632
692,35.38150089392992,81.73273395995096,4.741731744480924
693,34.834098309948445,82.66877220686932,4.951565812360105
694,34.22149377714091,83.59345260753712,4.548830636443849
695,33.53819593247361,84.49981678270429,4.544005109794435
696,32.77708925762552,85.38217682282495,3.94686281768332
697,31.928689193679247,86.47277646263105,4.526078701410957
698,30.97984189439556,87.6419072332144,3.7899143103591166
699,29.91123009165297,88.6229406279142,4.955869356289916
700,28.69188495618579,89.43137838642453,4.980704212126825
701,27.63463441998066,90.07437070938215,5.562993409211787
702,27.147791232685012,89.93834080717488,5.678372086803236
703,26.875363876133832,89.01895206243033,5.316248201382514
704,26.483287248930463,88.38495575221239,5.1483094506164715
705,25.958456803133622,87.5684556407448,5.072128452711369
706,25.279026215535346,88.63636363636364,5.756033949060664
707,24.405719252325838,88.66061899679829,5.941493168921579
708,23.732223977405873,88.80656258269383,6.16317442491657
709,22.733572079890767,88.62496700976511,6.294520764945357
710,24.58161432486047,87.98460269452846,6.387274622538125
711,24.58161432486047,83.72284850151223,3.9774110740479873
712,24.58161432486047,79.57107506186418,5.536369615094111
713,24.58161432486047,75.52928237558427,11.934739333627071
714,24.58161432486047,84.13527632664284,3.5882071819422974
715,24.58161432486047,84.13527632664284,3.735290212528969
716,24.58161432486047,84.13527632664284,3.8204986842242357
717,24.58161432486047,73.74209513335167,14.542272406028678
718,24.58161432486047,77.67390706626341,8.900925803194827
719,24.58161432486047,81.7156997525433,5.626806196533626
720,24.58161432486047,85.86747319219137,2.9614374625799487
721,24.368298201526773,88.78935939196525,2.067049299845956
722,24.368298201526773,88.78935939196525,2.318501353554348
723,24.368298201526773,88.62649294245385,2.6764135924841934
724,24.368298201526773,88.68078175895765,3.156100105643564
725,23.62722190287578,89.85546038543897,3.94577858935799
726,22.696017201208875,90.25289778714436,4.96741861275041
727,22.696017201208875,90.25289778714436,6.068413950911026
728,22.696017201208875,90.25289778714436,7.377297878568905
729,22.696017201208875,90.25289778714436,8.91846469009607
730,23.189034388715093,88.79150066401063,9.341849981973382
731,24.01846507867847,90.18603397142087,10.896719562592569
732,24.368298201526773,90.82519001085777,12.213813080216976
733,24.368298201526773,90.82519001085777,13.546228430090318
734,25.860507884320924,89.60382129811745,14.278158026633255
735,27.6231516111605,89.05837488999707,15.709520077556736
736,28.874144082954366,88.26047080403546,16.26296478289021
737,29.822991382238058,87.18600953895071,16.24917894891747
738,30.671391446184316,85.92666005946482,18.392278667566252
739,31.432498121032417,84.4703462461433,20.121818310829557
740,32.11579596569972,83.09058614564832,20.665788520344243
741,32.72840049850725,81.91841234840132,19.218486552296568
742,33.27580308248872,80.72106261859582,18.775108893789895
743,33.76232810670654,79.50723504106375,18.770923974620725
744,34.19142864621978,78.28709288299156,18.084615794761476
745,34.565885550042566,77.0721649484536,18.24520433140947
746,34.84939705343375,74.87373737373737,14.11603700990517
747,35.04733033014098,71.53846153846153,11.00453858825433
748,35.20040642859844,68.38235294117646,13.69822475469137
749,35.30928761363687,64.74694589877836,11.60511811136699
750,35.37443506731942,67.89473684210526,13.612126214629724
751,35.39612090124477,67.48681898066783,13.881516193645146
752,35.390700843898756,65.48089591567853,11.677576203151002
753,35.390700843898756,61.923583662714094,10.156171587287734
754,35.390700843898756,58.5419411506368,8.392678728970711
755,35.390700843898756,55.33596837944664,8.80847028557817
756,35.390700843898756,61.176987263943786,9.57542720498432
757,35.390700843898756,61.176987263943786,9.692823791525905
758,35.390700843898756,61.176987263943786,10.262710148340485
759,35.390700843898756,57.18050065876153,10.417979707492773
760,35.390700843898756,60.38647342995169,9.204274851217045
761,35.37443506731942,61.973684210526315,11.169166322392472
762,35.30928761363687,61.64921465968586,10.10022705564587
763,35.87174770145996,59.35971542907959,8.48166833661169
764,36.845374596343795,58.09128630705394,8.22149325183317
765,37.659616633379756,55.03099666189795,6.978315967910953
766,38.34479505830857,56.66502705361535,8.087075427932216
767,39.465870825886576,57.400903161063724,7.627469065347475
768,40.904051120510495,59.614382490880665,6.773621929910815
769,42.4163474259829,61.20920278223649,6.688238700880069
770,42.97664895664632,61.472326706072,7.032339173761599
771,41.849756466172515,58.09674027339643,6.948722916408545
772,41.849756466172515,54.153522607781284,7.0706014039091345
773,41.849756466172515,50.42060988433228,9.56047173241094
774,41.849756466172515,57.04521556256572,8.569670587980209
775,41.849756466172515,57.04521556256572,10.036729445935181
776,41.849756466172515,57.04521556256572,11.530648585816282
777,41.849756466172515,57.04521556256572,12.533389798860568
778,41.849756466172515,50.78864353312303,14.010535007309498
779,41.849756466172515,54.41640378548896,15.310760439019742
780,41.849756466172515,57.88643533123028,16.496601887333814
781,41.849756466172515,62.039957939011565,15.933188597957477
782,41.819908249164726,64.76140534871526,14.237084416549482
783,41.72418329917335,65.99063962558502,15.059593055930554
784,41.57998709425289,67.33436055469954,14.243141717227576
785,41.3865679180611,68.7721071248105,15.769722377413482
786,41.142886378291244,70.28231797919763,18.818719733114733
787,40.84757970870161,71.69811320754717,16.796310766805924
788,40.4989115536667,74.8469147432878,13.871866150725861
789,40.09470216383576,77.73205304069502,10.29259471843576
790,39.63223109044716,80.3452855245684,8.562455377139015
791,39.17480410338927,82.55465066438063,6.5843666446800455
792,38.658320817953665,84.84472049689441,5.699600799569751
793,38.10340684383318,86.61606072712745,6.217263127437149
794,37.48352032157717,88.45709888418622,6.142572998815486
795,36.56851388108238,89.6500920810313,5.567922287980192
796,35.532808524295405,90.63050369848538,5.082908412034898
797,34.897232418241984,90.96774193548387,4.84685928834641
798,34.19548713510345,91.30434782608695,4.378644880830631
799,34.69398992133024,91.43317230273752,4.112156825005878
800,35.60779676397307,91.27473240350308,4.020831788583888
801,35.892208285594066,90.82926829268293,4.4912292861016905
802,35.892208285594066,90.27642276422765,4.719129341805056
803,35.892208285594066,90.27642276422765,4.4840428325533495
804,35.892208285594066,90.27642276422765,4.32923053231629
805,35.892208285594066,90.53658536585365,4.250431025214912
806,35.892208285594066,91.15447154471545,3.9787471237047662
807,36.02965305192533,91.45745027714379,3.970465002012307
808,36.02965305192532,91.78350179328334,4.187571746284598
809,35.89220828559407,92.55284552845528,4.148732290424956
810,35.611327019124175,93.2060821740537,4.418756390003468
811,35.1732770084881,93.73996789727127,4.557414210018924
812,34.5515554992334,94.15316174134097,5.052624033693819
813,35.095102971979415,93.95730706075534,5.069559021929813
814,35.58756431721086,93.76482548288716,4.980489541654364
815,36.03141598951052,93.57766143106457,4.9597815695336385
816,36.42872197592887,93.39791890922139,4.954896234838443
817,37.25316932715556,93.0085533655634,5.283746334342216
818,38.39170947553432,81.40801244651887,8.667502829460243
819,39.37716207015187,85.04672897196262,6.809134410329058
820,40.24035425452306,88.72403560830861,7.029551486464064
821,41.0004483848186,92.75938189845475,4.591578454575628
822,39.71188887294444,88.46315789473684,7.259689216360018
823,38.06034374809954,84.27597272362615,7.7555079756237735
824,36.936709900819,80.59071729957806,11.238701581485946
825,35.6019563627389,91.93843898864053,4.569246235279308
826,33.90566316849068,92.40993354319693,3.6959677571348513
827,31.40940895673456,92.75700934579439,3.3453230256913
828,29.8912620281893,93.23116219667943,1.9879451708500766
829,27.698708482289163,93.55921855921856,1.7484655097584914
830,25.493263529368466,93.86682242990655,1.4161957547407622
831,25.493263529368466,93.86682242990655,1.4239708894492193
832,25.493263529368466,93.86682242990655,1.4301838231917983
833,25.493263529368466,93.86682242990655,1.4346713080779492
834,25.493263529368466,93.86682242990655,1.4367772186130403
835,25.493263529368466,93.86682242990655,1.4366177351980767
836,25.493263529368466,93.86682242990655,2.1957912111295177
837,25.493263529368466,93.86682242990655,2.3152495120632555
838,25.493263529368466,93.86682242990655,2.2776572272236932
839,25.493263529368466,93.86682242990655,2.490523096218621
840,25.493263529368466,93.86682242990655,2.7390167068647187
841,25.493263529368466,93.86682242990655,3.0127260712136117
842,25.493263529368466,93.86682242990655,3.265837079548777
843,25.493263529368466,93.86682242990655,3.5127953204324673
844,25.493263529368466,93.86682242990655,3.741463718935607
845,25.493263529368466,93.86682242990655,3.9748887279482457
846,25.493263529368466,93.86682242990655,4.210155363046295
847,25.493263529368466,93.86682242990655,4.439715689399763
848,25.493263529368466,93.86682242990655,4.642125665353605
849,25.493263529368466,93.86682242990655,4.81234812723408
850,25.493263529368466,93.86682242990655,4.977801262084213
851,25.493263529368466,93.86682242990655,5.144175822221418
852,25.493263529368466,93.86682242990655,5.2963406643765305
853,25.493263529368466,93.86682242990655,5.418468872179162
854,25.493263529368466,93.86682242990655,5.545423461482922
855,25.493263529368466,93.86682242990655,5.704838794033626
856,25.493263529368466,83.61565420560747,11.329756318160117
857,25.493263529368466,87.73364485981308,11.862889980996632
858,25.493263529368466,91.96845794392523,8.22016675609191
859,25.493263529368466,96.32009345794393,3.6070951548187575
860,24.606170385778565,97.10185706246483,2.518733394908318
861,23.6196494390506,97.72481040086674,2.4374068010151415
862,23.16151147938954,97.78481012658227,2.4983025429109693
863,22.659921548134935,97.84615384615384,2.5763773654222657
864,22.112880185321707,97.90836653386454,2.6381006296531306
865,21.51802384129838,97.97101449275362,2.7010074028593336
866,20.872537589678323,98.03370786516854,2.720904858123069
867,20.173035511116147,98.09610154125113,2.729101496022201
868,19.415392498113324,98.15789473684211,2.761197246120277
869,18.594500269093242,98.21882951653944,2.776677385195692
870,17.703899680189796,98.27868852459017,2.788193830401985
871,16.735199621672525,98.3372921615202,2.7736980199490775
872,15.677100969798175,98.39449541284404,2.749638594877356
873,14.513619175301079,98.45018450184502,2.742881943359635
874,13.220460084168446,98.73575498575498,2.5261169822240475
875,11.75624404356868,98.93470790378007,2.497001085831939
876,10.033645985046707,99.0550397877984,2.46784725154755
877,7.641219078808836,99.10428662827896,2.434743647052852
878,6.377108370420191,99.24172082946457,2.3530628765927983
879,4.966448892725745,99.4311377245509,2.2499643062115546
880,3.3513527906388765,99.5511149724877,2.1174097624498085
881,1.3810876425130094,99.6078431372549,1.9093196843156144
882,-0.0,99.61432506887053,1.7685357569518185
883,-0.0,99.61432506887053,1.618814038308306
884,-0.0,99.61432506887053,1.4513091793613855
885,-0.0,99.61432506887053,1.3302842740382952
886,1.3810876425130094,99.6078431372549,1.36854880640725
887,3.3513527906388765,99.5511149724877,1.3792291372406458
888,4.966448892725745,99.4311377245509,1.4140689927254098
889,6.377108370420191,99.24172082946457,1.4828408279172105
890,7.641219078808836,99.10428662827896,1.591849119820714
891,8.789939738430267,99.07438016528926,1.7185120816212767
892,9.842790932353244,99.04371584699453,2.0595006247955383
893,10.813144560727114,99.01234567901234,2.8977640983031314
894,11.710719458230837,98.98033503277495,4.130692073781833
895,12.542883317967812,98.94776399849681,5.382570613878024
896,14.27409435289359,98.91050583657588,6.703743341322307
897,16.15660125405369,98.8071168621108,7.980241429708541
898,18.27892392450375,98.69638351555929,9.285033513679952
899,19.686407066190718,98.44842657342657,10.489108335879385
900,20.921684273592312,98.09264305177112,11.83769285211985
901,22.026087635361044,97.61792452830188,13.10842852194786
902,23.023860721279778,97.01273261508325,14.41463235953629
903,23.930934214758977,96.69715447154472,15.673173680780428
904,24.597904740162495,95.5094537815126,15.486884594421033
905,25.210102215773368,94.14316702819957,15.700798477764222
906,25.77087645268795,92.58948545861297,15.03316094119241
907,26.28300362190929,93.83640552995392,17.607249139254563
908,26.748805605198584,93.6611374407583,18.424382188077544
909,27.170236982624335,93.49148418491484,19.325404099914444
910,27.548949767778755,93.3291770573566,20.27300337282203
911,27.886342407165056,93.17602040816327,20.805284200789337
912,28.03992078602557,90.91202062520142,19.111949060157272
913,28.03992078602557,86.62584595552691,16.387387892559474
914,28.03992078602557,82.46857879471479,15.923103656540198
915,29.286319845971114,80.19769357495882,13.718311498448058
916,30.198633473136788,77.9050185247558,12.111499489678703
917,31.570963544415484,76.38260869565218,11.974689082900143
918,32.59176216285901,74.73986365267312,7.916274601547756
919,33.045783700705385,72.65366212734634,7.263945651317672
920,33.67644953737637,71.0916698364397,4.057377251994908
921,34.23470650444844,69.36053354256572,6.103764972864666
922,34.72593021363986,67.46063786838918,6.092592671299762
923,35.15431716257365,67.13634479900539,5.1913312801764935
924,35.523178633027605,66.61009758167161,4.9893869467198755
925,35.835137685069846,66.17583369423993,4.964863114420058
926,36.09226496317073,65.84398413397973,3.9738708271344705
927,36.29617404262858,65.62360303978542,3.5428584969283103
928,36.448088846894585,65.52191595119747,3.7127580150382062
929,36.54889093096135,65.54392353208921,3.9200521231431873
930,36.599151545592164,65.69209684787575,4.138047020658105
931,36.599151545592164,65.96619460941069,4.739466131882238
932,36.54889093096135,66.36322257624033,5.767351087866468
933,36.448088846894585,66.87754179846362,6.322077220788538
934,36.296174042628586,67.50111756817167,7.287579647873962
935,36.09226496317073,68.22388717496695,7.826777445643756
936,35.835137685069846,69.03421394543092,7.330125730013983
937,36.24152498834109,69.38068427890862,7.072445463405661
938,37.100983960701996,69.14940502423975,7.009222626543505
939,37.72270546995669,68.84219937416182,7.092062334288074
940,38.16075548059277,68.4591052869408,8.0573094695283
941,38.16075548059277,67.5101671938545,8.536677464309609
942,38.16075548059277,66.74197921373701,7.594018808905303
943,38.16075548059277,66.74197921373701,7.2778982790429465
944,38.16075548059277,66.74197921373701,6.954562984282081
945,38.16075548059277,67.5101671938545,7.281362833356383
946,38.16075548059277,68.4591052869408,6.251439087800693
947,38.47940592054523,67.54022988505747,6.522370689974488
948,38.72745325078915,66.7132867132867,5.609409277124533
949,38.90746708456682,65.99152143193594,4.607824912056996
950,39.021215644643846,65.3864390706496,4.275321010617592
951,39.06977693909979,64.90727532097004,4.058792930420919
952,39.053602275851716,64.56057007125891,4.024968799131509
953,38.9725419170267,62.78959810874704,4.879379421893443
954,38.82583662778964,64.7444913267698,4.060597376739918
955,39.70835066885373,66.36834667922751,4.577301569131217
956,40.851168224243786,67.5779376498801,4.795272567634252
957,41.55150251844813,69.51159348791317,5.384655779532943
958,41.652897237230995,70.13439522150324,7.281019892907069
959,40.56554434302828,66.76456191874694,5.508962324810415
960,40.58773485869709,53.35948994605199,8.320009557828085
961,40.56554434302828,63.680861478218304,7.016705077920917
962,40.49887640248285,67.0559610705596,5.457526910215648
963,40.387439323897766,70.3132530120482,6.440277749287972
964,40.08785313212354,72.10948560641812,3.8314838138615595
965,39.58168169458124,72.6108824874257,3.939523969667383
966,39.001269994601294,73.17719840919133,4.2106988752840415
967,38.33973214910701,73.7963357477631,4.497621162583101
968,37.975765110622945,73.7876254180602,4.811822196319403
969,37.975765110622945,73.7876254180602,5.161381948204496
970,37.975765110622945,73.7876254180602,5.5650983113542045
971,38.02135953504457,73.84937238493724,5.992526997492926
972,37.975765110622945,73.7876254180602,6.388879160871446
973,38.68115406632886,76.60590277777777,10.387810741068703
974,39.3011407485115,79.36151079136691,11.713079965903095
975,39.843687814218754,82.38847583643123,15.056526401637868
976,39.58168169458125,81.84727937814358,15.136718916145067
977,39.14286913061481,80.28673835125448,14.109819741658074
978,37.08535664823489,76.66666666666667,12.511109422423592
979,36.60364761905015,75.13604018417747,9.34869208418994
980,37.30872578282438,74.30406852248395,9.381313923678066
981,37.878860296953654,73.04499781564002,10.86007759083506
982,38.33196998305622,71.61261661483785,8.703868111848099
983,38.67959600823788,70.37370553804593,6.7001472440435
984,38.92934737663732,69.53160527512506,8.533836528614819
985,40.02034753029927,68.80479926165205,8.906365863975235
986,41.206581729493266,68.04705882352941,8.765692443140631
987,42.598948872375374,67.32151413512219,9.217296775088954
988,43.69399422272615,66.63419386264003,8.733413870103611
989,44.3888532398647,65.86087814504194,8.614825975917592
990,44.827727142546884,65.00746640119462,8.875452667906398
991,45.06005414115431,64.48224112056027,8.728740474742501
992,45.10564856557592,64.4466700050075,9.406744370886814
993,44.96801425450976,64.55317024463305,9.51950486446581
994,44.96801425450976,64.55317024463305,9.754651850898343
995,44.96801425450976,64.55317024463305,9.871543593958968
996,44.49038006011099,63.78885051800691,9.271366611622573
997,43.80291581086367,62.79747450218553,8.409399077532257
998,43.416289873314625,61.27195064072141,6.9060165328607965
999,42.72986087813804,58.67091488393264,6.651862908145728
1000,41.95386633654279,55.773420479302835,9.138765417783622
1001,41.528412273671414,52.407328504473796,11.059481635962099
1002,41.528412273671414,62.249680443118876,8.702798530935825
1003,41.528412273671414,62.249680443118876,9.059479504666978
1004,41.528412273671414,62.249680443118876,9.419067171419108
1005,41.528412273671414,62.249680443118876,10.135980078533741
1006,41.528412273671414,62.249680443118876,10.497838489737818
1007,41.528412273671414,62.249680443118876,10.737022500855469
1008,41.528412273671414,62.249680443118876,10.990289344919855
1009,41.528412273671414,62.249680443118876,11.176314148749292
1010,41.528412273671414,62.249680443118876,11.320627095820111
1011,41.528412273671414,62.249680443118876,10.926350843049198
1012,41.76168316764034,53.33622183708839,11.886814598606188
1013,42.18720430038654,55.54561717352415,9.689517078302112
1014,42.5601022959514,57.36648250460405,8.730439979395893
1015,42.88245635074988,59.02646502835539,6.468602467807036
1016,41.759599800048306,59.94475138121547,6.722246632197592
1017,39.945759039302594,60.1520572450805,5.902543566208692
1018,40.16136020773017,58.970856102003644,5.682018730877549
1019,40.332784061376046,57.90203327171904,5.582928495637135
1020,40.460747296080555,56.96261682242991,5.343605278286505
1021,40.54577233623053,56.16760828625235,5.133611415231939
1022,40.588200533364365,55.529300567107754,5.381005834124869
1023,40.588200533364365,55.05671077504726,6.042584815634533
1024,40.54577233623053,54.75517890772128,6.299810953513656
1025,40.460747296080555,50.2803738317757,6.281168282281959
1026,40.332784061376046,53.18853974121996,5.834540429761026
1027,40.25254476122271,54.52042221202387,5.8671090791168
1028,40.25254476122271,54.153281321707205,5.521227335281699
1029,40.402161231296546,54.95118549511855,6.053894267650276
1030,40.50860163215396,55.560769591740964,7.116871498895062
1031,40.57229651974858,65.17225106182161,6.893836864090053
1032,39.81449091086073,65.73777980813156,6.934697304181345
1033,38.91497658055651,66.96074106749008,7.26302359448838
1034,37.83310363370208,68.0407989800255,7.449621241302081
1035,36.482209405784545,68.98242746219861,7.904974501821971
1036,34.45145045515591,69.79207532365633,8.672286964754134
1037,34.47531735478337,71.7374213836478,9.741894615727231
1038,35.06669471893776,73.1062124248497,8.911913902744656
1039,36.07045760722774,75.63304275633043,9.063043882642113
1040,36.9262040161895,74.75311292400171,9.948411290685572
1041,36.916161656387295,71.38567138567139,12.904123620935517
1042,36.86590523980554,63.22084579239641,16.849774002320725
1043,36.77525529138073,62.738448495125056,18.20012526643327
1044,36.64388468133225,62.725366876310275,18.886168513663225
1045,36.471311412093286,74.82430756510955,11.300850608025161
1046,35.52530008211299,76.41921397379913,8.424909265278165
1047,34.42493748723349,77.80738484963837,7.509898430218238
1048,33.6411872296575,78.62119545287862,7.105203366936907
1049,32.75509634133926,79.43562610229277,6.933237036674632
1050,31.74745545617502,80.48119281599458,6.067529883424409
1051,30.587394666578906,81.6260162601626,5.190568121004464
1052,29.2172946674276,82.60056127221702,4.485306635843203
1053,27.486673211023408,83.41798625634897,3.910715358456923
1054,25.4934341215832,84.1879117731309,3.794825770064602
1055,23.73702513907859,84.91343775762572,3.4268075788674555
1056,22.285017785376333,86.34548842161298,3.0558779183941502
1057,21.904141389927386,88.45253576072822,2.638691107975491
1058,21.484220247134775,90.3577772139051,3.5522675416937224
1059,21.484220247134775,90.3577772139051,3.835729555202518
1060,21.484220247134775,90.3577772139051,4.120567397466554
1061,21.484220247134775,90.3577772139051,4.404854463681969
1062,21.484220247134775,90.3577772139051,4.681578505060993
1063,21.904141389927386,88.47854356306892,3.87783707205334
1064,22.285017785376333,86.37210540324728,3.322537355682945
1065,22.62802662258744,84.09029099809628,2.616151968926462
1066,22.93417805938126,86.51872399445215,3.417426022776995
1067,23.20433619592688,86.10561988138944,3.443117916582081
1068,23.93812231421909,85.49042367962855,2.925732184718631
1069,25.03789635908945,77.28915662650603,6.043972312906934
1070,26.003339467874458,79.82510930668332,3.5704314173292855
1071,26.858512832178747,82.60025873221215,1.2615530173856457
1072,27.619149818327877,85.61872909698997,1.8999472252125211
1073,28.12173302033442,85.20790729379686,1.8962177798509803
1074,28.541825241037202,84.82328482328482,4.012521174826231
1075,28.884960185310366,84.46943078004216,5.391594529067123
1076,29.15521006079131,84.15067519545131,6.562813940173024
1077,29.355533869406923,83.87096774193549,6.794735974416156
1078,29.48799733191121,83.633741888969,6.509113350117511
1079,29.553910883283095,83.44179320318149,6.743926434145164
1080,29.553910883283095,83.29718004338395,6.790362620761224
1081,29.48799733191121,83.20115356885364,6.826664661918277
1082,29.355533869406923,83.15412186379929,6.973688930270607
1083,29.15521006079131,83.15565031982942,7.184347698979274
1084,28.884960185310366,83.30990864371047,7.485033735973962
1085,28.541825241037202,84.47678447678447,7.5647923665097
1086,28.12173302033442,85.51465576005454,7.742863584977674
1087,27.619149818327877,86.38795986622074,8.051928659042064
1088,27.772009129167078,85.89309878213803,7.984639093982105
1089,29.04758129921023,85.36246964967049,7.9732158645106095
1090,30.675072473225914,84.66257668711657,7.855748525447207
1091,31.938740835417754,83.80202474690664,7.785141652121259
1092,32.988849293606236,82.76935044729677,7.804938630360218
1093,33.45304817012128,80.16627078384798,8.711994605055978
1094,33.45304817012128,69.00237529691212,16.611517474873718
1095,33.45304817012128,68.68566904196358,17.477180509773074
1096,33.45304817012128,68.68566904196358,17.912230091812333
1097,33.45304817012128,82.10609659540776,6.312171464207798
1098,32.78236372824723,83.61473522640061,5.250212898479796
1099,32.697130038266266,87.1951219512195,4.065035519478541
1100,32.57365612098887,90.60377358490567,4.063134789522233
1101,32.10544403504076,92.77818717759764,5.901745096642309
1102,32.10544403504076,92.77818717759764,6.062827266150081
1103,32.10544403504076,92.77818717759764,6.230678898694238
1104,32.10544403504076,92.77818717759764,6.401277475188065
1105,32.10544403504076,92.77818717759764,6.588146447385728
1106,32.56960449969889,92.33946676680435,6.58030518952986
1107,33.40874273324086,91.3128165173354,6.165622810329837
1108,33.78842090985587,88.54084060269628,5.293827921438639
1109,33.78842090985587,84.29817605075337,4.093924361759673
1110,33.78842090985587,80.57097541633624,5.68452792038646
1111,33.78842090985587,76.7248215701824,8.94263176263808
1112,33.78842090985587,85.32910388580491,4.078956804365426
1113,33.78842090985587,85.32910388580491,4.192315478157748
1114,33.78842090985587,85.32910388580491,4.263990876427295
1115,33.78842090985587,85.32910388580491,4.302912592823369
1116,33.78842090985587,85.32910388580491,4.346993162585237
1117,33.78842090985587,85.32910388580491,4.392810604830043
1118,33.78842090985587,85.32910388580491,4.39047793554647
1119,33.78842090985587,76.44726407613005,10.11905581481187
1120,33.78842090985587,80.37272006344172,6.742214645664837
1121,33.78842090985587,84.45678033306899,3.8299743868838365
1122,34.16384061030644,88.0952380952381,2.1685231915758156
1123,35.355718151964126,89.64521452145215,0.821043263858891
1124,36.18966551685946,89.60931005818786,0.6762524603374921
1125,36.580496587371904,89.98330550918197,0.7688784766768484
1126,36.65460915195151,90.05847953216374,1.10628801033618
1127,36.428482614058844,90.16666666666667,1.509283135024835
1128,35.8459333922358,90.43082021541011,1.731179001780425
1129,36.432419248498526,90.19524617996605,2.056134739973033
1130,36.92138382475384,89.98265394622723,2.0794541646878413
1131,37.32145590604392,89.79681978798587,2.3199931541015157
1132,38.502210195202885,89.27272727272727,2.1203580288736203
1133,39.405344343663145,88.57276119402985,1.969794894868415
1134,40.11659345706338,87.69083969465649,1.4831318793851729
1135,40.67551892843015,86.62451361867704,1.3789957698775757
1136,41.104318281515155,86.21541501976284,1.8738173996305183
1137,41.41653543097104,85.85,2.2867545327011
1138,41.62059713611048,85.53427419354838,2.7740795496578197
1139,41.721470472690925,85.27327935222672,3.2085154847310835
1140,41.721470472690925,85.07085020242916,4.618877251354795
1141,41.62059713611048,84.92943548387096,6.074463016760691
1142,41.41653543097104,84.85,7.698460239511704
1143,41.104318281515155,84.83201581027669,10.214284072462371
1144,40.905189738853736,84.35507601765572,12.13149379015483
1145,40.905189738853736,83.52133398724865,13.658100166165264
1146,40.905189738853736,83.52133398724865,14.690373506201032
1147,40.905189738853736,83.52133398724865,15.658676484056889
1148,40.905189738853736,83.91368317802845,16.66831364414603
1149,40.863586520499396,84.27241548260656,17.575625542135935
1150,40.863586520499396,84.27241548260656,18.981684256165305
1151,40.863586520499396,84.27241548260656,19.949986446112643
1152,40.863586520499396,84.17442430181283,20.998708323183656
1153,40.905189738853736,84.15890142226581,21.79773863699561
1154,42.4349241927893,82.7852004110997,21.912980790241193
1155,44.001067722117746,81.70995670995671,21.437461109216112
1156,46.003482507922826,80.65068493150685,21.030928661450666
1157,47.3248626824671,79.32692307692308,20.078813920147844
1158,48.375950906310834,77.71464646464646,19.461407722311755
1159,49.243295446419936,75.7936507936508,15.81732255072658
1160,49.42523291103607,71.66890982503365,13.01575614699898
1161,49.55039679886163,67.3024523160763,10.74288659476718
1162,49.82920316381268,63.585823488533705,7.74133869111353
1163,50.233588677567745,53.96711937097927,5.708431055475072
1164,51.471087570337296,56.0,6.259119513165014
1165,52.799747839689516,58.51393188854489,5.11424281859412
1166,53.74950438156875,60.869565217391305,5.647756447986405
1167,53.75818314808669,60.72289156626506,6.510222690461345
1168,53.3446176417713,59.668508287292816,7.7700269463503995
1169,53.46454680436159,56.01593625498008,11.672705599764265
1170,53.50433659726629,52.278177458033575,13.55860363525941
1171,53.46454680436159,56.89243027888446,12.812224585325946
1172,53.3446176417713,57.30071033938437,12.901338565758323
1173,53.14282124857179,57.96425796425797,12.466297096244263
1174,52.85610519802917,58.85931558935361,12.308463504282505
1175,52.47979023748074,59.95558845299778,11.790394724480326
1176,52.007039072313944,61.21863799283154,12.013139005225412
1177,51.4279190063383,62.61230131306151,13.794518943936634
1178,51.84276858057005,63.14713896457766,14.676218891508098
1179,52.46017973652206,63.58024691358025,16.0165327983275
1180,52.568447840993734,63.667582417582416,16.90600609615314
1181,52.23095296827201,63.406292749658,17.566980196421177
1182,50.727654983897864,61.5129396151294,15.51219403557825
1183,50.97252254173533,62.04819277108434,16.264690988536504
1184,51.63442714697239,59.41422594142259,13.699550491245747
1185,52.18466573813481,56.512301013024604,15.565729255895185
1186,54.04001597535752,54.420731707317074,15.078783733720106
1187,55.206941538042614,52.08,16.01219521316464
1188,56.09539530870525,41.88963210702341,
1189,56.791000559551605,43.56521739130435,
1190,57.33318326226438,46.58273381294964,
1191,57.743974791895006,49.81515711645102,12.01115969966859
1192,58.090942533459256,51.23339658444023,11.261607722354313
1193,58.38886901430097,50.97276264591439,10.996648665355995
1194,58.59166369001732,51.08910891089109,10.6912336474139
1195,58.70316251369852,51.6,10.288726886150588
1196,58.72536505893555,52.50501002004008,9.874774150940999
1197,58.72536505893555,49.59919839679359,9.751486326726871
1198,58.68285253886057,46.9061876247505,
1199,58.533158994685365,44.19291338582677,
1200,58.29500423859871,41.61849710982659,
1201,57.964160325854905,40.449438202247194,
1202,57.534160091692385,52.53164556962025,10.636594656804244
1203,56.99537817525195,55.208333333333336,13.38488149497586
1204,56.33329751635548,58.291873963515755,16.44511527037098
1205,55.920503691524324,60.56,17.661772505324826
1206,55.41946186418213,63.90168970814132,14.896917213462356
1207,54.821481082029266,66.88693098384728,11.876852982598107
1208,54.11411214143163,69.5104895104895,11.66548734855347
1209,53.27866649921081,71.77954847277556,11.360694951677281
1210,52.284738837586055,73.71069182389937,9.488524053811952
1211,51.0751260926889,75.3269916765755,8.5065403409285
1212,49.49972044820298,76.65544332210999,6.098645612284775
1213,47.80496165449547,78.0138077535847,5.282656788449576
1214,46.6495613967753,79.39546599496222,4.3317329827302355
1215,45.02207022275961,80.4482594182165,4.786390210950076
1216,43.311240118066934,81.57537347215934,4.792474709695912
1217,42.19523786861368,82.76604911676002,5.417589753890182
1218,40.86787924149277,83.73617369930356,6.4806091383044535
1219,39.17875851229314,84.50759050214091,6.547487807162232
1220,37.408230212883865,85.3540971449759,6.585802908365764
1221,36.234343603433885,86.26548672566372,7.208530218793503
1222,34.85080734870074,86.99763593380615,7.591248526453063
1223,33.720293492291944,87.04799474030243,7.870055360575618
1224,32.282767692094666,86.31921824104235,8.00303622625727
1225,31.69617677942777,85.71428571428571,8.05811291154717
1226,30.806935147727664,84.90083173384517,8.491181449828161
1227,29.208764286194896,84.36512950094757,8.749336904353443
1228,29.759730326758294,83.65949119373776,9.151858526607503
1229,30.25765698185552,82.95225285810356,9.486483426334384
1230,30.70523265709189,82.24913494809688,9.91937632096296
1231,31.104684107789826,81.55650319829424,10.34794413356751
1232,31.457862578188745,80.88128186453022,10.2146352144394
1233,31.766307562238694,80.23082650781832,10.576536982613641
1234,32.031294679273984,79.6127562642369,10.986160024029527
1235,32.1478271334582,68.59440827269246,18.02216945272329
1236,32.1478271334582,68.55610877058598,18.818888064226773
1237,32.1478271334582,68.47950976637304,19.695075783439275
1238,32.1478271334582,68.40291076216009,20.39137924881265
1239,31.904162878286286,77.3975178638586,13.21353613345135
1240,31.6175913187964,79.88950276243094,11.658838314611847
1241,31.2869545668098,82.47571068729759,9.582641832529182
1242,30.91085024440853,84.847421957208,8.566369606710017
1243,30.91085024440853,89.44230094703613,5.804912041831545
1244,30.487589838336298,91.60696008188332,4.016587014387194
1245,30.015143532039893,93.54090758529314,3.0238675594966966
1246,29.469852151100742,94.51395572666026,2.9308961183270297
1247,28.845692503824058,94.69767441860465,3.009414076898521
1248,28.158517728263064,94.88177192457348,3.2022289256169167
1249,27.402715066220793,95.06493506493507,3.5423866525500736
1250,26.571057458060483,95.24603836530441,4.016747762251236
1251,25.94349541818202,94.72682794237565,3.7864445630397268
1252,25.487109464129777,93.45189975747778,3.506527512657511
1253,24.888490333268887,92.29538789656091,3.084190470723734
1254,24.11877251784292,91.18188997104501,3.1508929026265373
1255,23.122050642708622,94.0337224383917,4.946282464187127
1256,21.749321361372857,94.20770604746109,5.414233958275122
1257,20.018745917896187,94.35807422266801,5.97874780898719
1258,17.955856759929738,92.57184607890892,4.414601156612041
1259,17.955856759929738,88.69946419873357,3.106117879795669
1260,17.955856759929738,84.92450073063809,4.554065262876653
1261,17.955856759929738,81.2469556746225,6.417110346931269
1262,17.955856759929738,91.13492450073063,5.12779545489546
1263,17.955856759929738,91.13492450073063,5.310424158474598
1264,17.955856759929738,91.13492450073063,5.5272708966607045
1265,17.955856759929738,91.13492450073063,5.7603225288366025
1266,17.955856759929738,91.13492450073063,5.995931329332405
1267,17.955856759929738,91.13492450073063,6.215873213028857
1268,18.13760343734139,90.15263417035943,5.4671894654988895
1269,18.474144120643885,88.06532663316582,4.160599153720198
1270,19.908057335911177,86.69772256728778,3.626653867102957
1271,21.670701062750748,86.07969843834141,3.625881313089504
1272,23.07370750785767,85.33034714445688,3.6448008523267816
1273,24.267609156242692,84.43862710878417,3.709396366757618
1274,25.31007995940323,83.63526570048309,3.9746489700962147
1275,26.23204941214622,83.03068252974327,4.37015698718466
1276,27.052792023144768,82.4254215304799,4.737751189466975
1277,27.78541504452731,81.8242790073776,5.596626068361287
1278,28.439352133599336,81.23268698060942,5.857428396316834
1279,29.02166305150062,80.65667380442541,6.272435841648425
1280,29.53777791037436,73.6784140969163,13.143657197600852
1281,29.991953608096015,77.09118311981914,9.040748171673322
1282,30.38756861030125,80.36265432098766,7.266178474096097
1283,30.727321000292157,84.00315208825847,6.136867642167717
1284,30.90925846490827,84.15605095541402,6.560491793525081
1285,31.034422352733845,84.36246992782678,6.925111322494316
1286,31.103682706799486,84.62157809983897,7.179140682288015
1287,31.117511433273346,84.93150684931507,7.249523190224611
1288,31.076001956796365,85.28938906752411,7.624630169702661
1289,30.978873051736507,85.69144684252598,7.605006597623365
1290,30.825457249575997,86.13312202852615,7.598990314052122
1291,30.614672602153814,86.60924040720438,7.827442706346942
1292,30.34497471318116,86.76697530864197,8.136932637089766
1293,30.014283426118947,88.62774829416225,7.185394300940646
1294,29.619874728511842,90.30460624071323,6.461581763181763
1295,29.15822213229442,91.79375453885258,5.516127701296197
1296,29.148960017136943,91.79970972423803,5.84957069279456
1297,29.10261444723843,91.8293564714389,6.211424936328286
1298,29.019044776570485,91.88218390804597,6.493600719118444
1299,28.897995132541258,91.95729537366547,6.831127962418855
1300,28.73908964235046,92.0534458509142,6.671840269367922
1301,28.541825241037202,92.16909216909217,6.892571561509839
1302,28.305561706869174,92.3024523160763,7.103378523378116
1303,28.029508408540543,92.45156980627922,7.339168489066033
1304,27.71270703538167,92.61437908496733,7.441861227269626
1305,27.354009289162292,92.78876834716017,7.587137502721285
1306,26.952048102110332,92.9726368159204,7.620960997147836
1307,26.505200343712453,93.16394434361766,7.1306196478765695
1308,26.01153807918818,92.03877790834312,8.50447573337233
1309,25.468764059663705,93.61823361823362,6.975130999410422
1310,24.87412493232879,94.83995584988962,6.048422127816121
1311,24.22429206359046,96.10250934329952,4.557561575369503
1312,23.462092601780835,96.44329896907216,4.34626601509417
1313,22.62889863881535,96.76777722526107,3.3513034073975203
1314,21.716374288895103,97.07574304889741,3.254460575542826
1315,20.713272166202266,97.6674364896074,3.094857536362699
1316,19.6036562610631,98.13167259786476,2.9363525753519606
1317,18.36327801929119,98.4796573875803,2.904808487170791
1318,16.950800681045838,98.72217642209398,2.6773365537539764
1319,16.16818120601371,98.7624750499002,2.6681971794284576
1320,15.322825116081763,98.80216383307574,2.6545055980560712
1321,14.408252644883964,98.8411214953271,2.6284672579187287
1322,13.416053280434577,98.87924801156905,2.6067640214890235
1323,12.334909622550345,98.91646277525341,2.587592181868804
1324,11.148819885874541,98.95270270270271,2.564341124164078
1325,9.83347364314665,99.20013059092393,2.5152229269413744
1326,8.34747586071235,99.36908517350157,2.3964277788610335
1327,6.6034869176236,99.4666260286498,2.305886694969639
1328,4.190046201482249,99.49941107184924,2.18337716711081
1329,2.429609566376967,99.58701224722302,2.0182671711705136
1330,-0.0,99.61432506887053,1.933958759196111
1331,-0.0,99.61432506887053,1.848180940728387
1332,-0.0,99.61432506887053,1.7612013363121901
1333,-0.0,99.61432506887053,1.6730111428780767
1334,1.3810876425130094,99.6078431372549,1.5773148413995821
1335,3.3513527906388765,99.5511149724877,1.5587564032893388
1336,4.966448892725745,99.4311377245509,1.4978812285957044
1337,6.377108370420191,99.24172082946457,1.438213344224175
1338,7.641219078808836,99.10428662827896,1.3846144236416684
1339,8.789939738430267,99.07438016528926,1.3034190960772725
1340,9.842790932353244,99.04371584699453,1.2101420630860271
1341,10.813144560727114,99.01234567901234,1.1024270883842684
1342,11.710719458230837,98.98033503277495,0.9742060272130063
1343,13.47709368647467,98.94419306184012,0.8245825996160452
1344,15.369139703244358,98.84449667058362,0.6542269438561321
1345,16.904561402733403,98.65744507729862,0.9584251050358299
1346,18.23403589431902,98.37346852555979,1.743852640083423
1347,19.415392498113324,98.15789473684211,2.823515306818728
1348,20.479727920993202,98.08830223031407,2.9738913106910196
1349,21.446496971695765,98.01699716713881,3.1443942723499845
1350,22.329001704141216,97.94419970631424,3.3327651548915167
1351,23.13688669068234,97.87018255578093,3.7967440558088965
1352,23.877440564532286,97.79527559055119,4.43571677205823
1353,24.5563423846657,97.71986970684038,5.027186466739238
1354,25.178120513051905,97.64441951766685,5.584551802536626
1355,25.746450226221622,97.56944444444444,6.187351674822458
1356,26.264355058535234,97.49552772808586,6.775330732640017
1357,26.734347730416932,97.42331288343559,7.407730622408718
1358,27.15853156337598,97.35349716446125,8.088566463527856
1359,27.538675133766567,97.28682170542636,8.912928323259843
1360,28.959106095327222,97.19251336898395,9.738928905198922
1361,30.655399289575435,96.96016771488469,10.520407930985483
1362,31.99015282765553,96.56934306569343,10.492670654909883
1363,33.11378667493608,96.001523229246,10.911309696628534
1364,33.749662868542046,94.26551453260015,10.267990187405438
1365,33.98531065100727,91.32,8.28489464750598
1366,34.178717274943935,88.13972380178717,6.461565578375699
1367,34.330618905470345,84.74506578947368,6.843357207499954
1368,34.44157882458468,91.86721991701245,10.739321612958847
1369,34.51200047284178,91.81969949916528,11.448924431851905
1370,34.9475085385199,91.36904761904762,11.951344663966442
1371,34.9475085385199,87.41496598639456,9.131983567014187
1372,36.10660341550611,85.33622559652929,8.54469881277732
1373,37.62352890176233,84.88949030221019,9.048787833068214
1374,39.36880037032573,84.43506797937178,9.219311123556517
1375,40.842331735728266,83.97467121285923,9.820049086832686
1376,41.94550407976801,83.34174659262999,9.974329244547143
1377,42.91593994803735,82.61096605744126,9.763189845610952
1378,43.523007993630856,81.25334761649705,8.762881097778383
1379,43.776207420295165,79.17346383904295,8.014219827139646
1380,44.25131174014524,77.59290072102053,7.392618721733483
1381,44.882848302908215,76.52075042637863,6.35108070855787
1382,45.37459433733076,75.27568195008706,4.050178366007876
1383,45.74378264860707,73.86430678466077,2.891615603884667
1384,46.0011111042704,72.77611940298507,2.836970330293003
1385,46.15313585531657,72.21888153938666,2.7352274090085578
1386,46.20343150304443,71.79023508137432,1.876932363592419
1387,46.15313585531657,71.49729404690319,3.1702666526812644
1388,46.001111104270414,71.34328358208955,3.9309685970392403
1389,45.74378264860707,71.32743362831859,4.90272000874832
1390,45.37459433733076,71.445153801509,6.065684957432695
1391,45.920122855153934,72.32813402657423,7.815111332416471
1392,46.60160269918933,72.83304246655032,8.946568152944058
1393,46.797816088890656,73.00291545189505,10.178882651336687
1394,46.60160269918933,72.83304246655032,11.089855163805915
1395,47.06294041054399,72.47489663319551,12.178893964356435
1396,47.369632820421046,72.65671641791045,13.353784158441913
1397,47.536026455981,72.97297297297297,14.109395368771576
1398,47.568983231666934,73.42152736019243,14.550254808504205
1399,47.185948330759494,71.03244837758112,13.732127687557998
1400,46.6912354263026,69.39481268011528,14.263116513282899
1401,46.07066424388311,67.52664049355019,13.763794783819376
1402,45.30151739202548,71.99564980967918,15.51173575797367
1403,44.849890954594436,72.40641711229947,15.829108197984068
1404,45.81303389320851,70.59151785714286,13.845891164995649
1405,46.616309745234226,68.52497096399536,13.624806260773594
1406,47.55269644399192,66.48517846339988,12.02325935978952
1407,48.53552343247314,64.4794952681388,8.983706468695159
1408,49.33117970739213,62.22950819672131,6.640943862334771
1409,49.97982144301826,59.74202308214528,5.444063787036449
1410,50.5043615327259,57.592722183344996,4.953788633103476
1411,50.91921495943531,56.066044508255565,4.793207007766565
1412,51.23388420893103,54.72527472527472,4.918029758998431
1413,51.45468670810177,53.605947955390334,4.976808228199746
1414,51.585665349849684,52.73818454613654,5.411022507332809
1415,51.62908199365366,52.144469525959366,6.294236340244594
1416,51.585665349849684,51.83795948987247,7.674426184761073
1417,51.45468670810177,51.52416356877323,9.147459183145587
1418,51.23388420893103,54.21245421245421,11.759066979600453
1419,50.91921495943531,56.78391959798995,14.0461364513324
1420,50.5043615327259,59.20223932820154,17.17286294437126
1421,49.82735392215831,61.18999323867478,18.3569600401809
1422,48.98409450572107,62.979830839297335,17.644767454934694
1423,47.918112276521136,64.56643792888335,17.142596007097126
1424,46.4799319818972,65.95110316040548,16.11011876887065
1425,45.85184290728014,66.7818077144502,16.146212624161496
1426,45.105003483402534,67.70083102493075,16.477013723699333
1427,44.215973109368086,69.377990430622,17.534227997646457
1428,43.14414252231586,70.83969465648855,18.782130334627432
1429,41.802884761304156,72.09528439474964,18.593400268193164
1430,39.781387925832995,73.15716272600835,18.895319102272335
1431,38.59842614921932,75.91670439112721,14.967881237327502
1432,38.59842614921932,80.5794477138977,12.002205362177945
1433,38.40501603073842,84.05345211581292,10.505887526760695
1434,38.166991748211295,87.2870249017038,9.777709962991821
1435,36.99485388033834,88.22546972860125,9.462031919300191
1436,35.55699641273711,88.95974491829413,9.102954835971557
1437,33.44234226576873,89.5096921322691,8.902270094044153
1438,33.11170551378213,92.09647495361781,6.671246007624907
1439,32.160501056765995,93.02242791028836,6.451038509966737
1440,31.074552831749493,93.75639713408393,5.626948368683091
1441,30.670384037725483,93.9222849551644,5.330818603510408
1442,30.21986155621757,94.09486931268151,5.432339964246817
1443,29.72091094879538,94.27230046948357,5.3551459408711475
1444,29.171046140322733,94.45286450439527,5.367890228031169
1445,28.567268229326636,94.63500439753737,5.457086257954669
1446,27.905924757469172,94.81733220050977,5.373447481612071
1447,27.182508540284413,94.99863350642252,5.212317291112097
1448,26.39136020924608,95.57312252964427,4.489475711562127
1449,25.525209470594653,96.42041127189643,3.5161213521615204
1450,24.574428861281252,97.1156196528966,2.2918808832294952
1451,23.52573231416678,97.67113620324629,2.0323975486114203
1452,22.627415855212742,97.75357385976855,1.9089007131180702
1453,21.645177040738492,97.83417195362065,1.8294803290146873
1454,20.56569933682413,97.91271347248576,1.749258584256147
1455,19.369514355476632,98.13122080032501,1.6014424673044652
1456,19.363321031571722,98.3835561764119,1.4882072065446839
1457,19.71040623324277,98.46215298581986,1.4066563395991991
1458,19.363321031571722,98.3835561764119,1.3234220795778162
1459,18.782739384136082,98.1651376146789,1.2719456549461179
1460,18.71867069605269,98.28548644338117,1.1796313738743078
1461,18.385671061721695,98.46796657381616,1.0685818806128122
1462,18.556612846243414,98.5691573926868,0.9058810423861572
1463,18.101259540100692,98.5299960270163,0.8221116776186699
1464,18.20952764457236,98.5691573926868,0.7452384451130359
1465,18.360574532641728,98.43222861678905,0.7446116461953848
1466,17.905221226499005,98.39317595715136,0.6608519600635451
1467,19.44064292598805,98.1859410430839,0.5681725662909894
1468,20.770117417573665,97.87963161276505,0.44284935374785095
1469,21.951474021367964,97.64182424916574,0.3446851653586757
1470,23.015809444247843,97.55139755139756,0.25753565923117827
1471,23.982578494950413,97.45864301126828,0.30509984287220937
1472,24.865083227395868,97.36383984083561,0.4544846882920873
1473,25.67296821393698,97.26733694251095,0.6271918054485605
1474,26.41352208778693,97.16955941255007,0.741779264193286
1475,27.092423907920352,97.07101409229068,0.8740133694309289
1476,27.714202036306556,96.97229363039132,1.0299764133205094
1477,28.28253174947627,96.87407844293719,1.2272354593307184
1478,28.80043658178988,96.7771359075707,1.3250333392519036
1479,29.27042925367158,96.68231611893583,1.5053288660801722
1480,29.694613086630632,96.5905435831457,0.9632381247980994
1481,30.074756657021204,96.50280435499835,1.0402095724251457
1482,30.412349768902153,96.42012833502196,1.102392837314256
1483,30.70864603207039,96.34356674715418,1.2365595942602896
1484,30.964695597409456,96.27416520210896,1.3266821730701561
1485,32.30244625792962,96.15802827111273,1.3847801132119995
1486,33.95399138277452,95.87277546383946,1.291744089792369
1487,35.242550894648666,95.41683129197945,1.1442689034633786
1488,36.318448101625016,94.77151090983944,1.458222985450417
1489,37.23912743382682,94.26124197002142,2.572035101267885
1490,38.03526577786998,94.04179635393508,3.8749900606695005
1491,38.72585872394876,93.82772915707048,3.8507243830686133
1492,39.3237044852425,93.62208472156117,3.8134102232688174
1493,39.83789302885654,93.42815105443844,3.8256955494522322
1494,40.275100351899376,93.24937027707809,3.7179953025835166
1495,40.64032619328901,93.08922124806601,3.60307154463173
1496,40.93734253217433,92.95107837980011,3.697652763107048
1497,41.168978652766285,92.83805451630144,3.8136778819650563
1498,41.33730718911132,92.75283937263386,3.91297660930104
1499,41.44376622202468,92.6975476839237,3.98197544287349
1500,41.4892372698293,92.67359212684526,4.063487516770205
1501,41.474090462376175,92.6815947569634,4.2067376123038045
1502,41.3982029245907,92.72134709397066,4.348731929055381
1503,41.26095271149105,92.79182356105433,4.498891129969044
1504,41.06118752917769,92.89124668435014,4.658963897739663
1505,40.79716418266091,93.01719645648775,4.824811672185601
1506,40.64032619328901,92.05776173285199,4.917818713423013
1507,40.466450372648424,89.13819479857216,5.792794900674134
1508,40.06577384192784,85.28095474888116,7.393230550770771
1509,39.59079257448123,81.48864185596906,8.874221499502406
1510,39.03573881553864,77.79859484777518,11.129104857728409
1511,38.39284771161327,89.18062471706655,4.154903267677979
1512,37.65138943202269,89.74247053688346,3.561523813473636
1513,36.79589865464531,90.84418311633767,2.9523174614130436
1514,35.80255624673441,91.73053650665591,2.5222960498648086
1515,34.63041837886145,92.41779497098646,2.7291421636721505
1516,33.19256091126023,92.92330492775102,3.380412583440155
1517,32.408810653684235,93.2475884244373,4.9339620442789105
1518,31.633694881564775,92.1262573707943,5.411571893057714
1519,30.84164336019763,90.00338868180278,4.44239085175989
1520,29.88922007049867,87.74364056821936,4.312353783847822
1521,28.719379785913503,85.37447765991642,5.231319711488112
1522,27.182153532916352,92.66312831720262,6.3684904526345285
1523,25.972540788019206,93.0804248861912,6.897699943438976
1524,24.39713514353329,93.37260677466863,7.860234781939743
1525,22.017796275433003,93.57509994288978,8.095391307458884
1526,22.017796275433003,93.57509994288978,8.275553029761404
1527,21.929364585242723,90.01135073779795,5.22114248964302
1528,23.051369175042797,88.04129624318898,4.053335837779709
1529,24.608067121610997,87.61427307578886,4.166585275457039
1530,25.79820817293709,87.07235846200423,3.9368046705269615
1531,26.771835067820923,86.41017685386286,3.8817270855040595
1532,27.586077104856884,85.87749920660107,3.772378114038281
1533,28.2712555297857,85.58471007450599,3.8212788913084768
1534,28.845962492246827,85.31837677334214,3.913585231520519
1535,29.322535948290287,85.08213208179684,3.871467509194972
1536,29.019173498401766,80.9648834919593,3.5168182964625134
1537,28.67471757891517,76.94773966014748,5.551462863725061
1538,28.287903199316325,73.05407939981244,11.214242190405283
1539,27.85723010416653,81.47246729540615,3.1019270216325716
1540,27.380920096558196,81.82086905113805,3.0344158129446175
1541,26.856860979460976,82.19099512474907,2.694276153163253
1542,26.28253182696401,81.82828563489858,2.9995054237825993
1543,25.654901503462717,83.16751815004034,2.86982807488678
1544,24.97028767751494,84.58539121393294,2.9921726004909517
1545,24.224155427438514,85.83981923173488,3.074371377809414
1546,24.224155427438514,85.83981923173488,3.076068362283943
1547,24.224155427438514,85.83981923173488,3.0773386680997348
1548,24.224155427438514,85.83981923173488,3.1077543595810906
1549,24.224155427438514,85.83981923173488,3.168649124784433
1550,24.224155427438514,85.83981923173488,3.3760804840968377
1551,24.224155427438514,85.83981923173488,3.839952008601954
1552,24.224155427438514,85.83981923173488,4.479109683707856
1553,24.224155427438514,85.83981923173488,5.171502617516714
1554,24.224155427438514,85.83981923173488,5.96551234342033
1555,24.224155427438514,85.83981923173488,7.863463900694133
1556,24.224155427438514,85.83981923173488,9.236168205125535
1557,24.60523534640597,85.25804803270312,9.95619708759105
1558,25.319978076848763,83.97673188789001,10.56433923042894
1559,25.975592196263598,82.53143794423183,10.740672609591089
1560,26.57615622608288,80.91473743647657,10.542189147099828
1561,27.12500612118585,81.91613278974957,10.925309248545602
1562,27.624903130045084,81.55368926214757,11.257985773302385
1563,28.078153033272777,73.04133251079581,7.2427356859749485
1564,28.48669300367796,76.91576947435085,10.54533125072352
1565,28.852156196270908,80.9214795587281,12.175173946817452
1566,30.265572558347323,84.86069150721718,13.669252567758821
1567,28.797223902623678,84.01462279827184,13.80332702016065
1568,30.02791474603844,82.96475466482377,13.463199851701237
1569,30.950680021516956,81.29907209136331,12.459675934626201
1570,31.204545029298895,78.50909090909092,11.478116167987586
1571,31.417909859519874,75.53584626755358,7.478576485604034
1572,32.18202839297912,73.44224924012158,6.235887824318011
1573,33.34587088518515,72.23101265822785,6.25242267849017
1574,34.11517143706213,70.52803929594761,5.570083609509121
1575,34.580132866907526,60.62263357172907,6.859409909135854
1576,34.98125629560888,62.052608883139285,5.952976084412596
1577,35.321773601239286,63.33186425738211,5.308560619286763
1578,35.604218599908265,68.34306241580602,5.552568590727641
1579,35.774377170722786,68.27054017249206,5.86245038094014
1580,35.8871499383365,68.3127572016461,6.048423405036316
1581,35.94333979261113,68.47177604405691,6.1179331884213015
1582,35.94333979261113,68.7471317117944,6.490790226251895
1583,35.8871499383365,66.2551440329218,6.087266369109928
1584,35.774377170722786,68.90603722197004,7.102954309512971
1585,35.604218599908265,71.44140098787607,6.785210452637214
1586,36.50799682249984,73.47767253044655,7.80852839601579
1587,38.32746217305316,75.80269892973476,10.454253540772113
1588,38.33842835806342,75.87331159757801,12.875743914089409
1589,38.33842835806342,72.38006520726596,8.730881183829563
1590,38.30551819347949,68.88063167673015,8.554569074464588
1591,39.05710821058484,66.76096181046677,8.095817983803826
1592,40.27709366634626,60.848366650414434,4.6283640877031464
1593,41.2217372912835,62.745098039215684,5.7248914605803956
1594,41.97705541666728,64.49612403100775,7.747938749248572
1595,42.582946221289134,66.49020645844362,10.179448800621444
1596,43.170537088096346,67.23009814612868,10.934385166578132
1597,43.76317177543997,66.38418079096046,10.43269903086679
1598,44.26575497744652,65.63593932322054,10.137316543353194
1599,44.685847198149304,65.00600240096038,9.201026947509902
1600,45.028982142422464,64.51414514145141,9.420484108785438
1601,45.29923201790341,64.17816813048934,9.878315154101507
1602,45.49955582651903,64.01273885350318,10.286844806854152
1603,45.632019289023305,64.02831402831403,11.071648413023622
1604,45.6979328403952,64.23027166882277,11.969193288553104
1605,45.6979328403952,64.61836998706339,12.49553026406828
1606,45.632019289023305,65.18661518661519,13.212268266618134
1607,45.632019289023305,62.54826254826255,10.87196850530321
1608,45.632019289023305,60.16731016731017,8.594794032534606
1609,45.632019289023305,58.04375804375805,9.422915935936391
1610,45.632019289023305,59.78120978120978,8.372401386981242
1611,45.641560313856345,58.53187379265937,8.089434488443676
1612,45.603365593362355,56.00513808606294,9.01200575208133
1613,45.48828671909316,53.47355003186743,9.267056845063617
1614,45.29480016696627,52.29704216488357,9.668729429629336
1615,45.02022729710454,57.88497217068646,6.968712921913593
1616,44.66049336534968,59.83061101028433,6.382954467262965
1617,44.58722602548974,60.97122302158273,6.759433887880367
1618,44.64512376394713,57.95180722891566,5.986775757376686
1619,44.64512376394713,54.81927710843374,6.410156392989043
1620,45.02456831493076,52.952029520295206,7.335411325550394
1621,45.308414708900116,51.0,8.045803384057598
1622,45.50192721993683,48.988621997471554,10.163092186181903
1623,45.60842135736408,48.155216284987276,9.787222835258486
1624,45.629635455931,50.318471337579616,8.32892678920362
1625,45.56590883728909,52.09390862944162,7.732960449556498
1626,45.4162152931139,54.339622641509436,6.431379787760329
1627,45.14477064997232,56.7601246105919,5.781899328790435
1628,45.175561319979316,60.08744534665834,3.8877346202320804
1629,44.375052834546345,61.524500907441016,3.8317050359299656
1630,44.04426777202019,63.78186129223474,5.559636281450263
1631,43.846622583098345,64.90919742237844,6.224723686674874
1632,43.846622583098345,65.02636203866432,6.385559056391937
1633,43.18071243518848,64.24032351242056,6.045139421346857
1634,42.11147822824486,63.187748156551336,5.619535798368996
1635,42.304964780371755,64.37177280550775,6.983765605623378
1636,42.42004365464094,64.93356441363373,7.5281218200677396
1637,42.4486973503019,64.23611111111111,7.342663346206389
1638,42.39084974509055,62.07492795389049,5.64856434771779
1639,42.224664637786745,59.71509971509972,4.877250666130694
1640,41.989687807333844,57.37521031968592,6.297919621283243
1641,41.68342848759325,55.08521165475536,7.352256514318905
1642,42.423480916404074,64.56390565002742,7.5819609037295175
1643,42.7707538045497,64.21167484997272,7.29855415152326
1644,42.28273207803386,62.50663834306957,5.426220771666806
1645,41.732493486871455,60.82687338501292,3.936995060818611
1646,41.416465320965635,59.92871690427699,3.549287082699759
1647,40.127164649927586,59.32459677419355,3.116760371081151
1648,40.13298137282337,59.35451336359052,3.0775822266708883
1649,39.49339737231619,57.55501222493888,3.000476367130489
1650,39.13047987943056,57.046657046657046,3.3221956015665213
1651,39.13047987943056,63.68446368446369,4.651043694855907
1652,39.22192497229983,62.42746615087041,3.8419256875371803
1653,39.40297525218594,59.88258317025441,3.019587469132887
1654,39.52287320836964,57.248520710059175,3.4236570973964744
1655,39.582586082907056,54.554455445544555,4.033702266332793
1656,39.582586082907056,56.48514851485149,4.066870314886097
1657,39.52287320836964,56.854043392504934,3.9884991922156257
1658,39.40297525218594,57.38747553816047,4.064074738313035
1659,39.221924972299824,58.07543520309478,4.167987818380231
1660,38.978211600621,58.904761904761905,4.606735976475197
1661,38.669700335845555,59.85981308411215,4.971363038130956
1662,38.29350830944567,60.923217550274224,4.947792292385092
1663,37.84581703013306,62.38859180035651,4.607147953844417
1664,37.321586126716824,64.77469670710572,3.4947481023217537
1665,36.71410389851724,66.97478991596638,3.500477360922087
1666,36.01424883728098,68.98373983739837,4.372512988625313
1667,35.62587294160477,68.31801837794646,4.140264801122039
1668,35.97032438931677,63.912515188335355,5.477498513389172
1669,36.57952950212821,65.39260490236809,5.04808054161839
1670,37.09235022327199,66.72333191670208,5.020141501376387
1671,37.51753516831501,67.88036410923277,4.964145401049935
1672,38.03279224588825,66.38354939651319,6.66245231051397
1673,38.47940592054524,65.24137931034483,8.745665610448969
1674,38.86144729958051,58.18010372465818,12.274142978150879
1675,39.1820870187435,61.54216867469879,13.038838997858255
1676,39.443789654204,64.99754540991654,10.198462984198589
1677,39.64844637536882,68.51021425012456,6.541223563426479
1678,38.29814691250721,69.4849368318756,6.716917029506666
1679,37.57175099165386,70.54079696394687,6.900375884462827
1680,37.16046270375805,71.16736990154712,6.498688147461414
1681,37.16046270375805,71.54242850445382,6.647748661546116
1682,37.10740281068174,72.02241943017282,6.994126874639949
1683,37.0009523417763,72.60083449235049,7.5272472836415165
1684,36.84043738317213,73.26914259513984,8.622684461240704
1685,36.62481447699705,74.01717126073204,9.505441875623395
1686,36.35262788526679,74.83355525965379,9.522779875309705
1687,36.021945806301595,75.70621468926554,9.685351984198803
1688,35.630267960360484,77.51378871446754,7.444289047852669
1689,35.17439217054603,79.47129285419248,7.453676180259046
1690,34.65021932792878,81.2274368231047,8.092571557655713
1691,34.0524611136468,82.78274387874077,8.458182380266296
1692,33.8870063791435,82.85385500575374,9.125250437301398
1693,33.68152548751554,82.9747074367686,9.663279490168753
1694,33.43529207756088,79.02927010003705,10.762578096266557
1695,33.924103834212616,81.44712430426716,11.076485220521661
1696,33.60075254906445,79.55781080101487,11.706395715260374
1697,33.233119624168474,77.53444012716355,13.527921375318456
1698,31.869882432622813,74.13036136440392,19.596988036364092
1699,31.869882432622813,74.09658899020602,20.26934818164631
1700,31.869882432622813,78.31813576494427,14.827812148196402
1701,31.869882432622813,82.67477203647417,12.547749763167497
1702,31.869882432622813,87.16649780479568,11.122368842914439
1703,30.145931785426882,87.70571151984511,10.883202612423101
1704,30.145931785426882,92.25556631171345,6.625263401962145
1705,29.357947264038092,93.37892446378613,5.48166371301821
1706,28.483406200509773,94.31648220161532,4.827718483515165
1707,26.720762473670202,94.64643572860005,4.843448941291377
1708,24.9590421986955,94.91758241758242,4.61942378070777
1709,23.91016024186571,95.56025369978859,3.988868117769643
1710,22.72913972301283,96.0619918699187,3.4242957865425914
1711,21.374704948361977,96.435546875,3.137214583584101
1712,19.759628330890614,96.69324577861163,2.317998858056953
1713,19.224749623626828,96.7837591240876,2.3584393910394064
1714,18.645176707654933,96.875,2.341360741460977
1715,18.018512336400047,96.96643717728055,2.3700459410025863
1716,17.341910087764365,97.05759599332221,2.3651816068102467
1717,16.61195456019641,97.14805825242719,2.3409497617988886
1718,15.82449300938708,97.23746081504702,2.2810211700661673
1719,14.974391211427008,97.32549317147193,2.2729710581867497
1720,14.055165638800972,97.41189427312776,2.2711881482837524
1721,13.058402234359168,97.49644886363636,2.2879458561545802
1722,11.972780252512019,97.57898351648352,2.271006625817748
1723,10.782294747522872,97.6593625498008,2.2699120383980667
1724,9.462632303379724,97.94608472400513,2.1650133325326486
1725,7.972395057098412,98.15446650124069,2.0675752185676894
1726,6.224240706682242,98.29136690647482,2.000837437519954
1727,3.806706096781599,98.3632676709154,1.9108909151244304
1728,1.3810876425130094,98.43137254901961,1.8312885014507425
1729,1.3810876425130094,98.43137254901961,1.7533123253873126
1730,1.3810876425130094,98.43137254901961,1.6681443718232773
1731,1.3810876425130094,98.43137254901961,1.575117092579241
1732,1.3810876425130094,98.43137254901961,2.440007212050449
1733,1.3810876425130094,98.43137254901961,3.123965819831323
1734,1.3810876425130094,98.43137254901961,3.7336531887505044
1735,1.3810876425130094,98.43137254901961,4.299279047767243
1736,1.3810876425130094,98.43137254901961,4.434305729970701
1737,1.3810876425130094,98.43137254901961,4.564883571787473
1738,1.3810876425130094,98.43137254901961,4.6842676006331985
1739,1.3810876425130094,98.43137254901961,4.79285166662977
1740,1.3810876425130094,98.43137254901961,4.883404403674843
1741,1.3810876425130094,98.43137254901961,4.961559265243259
1742,2.429609566376967,98.40501281686129,5.028847312112964
1743,4.190046201482249,98.2773851590106,5.081601092087816
1744,5.692780305338156,98.08219178082192,5.123599095004156
1745,7.025161811125574,97.81308999370674,5.127809508968788
1746,8.2285966275191,97.59349593495935,5.137577385310205
1747,9.32740666130365,97.47983870967742,5.158877190044541
1748,10.337605827520125,97.36202707393267,5.185959523825383
1749,11.270524356245133,97.24014336917563,5.204018345496968
1750,13.055542001503913,97.12377064390425,5.343263922023807
1751,14.95228696675627,96.9550973212565,5.783279708925509
1752,15.753713129173173,85.27101335428122,10.175314965181375
1753,15.753713129173173,85.27101335428122,10.157825373101273
1754,15.753713129173173,85.27101335428122,10.136999725234531
1755,15.753713129173173,85.27101335428122,10.130598111760929
1756,15.322825116081763,97.17928902627511,4.997347017771841
1757,15.322825116081763,97.17928902627511,5.227794006685391
1758,15.322825116081763,97.17928902627511,5.479156242659978
1759,15.322825116081763,97.17928902627511,5.773416268376145
1760,16.754772118680602,96.89129562775773,6.12997152346411
1761,18.733788688210137,96.64373566812591,6.815888362320944
1762,20.60161933259821,96.4417444131048,7.273578451474757
1763,22.112323528651068,96.13908331451795,8.538272472959585
1764,23.41655711460134,95.72468874794457,8.604623376906538
1765,25.3207755206303,95.37331701346389,8.705395638209565
1766,27.14710671319337,95.09327881420904,8.759932943403664
1767,28.615387968542354,94.6919178447586,8.806403596886394
1768,29.87623305778921,94.15530197606456,8.90169401171066
1769,30.9874036378822,93.7010159651669,8.710882321696054
1770,30.9874036378822,89.08563134978229,5.567754296065162
1771,30.9874036378822,84.58635703918723,4.938684223745229
1772,30.9874036378822,80.20319303338171,6.466351254302961
1773,30.9874036378822,89.63715529753266,7.466097372157915
1774,30.9874036378822,89.63715529753266,8.45263044173659
1775,30.9874036378822,89.63715529753266,9.538909349162346
1776,30.9874036378822,89.63715529753266,10.712761413482282
1777,30.9874036378822,89.63715529753266,11.948476733947109
1778,31.55353373657126,89.23487544483986,12.86527640054337
1779,32.61704191736003,88.3008356545961,13.742809669969189
1780,33.11767885981542,85.36199810306671,13.5996311069309
1781,33.11767885981542,80.65128042997155,13.73126056858165
1782,33.11767885981542,76.06702497628834,12.481179032331926
1783,33.11767885981542,71.86215618084097,8.936823646662543
1784,33.11767885981542,81.59974707556118,15.09703826573321
1785,33.11767885981542,81.59974707556118,15.631568409355669
1786,33.11767885981542,81.59974707556118,16.12774225784968
1787,33.11767885981542,81.59974707556118,16.541435916647416
1788,33.61521880624552,80.9108527131783,17.01175114434156
1789,34.53136308812815,79.38005390835579,16.595338719794924
1790,35.41472106653788,77.7152899824253,15.623346408872136
1791,36.26312113048415,75.9075907590759,13.944713088401414
1792,37.024227805332245,73.86320213985479,10.29892728438699
1793,37.707525649999546,71.57057654075547,9.367144468669167
1794,38.32013018280708,69.35150764147046,7.742672883068139
1795,38.86753276678855,67.36616702355461,6.355980211972201
1796,39.35405779100637,65.35223748338503,5.378054103712617
1797,40.784365723422155,63.384188626907076,5.26177804934369
1798,42.40356152177089,61.27618119824647,5.510236607217815
1799,43.65863549633703,53.408508457201435,6.232643372215905
1800,44.69982818948151,56.11200861604739,5.836678614534682
1801,45.58449187477457,59.28853754940712,6.750148680655928
1802,46.34320041396322,63.14235085646781,6.116463645990864
1803,46.4498223247681,63.01126259632484,6.534846406586531
1804,46.41441344904232,63.0550621669627,6.903300748645969
1805,46.23536546435675,63.27251324308417,7.179812127942659
1806,45.90404752959662,63.65754222481072,7.473006326465716
1807,45.40192883087716,64.94549627079748,7.095223909083094
1808,44.69226203639279,66.12267867191896,6.445277406348811
1809,43.69152158101151,67.17976910390324,6.443421604992546
1810,41.991429380342815,68.11128945960407,6.264354795922978
1811,41.89756460464055,70.67589143161256,7.079959795084033
1812,41.72736575323224,73.06273062730628,6.790398281109199
1813,42.979338592568766,72.15258855585832,6.7100392712388786
1814,43.87253740575102,69.42102304665542,6.422129608540622
1815,43.984563820476346,65.3038046564452,8.767214329500483
1816,44.046603328908766,55.05425471159337,12.315846483248826
1817,44.058994449120625,54.60263007432819,12.858583939985715
1818,44.02180433428082,68.09116809116809,5.9584524725300865
1819,43.93483097668792,72.24420576596947,3.9441667496466937
1820,43.675767327655954,75.66518847006652,2.3802619075075047
1821,43.675767327655954,75.66518847006652,2.505647005466021
1822,44.3904829290617,75.83333333333333,1.9449408452016774
1823,45.17883586953542,76.51345291479821,2.168372119382494
1824,45.51323051189975,76.85810810810811,2.5100787892742873
1825,45.51323051189975,76.85810810810811,2.448640697394855
1826,45.51323051189975,76.85810810810811,2.4018787884533883
1827,45.268176162798426,77.57847533632287,2.5209875526466803
1828,44.73971078121981,78.16666666666667,2.5414899304664873
1829,43.79049506285121,78.61842105263158,2.6649909576930497
1830,43.060163917677805,78.60669226549643,2.65912744864761
1831,44.25380034859327,78.07757166947724,2.5277507969797726
1832,45.550642092143555,77.21739130434783,2.505302145517294
1833,46.46630360845283,76.17629541393687,3.289390838855784
1834,47.149029009179166,74.95429616087752,6.531387717538418
1835,47.65378336433778,72.3774053382992,8.543613363564756
1836,48.008247979254115,74.57520453115167,7.994622954410355
1837,48.22774274635522,76.6984126984127,5.020620264078593
1838,48.32047124679622,78.7125557680051,4.823657558450028
1839,48.40252124756608,80.99808061420346,4.479408614431478
1840,48.064945668222315,82.4984147114775,4.861975524627981
1841,47.95207281192611,80.25236593059937,5.198014311872287
1842,47.723062099178875,77.88881948782011,6.697893390462233
1843,47.37077526488021,75.44615384615385,10.60514517816367
1844,46.882667544965,78.27398913699457,7.454756342863243
1845,46.23733198293667,79.55215085444902,7.15302359028514
1846,45.39584354552911,80.63037249283667,6.996953349661776
1847,44.27298699482755,81.51027207107163,7.2168713812304315
1848,42.45914623408184,82.19839142091153,7.2991894187709585
1849,41.27839194492288,83.04821150855365,6.906603567452507
1850,39.40997120790916,83.70814592703648,6.9075992595672
1851,38.984786262866145,84.36736687835857,6.978853301208135
1852,38.47196554172236,85.05473584007615,6.816532691757361
1853,37.862760428910924,85.76051779935275,6.98760228334019
1854,37.144671839398185,87.0577698163905,6.613268953956495
1855,36.298967790238635,88.14366075292081,6.241362328766672
1856,35.295204901948665,89.02795160617438,5.460615300061694
1857,34.076146574291265,89.72300281011641,4.752405843671693
1858,33.98737717084576,89.79673176564368,4.7974049401094785
1859,33.85874936001109,89.90138067061145,4.780593454111615
1860,33.68981110737313,90.0350330868042,4.777137521166142
1861,33.479955568240015,90.19532746074302,4.632300272898184
1862,33.22840737447508,90.37955655768508,4.748605917681385
1863,32.93420421715791,90.58477381390217,4.627469956376779
1864,32.59617255421212,90.80789946140035,4.599697270309804
1865,32.21289576676226,91.04582021685904,3.941994657643049
1866,31.78267234844182,91.29547772866373,3.6885499487156013
1867,31.303460595771856,91.55394259320356,3.394217975238783
1868,30.772804530046407,91.81847235538511,3.745456725237528
1869,30.18773298389552,92.08655332302936,3.826992181377718
1870,29.54461911172741,92.08719020603165,3.9045328447222474
1871,28.83897943146935,93.3736675309709,4.23779832951138
1872,28.40624680041865,93.86832438541961,4.423535803089997
1873,28.40624680041865,93.86832438541961,4.535746267574138
1874,26.937898144695016,93.0792939198655,4.039741971733762
1875,26.937898144695016,92.43485570187728,3.861021585980449
1876,26.937898144695016,92.35079854300925,3.926209676066747
1877,26.886123652240315,91.79960817240415,3.7522604619825555
1878,27.24174820894043,92.10895815782084,4.106848310729438
1879,27.73561062116632,92.5769122212814,4.272292822834747
1880,27.993750048463983,92.83894707047834,4.5702848256646575
1881,28.0441867167542,92.89153214386859,4.71675449432041
1882,28.0441867167542,93.11809685641461,5.03126515614358
1883,29.03670710280942,92.83397227956355,4.999976005717011
1884,29.929954531182936,92.54372506903958,4.937367512619434
1885,31.613245320165426,92.21403396347324,5.0207410124163045
1886,32.37476232805902,90.94239094239094,4.567331437799713
1887,33.18530979186339,89.67428967428967,4.1627223471866355
1888,34.02694440943609,77.2202166064982,7.7105067477211175
1889,34.66106958346098,80.11235955056179,5.71562845746521
1890,35.230660457989146,82.97129557796741,4.1118940095521035
1891,35.740084186154014,85.76583801122695,2.7660279088868425
1892,35.653069866793516,86.37090327737809,2.2566475482775963
1893,35.47756517921117,86.3780778395552,2.0963967156639964
1894,35.210461553895804,86.42800944138473,1.965382800419137
1895,34.84666086546606,86.51903651903652,1.7646843319155647
1896,34.37840437191038,86.64881407804131,1.717070586196845
1897,33.79402803104832,87.07738542449286,1.423368917362603
1898,33.07551094400374,87.6747608535688,1.793442750484821
1899,32.19302036096405,88.13803019410496,3.2008310430137823
1900,31.08984801692431,88.47231955150666,4.781717778868056
1901,30.510277632762858,88.40932822833275,5.892826053142663
1902,30.666100876536404,88.05917576611483,6.804580577610556
1903,30.78482010382539,87.73551368645575,7.653472763302931
1904,30.866789649176972,87.44186046511628,8.531623756195701
1905,30.912250878845974,87.18132854578097,9.34382959008654
1906,30.92133651887692,86.95652173913044,10.400884156559286
1907,30.894072998644496,86.76945141627823,11.273833047529846
1908,31.70027433133065,86.46288209606988,12.099313771399718
1909,33.02165450587493,85.82706766917293,13.031388527061361
1910,34.07274272971866,85.03875968992249,14.0203738653047
1911,34.94008726982777,84.0909090909091,14.799783684387522
1912,35.66420743715666,83.30605564648118,15.992055889514818
1913,36.26844036688526,82.83082077051927,16.366915370693288
1914,36.76770095511342,82.3931623931624,16.727143420034245
1915,37.172086468868486,82.0,16.36466021247813
1916,37.48862970466187,81.65784832451499,16.586514356974597
1917,37.722244623663315,81.37254901960785,16.711857859808468
1918,37.399890568864855,76.91304347826087,14.883996982779143
1919,37.02699257329999,72.58883248730965,10.154664842980587
1920,36.82095721337856,69.48728636932054,8.614069381750966
1921,37.822164606281106,68.29473684210527,9.072679710691153
1922,39.00839880547511,67.766823831976,10.156849288434117
1923,39.804131159194114,67.15963462374945,10.310819696649029
1924,40.355877918172496,66.47602287725474,10.666498204708004
1925,40.255004581592054,64.97150372643577,9.86451445796681
1926,41.04221147612144,64.07211961301671,9.753456133827285
1927,41.95601831876427,63.765541740674955,9.554137132572905
1928,42.180465259090134,63.15086782376502,9.440961484509332
1929,41.60752265923923,61.56182212581345,8.452399444528192
1930,40.55800137653829,58.709143566404634,9.240948575620463
1931,39.33151594292987,55.932203389830505,11.258089623428786
1932,37.84102646733232,53.88367729831145,13.073047770783656
1933,36.55144829281939,64.11912450663796,12.54291559273021
1934,35.741304488266294,65.8629004478126,15.038214421977447
1935,34.83805161340422,67.42649487941857,17.124148413211387
1936,34.10420916550808,67.87898294174445,18.49363323775377
1937,33.49559632936137,67.1651288577792,18.243406721211777
1938,32.09156812836064,66.15481040426198,18.46226817487666
1939,32.09156812836064,62.04951425885302,15.065632807115543
1940,32.09156812836064,58.3516139141335,15.395721765457212
1941,32.713339731791834,55.73350416399744,17.78105489813518
1942,33.51461716345015,47.35968116904683,18.17368077959358
1943,33.92555140384771,48.68555821099351,21.540344828531506
1944,34.29206672025908,49.947460595446586,22.07195126746196
1945,34.61563063317153,51.12943707422015,22.80858355554838
1946,35.25471551852219,55.79178885630498,23.09497920067255
1947,36.38586075594176,58.26952526799388,22.47881943366389
1948,35.52916241623417,56.92365269461078,24.474334995768903
1949,35.02307472893693,54.26987060998152,26.559747967245336
1950,35.02307472893693,50.53604436229205,27.39435260990547
1951,35.02307472893693,47.54158964879852,28.07610052834461
1952,35.02307472893693,44.103512014787434,29.798873937466123
1953,35.65097943341159,50.77446165470344,30.613614030473908
1954,36.7592259668841,48.994875837603466,32.2150271572596
1955,37.71339083639392,47.063655030800824,31.38129350106493
1956,38.54423369426895,44.9807774455361,31.310912491418833
1957,39.270842287256485,43.10421286031042,33.33419334624741
1958,39.90611785340474,41.61690399632522,32.91107754532715
1959,40.45926603315227,40.246796392975796,33.8508170360839
1960,40.93709330587102,39.02200488997555,33.056308133054735
1961,42.30344221722204,37.54439370877727,39.99444162409745
1962,43.8098837472085,35.59681697612732,
1963,44.94755424159855,33.53624792473713,
1964,45.86629208973856,31.37593552101324,
1965,46.6229925403271,29.55223880597015,
1966,47.24770703072437,31.585441085749537,
1967,47.49040458791391,32.10493441599001,
1968,47.45111424143717,31.985065339141258,
1969,47.640708231577506,29.248262792166773,
1970,47.88875556182141,26.78686413393432,
1971,48.068769395599084,24.363161332462443,
1972,48.1825179556761,22.610415293342122,
1973,48.231079250132055,26.273990734612838,
1974,48.214904586883975,28.02379378717779,
1975,48.13384422805896,31.451083388049902,
1976,47.9871389388219,34.78260869565217,
1977,47.77337620693593,37.2048500319081,
1978,47.60753296528182,40.931989924433246,10.048960607615369
1979,47.50108249637638,44.9501246882793,21.642162170663486
1980,47.34056753777221,48.894348894348894,13.680576683650205
1981,45.389492350558136,51.05017502917153,10.676957071530857
1982,44.41586545567429,53.400222965440356,9.837544338578928
1983,43.225724404348206,55.52603613177471,10.621006567481881
1984,41.66902645778,57.43174924165824,12.303426570717148
1985,40.26638386758222,59.72828723920427,13.654322943148575
1986,39.76802216837212,62.41201313937119,12.65837891227263
1987,38.700567195881604,64.23128641864635,11.925224878054507
1988,37.42016122353698,65.84010260795212,10.438523989808873
1989,37.42016122353698,70.58572039333049,7.737317070329683
1990,37.056599012181366,71.78526841448189,7.112112289378036
1991,36.64203706588167,73.01010101010101,6.044150761626598
1992,36.17413741112167,74.24657534246575,6.244990585793519
1993,36.17413741112167,73.9334637964775,6.972674322097393
1994,36.17413741112167,73.9334637964775,7.501703298844675
1995,36.17413741112167,73.9334637964775,8.000433610313664
1996,36.17413741112167,74.24657534246575,8.280906425647128
1997,36.00953745589932,75.12650836901518,7.557653198808315
1998,35.74697105542792,75.60787340795059,7.0681129025270835
1999,35.5772648262995,76.77543186180422,5.568154546313916
2000,35.5772648262995,78.50287907869482,4.988864645877087
2001,35.5772648262995,80.38387715930902,4.643999003818589
2002,36.159677272264425,84.19380460683082,4.416020502948009
2003,36.086012137145474,84.06026962727994,4.451763665436425
2004,35.86136972803827,83.66219415943173,4.450215073201119
2005,35.473615365130044,83.00704776820673,4.440362604778743
2006,34.897384101830966,84.4306738962045,4.7119395539766815
2007,33.48493665571388,82.65114532482163,4.474158998543991
2008,31.613800886586425,78.94548063127691,4.667272780606908
2009,30.12331141098888,75.480109739369,7.3145273367264085
2010,29.693087992668445,70.21347565043362,12.627305623295785
2011,29.213876239998477,83.16062176165804,2.9008951974731407
2012,28.683220174273025,85.15379786566227,2.892551465588074
2013,28.09814862812214,86.87727825030376,3.6482672596277057
2014,28.09814862812214,86.87727825030376,4.309462013922765
2015,28.09814862812214,86.87727825030376,5.340822606732583
2016,28.09814862812214,86.87727825030376,5.603127978711017
2017,28.397695653387405,86.04076590487955,5.63006095997113
2018,28.95515095614155,75.38265306122449,5.832958222384732
2019,29.489599420118026,77.8216518591642,5.779830218020941
2020,30.000240446908435,80.25110281642348,6.144850656137767
2021,30.45886093335098,82.92001397135871,6.579900590930936
2022,30.45886093335098,81.5578064966818,7.205832370924611
2023,30.45886093335098,82.04680405169402,8.279384431619864
2024,30.45886093335098,82.01187565490744,9.687445668185967
2025,30.45886093335098,83.5137967167307,11.380739616247885
2026,30.45886093335098,83.5137967167307,12.504605987651471
2027,30.385306132486658,83.28108672936258,13.527398251914553
2028,28.616936419545578,81.63195629907818,13.811724854519138
2029,28.616936419545578,84.90952543530216,16.130348719715883
2030,28.962250071939856,84.27123383432367,16.538828188713737
2031,29.263964619396045,83.64869689396645,16.919269262334563
2032,29.398852136364486,81.1463590483057,16.49868818751836
2033,29.398852136364486,76.8565248738284,15.142345098743462
2034,29.398852136364486,72.71088680605624,10.962945142951614
2035,29.398852136364486,68.70944484498918,8.360030020200947
2036,30.61954530209179,77.81054183560634,15.597888483696025
2037,31.72729119481757,76.08861726508785,14.461816416686935
2038,32.12875837673455,73.55015673981191,10.77444501486313
2039,32.476765222617104,70.80994386527667,8.783824191178311
2040,32.773330528627696,67.88052373158756,6.610255552121738
2041,34.08121877615922,68.66301138760016,6.908630451348815
2042,34.29410964592206,65.48179871520342,5.811759366055798
2043,34.45860661758345,62.158647594278285,7.023961613363267
2044,34.5755351727597,58.723218189768254,7.964851935291485
2045,34.64546787941897,58.72527472527472,8.62096057889552
2046,34.66874169911071,58.652575957727876,9.547900488749342
2047,34.64546787941897,58.72527472527472,10.786697271446073
2048,34.5755351727597,58.94184521206821,11.51552907648376
2049,34.45860661758345,56.26354573038578,12.015058171800526
2050,34.29410964592206,59.57173447537473,14.242514561185555
2051,34.08121877615922,62.463095740194014,13.35623289265633
2052,33.81882953847166,65.59006211180125,11.718055055254492
2053,33.566417199286434,67.50711671411143,10.587811252186253
2054,33.328392916759306,68.3979224930084,10.76509797542413
2055,33.04470881954897,69.35420743639922,10.95010084306114
2056,32.71406404009543,70.36328871892925,11.911574828067845
2057,32.33486217416605,71.41259783824077,10.83902407199726
2058,31.905157239900056,72.49003262051468,10.16482817071337
2059,31.422580684732388,73.26767499120648,10.719393744977248
2060,30.884241404390973,75.57069846678024,9.390268520582683
2061,30.286586058240072,77.59472817133444,6.708539750304269
2062,29.625198808779498,79.41457206490614,6.887350882320275
2063,29.625198808779498,79.41457206490614,7.001839132367565
2064,29.625198808779498,72.38307349665924,12.076178295288525
2065,29.625198808779498,76.6783328030544,8.222996385488214
2066,29.625198808779498,81.10085905186128,6.274946018237333
2067,29.625198808779498,85.65065224307986,4.350059952832148
2068,29.14425602481169,86.06734630831016,4.208490578255904
2069,28.613871034405786,86.49296196466008,4.081491360792496
2070,28.03130722197661,86.9237460133372,3.9020231557938807
2071,27.39325145083773,87.35632183908046,3.820584776609358
2072,26.695646377060125,87.78770647170322,3.9077933009182173
2073,25.9334469152505,88.21531225503006,3.9523252256853736
2074,25.84638520236144,87.92068875554396,4.218134756983966
2075,25.6406621903328,87.65271640239148,4.581061360911107
2076,25.309589454601053,87.20599638149393,5.13201565221373
2077,24.84096155275259,87.61220825852783,5.327900929411681
2078,24.84096155275259,88.71505514234418,5.180190333597536
2079,25.842168945655136,89.85806451612903,5.340681539662146
2080,27.646312626274373,89.32902182700082,5.297964505399925
2081,28.212939058304045,87.62857937169863,5.796416605640335
2082,28.731065666852636,74.90690346605557,11.939900504172789
2083,29.203021934925534,77.01149425287356,9.265306601275073
2084,29.63077064807792,81.47138964577657,8.387854286430786
2085,30.015972695423084,85.50139708165166,7.0086865856994125
2086,30.193067522502833,87.55890669180019,6.250095291820303
2087,30.52725660970638,87.23471650300918,6.789185626772909
2088,31.097391123835656,86.49951783992286,7.354648649085314
2089,31.55050080993822,85.22616335828181,8.060156516382767
2090,31.898126835119882,86.06638186000657,7.954754462598502
2091,32.14787820351931,87.18967229394241,7.556816119259752
2092,32.304667988674396,88.69304955104755,6.6773329961240835
2093,32.304667988674396,88.39374792151646,7.068683553765699
2094,32.304667988674396,89.29165281010974,6.2627303983917635
2095,32.304667988674396,90.3225806451613,5.589407928113313
2096,32.304667988674396,91.4865314266711,4.779095601835358
2097,30.729784827860207,91.6256157635468,4.826733234087544
2098,31.288715374429056,80.65829657278589,11.88141458553591
2099,31.792493593613806,84.8442422121106,9.814154380356895
2100,32.24404789333606,89.1891891891892,6.501292691220515
2101,32.64578765819093,93.66901147723065,2.2332123128518315
2102,31.77516419640774,93.65962180200222,2.295612964360912
2103,32.09065796042805,93.51535836177474,2.4026542906899806
2104,32.36158986534417,93.38491295938104,2.5571850695149085
2105,32.589084108279884,93.27036599763872,2.7572352704194816
2106,32.7740484977307,93.17365269461078,3.0209698207888445
2107,32.917198001580786,93.09648768671781,3.485729994829365
2108,33.01907228066417,93.04029304029304,3.6054166639511798
2109,33.08004834616102,93.00613496932516,3.547923445509397
2110,33.10034911290195,92.99467431380582,3.405794363171635
2111,33.08004834616102,93.00613496932516,3.4337085127368825
2112,33.01907228066417,93.04029304029304,3.74688621698225
2113,32.917198001580786,93.09648768671781,3.706081616994666
2114,32.7740484977307,93.17365269461078,3.6122911670530433
2115,32.589084108279884,93.27036599763872,3.6008874649582214
2116,32.36158986534417,93.38491295938104,3.5917290218866484
2117,32.09065796042805,93.51535836177474,3.654183501284141
2118,31.77516419640774,93.65962180200222,3.809009208973026
2119,31.413736774414144,93.81555153707052,4.006480241281942
2120,31.004715020110797,93.98099260823653,4.082508886506279
2121,30.546094533668253,94.15384615384616,4.256032625378119
2122,30.03545350687785,94.33211799801127,4.423582688073653
2123,29.469852151100742,94.51395572666026,4.546676144156387
2124,28.845692503824058,94.69767441860465,4.652038721052209
2125,29.431257002939912,94.76263399693721,4.744635744148338
2126,30.444252352520824,94.62465245597775,4.867756206604905
2127,31.046382869218377,94.37364003730184,4.939609616461654
2128,31.37863486109565,94.00936037441498,5.114479274551577
2129,30.961417445333304,91.5876414805751,6.552086350437548
2130,29.87409927774552,87.5916691111763,9.731289391899066
2131,28.636524542588973,83.94714647174585,12.229187226704301
2132,27.190959320131658,80.42014543495826,14.210144829387245
2133,25.38681563951241,93.42274954862006,4.232627951658603
2134,23.776785963621787,93.66459627329192,4.183211757644045
2135,23.1154748716858,93.86576858311282,3.94058120408009
2136,22.39795523876909,93.85617872934606,3.9415671348568457
2137,21.619657268390046,94.84814398200226,2.8758818839056093
2138,20.77486322024705,95.69658769832645,1.7652050219220807
2139,20.435722775209335,96.19414154372461,1.1007072685170673
2140,20.446455265502,96.09224855861628,1.0728025488791944
2141,20.501212096083297,96.02053915275995,1.0395346638561698
2142,20.98807425930758,95.85836909871244,1.05868490162554
2143,21.182691940118694,95.61667382896434,1.2212513235477522
2144,21.118623252035302,95.74742268041237,0.9234181855339982
2145,20.785623617704303,95.94942134590656,0.4862863086608869
2146,20.115876753105304,96.07173356105892,0.40236247517559176
2147,18.711307728593972,96.11464968152866,0.5574695771324004
2148,19.561148826842746,95.97978910369069,0.954267292535472
2149,20.34460298325273,95.84279872785098,1.9272383835202296
2150,21.067392762533494,95.70422535211267,3.206631839041308
2151,21.734093112720473,95.56471158507028,4.6681370668902575
2152,22.34842927481054,95.425,5.986445568071964
2153,22.91347846107815,95.28593508500772,7.247807319934932
2154,23.43181116098675,95.14846235418877,8.505798928297388
2155,23.905592983201682,95.01362397820164,9.405386518431714
2156,24.336659793598017,94.88255033557047,10.283180082844712
2157,24.726574239101815,94.756446991404,11.00187197398408
2158,25.07666895479981,94.63657678780774,11.68635017658566
2159,25.388080020145143,94.52423698384202,12.40551342625166
2160,27.567383973483793,94.25359150530919,12.92104698326207
2161,29.071902648049843,93.84364820846906,13.065825954594793
2162,30.312842536155337,93.27902240325865,13.441754050399572
2163,31.37727011995448,92.54416961130742,12.838806487980179
2164,32.306286286423926,92.24834680382072,13.121075136892902
2165,33.1238840463735,91.95270785659801,13.046017471921887
2166,33.84572191727587,91.6600790513834,13.085814242317046
2167,34.482745221570056,91.37367130008177,13.07644886735732
2168,34.772038294316125,88.99044453676775,11.00589716179718
2169,34.772038294316125,84.62816784378894,8.141948163073168
2170,34.772038294316125,80.43207312006648,5.799629694457854
2171,34.772038294316125,76.40216036560034,4.125509176141836
2172,35.29621113693338,74.77516059957173,5.385625273332
2173,35.75208692674783,72.96345222369,5.938113729710233
2174,36.14376477268895,70.9706546275395,7.823746668637196
2175,36.47444685165414,72.49653899400093,6.176313464401756
2176,36.7466334433844,72.63751763046544,6.070320111187998
2177,36.962256349559475,72.88782816229117,6.3110358755776
2178,37.12277130816365,73.24963785610817,6.432183717923308
2179,37.22922177706909,73.72262773722628,6.377590584245323
2180,37.282281670145395,74.3038593063019,6.066587420291566
2181,37.282281670145395,74.98778700537372,5.57864607847901
2182,37.229221777069085,73.57664233576642,6.8167182643159885
2183,37.12277130816365,76.43650410429744,5.745522544211988
2184,36.962256349559475,79.52267303102626,5.691156676252316
2185,36.7466334433844,82.41654913023036,6.170635246719191
2186,35.967624229311674,83.78009995456611,7.056151987159775
2187,35.04780913226652,84.93210687691634,8.394108614009337
2188,33.94646449184104,85.88284871470712,9.518065193454134
2189,32.73106810142951,85.44562551103843,9.986030783702462
2190,33.30447103647675,84.84097480380008,10.480768634508744
2191,34.15217997292845,83.44343517753923,10.610772755690798
2192,33.96592603938839,81.27294981640146,10.419835476566332
2193,33.96592603938839,80.25295797633619,11.787784261226442
2194,33.96592603938839,79.39616483068136,11.991807150023952
2195,33.96592603938839,79.02896776825786,12.402999253004234
2196,33.96592603938839,79.35536515707874,13.138583249002151
2197,33.96592603938839,80.13055895552836,14.077544482455577
2198,33.550001062345196,78.4493041749503,13.872432967661712
2199,33.16316491031908,76.83923705722071,13.43294883060409
2200,31.78574616842617,74.68785471055618,10.700549476767609
2201,32.05890636242301,72.78650824070525,9.788469028561257
2202,32.265429619262044,70.77042198993418,7.476340272316189
2203,32.40724873254571,69.27875243664717,6.639097140708629
2204,32.48563721225243,68.80626223091977,6.318103718383434
2205,32.50128107480629,68.1551116333725,6.283021894947061
2206,32.45431574155122,67.60453302071122,5.890792925913422
2207,32.34433317819579,67.15895841430238,4.81833307032165
2208,32.170360239214524,66.82080924855491,4.485068146513559
2209,31.930805263996454,66.5904761904762,4.119788136301653
2210,32.413862528857024,66.27286585365853,4.010198274117624
2211,32.0468714396954,63.86806596701649,4.071007294345557
2212,31.604059962443916,61.50735294117647,5.922136512446178
2213,31.079790926512015,59.20863309352518,7.1683445255634455
2214,30.466413875959898,61.7626404494382,8.256295203182082
2215,29.753299761192874,62.2093023255814,9.13663245122947
2216,28.925072504047925,62.965425531914896,9.491136760111399
2217,27.95799237548306,63.903225806451616,9.8710708950203
2218,26.811186505388584,64.75,10.315379763551917
2219,25.397794425690506,65.50785973397824,10.473042632543681
2220,24.511452093607364,65.78556578556578,10.831999160417341
2221,24.470660532625352,65.70920935741783,11.575823927235376
2222,24.397135143533283,65.71428571428571,12.311985296385672
2223,24.290702048268056,65.79947383805904,12.954954733587437
2224,24.151106800588042,65.96237337192474,13.70562274250035
2225,23.978010660368483,62.33914784100658,17.540159697788354
2226,23.770985499428775,64.70256554835072,16.41411043555532
2227,23.52950714074272,67.18446601941747,14.5990759032744
2228,23.252946859367274,69.10923454099701,13.548829954858224
2229,23.252946859367274,72.73222555162081,10.184346767949904
2230,23.252946859367274,76.30073549441569,7.542852231513568
2231,23.252946859367274,80.19613184418415,5.954421185414396
2232,23.10128335226844,82.46560561100621,5.565139890007888
2233,22.770665635269186,83.03830911492734,5.868509598776216
2234,22.40285973961125,83.6218031516404,5.5234889039396515
2235,21.996767323292502,84.21185372005044,5.215158601252326
2236,21.551111097276245,84.80452421932628,4.5736422844307905
2237,21.064404909608434,85.39621738089538,4.497306586652052
2238,20.534915460595638,85.9837019790454,4.417590704145128
2239,20.81807485400386,86.31433187168244,4.470776614791778
2240,21.69701364443151,86.2969004893964,4.7378925570171875
2241,22.33994925225313,86.21094667606296,4.956586878276036
2242,22.801286963607797,86.05530607421413,5.1285715720214675
2243,23.10797937348485,86.01946356515548,5.209433230999711
2244,23.274373009044798,86.17654056626219,5.250787890767444
2245,23.30732978473074,86.36039038324209,5.1153507249170165
2246,23.208141277792656,86.87901117185643,4.832369319374027
2247,23.576486291854543,87.29781160799239,4.54857146772142
2248,24.10859884538737,87.54770992366412,4.344762262966927
2249,24.27065669519665,87.6313276026743,4.334126485359918
2250,25.48496599005871,91.2027833001988,4.43704949994564
2251,25.526723891831004,91.51530231400847,4.644067089486428
2252,24.72763846106462,91.4867212707868,4.773585824644342
2253,26.005220205814254,90.8456167571761,4.791876336746999
2254,26.961221548072427,78.5599140247179,8.751712145152084
2255,27.664607872526535,81.35781858653311,8.321936712085707
2256,28.575855518290165,84.60648148148148,6.64542063811836
2257,29.40151368712323,87.91340950090198,5.014051491162971
2258,29.597185689803684,89.6119767797128,4.216640449817103
2259,29.07125007423245,89.50561116166212,4.354314644678134
2260,28.721118063012234,90.21739130434783,4.162520987766864
2261,29.33470949012679,89.88132417239225,4.580827715435055
2262,29.892164792880937,89.54838709677419,4.9037216935013435
2263,30.396762257186417,89.22155688622755,5.154186684812831
2264,30.851200740028446,88.9041095890411,5.449402385389255
2265,31.257718377446672,88.59957776213933,5.870976052063264
2266,31.618178837294074,88.31168831168831,6.168805547645969
2267,31.93413521148304,77.93357933579335,11.533124664874107
2268,32.206878044499064,82.11596385542168,10.176684165681204
2269,32.437471799879965,86.36015325670498,7.47113568177814
2270,32.62678267927173,90.6298600311042,4.1402114117659
2271,32.526053150886625,91.38867339022498,3.420571894965871
2272,32.64345663106272,91.30775254502741,3.6261869972403367
2273,32.72150638559312,91.25295508274232,3.9036596825435064
2274,32.76046602172663,91.22529644268775,4.054826726665101
2275,32.76046602172663,91.22529644268775,4.225458010595411
2276,32.72150638559313,91.25295508274232,4.439005076742309
2277,32.64345663106272,91.30775254502741,4.536642705683232
2278,32.526053150886625,91.38867339022498,4.70791383026459
2279,32.36889379205027,91.49425287356321,4.870937085004005
2280,32.171429373129,91.62264150943396,5.054062181947576
2281,31.932951679155092,91.77168272794663,5.237834626054096
2282,31.65257724831178,91.93899782135077,5.30445852799872
2283,31.329225963163616,92.1220723917672,5.216414128785162
2284,30.961593038267637,92.31833910034602,5.420098544798563
2285,30.548112388601204,92.52525252525253,5.663824238506455
2286,30.086908459385608,92.74035317200784,5.637245486241038
2287,29.57573221172691,92.96131896005073,5.694137416717498
2288,29.01187476414294,93.18600368324125,5.398243046264258
2289,28.39204859269342,93.41246290801188,5.071410380713668
2290,27.71222005584251,93.63896848137536,4.912085589898939
2291,26.967366045638833,93.86401326699834,4.7543337592225035
2292,26.15110686488851,94.08630793819925,4.79947773673965
2293,25.255125626737772,94.30477167778348,4.876523474691233
2294,24.26819265551108,94.51851851851852,4.975332458734306
2295,23.17438847688051,94.72684085510689,5.09034309945142
2296,21.94947999888028,95.22613065326634,4.766395781949966
2297,20.552144941669404,95.6082564778217,4.571880536952419
2298,18.895112212490382,95.8843393837062,4.511009802966846
2299,16.566985823389654,96.06490872210954,4.533998664556309
2300,15.753713129173173,96.30793401413983,4.477685160389013
2301,14.874662461984396,96.54123907259597,4.471462482071299
2302,13.922480113672421,96.76470588235294,3.9901506044980075
2303,12.887460449837448,96.97831496622823,4.010284950631331
2304,11.75624404356868,97.40549828178695,3.9227287988702257
2305,10.50932211043143,97.74161408170043,3.895783009400338
2306,9.115547101708673,97.97817715019255,3.9190137574425687
2307,7.5170417509556895,98.12403100775194,3.951815297698059
2308,7.5170417509556895,98.12403100775194,4.0146881523300095
2309,7.5170417509556895,89.14728682170542,11.744776631975602
2310,7.5170417509556895,92.51162790697674,9.156936027598169
2311,7.5170417509556895,95.93798449612403,5.442203895042511
2312,7.5170417509556895,99.42635658914729,3.0039837492354273
2313,5.76888740053952,99.52052741983817,2.967302058188438
2314,3.3513527906388765,99.5511149724877,2.966203394732099
2315,1.3810876425130094,99.6078431372549,2.878006117088906
2316,-0.0,99.61432506887053,2.8781429500966564
2317,-0.0,99.61432506887053,2.8781429500966564
2318,-0.0,99.61432506887053,2.8781429500966564
2319,-0.0,99.61432506887053,2.8781429500966564
2320,-0.0,99.61432506887053,2.8781429500966564
2321,-0.0,99.61432506887053,2.8781429500966564
2322,-0.0,99.61432506887053,2.8781429500966564
2323,-0.0,99.61432506887053,2.8741061431172397
2324,-0.0,99.61432506887053,2.8698270720340497
2325,-0.0,99.61432506887053,2.8631585421527297
2326,-0.0,99.61432506887053,2.849529092310583
2327,-0.0,99.61432506887053,2.8302117557287896
2328,-0.0,99.61432506887053,2.8064320985633104
2329,-0.0,99.61432506887053,2.7732778069846136
2330,-0.0,99.61432506887053,2.7311735106126083
2331,-0.0,99.61432506887053,2.6801651785134952
2332,-0.0,99.61432506887053,2.6292427366212148
2333,-0.0,99.61432506887053,2.5719639461047867
2334,-0.0,99.61432506887053,2.5146645213003893
2335,-0.0,99.61432506887053,2.456916680010215
2336,-0.0,99.61432506887053,2.3936540428812076
2337,-0.0,99.61432506887053,2.318384490267404
2338,-0.0,99.61432506887053,2.2248184322421323
2339,-0.0,99.61432506887053,2.1193257366462106
2340,-0.0,99.61432506887053,2.0127809319299983
2341,-0.0,99.61432506887053,1.9049471272485556
2342,-0.0,99.61432506887053,1.7954438924131568
2343,-0.0,99.61432506887053,1.6425290129162855
2344,-0.0,99.61432506887053,1.9905860436613196
2345,2.429609566376967,99.58701224722302,2.965795929997673
2346,4.190046201482249,99.49941107184924,2.9944375710951685
2347,6.337430640857184,99.42117288651941,3.0293795408979682
2348,8.287223302596603,99.3534142879672,3.0678428421902106
2349,9.88148918950257,99.21632653061225,3.117921266511079
2350,11.270947996810069,99.0028730775731,3.1683125421486595
2351,12.51347416163398,98.84554836452685,3.2118939641936994
2352,13.640212243939832,98.8054298642534,3.2594232998684043
2353,14.670667867782385,98.76427635274293,3.3098998241074895
2354,15.618197114666131,98.72216844143271,3.3556390186797977
2355,17.39942245419963,98.67496486649267,3.410110339750872
2356,19.277087279582524,98.55919816245563,3.427201261173416
2357,20.797832722299546,98.34961997828448,3.454441817328715
2358,22.11232352865107,98.03567396703545,3.471962605502209
2359,23.278375861938336,97.79394508331377,3.47445810775411
2360,24.327072409052803,97.70787612777372,3.5055199740918668
2361,25.277853018366212,97.61965054444163,3.540964445106568
2362,26.14400375701764,97.52956636005256,3.6219891365272305
2363,26.14400375701764,93.14060446780552,4.496048517847773
2364,26.14400375701764,88.85676741130092,8.137377164845413
2365,26.14400375701764,84.67805519053877,11.60225723480955
2366,26.14400375701764,95.32194480946123,2.106006799833303
2367,26.14400375701764,95.32194480946123,2.106006799833303
2368,26.14400375701764,95.32194480946123,2.106006799833303
2369,26.14400375701764,95.32194480946123,2.106006799833303
2370,26.14400375701764,95.32194480946123,2.106006799833303
2371,26.14400375701764,95.32194480946123,2.106006799833303
2372,26.14400375701764,95.32194480946123,2.0671357471597016
2373,26.14400375701764,95.32194480946123,1.9588715071850595
2374,26.14400375701764,95.32194480946123,1.8027388744897235
2375,26.14400375701764,95.32194480946123,1.6443822738406417
2376,26.14400375701764,95.32194480946123,1.4935918465212572
2377,26.14400375701764,95.32194480946123,1.345737558963161
2378,26.14400375701764,95.32194480946123,1.543018961508784
2379,26.14400375701764,95.32194480946123,2.4273120503381778
2380,26.14400375701764,95.32194480946123,3.7610887332961656
2381,26.14400375701764,95.32194480946123,5.090698125497469
2382,26.14400375701764,95.32194480946123,5.714949454902541
2383,26.14400375701764,95.32194480946123,5.992289179255446
2384,26.14400375701764,95.32194480946123,6.11308117809976
2385,26.14400375701764,95.32194480946123,6.217337399367704
2386,26.14400375701764,95.32194480946123,6.329792572938504
2387,26.14400375701764,95.32194480946123,6.451524288669461
2388,26.14400375701764,95.32194480946123,6.579972910948446
2389,26.14400375701764,95.32194480946123,6.714780448663134
2390,26.14400375701764,95.32194480946123,6.8536255483206565
2391,26.14400375701764,95.32194480946123,6.984088795557056
2392,26.548454168987313,94.8340471092077,6.667287211128643
2393,27.304941624982586,93.7291897891232,6.0103592964718935
2394,27.996694503645102,92.44252873563218,5.577556654285956
2395,28.62875083545673,90.96313912009512,5.426547396842059
2396,29.205160363102294,91.95331695331696,5.641702921768747
2397,29.729228017781566,91.69835234474017,5.698673982396514
2398,29.729228017781566,87.16730038022814,5.939843540548697
2399,29.729228017781566,82.76299112801014,7.284718664801587
2400,29.729228017781566,78.48542458808619,9.153333098677072
2401,29.729228017781566,76.1723700887199,10.45813032160659
2402,29.729228017781566,80.44993662864385,8.315576968760697
2403,29.729228017781566,84.85424588086185,5.583229846392376
2404,29.729228017781566,89.38529784537388,5.059554552568378
2405,29.05944086799446,92.00247985120893,6.614181652203141
2406,27.50883560414052,92.49703440094899,7.504534749499434
2407,26.93249373616436,92.08739297313257,8.064204938827642
2408,26.93249373616436,91.23117803365811,8.20024365398205
2409,26.93249373616436,90.49306170652495,8.384697405486552
2410,26.93249373616436,89.8730439917331,8.89964489465556
2411,26.93249373616436,90.07971656333038,10.571084887612287
2412,26.93249373616436,90.16829052258636,12.214450471941467
2413,26.93249373616436,90.84735754354887,14.176191828370719
2414,26.93249373616436,91.64452317685267,16.729581972917725
2415,26.819491821207414,91.81630850750662,18.574577390898856
2416,26.563577845835066,89.03712296983758,18.062319643522653
2417,26.014727950732095,85.06749156355455,16.683378736203117
2418,25.414163920912817,81.26361655773421,15.963242886770333
2419,24.758549801497985,77.92413066385669,16.45774041910591
2420,25.853595151848754,78.78787878787878,17.245905563012627
2421,26.23816857777757,79.02881536819638,18.18311533242931
2422,26.15110686488851,78.82258923814598,19.07926329109348
2423,26.398313503180663,77.73870705977819,20.03057889612615
2424,27.025943826681953,76.40480849874196,19.65586758158342
2425,27.600272979178918,77.25829725829726,21.31804454606685
2426,28.28520437954441,76.52329749103943,21.93503046575724
2427,29.05944086799446,75.20148791072536,21.006270018508477
2428,29.761186151133,73.68251928020565,20.888956515621672
2429,30.396762257186417,71.98935462408517,21.307200099711906
2430,30.396762257186417,68.13040585495675,19.040504494056897
2431,30.396762257186417,64.17165668662675,15.805744585652947
2432,30.396762257186417,60.612109115103124,13.900086613200658
2433,30.630101829407835,57.765023632680624,13.983710320784448
2434,31.060325247728265,55.625,14.407796402663475
2435,31.443602035178124,53.34996436208125,15.009234276074759
2436,31.78163369812392,50.948905109489054,13.84187890189406
2437,32.075836855441096,53.28113348247577,15.655039767817222
2438,32.327385049206015,53.45744680851064,15.730683453986325
2439,32.53724058833914,53.78378378378378,16.43780079008109
2440,32.706178840977095,54.26447574334898,16.99190806949987
2441,32.83480665181176,54.901185770750985,17.165586196578907
2442,33.108418060908114,54.541800643086816,17.82346742215764
2443,33.509541489609475,52.96296296296296,17.977740331114784
2444,33.850058795239875,51.260504201680675,17.44079585393133
2445,34.13250379390886,49.48674080410608,14.02031455999972
2446,34.13250379390886,47.34816082121471,10.100503219314037
2447,34.13250379390886,45.08126603934987,6.598794319853812
2448,34.13250379390886,43.32763045337896,12.547499613340118
2449,34.13250379390886,43.15654405474765,12.039915415070572
2450,34.68470547479323,45.45058772311711,9.776997727266503
2451,35.17817196040657,46.259406817175744,11.95533030381621
2452,35.604218599908265,46.92411315671307,14.501737876668118
2453,35.78923392240121,46.13309352517986,14.447659706781144
2454,35.511022400372056,45.00442086648983,13.50848804572401
2455,35.16960097101269,43.93414211438475,18.72381713283867
2456,34.76194693248921,42.760372565622355,18.809707306628944
2457,34.28411965977047,47.194719471947195,18.209924487931097
2458,34.017340378687116,47.31489015459724,19.37720901218156
2459,34.28411965977047,46.493399339933994,18.022439784448924
2460,34.76194693248921,44.79254868755292,15.43558782242756
2461,34.76194693248921,42.040643522438614,18.345783825940412
2462,34.76194693248921,39.45808636748518,17.662910545586097
2463,34.76194693248921,37.25656223539374,10.189059005906232
2464,35.17239304699925,37.70985794231597,13.648495443159996
2465,35.90096559278175,39.04931141714793,16.166907410224844
2466,36.22370871859178,39.630297565374214,15.541210610289673
2467,35.90096559278175,39.004886717014664,14.839325964494396
2468,35.890481636511986,35.19751442521083,9.059539967029416
2469,35.838011079575935,31.86036235086169,6.821351409818868
2470,35.74334957252013,31.65278386672512,4.3173318035655175
2471,35.84231919888849,29.90325417766051,5.0422081622824155
2472,35.67089534524262,25.15177797051171,9.649924011788796
2473,35.455294176815045,24.04092071611253,6.718882802594345
2474,35.1945858330693,23.55889724310777,5.906003501117374
2475,34.88760138887632,27.306122448979593,3.0296251261539098
2476,34.33110161438218,28.41357537490134,5.5892848520681016
2477,34.33110161438218,31.254932912391475,11.642314312812722
2478,34.33110161438218,34.37253354380426,9.855478864904066
2479,34.33110161438218,37.963693764798734,11.506009494995912
2480,33.9056475515108,40.87393658159319,15.473928513063237
2481,32.96911999490235,42.87833827893175,17.956890327292765
2482,32.576841009253,43.537906137184116,21.58423935855748
2483,32.136228346264836,43.16269284712482,21.00513134871436
2484,31.64506713754118,45.547246770904145,24.799368785653282
2485,31.100679880330993,47.796052631578945,20.463906345398385
2486,30.49980793377289,49.904640813731724,14.033414979318307
2487,29.785343170077898,51.807598039215684,10.89253422092442
2488,28.99871765250927,53.5693215339233,10.196589763233822
2489,28.131651168623172,55.13620885357548,9.88948060794739
2490,27.664607872526535,57.15080690038954,9.593950942064152
2491,27.664607872526535,61.018363939899835,8.718305747988756
2492,27.664607872526535,64.99721758486366,6.228203038101629
2493,27.664607872526535,69.08736783528103,4.066261284039826
2494,26.961221548072427,69.8817839871037,3.6882212493622495
2495,26.193377686088475,70.68429237947123,3.4033356114344575
2496,25.354669844020997,71.48925537231385,3.5602901270902896
2497,24.436756235849764,72.29176697159365,4.0595016766691625
2498,23.42838396679287,73.08762169680111,4.217675109190316
2499,22.31361187562277,74.16331994645248,4.32124793224378
2500,21.06818658374508,75.11807642765135,4.9128551026465574
2501,20.785623617704303,75.22503214744964,5.0826377497593604
2502,20.52292041798528,75.13374705756473,5.447875120071178
2503,20.96418815678794,75.32718300793822,6.1191947481364135
2504,21.102369409450944,75.39188318660082,7.07341846053154
2505,20.96418815678794,75.28427376099549,8.017406788492664
2506,21.22497976363155,74.4165757906216,9.116510744762056
2507,22.133553442986845,66.55367231638418,12.541580178938888
2508,22.96809027072859,68.54668850924409,11.543322701722355
2509,23.359950082911205,69.73809523809524,12.024414414802486
2510,23.359950082911205,69.73809523809524,12.90608334184593
2511,22.559574667768583,67.57129714811407,14.53934653617894
2512,21.38836614845038,65.27224435590969,18.0778189975351
2513,20.507702194675247,74.62590850790936,13.076291718603159
2514,20.507702194675247,74.62590850790936,13.859745640191967
2515,20.507702194675247,74.62590850790936,14.59802288604112
2516,20.507702194675247,67.82813168020522,19.741354565446883
2517,20.507702194675247,71.39803334758444,18.065583311916036
2518,20.507702194675247,75.05344164172723,16.32399142730916
2519,20.507702194675247,78.79435656263361,13.990436408106964
2520,18.840732830367905,79.42868886148787,14.140936927128308
2521,17.8382963568818,81.38222849083216,13.554019308013135
2522,17.8382963568818,84.9687688897844,11.275781648958194
2523,17.8382963568818,88.81724763248036,9.051996009273655
2524,17.8382963568818,92.74632278863591,5.918854541554175
2525,16.864802890783064,93.43975082733112,5.213885247440753
2526,15.802005290426047,94.0214326001128,4.9926420776449145
2527,15.802005290426047,94.0214326001128,5.0955095244384445
2528,15.802005290426047,85.4295920285768,12.240107572877582
2529,15.802005290426047,89.09569467945103,9.415962027242474
2530,15.802005290426047,92.83699943598421,6.189042397995226
2531,15.802005290426047,96.65350629817635,1.4459391931684102
2532,14.457182747152975,96.71707856879381,1.4052734916275842
2533,14.457182747152975,96.71707856879381,1.3839351222175766
2534,14.457182747152975,96.71707856879381,1.319153813987337
2535,14.457182747152975,96.71707856879381,1.2108847127381603
2536,14.457182747152975,96.71707856879381,1.0758914270916689
2537,14.457182747152975,96.71707856879381,2.6539493897161877
2538,14.457182747152975,96.71707856879381,3.6450091261219963
2539,14.457182747152975,96.71707856879381,4.477201442885249
2540,14.457182747152975,96.71707856879381,5.2095867992355895
2541,14.457182747152975,96.71707856879381,5.304875755235079
2542,14.457182747152975,96.71707856879381,5.405619341322185
2543,14.457182747152975,96.71707856879381,5.511072734016727
2544,14.457182747152975,96.71707856879381,5.613525467073113
2545,14.457182747152975,96.71707856879381,5.716393794672565
2546,14.457182747152975,96.71707856879381,5.8201680755323615
2547,14.457182747152975,96.71707856879381,5.921415429625175
2548,14.457182747152975,96.71707856879381,6.0223949714378735
2549,14.457182747152975,96.71707856879381,6.115316859395757
2550,14.457182747152975,96.71707856879381,6.194315127785612
2551,14.457182747152975,96.71707856879381,6.259666148141285
2552,14.457182747152975,96.71707856879381,6.309686376791909
2553,15.00291985965966,96.49089885531994,6.204421298558183
2554,16.024114241662353,95.96038065643815,6.130625437068202
2555,16.962198832035302,95.27828008840667,6.134243657795773
2556,18.015025788111494,94.65029142381348,6.282095386872079
2557,19.920139488562825,82.44968621510496,12.64458464525759
2558,19.920139488562825,82.40640553992642,12.835592585960773
2559,19.920139488562825,82.2332828392123,13.67425043848034
2560,19.920139488562825,82.2332828392123,13.866068550434774
2561,19.48650705684072,94.61816634758561,3.198184832815276
2562,18.56294969225133,95.3564824327101,2.0804585300222236
2563,17.361922635126618,95.82095464448406,1.4043877506175417
2564,16.01317520972932,96.18247757205573,0.8846899430322862
2565,14.458862344719785,96.45024829869413,0.6346617459350251
2566,14.077210305227965,96.7438494934877,1.23880387136759
2567,14.705353951472635,97.02467343976778,1.6620776831903492
2568,14.987916917513408,97.16569767441861,2.200277371095276
2569,14.987916917513408,97.16569767441861,2.757947646264703
2570,16.15600685242213,96.89499435453519,3.2047324831271915
2571,17.84694809902382,96.67709147771697,3.631842161388975
2572,19.27889510162266,96.36622005684126,3.2703998153680556
2573,20.539148771053554,95.95278246205734,3.4812501985923245
2574,21.669063143258136,95.42669584245077,3.492243379623844
2575,22.692905176086704,95.16348773841962,4.170013737188343
2576,23.626630510766535,94.8893075836081,5.165599805471561
2577,24.48150750430016,94.6044921875,6.473014249109181
2578,25.26589447805362,94.30955993930198,6.9712947715238265
2579,25.986215584722885,94.00523560209425,7.385714426260929
2580,26.647541709952076,93.69247428262047,7.496435193986429
2581,27.253957934886454,93.37248322147651,7.892314621238497
2582,27.808807269316667,93.0467397576457,7.734276411492047
2583,28.31485856295951,92.71700356718192,7.956156850511397
2584,28.77442580191384,92.38532110091744,8.140413225478678
2585,29.18945503450977,92.05402010050251,8.39289630143584
2586,29.838326855740053,91.40447615958482,8.235898128583884
2587,30.679961473312762,90.29322548028311,7.56625254211126
2588,31.43410513591264,88.98216159496327,6.785204138633726
2589,32.11023051553136,87.45922435665096,5.814463556898866
2590,32.7154401373797,86.95163104611923,6.120352351638645
2591,33.25521112353389,86.44986449864498,6.198268992546992
2592,33.73385220915869,85.95931392102113,6.0629172825465805
2593,34.15479920914242,85.48585485854859,5.901207499395258
2594,34.52081387847936,85.03572929802438,6.076731287605898
2595,34.52081387847936,80.5380411937789,3.842093625050214
2596,34.52081387847936,76.20849096258932,3.9198541366882145
2597,34.52081387847936,72.04707860445565,7.444895622400283
2598,34.52081387847936,79.19293820933166,4.816928120133033
2599,34.52081387847936,79.19293820933166,5.432361595774387
2600,34.52081387847936,79.19293820933166,6.000320382079563
2601,34.52081387847936,79.19293820933166,6.540094125353015
2602,34.52081387847936,79.19293820933166,7.047520878799176
2603,34.52081387847936,79.19293820933166,7.098083604055361
2604,34.52081387847936,79.19293820933166,7.230376406461573
2605,34.52081387847936,79.19293820933166,7.573069310417456
2606,34.52081387847936,79.19293820933166,8.214069394800799
2607,34.52081387847936,79.19293820933166,8.659438020832827
2608,34.52081387847936,79.19293820933166,9.184953079762082
2609,34.52081387847936,79.19293820933166,9.787043613312912
2610,34.52081387847936,72.08911307271963,14.811386927253167
2611,34.52081387847936,76.2505254308533,12.52183896622087
2612,34.52081387847936,80.58007566204287,10.78315022417463
2613,34.52081387847936,85.07776376628836,8.795914288687994
2614,33.365413620759185,86.0540104796453,9.061559482040638
2615,31.94372616539416,86.83905827865689,8.93704050475317
2616,29.844711672999544,87.44924326319675,9.06798651463264
2617,29.529217908979245,89.99638858793789,7.608570337451296
2618,29.32081544075445,91.0192444761226,7.135217618203381
2619,29.32081544075445,91.0192444761226,7.408144807861981
2620,29.32081544075445,91.0192444761226,7.6635784392406086
2621,29.32081544075445,91.0192444761226,7.906267753151844
2622,29.32081544075445,91.0192444761226,8.144056654054387
2623,29.32081544075445,81.07626514611546,14.947842125764803
2624,29.32081544075445,85.24590163934427,12.922593963583422
2625,29.32081544075445,89.55808980755523,9.98043472311882
2626,29.32081544075445,94.0128296507484,5.886734655628643
2627,28.865000693102008,92.23839223839224,7.915547444363939
2628,28.354941698047803,93.98117014122394,6.079818105180557
2629,27.787436860221142,95.50488599348535,4.599776517538951
2630,27.15853156337598,96.81789540012602,2.7741192726927726
2631,26.609804377549143,97.43276283618582,2.453486376698664
2632,26.15655447432145,97.50297265160523,2.439343650565943
2633,25.65665746546221,97.57505773672055,2.41786777855586
2634,25.107807570359242,97.64837625979843,2.4477179311688584
2635,24.50724354053996,97.72234273318873,2.475116664243846
2636,23.851629421125132,97.79643231899266,2.498333734496236
2637,23.13688669068234,97.87018255578093,2.5517298930457653
2638,22.357950573369916,97.94319294809011,2.5563112433517317
2639,21.508402616610407,98.01512287334593,2.5356809279225954
2640,20.579889825301006,98.08568824065634,2.430441780414777
2641,19.561148826842746,98.15465729349737,2.258165396607714
2642,18.436228651196558,98.22184589331076,2.0798166698202283
2643,17.18086672419055,98.55220228384992,1.7261795317011388
2644,15.753713129173173,98.78240377062058,1.5350286815519716
2645,14.067470831054152,98.92208774583963,1.415148903088144
2646,11.710719458230837,98.98033503277495,1.2883600947171359
2647,11.270524356245133,98.72759856630825,1.2064245227320447
2648,11.270524356245133,98.24372759856631,1.3592222643448626
2649,11.270524356245133,97.831541218638,1.4862231986747978
2650,11.270524356245133,97.4910394265233,1.9777753659026802
2651,11.270524356245133,97.4910394265233,2.9521026573045757
2652,11.270524356245133,97.831541218638,4.346882453928821
2653,11.270524356245133,98.24372759856631,5.9966708975317315
2654,11.270524356245133,98.72759856630825,6.514806185382946
2655,11.710719458230837,98.98033503277495,6.970607061468592
2656,12.542883317967812,98.94776399849681,7.677934425444454
2657,14.274094352893588,98.91050583657588,8.717666250938988
2658,16.15660125405369,98.8071168621108,10.019416798734389
2659,17.320229051676193,98.28308207705193,10.146550117145283
2660,18.0180453988788,97.30021598272138,10.33246918125506
2661,18.664189588200436,96.17097061442564,9.527486861054689
2662,19.261770327626703,94.88766620816139,8.771519299456221
2663,19.813391803544494,96.55660377358491,10.555201919844258
2664,20.321255732868163,96.46146388754241,10.833694897821841
2665,20.78723673685638,96.3681592039801,11.107957994937996
2666,22.13031510551854,96.04037267080746,11.184242467336553
2667,23.299702178579828,95.58665231431647,11.070658111439728
2668,24.03603587164929,94.30555555555556,9.97232336977943
2669,24.22903429267172,91.14422265954455,7.5839673374810745
2670,24.412121590679234,87.96928327645051,5.097768755206934
2671,24.412121590679234,83.8452787258248,3.6501006709203714
2672,24.412121590679234,79.83503981797497,3.5670355674023937
2673,24.412121590679234,75.93856655290102,5.7298458921391715
2674,24.412121590679234,87.6848691695108,4.530447179822148
2675,25.681723117046413,85.32403371113048,3.4281146077890123
2676,25.681723117046413,81.16826503923278,2.81478028717607
2677,25.681723117046413,77.12874164487067,4.549260178154505
2678,25.681723117046413,73.20546352804418,8.367693155332795
2679,25.681723117046413,83.37692531240918,0.8935945555294845
2680,25.681723117046413,83.37692531240918,0.8935945555294845
2681,25.681723117046413,83.37692531240918,0.8935945555294845
2682,25.681723117046413,83.37692531240918,0.8935945555294845
2683,25.681723117046413,83.37692531240918,0.8935945555294845
2684,25.681723117046413,83.37692531240918,1.6487207429727515
2685,25.681723117046413,83.37692531240918,1.7045096934765798
2686,25.681723117046413,83.37692531240918,1.7191094738183883
2687,25.681723117046413,83.37692531240918,2.1190305754190657
2688,25.681723117046413,83.37692531240918,2.515732074800484
2689,25.681723117046413,83.37692531240918,2.906276878578856
2690,25.681723117046413,83.37692531240918,3.2821707499621886
2691,25.681723117046413,83.37692531240918,3.657258586772552
2692,25.681723117046413,83.37692531240918,4.020730467543211
2693,25.681723117046413,83.37692531240918,4.372734977099129
2694,25.681723117046413,83.37692531240918,4.710146659765431
2695,25.681723117046413,83.37692531240918,5.10885360465954
2696,25.681723117046413,83.37692531240918,5.544944957804346
2697,25.681723117046413,83.37692531240918,6.016571689425437
2698,25.681723117046413,83.37692531240918,6.493103020344251
2699,25.681723117046413,83.37692531240918,6.9674254289918585
2700,25.681723117046413,83.37692531240918,7.421843613132811
2701,25.681723117046413,83.37692531240918,7.856941512062206
2702,25.681723117046413,83.37692531240918,8.280547888033553
2703,25.681723117046413,83.37692531240918,8.699067438145354
2704,25.681723117046413,75.15257192676548,14.792372937415996
2705,25.681723117046413,79.13397268235978,11.717289570987138
2706,25.681723117046413,83.23161871548969,9.861223279744063
2707,25.681723117046413,87.44551002615519,8.008810477947884
2708,25.311872142351437,87.8512631280159,8.194954554778857
2709,24.901561585331237,88.26460005535566,8.116937783932993
2710,24.449348528154538,88.68229587712207,8.274712172609828
2711,23.95353984757644,89.10138852501964,7.646520135294857
2712,23.412142884937538,89.51920630882726,7.269815693192874
2713,22.8228004200162,89.93338267949667,7.077339399181871
2714,22.18270342664714,90.2701410470954,6.957830603387844
2715,21.48847149444901,91.43716732237908,6.377340551624525
2716,20.73598466747712,92.32146854712335,6.191551359981278
2717,19.920139488562818,93.24821467214889,5.582940145118649
2718,18.733788688210133,93.76693766937669,5.571722071240394
2719,17.39942245419963,94.17787592852841,5.426162803706234
2720,16.494294639512628,94.44768006212387,5.55181035348727
2721,15.511356516903097,94.70820041283542,5.601787322688605
2722,14.43929767470622,95.08612873980054,5.43856801298317
2723,13.26212292411015,95.51585216325101,5.1733925654492765
2724,11.955528071202846,95.85518524784301,5.04076070522709
2725,10.478123978665677,96.11174644665904,5.020190161576087
2726,8.883858091759713,96.32318131608017,5.019574795298649
2727,7.139869148670959,96.49336789144687,5.001374133272403
2728,4.72642843252961,96.5974370304905,4.888255861763446
2729,3.806706096781599,98.3632676709154,4.113412018161078
2730,1.3810876425130094,98.43137254901961,4.1368490096735835
2731,1.3810876425130094,88.23529411764706,12.310897564717836
2732,1.3810876425130094,91.41456582633053,9.26086050982724
2733,1.3810876425130094,94.64985994397759,6.226807207112007
2734,1.3810876425130094,97.94117647058823,3.2252500880280257
2735,-0.0,99.61432506887053,2.7168244419540293
2736,-0.0,99.61432506887053,2.726811303561517
2737,-0.0,99.61432506887053,2.7337811435936152
2738,-0.0,99.61432506887053,2.738342520156567
2739,-0.0,99.61432506887053,2.743164795002295
2740,-0.0,99.61432506887053,2.7494450127657952
2741,-0.0,99.61432506887053,2.7600807013683224
2742,-0.0,99.61432506887053,2.769242455176143
2743,-0.0,99.61432506887053,2.7771377263337538
2744,-0.0,99.61432506887053,2.7797688719944986
2745,-0.0,99.61432506887053,2.781210745106812
2746,1.3810876425130094,99.6078431372549,2.7833666941934947
2747,3.3513527906388765,99.5511149724877,2.813153782191721
2748,4.966448892725745,99.4311377245509,2.823606573804635
2749,7.375760267935303,99.39553626782393,2.845231083436243
2750,9.007278997237004,99.26211100417068,2.8841326463232244
2751,9.007278997237004,95.71703561116458,4.332007070099145
2752,9.007278997237004,92.23612447866539,7.589386734222683
2753,9.007278997237004,88.81937760667309,10.80943708428355
2754,9.007278997237004,97.91466153352583,2.1077664259743822
2755,9.007278997237004,97.91466153352583,2.1054774344985643
2756,9.007278997237004,97.91466153352583,2.103185932858314
2757,9.007278997237004,97.91466153352583,2.1008963896690367
2758,9.007278997237004,97.91466153352583,2.098601426111144
2759,9.007278997237004,97.91466153352583,2.0963112695570474
2760,9.007278997237004,97.91466153352583,2.094023930921181
2761,9.007278997237004,97.91466153352583,2.0917399777204215
2762,9.007278997237004,97.91466153352583,2.0894552483555238
2763,9.007278997237004,97.91466153352583,2.0871615058282065
2764,9.007278997237004,97.91466153352583,2.0848504173751268
2765,9.007278997237004,97.91466153352583,2.0825204555662626
2766,9.007278997237004,97.91466153352583,2.0801760100596938
2767,9.007278997237004,97.91466153352583,2.077823986541905
2768,9.007278997237004,97.91466153352583,2.0673965228217286
2769,9.007278997237004,97.91466153352583,2.0434514444412266
2770,9.007278997237004,97.91466153352583,2.0008385194089717
2771,9.007278997237004,97.91466153352583,1.9348874405141938
2772,9.007278997237004,97.91466153352583,1.8645060616989375
2773,9.007278997237004,97.91466153352583,1.792556340931804
2774,9.007278997237004,97.91466153352583,1.716584161982466
2775,9.007278997237004,97.91466153352583,1.634007701644657
2776,9.007278997237004,97.91466153352583,1.541759501410779
2777,9.007278997237004,97.91466153352583,1.429667077275786
2778,9.007278997237004,97.91466153352583,1.293313144185797
2779,9.007278997237004,97.91466153352583,1.1326831083453248
2780,9.007278997237004,97.91466153352583,0.9618117812711408
2781,9.007278997237004,97.91466153352583,0.7977859784540731
2782,9.007278997237004,97.91466153352583,0.8468002887340209
2783,9.007278997237004,97.91466153352583,3.820204283693894
2784,9.007278997237004,97.91466153352583,5.383188726211096
2785,9.007278997237004,97.91466153352583,6.623444169050531
2786,9.007278997237004,97.91466153352583,6.728570442589232
2787,9.007278997237004,97.91466153352583,6.837317913260962
2788,11.399705903474873,97.82174925174593,6.913966745278692
2789,13.122303961996849,97.65598069631162,6.9754495881967555
2790,14.58652000259661,97.4097892104323,7.052645784520549
2791,15.879679093729246,97.07515734912995,7.074336304301469
2792,17.043160888226343,96.96969696969697,7.158277846587897
2793,18.101259540100692,96.86134286849423,7.216041010946479
2794,19.069959598617963,96.7503085150144,7.272054227134727
2795,19.96056018752141,96.63686675180928,7.323925428858138
2796,21.1660258424703,96.44434628975264,7.1840105340355525
2797,22.563360899681175,96.09375,7.180082471280604
2798,23.788269377681406,95.62619502868068,7.099141944803997
2799,24.882073556311973,95.02982107355865,7.083782139277438
2800,25.869006527538666,94.49896694214875,7.195641916350497
2801,26.76498776568941,94.12553648068669,7.28257085779598
2802,27.182508540284413,91.69171904892048,7.968696389355436
2803,27.182508540284413,77.04290789833287,15.414945478200833
2804,27.182508540284413,77.04290789833287,15.93991936732352
2805,27.182508540284413,77.04290789833287,16.468673690696093
2806,27.182508540284413,93.93276851598797,4.095383349624625
2807,25.833718165807888,94.41970133612784,3.78251525848883
2808,24.224155427438514,94.77780567411499,3.539622614120657
2809,22.818568453579225,95.34153994689838,2.6892552390053144
2810,21.89532580863387,96.0902955550384,2.0137336567663073
2811,20.579889825301006,96.17137648131268,1.997876984164105
2812,20.579889825301006,96.17137648131268,1.9999775516538283
2813,20.579889825301006,96.17137648131268,2.0015839640309387
2814,20.579889825301006,96.17137648131268,2.0027112628772037
2815,20.579889825301006,96.17137648131268,2.003388623316926
2816,20.579889825301006,96.17137648131268,2.003642126332609
2817,20.579889825301006,96.17137648131268,2.003488911064224
2818,20.579889825301006,96.17137648131268,2.0029665320257117
2819,20.579889825301006,96.17137648131268,2.0021119447769844
2820,20.579889825301006,96.17137648131268,2.0009747627920436
2821,20.579889825301006,96.17137648131268,1.999558809242342
2822,20.579889825301006,96.17137648131268,1.9978196355428541
2823,20.579889825301006,96.17137648131268,1.9978196355428541
2824,20.579889825301006,96.17137648131268,2.5971471872155054
2825,20.579889825301006,96.17137648131268,2.7138361977537824
2826,20.579889825301006,96.17137648131268,2.6832605149802573
2827,20.579889825301006,96.17137648131268,2.769517000126817
2828,20.579889825301006,96.17137648131268,3.002869565197713
2829,20.579889825301006,96.17137648131268,3.2141358236048236
2830,20.579889825301006,96.17137648131268,3.412267990151124
2831,20.579889825301006,96.17137648131268,3.601389844263741
2832,20.579889825301006,96.17137648131268,3.784493336526961
2833,20.579889825301006,96.17137648131268,3.974768016813334
2834,20.579889825301006,96.17137648131268,4.16159645300697
2835,20.579889825301006,96.17137648131268,4.339104293081119
2836,20.579889825301006,96.17137648131268,4.502550572565282
2837,20.579889825301006,96.17137648131268,4.655020559164367
2838,20.579889825301006,96.17137648131268,4.792171899671064
2839,20.579889825301006,96.17137648131268,4.9292968262191845
2840,20.579889825301006,96.17137648131268,5.06147779917962
2841,20.579889825301006,96.17137648131268,5.193916260636167
2842,20.579889825301006,96.17137648131268,5.333393860570242
2843,20.579889825301006,96.17137648131268,5.476352167075538
2844,20.579889825301006,84.04740200546946,14.67767119798795
2845,20.579889825301006,87.9443938012762,12.362468766232437
2846,20.579889825301006,91.93254329990884,8.924868416759708
2847,20.579889825301006,96.01185050136736,4.829716536695171
2848,20.16878219314465,98.11827956989248,3.2816496957363235
2849,19.293165289475297,98.18260493292946,3.306600525537139
2850,18.339141487730053,98.24561403508773,3.351277227407553
2851,17.295424027242497,98.30713422007256,3.3725823032490347
2852,16.14603999068443,98.36702954898911,3.2718551761486223
2853,14.86670618138407,98.66891638545182,3.1500992715956584
2854,13.416053280434577,98.87924801156905,3.1390370168296684
2855,11.706765976305675,99.00662251655629,3.126175088462795
2856,9.32740666130365,99.05913978494624,3.1296299339938822
2857,8.2285966275191,99.08943089430895,3.140356540532768
2858,7.025161811125574,99.11894273127753,3.151525846273469
2859,5.692780305338156,99.3455098934551,3.0865478338957115
2860,4.190046201482249,99.49941107184924,2.997667481342008
2861,2.429609566376967,99.58701224722302,2.921522881263003
2862,-0.0,99.61432506887053,2.921468237871779
2863,-0.0,99.61432506887053,2.921468237871779
2864,-0.0,99.61432506887053,2.921468237871779
2865,-0.0,99.61432506887053,2.921468237871779
2866,-0.0,99.61432506887053,2.921468237871779
2867,-0.0,99.61432506887053,2.921468237871779
2868,-0.0,99.61432506887053,2.921468237871779
2869,-0.0,99.61432506887053,2.917231385120007
2870,-0.0,99.61432506887053,2.912924451971091
2871,-0.0,99.61432506887053,2.908554710983785
2872,-0.0,99.61432506887053,2.9041294780293554
2873,-0.0,99.61432506887053,2.899655903327018
2874,-0.0,99.61432506887053,2.895140425635775
2875,-0.0,99.61432506887053,2.8905964701621136
2876,-0.0,99.61432506887053,2.8860333847799517
2877,-0.0,99.61432506887053,2.881457194701239
2878,-0.0,99.61432506887053,2.8768715774267544
2879,-0.0,99.61432506887053,2.872279535509121
2880,-0.0,99.61432506887053,2.867683819757604
2881,-0.0,99.61432506887053,2.8630931454313027
2882,-0.0,99.61432506887053,2.858513134691483
2883,-0.0,99.61432506887053,2.853946819779836
2884,-0.0,99.61432506887053,2.849395070465996
2885,-0.0,99.61432506887053,2.8448578171690797
2886,-0.0,99.61432506887053,2.8403349907506867
2887,-0.0,99.61432506887053,2.835826522511402
2888,-0.0,99.61432506887053,2.8313323441872966
2889,-0.0,99.61432506887053,2.8268523879464977
2890,-0.0,99.61432506887053,2.822386586385761
2891,-0.0,99.61432506887053,2.817934872527112
2892,-0.0,99.61432506887053,2.8134971798144717
2893,-0.0,99.61432506887053,2.809073442110364
2894,-0.0,99.61432506887053,2.8046635936926094
2895,-0.0,99.61432506887053,2.8002675692510848
2896,-0.0,99.61432506887053,2.795885303884499
2897,-0.0,99.61432506887053,2.7915167330971813
2898,-0.0,99.61432506887053,2.7871617927959407
2899,-0.0,99.61432506887053,2.782820419286913
2900,-0.0,99.61432506887053,2.778492549272472
2901,-0.0,99.61432506887053,2.774178119848136
2902,-0.0,99.61432506887053,2.7698770684995364
2903,-0.0,99.61432506887053,2.765589333099387
2904,-0.0,99.61432506887053,2.76131485190449
2905,-0.0,99.61432506887053,2.757053563552786
2906,-0.0,99.61432506887053,2.75280540706041
2907,-0.0,99.61432506887053,2.7485703218187822
2908,-0.0,99.61432506887053,2.744348247591719
2909,-0.0,99.61432506887053,2.7401391245125932
2910,-0.0,99.61432506887053,2.735942893081488
2911,-0.0,99.61432506887053,2.7317594941624073
2912,-0.0,99.61432506887053,2.7275888689804795
2913,-0.0,99.61432506887053,2.7234309591192294
2914,-0.0,99.61432506887053,2.7192857065178324
2915,-0.0,99.61432506887053,2.715153053468415
2916,-0.0,99.61432506887053,2.711032942613383
2917,-0.0,99.61432506887053,2.706925316942759
2918,-0.0,99.61432506887053,2.702830119791561
2919,-0.0,99.61432506887053,2.698747294837195
2920,-0.0,99.61432506887053,2.6946767860968683
2921,-0.0,99.61432506887053,2.6906185379250376
2922,-0.0,99.61432506887053,2.686572495010866
2923,-0.0,99.61432506887053,2.682538602375718
2924,-0.0,99.61432506887053,2.678516805370657
2925,-0.0,99.61432506887053,2.6745070496739953
2926,-0.0,99.61432506887053,2.6705092812888322
2927,-0.0,99.61432506887053,2.666024956253
2928,-0.0,99.61432506887053,2.6594415988947793
2929,-0.0,99.61432506887053,2.6462464690254563
2930,-0.0,99.61432506887053,2.6219374869115453
2931,-0.0,99.61432506887053,2.582183310628057
2932,-0.0,99.61432506887053,2.5420476048786047
2933,-0.0,99.61432506887053,2.5016067168327334
2934,-0.0,99.61432506887053,2.4608936586907557
2935,-0.0,99.61432506887053,2.4198010105054584
2936,-0.0,99.61432506887053,2.378231338389327
2937,-0.0,99.61432506887053,2.3361451892706224
2938,-0.0,99.61432506887053,2.2935466916306613
2939,-0.0,99.61432506887053,2.2505114969549194
2940,-0.0,99.61432506887053,2.2070393645958135
2941,-0.0,99.61432506887053,2.1631924979473656
2942,-0.0,99.61432506887053,2.1189818165943217
2943,-0.0,99.61432506887053,2.0743792576699365
2944,-0.0,99.61432506887053,2.0293781740653793
2945,-0.0,99.61432506887053,1.983906976035959
2946,-0.0,99.61432506887053,1.9380756733237992
2947,1.3810876425130094,99.6078431372549,1.8922234041016948
2948,3.806706096781599,99.57995365005793,1.848460474725137
2949,5.563083681888854,99.49071300179749,1.8786040699817137
2950,7.061688444812967,99.33395291201983,1.9311376453302893
2951,8.389867841285003,99.10313901345292,1.9715378864698436
2952,9.589025169196656,99.0728476821192,1.9462780632646541
2953,10.68347958147396,99.04175222450377,1.915166352625988
2954,11.689242085573616,99.00990099009901,1.89811478651404
2955,12.617639838603694,98.97735573411249,1.8914088285939528
2956,13.47709368647467,98.94419306184012,1.8847430465181525
2957,14.27409435289359,98.91050583657588,1.8571392532643933
2958,15.013783698663635,98.87640449438203,1.8351872730696988
2959,15.700322582427635,98.84201819685691,1.827994081382143
2960,16.337135038158614,98.80749574105621,1.8142904723599222
2961,16.927076683531872,98.77300613496932,1.6698890399657143
2962,17.472554573933827,98.73873873873873,1.8035304708504916
2963,17.975614755395664,98.70490286771508,2.467343726137062
2964,18.43800763691471,98.67172675521822,2.4641584771197413
2965,18.86123770989865,98.63945578231292,2.4807746219255153
2966,19.24660195383253,98.60834990059642,2.496208402178341
2967,19.595219888221898,98.57868020304568,2.5141890779316456
2968,19.90805733591118,98.55072463768116,2.5282587336476268
2969,20.185945366689644,98.52476290832455,2.544494203838513
2970,20.42959548348117,98.50107066381156,2.5635191503062695
2971,20.63961183004363,98.47991313789359,2.5904236923642188
2972,20.8165009975772,98.46153846153847,2.6228431387686055
2973,20.96067986146546,98.44617092119867,2.657397568897729
2974,21.072481771196813,98.43400447427292,2.6946877381092333
2975,21.152161334710765,98.4251968503937,2.734792408254003
2976,21.199897975014956,98.41986455981942,2.7803396613745
2977,21.215798386314663,98.4180790960452,2.826604273357372
2978,21.199897975014956,98.41986455981942,2.8797545828098388
2979,21.152161334710765,98.4251968503937,2.937612469071319
2980,21.9776229333139,98.37699316628702,3.0081355607532303
2981,21.87299348863114,94.68626342566422,4.4445361674459285
2982,21.73577763699108,90.95744680851064,7.4870313264499595
2983,21.56565391583107,87.2163807415606,11.235180862604128
2984,21.36221635262183,96.17903930131004,2.7218626444232936
2985,21.124968380660132,96.23858140784525,2.8035922872873784
2986,20.853315094216626,96.30411826821542,2.831556108242166
2987,20.546553522105835,96.37493526670119,2.8560531366835535
2988,20.20386049020084,96.45030425963489,2.9114778361710574
2989,19.82427749694346,96.52949925632127,2.9334951903898507
2990,19.406691824133844,96.61181026137464,2.7868559538222097
2991,18.94981282171679,96.69655497876357,2.1573147586070966
2992,18.45214189850595,96.78308823529412,2.189882335319994
2993,17.911934154468042,96.87080911935628,2.170754342156459
2994,17.327148695125725,96.95916594265856,2.206023324469888
2995,16.69538328950052,97.04765921552088,2.217583328217039
2996,16.01378684430645,97.13584288052373,2.2388105097973727
2997,15.278939574313608,97.22332407774692,2.1936637550209204
2998,14.486684615922815,97.3097617217525,2.1665230494013845
2999,13.631883869480072,97.39486416077409,2.175439539240493
3000,12.708050156442415,97.47838616714698,2.195055810797
3001,11.706765976305675,97.56012547926106,2.178443069725211
3002,10.61670733234171,97.63991908293998,2.1645524783362995
3003,9.421866205845317,97.71763938702315,2.1408660820717293
3004,8.097926273220295,97.99810844892812,2.0743592627617007
3005,6.6034869176236,98.20176775373362,2.003669705204472
3006,4.851203226275638,98.33529758397171,1.8806182685246438
3007,2.429609566376967,98.40501281686129,1.8549988655646557
3008,1.3810876425130094,98.43137254901961,1.834941464480158
3009,1.3810876425130094,98.43137254901961,1.833636356921826
3010,1.3810876425130094,98.43137254901961,1.8322399496244473
3011,1.3810876425130094,98.43137254901961,1.830760964657448
3012,1.3810876425130094,98.43137254901961,1.8292074625878187
3013,1.3810876425130094,98.43137254901961,1.8254093747753721
3014,1.3810876425130094,98.43137254901961,1.811350278993603
3015,1.3810876425130094,98.43137254901961,1.7884857521493087
3016,1.3810876425130094,98.43137254901961,1.7582169672080672
3017,1.3810876425130094,98.43137254901961,2.1642207817245205
3018,1.3810876425130094,98.43137254901961,2.2292017648969757
3019,1.3810876425130094,98.43137254901961,2.1977366552003734
3020,1.3810876425130094,98.43137254901961,2.3120963971769863
3021,1.3810876425130094,98.43137254901961,2.4215579877617586
3022,1.3810876425130094,98.43137254901961,2.5116999666090365
3023,1.3810876425130094,98.43137254901961,2.5864554538907285
3024,1.3810876425130094,98.43137254901961,2.6499217037870677
3025,1.3810876425130094,98.43137254901961,2.7060385037549928
3026,1.3810876425130094,98.43137254901961,2.758013791773195
3027,1.3810876425130094,98.43137254901961,2.8050450070250896
3028,1.3810876425130094,98.43137254901961,2.8462541542275597
3029,1.3810876425130094,98.43137254901961,2.8818761239390396
3030,1.3810876425130094,98.43137254901961,2.914559472973726
3031,1.3810876425130094,98.43137254901961,2.9421304732028335
3032,1.3810876425130094,98.43137254901961,2.969721987545048
3033,2.429609566376967,98.40501281686129,3.0028645160836676
3034,4.190046201482249,98.2773851590106,3.089587367472575
3035,6.3374306408571845,98.15689261233815,3.1269905719878195
3036,8.287223302596603,98.04447248068128,3.175658808588111
3037,9.88148918950257,88.68571428571428,11.057394934051233
3038,11.270947996810069,91.80327868852459,8.266298916563406
3039,12.513474161633983,95.15480146930209,4.562870584335611
3040,13.640212243939832,98.8054298642534,1.3414462120979223
3041,13.922480113672421,98.86029411764706,1.198545200752811
3042,14.874662461984396,98.82174078297226,1.0899531661668014
3043,15.75371312917317,98.78240377062058,1.4059527327811154
3044,16.566985823389654,98.7423935091278,2.3359699930698983
3045,17.320229051676193,98.70184254606365,3.611171577307239
3046,18.0180453988788,98.66090712742981,3.737203028477303
3047,18.664189588200433,98.61976847729296,3.852896730873667
3048,19.261770327626703,98.57863365428702,3.983161076845463
3049,19.813391803544494,98.5377358490566,4.113695941907104
3050,20.321255732868163,98.4973339796413,4.225787316229176
3051,20.78723673685638,98.45771144278606,4.3618219468767405
3052,21.2129391303255,98.419173890872,4.49128013219385
3053,21.599740428258805,98.38204592901879,4.630614365334469
3054,21.94882514104841,98.34666666666666,4.761168504694285
3055,22.26121132217719,98.31338411316649,4.814511156075527
3056,23.07370750785767,98.15229563269877,4.946270818078136
3057,24.267609156242692,97.76032577079698,4.986626834536854
3058,25.31007995940323,97.22222222222223,4.992570215322829
3059,26.23204941214622,96.52473387601754,4.239166729255936
3060,27.052792023144768,95.91439688715953,3.980195483459472
3061,27.78541504452731,95.50637156270959,3.807735123622232
3062,28.439352133599336,95.08310249307479,3.5440261980447856
3063,28.439352133599336,90.89335180055402,3.5598153886894677
3064,28.439352133599336,86.84210526315789,6.547843807863801
3065,28.439352133599336,82.92936288088643,9.124018895647563
3066,28.439352133599336,92.17451523545706,1.814387002777164
3067,28.439352133599336,92.17451523545706,1.767787327462498
3068,28.439352133599336,92.17451523545706,1.7004942717325446
3069,28.439352133599336,92.17451523545706,1.6845116537176243
3070,28.439352133599336,92.17451523545706,2.8187849457184964
3071,28.439352133599336,92.17451523545706,3.6336456811193583
3072,28.439352133599336,92.17451523545706,4.346470019934627
3073,28.439352133599336,92.17451523545706,4.969180427124733
3074,28.439352133599336,92.17451523545706,5.010780148680057
3075,28.439352133599336,92.17451523545706,5.074124394629847
3076,28.439352133599336,92.17451523545706,5.162426227100686
3077,28.439352133599336,92.17451523545706,5.272729682358824
3078,28.439352133599336,92.17451523545706,5.40032716273977
3079,28.439352133599336,92.17451523545706,5.537288267474865
3080,28.439352133599336,92.17451523545706,5.668611670562394
3081,28.439352133599336,92.17451523545706,5.792183204402093
3082,28.439352133599336,92.17451523545706,5.915342625203717
3083,28.439352133599336,92.17451523545706,6.039060627827431
3084,28.73908964235046,91.49085794655414,5.919689214965262
3085,29.28770547825159,89.97103548153513,5.647186138352084
3086,29.772379096877224,88.20684523809524,5.877642051240177
3087,30.196898461546105,86.19374523264683,6.4746066314610955
3088,30.564281519008272,86.66146645865835,6.6405606518721365
3089,30.87694044551385,86.07796340493238,7.058582696040552
3090,31.13679664853177,78.11488673139158,10.433280910951346
3091,31.13679664853177,78.11488673139158,10.882238635683086
3092,31.13679664853177,77.87216828478964,11.340983514085682
3093,31.13679664853177,77.95307443365695,11.931120903219178
3094,30.87694044551385,87.86793953858393,6.329735850480572
3095,30.564281519008272,90.17160686427457,4.366043223135739
3096,30.432910908959798,90.27027027027027,4.52998883096524
3097,30.26033763972083,90.39634146341463,4.826806728699604
3098,30.045913896576145,90.54763690922731,4.870481169497714
3099,29.788810718133874,90.72164948453609,5.053352452575151
3100,29.48799733191121,90.91564527757751,4.8964314435902505
3101,29.14221377247148,91.12676056338029,4.974708397772482
3102,28.749934786822127,91.35209334248455,5.160559243017213
3103,28.309322123833965,91.58878504672897,5.324262843940301
3104,27.818160915110308,91.83408943616332,5.470999661847101
3105,27.27377365790012,92.08542713567839,5.395683533345729
3106,26.672901711342025,92.34042553191489,5.4979730819830674
3107,26.01153807918819,92.59694477085782,5.649406111624138
3108,25.284684286374613,92.85309132161089,5.583842809597855
3109,24.485983453900246,93.10722100656456,5.434177902595457
3110,23.607139872414695,93.35793357933579,4.850932415840028
3111,22.63694355669079,93.60406091370558,4.877774247281985
3112,21.559493371854245,93.84465070835368,4.8112164219873454
3113,20.350573335243176,94.3843984962406,4.457158601949878
3114,18.968877153797713,94.8034342521464,4.268338143313491
3115,17.32714869512572,95.11294526498696,3.872078859083276
3116,15.014005991259088,95.32359081419624,3.5832608810705926
3117,14.372199338969718,95.45823195458232,3.3558441595810704
3118,13.680768712780832,95.59228650137742,3.2687297763760887
3119,12.936285959429323,95.32442748091603,3.7073334006909993
3120,12.134586344527737,96.11542730299666,2.8467735102189367
3121,11.270524356245133,96.7921146953405,2.08235776792671
3122,10.337605827520125,97.36202707393267,2.011047988714679
3123,9.842790932353244,97.60928961748634,1.9881365929087176
3124,9.842790932353244,97.60928961748634,2.1796225690232007
3125,9.842790932353244,97.60928961748634,2.349077995345155
3126,9.842790932353244,97.60928961748634,2.4981355625852535
3127,9.842790932353244,97.60928961748634,2.640985184241821
3128,9.842790932353244,97.60928961748634,2.784806807285729
3129,9.842790932353244,97.60928961748634,2.9236945032250232
3130,9.842790932353244,97.60928961748634,3.050939413969367
3131,9.842790932353244,97.60928961748634,3.166574708602677
3132,9.842790932353244,97.60928961748634,3.274823551987403
3133,9.842790932353244,97.60928961748634,3.3739021585752687
3134,9.842790932353244,97.60928961748634,3.4627396626357863
3135,9.842790932353244,97.60928961748634,3.5389689668928876
3136,9.842790932353244,97.60928961748634,3.61243079983852
3137,9.842790932353244,97.60928961748634,3.684153637497434
3138,9.842790932353244,97.60928961748634,3.7582961679380884
3139,9.842790932353244,97.60928961748634,3.8351655781038816
3140,9.842790932353244,97.60928961748634,3.908913585731067
3141,9.842790932353244,88.33674863387978,12.060681365756334
3142,9.842790932353244,91.83743169398907,9.145519566904227
3143,9.842790932353244,95.40642076502732,5.430386401744007
3144,9.842790932353244,99.04371584699453,2.6776567399494047
3145,8.789939738430267,99.07438016528926,2.681984349566095
3146,7.641219078808836,99.10428662827896,2.6626346754052466
3147,6.377108370420191,99.24172082946457,2.5699436049838145
3148,4.966448892725745,99.4311377245509,2.5027151321442513
3149,3.3513527906388765,99.5511149724877,2.4181131498425876
3150,1.3810876425130094,99.6078431372549,2.32159884691219
3151,-0.0,99.61432506887053,2.2857899685002487
3152,-0.0,99.61432506887053,2.2482243047332555
3153,-0.0,99.61432506887053,2.209879755863379
3154,-0.0,99.61432506887053,2.0744363445237886
3155,-0.0,99.61432506887053,1.9980059788262556
3156,-0.0,99.61432506887053,2.3133815038714385
3157,-0.0,99.61432506887053,3.1147340977214752
3158,-0.0,99.61432506887053,3.1272186803276827
3159,-0.0,99.61432506887053,3.1459649687257376
3160,-0.0,99.61432506887053,3.159315733417435
3161,-0.0,99.61432506887053,3.163493917888752
3162,-0.0,99.61432506887053,3.169826438173026
3163,1.3810876425130094,99.6078431372549,3.1834513935428825
3164,3.3513527906388765,99.5511149724877,3.191130234782552
3165,4.966448892725745,99.4311377245509,3.2199929858281093
3166,6.377108370420191,99.24172082946457,3.2504535251992226
3167,7.641219078808836,99.10428662827896,3.2831062665836734
3168,8.789939738430267,99.07438016528926,3.3467737575032896
3169,9.842790932353244,99.04371584699453,3.4338650513999305
3170,10.813144560727114,99.01234567901234,3.5230950616583074
3171,11.710719458230837,98.98033503277495,3.626806634437359
3172,12.542883317967812,98.94776399849681,3.7358581216362023
3173,13.31539948006603,98.91472868217055,3.881013555106028
3174,13.680768712780832,96.96969696969697,3.5455407756106547
3175,13.680768712780832,93.1719795356159,3.2534727592232757
3176,13.680768712780832,89.45297127115309,5.981989879445493
3177,13.680768712780832,85.81267217630854,9.241614219671012
3178,13.680768712780832,97.24517906336088,2.634882327767389
3179,13.680768712780832,97.24517906336088,2.874056755930994
3180,14.03288628059905,96.78385936875749,2.921940748143552
3181,14.699115189525093,95.76131687242798,1.5970439153014304
3182,17.017304943497503,95.5693493150685,1.6450820531191257
3183,18.664189588200436,95.28049866429207,1.4652991450592796
3184,20.051155916009943,94.88425925925925,0.9656700079783921
3185,21.26546521087201,94.36958614051973,0.5916309869919565
3186,22.34842927481054,94.15,0.6096794113599019
3187,23.32426999070877,93.92523364485982,0.5652542340607053
3188,24.208894822870825,93.69612068965517,0.3691369253965011
3189,25.01352055782956,93.46368715083798,0.4181524006531217
3190,25.746450226221622,93.22916666666667,0.3999982523105328
3191,26.414048602710427,92.9940119760479,0.6427314601211964
3192,27.021322694098348,92.75990099009901,0.8204783501521542
3193,27.572288734661747,92.52873563218391,1.0493118226108937
3194,28.07021538975897,92.30263157894737,1.221201813420181
3195,28.51779106499534,92.08389715832206,1.3428388968838356
3196,28.917242515693278,91.875,1.6671810335238009
3197,29.270420986092198,91.67852062588905,1.8293585002511186
3198,29.578865970142147,91.49709302325581,2.0279248968290564
3199,29.84385308717743,91.33333333333333,2.2314772918577863
3200,30.066430369851634,91.18975903614458,2.4094954915746465
3201,30.247445873576446,91.06870229007633,2.72432690159998
3202,30.38756861030125,90.97222222222223,3.1123039444413183
3203,30.487304198757016,90.90202177293935,3.5061850218726396
3204,30.547006198099,90.859375,4.107544304774039
3205,30.56688378456642,90.84507042253522,4.436811110143301
3206,30.547006198099,90.859375,4.756660204016226
3207,30.487304198757016,90.90202177293935,4.801052215663755
3208,30.38756861030125,90.97222222222223,5.0549618977142226
3209,30.247445873576446,91.06870229007633,5.251855367084476
3210,30.066430369851634,91.18975903614458,5.438596319276374
3211,29.84385308717743,91.33333333333333,5.703214849878465
3212,29.578865970142147,91.49709302325581,5.925571141504517
3213,29.270420986092198,91.67852062588905,6.121013354189454
3214,28.917242515693278,91.875,6.345031048024548
3215,28.51779106499534,92.08389715832206,6.332672237536422
3216,28.07021538975897,92.30263157894737,6.528459487014115
3217,27.572288734661747,92.52873563218391,6.625170731174158
3218,27.021322694098348,92.75990099009901,6.646913570034788
3219,26.414048602710427,92.9940119760479,6.693058093669118
3220,25.746450226221622,93.31597222222223,6.14560009602516
3221,25.01352055782956,94.21787709497207,5.7039956131145715
3222,24.208894822870825,95.20474137931035,4.71288423867509
3223,23.32426999070877,96.02803738317758,4.04538385880122
3224,22.721026083947162,96.3009562154001,3.927974805961089
3225,22.06516584845222,96.56432748538012,3.827173224885845
3226,21.352975252309623,96.81753889674681,3.1043156534676375
3227,20.579889825301006,97.06016408386509,3.0664656365613805
3228,19.740196811528328,97.29194187582563,3.0254890587382044
3229,18.826576082067252,97.51275510204081,3.0451823829651357
3230,17.829353582358905,97.72260976610586,3.0097037673224216
3231,16.735199621672525,98.17893903404592,2.9095694124370954
3232,15.524633448938227,98.5299732722413,2.7572492842770266
3233,14.166533973630028,98.78497790868924,2.6930192291459076
3234,12.603048928216442,98.95278665246717,2.6903723251572047
3235,11.517426946369294,98.98729831788535,2.6968363218402676
3236,10.326941441380153,99.02090939263192,2.700260301060526
3237,9.007278997237004,99.26211100417068,2.6296642486157285
3238,7.5170417509556895,99.42635658914729,2.5981107075184773
3239,5.76888740053952,99.52052741983817,2.558471559158439
3240,3.3513527906388765,99.5511149724877,2.5549152897201908
3241,1.3810876425130094,99.6078431372549,2.4979132676857376
3242,-0.0,99.61432506887053,2.498920366787635
3243,-0.0,99.61432506887053,2.498920366787635
3244,-0.0,99.61432506887053,2.498920366787635
3245,-0.0,99.61432506887053,2.498920366787635
3246,-0.0,99.61432506887053,2.498920366787635
3247,-0.0,99.61432506887053,2.496639519749556
3248,-0.0,99.61432506887053,2.4942568513673917
3249,-0.0,99.61432506887053,2.491784628135586
3250,-0.0,99.61432506887053,2.489234659799838
3251,-0.0,99.61432506887053,2.486618164382268
3252,-0.0,99.61432506887053,2.48394546198812
3253,-0.0,99.61432506887053,2.481231789860724
3254,-0.0,99.61432506887053,2.478488533127717
3255,-0.0,99.61432506887053,2.475723855396397
3256,-0.0,99.61432506887053,2.4729436496040167
3257,-0.0,99.61432506887053,2.470150515777369
3258,-0.0,99.61432506887053,2.4673468984715377
3259,-0.0,99.61432506887053,2.464539811727577
3260,-0.0,99.61432506887053,2.4617339355069476
3261,-0.0,99.61432506887053,2.4589319119911948
3262,-0.0,99.61432506887053,2.4561346556242123
3263,-0.0,99.61432506887053,2.4533435935155423
3264,-0.0,99.61432506887053,2.4505588675297063
3265,-0.0,99.61432506887053,2.4477804561152663
3266,-0.0,99.61432506887053,2.445008337818415
3267,-0.0,99.61432506887053,2.4422424912824123
3268,-0.0,99.61432506887053,2.4394828952470604
3269,-0.0,99.61432506887053,2.436729528548128
3270,-0.0,99.61432506887053,2.4339823701168384
3271,-0.0,99.61432506887053,2.431241398979315
3272,-0.0,99.61432506887053,2.4285065942560458
3273,-0.0,99.61432506887053,2.42577793516137
3274,-0.0,99.61432506887053,2.423055401002932
3275,-0.0,99.61432506887053,2.420338971181175
3276,-0.0,99.61432506887053,2.4176286251888044
3277,-0.0,99.61432506887053,2.4149243426102873
3278,-0.0,99.61432506887053,2.41222610312133
3279,-0.0,99.61432506887053,2.409533886488377
3280,-0.0,99.61432506887053,2.4068476725680936
3281,-0.0,99.61432506887053,2.4041674413068743
3282,-0.0,99.61432506887053,2.401493172740343
3283,-0.0,99.61432506887053,2.3988248469928455
3284,-0.0,99.61432506887053,2.396162444276978
3285,-0.0,99.61432506887053,2.3935059448930724
3286,-0.0,99.61432506887053,2.390855329228733
3287,-0.0,99.61432506887053,2.3882105777583416
3288,-0.0,99.61432506887053,2.385571671042578
3289,-0.0,99.61432506887053,2.382938589727956
3290,-0.0,99.61432506887053,2.380311314546333
3291,-0.0,99.61432506887053,2.377689826314447
3292,-0.0,99.61432506887053,2.375074105933457
3293,-0.0,99.61432506887053,2.372464134388468
3294,-0.0,99.61432506887053,2.3698598927480803
3295,-0.0,99.61432506887053,2.36726136216392
3296,-0.0,99.61432506887053,2.3646685238701965
3297,-0.0,99.61432506887053,2.3620813591832426
3298,-0.0,99.61432506887053,2.359499849501068
3299,-0.0,99.61432506887053,2.3569239763029177
3300,-0.0,99.61432506887053,2.354353721148819
3301,-0.0,99.61432506887053,2.3517890656791516
3302,-0.0,99.61432506887053,2.3492299916142074
3303,-0.0,99.61432506887053,2.346676480753752
3304,-0.0,99.61432506887053,2.344128514976598
3305,-0.0,99.61432506887053,2.3411024995040957
3306,-0.0,99.61432506887053,2.3339052657941295
3307,-0.0,99.61432506887053,2.3182313737809754
3308,-0.0,99.61432506887053,2.2962833237107088
3309,-0.0,99.61432506887053,2.2702358310707136
3310,-0.0,99.61432506887053,2.235558090275319
3311,-0.0,99.61432506887053,2.1878035395119673
3312,-0.0,99.61432506887053,2.1250170315812684
3313,-0.0,99.61432506887053,2.0537354095004625
3314,-0.0,99.61432506887053,1.9718210974090669
3315,-0.0,99.61432506887053,1.8700401816832433
3316,-0.0,99.61432506887053,1.7483550409217334
3317,-0.0,99.61432506887053,1.6118815267914581
3318,-0.0,99.61432506887053,1.4760907840945912
3319,-0.0,99.61432506887053,1.3456045799044212
3320,-0.0,99.61432506887053,1.2229143980250774
3321,-0.0,99.61432506887053,1.1108453665546996
3322,-0.0,99.61432506887053,1.0130823727606042
3323,-0.0,99.61432506887053,0.9346311468560942
3324,-0.0,99.61432506887053,0.8815419517831938
3325,1.3810876425130094,99.6078431372549,0.8611368027610692
3326,3.3513527906388765,99.5511149724877,0.8518454426129547
3327,4.966448892725745,99.4311377245509,0.8761588403169911
3328,7.061688444812968,99.33395291201983,0.9162889294279215
3329,9.007278997237004,99.26211100417068,1.0022651025610085
3330,10.597267395661095,99.11960132890366,1.0634746210807646
3331,11.982370581461348,98.89920880632955,1.1352145650824037
3332,13.284528772251832,98.6284289276808,1.1917827565999715
3333,15.262267937777247,98.4478935698448,1.2590730903744602
3334,16.87037054812439,98.2170245398773,1.2538322017069832
3335,17.974063624420364,97.7751291219706,1.2728954693831893
3336,18.981019942330796,97.22222222222223,1.2537481852447987
3337,19.904577306920192,96.54878568385172,0.35454266579775
3338,20.754418405168966,96.2742504409171,0.3984117507701732
3339,21.537872561578947,96.14683082535339,0.4417939992066932
3340,22.26066234085971,96.01790763430726,0.5014621199333119
3341,22.92736269104669,95.88807785888078,0.536127109485189
3342,23.541698853136758,95.75803212851406,0.610904221328434
3343,24.106748039404366,95.62855664769788,0.6733681692492706
3344,24.62508073931297,95.50053248136315,0.76187611756364
3345,25.098862561527902,95.37493158182814,0.9472162466860075
3346,25.529929371924233,95.25280898876404,1.0595401202023238
3347,25.919843817428035,95.13529073114566,1.254979991356027
3348,26.26993853312603,95.02355712603062,1.4152939816910748
3349,26.58134959847136,94.9188214070956,1.5440461086110626
3350,26.8550426999565,94.82230392156863,1.766770506434602
3351,27.091833727770688,94.73520249221184,1.9137994400874123
3352,27.292405040947546,94.65865992414665,2.0559998414391734
3353,27.457318294442473,94.59373000639795,2.280995886509837
3354,27.587024480098258,94.54134366925065,2.3740107305331186
3355,27.681871658374963,94.50227716330514,2.4710487559495484
3356,27.742110727434245,94.47712418300654,2.552580246537343
3357,27.767899476222123,94.46627373935821,2.5815983653020416
3358,27.759305088596427,94.46989528795811,2.5820063162858315
3359,27.716305199097604,94.48793215916504,2.550020237363622
3360,27.63878754217415,94.52010376134889,2.4875038042444273
3361,27.526548181010856,94.56591639871382,2.443115504768819
3362,27.379288245413854,94.62468193384224,2.316333314286184
3363,27.196609046200678,94.69554300062775,2.2061066639408464
3364,26.97800536129328,94.77750309023486,2.0985121375928313
3365,26.722856599983306,94.86945962355799,1.9217319979554692
3366,26.43041543820304,94.9702380952381,1.659826852596742
3367,26.099793367125887,95.07862550960978,1.4745020297317901
3368,25.7299423924309,95.193401592719,1.1133151765417642
3369,25.31963183541071,95.31336661120355,2.3695544094314642
3370,24.867418778234015,95.43736501079914,2.785449846752359
3371,24.37161009765591,95.56430446194226,2.9041668245322843
3372,23.83021313501701,95.69317023445464,2.977442301254008
3373,23.240870670095667,95.8230350963915,3.07608794397616
3374,22.600773676726607,95.95306513409962,3.1989827684063816
3375,22.76400390754454,95.95362044486512,3.2710071412926554
3376,23.51196405622426,95.7578646329838,3.2420872699285725
3377,24.01060968366149,95.47196933397221,3.2027419469031204
3378,24.31130233368065,95.09615384615384,3.0576042558526186
3379,24.436756235849764,94.82426576793452,2.999015798701666
3380,24.39515301749544,94.73051010587103,3.0213781291426
3381,25.58842259582166,94.68599033816425,3.051201672000349
3382,26.00003003312299,94.86931268151017,3.1414138056340195
3383,26.00003003312299,94.86931268151017,3.2020799457006475
3384,25.448135483858763,94.54896285576459,3.1297473537355542
3385,24.31130233368065,94.23076923076923,3.112613372945393
3386,24.140360549158935,94.09505520883341,3.137930213980883
3387,23.720163272051995,93.77990430622009,3.110341871749854
3388,22.97675127233405,93.4792955735364,3.1398638211908994
3389,24.702396753940057,82.57425742574257,8.458201588288164
3390,26.523277090062084,86.2015503875969,6.28199017325645
3391,27.98597996918459,89.96763754045307,2.609767995543755
3392,29.241113052617088,93.86606640405178,2.0391863408406095
3393,28.104279902438975,93.72197309417041,2.0988592164511704
3394,28.229733804608088,94.41325098259405,2.785896847098992
3395,30.4718853397641,94.12110523221634,2.772719882906337
3396,32.04095550831511,93.6923076923077,2.6441446925664875
3397,33.34824592901196,93.11010946555055,2.1298770785990575
3398,34.48092641983793,92.35690235690235,1.712668061637449
3399,35.480210387411844,92.01266713581984,1.486606620333852
3400,36.37021366971244,91.66054371785452,1.4241836138184982
3401,37.16672922028632,91.30268199233717,1.268279223889704
3402,37.880849920479974,90.94173982442139,1.2004943182387342
3403,38.52074444142151,90.58091286307054,0.9894844344127732
3404,39.09263152972368,90.22394487510766,1.0359943496191195
3405,39.60135909917854,89.87511150758252,1.1669366623716293
3406,40.05076961352973,89.53917050691244,1.3772692082321667
3407,40.44394141977976,89.22127255460589,1.7066377086062514
3408,40.78335387803662,88.92682926829268,1.975722694660933
3409,41.07100341900322,88.66133866133866,2.5519531919813065
3410,41.30848667897943,88.4301732925586,2.988994057781077
3411,41.4970607040388,88.23834196891191,3.3518515291734348
3412,41.63768658942412,88.09024134312696,3.7103876494847676
3413,41.73106068853958,87.98941798941799,4.299323982302014
3414,41.77763608997675,87.93836344314559,4.681096262949212
3415,41.77763608997675,87.93836344314559,4.998363745502593
3416,41.73106068853958,87.98941798941799,5.25005452769888
3417,41.63768658942412,88.09024134312696,5.287351400566897
3418,41.4970607040388,88.23834196891191,5.540736600073181
3419,41.30848667897943,88.4301732925586,5.742339256014199
3420,41.07100341900322,88.66133866133866,5.836582397786662
3421,40.78335387803662,88.92682926829268,5.708154326997245
3422,40.44394141977976,89.22127255460589,5.89476437967343
3423,40.05076961352973,89.53917050691244,5.946310591607675
3424,39.60135909917854,89.87511150758252,6.158160425645409
3425,39.09263152972368,90.22394487510766,6.104983440935084
3426,38.52074444142151,90.58091286307054,6.302897429921625
3427,37.880849920479974,90.94173982442139,6.268916244719352
3428,37.16672922028632,91.30268199233717,6.365670489148129
3429,36.37021366971244,91.66054371785452,6.383689913223943
3430,35.480210387411844,92.01266713581984,6.4586412667287725
3431,34.48092641983793,92.35690235690235,6.358062901882292
3432,33.34824592901196,93.11010946555055,6.040253189992777
3433,32.04095550831511,93.6923076923077,5.579424079477172
3434,30.4718853397641,94.12110523221634,5.466273631583907
3435,28.229733804608088,94.41325098259405,5.410525811095173
3436,27.265249494698544,94.68429573664328,5.3333714671200285
3437,26.193377686088475,95.1270088128564,4.959952657411679
3438,24.989908505918443,95.64459930313589,4.4737327592504865
3439,23.6135413612471,96.03440038222647,4.260407585650526
3440,21.977025445945536,96.30903255387437,4.130593618821621
3441,20.560990564196693,96.62326197307438,3.0965781356740565
3442,19.647369834735617,97.31515022373748,2.8678268235357605
3443,18.65014733502727,97.88196586469257,2.759030973881526
3444,17.55599337434089,98.33366395556438,2.5817328821403818
3445,15.626664301507954,98.39510890332441,2.589375798601813
3446,14.342677390779363,98.69148544047181,2.4945415456436955
3447,12.887460449837448,98.89797369356559,2.4691476676407738
3448,11.173694821745631,99.0229688035653,2.4484771644082297
3449,8.789939738430267,99.07438016528926,2.454436384666195
3450,7.641219078808836,99.10428662827896,2.4598108369403535
3451,6.377108370420191,99.24172082946457,2.398976969912282
3452,4.966448892725745,99.4311377245509,2.3689417925250735
3453,3.3513527906388765,99.5511149724877,2.322970872842036
3454,1.3810876425130094,99.6078431372549,2.2729262916968493
3455,-0.0,99.61432506887053,2.2736058250952254
3456,-0.0,99.61432506887053,2.2731209676736626
3457,-0.0,99.61432506887053,2.2705824290846714
3458,-0.0,99.61432506887053,2.13287841311011
3459,-0.0,99.61432506887053,2.1147788787108546
3460,-0.0,99.61432506887053,2.4482671406030354
3461,-0.0,99.61432506887053,2.4473351908489396
3462,-0.0,99.61432506887053,2.451112240293857
3463,-0.0,99.61432506887053,2.4580836623858007
3464,-0.0,99.61432506887053,2.4635201923962002
3465,-0.0,99.61432506887053,2.467224774612659
3466,-0.0,99.61432506887053,2.470921418040221
3467,-0.0,99.61432506887053,2.475422861936145
3468,-0.0,99.61432506887053,2.482410730649279
3469,-0.0,99.61432506887053,2.4894942828090065
3470,-0.0,99.61432506887053,2.4978567041921056
3471,-0.0,99.61432506887053,2.506123398633824
3472,-0.0,99.61432506887053,2.5123163431836053
3473,-0.0,99.61432506887053,2.471737801213423
3474,-0.0,99.61432506887053,2.4329633839047506
3475,-0.0,99.61432506887053,2.3974169486643704
3476,1.3810876425130094,99.6078431372549,2.3745916197161177
3477,3.806706096781599,99.57995365005793,2.3704129530123494
3478,3.806706096781599,96.20509849362688,3.0564427837691013
3479,3.806706096781599,92.88818076477405,5.928797876033887
3480,3.806706096781599,89.62920046349942,8.45752059350446
3481,3.806706096781599,98.3632676709154,0.7316233060851698
3482,3.806706096781599,98.3632676709154,0.7286530476095878
3483,3.806706096781599,98.3632676709154,0.7564533985981781
3484,3.806706096781599,98.3632676709154,0.8123721312945609
3485,3.806706096781599,98.3632676709154,0.8918879966264462
3486,3.806706096781599,98.3632676709154,0.9899382338261018
3487,3.806706096781599,98.3632676709154,1.1018307220742367
3488,3.806706096781599,98.3632676709154,1.2254097387403335
3489,3.806706096781599,98.3632676709154,1.3569606219319392
3490,3.806706096781599,98.3632676709154,1.4958069091539552
3491,3.806706096781599,98.3632676709154,1.6431885871508898
3492,5.18178173867233,98.33505230587889,1.7837848734299515
3493,6.2242407066822425,96.56774580335731,0.3571425846745597
3494,8.6335520818918,96.46182495344506,0.37981157137899557
3495,10.373338915665169,96.28856041131105,0.4021481868210492
3496,11.855059209617597,96.04125083167,0.3561077565810189
3497,13.166049830838238,95.71280991735537,0.2919321693167033
3498,14.347702905397227,95.59871703492516,0.31066885399116106
3499,15.424325787586525,95.4830383480826,0.3530869245880597
3500,16.41191701162429,95.36613272311213,0.44612600622636756
3501,17.321790534339417,95.24842271293376,0.5001515335365868
3502,18.1623532166899,95.13039934800327,0.6294790836058817
3503,18.94008094929714,95.01262626262626,0.7247023460252559
3504,19.660099841736777,94.89574283231973,0.8814207592502431
3505,20.326554005896366,94.7804659498208,1.001332934299206
3506,20.942849647749888,94.66759002770083,1.0741006797635253
3507,21.511823380583614,94.55798479087453,1.2645183085956835
3508,22.035861973155363,94.45259042033236,1.3562471964450593
3509,22.516989784596703,94.35240963855422,1.459973760959478
3510,22.9569340047986,94.25849639546858,1.5557427516365105
3511,23.357174226002265,94.17194092827005,1.6493536809003015
3512,23.718980682332944,94.09385113268608,1.8218405434204463
3513,24.043444114548585,94.02533039647577,1.7832997642479276
3514,24.331499321814167,93.96745230078564,1.7861840226638053
3515,24.583943865510474,93.92123287671232,1.986783586761173
3516,24.801452982719944,93.88760139049826,2.3589456642890867
3517,24.984591482741713,93.86737089201878,2.676494387186517
3518,25.133823197327565,93.86120996441281,2.959782130248541
3519,25.249518407750266,93.86961722488039,3.2167699196882773
3520,25.331959561886343,93.89290012033695,3.4457915777919266
3521,25.381345510494047,93.93115942028986,3.6465152396500473
3522,25.397794425690506,93.98428053204353,3.8414774372216303
3523,25.381345510494047,94.05193236714976,4.07803810831887
3524,25.331959561886343,94.13357400722022,4.252595723718878
3525,25.249518407750266,94.22846889952153,4.362207662096001
3526,25.133823197327565,94.33570581257413,4.47726219098577
3527,24.984591482741713,94.45422535211267,4.591278210616913
3528,24.801452982719944,94.58285052143685,4.692674268016935
3529,24.583943865510474,94.7203196347032,4.689687939720579
3530,24.331499321814167,94.86531986531986,4.733447971931768
3531,24.043444114548585,95.01651982378854,4.6709333227829015
3532,23.718980682332944,95.17259978425027,4.656022086314415
3533,23.357174226002265,92.5632911392405,7.219709278981114
3534,22.9569340047986,94.51596292481977,5.362920524320476
3535,22.516989784596703,96.285140562249,3.399105355145992
3536,22.035861973155363,97.87390029325513,2.4310659349053245
3537,19.759628330890614,97.98311444652909,2.4405341661392614
3538,18.518053583777792,98.0956699161188,2.4390522559817915
3539,17.955832924721836,98.19263830725149,2.4607156546815596
3540,17.347883455894202,98.28730464568615,2.4737965829413464
3541,16.69159118209647,98.37938915437357,2.456281110481394
3542,15.983838199765552,98.46866814426758,2.465453203213345
3543,15.220861153276918,98.55496973247412,2.473058142024457
3544,14.39804934345085,98.63816909400416,2.479642050895542
3545,13.50964662635117,98.71818348287859,2.489548626994159
3546,12.548292097635148,98.79496721601984,2.497413952557843
3547,11.504273334142326,98.86850677181553,2.5060310797844783
3548,10.364224497443399,98.93881611673022,2.51722986130424
3549,9.108630741383644,99.21436588103255,2.53469492006142
3550,8.742576608739324,99.38476100331283,2.53958595764569
3551,8.883858091759713,99.41612750512861,2.532826035913808
3552,8.42850478561699,99.32208734037522,2.531204005096636
3553,7.025161811125574,99.11894273127753,2.515635672477482
3554,6.377108370420191,95.75982667904674,3.432246794973012
3555,6.377108370420191,92.33983286908078,6.189094937249785
3556,6.377108370420191,88.98173939956669,9.089121373235425
3557,6.377108370420191,97.94181367997524,0.7155724806207884
3558,6.377108370420191,97.94181367997524,0.6763395303180924
3559,6.377108370420191,97.94181367997524,0.7108776424614132
3560,6.377108370420191,97.94181367997524,0.8036206203004015
3561,6.377108370420191,97.94181367997524,0.9405913914392174
3562,6.377108370420191,97.94181367997524,1.1078701050986015
3563,6.377108370420191,97.94181367997524,1.2992310841423538
3564,6.377108370420191,97.94181367997524,1.5757124571653152
3565,6.377108370420191,97.94181367997524,1.9523551206172227
3566,6.377108370420191,97.94181367997524,2.374349298686428
3567,6.377108370420191,97.94181367997524,2.8541080956214437
3568,7.743924711224214,97.90518191841235,3.374135372139264
3569,9.685275799801234,97.78104095284712,3.9071995721082162
3570,11.270947996810069,97.58323474733818,4.4455041415305185
3571,12.651655414296982,97.30439348853493,5.031913146967894
3572,14.633915355517326,97.07750952986022,5.611829923755977
3573,16.539921562609543,96.90857681432611,6.2712304053886365
3574,18.089581326190846,96.65296535525543,6.876537317526298
3575,19.36951435547663,96.26244160065,6.5937981945381035
3576,20.458826240385807,95.72361491468295,6.972012002138894
3577,21.451106301524216,95.0644245468443,7.076529856289721
3578,22.359679980879513,94.27472278796108,7.230310785351401
3579,23.19421680862126,93.90672603702836,7.845794823505275
3580,23.962032089265826,93.69391219985448,8.428710828025984
3581,24.66883342715743,93.47880611988964,9.129353849237402
3582,25.319179783550382,93.26250323918113,9.781725649455886
3583,26.91798668304021,93.0013458950202,9.941575472146017
3584,28.164783020408766,92.03242941012022,10.09518087217142
3585,29.036259673348752,90.83792403595245,9.613460995569294
3586,30.12357784093654,89.99697793895437,9.836916210052005
3587,31.091633882967425,88.98331759521561,10.077795096074857
3588,31.959772801665924,88.04454634785456,9.638578875513579
3589,32.7411785397015,86.92543411644536,9.136011183078477
3590,33.44536839094296,86.00212089077412,8.682471393954723
3591,34.079493564967834,85.04946866984243,8.339976279086361
3592,34.649084439496,84.07281001137656,7.561583101070428
3593,35.15850816766087,83.07873090481786,7.3534071072203675
3594,35.611264834454566,82.07509083568833,6.68469442145805
3595,36.0101871261805,81.07098381070983,6.444556031683985
3596,36.35757932529991,80.07662835249042,5.923468535988405
3597,36.65531648236445,79.10317805833697,5.04528888205451
3598,36.90491645511996,78.16245006657789,4.553612259273836
3599,37.10759281827011,77.26657645466847,4.058919345092225
3600,37.26429383375834,76.42759250799452,3.7032528952874015
3601,37.375730912343414,75.65698478561549,3.1139249231709547
3602,37.44239885288884,74.96522948539638,3.106385720852001
3603,37.46458936855767,74.36135624709708,3.4041388409068216
3604,37.44239885288884,73.85257301808066,4.02146196442892
3605,37.375730912343414,73.44398340248962,4.021284495337002
3606,37.26429383375834,73.13841936957515,4.036046607965609
3607,37.10759281827012,68.20027063599458,6.672326092947776
3608,36.90491645511996,71.14957833999112,4.767098042708224
3609,36.65531648236445,73.922507618633,3.84348582453335
3610,36.35757932529991,76.50063856960409,4.547404681656645
3611,35.27338674265661,77.45617611088463,4.844488784568556
3612,33.97681075807577,78.24561403508773,4.9301219020517415
3613,32.31750991725012,78.88268156424581,5.163487603815004
3614,30.89440882216448,79.20258620689656,5.579066497368536
3615,30.46803481094519,79.35010482180293,6.280906273232618
3616,29.99069942207539,79.54545454545455,7.029161287249284
3617,29.459748420447035,79.78303747534517,7.668702343846138
3618,29.33981925785675,78.38899803536346,7.882113277039144
3619,29.138022864657238,76.74040338321406,8.311901072928158
3620,29.45709638036974,75.72404816140579,10.309820683933319
3621,30.688818461916348,75.41844437151296,11.35788938885801
3622,29.872003848154986,71.81674565560822,14.577940730701279
3623,28.962261711102165,68.42904892130052,17.01778833331495
3624,27.943769000781053,65.25547445255475,21.036639889051084
3625,26.792382145109872,75.66582562377349,14.028919966105988
3626,25.46686212472367,76.56712402475114,13.137960130926963
3627,23.880015419245957,77.34193548387097,13.490380269695526
3628,21.620518432483998,78.00049492699827,13.843140995204829
3629,21.11816838226231,77.99181314712256,14.463009461384495
3630,20.571936164595517,79.61619471097589,14.0790059855799
3631,19.979625571533298,81.09520563508293,13.82340937299054
3632,19.338637568242596,82.25699801631033,13.945944911736134
3633,19.338637568242596,86.07009036808464,11.694113624715543
3634,19.338637568242596,89.81705973109985,8.223418525058552
3635,19.338637568242596,93.85056204540446,4.831147912678027
3636,18.645868271145773,94.33881649220253,4.646257769724747
3637,17.89756748142916,94.80653838195738,4.354579254275899
3638,17.089136862989886,95.2533546965752,3.742895759185989
3639,16.214831903829236,95.67913195117225,3.28297909101268
3640,15.267302656945498,96.32752482668165,2.7036561810467243
3641,14.236847033102942,96.8665096902735,1.4602763958744578
3642,13.11010895079709,97.30439348853493,1.1781992643241035
3643,11.867582785973179,97.64924742093692,1.039152361469362
3644,10.140629105943956,97.81295903378489,1.4925744948191304
3645,8.742576608739324,98.05963085660198,2.4932028192548463
3646,8.742576608739324,98.05963085660198,3.790733322405842
3647,8.742576608739324,98.05963085660198,3.8881169173940524
3648,8.742576608739324,98.05963085660198,3.992399572189379
3649,8.742576608739324,98.05963085660198,4.100226231301959
3650,8.742576608739324,98.05963085660198,4.210091007864683
3651,8.742576608739324,98.05963085660198,4.318276645435456
3652,8.742576608739324,98.05963085660198,4.4277966300677525
3653,8.742576608739324,98.05963085660198,4.539598489102212
3654,8.742576608739324,98.05963085660198,5.400349742978927
3655,8.742576608739324,98.05963085660198,5.844165888941677
3656,9.462632303379724,97.96213093709885,6.040779925807687
3657,10.782294747522876,97.70916334661355,6.088122658921402
3658,11.972780252512019,97.37293956043956,6.118625451872253
3659,13.058402234359164,96.91051136363636,6.092415676761896
3660,14.055165638800975,96.49412628487518,5.485518373175108
3661,14.97439121142701,96.18740515933233,5.491682483788928
3662,15.82449300938708,95.86598746081505,5.489888998760017
3663,16.225706374696934,93.74875572367111,4.9023735376850475
3664,16.225706374696934,89.9064304200677,6.162901877174046
3665,16.225706374696934,86.14373880151304,9.277829869200273
3666,16.225706374696934,82.46068086800717,11.690792742576145
3667,16.225706374696934,92.91260203065897,5.122465944335238
3668,16.225706374696934,92.91260203065897,5.3019980036703505
3669,16.225706374696934,92.91260203065897,5.466805066898667
3670,16.225706374696934,92.91260203065897,5.618591270153281
3671,16.225706374696934,92.91260203065897,5.759982275046545
3672,16.225706374696934,92.91260203065897,5.897767769374867
3673,16.225706374696934,92.91260203065897,6.040603554601707
3674,16.225706374696934,82.60003981684252,13.558706746312797
3675,16.225706374696934,86.24328090782402,11.60077191044867
3676,16.225706374696934,89.96615568385427,8.11418992916563
3677,16.225706374696934,93.64921361736015,4.941076237309365
3678,15.82449300938708,96.02272727272727,2.746246832454617
3679,14.97439121142701,96.77541729893778,1.4478716179308906
3680,14.055165638800975,97.41189427312776,1.2395904859230258
3681,11.689242085573616,97.52475247524752,1.2197721302278288
3682,10.337605827520125,97.57028809441167,1.2166642652527637
3683,10.337605827520125,97.57028809441167,1.171154863288472
3684,10.337605827520125,97.57028809441167,1.0590897069512133
3685,10.337605827520125,97.57028809441167,1.3064828977787866
3686,10.337605827520125,97.57028809441167,2.0812706978654183
3687,10.337605827520125,97.57028809441167,3.200827188018654
3688,10.337605827520125,97.57028809441167,3.2529592936954703
3689,10.337605827520125,97.57028809441167,3.3118800234688193
3690,10.337605827520125,97.57028809441167,3.3728950900278933
3691,10.337605827520125,97.57028809441167,3.4359184025240226
3692,10.337605827520125,97.57028809441167,3.5017657510535583
3693,10.337605827520125,97.57028809441167,4.105636816085502
3694,10.337605827520125,97.57028809441167,4.37382964741551
3695,10.337605827520125,97.57028809441167,4.482725257619201
3696,10.337605827520125,97.57028809441167,4.578163758211716
3697,10.337605827520125,97.57028809441167,4.671390435951862
3698,10.337605827520125,97.57028809441167,4.760958432826313
3699,10.337605827520125,97.57028809441167,4.846579436329746
3700,10.337605827520125,97.57028809441167,4.934589302142592
3701,10.337605827520125,97.57028809441167,5.023742135181695
3702,10.337605827520125,97.57028809441167,5.114181415627499
3703,11.270524356245133,97.00716845878136,5.059659874864163
3704,11.710719458230837,94.81063364894392,4.367745357666659
3705,11.710719458230837,91.1143481427531,5.313942584721288
3706,11.710719458230837,87.63656227239622,8.08930625528593
3707,11.710719458230837,84.122359796067,11.038581360962024
3708,11.710719458230837,94.19155134741442,3.708015109778516
3709,11.710719458230837,94.19155134741442,3.711426047742276
3710,11.710719458230837,94.19155134741442,3.6663748316868596
3711,11.710719458230837,94.19155134741442,3.7507340833683847
3712,11.710719458230837,94.19155134741442,4.10479827241998
3713,11.710719458230837,85.87035688273853,9.218003725659427
3714,11.710719458230837,89.29351784413693,6.244008367207485
3715,11.710719458230837,92.95338674435543,3.8655421330977062
3716,11.710719458230837,96.68608885651857,4.269729195202259
3717,10.813144560727114,96.89594356261023,4.488487412059717
3718,9.842790932353244,97.09699453551913,4.663317749373062
3719,8.789939738430267,97.2892561983471,4.8858984303403625
3720,9.003795955765842,97.63882103891875,5.107058053367616
3721,9.685275799801234,97.82998857888725,5.322488017970828
3722,9.88148918950257,97.87755102040816,5.504319847278455
3723,8.287223302596603,94.51190663933133,3.0946352793302934
3724,8.287223302596603,91.05819271408295,2.9743310378685037
3725,8.287223302596603,87.66756032171581,5.613098045298458
3726,8.287223302596603,95.82084844661725,3.834722367246411
3727,9.007278997237004,95.68495348091113,3.84658408206833
3728,10.326941441380152,95.35346830401593,3.66913171581994
3729,11.517426946369294,94.93649158942671,3.389715839903478
3730,11.517426946369294,91.31479574322005,2.2350707158468106
3731,11.517426946369294,87.7617576381737,4.898186852522114
3732,11.517426946369294,84.27737727428767,7.699967895635598
3733,11.517426946369294,91.57226227257124,1.18770513846648
3734,11.517426946369294,91.57226227257124,1.18770513846648
3735,11.517426946369294,91.57226227257124,1.185127215877853
3736,11.517426946369294,91.57226227257124,1.1830205613304055
3737,11.517426946369294,91.57226227257124,1.1830205613304055
3738,11.517426946369294,91.57226227257124,1.1830205613304055
3739,11.517426946369294,91.57226227257124,1.9171791379401895
3740,11.517426946369294,91.57226227257124,2.053132058824222
3741,11.517426946369294,91.57226227257124,2.023395917558917
3742,11.517426946369294,91.57226227257124,2.1363912772113562
3743,11.517426946369294,91.57226227257124,2.4231862091354395
3744,11.517426946369294,91.57226227257124,2.7009287928437886
3745,11.517426946369294,91.57226227257124,2.958524670833351
3746,11.517426946369294,91.57226227257124,3.1961468700337807
3747,11.517426946369294,91.57226227257124,3.415357480119663
3748,11.517426946369294,91.57226227257124,3.6182999687064594
3749,11.517426946369294,91.57226227257124,3.8046973479831463
3750,11.517426946369294,91.57226227257124,3.9739592005260507
3751,11.517426946369294,91.57226227257124,4.130761716372452
3752,11.517426946369294,91.57226227257124,4.278609550212962
3753,11.517426946369294,91.57226227257124,4.416333559954178
3754,11.517426946369294,91.57226227257124,4.536020837023392
3755,11.517426946369294,91.57226227257124,4.641110524433665
3756,11.517426946369294,91.57226227257124,4.738455205250353
3757,11.517426946369294,91.57226227257124,4.7080812015540845
3758,11.517426946369294,91.57226227257124,4.669483876664981
3759,11.517426946369294,82.44078269824922,10.904327113533089
3760,11.517426946369294,85.92516306213525,9.205857821921892
3761,11.517426946369294,89.4782011671816,6.222675176856834
3762,11.517426946369294,93.09989701338826,3.7927942798004453
3763,10.61670733234171,95.06068779501011,2.826266196444716
3764,8.2285966275191,95.2520325203252,2.793312686805101
3765,8.2285966275191,95.2520325203252,2.77484364464711
3766,8.2285966275191,95.2520325203252,2.855851497138631
3767,8.2285966275191,95.2520325203252,3.189716545512273
3768,8.2285966275191,95.2520325203252,3.4818311463153555
3769,8.2285966275191,95.2520325203252,3.7416553127591277
3770,8.2285966275191,95.2520325203252,3.978633984505416
3771,8.2285966275191,95.2520325203252,4.1988439135987425
3772,8.2285966275191,95.2520325203252,4.4077689027927
3773,8.2285966275191,95.2520325203252,4.605090758515098
3774,8.2285966275191,95.2520325203252,4.786895673424711
3775,8.2285966275191,95.2520325203252,4.958161192918095
3776,8.2285966275191,95.2520325203252,5.12363509097401
3777,8.2285966275191,87.13821138211382,11.715418540094978
3778,8.2285966275191,90.53658536585365,8.626360784220138
3779,8.2285966275191,94.0,6.046879784461286
3780,8.2285966275191,97.52845528455285,3.494790053045698
3781,7.025161811125574,97.84455632473254,3.5180605835331424
3782,5.692780305338156,98.08219178082192,3.5435485543240195
3783,4.966448892725745,98.17365269461078,3.5954222267586915
3784,4.966448892725745,89.32634730538922,10.326792391932411
3785,4.966448892725745,92.63473053892216,7.877624890948789
3786,4.966448892725745,96.00299401197604,4.738157276945424
3787,4.966448892725745,99.4311377245509,2.499740943610135
3788,3.3513527906388765,99.5511149724877,2.4558887367271454
3789,1.3810876425130094,99.6078431372549,2.4105469084011277
3790,-0.0,99.61432506887053,2.4066677178514473
3791,-0.0,99.61432506887053,2.3936356595829036
3792,-0.0,99.61432506887053,2.3680039426622574
3793,-0.0,99.61432506887053,2.334175243112613
3794,-0.0,99.61432506887053,2.299711722949728
3795,-0.0,99.61432506887053,2.1770069171619597
3796,-0.0,99.61432506887053,2.0906034582094444
3797,-0.0,99.61432506887053,2.328856349958271
3798,-0.0,99.61432506887053,3.0122447559095793
3799,-0.0,99.61432506887053,3.0153402087284373
3800,-0.0,99.61432506887053,3.0241232198591455
3801,-0.0,99.61432506887053,3.0378397428190125
3802,-0.0,99.61432506887053,3.0511019927048832
3803,-0.0,99.61432506887053,3.0650171906849204
3804,-0.0,99.61432506887053,3.079712032268372
3805,-0.0,99.61432506887053,3.0948258926674184
3806,-0.0,99.61432506887053,3.1135535668522327
3807,-0.0,99.61432506887053,3.1337439082195435
3808,-0.0,99.61432506887053,3.155620644537068
3809,1.3810876425130094,99.6078431372549,3.1769726688080473
3810,3.3513527906388765,99.5511149724877,3.195197738363955
3811,4.966448892725745,99.4311377245509,3.1977067069283316
3812,6.377108370420191,99.24172082946457,3.2095535919500526
3813,7.641219078808836,99.10428662827896,3.206963681533517
3814,8.789939738430267,99.07438016528926,3.2358697397856373
3815,9.32740666130365,97.24462365591398,3.2241521096910937
3816,9.32740666130365,93.66599462365592,5.100413159658841
3817,9.32740666130365,90.15456989247312,7.78069688053384
3818,9.32740666130365,86.71034946236558,11.448117149099412
3819,9.32740666130365,97.64784946236558,1.278205633003482
3820,9.32740666130365,97.64784946236558,1.2780369730511025
3821,9.32740666130365,97.64784946236558,1.2778484931630558
3822,9.32740666130365,97.64784946236558,1.277641110264339
3823,9.32740666130365,97.64784946236558,1.2774165829438682
3824,9.32740666130365,97.64784946236558,1.2771728968543712
3825,9.32740666130365,97.64784946236558,1.2769039014240597
3826,9.32740666130365,97.64784946236558,1.2766049423295986
3827,9.32740666130365,97.64784946236558,1.2762752142094829
3828,9.32740666130365,97.64784946236558,1.2759125990021536
3829,9.32740666130365,97.64784946236558,1.2755121126839897
3830,9.32740666130365,97.64784946236558,1.2750699689880303
3831,9.32740666130365,97.64784946236558,1.27458940416343
3832,9.32740666130365,97.64784946236558,1.2740730602639938
3833,9.32740666130365,97.64784946236558,1.2735196970810072
3834,9.32740666130365,97.64784946236558,1.2729153046672002
3835,9.32740666130365,97.64784946236558,1.2722427393061082
3836,9.32740666130365,97.64784946236558,1.27147685548588
3837,9.32740666130365,97.64784946236558,1.27147685548588
3838,9.32740666130365,97.64784946236558,1.27147685548588
3839,9.32740666130365,97.64784946236558,1.27147685548588
3840,9.32740666130365,97.64784946236558,1.2706303329456041
3841,9.32740666130365,97.64784946236558,1.2697849368491636
3842,9.32740666130365,97.64784946236558,1.2689406649496584
3843,9.32740666130365,97.64784946236558,1.2680975150061657
3844,9.32740666130365,97.64784946236558,1.2672554847837152
3845,9.32740666130365,97.64784946236558,1.2664145720532645
3846,9.32740666130365,97.64784946236558,1.8907924886246745
3847,9.32740666130365,97.64784946236558,1.9998734159085865
3848,9.32740666130365,97.64784946236558,1.9937710169246778
3849,9.32740666130365,97.64784946236558,2.1581548821154706
3850,9.32740666130365,97.64784946236558,2.3041125969062963
3851,9.32740666130365,97.64784946236558,2.433196763380571
3852,9.32740666130365,97.64784946236558,2.5652014112345314
3853,9.32740666130365,97.64784946236558,2.697993491052346
3854,9.32740666130365,97.64784946236558,2.8260229895884974
3855,9.32740666130365,97.64784946236558,2.9436572401319023
3856,9.32740666130365,97.64784946236558,3.050505206728446
3857,9.32740666130365,97.64784946236558,3.150812964841937
3858,9.32740666130365,97.64784946236558,3.243867035725611
3859,9.32740666130365,97.64784946236558,3.3284617425524416
3860,9.32740666130365,97.64784946236558,3.4028341138931895
3861,9.32740666130365,97.64784946236558,3.4722052894424427
3862,9.32740666130365,97.64784946236558,3.537111913604582
3863,9.32740666130365,97.64784946236558,3.60381231392034
3864,9.32740666130365,97.64784946236558,3.6772607993177124
3865,9.32740666130365,97.64784946236558,3.7516812889144724
3866,9.32740666130365,88.42405913978494,11.194353994101423
3867,9.32740666130365,91.90188172043011,8.249984326863293
3868,9.32740666130365,95.44690860215054,4.964548557148415
3869,9.32740666130365,99.05913978494624,2.5209202610051764
3870,8.2285966275191,99.08943089430895,2.531392537445234
3871,7.025161811125574,99.11894273127753,2.540537270661088
3872,5.692780305338156,99.3455098934551,2.48030140075113
3873,4.190046201482249,99.49941107184924,2.423679541678882
3874,2.429609566376967,99.58701224722302,2.375207717538403
3875,-0.0,99.61432506887053,2.3747590085500385
3876,-0.0,99.61432506887053,2.374376022090436
3877,-0.0,99.61432506887053,2.373866473731154
3878,-0.0,99.61432506887053,2.373236222835158
3879,-0.0,99.61432506887053,2.3724935080007117
3880,-0.0,99.61432506887053,2.371645265537701
3881,-0.0,99.61432506887053,2.3706979026168447
3882,-0.0,99.61432506887053,2.3696597032591717
3883,-0.0,99.61432506887053,2.368066908787216
3884,-0.0,99.61432506887053,2.362322189243514
3885,-0.0,99.61432506887053,2.348205127063629
3886,-0.0,99.61432506887053,2.3216152153430674
3887,-0.0,99.61432506887053,2.288261481858768
3888,-0.0,99.61432506887053,2.250866430558551
3889,-0.0,99.61432506887053,2.2050644458196915
3890,-0.0,99.61432506887053,2.1446349273614653
3891,-0.0,99.61432506887053,2.075737108128869
3892,-0.0,99.61432506887053,2.0056903872901777
3893,-0.0,99.61432506887053,1.9344911793282258
3894,-0.0,99.61432506887053,1.862112127442764
3895,-0.0,99.61432506887053,1.7884884346204422
3896,-0.0,99.61432506887053,1.713123877886361
3897,-0.0,99.61432506887053,1.6313653899999543
3898,-0.0,99.61432506887053,1.5376002130400348
3899,-0.0,99.61432506887053,1.4271840253328096
3900,-0.0,99.61432506887053,1.305637355573089
3901,-0.0,99.61432506887053,1.180375956109389
3902,-0.0,99.61432506887053,1.0362438352767034
3903,1.3810876425130094,99.6078431372549,0.9554811108240212
3904,3.3513527906388765,99.5511149724877,1.0861475717034075
3905,4.966448892725745,99.4311377245509,1.1381434480460275
3906,6.377108370420191,99.24172082946457,1.2475044047026682
3907,8.389867841285003,99.10313901345292,1.487408774260291
3908,10.326941441380153,99.02090939263192,1.8415853194593075
3909,11.908258016881739,98.86519944979368,2.3061326919451752
3910,13.284528772251832,98.6284289276808,2.9539612246958424
3911,14.513619175301079,98.45018450184502,4.114598677724097
3912,15.626664301507954,98.39510890332441,5.655868112891933
3913,16.643159735027975,98.3386075949367,7.443893548518779
3914,17.576450917819464,98.28080229226362,7.706295200849688
3915,18.436228651196558,98.22184589331076,8.028937932739817
3916,20.16404126058949,98.15465729349737,8.341268571258839
3917,22.016729623943085,98.00915331807781,8.59806321519874
3918,23.511964056224258,97.75977121067683,8.851986457729408
3919,24.800385915665935,97.39454094292805,9.065912014246843
3920,25.939786407752575,97.10743801652893,9.251568585528497
3921,26.961221548072427,96.99086512627619,9.510917224791752
3922,27.664607872526535,95.85420144685587,8.42930411797305
3923,28.30858854614977,94.5308002302821,7.3249509601139
3924,28.897228234157446,93.01011302795955,6.454429948304185
3925,29.433847968898316,93.9840392879067,7.377601810606329
3926,30.129155386217537,93.45200254291163,7.239769214449097
3927,30.952548783332123,92.43225380039657,6.552353553239586
3928,31.694326936473495,91.21482498284145,5.8900714037265685
3929,32.36270511088059,89.7864768683274,5.082996887527647
3930,32.6713868819361,87.46830858384644,3.9718995009960896
3931,32.6713868819361,82.79608837377762,4.367148994996674
3932,32.6713868819361,78.26874320898226,6.368393936857856
3933,32.6713868819361,73.88627308946035,11.079302806070242
3934,32.6713868819361,86.8163708801159,1.0464846093339724
3935,32.6713868819361,86.8163708801159,1.0464846093339724
3936,32.6713868819361,86.8163708801159,1.0464846093339724
3937,32.6713868819361,86.8163708801159,1.0464846093339724
3938,32.6713868819361,86.8163708801159,1.0464846093339724
3939,32.6713868819361,86.8163708801159,1.0464846093339724
3940,32.6713868819361,86.8163708801159,2.0773692342025107
3941,32.6713868819361,86.8163708801159,2.2413749243883627
3942,32.6713868819361,86.8163708801159,2.2601657267450728
3943,32.6713868819361,86.8163708801159,2.56828003868828
3944,32.6713868819361,86.8163708801159,2.930794830014222
3945,32.6713868819361,86.8163708801159,3.3104163128941777
3946,32.6713868819361,86.8163708801159,3.6677596976455344
3947,32.6713868819361,86.8163708801159,3.9921229061460646
3948,32.6713868819361,86.8163708801159,4.295135530453818
3949,32.6713868819361,86.8163708801159,4.583071437830982
3950,32.6713868819361,86.8163708801159,4.8517018460102985
3951,32.6713868819361,86.8163708801159,5.120258748616831
3952,32.6713868819361,86.8163708801159,5.394728340428901
3953,32.6713868819361,86.8163708801159,5.719953979319252
3954,32.6713868819361,86.8163708801159,6.098282183540703
3955,32.6713868819361,86.8163708801159,6.4963002082864
3956,32.6713868819361,86.8163708801159,6.898840948080878
3957,32.6713868819361,86.8163708801159,7.270741657643968
3958,32.6713868819361,86.8163708801159,7.621783667565962
3959,32.6713868819361,86.8163708801159,7.976237440087821
3960,32.6713868819361,76.05939876856212,14.18381651547333
3961,32.6713868819361,80.51430641072075,11.964641532271589
3962,32.6713868819361,85.11408909815285,9.825781674782274
3963,32.6713868819361,89.85874683085838,6.276250429802087
3964,31.5854386569196,90.73881373569199,6.0823684308959125
3965,30.323606762239955,91.43710587454365,5.782417852113514
3966,28.79878902448643,91.97080291970804,5.717151095120774
3967,26.599746216395555,92.35668789808918,5.608046508343629
3968,26.08807612841691,92.58168972622903,5.814424322205811
3969,25.52582229082568,92.81027104136948,5.886207856642404
3970,24.909969064923843,93.04059652029827,5.952447211010314
3971,24.236848495466933,93.27102803738318,5.684533431035615
3972,23.501939021791305,93.50012896569513,5.745671729473845
3973,22.69956791435218,94.24943988050784,5.5105510454667845
3974,21.822452440157722,95.05402160864345,4.787018351884993
3975,20.860953535819203,95.71858366118954,4.307672609366245
3976,19.801774298970265,96.25418060200668,4.017989505126442
3977,19.013219108189965,96.37696786715549,4.009665165302999
3978,18.158383813382805,96.64373566812591,3.0973661778919133
3979,17.229934706368525,97.30110775427995,2.9031156840401326
3980,16.21818498087662,97.84088698696752,2.8125961010768257
3981,15.109792956097985,98.27230046948357,2.7369997171838323
3982,13.915152455418687,98.4771573604061,2.6462496834378455
3983,12.617472588591118,98.7574378718936,2.5617177238310553
3984,11.14881988587454,98.95270270270271,2.5433894971904376
3985,9.421866205845317,99.07075317900228,2.5274711514086934
3986,7.025161811125574,99.11894273127753,2.531837897888239
3987,5.692780305338156,99.3455098934551,2.4749394478705917
3988,4.190046201482249,99.49941107184924,2.4215512582460326
3989,2.429609566376967,99.58701224722302,2.3758393335118577
3990,-0.0,99.61432506887053,2.3756876521229584
3991,-0.0,99.61432506887053,2.3756876521229584
3992,-0.0,99.61432506887053,2.3756876521229584
3993,-0.0,99.61432506887053,2.3756876521229584
3994,-0.0,99.61432506887053,2.3756876521229584
3995,-0.0,99.61432506887053,2.3756876521229584
3996,-0.0,99.61432506887053,2.3756876521229584
3997,-0.0,99.61432506887053,2.3756876521229584
3998,-0.0,99.61432506887053,2.3756876521229584
3999,-0.0,99.61432506887053,2.3740564296523465
4000,-0.0,99.61432506887053,2.372359693964619
4001,-0.0,99.61432506887053,2.3706129279052828
4002,-0.0,99.61432506887053,2.368828672213923
4003,-0.0,99.61432506887053,2.3670168152767017
4004,-0.0,99.61432506887053,2.365182831090065
4005,-0.0,99.61432506887053,2.363332892898068
4006,-0.0,99.61432506887053,2.3614716010702725
4007,-0.0,99.61432506887053,2.359602140013952
4008,-0.0,99.61432506887053,2.3577263529330166
4009,-0.0,99.61432506887053,2.355848679469183
4010,-0.0,99.61432506887053,2.3539719782510153
4011,-0.0,99.61432506887053,2.3520977967396646
4012,-0.0,99.61432506887053,2.3502265972195806
4013,-0.0,99.61432506887053,2.348358372579497
4014,-0.0,99.61432506887053,2.3464931157307403
4015,-0.0,99.61432506887053,2.344630819607139
4016,-0.0,99.61432506887053,2.3427714771649404
4017,-0.0,99.61432506887053,2.3409150813827146
4018,-0.0,99.61432506887053,2.339061625261266
4019,-0.0,99.61432506887053,2.3372111018235553
4020,-0.0,99.61432506887053,2.3353635041145986
4021,-0.0,99.61432506887053,2.3335188252013928
4022,-0.0,99.61432506887053,2.331677058172814
4023,-0.0,99.61432506887053,2.3298381961395513
4024,-0.0,99.61432506887053,2.3280022322339984
4025,-0.0,99.61432506887053,2.326169159610188
4026,-0.0,99.61432506887053,2.3243389714436935
4027,-0.0,99.61432506887053,2.3225116609315477
4028,-0.0,99.61432506887053,2.320687221292162
4029,-0.0,99.61432506887053,2.318865645765241
4030,-0.0,99.61432506887053,2.317046927611695
4031,-0.0,99.61432506887053,2.315231060113562
4032,-0.0,99.61432506887053,2.313418036573923
4033,-0.0,99.61432506887053,2.3116078503168183
4034,-0.0,99.61432506887053,2.3098004946871695
4035,-0.0,99.61432506887053,2.3079959630506885
4036,-0.0,99.61432506887053,2.306194248793814
4037,-0.0,99.61432506887053,2.3043953453236123
4038,-0.0,99.61432506887053,2.3025992460677043
4039,-0.0,99.61432506887053,2.300805944474191
4040,-0.0,99.61432506887053,2.2990154340115576
4041,-0.0,99.61432506887053,2.297227708168625
4042,-0.0,99.61432506887053,2.2954427604544243
4043,-0.0,99.61432506887053,2.293660584398165
4044,-0.0,99.61432506887053,2.2918811735491333
4045,-0.0,99.61432506887053,2.2901045214766094
4046,-0.0,99.61432506887053,2.2883306217698065
4047,-0.0,99.61432506887053,2.2865594680377828
4048,-0.0,99.61432506887053,2.2847910539093643
4049,-0.0,99.61432506887053,2.2830253730330785
4050,-0.0,99.61432506887053,2.2812624190770645
4051,-0.0,99.61432506887053,2.279502185729008
4052,-0.0,99.61432506887053,2.277744666696057
4053,-0.0,99.61432506887053,2.275989855704762
4054,-0.0,99.61432506887053,2.274237746500982
4055,-0.0,99.61432506887053,2.272488332849823
4056,-0.0,99.61432506887053,2.270741608535561
4057,-0.0,99.61432506887053,2.268997567361565
4058,-0.0,99.61432506887053,2.267256203150233
4059,-0.0,99.61432506887053,2.2655175097429043
4060,-0.0,99.61432506887053,2.2637814809998034
4061,-0.0,99.61432506887053,2.262048110799951
4062,-0.0,99.61432506887053,2.2603173930411096
4063,-0.0,99.61432506887053,2.2585893216396977
4064,-0.0,99.61432506887053,2.256863890530725
4065,-0.0,99.61432506887053,2.2551410936677203
4066,-0.0,99.61432506887053,2.2534209250226604
4067,-0.0,99.61432506887053,2.2517033785859013
4068,-0.0,99.61432506887053,2.249988448366105
4069,-0.0,99.61432506887053,2.2482761283901755
4070,-0.0,99.61432506887053,2.2465664127031815
4071,-0.0,99.61432506887053,2.2448592953682978
4072,-0.0,99.61432506887053,2.2431547704667247
4073,-0.0,99.61432506887053,2.241452832097625
4074,-0.0,99.61432506887053,2.239753474378061
4075,-0.0,99.61432506887053,2.2380566914429205
4076,-0.0,99.61432506887053,2.236362477444853
4077,-0.0,99.61432506887053,2.234670826554195
4078,-0.0,99.61432506887053,2.232981732958912
4079,-0.0,99.61432506887053,2.231295190864528
4080,-0.0,99.61432506887053,2.229611194494058
4081,-0.0,99.61432506887053,2.227929738087951
4082,-0.0,99.61432506887053,2.2262508159040078
4083,-0.0,99.61432506887053,2.2245744222173274
4084,-0.0,99.61432506887053,2.222900551320244
4085,-0.0,99.61432506887053,2.221229197522255
4086,-0.0,99.61432506887053,2.2195603551499583
4087,-0.0,99.61432506887053,2.217894018546989
4088,-0.0,99.61432506887053,2.2162301820739567
4089,-0.0,99.61432506887053,2.2145688401083814
4090,-0.0,99.61432506887053,2.2129099870446267
4091,-0.0,99.61432506887053,2.2112536172938406
4092,-0.0,99.61432506887053,2.2095997252838964
4093,-0.0,99.61432506887053,2.207948305459315
4094,-0.0,99.61432506887053,2.2062993522812273
4095,-0.0,99.61432506887053,2.204652860227283
4096,-0.0,99.61432506887053,2.203008823791619
4097,-0.0,99.61432506887053,2.2013672374847677
4098,-0.0,99.61432506887053,2.1997280958336245
4099,-0.0,99.61432506887053,2.198091393381366
4100,-0.0,99.61432506887053,2.1964571246874014
4101,-0.0,99.61432506887053,2.1948252843273086
4102,-0.0,99.61432506887053,2.1931958668927667
4103,-0.0,99.61432506887053,2.1915688669915134
4104,-0.0,99.61432506887053,2.189944279247266
4105,-0.0,99.61432506887053,2.1883220982996745
4106,-0.0,99.61432506887053,2.1867023188042682
4107,-0.0,99.61432506887053,2.185084935432371
4108,-0.0,99.61432506887053,2.18346994287108
4109,-0.0,99.61432506887053,2.1818573358231723
4110,-0.0,99.61432506887053,2.180247109007068
4111,-0.0,99.61432506887053,2.178639257156771
4112,-0.0,99.61432506887053,2.177033775021804
4113,-0.0,99.61432506887053,2.1754306573671527
4114,-0.0,99.61432506887053,2.173829898973215
4115,-0.0,99.61432506887053,2.17223149463574
4116,-0.0,99.61432506887053,2.17063543916577
4117,-0.0,99.61432506887053,2.169041727389589
4118,-0.0,99.61432506887053,2.167450354148666
4119,-0.0,99.61432506887053,2.1653861881749306
4120,-0.0,99.61432506887053,2.1592214935571286
4121,-0.0,99.61432506887053,2.1447269272240397
4122,-0.0,99.61432506887053,2.128278349566447
4123,-0.0,99.61432506887053,2.105469140557789
4124,-0.0,99.61432506887053,2.071910535375337
4125,-0.0,99.61432506887053,2.0234649250460954
4126,-0.0,99.61432506887053,1.9687506215202841
4127,-0.0,99.61432506887053,1.899409830961008
4128,-0.0,99.61432506887053,1.812479924546523
4129,-0.0,99.61432506887053,1.7069908495958184
4130,-0.0,99.61432506887053,1.5897232551760916
4131,-0.0,99.61432506887053,1.4678739638577678
4132,-0.0,99.61432506887053,1.344946737033665
4133,-0.0,99.61432506887053,1.226458218344329
4134,-0.0,99.61432506887053,1.1270031164746561
4135,-0.0,99.61432506887053,1.0662470571428055
4136,-0.0,99.61432506887053,1.0911376137914222
4137,-0.0,99.61432506887053,1.2205860894461489
4138,-0.0,99.61432506887053,1.3899385080432882
4139,1.3810876425130094,99.6078431372549,1.58966833623102
4140,3.3513527906388765,99.5511149724877,1.7834765795515497
4141,4.966448892725745,99.4311377245509,1.9949112017256552
4142,7.375760267935303,99.39553626782393,2.232629450587189
4143,9.115547101708673,99.29396662387677,2.6887666592913715
4144,10.597267395661099,99.11960132890366,3.60246114106475
4145,11.908258016881739,98.86519944979368,4.914070642533995
4146,13.220460084168446,98.73575498575498,6.506794850468074
4147,14.513619175301079,98.45018450184502,6.664028378770154
4148,15.677100969798175,98.06957186544342,6.782796631438496
4149,16.735199621672525,97.58511480601742,6.891746143062572
4150,17.703899680189796,97.15163934426229,7.011250869550595
4151,18.594500269093242,96.84054283290925,7.1268848646916405
4152,19.415392498113317,96.51315789473684,6.3172912928444225
4153,20.173035511116147,96.16953762466002,6.289069948325641
4154,21.22700220459466,95.5764705882353,6.103125223518692
4155,22.18317207215906,95.068359375,5.815388312416507
4156,23.05483668991248,94.25316455696202,5.231696471734628
4157,23.851629421125132,93.49422875131165,4.99280808419193
4158,24.580826888986397,93.26453014665942,4.97292835249935
4159,25.24809526332822,93.03370786516854,4.757803547589975
4160,25.85794904990281,92.80325014509576,4.714709388193118
4161,26.414048602710427,92.57485029940119,4.660059038659728
4162,26.91940135496244,92.35040098704503,4.668355163705363
4163,28.182600736499797,89.90217734301041,3.730801717526088
4164,28.182600736499797,85.45282423477438,4.77350457330702
4165,28.182600736499797,81.12969390975071,7.287662773177354
4166,28.182600736499797,76.93278636793941,9.695828854384969
4167,28.182600736499797,89.5235089933733,0.697622639762687
4168,28.182600736499797,89.5235089933733,0.697622639762687
4169,28.182600736499797,89.5235089933733,0.697622639762687
4170,28.182600736499797,89.5235089933733,0.697622639762687
4171,28.182600736499797,89.5235089933733,0.697622639762687
4172,28.182600736499797,89.5235089933733,0.697622639762687
4173,28.182600736499797,89.5235089933733,0.697622639762687
4174,28.182600736499797,89.5235089933733,0.6758725666614019
4175,28.182600736499797,89.5235089933733,0.6215341700003496
4176,28.182600736499797,89.5235089933733,2.502233166062863
4177,28.182600736499797,89.5235089933733,3.029693578827579
4178,28.182600736499797,89.5235089933733,3.1710001698721815
4179,28.182600736499797,89.5235089933733,3.2005504871685626
4180,28.182600736499797,89.5235089933733,3.2502080474599473
4181,28.182600736499797,89.5235089933733,3.331695588983767
4182,28.182600736499797,89.5235089933733,3.417910897889445
4183,28.182600736499797,89.5235089933733,3.4270970308767343
4184,28.182600736499797,89.5235089933733,3.545597193793878
4185,28.182600736499797,89.5235089933733,3.8804225698897707
4186,28.182600736499797,89.5235089933733,4.447074060018195
4187,28.182600736499797,89.5235089933733,4.565592706112977
4188,28.182600736499797,89.5235089933733,4.684103250380084
4189,28.182600736499797,89.5235089933733,4.8222195286253395
4190,28.182600736499797,89.5235089933733,4.986733364927753
4191,28.182600736499797,89.5235089933733,5.168309585465555
4192,28.182600736499797,89.5235089933733,5.3477991573999555
4193,28.182600736499797,89.5235089933733,5.526158272994973
4194,29.111954900862564,89.25112976113621,5.7042380192350635
4195,30.630101829407835,88.58879135719108,5.902524318174287
4196,31.885070916481816,77.06422018348624,10.605117244691337
4197,32.96395295477804,80.47162859248341,9.458064550694548
4198,33.90787542234569,84.24289008455034,8.436187974915967
4199,34.74086049610328,88.51080864691754,6.1136287048374065
4200,34.922099003811226,89.78278358809332,5.754400049473161
4201,34.981870728566285,90.93473005640612,5.65142084093097
4202,35.9868794312707,91.37159137159138,5.736025844367116
4203,35.85334009129488,86.73100120627262,8.395081686282836
4204,35.36513046169693,83.96263137407551,10.421350161198019
4205,34.81882728788736,81.12072207596842,12.549313291056643
4206,34.210513257269625,78.52738483859267,14.159299984503125
4207,33.44254377481588,92.05298013245033,4.597457334093011
4208,32.58747290166134,92.37203077952492,4.543173648891041
4209,31.63213634018691,92.68527430221367,4.436799648693483
4210,30.557207201717695,93.20627113433754,3.932765486011334
4211,29.3317077814669,93.81807477185752,3.757589394453069
4212,27.89791965660903,94.2800788954635,3.5679974517467126
4213,26.105269232480644,94.60771097330817,3.4562935668868016
4214,24.436149390298162,94.81731018398548,3.1453876916443817
4215,23.633778282859037,94.99874968742185,2.997501194680326
4216,22.75666280866458,95.1772365565469,2.8216727420243806
4217,21.795163904326063,95.35207994422495,2.750333289269978
4218,20.73598466747712,95.52272218491157,2.583965260328814
4219,19.5596751137886,95.83962060788963,2.3819563130323096
4220,18.235143060772913,96.22328283876323,2.1260461089657134
4221,16.704563437061076,96.50489314959057,1.9177880300382082
4222,14.81726312831951,96.69421487603306,0.8713047233565391
4223,13.055542001503913,97.10521432547783,0.7915171992002225
4224,13.055542001503913,97.10521432547783,0.7915171992002225
4225,13.055542001503913,97.10521432547783,0.7915171992002225
4226,13.055542001503913,97.10521432547783,0.7915171992002225
4227,13.055542001503913,97.10521432547783,0.7915171992002225
4228,13.055542001503913,97.10521432547783,0.7915171992002225
4229,13.055542001503913,97.10521432547783,0.7915171992002225
4230,13.055542001503913,97.10521432547783,0.7915171992002225
4231,13.055542001503913,97.10521432547783,1.8588099161973504
4232,13.055542001503913,97.10521432547783,2.082340110935979
4233,13.055542001503913,97.10521432547783,2.1124788395219865
4234,13.055542001503913,97.10521432547783,2.2521139364756886
4235,13.055542001503913,97.10521432547783,2.371286949355939
4236,13.055542001503913,97.10521432547783,2.4674529718482643
4237,13.055542001503913,97.10521432547783,2.5459265711978207
4238,13.055542001503913,97.10521432547783,2.61570402704691
4239,13.055542001503913,97.10521432547783,2.697759027423287
4240,13.055542001503913,97.10521432547783,2.785029727308853
4241,13.055542001503913,97.10521432547783,2.8714192159655827
4242,13.055542001503913,97.10521432547783,2.9560256382506913
4243,13.055542001503913,97.10521432547783,3.035062452240582
4244,13.055542001503913,97.10521432547783,3.012409577784809
4245,13.055542001503913,97.10521432547783,3.112518102471339
4246,13.055542001503913,97.10521432547783,3.517844253860109
4247,13.055542001503913,97.10521432547783,3.549809048485966
4248,13.055542001503913,97.10521432547783,3.588418789139436
4249,13.055542001503913,97.10521432547783,3.634864162010638
4250,13.055542001503913,97.10521432547783,3.6834035645363046
4251,13.055542001503913,87.58582297272221,9.952295181147166
4252,13.055542001503913,91.20430506587493,6.893671934043759
4253,13.055542001503913,94.89701243273335,4.08163131568955
4254,14.39804934345085,98.63816909400416,2.5612664135231427
4255,15.41104469303176,98.61190340368891,2.588893884522044
4256,16.01317520972932,98.51116625310173,2.6109208893719518
4257,16.34542720160659,98.3355653338435,2.6343701916048223
4258,16.45230029804492,98.23856021443615,2.650667718623854
4259,16.345427201606594,98.52687966328678,2.6772017737310336
4260,16.01317520972932,98.74021759877839,2.7079503858029876
4261,15.411044693031759,98.87811370983077,2.737746794142973
4262,14.398049343450845,98.94079818422546,2.7694169800930633
4263,12.542883317967812,98.94776399849681,2.81113537171458
4264,12.542883317967812,95.17098835024427,3.6536668680599393
4265,12.542883317967812,91.46937241638481,6.5431366219474505
4266,12.542883317967812,87.84291619691845,10.024994406603511
4267,12.542883317967812,97.36940999624201,0.8632112194246344
4268,12.542883317967812,97.36940999624201,0.8632767278160967
4269,12.542883317967812,97.36940999624201,0.8632539089817517
4270,12.542883317967812,97.36940999624201,0.8631281909111171
4271,12.542883317967812,97.36940999624201,0.8628980352207266
4272,12.542883317967812,97.36940999624201,0.8628980352207266
4273,12.542883317967812,97.36940999624201,0.8628980352207266
4274,12.542883317967812,97.36940999624201,0.8627576008653993
4275,12.542883317967812,97.36940999624201,0.8626400767461604
4276,12.542883317967812,97.36940999624201,0.8624783796618014
4277,12.542883317967812,97.36940999624201,0.8622657634563244
4278,12.542883317967812,97.36940999624201,0.8620042455558761
4279,12.542883317967812,97.36940999624201,0.8617033484715335
4280,12.542883317967812,97.36940999624201,0.8613749400941371
4281,12.542883317967812,97.36940999624201,0.8610193752798345
4282,12.542883317967812,97.36940999624201,0.8606229212964193
4283,12.542883317967812,97.36940999624201,0.8601626739429516
4284,12.542883317967812,97.36940999624201,0.8596118402394418
4285,12.542883317967812,97.36940999624201,0.8589543350013916
4286,12.542883317967812,97.36940999624201,0.8589543350013916
4287,12.542883317967812,97.36940999624201,0.8589543350013916
4288,12.542883317967812,97.36940999624201,0.8584964702172801
4289,12.542883317967812,97.36940999624201,0.8580390933018796
4290,12.542883317967812,97.36940999624201,0.8575822034758419
4291,12.542883317967812,97.36940999624201,1.863028215048419
4292,12.542883317967812,97.36940999624201,2.069096140096134
4293,12.542883317967812,97.36940999624201,2.0906998386907465
4294,12.542883317967812,97.36940999624201,2.2365217740587573
4295,12.542883317967812,97.36940999624201,2.3660818267210075
4296,12.542883317967812,97.36940999624201,2.480968164258214
4297,12.542883317967812,97.36940999624201,2.5882288649421867
4298,12.542883317967812,97.36940999624201,2.6889360178124506
4299,12.542883317967812,97.36940999624201,2.783334089902313
4300,12.542883317967812,97.36940999624201,2.876890522268894
4301,12.542883317967812,97.36940999624201,2.975785859706973
4302,12.542883317967812,97.36940999624201,3.0750992840504923
4303,12.542883317967812,97.36940999624201,3.170340930026054
4304,12.542883317967812,97.36940999624201,3.256151940213117
4305,12.542883317967812,97.36940999624201,3.3301492522648375
4306,12.542883317967812,97.36940999624201,3.396567475533229
4307,12.542883317967812,97.36940999624201,3.4598934603462657
4308,12.542883317967812,97.36940999624201,3.5252133836533903
4309,12.542883317967812,97.36940999624201,3.596937982259151
4310,12.542883317967812,97.36940999624201,3.6695657569864757
4311,12.542883317967812,87.84291619691845,11.567375073662278
4312,12.542883317967812,91.46937241638481,8.451470976914475
4313,12.542883317967812,95.17098835024427,5.1341721541109075
4314,12.542883317967812,98.94776399849681,2.270211176222457
4315,11.710719458230837,98.98033503277495,2.2735756063019545
4316,10.813144560727114,99.01234567901234,2.286600927476741
4317,9.842790932353244,99.04371584699453,2.294591084037738
4318,8.789939738430267,99.07438016528926,2.309494225877423
4319,7.641219078808836,99.10428662827896,2.316886622252369
4320,6.377108370420191,99.24172082946457,2.2679991150527457
4321,4.966448892725745,99.4311377245509,2.246467070596634
4322,3.3513527906388765,99.5511149724877,2.2063310298849195
4323,1.3810876425130094,99.6078431372549,2.171784481368923
4324,-0.0,99.61432506887053,2.1719132357669984
4325,-0.0,99.61432506887053,2.1715298422909455
4326,-0.0,99.61432506887053,2.171055833592028
4327,-0.0,99.61432506887053,2.1700294833531437
4328,-0.0,99.61432506887053,2.075801633471416
4329,-0.0,99.61432506887053,1.9886664757719388
4330,-0.0,99.61432506887053,2.171296685295421
4331,-0.0,99.61432506887053,2.7575441975843993
4332,-0.0,99.61432506887053,2.7664434008180265
4333,-0.0,99.61432506887053,2.778939479443498
4334,-0.0,99.61432506887053,2.794588217213385
4335,-0.0,99.61432506887053,2.810237129403599
4336,-0.0,99.61432506887053,2.8269011461788645
4337,-0.0,99.61432506887053,2.843255103693185
4338,-0.0,99.61432506887053,2.8578299130898586
4339,-0.0,99.61432506887053,2.8734228047314194
4340,-0.0,99.61432506887053,2.890694795340456
4341,-0.0,99.61432506887053,2.9080681343000894
4342,-0.0,99.61432506887053,2.9240243244924007
4343,-0.0,99.61432506887053,2.9372603972885205
4344,-0.0,99.61432506887053,2.949181167485497
4345,-0.0,99.61432506887053,2.958533209301661
4346,-0.0,99.61432506887053,2.9676210764269615
4347,1.3810876425130094,99.6078431372549,2.9831135511260936
4348,2.429609566376967,97.90657932213044,3.0269890478361137
4349,2.429609566376967,94.58843634292225,4.890088212344822
4350,2.429609566376967,91.32725719168329,7.5487739475877
4351,2.429609566376967,88.12304186841355,10.51701472091606
4352,2.429609566376967,98.39077185986898,1.3575521068205347
4353,2.429609566376967,98.39077185986898,1.3573428056644468
4354,2.429609566376967,98.39077185986898,1.3571123890550656
4355,2.429609566376967,98.39077185986898,1.356862138859594
4356,2.429609566376967,98.39077185986898,1.3565936087967805
4357,2.429609566376967,98.39077185986898,1.3563087482024387
4358,2.429609566376967,98.39077185986898,1.3560063148733872
4359,2.429609566376967,98.39077185986898,1.3556832909994971
4360,2.429609566376967,98.39077185986898,1.3553365229466654
4361,2.429609566376967,98.39077185986898,1.354961795943074
4362,2.429609566376967,98.39077185986898,1.354561009506763
4363,2.429609566376967,98.39077185986898,1.3541366012749954
4364,2.429609566376967,98.39077185986898,1.3536913508284416
4365,2.429609566376967,98.39077185986898,1.3532262443259095
4366,2.429609566376967,98.39077185986898,1.352741880416467
4367,2.429609566376967,98.39077185986898,1.3522307138490117
4368,2.429609566376967,98.39077185986898,1.3516823514068452
4369,2.429609566376967,98.39077185986898,1.3510813198883735
4370,2.429609566376967,98.39077185986898,1.3510813198883735
4371,2.429609566376967,98.39077185986898,1.3510813198883735
4372,2.429609566376967,98.39077185986898,1.3510813198883735
4373,2.429609566376967,98.39077185986898,1.350310154751447
4374,2.429609566376967,98.39077185986898,1.3495398694378344
4375,2.429609566376967,98.39077185986898,1.348770462442714
4376,2.429609566376967,98.39077185986898,1.348001932264677
4377,2.429609566376967,98.39077185986898,1.3472342774057513
4378,2.429609566376967,98.39077185986898,1.3464674963713685
4379,2.429609566376967,98.39077185986898,1.3457015876703553
4380,2.429609566376967,98.39077185986898,1.3449365498149384
4381,2.429609566376967,98.39077185986898,1.3441723813207216
4382,2.429609566376967,98.39077185986898,1.3434090807066776
4383,2.429609566376967,98.39077185986898,1.3426466464951494
4384,2.429609566376967,98.39077185986898,1.8574275458591305
4385,2.429609566376967,98.39077185986898,1.9373017209222518
4386,2.429609566376967,98.39077185986898,1.9191634160253848
4387,2.429609566376967,98.39077185986898,2.058044935770383
4388,2.429609566376967,98.39077185986898,2.1854703894714023
4389,2.429609566376967,98.39077185986898,2.2979768091754518
4390,2.429609566376967,98.39077185986898,2.3986235830141407
4391,2.429609566376967,98.39077185986898,2.49055040573507
4392,2.429609566376967,98.39077185986898,2.5750539627715545
4393,2.429609566376967,98.39077185986898,2.656615275889975
4394,2.429609566376967,98.39077185986898,2.7336127133739203
4395,2.429609566376967,98.39077185986898,2.805012822696749
4396,2.429609566376967,98.39077185986898,2.869106476839849
4397,2.429609566376967,98.39077185986898,2.9276373382629624
4398,2.429609566376967,98.39077185986898,2.9795387626319543
4399,2.429609566376967,98.39077185986898,3.028286177627981
4400,2.429609566376967,98.39077185986898,3.0735764289494094
4401,2.429609566376967,98.39077185986898,3.1205316839966497
4402,2.429609566376967,98.39077185986898,3.175485588640408
4403,2.429609566376967,98.39077185986898,3.2323480163935447
4404,2.429609566376967,89.71802905155226,9.780704679166176
4405,2.429609566376967,92.9507262888066,7.410991665593452
4406,2.429609566376967,96.24038735403019,4.279690074703665
4407,2.429609566376967,99.58701224722302,2.1212990484384244
4408,-0.0,99.61432506887053,2.120806171977902
4409,-0.0,99.61432506887053,2.120725370090234
4410,-0.0,99.61432506887053,2.1205617440938105
4411,-0.0,99.61432506887053,2.120318397238137
4412,-0.0,99.61432506887053,2.1200000802231243
4413,-0.0,99.61432506887053,2.119611626891873
4414,-0.0,99.61432506887053,2.1191565070452487
4415,-0.0,99.61432506887053,2.118637021270535
4416,-0.0,99.61432506887053,2.1180556284776992
4417,-0.0,99.61432506887053,2.1174168804387405
4418,-0.0,99.61432506887053,2.1167245741353327
4419,-0.0,99.61432506887053,2.115982163661775
4420,-0.0,99.61432506887053,2.1151941412173416
4421,-0.0,99.61432506887053,2.114364724972311
4422,-0.0,99.61432506887053,2.1134958223016556
4423,-0.0,99.61432506887053,2.112577715892369
4424,-0.0,99.61432506887053,2.11160653826665
4425,-0.0,99.61432506887053,2.11160653826665
4426,-0.0,99.61432506887053,2.11160653826665
4427,-0.0,99.61432506887053,2.11160653826665
4428,-0.0,99.61432506887053,2.110277202566561
4429,-0.0,99.61432506887053,2.1089491489463237
4430,-0.0,99.61432506887053,2.1076227658337836
4431,-0.0,99.61432506887053,2.1058340179934145
4432,-0.0,99.61432506887053,2.1000405714970105
4433,-0.0,99.61432506887053,2.086114342693101
4434,-0.0,99.61432506887053,2.0600774834411486
4435,-0.0,99.61432506887053,2.0261466029460755
4436,-0.0,99.61432506887053,1.9914488404651614
4437,-0.0,99.61432506887053,1.9560293846604715
4438,-0.0,99.61432506887053,1.9199042771769186
4439,-0.0,99.61432506887053,1.8069668739686167
4440,-0.0,99.61432506887053,1.8122443980882803
4441,-0.0,99.61432506887053,2.243057023852164
4442,-0.0,99.61432506887053,3.1179267236667876
4443,-0.0,99.61432506887053,3.1203782240305564
4444,-0.0,99.61432506887053,3.1275110578110032
4445,-0.0,99.61432506887053,3.1347705579143343
4446,-0.0,99.61432506887053,3.140325700170234
4447,-0.0,99.61432506887053,3.1554228047828716
4448,-0.0,99.61432506887053,3.1938745073821684
4449,-0.0,99.61432506887053,3.2220102827324593
4450,-0.0,99.61432506887053,3.3171002756871633
4451,1.3810876425130094,99.6078431372549,3.677138524251635
4452,3.3513527906388765,99.5511149724877,4.369785785624149
4453,4.966448892725745,99.4311377245509,5.387734110526448
4454,6.377108370420191,99.24172082946457,5.50295516691319
4455,7.641219078808836,99.10428662827896,5.6024236955473405
4456,8.789939738430267,99.07438016528926,5.728179398340002
4457,9.842790932353244,99.04371584699453,5.86034586205774
4458,10.813144560727114,99.01234567901234,5.991115900601323
4459,11.270524356245133,97.1326164874552,5.684218939518938
4460,11.270524356245133,93.45878136200717,3.824140377051404
4461,11.270524356245133,89.85663082437276,4.792464981081488
4462,11.270524356245133,86.32616487455198,7.605605838971376
4463,11.270524356245133,97.4910394265233,5.347769293376757
4464,11.270524356245133,97.4910394265233,5.4790947631830145
4465,11.710719458230837,97.17771303714494,5.5472111061174365
4466,12.542883317967812,96.46749342352499,4.624127101334613
4467,13.31539948006603,95.63953488372093,4.2541680292580235
4468,14.03288628059905,94.68637634838194,3.618683764415544
4469,14.699115189525093,95.39094650205762,4.254380546443661
4470,15.014005991259088,93.38204592901879,3.007000154411012
4471,15.014005991259088,89.5615866388309,3.6313743344843115
4472,15.014005991259088,85.82463465553236,6.679427093429654
4473,15.014005991259088,82.17118997912317,9.617567985066321
4474,15.014005991259088,92.40083507306889,1.0195466990833955
4475,15.014005991259088,92.40083507306889,1.0195466990833955
4476,15.014005991259088,92.40083507306889,1.0195466990833955
4477,15.014005991259088,92.40083507306889,1.0195466990833955
4478,15.014005991259088,92.40083507306889,1.0195466990833955
4479,15.014005991259088,92.40083507306889,1.0195466990833955
4480,15.014005991259088,92.40083507306889,1.0195466990833955
4481,15.014005991259088,92.40083507306889,1.0188832730340718
4482,15.014005991259088,92.40083507306889,1.0181351923617408
4483,15.014005991259088,92.40083507306889,1.0181351923617408
4484,15.014005991259088,92.40083507306889,1.0181351923617408
4485,15.014005991259088,92.40083507306889,1.0181351923617408
4486,15.014005991259088,92.40083507306889,1.0181351923617408
4487,15.014005991259088,92.40083507306889,1.0181351923617408
4488,15.014005991259088,92.40083507306889,1.7636231349042668
4489,15.014005991259088,92.40083507306889,1.869713712876314
4490,15.014005991259088,92.40083507306889,1.8584684954565627
4491,15.014005991259088,92.40083507306889,2.082673249067506
4492,15.014005991259088,92.40083507306889,2.2929425156496475
4493,15.014005991259088,92.40083507306889,2.4619459042835863
4494,15.014005991259088,92.40083507306889,2.602986990753295
4495,15.014005991259088,92.40083507306889,2.713149068839781
4496,15.014005991259088,92.40083507306889,2.835578801661725
4497,15.014005991259088,92.40083507306889,2.974376689586509
4498,15.014005991259088,92.40083507306889,3.1227523379705198
4499,15.014005991259088,92.40083507306889,3.2801044379508526
4500,15.014005991259088,92.40083507306889,3.4152074875750165
4501,15.014005991259088,92.40083507306889,3.5269983271390966
4502,15.014005991259088,92.40083507306889,3.726756883304634
4503,15.014005991259088,92.40083507306889,3.730275961622204
4504,15.014005991259088,92.40083507306889,3.7174197099803936
4505,15.014005991259088,92.40083507306889,3.885647197528233
4506,15.014005991259088,92.40083507306889,4.057220805812435
4507,15.014005991259088,92.40083507306889,4.26594973519832
4508,15.014005991259088,83.9874739039666,10.120588086747821
4509,15.014005991259088,87.68267223382045,7.795500331936614
4510,15.014005991259088,91.46137787056368,4.997199122270822
4511,15.014005991259088,95.32359081419624,3.2728958444289784
4512,14.372199338969718,95.45823195458232,3.352380960281229
4513,14.03288628059905,95.10587295245705,3.5557705506392283
4514,15.013783698663635,94.70304975922953,3.724245358920228
4515,15.653259687368854,94.33924254633361,4.052585485365467
4516,16.566985823389654,94.62474645030426,3.931599238757751
4517,17.18086672419055,95.08564437194127,3.7416172182274785
4518,17.576450917819464,95.3950061399918,3.5730097236765603
4519,17.78775036400458,95.71369975389663,3.5167803652926217
4520,18.826576082067252,95.51445578231292,3.530032498603209
4521,19.77560568725411,95.30837004405286,3.7641590852153
4522,20.646121556553148,84.87682481751825,10.370480669334441
4523,21.446496971695765,88.57412653446647,7.487841200392279
4524,22.183172072159064,92.4560546875,5.20053039232605
4525,22.861234852891037,96.51866801210898,4.317393619472955
4526,22.550551236946692,96.63823381836427,4.924528602492228
4527,22.112880185321707,97.08665338645419,5.1173045745725085
4528,21.53161331137676,97.43463246176616,5.30881563312642
4529,20.77807015919887,97.6829268292683,5.4725315675850394
4530,19.79649509151769,97.83341357727491,5.648340288693962
4531,20.24779571770827,97.72839506172839,5.792841554403453
4532,20.659669384703527,97.62266059686394,5.982302078878239
4533,21.033400182845824,97.5168132436627,6.346531052407381
4534,21.94882514104841,97.33333333333333,6.937647725536604
4535,23.256115561745258,96.97726012201886,7.670351583342474
4536,24.388796052571234,96.48414985590779,6.9778418086269784
4537,25.388080020145143,95.84081388390186,6.9297471300210916
4538,26.278083302445737,95.28243327126009,6.7199994195120505
4539,27.07459885301962,94.91961414790997,6.723460942344121
4540,27.44139346773549,92.57441936539091,5.181806399882617
4541,27.44139346773549,88.35459600915931,3.654549636577219
4542,27.44139346773549,84.26561988877985,4.949466638319134
4543,27.44139346773549,80.30749100425254,7.168412057347692
4544,27.44139346773549,91.98560680405626,4.8055759192071195
4545,27.44139346773549,91.98560680405626,5.37114921104573
4546,27.44139346773549,91.98560680405626,5.887726614021208
4547,27.44139346773549,91.98560680405626,6.582442395671379
4548,27.44139346773549,91.98560680405626,7.43023767507153
4549,27.44139346773549,91.98560680405626,8.39975435370991
4550,28.680726340960753,91.80875961216984,9.214499848787597
4551,30.362565080711903,91.34380453752182,9.560709684351373
4552,31.016502169783923,89.9314326957777,9.194444787255428
4553,31.21778974891804,86.88164162696958,6.8303394699277105
4554,31.379903097060712,83.63636363636364,4.715965675575908
4555,31.503377014338106,80.51704758336456,4.670096214359258
4556,31.58861070431908,86.08072425499812,6.103283625757503
4557,31.635875735838795,85.9522907989398,6.168866895056285
4558,31.64532131859904,85.86585827965138,6.1684064532242
4559,31.61697715377548,85.82230623818525,6.175998640121357
4560,31.550753997409554,85.82173749529899,6.222469231893967
4561,31.44644196353311,85.86348377471093,6.312033709136405
4562,31.591518133552682,85.1685393258427,6.075438403039303
4563,31.958509222714305,83.5872048743336,5.34496853075692
4564,32.25387196194818,81.85328185328186,4.440360759318908
4565,32.48070519362517,79.97658079625293,3.9429888758122926
4566,32.64123920933609,79.97639653815892,3.9516432618383934
4567,32.64123920933609,77.49803304484658,3.7225731106471662
4568,32.64123920933609,75.17702596380802,5.2536988997116225
4569,32.64123920933609,73.01337529504328,6.835823019403835
4570,32.64123920933609,72.77734067663258,6.959609994299207
4571,32.64123920933609,75.01966955153422,5.667340140378709
4572,32.64123920933609,77.41935483870968,5.1385826311249545
4573,32.64123920933609,79.97639653815892,4.6447211972121805
4574,32.68415348832741,83.11585606959272,5.132825501778142
4575,32.47763023148837,85.04892367906066,7.462787199346221
4576,32.650203500727336,84.84728282427608,8.664606782177067
4577,32.781574110775814,84.68937875751503,8.771966029409485
4578,32.87222405920063,84.57811869196608,8.612011181241941
4579,32.92248047578238,84.5156059991893,8.678092518332246
4580,32.93252283558458,84.50304259634889,8.75668571302546
4581,32.902386842178444,84.54067179279645,8.83078332460324
4582,34.85346202939252,83.9412997903564,8.810579146749633
4583,36.12118967614438,83.18162115301257,8.407348198429911
4584,37.116093915712455,82.25301743406348,7.764320557537679
4585,37.92447193417253,81.14942528735632,7.3014118276553965
4586,39.36175192131575,80.58712121212122,7.043923679163708
4587,40.734481202651516,79.833984375,7.126467524305594
4588,41.731203077785814,78.91566265060241,6.677060739248847
4589,42.25586654411045,77.51024590163935,5.865601977305324
4590,42.66041493575707,75.9375,5.453726235923808
4591,42.95593811191442,72.15189873417721,6.474993545366644
4592,43.14948693636547,73.51063829787235,6.760613567849855
4593,43.00578353709959,73.3718487394958,7.288519917314256
4594,42.54990774728513,70.88414634146342,9.728491035951777
4595,42.12152079835134,66.73228346456693,12.737285418395
4596,41.63029708915992,62.7851711026616,16.83475672387305
4597,41.07204012208784,75.86996336996337,5.0126668282690146
4598,40.44137428541687,78.08098591549296,4.264810195501063
4599,39.73128916295983,80.02533783783784,4.098564165908148
4600,38.93239591741754,81.71521035598705,4.344029876359226
4601,38.93239591741754,81.71521035598705,4.620109710548622
4602,38.93239591741754,81.71521035598705,4.921316158089262
4603,38.93239591741754,81.71521035598705,5.192031764238661
4604,38.93239591741754,81.71521035598705,5.447572668894823
4605,38.93239591741754,81.71521035598705,5.662749007409451
4606,38.93239591741754,81.71521035598705,5.842423346912542
4607,38.93239591741754,72.45145631067962,7.69237136028679
4608,38.93239591741754,77.26537216828478,7.16555402831967
4609,38.93239591741754,82.2411003236246,7.438517477658583
4610,38.93239591741754,87.37864077669903,11.48840431137871
4611,37.24327518821791,88.11538461538461,13.716737227236042
4612,35.55306941947638,89.02752293577981,16.23997578577551
4613,35.3815019473398,88.11700182815356,16.782998188865733
4614,35.606032776342246,87.2020535386872,17.605109829510514
4615,35.15422743602373,84.25394548063127,17.417984273861922
4616,34.825504901408024,81.77339901477832,18.237956209465384
4617,34.825504901408024,81.03448275862068,19.580940732013783
4618,34.25204374482608,78.61072902338377,20.592475760397075
4619,33.414556624493436,76.48042823686852,21.16522103738194
4620,32.6633657566042,75.52031714568881,20.533934695579227
4621,31.959772801665927,74.87716999672453,20.51205650188001
4622,30.822939651487815,74.53537658950114,20.87132346796675
4623,30.910137294263762,74.66536075742737,21.41508308135585
4624,30.822939651487815,74.56798174111509,21.56298670286443
4625,30.55520377715459,74.537187398506,21.7069751710913
4626,30.99242739931892,74.73240350308141,22.002489559730453
4627,31.258483676085337,72.59740259740259,20.701780748970826
4628,31.258483676085337,68.27922077922078,16.68459490526179
4629,31.258483676085337,64.0909090909091,12.646647119095313
4630,31.61149597247195,61.14417989417989,10.077133556394843
4631,32.26621241272426,59.218642906100065,8.94188165555909
4632,32.8570049512695,57.12765957446808,8.442617477248719
4633,33.9138221568125,55.276752767527675,7.721042334770516
4634,33.9138221568125,51.254612546125465,5.805687384400236
4635,33.9138221568125,47.38007380073801,12.884594322621643
4636,33.9138221568125,43.65313653136531,13.972608516130677
4637,33.9138221568125,50.11070110701107,7.031172803880029
4638,33.9138221568125,42.103321033210335,15.310235312096134
4639,33.9138221568125,45.68265682656826,17.33020995355414
4640,33.9138221568125,49.18819188191882,10.366511592632675
4641,33.9138221568125,53.13653136531365,5.205412843277634
4642,33.68523770132282,55.76154125772447,5.393776608301092
4643,33.18842249438627,57.52025361042621,6.499884545986403
4644,32.63625739419099,59.69335604770017,6.435656713596012
4645,32.02516579245827,61.40177690029615,6.255144002303232
4646,31.350710497453736,63.249761980323704,6.846544457615697
4647,30.73711907033918,65.13339466421343,7.795094578992136
4648,30.063366409066766,66.85409884581237,9.382744923056359
4649,29.32443730134745,68.188302425107,11.588351707477152
4650,29.268322334129067,69.12921348314607,12.014285691060286
4651,28.38369750196701,66.51351351351352,10.476069855427431
4652,27.407856786068784,63.95530145530145,8.842732991898222
4653,26.324892722130244,61.463536463536464,7.096418000506685
4654,26.324892722130244,69.15584415584415,12.410605814486358
4655,26.324892722130244,69.15584415584415,12.421295775142339
4656,26.324892722130244,69.15584415584415,12.3220308134728
4657,27.033034511684956,68.68145881152768,11.775674145621176
4658,27.58642132515241,66.17226125422847,9.537046402926904
4659,28.607856465472263,64.87950176008665,7.8646619998708776
4660,29.080681012245407,62.22038111019056,5.524112343848228
4661,29.080681012245407,58.3816625241646,3.9458331935347166
4662,29.080681012245407,54.653410660038666,3.7294170424066366
4663,29.080681012245407,51.03562551781276,5.479953293408575
4664,29.080681012245407,58.76829605081469,4.385234030658825
4665,29.080681012245407,58.76829605081469,4.920733310619578
4666,29.080681012245407,58.76829605081469,5.523661071969839
4667,29.080681012245407,58.76829605081469,6.133484936413544
4668,29.080681012245407,58.76829605081469,7.026059682777163
4669,29.080681012245407,51.03562551781276,10.597659121951233
4670,29.080681012245407,54.653410660038666,9.805768750083987
4671,29.080681012245407,58.3816625241646,11.08807734075696
4672,30.818574605792485,60.92219020172911,11.524760547151343
4673,32.158224435161486,62.52587991718426,11.939689015448646
4674,32.645086598385774,62.78586278586278,12.774767147553245
4675,32.99797589709357,63.04801670146138,13.363924815371734
4676,34.09136994025985,66.08533167237621,12.102847109881948
4677,33.5088207184368,66.3875968992248,12.816106191484112
4678,32.17791682904442,66.64613489374807,13.471666367950224
4679,32.99134483751537,70.20185837872476,12.214091004174987
4680,32.65982933196985,70.8320051004144,12.314786905088662
4681,32.13389371639862,71.4014552356849,11.815033376055753
4682,31.996536355781718,71.87007253232419,12.431173090716996
4683,31.74532309779746,72.81279397930386,11.694814172072014
4684,31.37272628866084,73.68584758942457,11.912442366841418
4685,30.86590366631837,74.4844567559249,11.586058477682924
4686,30.203215847374093,75.20510483135826,11.112634783923912
4687,29.237284642246795,75.80017947950942,10.552077354606268
4688,29.643569212219415,79.73595333128647,7.056250614982938
4689,30.008040170641056,83.79993708713432,5.251257892815623
4690,30.33199388675701,87.97040849147636,3.307019318026243
4691,29.361558018487653,88.50393700787401,3.4411944173253355
4692,28.11710419142753,88.9196675900277,3.5800104269885016
4693,26.188219519882285,89.2224557190033,3.7722105815343765
4694,25.611774278224807,89.33373170002987,3.836648989440712
4695,25.79820817293709,89.25219497426582,3.990062658027631
4696,25.950102649139563,89.194980104071,4.237718936936937
4697,26.067848531363317,89.16332201296696,4.567041852822256
4698,26.151743727703057,89.15812364088227,4.935464049627006
4699,26.20199786439408,89.17991892734643,5.302467277377328
4700,26.21873547454687,89.22884795504214,5.649845799390874
4701,26.20199786439408,89.30464608668538,5.963047877796824
4702,26.151743727703057,89.40664802733768,6.144940409132704
4703,26.067848531363317,89.53380673047236,6.35409378889494
4704,25.950102649139563,89.6847260483624,6.5849300856342765
4705,27.037541046162357,89.65091133765833,6.827855259575202
4706,26.858173338170367,85.78835010673986,9.905269280391176
4707,26.643572826025,79.39321117452688,13.935360149341806
4708,26.393153544231602,77.79746087983466,14.959597577076645
4709,26.106210850184986,89.97972777295105,6.535821495948138
4710,25.781908377819086,92.3164162177488,5.142622054959024
4711,24.660188117786863,92.61597584408455,5.136754411761857
4712,24.271872238394813,92.84374162422942,5.200167666002672
4713,23.84356146398451,93.07551607002874,5.191541672146289
4714,23.373790058531853,91.55431187992878,6.555120242742239
4715,22.860843721288564,93.19812020776651,5.1516563635647215
4716,22.30271010314687,94.66730723036272,4.037973763822771
4717,21.697013644431514,95.96830575623397,2.947780045133198
4718,20.060030791608703,96.62845583277141,1.687773197022195
4719,18.55442762992616,96.90944456451264,1.630059758323068
4720,16.69159118209647,97.09121130272179,1.6307161943922404
4721,15.983838199765549,97.17912552891396,1.6246130656171673
4722,15.220861153276918,97.26615895332942,1.6082196497057177
4723,14.398049343450847,97.35199546056364,1.611898686376551
4724,13.509646626351167,97.43636696575719,1.6173024285665354
4725,12.548292097635144,97.5190501506291,1.6230967925977615
4726,11.504273334142326,97.59986284930568,1.6128010939579038
4727,10.364224497443402,97.67866025534737,1.6053380095064287
4728,9.108630741383644,97.8675645342312,1.5626942907304386
4729,7.706338780331997,98.1088203379321,1.481201806431261
4730,6.099465912936215,98.27663719466507,1.4682366138459158
4731,4.137284609178293,98.37751702158482,1.3768817399593314
4732,1.3810876425130094,98.43137254901961,1.3659060762725965
4733,1.3810876425130094,98.43137254901961,1.3659060762725965
4734,1.3810876425130094,98.43137254901961,1.3659060762725965
4735,1.3810876425130094,98.43137254901961,1.3659060762725965
4736,1.3810876425130094,98.43137254901961,1.3659060762725965
4737,1.3810876425130094,98.43137254901961,1.3659060762725965
4738,1.3810876425130094,98.43137254901961,1.3653528834634299
4739,1.3810876425130094,98.43137254901961,1.3647696381592564
4740,1.3810876425130094,98.43137254901961,1.364161357085968
4741,1.3810876425130094,98.43137254901961,1.3635315899325224
4742,1.3810876425130094,98.43137254901961,1.8630767177242644
4743,1.3810876425130094,98.43137254901961,1.9393966050782578
4744,1.3810876425130094,98.43137254901961,1.9181974371196904
4745,1.3810876425130094,98.43137254901961,2.052607348178732
4746,1.3810876425130094,98.43137254901961,2.175038380567208
4747,1.3810876425130094,98.43137254901961,2.284198599511981
4748,1.3810876425130094,98.43137254901961,2.382332694390204
4749,1.3810876425130094,98.43137254901961,2.473065761841254
4750,1.3810876425130094,98.43137254901961,2.5565017637999907
4751,1.3810876425130094,98.43137254901961,2.6365760185815446
4752,1.3810876425130094,98.43137254901961,2.7107245113170793
4753,1.3810876425130094,98.43137254901961,2.7800540937294635
4754,1.3810876425130094,98.43137254901961,2.84251438469353
4755,1.3810876425130094,98.43137254901961,2.9000665483712504
4756,1.3810876425130094,98.43137254901961,2.9513973396675808
4757,1.3810876425130094,98.43137254901961,3.0010472264050674
4758,1.3810876425130094,98.43137254901961,3.0473246494412485
4759,1.3810876425130094,98.43137254901961,3.0943843763575614
4760,1.3810876425130094,98.43137254901961,3.1497049096320096
4761,1.3810876425130094,98.43137254901961,3.207353516246527
4762,1.3810876425130094,89.81792717086834,9.60834426042754
4763,1.3810876425130094,93.02521008403362,7.3136095761558195
4764,1.3810876425130094,96.28851540616246,4.193851476951415
4765,1.3810876425130094,99.6078431372549,2.119821730098982
4766,-0.0,99.61432506887053,2.1201472201341285
4767,-0.0,99.61432506887053,2.120047839157813
4768,-0.0,99.61432506887053,2.119874870740885
4769,-0.0,99.61432506887053,2.1196305505234183
4770,-0.0,99.61432506887053,2.1193178918018742
4771,-0.0,99.61432506887053,2.1189407012493398
4772,-0.0,99.61432506887053,2.1185021640899455
4773,-0.0,99.61432506887053,2.1180055309249313
4774,-0.0,99.61432506887053,2.1174535391876876
4775,-0.0,99.61432506887053,2.1168500348916623
4776,-0.0,99.61432506887053,2.1161963370511985
4777,-0.0,99.61432506887053,2.1154947083618296
4778,-0.0,99.61432506887053,2.114749541843894
4779,-0.0,99.61432506887053,2.1139657487193113
4780,-0.0,99.61432506887053,2.113145897178262
4781,-0.0,99.61432506887053,2.1122809073035755
4782,-0.0,99.61432506887053,2.1113670097381023
4783,-0.0,99.61432506887053,2.1113670097381023
4784,-0.0,99.61432506887053,2.1113670097381023
4785,-0.0,99.61432506887053,2.1113670097381023
4786,-0.0,99.61432506887053,2.110123652534074
4787,-0.0,99.61432506887053,2.108881672750363
4788,-0.0,99.61432506887053,2.1076411541193374
4789,-0.0,99.61432506887053,2.106402094064011
4790,-0.0,99.61432506887053,2.105164490013449
4791,-0.0,99.61432506887053,2.10392833940276
4792,-0.0,99.61432506887053,2.102693639673068
4793,-0.0,99.61432506887053,2.1014603882715046
4794,-0.0,99.61432506887053,2.1002285826511877
4795,-0.0,99.61432506887053,2.098998220271197
4796,-0.0,99.61432506887053,2.0977692985965706
4797,-0.0,99.61432506887053,2.0965418150982735
4798,-0.0,99.61432506887053,2.095315767253191
4799,-0.0,99.61432506887053,2.0940911525441046
4800,-0.0,99.61432506887053,2.0928679684596814
4801,-0.0,99.61432506887053,2.0916462124944437
4802,-0.0,99.61432506887053,2.09042588214877
4803,-0.0,99.61432506887053,2.0892069749288593
4804,-0.0,99.61432506887053,2.087989488346739
4805,-0.0,99.61432506887053,2.0867734199202195
4806,-0.0,99.61432506887053,2.0855587671728895
4807,-0.0,99.61432506887053,2.084345527634108
4808,-0.0,99.61432506887053,2.0831336988389757
4809,-0.0,99.61432506887053,2.0819232783283255
4810,-0.0,99.61432506887053,2.0807142636486966
4811,-0.0,99.61432506887053,2.079506652352329
4812,-0.0,99.61432506887053,2.0783004419971407
4813,-0.0,99.61432506887053,2.0770956301467116
4814,-0.0,99.61432506887053,2.0758922143702714
4815,-0.0,99.61432506887053,2.074690192242673
4816,-0.0,99.61432506887053,2.073489561344388
4817,-0.0,99.61432506887053,2.072290319261489
4818,-0.0,99.61432506887053,2.071092463585619
4819,-0.0,99.61432506887053,2.0698959919139988
4820,-0.0,99.61432506887053,2.0687009018493874
4821,-0.0,99.61432506887053,2.0675071910000846
4822,-0.0,99.61432506887053,2.0663148569799037
4823,-0.0,99.61432506887053,2.0651238974081614
4824,-0.0,99.61432506887053,2.0639343099096594
4825,-0.0,99.61432506887053,2.062746092114667
4826,-0.0,99.61432506887053,2.0615592416589115
4827,-0.0,99.61432506887053,2.0603737561835507
4828,-0.0,99.61432506887053,2.0591896333351736
4829,-0.0,99.61432506887053,2.058006870765774
4830,-0.0,99.61432506887053,2.0568254661327328
4831,-0.0,99.61432506887053,2.0556454170988094
4832,-0.0,99.61432506887053,2.0544667213321315
4833,-0.0,99.61432506887053,2.053289376506157
4834,-0.0,99.61432506887053,2.052113380299686
4835,-0.0,99.61432506887053,2.0509387303968287
4836,-0.0,99.61432506887053,2.049765424486995
4837,-0.0,99.61432506887053,2.0485934602648803
4838,-0.0,99.61432506887053,2.0474228354304485
4839,-0.0,99.61432506887053,2.0462535476889174
4840,-0.0,99.61432506887053,2.0450855947507427
4841,-0.0,99.61432506887053,2.0439189743316075
4842,-0.0,99.61432506887053,2.0427536841524043
4843,-0.0,99.61432506887053,2.0415897219392165
4844,-0.0,99.61432506887053,2.040427085423311
4845,-0.0,99.61432506887053,2.0392657723411163
4846,-0.0,99.61432506887053,2.038105780434214
4847,-0.0,99.61432506887053,2.036947107449323
4848,-0.0,99.61432506887053,2.0357897511382763
4849,-0.0,99.61432506887053,2.034633709258022
4850,-0.0,99.61432506887053,2.033478979570591
4851,-0.0,99.61432506887053,2.032325559843105
4852,-0.0,99.61432506887053,2.0311734478477326
4853,-0.0,99.61432506887053,2.030022641361705
4854,-0.0,99.61432506887053,2.0288731381672784
4855,-0.0,99.61432506887053,2.0277249360517384
4856,-0.0,99.61432506887053,2.026578032807372
4857,-0.0,99.61432506887053,2.0254324262314527
4858,-0.0,99.61432506887053,2.0242881141262417
4859,-0.0,99.61432506887053,2.0231450942989597
4860,-0.0,99.61432506887053,2.0215416581231582
4861,-0.0,99.61432506887053,2.0159552823778957
4862,-0.0,99.61432506887053,1.921869204853679
4863,-0.0,99.61432506887053,1.8713988276313773
4864,-0.0,99.61432506887053,2.1410733986669817
4865,-0.0,99.61432506887053,2.8244592332111687
4866,-0.0,99.61432506887053,2.829800023580055
4867,-0.0,99.61432506887053,2.837169206193618
4868,-0.0,99.61432506887053,2.8462318198190375
4869,-0.0,99.61432506887053,2.8563201315259006
4870,-0.0,99.61432506887053,2.8686354166041164
4871,-0.0,99.61432506887053,2.882108651015666
4872,-0.0,99.61432506887053,2.895052802281738
4873,-0.0,99.61432506887053,2.9080268411477266
4874,-0.0,99.61432506887053,2.921551394390829
4875,-0.0,99.61432506887053,2.934808650777638
4876,-0.0,99.61432506887053,2.9486279175485817
4877,-0.0,99.61432506887053,2.9622073657737142
4878,-0.0,99.61432506887053,2.976409833013911
4879,-0.0,99.61432506887053,2.987177383626979
4880,1.3810876425130094,99.6078431372549,2.996637255304055
4881,3.3513527906388765,99.5511149724877,3.0145985173469314
4882,4.190046201482249,97.79151943462898,3.009104672784148
4883,4.190046201482249,94.41990577149588,4.865374481996206
4884,4.190046201482249,91.10718492343933,7.479740243213351
4885,4.190046201482249,87.85335689045937,10.829822473141714
4886,4.190046201482249,98.26266195524146,1.1707019953645459
4887,4.190046201482249,98.26266195524146,1.170632178531883
4888,4.190046201482249,98.26266195524146,1.1705463287671132
4889,4.190046201482249,98.26266195524146,1.1704426877393583
4890,4.190046201482249,98.26266195524146,1.170321368516897
4891,4.190046201482249,98.26266195524146,1.1701839975778563
4892,4.190046201482249,98.26266195524146,1.1700299731823582
4893,4.190046201482249,98.26266195524146,1.1698568334000614
4894,4.190046201482249,98.26266195524146,1.169661816330061
4895,4.190046201482249,98.26266195524146,1.1694402970528344
4896,4.190046201482249,98.26266195524146,1.169192926403974
4897,4.190046201482249,98.26266195524146,1.168921538293007
4898,4.190046201482249,98.26266195524146,1.1686298741092684
4899,4.190046201482249,98.26266195524146,1.1683197871502902
4900,4.190046201482249,98.26266195524146,1.1679902701525111
4901,4.190046201482249,98.26266195524146,1.1676344038324096
4902,4.190046201482249,98.26266195524146,1.167239494922267
4903,4.190046201482249,98.26266195524146,1.1667884715571077
4904,4.190046201482249,98.26266195524146,1.1667884715571077
4905,4.190046201482249,98.26266195524146,1.1667884715571077
4906,4.190046201482249,98.26266195524146,1.1667884715571077
4907,4.190046201482249,98.26266195524146,1.1662301995611513
4908,4.190046201482249,98.26266195524146,1.1656724615412772
4909,4.190046201482249,98.26266195524146,1.1651152567317506
4910,4.190046201482249,98.26266195524146,1.1645585843682895
4911,4.190046201482249,98.26266195524146,1.1640024436880807
4912,4.190046201482249,98.26266195524146,1.1634468339297603
4913,4.190046201482249,98.26266195524146,1.1628917543334232
4914,4.190046201482249,98.26266195524146,1.162337204140612
4915,4.190046201482249,98.26266195524146,1.1617831825943132
4916,4.190046201482249,98.26266195524146,1.1612296889389633
4917,4.190046201482249,98.26266195524146,1.8139847159917208
4918,4.190046201482249,98.26266195524146,1.9372580967993414
4919,4.190046201482249,98.26266195524146,1.9288971148643947
4920,4.190046201482249,98.26266195524146,2.0581344958261134
4921,4.190046201482249,98.26266195524146,2.182522399019173
4922,4.190046201482249,98.26266195524146,2.295987877021664
4923,4.190046201482249,98.26266195524146,2.397690566081421
4924,4.190046201482249,98.26266195524146,2.4903374837764485
4925,4.190046201482249,98.26266195524146,2.5748770381514525
4926,4.190046201482249,98.26266195524146,2.6557522359957435
4927,4.190046201482249,98.26266195524146,2.7322068717356935
4928,4.190046201482249,98.26266195524146,2.80418129916768
4929,4.190046201482249,98.26266195524146,2.8692052883791828
4930,4.190046201482249,98.26266195524146,2.9273477334398987
4931,4.190046201482249,98.26266195524146,2.979370605454561
4932,4.190046201482249,98.26266195524146,3.027416348472922
4933,4.190046201482249,98.26266195524146,3.0723258680303633
4934,4.190046201482249,98.26266195524146,3.1196896558218663
4935,4.190046201482249,98.26266195524146,3.176093169737263
4936,4.190046201482249,98.26266195524146,3.235369777178205
4937,4.190046201482249,89.47290930506479,9.801256937521087
4938,4.190046201482249,92.75618374558304,7.457219885938949
4939,4.190046201482249,96.09835100117786,4.214131642654642
4940,4.190046201482249,99.49941107184924,2.022475693182051
4941,2.429609566376967,99.58701224722302,1.9833812703609734
4942,-0.0,99.61432506887053,1.9828878153376344
4943,-0.0,99.61432506887053,1.98288772481956
4944,-0.0,99.61432506887053,1.9828171904107297
4945,-0.0,99.61432506887053,1.9826791638821883
4946,-0.0,99.61432506887053,1.982477299782753
4947,-0.0,99.61432506887053,1.9822146872917408
4948,-0.0,99.61432506887053,1.9818944736944295
4949,-0.0,99.61432506887053,1.981519332291049
4950,-0.0,99.61432506887053,1.9810929213664885
4951,-0.0,99.61432506887053,1.9806166145381223
4952,-0.0,99.61432506887053,1.9800926264686547
4953,-0.0,99.61432506887053,1.9795250847848698
4954,-0.0,99.61432506887053,1.9789185679336996
4955,-0.0,99.61432506887053,1.978275543516436
4956,-0.0,99.61432506887053,1.9775871340957552
4957,-0.0,99.61432506887053,1.9768495455946549
4958,-0.0,99.61432506887053,1.9768495455946549
4959,-0.0,99.61432506887053,1.9768495455946549
4960,-0.0,99.61432506887053,1.9768495455946549
4961,-0.0,99.61432506887053,1.9753346029304795
4962,-0.0,99.61432506887053,1.9698689583437965
4963,-0.0,99.61432506887053,1.9563995247875237
4964,-0.0,99.61432506887053,1.9310546801225263
4965,-0.0,99.61432506887053,1.8979807925705348
4966,-0.0,99.61432506887053,1.8640958214888677
4967,-0.0,99.61432506887053,1.829399636933579
4968,-0.0,99.61432506887053,1.7938857273617912
4969,-0.0,99.61432506887053,1.757560455525466
4970,-0.0,99.61432506887053,1.7204442630752064
4971,-0.0,99.61432506887053,1.6825270454648604
4972,-0.0,99.61432506887053,1.6437831279353112
4973,-0.0,99.61432506887053,1.604213313170458
4974,-0.0,99.61432506887053,1.5638193050931521
4975,-0.0,99.61432506887053,1.5226130985205852
4976,-0.0,99.61432506887053,1.480623263018014
4977,-0.0,99.61432506887053,1.4378920618484827
4978,-0.0,99.61432506887053,1.3944193454833016
4979,-0.0,99.61432506887053,1.3501385532805117
4980,-0.0,99.61432506887053,1.3051973836659554
4981,1.3810876425130094,99.6078431372549,1.2600168761323356
4982,3.3513527906388765,99.5511149724877,1.2445522919167002
4983,4.966448892725745,99.4311377245509,1.2495253119588523
4984,6.377108370420191,99.24172082946457,1.2376484934751624
4985,7.641219078808836,99.10428662827896,1.2594135420889727
4986,8.789939738430267,99.07438016528926,1.235530395587378
4987,9.842790932353244,99.04371584699453,1.2094021088481006
4988,10.813144560727114,99.01234567901234,1.19219721645907
4989,11.710719458230837,98.98033503277495,1.1595335243711995
4990,12.542883317967812,98.94776399849681,1.5604896072895695
4991,13.31539948006603,98.91472868217055,2.3944673934356766
4992,14.03288628059905,98.88134238913304,2.401364201391465
4993,14.699115189525093,98.8477366255144,2.412613038619426
4994,15.317212742828824,98.81406183820415,2.457116904006725
4995,15.88980213128614,98.78048780487805,2.707248930602421
4996,16.419105358440014,98.74720357941834,3.270910750184711
4997,16.907018732448726,98.71441689623508,4.153157048315482
4998,17.355169787234992,98.68235294117648,5.248300809171869
4999,17.76496093694858,98.65125240847784,6.517965206043251
5000,18.13760343734139,98.62136878385031,7.07147542734223
5001,18.474144120643885,98.5929648241206,7.590869651735715
5002,18.775486642443035,98.5663082437276,8.07559423086849
5003,19.04240848821125,98.54166666666667,8.544242697083197
5004,19.27557464873301,98.5193019566367,8.998624771391928
5005,19.475548635493265,98.49946409431939,9.419542132642153
5006,19.64280133612099,98.48238482384824,9.843802173932628
5007,19.777718084851784,98.46827133479212,10.256120221566798
5008,19.88060422953913,98.4573002754821,10.661338909010867
5009,19.88060422953913,94.90358126721763,8.003629845597892
5010,19.88060422953913,91.46005509641873,5.810756262979424
5011,19.88060422953913,88.1267217630854,4.257060132722211
5012,19.88060422953913,96.14325068870524,10.00807914167573
5013,19.88060422953913,96.14325068870524,10.330088520389637
5014,19.92011045093398,94.64088397790056,8.910084893284694
5015,19.975358481377192,91.54187465335552,6.4979804414735245
5016,19.999014608657646,88.33333333333333,3.8902158580810786
5017,19.999014608657646,85.02777777777777,1.6995564216424799
5018,19.999014608657646,82.08333333333333,2.348185660938084
5019,19.999014608657646,79.05555555555556,3.826851905393777
5020,19.999014608657646,84.58333333333333,1.1911021524546188
5021,19.999014608657646,84.58333333333333,1.6461062448093577
5022,19.999014608657646,84.58333333333333,2.0376938807091833
5023,19.999014608657646,84.58333333333333,2.404334575189118
5024,19.999014608657646,84.58333333333333,2.7467078659026036
5025,19.999014608657646,84.58333333333333,3.0882899770570305
5026,19.999014608657646,84.58333333333333,3.423335891817105
5027,19.999014608657646,84.58333333333333,3.757720247745559
5028,19.999014608657646,84.58333333333333,4.086244933982293
5029,19.999014608657646,84.58333333333333,4.411387524160999
5030,19.999014608657646,84.58333333333333,4.732393651765746
5031,19.999014608657646,84.58333333333333,5.0625737506086494
5032,19.999014608657646,84.58333333333333,5.409622151564064
5033,19.999014608657646,84.58333333333333,5.7651148438707365
5034,19.999014608657646,84.58333333333333,6.121438962940074
5035,19.999014608657646,84.58333333333333,6.410308996268443
5036,19.999014608657646,84.58333333333333,6.596918273848099
5037,19.999014608657646,84.58333333333333,6.646951701483153
5038,19.999014608657646,79.05555555555556,9.412406546768388
5039,19.999014608657646,82.08333333333333,7.867589910470385
5040,19.999014608657646,85.02777777777777,5.559066512782943
5041,19.999014608657646,88.33333333333333,3.5833657123315166
5042,19.975358481377192,88.63006100942873,3.461378854323253
5043,19.92011045093398,88.95027624309392,3.404351452712045
5044,19.83314889797155,89.29159802306425,3.495275319180973
5045,19.714280801519912,89.65141612200436,3.441470355133353
5046,19.563239130026,90.02695417789758,3.4919038352549707
5047,19.37967915328416,90.41533546325878,3.610505218538459
5048,19.163173544530956,90.81364829396325,3.7824629819186946
5049,18.913206092012803,91.21900826446281,3.8885938282125863
5050,18.62916377645072,91.62861491628615,4.002284936245963
5051,18.310326889434187,92.03980099502488,4.016418215793358
5052,17.955856759929738,92.45007306380906,4.044948856318726
5053,17.564780510181492,92.85714285714286,4.144745245318732
5054,17.135972060971078,93.25894932589493,4.371101377369837
5055,16.907018732448726,92.86042240587695,4.636810719504455
5056,16.907018732448726,91.73553719008264,4.979690929468371
5057,16.668128323010997,89.52855847688123,5.981776886490909
5058,16.159739104775046,86.24724061810154,8.913579823033261
5059,15.60904867100266,83.46219931271477,11.086812542521702
5060,15.014005991259088,80.48016701461378,12.940463785671023
5061,14.372199338969718,91.20032441200324,5.529957256265927
5062,13.680768712780832,91.8142463597009,5.415425458199846
5063,12.936285959429323,92.40458015267176,5.222445634735782
5064,12.134586344527737,92.97077321494636,5.100367277917538
5065,11.270524356245133,93.63799283154121,4.670675634563596
5066,10.337605827520125,94.34224227698715,4.456576477064939
5067,9.32740666130365,94.89247311827957,4.044005689822651
5068,8.2285966275191,95.33333333333333,3.739438466580342
5069,7.641219078808836,95.52143314139475,3.580029391191706
5070,7.641219078808836,95.52143314139475,3.622802466007222
5071,7.641219078808836,87.44401791426743,10.334342913013156
5072,7.641219078808836,90.81893793985924,7.36070696432136
5073,7.641219078808836,94.1618682021753,4.600869504388101
5074,7.641219078808836,97.69673704414588,0.6560808999507632
5075,6.377108370420191,97.98823893531414,0.49943842236324004
5076,4.966448892725745,98.18862275449102,0.3792019967787571
5077,4.190046201482249,98.26266195524146,0.3355741306486935
5078,4.190046201482249,98.26266195524146,0.3612487534552264
5079,4.190046201482249,98.26266195524146,0.43300152092024824
5080,4.190046201482249,98.26266195524146,0.535814345003298
5081,4.190046201482249,98.26266195524146,0.6585889952810406
5082,4.190046201482249,98.26266195524146,0.7953847950619247
5083,5.563083681888854,98.23247453565008,0.9364938140189905
5084,7.5170417509556895,98.12403100775194,1.083862658980386
5085,9.115547101708671,97.94608472400513,1.1981946788002018
5086,10.50932211043143,97.69179674526735,1.2801998056350048
5087,11.75624404356868,97.4914089347079,1.390553191967953
5088,12.887460449837448,97.40490579452542,1.5429957094598923
5089,13.922480113672421,97.31617647058823,1.6913983656234808
5090,14.874662461984396,97.22538958570885,1.8151401260268072
5091,16.660633509546024,97.123719464145,1.9283167557739953
5092,18.543140410706126,96.94797214256452,3.1883932911940667
5093,20.06882829199308,96.67802385008518,3.561148757240801
5094,21.38836614845038,96.30367419212041,2.716024858929967
5095,22.559574667768583,95.99816007359706,2.7183253149534434
5096,23.613541361247094,95.84328714763497,2.8043345146006406
5097,24.5697112288115,95.68452380952381,2.8677488045036994
5098,25.441375846564913,95.5223880597015,2.9435210555885614
5099,26.23816857777757,95.35752401280683,2.9835253784248685
5100,26.967366045638833,95.19071310116087,3.077123829041339
5101,27.63463441998066,95.0228832951945,3.186514271445299
5102,28.244488206555253,94.85511531638085,3.306339641667603
5103,28.800587759362863,94.68864468864469,3.4384916355529147
5104,29.305940511614875,94.52485840151039,3.620797685127442
5105,29.76304177647601,94.36528497409327,3.8172064842509363
5106,30.17397601687358,94.21157684630738,3.967021180084086
5107,30.54049133328494,94.06548431105048,4.148789601748957
5108,30.86405524619739,93.9288206559665,4.252631913691088
5109,31.145897054868563,93.80341880341881,4.471868034608752
5110,31.387040319109417,93.69108049311095,4.630301457015782
5111,31.588327898243534,93.59351988217968,4.781801461348748
5112,31.750441246386202,84.45190156599553,12.314157823022521
5113,31.873915163663593,88.55421686746988,8.742103433921057
5114,31.959148853644574,92.60803639120546,5.44784051975074
5115,32.00641388516429,96.57534246575342,1.9361373314190256
5116,30.65551965724675,96.87729610580456,1.0470759804187209
5117,28.624760706618115,97.02549575070822,1.0759934823546649
5118,28.59749718638569,97.03180212014134,1.1188981591403606
5119,28.533805102185152,97.0464135021097,1.157280844981923
5120,28.433497821364416,97.06908583391487,1.2231753720464071
5121,28.296278165098972,97.09944751381215,1.3054609345691248
5122,28.12173302033442,97.13701431492842,1.391515936266132
5123,27.909325631054863,97.18120805369128,1.454552334192002
5124,27.658385196479163,97.2313777191826,1.5164536080335564
5125,27.368093246381658,97.28682170542636,1.5673871384954519
5126,27.037466053368917,97.34680985470625,1.6261693981994587
5127,26.665332051567713,97.41060419235512,1.6815583990836833
5128,26.25030281897179,97.47747747747748,1.7555014672675626
5129,25.790735580017458,97.54672897196262,1.8182468166010477
5130,25.284684286374613,97.61769710720363,1.8928415601638675
5131,24.729834951944394,97.6897689768977,1.9545503813869667
5132,24.123418727010023,97.76238678742675,1.9976184570600473
5133,23.46209260178083,97.83505154639175,2.0483250633026673
5134,22.74177149511156,97.90732436472346,2.077149899733705
5135,21.957384521358104,97.97882579403273,2.1229036178772844
5136,21.10250752782448,98.04923362749652,2.152383832679738
5137,20.16878219314465,98.11827956989248,2.170943479188854
5138,19.144940160316075,98.18574514038878,2.2027152291965986
5139,18.015025788111494,98.25145711906744,2.232030877021827
5140,16.754772118680602,98.57601283594063,2.1290441129131135
5141,15.322825116081763,98.80216383307574,2.093195193913473
5142,13.631883869480072,98.93933755117231,2.087862411494138
5143,11.270524356245133,98.99641577060932,2.0935297847887453
5144,10.337605827520125,99.02811523776467,2.103339430762655
5145,9.32740666130365,99.05913978494624,2.112451005818028
5146,8.2285966275191,99.08943089430895,2.1226665654847907
5147,7.025161811125574,99.11894273127753,2.131738664228656
5148,5.692780305338156,99.3455098934551,2.071024551002478
5149,4.190046201482249,99.49941107184924,2.029004613219964
5150,2.429609566376967,99.58701224722302,1.9917822117549158
5151,-0.0,99.61432506887053,1.9907161158397155
5152,-0.0,99.61432506887053,1.99008499213476
5153,-0.0,99.61432506887053,1.9894113995086407
5154,-0.0,99.61432506887053,1.9886984312709484
5155,-0.0,99.61432506887053,1.987949053799792
5156,-0.0,99.61432506887053,1.9871660373931002
5157,-0.0,99.61432506887053,1.9863519384203696
5158,-0.0,99.61432506887053,1.985509159262137
5159,-0.0,99.61432506887053,1.9846402634875544
5160,-0.0,99.61432506887053,1.9837478428248465
5161,-0.0,99.61432506887053,1.9828343395538917
5162,-0.0,99.61432506887053,1.9819047229964881
5163,-0.0,99.61432506887053,1.980962492086839
5164,-0.0,99.61432506887053,1.980009884284155
5165,-0.0,99.61432506887053,1.9790480833970978
5166,-0.0,99.61432506887053,1.9780779197442997
5167,-0.0,99.61432506887053,1.9771003940883454
5168,-0.0,99.61432506887053,1.9761165785899921
5169,-0.0,99.61432506887053,1.9751275016824064
5170,-0.0,99.61432506887053,1.974136145245943
5171,-0.0,99.61432506887053,1.973144430898381
5172,-0.0,99.61432506887053,1.9721533990395719
5173,-0.0,99.61432506887053,1.9711633621926674
5174,-0.0,99.61432506887053,1.9701743188599123
5175,-0.0,99.61432506887053,1.9691862675465446
5176,-0.0,99.61432506887053,1.9681992067608112
5177,-0.0,99.61432506887053,1.9672131350139423
5178,-0.0,99.61432506887053,1.9662280508201504
5179,-0.0,99.61432506887053,1.9652439526966183
5180,-0.0,99.61432506887053,1.9642608391635075
5181,-0.0,99.61432506887053,1.963278708743931
5182,-0.0,99.61432506887053,1.9622975599639538
5183,-0.0,99.61432506887053,1.9613173913525854
5184,-0.0,99.61432506887053,1.9603382014417794
5185,-0.0,99.61432506887053,1.9593599887664133
5186,-0.0,99.61432506887053,1.9583827518642896
5187,-0.0,99.61432506887053,1.957406489276127
5188,-0.0,99.61432506887053,1.9564311995455481
5189,-0.0,99.61432506887053,1.9554568812190867
5190,-0.0,99.61432506887053,1.9544835328461594
5191,-0.0,99.61432506887053,1.9535111529790756
5192,-0.0,99.61432506887053,1.9525397401730242
5193,-0.0,99.61432506887053,1.9515692929860649
5194,-0.0,99.61432506887053,1.9505998099791193
5195,-0.0,99.61432506887053,1.9496312897159749
5196,-0.0,99.61432506887053,1.9486637307632673
5197,-0.0,99.61432506887053,1.9476971316904717
5198,-0.0,99.61432506887053,1.9467314910699052
5199,-0.0,99.61432506887053,1.945766807476715
5200,-0.0,99.61432506887053,1.9448030794888627
5201,-0.0,99.61432506887053,1.94384030568714
5202,-0.0,99.61432506887053,1.9428784846551366
5203,-0.0,99.61432506887053,1.941917614979249
5204,-0.0,99.61432506887053,1.9409576952486651
5205,-0.0,99.61432506887053,1.9399987240553649
5206,-0.0,99.61432506887053,1.9390406999941079
5207,-0.0,99.61432506887053,1.9380836216624253
5208,-0.0,99.61432506887053,1.9371274876606241
5209,-0.0,99.61432506887053,1.9361722965917607
5210,-0.0,99.61432506887053,1.9352180470616558
5211,-0.0,99.61432506887053,1.93426473767887
5212,-0.0,99.61432506887053,1.9333123670547088
5213,-0.0,99.61432506887053,1.932360933803211
5214,-0.0,99.61432506887053,1.9314104365411366
5215,-0.0,99.61432506887053,1.928525836431595
5216,-0.0,99.61432506887053,1.9196224918584985
5217,-0.0,99.61432506887053,1.900696850098604
5218,-0.0,99.61432506887053,1.868064850014064
5219,-0.0,99.61432506887053,1.8346428394552534
5220,-0.0,99.61432506887053,1.8004320968459901
5221,-0.0,99.61432506887053,1.6964421589822976
5222,-0.0,99.61432506887053,1.7311796155327177
5223,-0.0,99.61432506887053,2.198913123762809
5224,-0.0,99.61432506887053,3.091708500415449
5225,-0.0,99.61432506887053,3.0952344508655076
5226,-0.0,99.61432506887053,3.1013952217061513
5227,-0.0,99.61432506887053,3.109287204929087
5228,-0.0,99.61432506887053,3.119049425038135
5229,-0.0,99.61432506887053,3.1288759832787107
5230,-0.0,99.61432506887053,3.138248555145959
5231,-0.0,99.61432506887053,3.152747685696798
5232,-0.0,99.61432506887053,3.1832718209873123
5233,-0.0,99.61432506887053,3.2139308467295304
5234,-0.0,99.61432506887053,3.2513690272886087
5235,2.429609566376967,99.58701224722302,3.2977912265498035
5236,4.190046201482249,99.49941107184924,3.336310756754271
5237,5.692780305338156,99.3455098934551,3.3733836728711863
5238,7.025161811125574,99.11894273127753,3.4104726493837036
5239,8.2285966275191,99.08943089430895,3.7359783491123197
5240,9.32740666130365,99.05913978494624,4.445135594069725
5241,9.842790932353244,97.2165300546448,5.192218559421982
5242,9.842790932353244,93.61338797814207,5.089228646661131
5243,9.842790932353244,90.0785519125683,6.300580901846721
5244,9.842790932353244,86.6120218579235,8.359264846780434
5245,9.842790932353244,97.60928961748634,9.182202757624285
5246,9.842790932353244,97.60928961748634,10.31697268399955
5247,9.842790932353244,97.60928961748634,11.526790627063027
5248,9.842790932353244,97.60928961748634,12.820809797137834
5249,10.337605827520125,97.36202707393267,14.178433986605073
5250,11.270524356245133,96.7921146953405,15.246477885116109
5251,12.134586344527737,96.11542730299666,15.145172566619499
5252,12.936285959429323,95.32442748091603,15.64729739142978
5253,13.680768712780832,95.59228650137742,17.006415339932268
5254,15.363467938638555,95.43695253615807,17.95949029104972
5255,17.231298583026636,95.19169667443339,18.409008824926673
5256,19.338637568242596,94.93057086180295,19.036696176468464
5257,21.186169745565255,94.65228368143218,19.67426602562294
5258,22.676134031482384,94.26523297491039,19.930644733865993
5259,22.676134031482384,90.0836320191159,17.597781836755303
5260,22.676134031482384,85.99761051373955,14.086094336202937
5261,22.676134031482384,82.00716845878136,11.811462211389696
5262,22.992351864198213,79.73300970873787,11.330110613779352
5263,23.587208208221536,78.32832832832833,10.724754401674913
5264,25.163005812224725,77.26446924474436,9.847648245019071
5265,26.96143748702961,76.56461663505824,9.608300007272568
5266,27.969029062344994,75.25280898876404,7.677443525795163
5267,28.44706120599639,73.29479768786128,6.110597996849311
5268,28.88104466348374,71.16983372921615,4.204999215943138
5269,29.272648855658723,68.87941534713764,2.208383486135168
5270,29.62329108760651,69.63840399002494,2.7036285711640815
5271,29.93417430393144,69.171974522293,2.7604418105464155
5272,30.20631640252422,68.76623376623377,2.522198032614172
5273,30.44057315726004,68.42800528401585,2.572036310621314
5274,30.63765620095009,68.16353887399464,2.4915296300417498
5275,30.798147109616572,67.97829036635007,2.273244545761329
5276,30.92250834126653,67.87671232876713,2.131015510596312
5277,31.011091575149372,67.86206896551724,2.1753948956428113
5278,31.064143844169667,67.93628808864266,3.0706507968708032
5279,31.08181173589,68.0998613037448,3.4378211322236627
5280,31.064143844169667,68.35180055401662,3.320141571599591
5281,31.011091575149372,68.6896551724138,3.199297294913575
5282,30.92250834126653,69.10958904109589,3.0865010168162113
5283,30.798147109616572,69.60651289009498,3.1097832180553038
5284,30.63765620095009,70.17426273458445,2.971974798125418
5285,30.44057315726004,70.80581241743725,3.416902907094887
5286,30.20631640252422,71.49350649350649,4.47198374887118
5287,29.93417430393144,72.22929936305732,5.149270282693385
5288,29.78363491284058,71.73022376300031,4.293100219195895
5289,29.78363491284058,70.05988023952096,2.7950669266605876
5290,29.78363491284058,68.51560037819098,2.4533441744900126
5291,29.78363491284058,65.77371572644185,3.8037434565707633
5292,29.78363491284058,68.4525685471163,3.759894313046764
5293,29.78363491284058,69.71320516861014,3.803985373256525
5294,29.78363491284058,71.3835486920895,4.652709641342636
5295,29.93417430393144,71.87898089171975,4.496477676372938
5296,30.20631640252422,71.13636363636364,4.13005356965539
5297,30.44057315726004,70.44253632760898,3.6521182089172446
5298,30.63765620095009,63.33780160857909,5.669384473372645
5299,30.798147109616572,66.58751696065129,4.168108463600519
5300,30.92250834126653,69.86301369863014,3.7169101827875295
5301,31.011091575149372,73.13793103448276,6.140427254937833
5302,31.011091575149372,73.13793103448276,6.171270383545865
5303,31.011091575149372,73.13793103448276,6.120126921493375
5304,31.011091575149372,73.13793103448276,6.013468800862428
5305,31.011091575149372,73.13793103448276,5.882347867678544
5306,32.18002167880078,67.7306208347948,3.341789113922248
5307,33.57596644877754,69.86599058312206,3.301701000945129
5308,34.54959334366138,71.65236851920925,4.471412364659612
5309,35.36383538069734,73.62974319662706,5.841286660883717
5310,36.194678238572365,72.20675944333996,5.546577379232786
5311,36.921286831559904,62.90654590366406,5.565117452954878
5312,37.556562397708156,65.80178647384092,4.598535542562626
5313,38.10971057745569,68.82946076282332,5.786060742897994
5314,38.58753785017443,71.96935556557008,8.279790806990963
5315,38.17715328083846,72.12527964205816,9.703243194483935
5316,37.374714773024685,71.93217313699242,11.05175234890289
5317,36.22607809362439,69.45282205945713,10.674670213264402
5318,34.70915260736817,66.91573266915732,10.491125022266838
5319,33.550057730381965,65.63517915309447,10.95272652564957
5320,34.06450227184914,67.10853355426677,11.72074313489552
5321,34.724084629424446,69.05065985525755,12.921136932450779
5322,35.05478640986871,70.45553145336225,13.655216569807852
5323,35.6578706218356,72.47992863514719,16.405006527193017
5324,36.42639587963856,74.88479262672811,18.584878863023576
5325,36.61857904854101,75.33611497450163,20.383389919320287
5326,36.61857904854101,75.33611497450163,21.612106793056117
5327,36.76542727000455,72.06364061768835,19.87524831790712
5328,37.20288930837559,69.84202967927239,18.034834391383416
5329,37.739340011443545,67.91154791154791,18.220515812902644
5330,38.18295669180107,65.8119658119658,16.889634652700952
5331,38.338214728355084,62.97613001523616,14.989130914832733
5332,38.43084503479457,60.0408788962698,13.689305508248633
5333,38.45394204789755,57.01125895598772,13.539752546984843
5334,38.45394204789755,54.094165813715456,13.342630379227366
5335,38.45394204789755,51.381780962128964,12.235524723145708
5336,38.45394204789755,48.87410440122825,9.038110245759846
5337,38.45394204789755,54.247697031729786,15.683784244158586
5338,38.45394204789755,54.247697031729786,16.17766057259426
5339,38.45394204789755,54.247697031729786,16.753213602864314
5340,38.45394204789755,54.247697031729786,17.470942100149735
5341,38.45394204789755,54.247697031729786,18.271120522639524
5342,38.45394204789755,54.247697031729786,19.147844964722587
5343,38.461635704801566,52.73937532002048,19.288984468911
5344,38.43084503479457,49.71895758814512,16.298929713273143
5345,38.338214728355084,44.134078212290504,9.25611037772974
5346,38.18295669180107,43.6902966314731,10.959139717451382
5347,37.963711691420954,47.84333168071393,12.431531561966668
5348,37.678474246337245,49.488553336580615,17.729210526595963
5349,37.678474246337245,48.80662445202143,16.538766638343542
5350,37.63300991097668,48.32605531295488,16.985769777306437
5351,37.54187359913254,48.050072219547424,17.30176010018737
5352,37.59865297066382,46.962391513982645,14.790161501864914
5353,37.70059340227894,44.66537342386033,13.117140545217286
5354,37.70059340227894,42.289039767216295,15.847253339960913
5355,37.70059340227894,40.106692531522796,14.806573222440699
5356,37.70059340227894,38.11833171677983,14.207511215202167
5357,37.70059340227894,41.8525703200776,15.852676723591525
5358,37.70059340227894,41.8525703200776,15.734157079874429
5359,37.612353457924044,40.298507462686565,14.414457033976227
5360,37.66624186924455,37.9028379028379,10.82799299478178
5361,37.91002406909929,36.15571776155718,10.589167324023379
5362,38.0705931893241,34.42864149092693,13.122538336553927
5363,38.15031198322297,32.54554406696209,11.945824179262994
5364,38.15031198322297,32.840965041851305,9.992865745527466
5365,38.0705931893241,33.54585581167239,8.47828060053648
5366,37.910024069099286,34.01459854014598,6.777315007485768
5367,38.00053182096169,34.79960899315738,4.2284175357584495
5368,38.383561646667076,32.47991967871486,3.810042334437782
5369,38.68472154776332,30.082135523613964,3.10331929939816
5370,38.92841635976943,27.667364016736403,3.3359260332721408
5371,39.116330312280255,25.265392781316347,3.60339777815409
5372,39.24970648244043,27.896995708154506,3.8846296258676256
5373,39.43516807155492,29.83695652173913,8.255291897420891
5374,39.66200130323191,30.29801324503311,10.517690122904948
5375,39.82253531894283,30.636160714285715,13.85205141836993
5376,39.82253531894283,31.138392857142858,17.06735170724083
5377,39.796009184432684,34.03899721448468,18.528527895757566
5378,39.796009184432684,36.43454038997214,24.23900162998066
5379,39.796009184432684,39.05292479108635,25.410589053164493
5380,39.796009184432684,41.8941504178273,25.836798310421155
5381,39.689536951666284,44.659656889872714,27.59685903894934
5382,39.70421732946392,47.97783933518006,25.385477434004038
5383,39.66014831748038,51.29762562120376,19.251119580727906
5384,39.425171487027484,54.159869494290376,16.659252748218524
5385,39.11891216728688,56.906666666666666,16.524329016477264
5386,38.96549636512636,60.200316288877175,16.344223178356124
5387,38.80338544532132,63.56064549713691,14.963135150452317
5388,38.55240245877592,66.63260091977517,13.590444294531755
5389,38.10471117946332,69.10084451068057,12.628446746802132
5390,37.58048027604708,71.35291285507944,11.57151360837528
5391,37.11515542868851,73.76052385406922,10.529691811825696
5392,36.725983983396596,76.32058287795992,7.728399689307742
5393,36.275394489225775,78.64721485411141,6.504237916867231
5394,35.9933011947151,79.10899653979239,6.990646157082925
5395,35.6626517642497,79.62025316455696,6.65566168689747
5396,35.28173729597815,80.17241379310344,6.595101864695367
5397,34.8484604472512,80.75697211155378,6.307989131951281
5398,34.360250817653245,81.36574074074075,6.355912605121719
5399,33.81394764384367,81.9910514541387,6.1383261413015635
5400,33.20563361322594,82.94964028776978,5.797142384427483
5401,32.53039263121319,84.58073458073459,5.052619060391784
5402,31.781943668863555,86.0,4.1942329262216065
5403,30.95206100955823,87.21973094170404,3.550152717950037
5404,30.290697377404392,87.6699629171817,3.4087389973960733
5405,29.563843584590824,88.11792733770102,3.222087756051293
5406,28.765142752116454,88.56077981651376,3.0820768500558042
5407,27.8862991706309,88.996138996139,3.0266044395470373
5408,26.916102854906995,89.4220572640509,3.306537950467365
5409,25.838652670070452,90.16811003565971,3.371461513144773
5410,24.629732633459383,90.77788649706459,3.564863538440489
5411,24.560851921172706,91.12284069097889,4.011910427740981
5412,24.766655639823377,91.16658665386461,4.183965531366623
5413,25.253517803047654,91.42581888246629,4.409023405771313
5414,27.226519736882107,91.03015075376885,4.5241920262928375
5415,28.213452708108804,90.22988505747126,4.609009259258095
5416,29.109433946259543,78.77307274701411,10.244953042412583
5417,30.362346608614622,82.09335219236209,9.02034343618817
5418,31.80205963595685,85.83259390712807,6.9770254745366
5419,33.033634931786146,89.7063369397218,4.307730198708665
5420,33.033634931786146,89.7063369397218,4.5099365967100615
5421,33.26596193039358,89.45736434108527,4.828989850427305
5422,33.31155635481521,89.45082221532734,5.029141766992002
5423,33.17392204374904,89.47042427996284,5.156530218318369
5424,32.84211748133242,89.91674375578168,5.0473892434394365
5425,32.28447543789423,90.260336906585,4.94364695349705
5426,31.899902011965416,90.39341262580055,5.093513815152538
5427,31.899902011965416,90.39341262580055,5.21925053752982
5428,33.31546053713393,94.60580912863071,3.6216129924087093
5429,32.50203252866297,90.42651119975453,5.344897200932735
5430,31.602709224710956,86.85529030356616,8.468658013920034
5431,30.604263936171385,83.36633663366337,11.45580780908016
5432,29.487312105401895,94.95251017639077,1.5322777412926532
5433,28.220822615980715,95.44626593806922,0.8294745704177074
5434,28.220822615980715,95.44626593806922,0.8294745704177074
5435,28.220822615980715,95.44626593806922,0.8294745704177074
5436,28.220822615980715,95.44626593806922,0.8294745704177074
5437,28.220822615980715,95.44626593806922,0.8294745704177074
5438,28.220822615980715,95.44626593806922,0.8294745704177074
5439,28.220822615980715,95.44626593806922,0.8294745704177074
5440,28.220822615980715,95.44626593806922,0.8294745704177074
5441,28.220822615980715,95.44626593806922,0.8294745704177074
5442,28.220822615980715,95.44626593806922,0.8294745704177074
5443,28.220822615980715,95.44626593806922,0.8294745704177074
5444,28.220822615980715,95.44626593806922,0.8294745704177074
5445,28.220822615980715,95.44626593806922,0.8294745704177074
5446,28.220822615980715,95.44626593806922,0.8294745704177074
5447,28.220822615980715,95.44626593806922,0.8294745704177074
5448,28.220822615980715,95.44626593806922,2.129722509207901
5449,28.220822615980715,95.44626593806922,2.3853588054008474
5450,28.220822615980715,95.44626593806922,2.403144186881135
5451,28.220822615980715,95.44626593806922,2.541867914176307
5452,28.220822615980715,95.44626593806922,2.6596381041003245
5453,28.220822615980715,95.44626593806922,2.750695339782089
5454,28.220822615980715,95.44626593806922,2.8143564726146364
5455,28.220822615980715,95.44626593806922,2.8668798861179523
5456,28.220822615980715,95.44626593806922,2.916157404566593
5457,28.220822615980715,95.44626593806922,2.9564957277936674
5458,28.220822615980715,95.44626593806922,2.982654569614863
5459,28.220822615980715,95.44626593806922,3.0211916111394617
5460,28.220822615980715,95.44626593806922,3.2929721243490264
5461,28.220822615980715,95.44626593806922,3.918008973203149
5462,28.220822615980715,95.44626593806922,3.944492188753561
5463,28.220822615980715,95.44626593806922,3.9761482238501116
5464,28.220822615980715,95.44626593806922,4.015259216911208
5465,28.220822615980715,95.44626593806922,4.055589427426132
5466,28.220822615980715,95.44626593806922,4.1127898877410605
5467,28.220822615980715,95.44626593806922,4.211163090156131
5468,28.220822615980715,84.75149622690606,9.999518264477494
5469,28.220822615980715,88.94093156388239,6.663954793569856
5470,28.220822615980715,93.23445225084569,4.141741100465785
5471,28.875434980077518,97.44884400744087,3.89704739462768
5472,28.713377130268242,97.34536766657818,3.947748640005393
5473,28.181264576735412,97.03625297697803,3.957132619430575
5474,26.89196390569735,96.5254014214267,3.706287486841039
5475,25.78886003367822,96.20418848167539,3.760638252896866
5476,25.012491258274327,96.09781477627472,3.8170463989264265
5477,23.51519373332199,95.89783281733746,3.8718332770422057
5478,23.46209260178083,95.64432989690722,3.943220501393393
5479,22.628898638815347,91.54649428145201,5.9470853651602535
5480,21.716374288895103,87.87152444870566,9.092273230168576
5481,20.713272166202266,84.22632794457274,12.498957972350166
5482,19.6036562610631,94.48398576512456,3.6797003824218426
5483,18.36327801929119,94.9678800856531,3.1441165546277294
5484,16.950800681045838,95.34212695795549,2.6762155539238868
5485,15.278939574313608,95.61681872272908,2.2606688489752074
5486,12.936285959429323,95.80152671755725,2.1055632506552215
5487,12.134586344527737,96.57787643359231,1.522041065295706
5488,11.270524356245133,97.24014336917563,0.31846663419286775
5489,10.813144560727114,97.53086419753086,0.27809983531381616
5490,10.813144560727114,97.53086419753086,0.32138382093069007
5491,10.813144560727114,97.53086419753086,0.3986862853659346
5492,10.813144560727114,97.53086419753086,0.9139325320860108
5493,10.813144560727114,97.53086419753086,1.9904045172313123
5494,10.813144560727114,97.53086419753086,3.355655446707588
5495,10.813144560727114,97.53086419753086,4.9309026446407245
5496,10.813144560727114,97.53086419753086,5.122847074651946
5497,10.813144560727114,97.53086419753086,5.40651431673443
5498,10.813144560727114,97.53086419753086,5.807614398587027
5499,12.162531143992608,97.48427672955975,6.334339851145813
5500,14.068537351084824,97.33258720387987,6.714770112915479
5501,15.618197114666131,97.09583736689254,7.043255939072113
5502,16.962198832035302,96.76511954992968,7.376771678423216
5503,18.158383813382805,96.49781113195748,6.743279640046544
5504,19.237861517297162,96.36756756756756,7.043790442016726
5505,20.220100331771413,96.23402824478816,7.35061098850224
5506,21.11841679072546,96.09756097560975,7.679006838088887
5507,21.942470928732725,95.95862400769786,7.955534069327417
5508,22.699567914352176,95.81777445855116,8.79167315712178
5509,23.39540451670075,95.67567567567568,9.343570912299327
5510,24.03452809669291,95.53310289816538,9.799854580740503
5511,25.62184173969187,95.36039768019884,9.966563238837223
5512,25.90552734557703,92.39831697054699,7.973774402443337
5513,25.90552734557703,88.05049088359046,5.546231004181813
5514,25.90552734557703,83.8148667601683,4.08439012192731
5515,25.90552734557703,79.6914446002805,5.309390726857046
5516,25.90552734557703,90.68723702664796,9.326660031913669
5517,26.43566233825275,88.98525585429314,8.921140381724348
5518,26.91820709019604,87.08717643558465,7.799914710707568
5519,27.355282330175662,84.98929990828493,7.01373865150891
5520,27.748675493127724,86.70429601756037,8.71927118015145
5521,28.099896858987883,86.32423756019261,8.860499971567952
5522,28.410222321124614,85.96261069203017,9.231008479359037
5523,28.680726340960753,85.62353727850217,9.54808097982282
5524,28.912307535001112,85.31111866712003,9.9290681012732
5525,29.10570860825152,85.02932045532943,10.59081710090679
5526,29.261531852025076,84.78184991273997,10.826837331095637
5527,30.203693401665515,84.35934144595562,10.86412636649958
5528,31.617085481363592,77.02903946388682,7.445267593705266
5529,32.516534899229626,79.6995377503852,9.452989825756122
5530,32.797075845299375,80.85189527159046,10.294992149402397
5531,32.797075845299375,80.85189527159046,10.63975014348045
5532,32.21666414531941,77.49525616698293,8.53898389498624
5533,31.60157739436035,74.82465854558878,5.129923874272117
5534,31.459314583644204,73.92257121986852,4.3452661203974055
5535,31.630256368165924,73.79209370424597,4.518800152341241
5536,31.57381994001782,73.7381126554499,4.398754967923312
5537,31.283171166494867,73.46938775510205,4.244649757177331
5538,30.716449525523096,72.99058653149892,3.983999173567853
5539,30.599911972190768,72.64081931236284,3.71758095200261
5540,31.151374802942023,71.95488721804512,3.1538165071443442
5541,31.631735097077172,71.31842713955281,2.9869145977411815
5542,32.04561548825532,70.74132492113564,2.6459476362129397
5543,32.39660754205847,70.23330651649236,2.6136404005546003
5544,32.687509036215985,69.80360065466448,2.4347269672112457
5545,32.92048419930699,69.46058091286307,2.3669756231310473
5546,33.097173821159245,69.21140939597315,2.4747121359170134
5547,33.21877109751781,69.06170752324599,2.7829118435281037
5548,33.2860728173269,69.01528013582343,3.5372905647688717
5549,33.29951174059725,69.07391673746814,4.308115059896791
5550,33.25917359106202,69.23728813559322,5.045675662111542
5551,33.164800373243445,69.50294860994103,5.011668707435975
5552,33.0157803405294,69.86644407345575,4.887148883687861
5553,32.81112361936458,70.32151690024732,4.941758229418505
5554,32.549420983904085,70.8603896103896,5.015262673476901
5555,32.2287812647411,71.47410358565737,5.27687955159648
5556,31.846739885705823,72.97191887675507,5.623457385562837
5557,31.40012621104885,74.33358720487433,5.871813650317905
5558,30.884869133475597,75.85311572700297,6.7987869449457365
5559,30.295705306819315,77.2170151405912,7.353898209305936
5560,30.952995783127573,76.88937568455641,7.290649319833866
5561,32.11235211144297,76.13850207000377,7.078548260423903
5562,33.05380921613169,75.26132404181185,6.846265413224281
5563,33.83436581160869,74.25506555423122,6.717753779782744
5564,34.4841931657589,73.44448962993087,6.631031295301194
5565,34.970391874753474,72.4709784411277,6.633350059082471
5566,35.39527267160895,71.0670603121046,7.490232727950628
5567,35.80454440784332,69.69567081011573,8.352313855980524
5568,35.50571350317987,63.385002094679514,12.82369597440398
5569,35.158894060478254,61.78031849734585,15.64187809586761
5570,34.76233993763294,60.063517268757444,17.244677708454887
5571,34.31392010093968,72.12167886022334,9.407872512530137
5572,34.06946902609474,75.5589238347859,7.425143591930184
5573,33.386171181427436,77.01568770521708,6.114676972241985
5574,32.62506450657934,78.28831988775868,6.109998933529683
5575,31.776664442633074,79.65644998315932,6.197449142564517
5576,30.827817143349385,80.8400646203554,6.2787655275807595
5577,30.02133985857275,81.61169881767267,6.479049585788558
5578,29.40151368712323,82.11064341551413,6.682593157871658
5579,28.72168515027232,82.61752756819502,6.764116680818196
5580,27.976831140068647,83.12814773363179,6.815701571992401
5581,27.56218347101235,83.05875892366831,6.916083641202899
5582,27.061383452380237,80.8665231431647,7.15158343450077
5583,26.085542736482004,77.32919254658385,9.467755858554895
5584,25.00257867254347,74.32835820895522,12.99772464909831
5585,23.788269377681406,71.6300191204589,15.351713472649894
5586,22.4013030498719,82.57575757575758,5.7176601118108685
5587,20.754418405168966,83.2010582010582,5.317587703244997
5588,22.07501057453277,86.96826468602296,3.0683384843778256
5589,23.922542751855424,90.64039408866995,4.172933890760329
5590,24.588452899765283,91.15357395612173,5.108979276730511
5591,24.662565464344897,91.19660136889308,5.773740445170795
5592,24.43643892645223,91.2561866603818,6.381328335141916
5593,24.65297513539556,91.3821521073699,7.479277932386743
5594,24.197621829252842,91.33913862085197,8.884402375076943
5595,25.68758611516997,90.80206033848418,10.229139708566274
5596,26.97061871636065,90.13544594939944,11.015237980670943
5597,28.104505329345308,89.53952621772692,11.996643216186506
5598,29.120296069490838,89.11055694098089,12.776662946418186
5599,30.037395910369547,88.67108676852119,13.309265243656068
5600,30.86905351852986,88.22295474977524,13.669752446526086
5601,31.62485618057213,87.76844070961718,14.09563652121303
5602,32.312030956133114,87.3103002906038,14.880062700765782
5603,32.936190603409806,86.85178989628638,15.066890988686243
5604,33.683603946485114,85.99235314563782,14.491695929854965
5605,34.52523856405781,84.5708076783774,13.602445915991654
5606,35.2793822266577,82.92499057670561,12.911573482473742
5607,35.95550760627641,81.04191147669408,12.159905478740441
5608,36.56071722812475,80.6176351076798,12.106864119639202
5609,37.10048821427894,79.93268826251578,11.818483331032335
5610,37.579129299903755,79.26988265971316,11.051660562349806
5611,38.000076299887475,78.63860277653382,10.654468766192327
5612,38.36609096922441,78.04878048780488,10.053887579755203
5613,38.36609096922441,73.12471237919927,6.334838484003809
5614,38.36609096922441,68.38472158306489,5.104651303263078
5615,38.36609096922441,63.82880809940175,7.283968775127993
5616,38.36609096922441,69.02899217671423,5.457715763801846
5617,38.665961723134615,63.07403936269915,8.709522876053736
5618,39.20850878884187,64.93695441319107,7.947315651174257
5619,39.45267410674667,65.99310004928536,7.473440830691728
5620,39.45267410674667,65.99310004928536,7.980072230752336
5621,38.946502669204364,63.42393896041965,10.574966133019977
5622,38.36609096922441,61.711919005982516,13.28009570375757
5623,37.70455312373013,70.84625609215773,7.0972001788647185
5624,36.9526125329641,72.96722009365688,5.604365450117812
5625,36.097304287185935,74.84687627603104,4.72031443743345
5626,33.98265014021755,76.07934655775962,3.484191946139901
5627,32.98968615546099,77.52515840477078,3.234981795935348
5628,32.43854655533998,78.15463165572575,3.8689832483826025
5629,32.43854655533998,78.15463165572575,4.479181990980467
5630,32.43854655533998,78.15463165572575,4.9720951484200535
5631,32.43854655533998,78.15463165572575,5.579584234088152
5632,32.43854655533998,78.15463165572575,6.2422162333826545
5633,32.43854655533998,78.15463165572575,6.952172031987219
5634,32.43854655533998,78.15463165572575,7.6183225812678215
5635,32.43854655533998,78.15463165572575,8.234009744469267
5636,32.43854655533998,78.15463165572575,8.665004564436346
5637,32.43854655533998,78.15463165572575,8.901946436320157
5638,32.43854655533998,71.84536834427425,15.103142733172271
5639,32.43854655533998,75.96644784828592,11.066849759541393
5640,32.43854655533998,80.52516411378556,8.000684713243063
5641,32.43854655533998,85.22975929978118,6.3313845430067754
5642,31.19760666723449,86.11304954640615,6.286407430827533
5643,31.19760666723449,86.11304954640615,6.49499547212275
5644,31.19760666723449,86.11304954640615,6.690284556445687
5645,31.19760666723449,77.49476622470343,11.810830674991484
5646,31.19760666723449,81.85624563852059,9.309697172148997
5647,31.19760666723449,86.3572923935799,6.809490108786072
5648,31.19760666723449,90.99790648988137,3.9198210238096913
5649,30.73202316854374,91.26016260162602,3.986675905151133
5650,30.21461669537977,90.44648719632305,4.366808770560206
5651,29.642436556249447,92.12198221092757,4.033178598593527
5652,29.01187476414294,93.58502148557398,3.953266350112765
5653,28.318465244246983,94.84597156398104,4.344109082572652
5654,27.68640891243536,95.01718213058419,4.587352383433645
5655,27.361537425561664,94.62274774774775,4.479723518397032
5656,26.967366045638833,91.9845218352681,4.349099360190763
5657,26.15110686488851,87.87959509856154,7.016786002905696
5658,25.255125626737772,83.99179066187789,10.109008340476844
5659,24.26819265551108,80.54320987654322,12.44631878098957
5660,23.17438847688051,91.75771971496437,4.560032822764896
5661,21.94947999888028,92.3709456372773,4.418582776529342
5662,20.552144941669404,92.86341677646026,4.382109894886457
5663,18.895112212490382,93.2460953989025,4.191344990195377
5664,16.566985823389654,93.52941176470588,4.2714997565750075
5665,15.753713129173173,93.81382560879811,4.37565678835692
5666,14.874662461984396,94.08969973394147,4.420361755394265
5667,13.922480113672421,94.35661764705883,4.367586350161935
5668,12.887460449837448,94.61429079274795,4.271029490494147
5669,11.75624404356868,94.98281786941581,4.086836803900731
5670,10.50932211043143,95.40019926934573,3.7711620931752727
5671,9.115547101708673,95.73170731707317,3.7062904112437747
5672,7.5170417509556895,95.96899224806202,3.7088723393470153
5673,6.6034869176236,96.05303261200854,3.7543089677804806
5674,6.6034869176236,87.9914660164584,10.413240916356601
5675,6.6034869176236,91.3288631514782,7.435874544496856
5676,6.6034869176236,94.72721731179519,4.519888978342711
5677,6.6034869176236,98.18652849740933,1.3292617754051008
5678,4.851203226275638,98.32056570418385,1.2802740258246785
5679,2.429609566376967,98.39077185986898,1.1660554219025896
5680,2.429609566376967,98.39077185986898,1.1162053475098608
5681,2.429609566376967,98.39077185986898,1.0631396896645282
5682,2.429609566376967,98.39077185986898,1.0069194987725703
5683,2.429609566376967,98.39077185986898,0.947534904311317
5684,2.429609566376967,98.39077185986898,0.8850017445099655
5685,2.429609566376967,98.39077185986898,0.8194313417568184
5686,2.429609566376967,98.39077185986898,0.7510572723319765
5687,2.429609566376967,98.39077185986898,0.6800809948148879
5688,2.429609566376967,98.39077185986898,0.6067246354434442
5689,2.429609566376967,98.39077185986898,0.5312334397673898
5690,2.429609566376967,98.39077185986898,0.4538135022171286
5691,2.429609566376967,98.39077185986898,0.3750970322763186
5692,2.429609566376967,98.39077185986898,2.072490276646439
5693,2.429609566376967,98.39077185986898,2.420466911377484
5694,2.429609566376967,98.39077185986898,2.483210437270216
5695,2.429609566376967,98.39077185986898,2.569967127475804
5696,3.806706096781599,98.3632676709154,2.6429171921911974
5697,5.76888740053952,98.26191189691339,2.67789655746214
5698,7.375760267935303,98.09361438313701,2.719563875550127
5699,8.77805222898695,97.85187560115422,2.7411873294963653
5700,10.033645985046707,97.66246684350132,2.769779002244
5701,11.173694821745631,97.58313335618786,2.7940086923708622
5702,12.217713585238453,97.50177179305457,2.8100995346200235
5703,13.179068113954475,97.41852801171731,2.8249584008608553
5704,14.067470831054155,97.33358547655068,2.838896250797609
5705,14.890282640880221,97.24716907458024,2.8482312762683955
5706,15.653259687368855,97.15954875100725,2.85654651679728
5707,16.361012669699775,97.07104279185708,2.8858270144001246
5708,17.017304943497507,96.98202054794521,3.084873081675315
5709,17.62525441232514,96.89290436315558,3.6045205147796926
5710,18.187475071381094,96.80417044424297,4.466411929656567
5711,18.7061791153968,96.71634839310666,5.347371202469919
5712,19.18325237471348,86.80688336520076,8.386276843534251
5713,19.620311174171277,90.61734443900049,6.27799647952926
5714,21.115022690846253,94.48380566801619,6.457751146891661
5715,22.90182091985954,98.41855561412757,9.050492803825248
5716,22.099382412045763,98.26315789473684,9.938600460182357
5717,23.330957707875054,97.89272030651341,10.93134075810533
5718,24.412121590679234,97.61092150170649,12.018559183725243
5719,25.37386029698349,97.51919669226226,13.311874784727392
5720,27.566413842883627,97.37816162862431,14.806348510065007
5721,29.084560771428887,97.10238248551191,16.409530207044728
5722,30.33952985850288,96.67562122229684,18.178168497865396
5723,31.418411896799093,96.08117564730581,18.881912395556753
5724,32.362334364366745,95.92134013109978,20.741660838483472
5725,33.19531943812434,95.76078728236185,22.57566277506279
5726,33.933057720326424,95.60094265514533,24.472669087590003
5727,34.382259954614476,94.02985074626865,24.75458788272976
5728,34.57566657855114,90.86439983613273,24.486456188310548
5729,34.727568209077546,87.47407714641227,23.640166924867483
5730,34.83852812819188,83.88447048974466,23.32544461624511
5731,35.52912107427067,82.73474686282994,23.81929148138399
5732,36.12696683556441,81.07987505577867,24.366653884672488
5733,36.64115537917844,79.21064708581919,24.114509868965314
5734,37.078362702221284,78.25882352941177,24.54925807632737
5735,37.443588543610915,77.77777777777777,24.972380542392692
5736,37.74060488249622,77.3640372366487,24.899349403260292
5737,38.16578982753924,75.38847117794487,23.285112446124053
5738,38.50962305146662,73.22432294328053,22.011049305338755
5739,38.65250822775262,70.32457496136013,20.005717031502737
5740,38.65250822775262,66.97578567748583,18.3533750114704
5741,38.59722925629996,63.53846153846154,16.606286642997244
5742,38.449275180916494,59.878419452887535,14.80166514200609
5743,38.25075155707378,56.729810568295115,14.2436878341808
5744,38.3410491265921,54.55911823647295,14.201156641110632
5745,38.35905695004647,53.25977933801404,14.254254114917345
5746,38.30498196724891,51.25,12.9147510253097
5747,38.067585780588,48.72047244094488,9.665362967469344
5748,37.65370538940985,45.78947368421053,7.197565566487107
5749,37.173345095274705,43.042671614100186,10.256875224774639
5750,36.62188226452345,40.493273542600896,12.08461873733803
5751,35.99330119471511,50.08650519031142,17.673341697895403
5752,35.27961686334225,51.29059117402165,19.90540508248794
5753,34.46990304198569,53.08,23.53132174427603
5754,33.71960875148749,53.80730380730381,24.860882070649623
5755,33.19420235204943,52.88239815526518,25.08061685782112
5756,33.45459005866699,52.619502868068835,26.158223782429573
5757,35.10613518351189,51.221465758910696,25.39542861738464
5758,36.394694695386036,49.68579807289485,22.535196486043667
5759,38.15517197675517,48.135146994295745,19.36769494457706
5760,39.757331152992364,46.571560055223195,15.442733780423955
5761,40.99473723583818,44.86746987951807,15.492099080323412
5762,41.71089364851817,42.65734265734266,16.072594684963065
5763,42.35809947942464,40.361757105943155,12.358600364119356
5764,43.20380352858419,38.34141087775983,10.772261396680117
5765,43.92189211809692,36.20593172915501,9.746395628667097
5766,44.775151090865975,34.65346534653465,8.467738423317858
5767,45.619776374426365,32.62583383869011,9.484039093133953
5768,46.3200403968668,30.52234109502832,9.578274520460266
5769,46.89916046284246,28.366948601171114,12.077659014019323
5770,47.37191162800926,26.188881446751505,9.150103484499077
5771,47.748226588557685,24.021962937542895,6.719162440468124
5772,48.034942639100294,25.75227431770469,5.132539578020069
5773,48.23673903229981,27.608232789212206,2.092175611582424
5774,48.3566681948901,29.133858267716537,1.1414177320388943
5775,48.48345040249445,28.705712219812003,1.9062277190863568
5776,48.53752538529202,27.66884531590414,4.07484275340363
5777,48.519517561837645,30.456852791878173,8.821635427202615
5778,48.42921999231932,33.333333333333336,13.464643995446032
5779,48.26557982359418,35.82089552238806,16.61317194099316
5780,48.08106281618187,38.02521008403362,18.44164320889704
5781,47.88073900756625,39.60055096418733,19.25021510538218
5782,47.610489132085306,41.44204851752021,19.217569666195836
5783,47.267354187812145,43.503937007874015,20.754404193581475
5784,46.84726196710937,46.56488549618321,23.681921556356162
5785,46.34467876510282,49.44717444717445,19.220613363404674
5786,45.75204407775919,52.12765957446808,16.203711903072698
5787,45.05880754945959,54.59183673469388,14.671512663787833
5788,44.73777006189593,57.39514348785872,13.120425651827158
5789,44.35786073176149,60.33190578158458,13.055956005563255
5790,43.91618700263468,63.04347826086956,11.888856639880201
5791,43.42162960862472,64.70294558162756,11.46291985062584
5792,42.8716680172196,66.21816434406536,11.065465889972621
5793,42.24901865325531,68.06645131518228,10.187625533775858
5794,41.54668924677902,70.05749668288368,10.387702637371108
5795,40.75530739137574,71.81548878544224,9.60551381675712
5796,40.15077446622876,72.3114956736712,9.296385239226357
5797,39.7458731830222,71.60342717258261,10.806860657659143
5798,39.24111882786359,71.10036275695285,11.838864406452242
5799,38.55839342713727,70.02778880508139,13.637625003751731
5800,38.970090537948884,74.96932515337423,9.91927829144043
5801,39.33254963522427,79.02480033627575,6.221231936047104
5802,39.33254963522427,81.16855821773855,5.908692733194678
5803,39.33254963522427,83.48045397225725,5.804234792196718
5804,38.997863319829094,85.13738551207327,5.619703571417554
5805,38.19735483439613,85.90057049714751,6.038081758174462
5806,38.19735483439613,85.94132029339853,6.510972930423138
5807,38.19735483439613,85.94132029339853,7.008879179134449
5808,38.997863319829094,85.17901748542882,7.8281271646575545
5809,39.629399882592054,84.26632739609839,8.83860094392436
5810,40.121145917014616,83.93626184323858,9.332410830169891
5811,40.490334228290926,81.64777680906712,10.951890159798845
5812,40.74766268395426,83.46525945470536,10.44207932290326
5813,40.89968743500044,85.19009725906278,9.64207567043221
5814,40.94998308272829,86.80248007085916,8.681852011452081
5815,40.59985107150807,87.85745710514738,8.253319789460225
5816,39.66283723476868,87.87353832828065,8.478539671815387
5817,39.31055040047001,88.8984140591513,7.434724444679289
5818,38.8224426805548,89.76744186046511,6.87361320233835
5819,38.17710711852646,90.47817047817048,6.402645750612938
5820,37.22735057664724,90.95723014256619,6.265141569717811
5821,35.89869030729501,91.28531635495423,6.163138007285908
5822,36.18386403894392,95.93330622204148,2.114211275618737
5823,34.34195272499157,96.08231104075979,2.0472540425439676
5824,33.384238600263295,96.52643766885373,1.8622169345300974
5825,32.151862024290025,96.80811115283515,0.9415633644633159
5826,30.234472278634918,96.9376594969012,0.9653219826055941
5827,29.17255206898472,96.96750902527076,1.007749303690697
5828,29.28530633734701,96.94100509832484,1.0538123538347082
5829,29.36028162038926,96.92307692307692,1.0989683514711344
5830,29.397711425243767,96.91403379867744,1.1439132398378171
5831,29.397711425243767,96.91403379867744,1.189391196343013
5832,29.36028162038926,96.92307692307692,1.2353431491760662
5833,29.28530633734701,96.94100509832484,1.3084235372966113
5834,29.17255206898472,96.96750902527076,1.3952740988322445
5835,29.02166305150062,97.00214132762312,1.4844879122290795
5836,28.832154366168112,97.04433497536945,1.5540528300087273
5837,28.603402222139103,97.09342560553634,1.6305171347048855
5838,28.334630913258952,97.14867617107943,1.6956201492938259
5839,28.024895726820358,97.20930232558139,1.7412134683267229
5840,27.67306078820664,97.2744970798183,1.7840024580774876
5841,27.277770410362933,97.34345351043643,1.8345077747562992
5842,26.83741191415581,97.41538461538461,1.8939764583207046
5843,26.350066985358172,97.48953974895397,1.9674308716307132
5844,25.813447250617305,97.56521739130434,2.0248790588697396
5845,25.224807562609634,97.64177428411006,2.0766924749547555
5846,24.580826888986397,97.71863117870723,2.1004145174041406
5847,23.877440564532286,97.79527559055119,2.112141785037471
5848,23.10959670254833,97.87126203750634,2.126125368598713
5849,22.27088886048086,97.94621026894866,2.108276893728789
5850,21.352975252309623,98.01980198019803,2.1150327727444225
5851,20.344602983252727,98.09177646524307,2.0945923899708583
5852,19.229830892082628,98.16192560175055,2.0862082446547725
5853,17.984405600204937,98.50400337126001,1.9225506131586045
5854,16.566985823389654,98.7423935091278,1.8184033882109827
5855,14.89028264088022,98.88715345568137,1.7627334701713295
5856,12.542883317967812,98.94776399849681,1.7294241602755465
5857,11.710719458230837,98.98033503277495,1.678500871864389
5858,10.813144560727114,99.01234567901234,1.6203494955914988
5859,9.842790932353244,99.04371584699453,1.5488554049489165
5860,8.789939738430267,99.07438016528926,1.4807175891764712
5861,7.641219078808836,99.10428662827896,1.392644788079042
5862,6.377108370420191,99.24172082946457,1.2464344874471212
5863,4.966448892725745,99.4311377245509,1.1371480399980824
5864,5.76888740053952,99.52052741983817,1.0075311153265742
5865,5.563083681888854,99.49071300179749,0.9197506458599456
5866,5.692780305338156,99.3455098934551,0.8498317370218693
5867,7.025161811125574,99.11894273127753,0.8075731546721512
5868,8.2285966275191,99.08943089430895,0.736127338589196
5869,9.32740666130365,99.05913978494624,0.8410436277186982
5870,10.337605827520125,99.02811523776467,1.2511707418265399
5871,11.270524356245133,98.99641577060932,1.911884891179766
5872,12.134586344527737,98.96411394746578,2.7725427793664017
5873,12.936285959429323,98.93129770992367,3.06084922449946
5874,13.680768712780832,98.89807162534436,3.3483335294145937
5875,15.363467938638555,98.85923813403951,3.6443056310744093
5876,17.231298583026636,98.7502647744122,3.978076665981246
5877,18.742002779079492,98.54657564413125,4.432054643281374
5878,20.046236365029756,98.23758297093157,4.995054196842406
5879,21.20180600858255,98.00237812128418,5.823941100198768
5880,22.239784260671904,97.92541368239071,6.396261169749064
5881,23.179600134442282,97.84670597282748,6.944353550990191
5882,24.03452809669291,97.76655144908268,7.5020788267047624
5883,24.814183171240373,97.68531275833563,8.032591629008218
5884,26.460032659332548,97.59105248064239,8.553454830393221
5885,28.228830670955727,97.3913043478261,9.05787488420892
5886,29.63815445178928,97.05421497963022,9.518262524936596
5887,30.83854536236504,96.56301145662847,8.934710737087194
5888,31.702125368703157,95.57371467483827,9.018065555772838
5889,32.267206988012774,93.94366197183099,7.940013638250952
5890,32.74454237688257,91.9753086419753,7.134034905431147
5891,33.17091638810186,89.76083707025411,6.318163463165189
5892,33.54851847334354,87.2985418265541,4.832249615631321
5893,33.879159044816966,90.84119496855345,8.387450444001042
5894,34.16433277646587,90.64257028112449,9.41644920677282
5895,34.40526594267193,90.46644844517185,10.707387551378966
5896,34.746979679296615,89.45165341146924,10.641183669159306
5897,35.1753666282304,87.39784946236558,9.225112641128808
5898,35.544228098684364,85.10356985456148,8.246904758673235
5899,35.8561871507266,82.57541647906349,7.144016148125731
5900,36.11331442882748,84.64007336084364,8.361550530229914
5901,36.317223508285345,84.22522103303862,8.290033911402467
5902,36.46913831255135,83.85882352941177,8.39754384949331
5903,36.56994039661811,83.54670459933618,8.17613166508969
5904,36.620201011248916,83.29366968110423,8.33348304580187
5905,36.620201011248916,83.10328415040458,8.209617615785442
5906,36.94236740171995,82.47472315840155,8.021947555297897
5907,37.52674374258199,81.22227698373582,7.015410484625749
5908,37.99500023613768,79.78883861236802,6.259019795539424
5909,38.358800924567426,78.18088911599386,4.954079170084027
5910,38.62590454988279,77.18572167615106,4.08853815313874
5911,38.80140923746514,76.99530516431925,4.107780298776012
5912,38.88842355682563,76.89889994761656,4.064044426072847
5913,38.591407217940315,73.29224447868516,4.538262519635573
5914,38.226181376550684,69.64375313597591,7.055638415463566
5915,37.78897405350785,66.09672691744015,10.314541021574344
5916,37.27478550989382,71.78757705073494,7.168312937781462
5917,36.67693974860007,72.51032583754015,6.6031211553385765
5918,35.98634680252128,73.28311918475853,6.459150136584315
5919,35.19020845847813,74.09304310712761,6.039583624865998
5920,34.269529126276325,75.2154288059089,5.179092089861995
5921,33.193631919299975,76.48680582906657,5.433332273974419
5922,31.905072407425827,77.57644394110986,5.368508030350942
5923,30.253527282580922,78.4965666787134,5.270097772654021
5924,28.896939798338632,79.0266106442577,5.128238150070624
5925,28.60165906639711,79.32098765432099,5.144019871070974
5926,28.26385332675188,79.65817694369973,5.151405313645929
5927,27.8821912028874,80.0326797385621,5.2248976955467805
5928,27.455082299241745,80.43893129770993,5.287931846389487
5929,26.980628777464677,80.87144622991347,5.640665871439258
5930,26.45656112278541,81.32494004796163,5.980155657855466
5931,25.880151595139846,81.79442508710801,6.139769141263809
5932,25.24809526332822,82.02247191011236,6.390542744840689
5933,24.5563423846657,83.46905537459283,6.685291434985845
5934,23.799854928670435,84.74842767295597,6.91657914365669
5935,22.97223934193142,85.8695652173913,7.157060723114686
5936,22.97223934193142,85.8695652173913,7.287470704807813
5937,23.301447540445338,85.20041109969168,7.3284546764249505
5938,23.617007322097905,82.37597911227154,7.3430779847611385
5939,23.617007322097905,78.22454308093995,8.247642469338436
5940,23.617007322097905,74.177545691906,11.724983655713666
5941,23.617007322097905,63.237597911227155,20.028519398912987
5942,23.617007322097905,76.29242819843343,9.350330651560727
5943,23.617007322097905,80.33942558746736,6.711678521178354
5944,23.617007322097905,84.49086161879896,4.575244260317149
5945,22.97223934193142,84.90899898887766,4.369491857875172
5946,22.27088886048086,86.0635696821516,4.120267444332493
5947,21.508402616610407,87.26370510396976,4.110366480600784
5948,21.10250752782448,87.85415699024617,4.330131557486289
5949,21.89761279660305,91.00961538461539,6.412093343593655
5950,21.716374288895103,90.19654841802493,6.157916151015705
5951,21.407504098400395,89.31297709923665,5.467146695478815
5952,20.95918617138988,89.7867298578199,5.915167500471567
5953,20.350573335243176,90.08458646616542,6.284556825634124
5954,19.543179923405557,90.30232558139535,6.47912888775318
5955,20.204336948198947,90.38640595903166,6.601669734270409
5956,19.04228760220719,89.78034682080924,6.21880427024413
5957,19.555602387971895,88.09693513898789,5.072473559827866
5958,20.027161768186588,86.24725676664228,4.121830776652256
5959,21.484220247134775,85.51129155036793,3.9756578496709167
5960,22.733572079890767,84.85088413829506,3.905458932602956
5961,23.8329655623843,83.84087791495199,3.7649798142715114
5962,24.81341063353377,82.67312624679396,3.867177971464444
5963,25.694269032788714,73.64685004436558,9.767500078189085
5964,26.48874281636825,76.69426556271083,6.478719595984556
5965,27.20636892319153,80.15242934264846,4.230205603420961
5966,27.854319917070274,83.77668308702792,2.0681296123090154
5967,28.07859713920417,83.91261171797419,1.7694473878487202
5968,28.226593445375435,84.09317803660566,1.64234973831085
5969,28.30014824623975,83.38338338338339,1.9272249365183127
5970,28.30014824623975,84.88488488488488,0.9556685874465377
5971,28.226593445375435,86.28951747088186,0.8482862422285863
5972,28.078597139204163,87.55379013571665,1.9694275912052308
5973,28.153952176632504,87.88384512683578,2.277940001169701
5974,28.477516089544952,87.4061433447099,2.0889263957484197
5975,28.75935789821612,86.94289693593315,1.9204199865721376
5976,29.000501162456978,86.49893692416725,1.5323478197315308
5977,29.201788741591095,86.07913669064749,1.4840921944383827
5978,29.363902089733767,85.68827385287692,1.782503478178121
5979,29.487376007011157,85.33088235294117,2.125457643102487
5980,29.572609696992135,85.01110288675055,2.2313191292008265
5981,29.619874728511842,84.73254086181278,2.4731843309106214
5982,29.629320311272096,84.49814126394052,2.7760807096203717
5983,29.600976146448534,84.31008902077151,2.763983342878919
5984,29.53475299008261,84.16974169741698,2.9109134916833836
5985,29.430440956206166,84.07759882869692,3.0241122873953086
5986,29.28770547825159,84.03330919623461,3.140220631573679
5987,29.106080731512083,84.03571428571429,3.259302143736261
5988,28.884960185310366,84.08292340126494,3.4091438320919676
5989,28.6235837873894,84.17241379310344,3.514612777569528
5990,28.3210210659994,84.30114787305874,3.502758850695239
5991,27.97614913963389,84.46569920844327,3.595284786197381
5992,27.58762420816375,84.66237942122187,3.4652045371122098
5993,27.15384449530984,84.88735919899875,3.2357062301652273
5994,26.672901711342018,83.76899696048632,4.281933888157574
5995,26.14251672093612,85.28891509433963,3.190459357943483
5996,25.559952908506943,86.86464877213021,1.8216869156879243
5997,24.92189713736807,88.25966850828729,0.9692950032164566
5998,24.22429206359046,89.48211425520556,1.5415005893358564
5999,23.877440564532286,89.10761154855643,1.4149821040362214
6000,23.877440564532286,88.24146981627297,1.1002258052253002
6001,23.877440564532286,87.48031496062993,1.3209415761496872
6002,23.877440564532286,86.8241469816273,1.7499071133648136
6003,23.877440564532286,87.3753280839895,1.7643903083086587
6004,23.877440564532286,87.3753280839895,1.9073301735219947
6005,23.877440564532286,87.13910761154855,1.9964787334975957
6006,23.877440564532286,87.8477690288714,2.401101194621303
6007,23.877440564532286,88.66141732283465,3.4492191577556452
6008,23.877440564532286,89.10761154855643,4.117068730340401
6009,23.877440564532286,88.50393700787401,3.7313583504780667
6010,23.877440564532286,88.00524934383202,3.43993834345983
6011,23.877440564532286,87.79527559055119,3.511706617510186
6012,23.877440564532286,88.00524934383202,3.990527249135492
6013,23.877440564532286,88.29396325459318,4.69514027584034
6014,23.877440564532286,88.89763779527559,6.126955184967016
6015,23.51519373332199,87.38390092879257,5.503955390042718
6016,23.51519373332199,87.61609907120743,6.850269353053147
6017,23.13688669068234,86.08012170385396,6.075415520842696
6018,23.13688669068234,85.87728194726166,6.3529608127451835
6019,23.501939021791305,85.29791075573897,6.266560816848124
6020,24.186552847739083,84.02240597492664,5.780734018157715
6021,24.814183171240373,82.58473408652522,5.26936089017531
6022,25.38851232373734,80.97810634063121,4.761123920145719
6023,25.91257144083456,82.53735716378553,5.473532118064518
6024,26.38888144844289,82.33343382574616,5.409942150013197
6025,26.819554543592695,82.16165995664292,5.151001582836893
6026,27.20636892319153,82.02604001270244,5.127273531745863
6027,27.55082484267813,81.93045173870654,5.095899807328976
6028,27.854187292566657,81.87852638566213,5.1010592042378775
6029,28.117518847354205,81.8735204599256,5.123975903295562
6030,29.46278089801338,81.66608574416173,5.1026579928437235
6031,31.12208173883903,81.12040742088033,4.761458847250831
6032,33.01529251258298,80.55450056969237,4.620263103917228
6033,33.97706122516338,78.78077373974209,4.201994577593653
6034,34.114283423623746,75.66179375740813,5.317011558086561
6035,34.21196859211326,72.40143369175627,8.12293369996728
6036,34.270448750342965,69.02761104441777,11.35501071636835
6037,34.289920443914006,75.83166332665331,6.30857051952594
6038,34.270448750342965,76.27050820328131,6.410660331015707
6039,34.21196859211326,76.78215850258862,6.672499315277312
6040,34.114283423623746,77.36072698538128,7.0402765887019
6041,33.97706122516338,77.99921844470497,6.898297210535146
6042,33.799827596858485,78.6897880539499,7.131819207158062
6043,33.58195558501867,79.42402425161046,7.339537704183655
6044,33.32265167527299,80.19323671497584,7.307100029056318
6045,33.0209371278168,80.98873137041076,6.874579781446683
6046,32.67562347542252,81.80205746718694,6.6824208893733115
6047,32.28528050125238,82.6252158894646,6.422760912076533
6048,31.848194275326296,83.45082242363209,6.458402883941375
6049,31.362311713448058,84.27222403126018,6.513341610339105
6050,30.825166385531865,85.08356985178177,6.246083416999297
6051,30.23377750365434,85.87984141506557,6.262316622783465
6052,29.584509346702625,86.65684830633285,5.914408383934978
6053,28.872870227117318,87.41119636260301,5.740501594608007
6054,28.093215152569854,88.14023555190359,5.417879943498083
6055,27.238287190319227,88.84199419678185,4.971846374876217
6056,26.29847131654885,89.84513835998985,4.536900983486098
6057,25.260493064459496,90.6959706959707,4.18433195057773
6058,24.104923420906708,91.40643343507865,4.007983475341536
6059,22.800689834956437,91.98826450011285,4.007049982572696
6060,22.800689834956437,91.98826450011285,4.211893521208574
6061,22.800689834956437,91.98826450011285,4.3918107866284135
6062,22.800689834956437,91.98826450011285,4.549869824690819
6063,22.800689834956437,91.98826450011285,4.698690283215153
6064,22.800689834956437,91.98826450011285,4.846533458789684
6065,22.800689834956437,83.02866170164748,11.698538298121553
6066,22.800689834956437,86.97810877905664,8.842258144196302
6067,22.800689834956437,91.01782893252087,5.231037824007288
6068,22.800689834956437,95.14782216204017,2.471047423946023
6069,22.387018045965494,95.075421472937,2.4655684639680064
6070,22.387018045965494,94.65394853593611,2.771370337523221
6071,22.387018045965494,94.47648624667258,3.057800749587176
6072,22.387018045965494,94.47648624667258,3.1842056580833216
6073,22.387018045965494,94.65394853593611,3.1523811646341335
6074,22.387018045965494,95.075421472937,3.1011117284800918
6075,22.07673245475575,95.33185840707965,3.061434569334372
6076,21.213301966462797,95.2967032967033,3.146188571624041
6077,19.638418805648605,95.18308631211858,3.288901079502865
6078,19.638418805648605,95.94594594594595,3.0888240108950415
6079,19.638418805648605,96.79598953792502,3.1100271699760866
6080,20.32608706837512,96.693657219973,3.129150197556837
6081,20.96186252829539,96.5909090909091,3.1206623339174953
6082,21.548844084583493,96.48829431438126,3.1491401370476813
6083,22.089625445809244,96.38643067846607,3.16771301063624
6084,22.586397119804452,96.28600303183426,3.1928856993833543
6085,23.041021717803986,96.18775933609959,3.2393768070963764
6086,23.455090665481503,96.09250398724083,3.29805655957528
6087,24.926244394553272,85.98901098901099,10.772377123008097
6088,26.688888121392843,89.68481375358166,7.442175689767633
6089,28.091894566499764,93.48864994026285,4.314995752574594
6090,29.285796214884783,97.38643434971998,0.34251035878075414
6091,28.81012008950006,97.33250620347394,0.9660855968595536
6092,27.566413842883623,97.37816162862431,2.005443306516683
6093,26.23550995349124,97.42647058823529,3.2923195507120293
6094,27.010244882318553,97.33333333333333,4.418405179015543
6095,27.70757192595435,97.24047306176084,5.598898636783041
6096,28.334630913258952,97.14867617107943,6.721320485706061
6097,28.896939798338632,97.05882352941177,7.896848405307063
6098,29.398852136364486,96.9718817591925,9.28038757825028
6099,29.84385308717743,96.88888888888889,10.859707460149933
6100,30.234758906196667,96.81093394077449,12.56736014869694
6101,30.573855729649136,96.73913043478261,13.24011748166959
6102,30.86299849908798,96.67458432304038,13.83513149921786
6103,31.103682706799486,96.61835748792271,14.454855148628322
6104,31.29709695479217,96.57142857142857,14.193712249512377
6105,31.444161503374552,96.53465346534654,14.838862657925496
6106,31.545556222157423,96.50872817955113,15.484701465698878
6107,31.60174020643309,96.49415692821368,16.101574557358706
6108,31.61296453709166,96.49122807017544,16.689076340010494
6109,31.5792790955327,96.5,17.266699503077948
6110,31.558277965698505,95.00831946755407,16.506112767651356
6111,31.500533903900408,91.5907207953604,13.950288576504683
6112,31.349865658712883,87.78688524590164,10.878423381356395
6113,31.151655166747673,83.9531123686338,8.378151989811949
6114,32.212798039145504,82.52148997134671,7.766939106271346
6115,32.212798039145504,80.18829308227589,6.353206995829736
6116,33.26624725463931,78.98881060920017,5.776151312732224
6117,34.170645130317354,77.14997922725384,4.567397988751362
6118,33.84890056378083,73.68849125660837,2.2701782323830653
6119,33.47276537964233,70.3056768558952,3.929465083622189
6120,33.0398037804876,67.02744491689215,6.584061821324971
6121,32.54697662233245,77.61922643634998,4.774558674988858
6122,31.990476847838316,78.23079723334547,5.137828468421289
6123,31.48481487505843,77.5408670931059,4.807533855316948
6124,31.261708066133707,76.18040873854828,3.682936250838089
6125,31.261708066133707,75.5813953488372,2.7311536185020535
6126,31.261708066133707,75.5813953488372,3.0182672805301496
6127,31.261708066133707,75.5813953488372,3.255410214867975
6128,31.261708066133707,75.86328400281889,4.377691755125585
6129,31.261708066133707,76.53276955602537,5.408208587619895
6130,31.68689301117673,76.1461318051576,5.622422040020406
6131,32.030726235104105,75.81699346405229,5.393543768902781
6132,32.29775438824227,75.55066079295155,6.107516839440028
6133,32.49122174221817,75.35159141376758,7.155041863114933
6134,32.61333783753844,75.22321428571429,8.531918185609332
6135,32.66544068656275,75.16778523489933,9.281706026673929
6136,33.35478446949585,75.0470455400828,9.755656112165244
6137,34.37500474294389,74.74167623421354,10.232438891297118
6138,35.10588563599517,74.35001940240589,10.944721917672389
6139,35.631292035433226,73.87210670851314,11.722594147137533
6140,35.9884211136005,73.62593910636615,13.001729936490843
6141,36.196417967514776,73.73857767183155,14.66629749276784
6142,36.26478361892651,73.93553521687227,15.572355289468831
6143,36.196417967514776,74.21533571712357,16.627438456399688
6144,35.872102218330944,74.13385826771653,17.288244981682976
6145,35.297002083716094,72.92796281951975,17.379260837004146
6146,34.57060616286273,71.54255319148936,17.091050782379938
6147,35.481312775148176,71.76067073170732,17.843367787853076
6148,37.140613615973834,70.68690095846645,17.828091410520095
6149,38.437189600554674,69.43979933110369,17.98132767246873
6150,40.20596225759074,68.18580192813322,18.06578613740179
6151,41.1962458774009,65.98639455782313,16.583983598372967
6152,41.40309491915214,62.667281956622055,14.343948440049909
6153,41.56543313276706,59.19513336452972,12.777713833898213
6154,41.68395078471133,55.60283687943262,10.115770397692497
6155,41.75914059819608,59.92384578772013,13.445512846044997
6156,41.7913103883912,59.427207637231504,12.61205948597756
6157,42.47407390338086,58.56864654333009,12.120132727609109
6158,43.04831838622796,55.96830113917781,10.660392288926928
6159,42.971392038743815,52.18888342351205,6.921380140636222
6160,42.85011973349353,48.46715328467153,3.57292790192729
6161,42.68397313524506,45.275779376498804,6.493625225351261
6162,42.47221113206397,51.81347150259067,5.346005533754452
6163,42.213859032632115,52.4665744582757,5.529497180347168
6164,41.90767964108172,53.26135852451642,6.169045757903167
6165,42.30958982342438,51.12208258527828,3.820102236776216
6166,42.59106907830811,49.03974988834301,4.06934006008163
6167,42.995641682047534,47.94952681388013,6.389843613128469
6168,42.995641682047534,47.58900405588103,6.798190339400311
6169,43.63857728986915,48.329519450800916,4.696561758738429
6170,44.163983689307194,48.95688456189151,4.359665810728735
6171,43.68830756392247,48.73096446700507,4.951386887057689
6172,43.99499997379953,49.139134481154024,5.150854321008856
6173,44.161393609359486,49.36886395511922,5.983346133780914
6174,44.037015760297564,49.62686567164179,6.429227758423503
6175,44.65966512426185,52.62390670553936,8.78788383403577
6176,45.20962671566698,55.85858585858586,10.844922603914451
6177,44.211085422828944,56.56515227159261,11.660866306129627
6178,43.995281040570475,56.61218424962853,11.622268123990356
6179,43.664287449788176,56.82819383259912,11.814738368563448
6180,43.20790149573593,57.83132530120482,12.245285799925576
6181,42.60928236487505,58.77068557919622,12.249907501628355
6182,42.89301376494289,59.353023909985936,12.248034239452112
6183,43.24009896661396,59.46453734147487,12.389902903873818
6184,42.437660458800174,59.29742388758782,12.215225781702966
6185,43.496521043664984,57.48649975454099,12.170459684192585
6186,44.61179901557527,55.61277033985582,9.844169551626843
6187,45.72258923876099,53.67567567567568,8.324940109231996
6188,46.65223956247134,51.52887882219706,6.013428356203774
6189,47.4415071834828,49.171597633136095,5.039990270939943
6190,48.11400134857392,47.10234278668311,8.928484240261863
6191,48.684950201992194,45.58258642765685,10.535355603793889
6192,49.16481414745002,44.23841059602649,11.555787515302093
6193,49.56105022326435,41.40518417462483,11.896518235560537
6194,49.879072303784575,44.61538461538461,14.70267589096584
6195,50.12281275620415,48.00285306704708,13.634326882598467
6196,50.29506601161312,51.519536903039075,10.42505677978593
6197,50.05121451356898,51.78316690442225,10.821604083251291
6198,49.702274638231465,52.30769230769231,11.150365748198718
6199,49.23938025957652,53.06957708049113,11.827638231593625
6200,48.6486362624078,54.03973509933775,12.726367421210636
6201,48.234734451476115,54.9772283669486,12.824257472569812
6202,47.90173481714511,54.621848739495796,13.75657977758013
6203,47.23198795254611,53.99361022364217,15.719632246448064
6204,45.403905365067615,51.808706315144086,18.54115279881481
6205,45.332568703339874,52.041438147471055,19.45097549436289
6206,45.203621272478074,51.597347799879444,21.743053922297126
6207,44.6807682238106,60.645161290322584,15.161095350392515
6208,44.50407860195835,64.18255343731947,13.265345807122204
6209,44.27110343886734,67.53541076487252,11.961583106364701
6210,43.980201944709826,70.66961815163253,11.823010665196392
6211,42.648779410363346,71.90300474433316,11.809324451990582
6212,42.336820358321106,72.49357326478149,12.174873999495569
6213,41.96795888786714,73.16341829085458,12.671948314638712
6214,41.53957193893336,73.46246973365618,13.2289847970665
6215,41.04834822974193,75.9007955077211,11.365589716411181
6216,40.49009126266986,78.07848443843031,9.913445325058419
6217,39.85942542599888,80.0,9.369478435119966
6218,37.7447712790305,80.799340749897,9.433136850922292
6219,37.019543168607164,81.4800158290463,9.840771468725645
6220,36.20597302265719,82.16318785578747,10.009449990066091
6221,35.29096658216242,83.09705561613958,9.861545725214581
6222,34.255261225375435,84.13913043478261,9.694364133201102
6223,33.06793836034363,85.00166278683074,9.356952507978669
6224,31.671334060066528,85.70066730219257,9.471056520603998
6225,30.228996900684262,86.35673047705865,9.334737316224247
6226,28.004845582918357,86.82148040638607,9.17848838555313
6227,26.571057458060483,87.40617180984154,9.134093299806215
6228,26.571057458060483,91.77092021128719,5.4390690300053075
6229,25.7385737154382,94.17845484221981,3.7946443034299673
6230,23.4847887344906,94.453125,3.686732721262579
6231,22.861234852891037,94.62663975782039,3.707763070436797
6232,22.183172072159064,94.7998046875,3.622727234470728
6233,21.446496971695765,94.97167138810198,3.573206143818461
6234,20.646121556553148,95.14142335766424,3.5193926018933364
6235,19.77560568725411,95.30837004405286,3.3484568636059815
6236,18.826576082067252,95.47193877551021,3.0976719369909413
6237,17.78775036400458,95.63166529942576,3.105341512305826
6238,16.643159735027975,95.7871835443038,3.052837635863302
6239,15.368524874210289,96.186117467582,2.7565560071107993
6240,13.922480113672421,96.48897058823529,2.598682627331277
6241,12.217713585238453,96.70446491849752,2.197995835666567
6242,9.842790932353244,96.84084699453553,2.3292055412006922
6243,8.789939738430267,97.32231404958678,2.4102219840052124
6244,7.641219078808836,97.69673704414588,2.506006071273392
6245,6.377108370420191,97.97276385020118,2.595222266507143
6246,4.966448892725745,98.17365269461078,2.6786074531598083
6247,4.966448892725745,98.17365269461078,2.772240832948165
6248,4.966448892725745,98.17365269461078,2.860201987716912
6249,4.966448892725745,98.17365269461078,2.9422306948768933
6250,4.966448892725745,98.17365269461078,3.0167681640689756
6251,4.966448892725745,98.17365269461078,3.083693165394433
6252,4.966448892725745,98.17365269461078,3.143007157062943
6253,4.966448892725745,98.17365269461078,3.196780156936833
6254,4.966448892725745,98.17365269461078,3.2455384992977243
6255,4.966448892725745,98.17365269461078,3.2954431467759933
6256,4.966448892725745,98.17365269461078,3.353449453383515
6257,4.966448892725745,98.17365269461078,3.4144359170918546
6258,4.966448892725745,89.32634730538922,10.216039387250055
6259,4.966448892725745,92.63473053892216,7.538575175552322
6260,4.966448892725745,96.00299401197604,4.492618763284102
6261,4.966448892725745,99.4311377245509,2.213391263682706
6262,3.3513527906388765,99.5511149724877,2.137741761319934
6263,1.3810876425130094,99.6078431372549,2.102963974390311
6264,-0.0,99.61432506887053,2.1027784772502693
6265,-0.0,99.61432506887053,2.098102772546929
6266,-0.0,99.61432506887053,2.085019091647497
6267,-0.0,99.61432506887053,1.962853251306722
6268,-0.0,99.61432506887053,2.017115947222263
6269,-0.0,99.61432506887053,2.270085573313822
6270,-0.0,99.61432506887053,2.7271412096715784
6271,-0.0,99.61432506887053,3.559146470134879
6272,-0.0,99.61432506887053,4.473932817158616
6273,-0.0,99.61432506887053,5.288769095214817
6274,-0.0,99.61432506887053,6.0520243164341565
6275,-0.0,99.61432506887053,6.788037395607848
6276,-0.0,99.61432506887053,7.6373808677475425
6277,-0.0,99.61432506887053,
6278,-0.0,99.61432506887053,
6279,-0.0,99.61432506887053,
6280,-0.0,99.61432506887053,
6281,-0.0,99.61432506887053,
6282,-0.0,99.61432506887053,
6283,-0.0,99.61432506887053,
6284,1.3810876425130094,99.6078431372549,
6285,3.3513527906388765,99.5511149724877,
6286,4.966448892725745,99.4311377245509,
6287,4.966448892725745,96.00299401197604,
6288,4.966448892725745,92.63473053892216,
6289,6.337430640857184,90.89108910891089,
6290,7.375760267935303,89.11965282083075,
6291,7.375760267935303,85.81835089894606,
6292,8.742576608739325,84.0511121628017,
6293,10.683927697316346,83.72283052786403,
6294,12.26959989432518,83.32486879972913,
6295,13.690237050685841,82.86566117151877,
6296,15.041873308739332,80.98641887062188,
