mid,team,date,event_id,onset_s,window_s,label,l10_stage,entropy_slope,det_slope,switch_rate,turnlen_trend,question_density,gap_trend
2024.10.14startup_a,startup_a,20241014,0,210.0,90,1,segue,0.3417321132677419,0.022219484102221975,7.333333333333333,0.8461538461538461,0.08333333333333333,-0.3772727272727273
2024.10.14startup_a,startup_a,20241014,0,2320.0,90,0,ids,-0.05369950605774271,0.013788868348190684,0.0,,1.0,
2024.10.14startup_a,startup_a,20241014,0,5362.0,90,0,conclude,-0.042187305271875156,0.30299593616448717,5.333333333333333,2.0909090909090913,0.5,-0.7833333333333335
2024.10.14startup_a,startup_a,20241014,0,4806.0,90,0,ids,0.20492035408776033,0.011863943720861875,0.0,,0.5,
2024.10.14startup_a,startup_a,20241014,1,271.0,90,1,scorecard,-0.37046947726670626,0.3072340881080801,4.0,7.892857142857141,0.14285714285714285,0.7142857142857143
2024.10.14startup_a,startup_a,20241014,1,785.0,90,0,scorecard,0.5069986584743003,-0.45647674335910243,4.666666666666667,-1.773809523809522,0.5,-1.2142857142857149
2024.10.14startup_a,startup_a,20241014,1,753.0,90,0,scorecard,0.3073663652218111,-0.21698689213027253,0.6666666666666666,,1.0,
2024.10.14startup_a,startup_a,20241014,1,714.0,90,0,scorecard,-0.21349811010221986,0.16025517781180143,1.3333333333333333,,0.3333333333333333,
2024.10.14startup_a,startup_a,20241014,2,318.0,90,1,scorecard,0.24759967192480545,-0.37634068390341624,2.6666666666666665,-15.299999999999994,0.8,
2024.10.14startup_a,startup_a,20241014,2,713.0,90,0,scorecard,-0.21913980841291247,0.15182074842419943,1.3333333333333333,,0.3333333333333333,
2024.10.14startup_a,startup_a,20241014,2,715.0,90,0,scorecard,-0.20778093615024426,0.1686757968877923,1.3333333333333333,,0.3333333333333333,
2024.10.14startup_a,startup_a,20241014,2,742.0,90,0,scorecard,0.13328465058241054,-0.004186529517657093,2.0,6.700000000000003,0.6,
2024.10.14startup_a,startup_a,20241014,3,359.0,90,1,scorecard,0.001374287537545275,-0.25946180918734724,6.666666666666667,-1.6727272727272717,0.45454545454545453,0.1333333333333334
2024.10.14startup_a,startup_a,20241014,3,787.0,90,0,scorecard,0.4730960071647431,-0.46760717880833846,4.666666666666667,-1.773809523809522,0.5,-1.2142857142857149
2024.10.14startup_a,startup_a,20241014,3,744.0,90,0,scorecard,0.16651714440794682,-0.04590841371494253,2.0,6.700000000000003,0.6,
2024.10.14startup_a,startup_a,20241014,3,699.0,90,0,scorecard,-0.18966940836230806,0.09493223978336587,1.3333333333333333,,0.3333333333333333,
2024.10.14startup_a,startup_a,20241014,4,441.0,90,1,scorecard,-0.11185121894278183,0.21268427203154638,2.0,15.9,0.6,
2024.10.14startup_a,startup_a,20241014,4,723.0,90,0,scorecard,-0.1701944628435821,0.21622967395476442,1.3333333333333333,,0.5,
2024.10.14startup_a,startup_a,20241014,4,706.0,90,0,scorecard,-0.24043697037896625,0.09355310122106623,1.3333333333333333,,0.3333333333333333,
2024.10.14startup_a,startup_a,20241014,4,786.0,90,0,scorecard,0.4915775412764449,-0.46124320928646956,4.666666666666667,-1.773809523809522,0.5,-1.2142857142857149
2024.10.14startup_a,startup_a,20241014,5,553.0,90,1,scorecard,0.31521113125356026,-0.16899983388844084,3.3333333333333335,1.8285714285714298,0.5,-0.05000000000000025
2024.10.14startup_a,startup_a,20241014,5,759.0,90,0,scorecard,0.3945656426065852,-0.31747876284636245,1.3333333333333333,,0.6666666666666666,
2024.10.14startup_a,startup_a,20241014,5,798.0,90,0,scorecard,0.18293964886951725,-0.3948017189974532,6.666666666666667,-2.054545454545453,0.36363636363636365,-0.5606060606060607
2024.10.14startup_a,startup_a,20241014,5,779.0,90,0,scorecard,0.5472077245093097,-0.428720210811282,4.0,-3.714285714285714,0.5714285714285714,-1.757142857142858
2024.10.14startup_a,startup_a,20241014,6,609.0,90,1,scorecard,0.26006188415902676,-0.3066719304005889,4.0,0.4642857142857071,0.7142857142857143,0.8571428571428571
2024.10.14startup_a,startup_a,20241014,6,789.0,90,0,scorecard,0.42823412983317793,-0.4678892893503763,4.666666666666667,-1.773809523809522,0.5,-1.2142857142857149
2024.10.14startup_a,startup_a,20241014,6,797.0,90,0,scorecard,0.2091230322828889,-0.4060904737306405,6.666666666666667,-2.054545454545453,0.36363636363636365,-0.5606060606060607
2024.10.14startup_a,startup_a,20241014,6,713.0,90,0,scorecard,-0.21913980841291247,0.15182074842419943,1.3333333333333333,,0.3333333333333333,
2024.10.14startup_a,startup_a,20241014,7,927.0,90,1,rock_review,-0.2700404921161318,0.01933480647817819,2.0,-8.1,0.2,
2024.10.14startup_a,startup_a,20241014,7,828.0,90,0,rock_review,-0.17504800029642875,-0.08222042005346265,8.666666666666666,0.2329670329670323,0.21428571428571427,0.0357142857142857
2024.10.14startup_a,startup_a,20241014,7,810.0,90,0,rock_review,-0.059098776547861824,-0.2127608787058038,8.0,-1.159340659340659,0.23076923076923078,-0.132867132867133
2024.10.14startup_a,startup_a,20241014,7,815.0,90,0,rock_review,-0.12558669861551736,-0.14668075879302991,9.333333333333334,-0.12142857142857075,0.26666666666666666,-0.11538461538461543
2024.10.14startup_a,startup_a,20241014,8,966.0,90,1,rock_review,0.22109655306205991,-0.23713296083833535,2.6666666666666665,-0.485714285714286,0.3333333333333333,-2.8499999999999983
2024.10.14startup_a,startup_a,20241014,8,829.0,90,0,rock_review,-0.17745575817673884,-0.07154315892238915,8.666666666666666,0.2329670329670323,0.21428571428571427,0.0357142857142857
2024.10.14startup_a,startup_a,20241014,8,813.0,90,0,rock_review,-0.10334803619053737,-0.16849193997898362,8.666666666666666,-1.0923076923076926,0.21428571428571427,-0.15109890109890117
2024.10.14startup_a,startup_a,20241014,8,821.0,90,0,rock_review,-0.16021113237674914,-0.12146339580609768,9.333333333333334,-0.12142857142857075,0.26666666666666666,-0.11538461538461543
2024.10.14startup_a,startup_a,20241014,9,1029.0,90,1,headlines,0.15588422594300694,-0.12822021392715593,8.0,1.3736263736263739,0.38461538461538464,0.16608391608391604
2024.10.14startup_a,startup_a,20241014,9,5392.0,90,0,conclude,0.3939391522705445,-0.11820231905661059,4.0,0.3928571428571461,0.625,1.7142857142857135
2024.10.14startup_a,startup_a,20241014,9,1187.0,90,0,todo,0.21438426131259938,-0.18018488741626995,6.0,0.672727272727273,0.3,0.008333333333333129
2024.10.14startup_a,startup_a,20241014,9,2638.0,90,0,ids,-0.1986649265605275,0.08824226081053832,5.333333333333333,2.233333333333333,0.5555555555555556,2.6607142857142847
2024.10.14startup_a,startup_a,20241014,10,1413.0,90,1,ids,0.015047136980306245,-0.18009884649407984,6.666666666666667,4.1347971846156146e-16,0.45454545454545453,-0.4696969696969696
2024.10.14startup_a,startup_a,20241014,10,3481.0,90,0,ids,-0.14180149937001538,0.31184956044268286,6.0,2.0484848484848484,0.6,0.14166666666666683
2024.10.14startup_a,startup_a,20241014,10,3189.0,90,0,ids,0.36005840939687717,-0.0702435996821004,1.3333333333333333,,0.6666666666666666,
2024.10.14startup_a,startup_a,20241014,10,4593.0,90,0,ids,0.06660605125209022,-0.25720744420919417,5.333333333333333,-3.516666666666668,0.4444444444444444,1.2976190476190468
2024.10.14startup_a,startup_a,20241014,11,1744.0,90,1,ids,0.44155363304423767,-0.2414927380222086,6.0,2.787878787878786,0.1,-0.0750000000000001
2024.10.14startup_a,startup_a,20241014,11,4125.0,90,0,ids,-0.027769605926386543,0.003116283118462073,0.6666666666666666,,1.0,
2024.10.14startup_a,startup_a,20241014,11,2637.0,90,0,ids,-0.20394320026714757,0.09880672748110451,5.333333333333333,2.233333333333333,0.5555555555555556,2.6607142857142847
2024.10.14startup_a,startup_a,20241014,11,3206.0,90,0,ids,0.056165536548542394,-0.05773029850434715,1.3333333333333333,,0.6666666666666666,
2024.10.14startup_a,startup_a,20241014,12,1900.0,90,1,ids,0.30993649044702104,-0.027234128983028565,5.333333333333333,-1.5666666666666678,0.3333333333333333,0.8749999999999997
2024.10.14startup_a,startup_a,20241014,12,2594.0,90,0,ids,-0.0971419956873764,0.1803439383032002,7.333333333333333,-0.5104895104895121,0.5,0.7045454545454543
2024.10.14startup_a,startup_a,20241014,12,2603.0,90,0,ids,-0.17361568032643315,0.2623115303139566,7.333333333333333,1.3461538461538465,0.4166666666666667,0.21363636363636349
2024.10.14startup_a,startup_a,20241014,12,3173.0,90,0,ids,0.3824297201467823,-0.1006252853444656,1.3333333333333333,,0.6666666666666666,
2024.10.14startup_a,startup_a,20241014,13,1963.0,90,1,ids,-0.22186605692967148,-0.28092563856901154,8.0,0.4230769230769238,0.23076923076923078,0.08566433566433561
2024.10.14startup_a,startup_a,20241014,13,4118.0,90,0,ids,-0.0704030041530365,0.005762609450656059,1.3333333333333333,,1.0,
2024.10.14startup_a,startup_a,20241014,13,4860.0,90,0,ids,0.3103336677346832,-0.13305947445344218,1.3333333333333333,,0.5,
2024.10.14startup_a,startup_a,20241014,13,3220.0,90,0,ids,0.012486169191913865,-0.11957275120511442,3.3333333333333335,-11.142857142857153,0.6666666666666666,0.7999999999999995
2024.10.14startup_a,startup_a,20241014,14,2052.0,90,1,ids,0.42086378308213007,-0.036100823460164785,5.333333333333333,1.3833333333333304,0.2222222222222222,-0.42261904761904745
2024.10.14startup_a,startup_a,20241014,14,2595.0,90,0,ids,-0.1077749220103009,0.1982139272875589,7.333333333333333,-0.5104895104895121,0.5,0.7045454545454543
2024.10.14startup_a,startup_a,20241014,14,3436.0,90,0,ids,-0.24756591410306036,-0.24221576766364583,7.333333333333333,0.9945054945054949,0.46153846153846156,0.1241258741258739
2024.10.14startup_a,startup_a,20241014,14,3501.0,90,0,ids,-0.04596892301567062,0.2507194071146449,7.333333333333333,1.2237762237762242,0.6666666666666666,-0.18636363636363634
2024.10.14startup_a,startup_a,20241014,15,2126.0,90,1,ids,-0.4193013031147537,0.15589713305115233,0.0,,1.0,
2024.10.14startup_a,startup_a,20241014,15,3078.0,90,0,ids,-0.43140433528762984,0.4436565081004927,4.0,13.357142857142852,0.42857142857142855,-0.1714285714285713
2024.10.14startup_a,startup_a,20241014,15,1536.0,90,0,ids,0.0014637408934411573,0.5356767826598451,6.0,4.7333333333333325,0.7,-0.758333333333334
2024.10.14startup_a,startup_a,20241014,15,3280.0,90,0,ids,0.4957145491228732,-0.017406060866973928,6.0,-0.278787878787877,0.4,-0.033333333333333263
2024.10.14startup_a,startup_a,20241014,16,2203.0,90,1,ids,0.6455781735307945,-0.40215047956541705,4.666666666666667,-3.0595238095238098,0.5,1.160714285714286
2024.10.14startup_a,startup_a,20241014,16,4812.0,90,0,ids,0.3266502151914323,0.0020906886331978425,0.6666666666666666,,0.6666666666666666,
2024.10.14startup_a,startup_a,20241014,16,4720.0,90,0,ids,-0.14615122864604954,0.04133415691431306,3.3333333333333335,16.714285714285715,0.6666666666666666,-1.2500000000000002
2024.10.14startup_a,startup_a,20241014,16,1595.0,90,0,ids,-0.32696933443970616,0.04072716567986581,1.3333333333333333,,1.0,
2024.10.14startup_a,startup_a,20241014,17,2436.0,90,1,ids,-0.026517615384382853,0.1632635556786988,2.0,9.100000000000001,0.4,
2024.10.14startup_a,startup_a,20241014,17,2594.0,90,0,ids,-0.0971419956873764,0.1803439383032002,7.333333333333333,-0.5104895104895121,0.5,0.7045454545454543
2024.10.14startup_a,startup_a,20241014,17,3214.0,90,0,ids,0.018214958438305454,-0.08770546669689484,2.6666666666666665,-16.99999999999999,0.6,
2024.10.14startup_a,startup_a,20241014,17,1634.0,90,0,ids,-0.3490461347788944,-0.02319835222827756,5.333333333333333,-1.0666666666666678,0.3333333333333333,0.2142857142857139
2024.10.14startup_a,startup_a,20241014,18,2487.0,90,1,ids,0.4296793491000448,-0.43106765335094527,5.333333333333333,0.3333333333333327,0.4444444444444444,-0.3630952380952377
2024.10.14startup_a,startup_a,20241014,18,3241.0,90,0,ids,0.203415605223965,-0.2696942694457997,3.3333333333333335,-5.085714285714293,0.6666666666666666,1.0499999999999992
2024.10.14startup_a,startup_a,20241014,18,3338.0,90,0,ids,-0.06664191783759334,-0.18507957255960128,6.0,1.0303030303030323,0.5,-0.4000000000000001
2024.10.14startup_a,startup_a,20241014,18,3362.0,90,0,ids,0.0218962094823019,-0.15874263451887133,8.666666666666666,-0.2637362637362641,0.42857142857142855,0.15659340659340668
2024.10.14startup_a,startup_a,20241014,19,2777.0,90,1,ids,-0.23434643995944215,0.1125141858397566,6.0,1.2848484848484834,0.5,0.3333333333333335
2024.10.14startup_a,startup_a,20241014,19,4168.0,90,0,ids,0.5356219738009336,-0.3171371848167425,2.6666666666666665,-6.699999999999992,0.4,
2024.10.14startup_a,startup_a,20241014,19,3265.0,90,0,ids,0.3664197000676556,-0.11297622122530429,4.666666666666667,1.5000000000000007,0.5,0.3928571428571435
2024.10.14startup_a,startup_a,20241014,19,4689.0,90,0,ids,0.13098594849220982,-0.08888670195336337,1.3333333333333333,,0.6666666666666666,
2024.10.14startup_a,startup_a,20241014,20,2829.0,90,1,ids,0.13342685929779677,0.030232267157342944,6.0,0.7333333333333348,0.4,-0.4750000000000002
2024.10.14startup_a,startup_a,20241014,20,4805.0,90,0,ids,0.18048531679244686,0.013795582232545898,0.0,,0.5,
2024.10.14startup_a,startup_a,20241014,20,3054.0,90,0,ids,-0.45977180736038575,0.42241461047850914,6.666666666666667,3.3363636363636364,0.2727272727272727,-0.045454545454545484
2024.10.14startup_a,startup_a,20241014,20,3202.0,90,0,ids,0.0979556266188647,-0.051868951010903046,1.3333333333333333,,0.6666666666666666,
2024.10.14startup_a,startup_a,20241014,21,2931.0,90,1,ids,-0.2875169466637313,0.5752212951441721,4.0,4.678571428571423,0.42857142857142855,0.17142857142857187
2024.10.14startup_a,startup_a,20241014,21,5036.0,90,0,ids,0.17646293418535017,-0.023935114592567735,6.0,1.1454545454545462,0.5,0.11666666666666661
2024.10.14startup_a,startup_a,20241014,21,4789.0,90,0,ids,-0.24940786055155562,0.04791110194351326,0.6666666666666666,,0.6666666666666666,
2024.10.14startup_a,startup_a,20241014,21,4768.0,90,0,ids,-0.5454615255540274,0.1403916887590399,1.3333333333333333,,0.75,
2024.10.14startup_a,startup_a,20241014,22,3656.0,90,1,ids,0.3455299970922174,-0.11153035647456597,2.6666666666666665,-0.1999999999999971,0.4,
2024.10.14startup_a,startup_a,20241014,22,3546.0,90,0,ids,0.18669727184729412,-0.045646484910113534,4.666666666666667,3.4761904761904763,0.75,0.5357142857142864
2024.10.14startup_a,startup_a,20241014,22,3071.0,90,0,ids,-0.4715182978205829,0.47684652741012823,4.0,13.357142857142852,0.42857142857142855,-0.1714285714285713
2024.10.14startup_a,startup_a,20241014,22,4749.0,90,0,ids,-0.5994932718676661,0.19816575760263896,2.0,,0.75,
2024.10.14startup_a,startup_a,20241014,23,3713.0,90,1,ids,-0.07879210012215944,-0.31288295045466996,6.0,-0.11515151515151655,0.6,-0.25000000000000006
2024.10.14startup_a,startup_a,20241014,23,3906.0,90,0,ids,-0.5203383430271443,0.5929291020754639,4.0,5.3928571428571415,0.375,3.5178571428571423
2024.10.14startup_a,startup_a,20241014,23,4662.0,90,0,ids,-0.06630887107894941,0.19848172031958525,4.0,2.607142857142855,0.5714285714285714,4.8000000000000025
2024.10.14startup_a,startup_a,20241014,23,3337.0,90,0,ids,-0.07243651556069068,-0.17513234866434257,6.0,1.0303030303030323,0.5,-0.4000000000000001
2024.10.14startup_a,startup_a,20241014,24,3808.0,90,1,ids,0.40494432133752156,-0.09380218607997634,2.6666666666666665,3.485714285714288,0.5,-0.5499999999999999
2024.10.14startup_a,startup_a,20241014,24,1557.0,90,0,ids,0.06854864053673998,0.47827970328432534,4.666666666666667,13.166666666666663,0.625,-1.4107142857142854
2024.10.14startup_a,startup_a,20241014,24,3111.0,90,0,ids,-0.49128340724703107,0.27804125028037846,1.3333333333333333,,1.0,
2024.10.14startup_a,startup_a,20241014,24,4670.0,90,0,ids,0.023400782569249552,0.08412974031868013,4.666666666666667,5.75,0.625,2.0535714285714293
2024.10.14startup_a,startup_a,20241014,25,4002.0,90,1,ids,0.7250701497722677,-0.2502537077320075,5.333333333333333,3.249999999999999,0.3333333333333333,-0.7142857142857141
2024.10.14startup_a,startup_a,20241014,25,1606.0,90,0,ids,-0.3730686214255664,0.005679408834976242,2.0,,0.75,
2024.10.14startup_a,startup_a,20241014,25,4782.0,90,0,ids,-0.40251533296887254,0.07982813410864631,1.3333333333333333,,0.75,
2024.10.14startup_a,startup_a,20241014,25,2608.0,90,0,ids,-0.20573772473930976,0.26768529301562793,7.333333333333333,1.3461538461538465,0.4166666666666667,0.21363636363636349
2024.10.14startup_a,startup_a,20241014,26,4275.0,90,1,ids,-0.2887448949356073,0.10249100155450348,1.3333333333333333,,0.75,
2024.10.14startup_a,startup_a,20241014,26,3341.0,90,0,ids,-0.04791644855471649,-0.20915783757347675,6.666666666666667,1.1909090909090916,0.5454545454545454,-0.09696969696969705
2024.10.14startup_a,startup_a,20241014,26,3397.0,90,0,ids,-0.22239117056189195,0.09845055252677762,6.666666666666667,1.2342657342657342,0.5,-0.28181818181818175
2024.10.14startup_a,startup_a,20241014,26,3070.0,90,0,ids,-0.47560562719106403,0.47481968152249854,4.0,13.357142857142852,0.42857142857142855,-0.1714285714285713
2024.10.14startup_a,startup_a,20241014,27,4434.0,90,1,ids,0.0668235907290787,0.24830560601548046,3.3333333333333335,4.199999999999999,0.5,2.4499999999999997
2024.10.14startup_a,startup_a,20241014,27,3216.0,90,0,ids,0.014290135228507039,-0.09767167445758129,3.3333333333333335,-11.142857142857153,0.6666666666666666,0.7999999999999995
2024.10.14startup_a,startup_a,20241014,27,3486.0,90,0,ids,-0.12892337395790296,0.3178575687722436,6.0,1.654545454545456,0.6,-0.22499999999999992
2024.10.14startup_a,startup_a,20241014,27,1606.0,90,0,ids,-0.3730686214255664,0.005679408834976242,2.0,,0.75,
2024.10.14startup_a,startup_a,20241014,28,5147.0,90,1,ids,0.2636239564072529,-0.2348659608078701,8.0,1.681318681318681,0.5384615384615384,-0.03321678321678318
2024.10.14startup_a,startup_a,20241014,28,3273.0,90,0,ids,0.4463276653100062,-0.046468055775994846,5.333333333333333,1.2333333333333325,0.4444444444444444,0.24999999999999978
2024.10.14startup_a,startup_a,20241014,28,2661.0,90,0,ids,-0.012918243932008593,0.04619213854081906,4.666666666666667,3.1071428571428568,0.5,-1.8392857142857137
2024.10.14startup_a,startup_a,20241014,28,3523.0,90,0,ids,0.26612898808389934,-0.07591855276900002,5.333333333333333,1.4166666666666656,0.6666666666666666,-0.047619047619047616
2024.10.14startup_b,startup_b,20241014,0,142.0,90,1,,0.2831923659259584,-0.14696696810849538,1.3333333333333333,,0.0,
2024.10.14startup_b,startup_b,20241014,0,2966.0,90,0,ids,-0.22402583768810638,0.10405829013601559,11.333333333333334,0.35397316821465463,0.2777777777777778,0.14215686274509695
2024.10.14startup_b,startup_b,20241014,0,4216.0,90,0,ids,0.3908221987973717,-0.36649607225326586,8.0,0.43956043956044,0.38461538461538464,0.4160839160839158
2024.10.14startup_b,startup_b,20241014,0,3761.0,90,0,ids,-0.12456136893535281,0.004262981254900536,13.333333333333334,0.46019198193111227,0.36363636363636365,-0.015584415584415656
2024.10.14startup_b,startup_b,20241014,1,217.0,90,1,,0.41018081330370465,-1.0237089909435084,9.333333333333334,-0.08928571428571397,0.4,-0.4483516483516485
2024.10.14startup_b,startup_b,20241014,1,3096.0,90,0,ids,0.023634946681625846,0.11160879681911724,9.333333333333334,1.1720588235294118,0.3125,0.06607142857142856
2024.10.14startup_b,startup_b,20241014,1,2529.0,90,0,ids,0.3520486423831965,-0.2421311212675865,7.333333333333333,0.054945054945056235,0.3076923076923077,0.28846153846153827
2024.10.14startup_b,startup_b,20241014,1,4372.0,90,0,ids,-0.10026282252605488,0.23592692884313726,9.333333333333334,-0.08928571428571433,0.3333333333333333,-0.39120879120879126
2024.10.14startup_b,startup_b,20241014,2,345.0,90,1,segue,0.10108757825928433,-0.15145148695147803,6.0,-1.0999999999999996,0.2727272727272727,0.3454545454545451
2024.10.14startup_b,startup_b,20241014,2,435.0,90,0,segue,-0.3789500119815216,0.11204254657650635,1.3333333333333333,,0.3333333333333333,
2024.10.14startup_b,startup_b,20241014,2,437.0,90,0,segue,-0.3270411563528871,0.07144221056253615,1.3333333333333333,,0.3333333333333333,
2024.10.14startup_b,startup_b,20241014,2,436.0,90,0,segue,-0.3532205235005344,0.09018718751731725,1.3333333333333333,,0.3333333333333333,
2024.10.14startup_b,startup_b,20241014,3,527.0,90,1,segue,0.4446351452432645,-0.16511491237564463,2.6666666666666665,-5.4571428571428635,0.6666666666666666,0.04999999999999869
2024.10.14startup_b,startup_b,20241014,3,437.0,90,0,segue,-0.3270411563528871,0.07144221056253615,1.3333333333333333,,0.3333333333333333,
2024.10.14startup_b,startup_b,20241014,3,436.0,90,0,segue,-0.3532205235005344,0.09018718751731725,1.3333333333333333,,0.3333333333333333,
2024.10.14startup_b,startup_b,20241014,3,435.0,90,0,segue,-0.3789500119815216,0.11204254657650635,1.3333333333333333,,0.3333333333333333,
2024.10.14startup_b,startup_b,20241014,4,568.0,90,1,segue,0.28040941519901735,-0.7676717902957374,8.666666666666666,-1.610714285714284,0.26666666666666666,0.25274725274725296
2024.10.14startup_b,startup_b,20241014,4,435.0,90,0,segue,-0.3789500119815216,0.11204254657650635,1.3333333333333333,,0.3333333333333333,
2024.10.14startup_b,startup_b,20241014,4,437.0,90,0,segue,-0.3270411563528871,0.07144221056253615,1.3333333333333333,,0.3333333333333333,
2024.10.14startup_b,startup_b,20241014,4,436.0,90,0,segue,-0.3532205235005344,0.09018718751731725,1.3333333333333333,,0.3333333333333333,
2024.10.14startup_b,startup_b,20241014,5,585.0,90,1,segue,0.14813317012075225,-0.6409473076492398,12.0,-0.30701754385964847,0.10526315789473684,0.042311661506707905
2024.10.14startup_b,startup_b,20241014,5,437.0,90,0,segue,-0.3270411563528871,0.07144221056253615,1.3333333333333333,,0.3333333333333333,
2024.10.14startup_b,startup_b,20241014,5,435.0,90,0,segue,-0.3789500119815216,0.11204254657650635,1.3333333333333333,,0.3333333333333333,
2024.10.14startup_b,startup_b,20241014,5,436.0,90,0,segue,-0.3532205235005344,0.09018718751731725,1.3333333333333333,,0.3333333333333333,
2024.10.14startup_b,startup_b,20241014,6,645.0,90,1,segue,-0.16347199725116277,0.3761259924621912,11.333333333333334,0.7512899896800825,0.2777777777777778,-0.10171568627450983
2024.10.14startup_b,startup_b,20241014,6,437.0,90,0,segue,-0.3270411563528871,0.07144221056253615,1.3333333333333333,,0.3333333333333333,
2024.10.14startup_b,startup_b,20241014,6,436.0,90,0,segue,-0.3532205235005344,0.09018718751731725,1.3333333333333333,,0.3333333333333333,
2024.10.14startup_b,startup_b,20241014,6,435.0,90,0,segue,-0.3789500119815216,0.11204254657650635,1.3333333333333333,,0.3333333333333333,
2024.10.14startup_b,startup_b,20241014,7,694.0,90,1,segue,-0.04043240147134343,-0.017921014357779978,9.333333333333334,-0.4249999999999996,0.26666666666666666,-0.021978021978022
2024.10.14startup_b,startup_b,20241014,7,437.0,90,0,segue,-0.3270411563528871,0.07144221056253615,1.3333333333333333,,0.3333333333333333,
2024.10.14startup_b,startup_b,20241014,7,435.0,90,0,segue,-0.3789500119815216,0.11204254657650635,1.3333333333333333,,0.3333333333333333,
2024.10.14startup_b,startup_b,20241014,7,436.0,90,0,segue,-0.3532205235005344,0.09018718751731725,1.3333333333333333,,0.3333333333333333,
2024.10.14startup_b,startup_b,20241014,8,739.0,90,1,scorecard,0.14735812066491638,-0.5552411494751204,13.333333333333334,-0.3178994918125352,0.13636363636363635,0.038961038961038974
2024.10.14startup_b,startup_b,20241014,8,5051.0,90,0,ids,0.23963703955481006,-0.22827066520984332,12.666666666666666,0.5624060150375942,0.05,-0.05526315789473691
2024.10.14startup_b,startup_b,20241014,8,5567.0,90,0,conclude,-0.18485489677062092,0.040440522986733084,,,,
2024.10.14startup_b,startup_b,20241014,8,2297.0,90,0,ids,-0.08364175584191767,0.04190202933122968,3.3333333333333335,-3.3142857142857216,0.5,0.4500000000000001
2024.10.14startup_b,startup_b,20241014,9,856.0,90,1,scorecard,0.33750595387796134,-0.2752575874543364,5.333333333333333,-1.2000000000000024,0.4444444444444444,1.2857142857142856
2024.10.14startup_b,startup_b,20241014,9,5435.0,90,0,conclude,0.13812629683183453,-0.04279987537145162,4.666666666666667,3.154761904761906,0.375,0.5357142857142856
2024.10.14startup_b,startup_b,20241014,9,5731.0,90,0,conclude,-0.020297863845060483,0.01554788488563061,,,,
2024.10.14startup_b,startup_b,20241014,9,1436.0,90,0,headlines,0.09572643028811158,-0.21957542138078823,5.333333333333333,0.3166666666666662,0.2222222222222222,0.047619047619047276
2024.10.14startup_b,startup_b,20241014,10,922.0,90,1,rock_review,-0.10935019300362427,0.18982295808435778,6.0,3.6424242424242435,0.3,-0.47500000000000014
2024.10.14startup_b,startup_b,20241014,10,2713.0,90,0,ids,0.26412450901065887,-0.10520896204474552,6.666666666666667,-1.6398601398601376,0.08333333333333333,0.44545454545454555
2024.10.14startup_b,startup_b,20241014,10,5389.0,90,0,conclude,0.18115568776093535,-0.06685709041159303,4.0,-5.51190476190476,0.5,1.8035714285714288
2024.10.14startup_b,startup_b,20241014,10,3679.0,90,0,ids,-0.028696612912545907,0.2394925564685192,12.666666666666666,0.009774436090225762,0.25,0.11929824561403503
2024.10.14startup_b,startup_b,20241014,11,976.0,90,1,rock_review,0.8374421345663048,-1.1125567618783212,8.0,0.543956043956044,0.3076923076923077,-0.18006993006993005
2024.10.14startup_b,startup_b,20241014,11,3800.0,90,0,ids,-0.2973112221492672,0.832749130982611,10.0,1.2573529411764701,0.4117647058823529,0.14264705882352952
2024.10.14startup_b,startup_b,20241014,11,3960.0,90,0,ids,-0.6285209376995405,0.25311341796972914,3.3333333333333335,8.55,0.3333333333333333,-0.5178571428571428
2024.10.14startup_b,startup_b,20241014,11,4144.0,90,0,ids,0.2075109602782834,-0.053949117499489246,3.3333333333333335,4.57142857142857,0.2857142857142857,-0.4142857142857144
2024.10.14startup_b,startup_b,20241014,12,1076.0,90,1,rock_review,-0.3889555160610945,-0.07619624204284063,10.0,1.4691176470588236,0.3125,-0.2803571428571428
2024.10.14startup_b,startup_b,20241014,12,1370.0,90,0,headlines,0.177317201571095,-0.16872488680314707,0.6666666666666666,,0.3333333333333333,
2024.10.14startup_b,startup_b,20241014,12,3272.0,90,0,ids,-0.01789842379748743,0.2700175816467864,4.666666666666667,7.797619047619046,0.25,-0.4107142857142858
2024.10.14startup_b,startup_b,20241014,12,5602.0,90,0,conclude,-0.06636647020739009,0.0031856904577162964,,,,
2024.10.14startup_b,startup_b,20241014,13,1158.0,90,1,rock_review,0.19521526923524263,-0.3720185617840491,10.666666666666666,-0.45833333333333287,0.23529411764705882,0.029411764705882318
2024.10.14startup_b,startup_b,20241014,13,3041.0,90,0,ids,0.12599691295185558,-0.131299583650803,6.0,-3.227272727272725,0.2727272727272727,0.4151515151515151
2024.10.14startup_b,startup_b,20241014,13,5730.0,90,0,conclude,-0.0236537764143524,0.01617577454228613,,,,
2024.10.14startup_b,startup_b,20241014,13,2663.0,90,0,ids,-0.5913801334520432,0.2690885762651469,6.0,2.254545454545455,0.09090909090909091,-0.3636363636363634
2024.10.14startup_b,startup_b,20241014,14,1230.0,90,1,rock_review,-0.355653738412178,0.6564162193044221,13.333333333333334,0.476623376623377,0.047619047619047616,0.005263157894736855
2024.10.14startup_b,startup_b,20241014,14,2428.0,90,0,ids,0.6450654306343894,-0.22443308114956362,6.666666666666667,-0.04545454545454454,0.18181818181818182,0.7393939393939395
2024.10.14startup_b,startup_b,20241014,14,5501.0,90,0,conclude,-0.15597921815486968,0.061532639051215594,7.333333333333333,-2.541958041958039,0.08333333333333333,0.5409090909090908
2024.10.14startup_b,startup_b,20241014,14,2427.0,90,0,ids,0.6518787993434654,-0.22923272153510307,7.333333333333333,-0.6013986013986006,0.16666666666666666,0.668181818181818
2024.10.14startup_b,startup_b,20241014,15,1550.0,90,1,todo,-0.0013224184934893188,-0.13936986406882593,10.666666666666666,-0.7017543859649118,0.3333333333333333,0.28186274509803916
2024.10.14startup_b,startup_b,20241014,15,3121.0,90,0,ids,-0.1110214270966501,0.42228117389538855,6.666666666666667,5.845454545454545,0.45454545454545453,-0.0030303030303024756
2024.10.14startup_b,startup_b,20241014,15,3181.0,90,0,ids,0.08754830721705663,-0.4210913734600604,4.0,-9.46428571428573,0.2857142857142857,3.271428571428574
2024.10.14startup_b,startup_b,20241014,15,5670.0,90,0,conclude,-0.04594500573496941,0.01940139326587206,,,,
2024.10.14startup_b,startup_b,20241014,16,1612.0,90,1,todo,-0.0340031539898851,0.5641650868020537,9.333333333333334,2.147058823529412,0.4375,-0.46964285714285714
2024.10.14startup_b,startup_b,20241014,16,3704.0,90,0,ids,-0.04914288729645366,-0.17610272900341392,11.333333333333334,-0.5428276573787398,0.3888888888888889,0.0379901960784314
2024.10.14startup_b,startup_b,20241014,16,5570.0,90,0,conclude,-0.15005117081984765,0.03517282364054458,,,,
2024.10.14startup_b,startup_b,20241014,16,5476.0,90,0,conclude,0.43867604413971517,-0.12908360506273234,8.666666666666666,-2.9670329670329667,0.07142857142857142,0.36263736263736257
2024.10.14startup_b,startup_b,20241014,17,1668.0,90,1,todo,0.28485384864532615,-0.7970612924798014,8.666666666666666,-1.9428571428571435,0.14285714285714285,0.5714285714285712
2024.10.14startup_b,startup_b,20241014,17,5484.0,90,0,conclude,0.33441142257621104,-0.08132287982428885,7.333333333333333,-2.541958041958039,0.08333333333333333,0.5409090909090908
2024.10.14startup_b,startup_b,20241014,17,5650.0,90,0,conclude,0.05874889716949682,-0.019104628729269643,,,,
2024.10.14startup_b,startup_b,20241014,17,3081.0,90,0,ids,0.10401839790566299,-0.05492744840874445,8.0,0.5670329670329669,0.2857142857142857,0.10164835164835168
2024.10.14startup_b,startup_b,20241014,18,1764.0,90,1,todo,0.030710784059608826,-0.14533021313142583,10.666666666666666,0.35784313725490174,0.29411764705882354,-0.05808823529411762
2024.10.14startup_b,startup_b,20241014,18,2529.0,90,0,ids,0.3520486423831965,-0.2421311212675865,7.333333333333333,0.054945054945056235,0.3076923076923077,0.28846153846153827
2024.10.14startup_b,startup_b,20241014,18,2669.0,90,0,ids,-0.6433331507558708,0.29234747874761857,5.333333333333333,2.7636363636363632,0.1,-0.716666666666667
2024.10.14startup_b,startup_b,20241014,18,4342.0,90,0,ids,-0.29409704685590493,0.23888221908599727,6.666666666666667,0.06363636363636391,0.36363636363636365,0.10606060606060609
2024.10.14startup_b,startup_b,20241014,19,1900.0,90,1,ids,0.27004391089002766,-0.04181170406384049,6.666666666666667,0.5909090909090912,0.18181818181818182,-0.32121212121212117
2024.10.14startup_b,startup_b,20241014,19,2411.0,90,0,ids,0.5421716253574892,-0.10360266303390758,8.666666666666666,0.5054945054945059,0.14285714285714285,0.324175824175824
2024.10.14startup_b,startup_b,20241014,19,4394.0,90,0,ids,0.14028765151582895,-0.0006438444989884418,9.333333333333334,0.40357142857142875,0.3333333333333333,-0.07912087912087916
2024.10.14startup_b,startup_b,20241014,19,4250.0,90,0,ids,0.07430581791200029,-0.14078385830804332,9.333333333333334,-0.4428571428571418,0.3333333333333333,-0.05824175824175822
2024.10.14startup_b,startup_b,20241014,20,1998.0,90,1,ids,0.10197347224293084,-0.27902342525873813,8.0,-1.1098901098901095,0.3076923076923077,0.4020979020979019
2024.10.14startup_b,startup_b,20241014,20,3178.0,90,0,ids,0.06880337099547612,-0.38422698188400534,3.3333333333333335,-12.942857142857155,0.16666666666666666,3.4999999999999987
2024.10.14startup_b,startup_b,20241014,20,2289.0,90,0,ids,-0.11063005656418852,0.11794667097611669,3.3333333333333335,-3.3142857142857216,0.5,0.4500000000000001
2024.10.14startup_b,startup_b,20241014,20,3767.0,90,0,ids,-0.12980160348486233,0.18538121441627572,12.666666666666666,0.09090909090909102,0.38095238095238093,-0.062406015037593965
2024.10.14startup_b,startup_b,20241014,21,2017.0,90,1,ids,0.3418645167767061,-0.3346208972954648,8.0,-0.6978021978021973,0.3076923076923077,-0.07517482517482518
2024.10.14startup_b,startup_b,20241014,21,2658.0,90,0,ids,-0.4984803421530397,0.24422445579627053,4.666666666666667,3.1333333333333337,0.1111111111111111,-0.7559523809523808
2024.10.14startup_b,startup_b,20241014,21,4385.0,90,0,ids,0.008714082620800924,0.22698271638447556,8.666666666666666,-0.5824175824175832,0.35714285714285715,-0.28846153846153855
2024.10.14startup_b,startup_b,20241014,21,4377.0,90,0,ids,-0.06985957472555289,0.2508119230354109,10.0,-0.045588235294117686,0.3125,-0.1892857142857142
2024.10.14startup_b,startup_b,20241014,22,2048.0,90,1,ids,0.280463509539884,-0.15019004491514568,10.666666666666666,0.06491228070175482,0.21052631578947367,-0.07327141382868935
2024.10.14startup_b,startup_b,20241014,22,3055.0,90,0,ids,0.22799429654060316,-0.1499612330819143,8.0,-2.2813186813186825,0.2857142857142857,0.587912087912088
2024.10.14startup_b,startup_b,20241014,22,3029.0,90,0,ids,0.06874027177228656,-0.03464322532076704,6.666666666666667,-1.963636363636362,0.2727272727272727,0.6151515151515144
2024.10.14startup_b,startup_b,20241014,22,3130.0,90,0,ids,-0.12150913278220761,0.31440278000101346,5.333333333333333,8.333333333333336,0.4444444444444444,-0.16666666666666663
2024.10.14startup_b,startup_b,20241014,23,2066.0,90,1,ids,0.132890290347971,-0.24163136259486379,13.333333333333334,0.3090909090909091,0.2857142857142857,-0.005639097744360913
2024.10.14startup_b,startup_b,20241014,23,4192.0,90,0,ids,0.694069956126892,-0.40188238918325414,6.666666666666667,0.3181818181818185,0.36363636363636365,0.303030303030303
2024.10.14startup_b,startup_b,20241014,23,4156.0,90,0,ids,0.42974694295254506,-0.14429460989149562,6.0,-1.4090909090909076,0.36363636363636365,-0.1424242424242425
2024.10.14startup_b,startup_b,20241014,23,3687.0,90,0,ids,-0.000233510084790581,0.1276620031995917,10.666666666666666,-0.002450980392157247,0.29411764705882354,0.10808823529411755
2024.10.14startup_b,startup_b,20241014,24,2092.0,90,1,ids,0.09308627652137756,-0.2723248497808105,12.666666666666666,-0.1072840203274988,0.22727272727272727,-0.012987012987013033
2024.10.14startup_b,startup_b,20241014,24,3034.0,90,0,ids,0.08013367471436353,-0.07890596871457813,6.666666666666667,-1.963636363636362,0.2727272727272727,0.6151515151515144
2024.10.14startup_b,startup_b,20241014,24,3969.0,90,0,ids,-0.550974890198735,0.17889288591210506,2.6666666666666665,12.392857142857139,0.42857142857142855,-0.7428571428571431
2024.10.14startup_b,startup_b,20241014,24,3940.0,90,0,ids,-0.6162130539320712,0.4976010060147414,4.0,6.896969696969697,0.2,-0.2833333333333334
2024.10.14startup_b,startup_b,20241014,25,2819.0,90,1,ids,0.07524744326195189,-0.43851675013634833,18.666666666666668,-0.014778325123152868,0.20689655172413793,0.0305145046524356
2024.10.14startup_b,startup_b,20241014,25,3149.0,90,0,ids,-0.10270862565833593,0.07571227578003349,4.666666666666667,4.083333333333333,0.375,-2.0
2024.10.14startup_b,startup_b,20241014,25,4146.0,90,0,ids,0.24169132322965986,-0.06645247048371644,3.3333333333333335,4.57142857142857,0.2857142857142857,-0.4142857142857144
2024.10.14startup_b,startup_b,20241014,25,5052.0,90,0,ids,0.23937614508851734,-0.2077407332454187,12.666666666666666,0.5624060150375942,0.05,-0.05526315789473691
2024.10.14startup_b,startup_b,20241014,26,3392.0,90,1,ids,0.17033653347004835,-0.3468625700007656,8.0,0.08791208791208845,0.15384615384615385,-0.017482517482517456
2024.10.14startup_b,startup_b,20241014,26,4389.0,90,0,ids,0.06237225853847877,0.15897665531954194,8.0,0.48351648351648363,0.3076923076923077,-0.16258741258741266
2024.10.14startup_b,startup_b,20241014,26,4749.0,90,0,ids,-0.04875391184958803,-0.2657141373658636,18.666666666666668,0.132512315270936,0.06896551724137931,0.013136288998357972
2024.10.14startup_b,startup_b,20241014,26,3000.0,90,0,ids,-0.16526147533045127,-0.016434740472325914,8.0,4.4945054945054945,0.38461538461538464,-0.35139860139860146
2024.10.14startup_b,startup_b,20241014,27,3450.0,90,1,ids,-0.26893669139042065,0.27748104899910886,10.0,0.16470588235294117,0.25,0.24285714285714283
2024.10.14startup_b,startup_b,20241014,27,2606.0,90,0,ids,0.02758349931302473,0.060275073657042356,7.333333333333333,-0.30769230769230815,0.16666666666666666,0.38636363636363624
2024.10.14startup_b,startup_b,20241014,27,2510.0,90,0,ids,-0.09991900456697836,0.24753502267746066,8.0,0.20219780219780212,0.14285714285714285,-0.1043956043956044
2024.10.14startup_b,startup_b,20241014,27,2581.0,90,0,ids,0.018266722432797474,-0.16013426777317608,8.0,0.8736263736263743,0.23076923076923078,0.07167832167832147
2024.10.14startup_b,startup_b,20241014,28,3520.0,90,1,ids,0.18323850812411802,-0.1547805221919892,6.666666666666667,1.1636363636363636,0.45454545454545453,-0.015151515151515194
2024.10.14startup_b,startup_b,20241014,28,3271.0,90,0,ids,-0.02845162553917593,0.2876688998623501,4.666666666666667,7.797619047619046,0.25,-0.4107142857142858
2024.10.14startup_b,startup_b,20241014,28,4361.0,90,0,ids,-0.1704790195014412,0.2013910924226316,8.0,1.4065934065934067,0.38461538461538464,-0.019230769230769076
2024.10.14startup_b,startup_b,20241014,28,3287.0,90,0,ids,0.055290009506317184,0.1897652339902002,3.3333333333333335,5.785714285714286,0.42857142857142855,-1.8142857142857147
2024.10.14startup_b,startup_b,20241014,29,4503.0,90,1,ids,0.14112807455040538,-0.12209287499524561,14.666666666666666,-0.1986166007905139,0.17391304347826086,-0.00988142292490123
2024.10.14startup_b,startup_b,20241014,29,4008.0,90,0,ids,-0.03855312620301907,-0.012639782236807019,2.6666666666666665,1.000000000000002,0.6,
2024.10.14startup_b,startup_b,20241014,29,4298.0,90,0,ids,-0.2374431305826703,0.13638703898770896,10.666666666666666,0.6519607843137256,0.29411764705882354,0.13529411764705881
2024.10.14startup_b,startup_b,20241014,29,3893.0,90,0,ids,0.16042711557846193,-0.05986536073776529,7.333333333333333,0.42205882352941176,0.0625,-0.08749999999999995
2024.10.14startup_b,startup_b,20241014,30,4651.0,90,1,ids,-0.21494996351788628,0.7479375869316721,8.666666666666666,1.8527472527472528,0.2857142857142857,-0.15659340659340656
2024.10.14startup_b,startup_b,20241014,30,4197.0,90,0,ids,0.6526381229304247,-0.3839327823176208,8.0,-0.021978021978021994,0.3076923076923077,0.06818181818181808
2024.10.14startup_b,startup_b,20241014,30,3237.0,90,0,ids,-0.16490812171468816,0.1793723476355998,6.0,0.848484848484848,0.2,0.43333333333333346
2024.10.14startup_b,startup_b,20241014,30,4229.0,90,0,ids,0.2755521909240326,-0.38729360818303776,8.666666666666666,0.45934065934065926,0.35714285714285715,0.035714285714285754
2024.10.14startup_b,startup_b,20241014,31,4849.0,90,1,ids,-0.1810421013657228,0.00970020536236629,14.666666666666666,-0.2045454545454547,0.17391304347826086,0.09260304912478819
2024.10.14startup_b,startup_b,20241014,31,2228.0,90,0,ids,0.18913822450252,-0.051394864417260745,6.0,6.0,0.0,-0.7000000000000002
2024.10.14startup_b,startup_b,20241014,31,4109.0,90,0,ids,0.07717772865990147,-0.007028302320960574,4.0,3.7499999999999907,0.5714285714285714,1.3285714285714296
2024.10.14startup_b,startup_b,20241014,31,2364.0,90,0,ids,-0.19528500953255415,-0.1611196960299471,5.333333333333333,-1.3833333333333344,0.3333333333333333,0.1011904761904754
2024.10.14startup_b,startup_b,20241014,32,4901.0,90,1,ids,-0.12665540560451086,0.6466780582333296,10.666666666666666,0.7181372549019615,0.29411764705882354,0.07794117647058817
2024.10.14startup_b,startup_b,20241014,32,2929.0,90,0,ids,-0.12729163941320834,-0.04783158970484461,13.333333333333334,-0.07922077922077908,0.3333333333333333,-0.025563909774436087
2024.10.14startup_b,startup_b,20241014,32,3209.0,90,0,ids,-0.02308510467352701,-0.17453568107197798,6.666666666666667,0.7363636363636359,0.18181818181818182,0.5272727272727272
2024.10.14startup_b,startup_b,20241014,32,2670.0,90,0,ids,-0.6441568750392199,0.2931572691531338,5.333333333333333,2.7636363636363632,0.1,-0.716666666666667
2024.10.14startup_b,startup_b,20241014,33,4952.0,90,1,ids,0.16031594741230903,-0.42424194639208546,12.0,-0.17894736842105158,0.15789473684210525,0.01031991744066041
2024.10.14startup_b,startup_b,20241014,33,2530.0,90,0,ids,0.3665540632190262,-0.25419838807186995,7.333333333333333,0.054945054945056235,0.3076923076923077,0.28846153846153827
2024.10.14startup_b,startup_b,20241014,33,4185.0,90,0,ids,0.7394031768477196,-0.4250845055559989,6.666666666666667,0.3181818181818185,0.36363636363636365,0.303030303030303
2024.10.14startup_b,startup_b,20241014,33,4244.0,90,0,ids,0.13884654875805552,-0.23129474581602738,10.666666666666666,0.08578431372548923,0.35294117647058826,-0.08088235294117645
2024.10.14startup_b,startup_b,20241014,34,5197.0,90,1,conclude,0.13841145744860975,-0.16863678504665514,10.0,0.1000000000000003,0.25,-0.08214285714285713
2024.10.14startup_b,startup_b,20241014,34,5390.0,90,0,conclude,0.18375020840673661,-0.07020273841887857,4.0,-5.51190476190476,0.5,1.8035714285714288
2024.10.14startup_b,startup_b,20241014,34,5407.0,90,0,conclude,0.17872950561649936,-0.05730696228836378,4.0,-3.285714285714296,0.42857142857142855,1.7714285714285725
2024.10.14startup_b,startup_b,20241014,34,5521.0,90,0,conclude,-0.6376039795738757,0.2596483625000434,6.0,-1.9515151515151519,0.0,0.6083333333333335
2024.10.25startup_a,startup_a,20241025,0,389.0,90,1,segue,-0.4354030961750149,-0.041801044441025115,4.0,6.999999999999998,0.125,-1.071428571428571
2024.10.25startup_a,startup_a,20241025,0,258.0,90,0,segue,0.05705806848549332,0.16059007482731688,4.0,21.28571428571428,0.5714285714285714,1.6142857142857145
2024.10.25startup_a,startup_a,20241025,0,158.0,90,0,segue,0.45660489732232973,-0.09131773903121418,2.6666666666666665,-1.2000000000000084,0.5,1.5499999999999998
2024.10.25startup_a,startup_a,20241025,0,114.0,90,0,segue,-0.3392524550292247,0.23140014372425624,2.0,23.3,0.6,
2024.10.25startup_a,startup_a,20241025,1,1435.0,90,1,todo,0.16722122063586525,-0.13106213143916795,4.666666666666667,0.5476190476190509,0.375,0.6249999999999997
2024.10.25startup_a,startup_a,20241025,1,252.0,90,0,segue,0.269341887436578,0.12588888074246732,4.0,21.28571428571428,0.5714285714285714,1.6142857142857145
2024.10.25startup_a,startup_a,20241025,1,3371.0,90,0,ids,-0.3013600449655891,0.16496710658027516,2.6666666666666665,15.6,0.4,
2024.10.25startup_a,startup_a,20241025,1,609.0,90,0,rock_review,-0.23635718453041,0.12695279834394096,3.3333333333333335,16.8,0.8333333333333334,1.0999999999999999
2024.10.25startup_a,startup_a,20241025,2,1474.0,90,1,todo,-0.1398509903186281,-0.5665660207017051,8.666666666666666,-0.7934065934065936,0.35714285714285715,-0.5027472527472525
2024.10.25startup_a,startup_a,20241025,2,3842.0,90,0,ids,-0.3109634051227268,0.025609808814034844,2.0,18.400000000000006,0.6,
2024.10.25startup_a,startup_a,20241025,2,1858.0,90,0,ids,-0.2512090983369024,0.15645931459446907,4.0,0.3571428571428587,0.7142857142857143,0.9285714285714294
2024.10.25startup_a,startup_a,20241025,2,4202.0,90,0,ids,-0.6945011784412617,0.2731821359679975,1.3333333333333333,13.4,0.6,
2024.10.25startup_a,startup_a,20241025,3,1584.0,90,1,todo,0.11415699171154482,0.06178728977876023,2.6666666666666665,14.599999999999998,0.6,
2024.10.25startup_a,startup_a,20241025,3,1315.0,90,0,headlines,0.16168190823081116,-0.06158130108345933,6.0,-0.2545454545454537,0.4,0.266666666666667
2024.10.25startup_a,startup_a,20241025,3,2271.0,90,0,ids,-0.38728650700559597,0.021086608669358298,12.0,0.8719298245614041,0.2631578947368421,-0.010835913312693526
2024.10.25startup_a,startup_a,20241025,3,3873.0,90,0,ids,0.004602081487007531,0.0047987091731592655,0.6666666666666666,,0.3333333333333333,
2024.10.25startup_a,startup_a,20241025,4,2434.0,90,1,ids,-0.3358114190467312,0.13180309134434626,4.0,4.369047619047619,0.5,-1.4821428571428565
2024.10.25startup_a,startup_a,20241025,4,3871.0,90,0,ids,-0.025171446705828236,0.003635958465623939,0.6666666666666666,,0.3333333333333333,
2024.10.25startup_a,startup_a,20241025,4,1951.0,90,0,ids,-0.6180125201199705,0.18806864363293438,3.3333333333333335,13.107142857142854,0.7142857142857143,-0.8
2024.10.25startup_a,startup_a,20241025,4,3348.0,90,0,ids,-0.41211429709753233,0.5549518867415325,4.666666666666667,4.483333333333333,0.4444444444444444,-0.125
2024.10.25startup_a,startup_a,20241025,5,2484.0,90,1,ids,0.8817234739307096,-0.9396417958926999,7.333333333333333,-1.0699300699300693,0.4166666666666667,0.03636363636363631
2024.10.25startup_a,startup_a,20241025,5,2118.0,90,0,ids,0.43635187355920757,-0.0528754301299099,4.666666666666667,4.6833333333333345,0.3333333333333333,0.10119047619047608
2024.10.25startup_a,startup_a,20241025,5,4228.0,90,0,ids,-0.17050029720362692,0.007265809546375649,1.3333333333333333,,0.75,
2024.10.25startup_a,startup_a,20241025,5,2217.0,90,0,ids,0.5499580440111901,-0.26970121185763274,6.0,0.29020979020978915,0.3333333333333333,0.11363636363636366
2024.10.25startup_a,startup_a,20241025,6,2536.0,90,1,ids,-0.048108975091916556,0.3795266558652127,10.0,0.38088235294117656,0.4375,0.08392857142857146
2024.10.25startup_a,startup_a,20241025,6,3858.0,90,0,ids,-0.21189124992612884,0.031095571988998386,0.6666666666666666,,0.3333333333333333,
2024.10.25startup_a,startup_a,20241025,6,3376.0,90,0,ids,-0.32494102702043787,0.13015555386502492,2.6666666666666665,15.6,0.4,
2024.10.25startup_a,startup_a,20241025,6,3596.0,90,0,ids,-0.2958363868024176,-0.010623359165265252,2.6666666666666665,8.2,0.3333333333333333,0.3500000000000001
2024.10.25startup_a,startup_a,20241025,7,2596.0,90,1,ids,0.113514632961794,-0.5662058091817392,9.333333333333334,0.056372549019607296,0.35294117647058826,-0.23161764705882348
2024.10.25startup_a,startup_a,20241025,7,1814.0,90,0,ids,0.08070784410117135,0.10409326851135652,4.0,1.7857142857142767,0.7142857142857143,1.7285714285714304
2024.10.25startup_a,startup_a,20241025,7,1859.0,90,0,ids,-0.25079691189378467,0.15051998292789728,3.3333333333333335,-6.142857142857153,0.6666666666666666,2.1999999999999984
2024.10.25startup_a,startup_a,20241025,7,3889.0,90,0,ids,0.22943158891237467,-0.03534025599184146,0.0,,0.0,
2024.10.25startup_a,startup_a,20241025,8,2928.0,90,1,ids,-0.035430969725816504,-0.1918405075509761,4.0,0.34523809523809784,0.75,0.14285714285714368
2024.10.25startup_a,startup_a,20241025,8,4138.0,90,0,ids,0.028719909633688128,-0.06318559742874774,5.333333333333333,4.35,0.5555555555555556,-0.8988095238095235
2024.10.25startup_a,startup_a,20241025,8,3825.0,90,0,ids,-0.3800802693953117,0.04683830842434361,2.0,,0.75,
2024.10.25startup_a,startup_a,20241025,8,3708.0,90,0,ids,0.2251824616392311,-0.4662998415564662,8.666666666666666,0.9824175824175815,0.14285714285714285,-0.0027472527472527583
2024.10.25startup_a,startup_a,20241025,9,3106.0,90,1,ids,0.19206783286636928,-0.13069339295917984,5.333333333333333,-4.300000000000003,0.2222222222222222,0.1011904761904759
2024.10.25startup_a,startup_a,20241025,9,1931.0,90,0,ids,-0.1666528678746778,0.119810763698686,4.666666666666667,6.133333333333334,0.6666666666666666,-0.3988095238095237
2024.10.25startup_a,startup_a,20241025,9,3382.0,90,0,ids,-0.35728038988875366,0.11323927262699016,2.6666666666666665,15.6,0.4,
2024.10.25startup_a,startup_a,20241025,9,4254.0,90,0,ids,-0.009337120803096751,0.002858077701754232,1.3333333333333333,7.599999999999999,0.8,
2024.10.25startup_a,startup_a,20241025,10,3162.0,90,1,ids,0.06428657970264927,-0.07378079926909027,8.666666666666666,1.3890109890109894,0.2857142857142857,0.08516483516483511
2024.10.25startup_a,startup_a,20241025,10,1926.0,90,0,ids,-0.016903739273210896,0.08189329536106253,4.666666666666667,6.133333333333334,0.6666666666666666,-0.3988095238095237
2024.10.25startup_a,startup_a,20241025,10,2295.0,90,0,ids,-0.5026104997491452,0.18253595045751367,8.0,1.9505494505494505,0.23076923076923078,0.05944055944055938
2024.10.25startup_a,startup_a,20241025,10,2072.0,90,0,ids,0.30989403039356084,-0.06045793138040215,2.6666666666666665,-3.6285714285714388,0.3333333333333333,3.0499999999999994
2024.10.25startup_a,startup_a,20241025,11,3204.0,90,1,ids,-0.19806912598695967,0.35553899576137515,4.666666666666667,0.9642857142857144,0.5,1.1071428571428572
2024.10.25startup_a,startup_a,20241025,11,3690.0,90,0,ids,0.4552994563944837,-0.38360302468481283,8.0,-0.9175824175824167,0.15384615384615385,-0.05244755244755251
2024.10.25startup_a,startup_a,20241025,11,2247.0,90,0,ids,-0.1811427904846678,-0.10838067189243762,11.333333333333334,0.3045112781954889,0.2,-0.1850877192982457
2024.10.25startup_a,startup_a,20241025,11,1734.0,90,0,ids,0.16978415723680587,0.052633600383113405,2.6666666666666665,20.200000000000003,0.6,
2024.10.25startup_a,startup_a,20241025,12,4383.0,90,1,ids,-0.2699038820366161,0.3305555101643642,4.0,6.297619047619047,0.375,-0.48214285714285715
2024.10.25startup_a,startup_a,20241025,12,1869.0,90,0,ids,-0.23555989448837533,0.10087844811718034,2.6666666666666665,-4.199999999999998,0.6,
2024.10.25startup_a,startup_a,20241025,12,3520.0,90,0,ids,0.480845991489862,-0.06039450979774701,2.0,-8.599999999999996,0.2,
2024.10.25startup_a,startup_a,20241025,12,3692.0,90,0,ids,0.44887102205407364,-0.39044112339134185,8.666666666666666,0.9824175824175815,0.14285714285714285,-0.0027472527472527583
2024.10.25startup_a,startup_a,20241025,13,4498.0,90,1,ids,-0.18887146977348004,0.1968557209185926,14.0,0.09486166007905135,0.36363636363636365,0.048051948051948
2024.10.25startup_a,startup_a,20241025,13,1910.0,90,0,ids,0.2388837205519143,-0.0018379995512640209,6.0,0.9454545454545454,0.6,2.099501487430122e-16
2024.10.25startup_a,startup_a,20241025,13,1871.0,90,0,ids,-0.22257391108352628,0.0823703866078159,2.6666666666666665,-4.199999999999998,0.6,
2024.10.25startup_a,startup_a,20241025,13,2339.0,90,0,ids,0.24561479500205216,-0.06929682961361129,8.0,-0.7406593406593414,0.21428571428571427,0.08791208791208793
2024.10.25startup_a,startup_a,20241025,14,4663.0,90,1,ids,-0.35733871840270987,0.03650374256424988,0.6666666666666666,,0.5,
2024.10.25startup_a,startup_a,20241025,14,2342.0,90,0,ids,0.33956631917496183,-0.13509234672440124,7.333333333333333,-0.6428571428571418,0.23076923076923078,0.04370629370629361
2024.10.25startup_a,startup_a,20241025,14,4113.0,90,0,ids,0.0061573985135716,0.1516001331735218,4.666666666666667,-0.3452380952380925,0.625,1.2142857142857146
2024.10.25startup_a,startup_a,20241025,14,3552.0,90,0,ids,0.14893320208726493,-0.09195694535809036,2.6666666666666665,9.200000000000005,0.4,
2024.10.25startup_a,startup_a,20241025,15,4688.0,90,1,ids,0.3004680314097547,-0.35334870064197943,2.0,,0.5,
2024.10.25startup_a,startup_a,20241025,15,1902.0,90,0,ids,0.1772612810892769,-0.03957239911350277,6.0,0.9454545454545454,0.6,2.099501487430122e-16
2024.10.25startup_a,startup_a,20241025,15,1921.0,90,0,ids,0.12542595344950222,0.04242488721763151,5.333333333333333,0.9833333333333324,0.5555555555555556,0.17261904761904737
2024.10.25startup_a,startup_a,20241025,15,3528.0,90,0,ids,0.4235821458383681,-0.05926700571674352,2.6666666666666665,9.200000000000005,0.4,
2024.10.25startup_a,startup_a,20241025,16,4839.0,90,1,ids,-0.25159682676302925,0.2850661163399529,12.666666666666666,-1.11954887218045,0.3,0.5122807017543861
2024.10.25startup_a,startup_a,20241025,16,2327.0,90,0,ids,-0.13337646856561883,0.2322931564430308,10.0,0.7328431372549016,0.11764705882352941,-0.02867647058823528
2024.10.25startup_a,startup_a,20241025,16,3848.0,90,0,ids,-0.2825561371983512,0.03772642580756377,1.3333333333333333,,0.5,
2024.10.25startup_a,startup_a,20241025,16,4175.0,90,0,ids,-0.7141638827687847,0.2098872423693117,3.3333333333333335,12.785714285714283,0.42857142857142855,-1.342857142857143
2024.10.25startup_a,startup_a,20241025,17,4905.0,90,1,ids,-0.31206409544313907,0.513155377568208,4.0,6.333333333333335,0.4444444444444444,-0.8511904761904762
2024.10.25startup_a,startup_a,20241025,17,2313.0,90,0,ids,-0.4031613910533428,0.3014163705917922,7.333333333333333,2.3736263736263745,0.15384615384615385,-0.019230769230769298
2024.10.25startup_a,startup_a,20241025,17,2059.0,90,0,ids,0.18620160345995182,-0.02713819446365668,2.6666666666666665,-3.6285714285714388,0.3333333333333333,3.0499999999999994
2024.10.25startup_a,startup_a,20241025,17,2172.0,90,0,ids,0.07344271468931761,-0.04989820482484566,4.0,-1.869047619047617,0.375,-0.01785714285714234
2024.10.25startup_a,startup_a,20241025,18,5039.0,90,1,ids,0.48794386995812183,-0.1426248727841528,6.0,-2.1909090909090896,0.36363636363636365,-0.49090909090909063
2024.10.25startup_a,startup_a,20241025,18,3909.0,90,0,ids,0.4643358859169926,-0.2977732330420875,1.3333333333333333,,0.25,
2024.10.25startup_a,startup_a,20241025,18,3762.0,90,0,ids,-0.05674833143503335,0.3643416295322887,5.333333333333333,2.4181818181818184,0.36363636363636365,-0.33636363636363653
2024.10.25startup_a,startup_a,20241025,18,2079.0,90,0,ids,0.3925445157683464,-0.07501747275079379,2.6666666666666665,-3.6285714285714388,0.3333333333333333,3.0499999999999994
2024.10.25startup_a,startup_a,20241025,19,5061.0,90,1,ids,0.4497330984419826,-0.43136450250762587,6.666666666666667,0.5604395604395604,0.23076923076923078,-0.43531468531468515
2024.10.25startup_a,startup_a,20241025,19,3897.0,90,0,ids,0.29127832662998554,-0.09666515055029748,0.6666666666666666,,0.3333333333333333,
2024.10.25startup_a,startup_a,20241025,19,2799.0,90,0,ids,0.5075446426000927,-0.018955905853467677,0.6666666666666666,,1.0,
2024.10.25startup_a,startup_a,20241025,19,3891.0,90,0,ids,0.23991418706191814,-0.048939109442826194,0.0,,0.0,
2024.10.25startup_a,startup_a,20241025,20,5180.0,90,1,conclude,0.1295399399720256,0.550955492512974,12.0,0.26315789473684215,0.21052631578947367,0.07069143446852419
2024.10.25startup_a,startup_a,20241025,20,4197.0,90,0,ids,-0.7689929600888405,0.3042824791479969,2.0,8.999999999999998,0.6666666666666666,-2.4
2024.10.25startup_a,startup_a,20241025,20,128.0,90,0,segue,0.03369646013032374,0.1010354154465706,1.3333333333333333,-4.899999999999993,0.4,
2024.10.25startup_a,startup_a,20241025,20,3664.0,90,0,ids,0.22524943621529325,-0.08691273806502241,5.333333333333333,-3.1212121212121176,0.2,0.5000000000000006
2024.10.28startup_b,startup_b,20241028,0,115.0,90,1,,0.15582303217473842,0.02469986252190779,3.3333333333333335,0.75,0.14285714285714285,-0.6714285714285739
2024.10.28startup_b,startup_b,20241028,0,2963.0,90,0,ids,0.09277958433211175,0.023238618972171367,0.6666666666666666,,1.0,
2024.10.28startup_b,startup_b,20241028,0,5347.0,90,0,conclude,0.4686243783273555,-0.33855271009376314,5.333333333333333,0.9833333333333322,0.0,0.49999999999999994
2024.10.28startup_b,startup_b,20241028,0,2975.0,90,0,ids,0.2939439560094693,-0.017561793829899332,2.0,-2.1000000000000045,0.8,
2024.10.28startup_b,startup_b,20241028,1,175.0,90,1,,0.08107492609675113,-0.1527267598268598,6.0,4.466666666666665,0.3,-0.233333333333334
2024.10.28startup_b,startup_b,20241028,1,1127.0,90,0,rock_review,-0.6308531778534987,0.1191880605769756,2.6666666666666665,18.599999999999998,0.0,
2024.10.28startup_b,startup_b,20241028,1,3057.0,90,0,ids,-0.3869103920348532,0.021851300060405567,0.6666666666666666,,0.6666666666666666,
2024.10.28startup_b,startup_b,20241028,1,2422.0,90,0,ids,-0.29152070736056074,0.5357266046567533,6.0,5.563636363636363,0.2,-0.41666666666666685
2024.10.28startup_b,startup_b,20241028,2,247.0,90,1,,-0.15150767689332506,0.33899514887959115,3.3333333333333335,6.607142857142855,0.2857142857142857,-1.3571428571428579
2024.10.28startup_b,startup_b,20241028,2,3039.0,90,0,ids,-0.5785961911237515,0.04142437598974874,0.6666666666666666,,0.6666666666666666,
2024.10.28startup_b,startup_b,20241028,2,2494.0,90,0,ids,-0.20471415909061705,0.06686883797140626,0.0,,1.0,
2024.10.28startup_b,startup_b,20241028,2,2789.0,90,0,ids,-0.09057715103539456,0.10463479334618124,2.0,10.800000000000004,1.0,
2024.10.28startup_b,startup_b,20241028,3,343.0,90,1,,0.3751931656504086,-0.15079513352788823,6.0,-2.3090909090909073,0.6,0.05000000000000012
2024.10.28startup_b,startup_b,20241028,3,4201.0,90,0,ids,0.03809785691873682,0.127760075991813,2.6666666666666665,12.300000000000002,1.0,
2024.10.28startup_b,startup_b,20241028,3,2996.0,90,0,ids,0.24050489139954784,-0.015637279904938767,2.0,,0.75,
2024.10.28startup_b,startup_b,20241028,3,4623.0,90,0,ids,0.24756417325399385,-0.06579665300830724,8.0,2.1263736263736264,0.15384615384615385,-0.02272727272727277
2024.10.28startup_b,startup_b,20241028,4,384.0,90,1,segue,-0.2995698440564634,0.13568584780386483,4.0,6.297619047619047,0.625,-0.2678571428571426
2024.10.28startup_b,startup_b,20241028,4,600.0,90,0,segue,-0.39798290233456446,0.08887363783887386,2.6666666666666665,25.0,0.4,
2024.10.28startup_b,startup_b,20241028,4,602.0,90,0,segue,-0.4108350805306832,0.09072460841097053,2.6666666666666665,25.0,0.4,
2024.10.28startup_b,startup_b,20241028,4,603.0,90,0,segue,-0.41683110943053076,0.09181277983036848,2.6666666666666665,25.0,0.4,
2024.10.28startup_b,startup_b,20241028,5,452.0,90,1,segue,0.3038831366056574,-0.6070357066322064,8.0,2.307692307692307,0.23076923076923078,-0.30419580419580405
2024.10.28startup_b,startup_b,20241028,5,605.0,90,0,segue,-0.42828501488352233,0.09428720634716324,2.6666666666666665,25.0,0.4,
2024.10.28startup_b,startup_b,20241028,5,599.0,90,0,segue,-0.3910100355201489,0.09782901727734793,2.6666666666666665,25.0,0.4,
2024.10.28startup_b,startup_b,20241028,5,604.0,90,0,segue,-0.4226247105427272,0.09302347736404444,2.6666666666666665,25.0,0.4,
2024.10.28startup_b,startup_b,20241028,6,509.0,90,1,segue,-0.12249205950815202,0.6376760768426887,6.666666666666667,3.1923076923076916,0.25,-0.30454545454545456
2024.10.28startup_b,startup_b,20241028,6,603.0,90,0,segue,-0.41683110943053076,0.09181277983036848,2.6666666666666665,25.0,0.4,
2024.10.28startup_b,startup_b,20241028,6,599.0,90,0,segue,-0.3910100355201489,0.09782901727734793,2.6666666666666665,25.0,0.4,
2024.10.28startup_b,startup_b,20241028,6,604.0,90,0,segue,-0.4226247105427272,0.09302347736404444,2.6666666666666665,25.0,0.4,
2024.10.28startup_b,startup_b,20241028,7,706.0,90,1,scorecard,0.5519520263312546,-0.24526577081215753,2.0,0.300000000000008,0.2,
2024.10.28startup_b,startup_b,20241028,7,886.0,90,0,scorecard,-0.1740207254628593,-0.22557061021201827,8.666666666666666,-0.7582417582417588,0.07142857142857142,0.4038461538461541
2024.10.28startup_b,startup_b,20241028,7,889.0,90,0,scorecard,-0.18856919241741307,-0.13256665919944408,8.666666666666666,-0.7582417582417588,0.07142857142857142,0.4038461538461541
2024.10.28startup_b,startup_b,20241028,7,612.0,90,0,scorecard,-0.4769407503486382,0.11971018817157726,2.6666666666666665,16.171428571428578,0.3333333333333333,-3.9999999999999996
2024.10.28startup_b,startup_b,20241028,8,758.0,90,1,scorecard,0.43775168946293436,-0.6353832564449641,6.666666666666667,-1.6909090909090896,0.36363636363636365,-0.33333333333333287
2024.10.28startup_b,startup_b,20241028,8,612.0,90,0,scorecard,-0.4769407503486382,0.11971018817157726,2.6666666666666665,16.171428571428578,0.3333333333333333,-3.9999999999999996
2024.10.28startup_b,startup_b,20241028,8,615.0,90,0,scorecard,-0.5076217957575231,0.13413694288749783,2.6666666666666665,16.171428571428578,0.3333333333333333,-3.9999999999999996
2024.10.28startup_b,startup_b,20241028,8,890.0,90,0,scorecard,-0.19105627937334543,-0.10094786769303707,9.333333333333334,-0.8071428571428569,0.06666666666666667,0.34615384615384626
2024.10.28startup_b,startup_b,20241028,9,795.0,90,1,scorecard,-0.2840420008091551,0.5161576220065485,8.0,1.4670329670329672,0.46153846153846156,-0.10664335664335677
2024.10.28startup_b,startup_b,20241028,9,606.0,90,0,scorecard,-0.43388705792362203,0.09650113759519927,2.6666666666666665,25.0,0.4,
2024.10.28startup_b,startup_b,20241028,9,885.0,90,0,scorecard,-0.16667399105778444,-0.25572888654514836,8.666666666666666,-0.7582417582417588,0.07142857142857142,0.4038461538461541
2024.10.28startup_b,startup_b,20241028,9,609.0,90,0,scorecard,-0.45180398171752917,0.10718617056375489,2.6666666666666665,16.171428571428578,0.3333333333333333,-3.9999999999999996
2024.10.28startup_b,startup_b,20241028,10,1399.0,90,1,rock_review,0.03767324151294818,0.054304473589807514,5.333333333333333,4.800000000000002,0.2222222222222222,-1.898809523809523
2024.10.28startup_b,startup_b,20241028,10,1058.0,90,0,rock_review,0.6020839136518078,-0.13298155970909395,1.3333333333333333,,0.25,
2024.10.28startup_b,startup_b,20241028,10,1152.0,90,0,rock_review,-0.3611797981879184,0.0620415532512874,0.6666666666666666,,0.0,
2024.10.28startup_b,startup_b,20241028,10,1285.0,90,0,rock_review,0.410827586014482,-0.11166498596715127,2.6666666666666665,-3.3000000000000025,0.4,
2024.10.28startup_b,startup_b,20241028,11,1445.0,90,1,rock_review,0.37588636159790073,-0.589380885133088,7.333333333333333,-2.926573426573427,0.3333333333333333,0.19545454545454533
2024.10.28startup_b,startup_b,20241028,11,923.0,90,0,rock_review,-0.20329349622350892,0.5754688359997431,6.0,1.3,0.18181818181818182,-0.8424242424242422
2024.10.28startup_b,startup_b,20241028,11,1063.0,90,0,rock_review,0.6449672071698316,-0.13929413993502412,1.3333333333333333,,0.25,
2024.10.28startup_b,startup_b,20241028,11,1216.0,90,0,rock_review,0.28747485672187356,-0.09823254745336522,3.3333333333333335,-2.8214285714285823,0.7142857142857143,1.6142857142857157
2024.10.28startup_b,startup_b,20241028,12,1457.0,90,1,rock_review,0.19456427058119327,-0.43806205636104656,7.333333333333333,-2.926573426573427,0.3333333333333333,0.19545454545454533
2024.10.28startup_b,startup_b,20241028,12,1046.0,90,0,rock_review,0.4214410611013592,-0.08612275121319884,1.3333333333333333,-13.899999999999997,0.2,
2024.10.28startup_b,startup_b,20241028,12,1279.0,90,0,rock_review,0.25467070085345117,-0.014316968237838403,3.3333333333333335,-1.3214285714285723,0.5714285714285714,0.3285714285714286
2024.10.28startup_b,startup_b,20241028,12,1011.0,90,0,rock_review,-0.13008609551644035,0.029945679553909334,0.6666666666666666,,0.75,
2024.10.28startup_b,startup_b,20241028,13,1554.0,90,1,todo,0.33771245436013203,-0.2819508939764433,4.0,-4.904761904761901,0.5,0.9464285714285717
2024.10.28startup_b,startup_b,20241028,13,1707.0,90,0,todo,0.22305293194858708,-0.44963791849589074,4.666666666666667,-2.3333333333333286,0.375,-0.017857142857143432
2024.10.28startup_b,startup_b,20241028,13,1685.0,90,0,todo,0.20166764201321724,-0.16441565241222617,4.0,-0.9761904761904756,0.375,0.14285714285714288
2024.10.28startup_b,startup_b,20241028,13,1675.0,90,0,todo,0.10768923051138597,0.005049079856086176,5.333333333333333,3.5151515151515156,0.2,-0.23333333333333334
2024.10.28startup_b,startup_b,20241028,14,1819.0,90,1,todo,-0.08888936182985432,-0.4402625306617973,5.333333333333333,-0.3666666666666682,0.2222222222222222,-0.3749999999999993
2024.10.28startup_b,startup_b,20241028,14,1696.0,90,0,todo,0.23101140274695658,-0.33272029520320384,3.3333333333333335,-2.971428571428575,0.3333333333333333,0.39999999999999963
2024.10.28startup_b,startup_b,20241028,14,1675.0,90,0,todo,0.10768923051138597,0.005049079856086176,5.333333333333333,3.5151515151515156,0.2,-0.23333333333333334
2024.10.28startup_b,startup_b,20241028,14,1664.0,90,0,todo,-0.0820037781268021,0.24820636479871505,4.666666666666667,5.350000000000002,0.2222222222222222,0.04761904761904748
2024.10.28startup_b,startup_b,20241028,15,1870.0,90,1,ids,-0.0860872260765779,0.40024862841384073,4.0,5.07142857142857,0.5714285714285714,1.0428571428571431
2024.10.28startup_b,startup_b,20241028,15,3031.0,90,0,ids,-0.5591897387828837,0.039621985375550416,2.0,31.000000000000004,0.8,
2024.10.28startup_b,startup_b,20241028,15,2955.0,90,0,ids,-0.0634121351212149,0.04798545666520102,0.6666666666666666,,1.0,
2024.10.28startup_b,startup_b,20241028,15,3128.0,90,0,ids,0.3292840840582714,-0.05007424824578713,0.6666666666666666,,0.6666666666666666,
2024.10.28startup_b,startup_b,20241028,16,1906.0,90,1,ids,0.09608433487950134,-0.3282062656168829,3.3333333333333335,-0.4571428571428588,0.3333333333333333,-1.0999999999999994
2024.10.28startup_b,startup_b,20241028,16,3405.0,90,0,ids,0.14694352393322138,-0.0002952856864130956,1.3333333333333333,20.200000000000003,0.8,
2024.10.28startup_b,startup_b,20241028,16,3070.0,90,0,ids,-0.09726051493087826,0.0031952807840948737,,,,
2024.10.28startup_b,startup_b,20241028,16,4176.0,90,0,ids,0.2312267632436951,-0.013549028217255692,2.6666666666666665,16.7,0.8,
2024.10.28startup_b,startup_b,20241028,17,1996.0,90,1,ids,-0.05057491658285897,0.6327295873689059,6.666666666666667,1.3363636363636364,0.36363636363636365,0.6939393939393937
2024.10.28startup_b,startup_b,20241028,17,3743.0,90,0,ids,0.1717856548350713,0.0999519809104935,4.666666666666667,10.283333333333339,0.3333333333333333,-1.458333333333333
2024.10.28startup_b,startup_b,20241028,17,2837.0,90,0,ids,0.20050320026509247,-0.07956798048946011,2.6666666666666665,0.14285714285714032,0.5,1.7999999999999992
2024.10.28startup_b,startup_b,20241028,17,3578.0,90,0,ids,0.08049939547592169,0.08733884166099316,2.6666666666666665,19.5,0.4,
2024.10.28startup_b,startup_b,20241028,18,2062.0,90,1,ids,-0.07203989404563238,-0.33051995979688314,8.0,-0.15384615384615363,0.15384615384615385,0.04020979020979039
2024.10.28startup_b,startup_b,20241028,18,2869.0,90,0,ids,-0.15964281765874896,0.047068823908850255,3.3333333333333335,-1.8095238095238075,0.5,0.8035714285714308
2024.10.28startup_b,startup_b,20241028,18,3614.0,90,0,ids,0.47060267684008333,-0.07221408718399754,3.3333333333333335,4.514285714285714,0.3333333333333333,-0.05000000000000039
2024.10.28startup_b,startup_b,20241028,18,3720.0,90,0,ids,0.2677436362920696,-0.17513519230738653,4.666666666666667,2.0666666666666664,0.3333333333333333,0.2738095238095233
2024.10.28startup_b,startup_b,20241028,19,2115.0,90,1,ids,-0.07283691059324375,0.486656051010758,6.0,-0.02727272727272713,0.18181818181818182,0.9484848484848485
2024.10.28startup_b,startup_b,20241028,19,2883.0,90,0,ids,-0.07360880351031607,0.044475597041432946,4.0,7.642857142857142,0.5,-0.8392857142857141
2024.10.28startup_b,startup_b,20241028,19,2916.0,90,0,ids,-0.22714519385164936,0.0755624838608727,2.0,32.1,0.8,
2024.10.28startup_b,startup_b,20241028,19,3055.0,90,0,ids,-0.4175565095605329,0.024673802370388652,0.6666666666666666,,0.6666666666666666,
2024.10.28startup_b,startup_b,20241028,20,2206.0,90,1,ids,-0.3023255300457332,0.00364386866702116,9.333333333333334,-0.9678571428571427,0.26666666666666666,1.478021978021978
2024.10.28startup_b,startup_b,20241028,20,4632.0,90,0,ids,0.1507652475626009,0.018842114979885864,8.666666666666666,3.1252747252747253,0.14285714285714285,-0.1208791208791208
2024.10.28startup_b,startup_b,20241028,20,2979.0,90,0,ids,0.32698895390024296,-0.028591976466312116,2.0,-2.1000000000000045,0.8,
2024.10.28startup_b,startup_b,20241028,20,3617.0,90,0,ids,0.4399064486008735,-0.07075653827338405,3.3333333333333335,4.514285714285714,0.3333333333333333,-0.05000000000000039
2024.10.28startup_b,startup_b,20241028,21,2293.0,90,1,ids,0.1460477691111888,0.3951904567474494,12.0,0.5508771929824565,0.3684210526315789,-0.20175438596491224
2024.10.28startup_b,startup_b,20241028,21,3806.0,90,0,ids,-0.38148235469611713,0.021422586710896082,0.6666666666666666,,0.6666666666666666,
2024.10.28startup_b,startup_b,20241028,21,2954.0,90,0,ids,-0.08166720373970796,0.05046441276015016,0.6666666666666666,,1.0,
2024.10.28startup_b,startup_b,20241028,21,3760.0,90,0,ids,-0.18280007840343226,0.21344419052274552,4.666666666666667,10.283333333333339,0.3333333333333333,-1.458333333333333
2024.10.28startup_b,startup_b,20241028,22,2586.0,90,1,ids,0.025192144011411302,-0.5301896777371964,6.666666666666667,-2.6181818181818173,0.2727272727272727,0.5121212121212118
2024.10.28startup_b,startup_b,20241028,22,2827.0,90,0,ids,0.2944228786035437,-0.06947154630803913,2.6666666666666665,0.14285714285714032,0.5,1.7999999999999992
2024.10.28startup_b,startup_b,20241028,22,3111.0,90,0,ids,0.4969138225728439,-0.03272191590978019,0.6666666666666666,,1.0,
2024.10.28startup_b,startup_b,20241028,22,3159.0,90,0,ids,-0.09374963317917723,-0.0593585418696299,4.0,-2.714285714285713,0.5,1.9821428571428557
2024.10.28startup_b,startup_b,20241028,23,3295.0,90,1,ids,0.11679730089681518,-0.18682005028982115,2.0,,1.0,
2024.10.28startup_b,startup_b,20241028,23,3662.0,90,0,ids,-0.2709056946730245,0.04711197973280228,2.6666666666666665,21.0,0.4,
2024.10.28startup_b,startup_b,20241028,23,2918.0,90,0,ids,-0.25030838235763275,0.0799475602147139,2.0,32.1,0.8,
2024.10.28startup_b,startup_b,20241028,23,3151.0,90,0,ids,-0.01680749846765548,-0.06464752722267013,2.0,-8.899999999999995,0.4,
2024.10.28startup_b,startup_b,20241028,24,3913.0,90,1,ids,-0.20612785986945434,-0.06687425728298617,2.0,-9.799999999999997,0.6,
2024.10.28startup_b,startup_b,20241028,24,2776.0,90,0,ids,-0.274311791933037,0.14161323278564164,3.3333333333333335,9.07142857142857,1.0,-0.7000000000000003
2024.10.28startup_b,startup_b,20241028,24,3766.0,90,0,ids,-0.3501453344927386,0.22778460019158991,2.6666666666666665,17.514285714285716,0.5,-3.2
2024.10.28startup_b,startup_b,20241028,24,2471.0,90,0,ids,-0.2827929287733419,0.1754608937435564,2.0,,0.25,
2024.10.28startup_b,startup_b,20241028,25,3967.0,90,1,ids,0.5267737703716908,-0.633137730270901,10.0,-0.6382352941176475,0.5,0.3499999999999995
2024.10.28startup_b,startup_b,20241028,25,3464.0,90,0,ids,0.31553187237320796,-0.28715753476861033,6.0,-3.406060606060607,0.4,0.8083333333333337
2024.10.28startup_b,startup_b,20241028,25,3395.0,90,0,ids,-0.11256115701341401,0.03831703770620858,1.3333333333333333,20.200000000000003,0.8,
2024.10.28startup_b,startup_b,20241028,25,2477.0,90,0,ids,-0.29328226543581465,0.1565562170445476,1.3333333333333333,,0.3333333333333333,
2024.10.28startup_b,startup_b,20241028,26,4300.0,90,1,ids,-0.03541049958481571,-0.04764505383254197,0.0,,0.6666666666666666,
2024.10.28startup_b,startup_b,20241028,26,2742.0,90,0,ids,-0.04348078260273978,0.018462383598999967,3.3333333333333335,-0.5000000000000121,1.0,1.7857142857142871
2024.10.28startup_b,startup_b,20241028,26,3678.0,90,0,ids,-0.23786634798435802,-0.04386966848991353,3.3333333333333335,-3.4999999999999987,0.2857142857142857,-0.11428571428571427
2024.10.28startup_b,startup_b,20241028,26,2442.0,90,0,ids,-0.19928309435965597,0.4498392372462357,3.3333333333333335,16.62857142857143,0.16666666666666666,-1.4000000000000004
2024.10.28startup_b,startup_b,20241028,27,4364.0,90,1,ids,0.426468167977104,-0.6735983217208853,6.666666666666667,-2.9363636363636365,0.45454545454545453,0.5696969696969703
2024.10.28startup_b,startup_b,20241028,27,3164.0,90,0,ids,-0.10905057635288706,-0.056301742938868,4.0,-2.714285714285713,0.5,1.9821428571428557
2024.10.28startup_b,startup_b,20241028,27,3543.0,90,0,ids,-0.3217374457891581,0.22189345199830335,8.666666666666666,3.67912087912088,0.35714285714285715,-0.24450549450549455
2024.10.28startup_b,startup_b,20241028,27,3430.0,90,0,ids,0.5514166097548655,-0.14706054009199135,2.6666666666666665,-11.371428571428583,0.5,4.8
2024.10.28startup_b,startup_b,20241028,28,4482.0,90,1,ids,0.7196106857670487,-0.31301066741243366,2.0,-14.600000000000003,0.4,
2024.10.28startup_b,startup_b,20241028,28,3820.0,90,0,ids,-0.022700415224988436,-0.041591239606049275,1.3333333333333333,,0.75,
2024.10.28startup_b,startup_b,20241028,28,2678.0,90,0,ids,-0.06641023532472984,0.24982882205756127,4.0,6.488095238095236,0.75,0.08928571428571398
2024.10.28startup_b,startup_b,20241028,28,4060.0,90,0,ids,-0.7137161536569403,0.33906802684743576,0.6666666666666666,,0.75,
2024.10.28startup_b,startup_b,20241028,29,4787.0,90,1,ids,0.08157346147418103,-0.034996956361827175,10.0,0.5323529411764708,0.375,-0.18749999999999994
2024.10.28startup_b,startup_b,20241028,29,3495.0,90,0,ids,-0.16668243506814723,-0.007881140102451414,9.333333333333334,0.75,0.3333333333333333,-0.22417582417582418
2024.10.28startup_b,startup_b,20241028,29,2384.0,90,0,ids,-0.1904627120257172,0.1723256592282266,10.666666666666666,1.2573529411764701,0.29411764705882354,-0.07573529411764703
2024.10.28startup_b,startup_b,20241028,29,3176.0,90,0,ids,-0.07637520810506256,-0.07447302399438982,3.3333333333333335,-8.10714285714287,0.42857142857142855,4.814285714285718
2024.10.28startup_b,startup_b,20241028,30,4885.0,90,1,ids,-0.28154428040226775,0.3661769834465347,9.333333333333334,1.260714285714286,0.13333333333333333,-0.02417582417582412
2024.10.28startup_b,startup_b,20241028,30,4688.0,90,0,ids,-0.4504472427722154,-0.1003874497838912,6.666666666666667,0.018181818181819052,0.36363636363636365,0.11818181818181767
2024.10.28startup_b,startup_b,20241028,30,4172.0,90,0,ids,0.2723471540772331,-0.03221650417085648,3.3333333333333335,9.114285714285712,0.6666666666666666,-0.05000000000000032
2024.10.28startup_b,startup_b,20241028,30,3478.0,90,0,ids,0.04479069823244074,-0.2173488473353309,7.333333333333333,-0.4755244755244751,0.25,-0.05909090909090903
2024.10.28startup_b,startup_b,20241028,31,4992.0,90,1,ids,0.10893370640864757,-0.11182363029371084,4.0,-2.392857142857141,0.5,0.4999999999999999
2024.10.28startup_b,startup_b,20241028,31,3547.0,90,0,ids,-0.3478076474197733,0.23492753677092065,8.0,3.9890109890109886,0.38461538461538464,-0.04720279720279706
2024.10.28startup_b,startup_b,20241028,31,2488.0,90,0,ids,-0.2559691671467055,0.10138564403630465,0.6666666666666666,,0.6666666666666666,
2024.10.28startup_b,startup_b,20241028,31,4581.0,90,0,ids,0.19130316066041594,-0.22385587636564744,7.333333333333333,-0.10839160839160751,0.08333333333333333,-0.3772727272727272
2024.10.28startup_b,startup_b,20241028,32,5033.0,90,1,ids,0.31106870299368305,-0.43763902668838645,4.666666666666667,-3.8666666666666676,0.3333333333333333,1.1369047619047612
2024.10.28startup_b,startup_b,20241028,32,4063.0,90,0,ids,-0.692762895939318,0.2770724100001767,0.0,,0.6666666666666666,
2024.10.28startup_b,startup_b,20241028,32,4123.0,90,0,ids,0.2870210778138749,-0.07480275449776883,1.3333333333333333,,0.5,
2024.10.28startup_b,startup_b,20241028,32,3758.0,90,0,ids,-0.13001409785255771,0.21525560171267413,4.666666666666667,10.283333333333339,0.3333333333333333,-1.458333333333333
2024.10.28startup_b,startup_b,20241028,33,5133.0,90,1,ids,0.250855403897453,-0.31086449065218236,6.0,1.0666666666666678,0.6,-0.08333333333333338
2024.10.28startup_b,startup_b,20241028,33,4109.0,90,0,ids,0.14483826747273845,-0.02961749629266341,0.0,,0.3333333333333333,
2024.10.28startup_b,startup_b,20241028,33,4598.0,90,0,ids,0.2878915257651839,-0.13530276317040388,6.666666666666667,2.3272727272727276,0.09090909090909091,0.21212121212121196
2024.10.28startup_b,startup_b,20241028,33,3082.0,90,0,ids,0.2291644257611346,-0.01478047034860045,0.0,,1.0,
2024.10.28startup_b,startup_b,20241028,34,5251.0,90,1,conclude,-0.21955290613720058,0.4830231841004609,6.0,1.8545454545454552,0.2,0.4750000000000005
2024.10.28startup_b,startup_b,20241028,34,5374.0,90,0,conclude,0.06288157959928128,0.2644368726639673,5.333333333333333,6.583333333333335,0.0,0.1488095238095238
2024.10.28startup_b,startup_b,20241028,34,5376.0,90,0,conclude,0.039678574819417604,0.29164729137458334,5.333333333333333,6.583333333333335,0.0,0.1488095238095238
2024.10.28startup_b,startup_b,20241028,34,5352.0,90,0,conclude,0.4746970718459867,-0.23953240989682473,5.333333333333333,0.9833333333333322,0.0,0.49999999999999994
2024.11.04startup_a,startup_a,20241104,0,118.0,90,1,,-0.23751783299618673,0.17406056465924113,1.3333333333333333,,0.3333333333333333,
2024.11.04startup_a,startup_a,20241104,0,1678.0,90,0,ids,-0.10649651691823547,0.02650424028698946,4.0,8.214285714285714,0.42857142857142855,0.5285714285714288
2024.11.04startup_a,startup_a,20241104,0,2721.0,90,0,ids,-0.028489354446866507,0.003015128395936959,0.0,,1.0,
2024.11.04startup_a,startup_a,20241104,0,949.0,90,0,rock_review,0.4135702608510198,-0.11978623649250693,3.3333333333333335,1.8928571428571412,0.2857142857142857,-0.07142857142857148
2024.11.04startup_a,startup_a,20241104,1,170.0,90,1,,0.575959833042859,-0.7827006202782626,4.0,-0.07142857142857166,0.42857142857142855,-1.6714285714285735
2024.11.04startup_a,startup_a,20241104,1,2744.0,90,0,ids,0.0,2.0964868185876535e-16,0.0,,1.0,
2024.11.04startup_a,startup_a,20241104,1,3590.0,90,0,ids,-0.04483319939599436,0.03503723780702841,3.3333333333333335,-2.5000000000000084,0.2857142857142857,2.257142857142859
2024.11.04startup_a,startup_a,20241104,1,3816.0,90,0,ids,0.13139551496373364,-0.08265500912116915,2.6666666666666665,-10.971428571428582,0.8333333333333334,2.449999999999999
2024.11.04startup_a,startup_a,20241104,2,283.0,90,1,segue,0.4168451934019955,-0.11070048411900762,2.6666666666666665,-7.000000000000008,0.5714285714285714,1.6285714285714294
2024.11.04startup_a,startup_a,20241104,2,472.0,90,0,segue,0.11955497010525772,-0.05200679419214393,3.3333333333333335,4.535714285714283,0.2857142857142857,0.300000000000001
2024.11.04startup_a,startup_a,20241104,2,519.0,90,0,segue,-0.05076599886369142,0.1075811178076964,3.3333333333333335,5.457142857142858,0.5,0.6
2024.11.04startup_a,startup_a,20241104,2,477.0,90,0,segue,0.18774148652268383,-0.03292060583452806,3.3333333333333335,4.535714285714283,0.2857142857142857,0.300000000000001
2024.11.04startup_a,startup_a,20241104,3,315.0,90,1,segue,0.5238970807610189,-0.33838067288944956,3.3333333333333335,-1.0000000000000073,0.42857142857142855,0.10000000000000044
2024.11.04startup_a,startup_a,20241104,3,515.0,90,0,segue,0.007624127225331903,0.09110840799952143,4.0,5.0714285714285685,0.5714285714285714,0.9000000000000006
2024.11.04startup_a,startup_a,20241104,3,474.0,90,0,segue,0.14980402960200542,-0.04582073817362939,3.3333333333333335,4.535714285714283,0.2857142857142857,0.300000000000001
2024.11.04startup_a,startup_a,20241104,3,503.0,90,0,segue,0.19323409210003292,0.031010775221524296,5.333333333333333,4.78181818181818,0.4,0.5333333333333337
2024.11.04startup_a,startup_a,20241104,4,345.0,90,1,segue,0.009181992020364906,-0.4668956331421512,5.333333333333333,-0.17272727272727298,0.45454545454545453,0.11818181818181817
2024.11.04startup_a,startup_a,20241104,4,460.0,90,0,segue,-0.11199109409455278,-0.02859893812222873,2.6666666666666665,-2.785714285714299,0.42857142857142855,0.47142857142857175
2024.11.04startup_a,startup_a,20241104,4,498.0,90,0,segue,0.2244524740716149,0.00811815777521899,5.333333333333333,4.78181818181818,0.4,0.5333333333333337
2024.11.04startup_a,startup_a,20241104,4,491.0,90,0,segue,0.249609151336156,0.00359850463200236,4.0,4.083333333333333,0.375,0.8392857142857152
2024.11.04startup_a,startup_a,20241104,5,364.0,90,1,segue,0.05362685530509648,-0.41625857298202246,6.0,-1.388111888111887,0.4166666666666667,0.21818181818181812
2024.11.04startup_a,startup_a,20241104,5,501.0,90,0,segue,0.20973355656637344,0.02114705216404415,5.333333333333333,4.78181818181818,0.4,0.5333333333333337
2024.11.04startup_a,startup_a,20241104,5,474.0,90,0,segue,0.14980402960200542,-0.04582073817362939,3.3333333333333335,4.535714285714283,0.2857142857142857,0.300000000000001
2024.11.04startup_a,startup_a,20241104,5,476.0,90,0,segue,0.17629793614253253,-0.03758807690686001,3.3333333333333335,4.535714285714283,0.2857142857142857,0.300000000000001
2024.11.04startup_a,startup_a,20241104,6,620.0,90,1,segue,-0.23960172515916417,-0.05606126459178041,0.0,,0.0,
2024.11.04startup_a,startup_a,20241104,6,496.0,90,0,segue,0.23111411583329364,0.01706632645502445,4.666666666666667,1.8666666666666658,0.4444444444444444,0.6607142857142854
2024.11.04startup_a,startup_a,20241104,6,469.0,90,0,segue,0.06913921613240932,-0.0439305508232149,3.3333333333333335,4.535714285714283,0.2857142857142857,0.300000000000001
2024.11.04startup_a,startup_a,20241104,6,489.0,90,0,segue,0.2579275481032483,-0.006258682831950794,4.0,4.083333333333333,0.375,0.8392857142857152
2024.11.04startup_a,startup_a,20241104,7,678.0,90,1,scorecard,0.4584774786884242,-0.44997025031182114,5.333333333333333,-1.6833333333333345,0.1111111111111111,2.1845238095238084
2024.11.04startup_a,startup_a,20241104,7,842.0,90,0,scorecard,-0.3265893081575933,0.08643657401024973,1.3333333333333333,-4.9,0.2,
2024.11.04startup_a,startup_a,20241104,7,873.0,90,0,scorecard,0.16206409629286833,-0.05329425207923683,1.3333333333333333,,0.25,
2024.11.04startup_a,startup_a,20241104,7,847.0,90,0,scorecard,-0.24213863448675393,0.048242357447091315,1.3333333333333333,-4.9,0.2,
2024.11.04startup_a,startup_a,20241104,8,1106.0,90,1,ids,0.20990953827867234,-0.055714163259460645,4.0,12.857142857142854,0.42857142857142855,-0.18571428571428553
2024.11.04startup_a,startup_a,20241104,8,4265.0,90,0,ids,0.5598871030911199,-0.0907827825419181,2.6666666666666665,-0.19999999999999962,0.6,
2024.11.04startup_a,startup_a,20241104,8,1387.0,90,0,ids,-0.5129586355479516,0.20349377056404486,1.3333333333333333,,0.3333333333333333,
2024.11.04startup_a,startup_a,20241104,8,1493.0,90,0,ids,-0.2000245391669642,0.11436467637060027,1.3333333333333333,,0.3333333333333333,
2024.11.04startup_a,startup_a,20241104,9,1913.0,90,1,ids,0.37620836365667143,-0.06028185644247515,2.0,,0.75,
2024.11.04startup_a,startup_a,20241104,9,1205.0,90,0,ids,-0.2679457722744321,0.38793196831677773,4.0,9.642857142857139,0.5,0.17857142857142874
2024.11.04startup_a,startup_a,20241104,9,1290.0,90,0,ids,0.4609616249570089,-0.2945455033991242,2.6666666666666665,-1.2999999999999936,0.6,
2024.11.04startup_a,startup_a,20241104,9,4135.0,90,0,ids,0.44390158895627674,-0.1209258659545929,2.6666666666666665,-13.085714285714298,0.6666666666666666,3.499999999999999
2024.11.04startup_a,startup_a,20241104,10,2206.0,90,1,ids,0.3817640654141056,-0.20190865383282663,1.3333333333333333,,0.6666666666666666,
2024.11.04startup_a,startup_a,20241104,10,1818.0,90,0,ids,-0.20036745016929322,0.1278927578892952,3.3333333333333335,9.499999999999998,0.5714285714285714,-1.5142857142857145
2024.11.04startup_a,startup_a,20241104,10,1339.0,90,0,ids,0.027711626317334075,0.05869299893486438,3.3333333333333335,-1.0000000000000049,0.6666666666666666,-0.14999999999999988
2024.11.04startup_a,startup_a,20241104,10,1390.0,90,0,ids,-0.48513621386419764,0.17142561924040994,1.3333333333333333,,0.3333333333333333,
2024.11.04startup_a,startup_a,20241104,11,2236.0,90,1,ids,0.6774294776787292,-0.6305895504844795,4.0,-4.642857142857145,0.2857142857142857,1.171428571428572
2024.11.04startup_a,startup_a,20241104,11,3665.0,90,0,ids,0.08634337277417363,-0.09319719824917555,3.3333333333333335,8.942857142857145,0.5,0.5000000000000001
2024.11.04startup_a,startup_a,20241104,11,2041.0,90,0,ids,-0.5370283273347911,0.34776134238281425,6.0,3.824242424242425,0.6,-0.2750000000000001
2024.11.04startup_a,startup_a,20241104,11,1604.0,90,0,ids,0.12435838059131034,-0.1018722663587924,3.3333333333333335,10.657142857142858,0.3333333333333333,-0.4
2024.11.04startup_a,startup_a,20241104,12,2281.0,90,1,ids,0.14831947464956435,-0.7754566878830779,10.0,-0.2691176470588238,0.25,0.017857142857142856
2024.11.04startup_a,startup_a,20241104,12,3803.0,90,0,ids,0.1141984714300071,-0.05746926780717683,1.3333333333333333,,1.0,
2024.11.04startup_a,startup_a,20241104,12,4809.0,90,0,ids,0.09781256031185538,-0.4773774813545437,6.0,-0.7575757575757571,0.3,0.30000000000000043
2024.11.04startup_a,startup_a,20241104,12,1623.0,90,0,ids,-0.05715923217820729,0.0869202548058371,3.3333333333333335,10.657142857142858,0.3333333333333333,-0.4
2024.11.04startup_a,startup_a,20241104,13,2343.0,90,1,ids,-0.19926055174374036,0.6117140773242371,7.333333333333333,1.255244755244755,0.4166666666666667,0.6227272727272728
2024.11.04startup_a,startup_a,20241104,13,2107.0,90,0,ids,0.3759948594968229,-0.048400081934488116,4.666666666666667,-2.4333333333333393,0.3333333333333333,0.9047619047619045
2024.11.04startup_a,startup_a,20241104,13,4819.0,90,0,ids,0.11975793291515886,-0.3752971999026619,6.0,-0.7575757575757571,0.3,0.30000000000000043
2024.11.04startup_a,startup_a,20241104,13,3544.0,90,0,ids,-0.010988549283870719,-0.16074707472281147,2.0,-11.542857142857155,0.16666666666666666,-0.6500000000000001
2024.11.04startup_a,startup_a,20241104,14,2541.0,90,1,ids,0.4117300442440001,-0.3124626659523206,4.0,-2.1428571428571526,0.42857142857142855,0.028571428571428487
2024.11.04startup_a,startup_a,20241104,14,3628.0,90,0,ids,0.16677066904597349,-0.005583938342637594,4.666666666666667,2.3214285714285707,0.375,0.7142857142857145
2024.11.04startup_a,startup_a,20241104,14,3049.0,90,0,ids,0.12567979953132086,-0.27445811316767066,5.333333333333333,2.7999999999999994,0.4444444444444444,0.8988095238095235
2024.11.04startup_a,startup_a,20241104,14,4771.0,90,0,ids,-0.03716305240642258,-0.046393688792577104,1.3333333333333333,,0.25,
2024.11.04startup_a,startup_a,20241104,15,2577.0,90,1,ids,-0.0797769689726819,-0.44284312285896554,8.666666666666666,-0.8835164835164842,0.14285714285714285,-0.14835164835164844
2024.11.04startup_a,startup_a,20241104,15,2729.0,90,0,ids,0.0,2.0964868185876535e-16,0.0,,1.0,
2024.11.04startup_a,startup_a,20241104,15,4147.0,90,0,ids,0.45026564995313173,-0.151829602992931,2.6666666666666665,4.7,0.6,
2024.11.04startup_a,startup_a,20241104,15,4698.0,90,0,ids,-0.05777862013871828,0.4421028670170077,8.666666666666666,2.7120879120879122,0.0,-0.11538461538461535
2024.11.04startup_a,startup_a,20241104,16,2894.0,90,1,ids,-0.06283560602268727,0.13504619165975026,4.666666666666667,1.392857142857144,0.375,1.267857142857144
2024.11.04startup_a,startup_a,20241104,16,1610.0,90,0,ids,0.07115750642776651,-0.052812709048634936,3.3333333333333335,10.657142857142858,0.3333333333333333,-0.4
2024.11.04startup_a,startup_a,20241104,16,4714.0,90,0,ids,0.01681099012915795,0.2128547477037496,6.666666666666667,6.227272727272727,0.09090909090909091,-0.7181818181818178
2024.11.04startup_a,startup_a,20241104,16,4802.0,90,0,ids,0.043434850786548795,-0.4287960596590131,4.666666666666667,-4.46428571428571,0.25,-0.017857142857142686
2024.11.04startup_a,startup_a,20241104,17,3169.0,90,1,ids,0.18466359851114636,-0.256696109685901,3.3333333333333335,-3.38095238095238,0.375,0.42857142857142855
2024.11.04startup_a,startup_a,20241104,17,4117.0,90,0,ids,0.25172609658675715,-0.0467533603157395,0.0,,1.0,
2024.11.04startup_a,startup_a,20241104,17,1319.0,90,0,ids,0.2401844209059474,-0.2570313575718445,4.0,0.46428571428571414,0.5714285714285714,-0.32857142857142857
2024.11.04startup_a,startup_a,20241104,17,1437.0,90,0,ids,0.288254453323044,-0.17291352825402964,1.3333333333333333,,0.25,
2024.11.04startup_a,startup_a,20241104,18,3325.0,90,1,ids,0.25479590122544743,0.048276764390967605,2.0,1.5999999999999983,0.4,
2024.11.04startup_a,startup_a,20241104,18,4793.0,90,0,ids,0.002939783923154846,-0.3519603187178648,2.6666666666666665,-1.7000000000000015,0.4,
2024.11.04startup_a,startup_a,20241104,18,1448.0,90,0,ids,0.23110592794109724,-0.08743568332052033,1.3333333333333333,,0.3333333333333333,
2024.11.04startup_a,startup_a,20241104,18,1766.0,90,0,ids,0.314739623852644,-0.2020701700065177,2.0,,0.75,
2024.11.04startup_a,startup_a,20241104,19,3401.0,90,1,ids,-0.05159479139236089,-0.049605332061082794,3.3333333333333335,1.4642857142857093,0.5714285714285714,-0.7142857142857139
2024.11.04startup_a,startup_a,20241104,19,2733.0,90,0,ids,0.0,2.0964868185876535e-16,0.0,,1.0,
2024.11.04startup_a,startup_a,20241104,19,1411.0,90,0,ids,-0.0959059787331043,-0.089112531886041,1.3333333333333333,,0.25,
2024.11.04startup_a,startup_a,20241104,19,972.0,90,0,ids,0.29588253830525046,-0.04269249360995448,3.3333333333333335,5.0357142857142865,0.42857142857142855,0.21428571428571452
2024.11.04startup_a,startup_a,20241104,20,3415.0,90,1,ids,-0.10458992675749228,0.0021586559096011143,3.3333333333333335,0.880952380952381,0.5,-1.6249999999999991
2024.11.04startup_a,startup_a,20241104,20,1770.0,90,0,ids,0.36898509708553123,-0.22293270669213466,4.0,0.2857142857142764,0.7142857142857143,-0.32857142857142857
2024.11.04startup_a,startup_a,20241104,20,4172.0,90,0,ids,0.03115162909828923,-0.03402370984242359,4.0,5.3571428571428505,0.7142857142857143,0.014285714285714625
2024.11.04startup_a,startup_a,20241104,20,1442.0,90,0,ids,0.2823181049861789,-0.13484007691814337,1.3333333333333333,,0.25,
2024.11.04startup_a,startup_a,20241104,21,3442.0,90,1,ids,0.21980609042266164,-0.39735274225942524,6.0,-2.7142857142857113,0.6153846153846154,0.5052447552447553
2024.11.04startup_a,startup_a,20241104,21,1606.0,90,0,ids,0.10250156820747781,-0.08943436240076715,3.3333333333333335,10.657142857142858,0.3333333333333333,-0.4
2024.11.04startup_a,startup_a,20241104,21,4722.0,90,0,ids,0.058157664828880046,0.1714177261927242,4.666666666666667,9.071428571428571,0.125,-0.8214285714285711
2024.11.04startup_a,startup_a,20241104,21,2104.0,90,0,ids,0.40841589817155594,-0.0662413530561201,4.666666666666667,-2.4333333333333393,0.3333333333333333,0.9047619047619045
2024.11.04startup_a,startup_a,20241104,22,3916.0,90,1,ids,0.3175208760138163,0.04654097427178297,3.3333333333333335,12.642857142857142,0.5714285714285714,-1.6571428571428577
2024.11.04startup_a,startup_a,20241104,22,2679.0,90,0,ids,-0.5657710379005556,0.13974756026915422,2.0,19.000000000000004,0.5,-1.0999999999999999
2024.11.04startup_a,startup_a,20241104,22,4222.0,90,0,ids,-0.11277572121522075,0.05121877033978663,1.3333333333333333,,1.0,
2024.11.04startup_a,startup_a,20241104,22,4013.0,90,0,ids,-0.40486274035294084,0.46634016159926944,7.333333333333333,4.686813186813186,0.38461538461538464,0.10314685314685301
2024.11.04startup_a,startup_a,20241104,23,4396.0,90,1,ids,-0.4019723307537315,0.11533556124995138,3.3333333333333335,-9.20000000000001,0.3333333333333333,1.5000000000000002
2024.11.04startup_a,startup_a,20241104,23,2738.0,90,0,ids,0.0,2.0964868185876535e-16,0.0,,1.0,
2024.11.04startup_a,startup_a,20241104,23,3736.0,90,0,ids,-0.4747266659785979,0.12541750896263026,2.0,25.699999999999996,0.4,
2024.11.04startup_a,startup_a,20241104,23,1357.0,90,0,ids,-0.2125844451793924,0.2508254127517285,3.3333333333333335,3.5714285714285716,0.5,4.6499999999999995
2024.11.04startup_a,startup_a,20241104,24,4592.0,90,1,ids,0.5578117607413444,-0.35714801792848616,2.0,0.09999999999999919,0.8,
2024.11.04startup_a,startup_a,20241104,24,2695.0,90,0,ids,-0.25651481480725186,0.03817400762180413,0.0,,1.0,
2024.11.04startup_a,startup_a,20241104,24,1396.0,90,0,ids,-0.3991168838781617,0.09053252584845796,0.6666666666666666,,0.5,
2024.11.04startup_a,startup_a,20241104,24,986.0,90,0,ids,0.1563704189338152,0.01811771994041523,2.6666666666666665,13.2,0.4,
2024.11.04startup_a,startup_a,20241104,25,4962.0,90,1,ids,0.13769267042185113,-0.3646908329294097,4.0,0.16666666666666582,0.0,-1.1904761904761902
2024.11.04startup_a,startup_a,20241104,25,1800.0,90,0,ids,0.07472011081632192,-0.025081327729495638,3.3333333333333335,7.6571428571428575,0.6666666666666666,-0.05000000000000031
2024.11.04startup_a,startup_a,20241104,25,3540.0,90,0,ids,-0.08218897639223648,-0.08994996099191069,0.6666666666666666,,0.25,
2024.11.04startup_a,startup_a,20241104,25,4009.0,90,0,ids,-0.34104768980855105,0.41809912769851704,7.333333333333333,3.1713286713286704,0.3333333333333333,-0.09090909090909088
2024.11.04startup_b,startup_b,20241104,0,112.0,90,1,segue,0.5252416706084702,-0.9953085157661876,8.0,0.12087912087912109,0.38461538461538464,-0.4248251748251744
2024.11.04startup_b,startup_b,20241104,0,2306.0,90,0,ids,-0.20103884413160725,-0.005954667186033477,2.6666666666666665,-15.08571428571429,0.3333333333333333,1.399999999999999
2024.11.04startup_b,startup_b,20241104,0,4149.0,90,0,ids,-0.007663683040591164,0.0798857517208354,5.333333333333333,1.8424242424242427,0.3,-0.7416666666666671
2024.11.04startup_b,startup_b,20241104,0,2290.0,90,0,ids,-0.31620322176162147,0.19204902204880522,1.3333333333333333,12.400000000000004,0.6666666666666666,-2.2500000000000004
2024.11.04startup_b,startup_b,20241104,1,177.0,90,1,segue,-0.3922635720562627,0.9727634579394171,7.333333333333333,3.188811188811188,0.4166666666666667,0.2363636363636363
2024.11.04startup_b,startup_b,20241104,1,3811.0,90,0,ids,0.5355498759993059,-0.036393367550848016,0.6666666666666666,,0.6666666666666666,
2024.11.04startup_b,startup_b,20241104,1,3907.0,90,0,ids,-0.06054289373714422,-0.01699968035102243,1.3333333333333333,,0.75,
2024.11.04startup_b,startup_b,20241104,1,4677.0,90,0,ids,-0.11647784601308141,0.15509439096975938,4.0,0.40476190476190393,0.375,0.017857142857142908
2024.11.04startup_b,startup_b,20241104,2,317.0,90,1,segue,0.39804835980203324,-0.48191985599135057,6.0,-2.2060606060606056,0.3,0.441666666666667
2024.11.04startup_b,startup_b,20241104,2,4645.0,90,0,ids,0.0026196373498444336,-0.03675759842877147,4.666666666666667,0.5476190476190484,0.25,0.4464285714285714
2024.11.04startup_b,startup_b,20241104,2,4431.0,90,0,ids,-0.056795627159996004,-0.03362285935704434,6.0,1.054545454545456,0.5454545454545454,0.3333333333333333
2024.11.04startup_b,startup_b,20241104,2,4446.0,90,0,ids,-0.11244490222836767,-0.059556415896244407,4.0,-1.702380952380949,0.5,0.8214285714285721
2024.11.04startup_b,startup_b,20241104,3,569.0,90,1,scorecard,-0.18375140998673856,-0.2504383568622713,4.0,3.392857142857142,0.0,-0.5571428571428572
2024.11.04startup_b,startup_b,20241104,3,450.0,90,0,scorecard,0.3255137638579208,-0.16858397085765603,6.666666666666667,0.09090909090909137,0.18181818181818182,-0.27575757575757587
2024.11.04startup_b,startup_b,20241104,3,447.0,90,0,scorecard,0.3589036603676889,-0.22056505971155665,6.0,0.1090909090909092,0.1,-0.10833333333333334
2024.11.04startup_b,startup_b,20241104,3,465.0,90,0,scorecard,0.17741100398035747,0.046971095506795485,8.666666666666666,-0.2571428571428574,0.21428571428571427,-0.00824175824175834
2024.11.04startup_b,startup_b,20241104,4,586.0,90,1,scorecard,-0.22944959598155712,-0.024282255294978093,4.666666666666667,1.5357142857142854,0.0,0.053571428571428666
2024.11.04startup_b,startup_b,20241104,4,452.0,90,0,scorecard,0.3080365754768557,-0.13337401601312954,7.333333333333333,0.06643356643356689,0.16666666666666666,-0.13636363636363638
2024.11.04startup_b,startup_b,20241104,4,411.0,90,0,scorecard,0.316176135050633,-0.2894333450297014,4.666666666666667,-5.216666666666672,0.1111111111111111,0.81547619047619
2024.11.04startup_b,startup_b,20241104,4,427.0,90,0,scorecard,0.4926327436397911,-0.39349067160779244,5.333333333333333,1.2499999999999996,0.1111111111111111,0.011904761904761687
2024.11.04startup_b,startup_b,20241104,5,621.0,90,1,scorecard,0.033318604414708505,0.1325676348005817,4.666666666666667,1.1904761904761914,0.125,-0.46428571428571436
2024.11.04startup_b,startup_b,20241104,5,460.0,90,0,scorecard,0.23690152972686088,-0.011312450988843,8.0,-0.31318681318681263,0.15384615384615385,-0.08916083916083918
2024.11.04startup_b,startup_b,20241104,5,414.0,90,0,scorecard,0.37230211101429567,-0.3295379439312552,4.666666666666667,-0.9285714285714265,0.0,0.339285714285715
2024.11.04startup_b,startup_b,20241104,5,467.0,90,0,scorecard,0.15137149192897772,0.07124353447809514,8.666666666666666,-0.2571428571428574,0.21428571428571427,-0.00824175824175834
2024.11.04startup_b,startup_b,20241104,6,698.0,90,1,scorecard,-0.07479834514044147,0.3493449079021924,8.0,2.0549450549450547,0.38461538461538464,0.13111888111888112
2024.11.04startup_b,startup_b,20241104,6,442.0,90,0,scorecard,0.4255721553663044,-0.28379639398481754,5.333333333333333,1.2499999999999996,0.1111111111111111,0.011904761904761687
2024.11.04startup_b,startup_b,20241104,6,443.0,90,0,scorecard,0.41098808152011573,-0.2790968127787732,5.333333333333333,1.2499999999999996,0.1111111111111111,0.011904761904761687
2024.11.04startup_b,startup_b,20241104,6,452.0,90,0,scorecard,0.3080365754768557,-0.13337401601312954,7.333333333333333,0.06643356643356689,0.16666666666666666,-0.13636363636363638
2024.11.04startup_b,startup_b,20241104,7,838.0,90,1,scorecard,0.2711538215311801,-0.3347670049547186,4.0,2.428571428571424,0.5714285714285714,-0.20000000000000037
2024.11.04startup_b,startup_b,20241104,7,427.0,90,0,scorecard,0.4926327436397911,-0.39349067160779244,5.333333333333333,1.2499999999999996,0.1111111111111111,0.011904761904761687
2024.11.04startup_b,startup_b,20241104,7,453.0,90,0,scorecard,0.2998989630954808,-0.11512479083949487,7.333333333333333,0.06643356643356689,0.16666666666666666,-0.13636363636363638
2024.11.04startup_b,startup_b,20241104,7,476.0,90,0,scorecard,0.06286506423679501,0.1493844986989905,8.0,0.42307692307692346,0.3076923076923077,0.24475524475524454
2024.11.04startup_b,startup_b,20241104,8,997.0,90,1,rock_review,-0.30523799704301924,0.1026080619882134,6.0,-0.32121212121212145,0.2,0.016666666666666382
2024.11.04startup_b,startup_b,20241104,8,2292.0,90,0,ids,-0.31197853727425573,0.1725237102907332,1.3333333333333333,12.400000000000004,0.6666666666666666,-2.2500000000000004
2024.11.04startup_b,startup_b,20241104,8,3771.0,90,0,ids,-0.07675990991315848,0.024334999416409556,0.6666666666666666,,0.75,
2024.11.04startup_b,startup_b,20241104,8,4038.0,90,0,ids,-0.17145903956256295,0.07323333931954111,2.6666666666666665,12.100000000000007,0.4,
2024.11.04startup_b,startup_b,20241104,9,1239.0,90,1,ids,0.45409369739185335,-0.4210900123414646,3.3333333333333335,0.7714285714285676,0.5,3.4000000000000004
2024.11.04startup_b,startup_b,20241104,9,2631.0,90,0,ids,0.0031241551159829767,0.2701512502965124,10.666666666666666,0.21813725490196068,0.23529411764705882,0.022794117647058795
2024.11.04startup_b,startup_b,20241104,9,3167.0,90,0,ids,-0.2695779901622003,0.06512296887029294,10.666666666666666,0.1642156862745098,0.29411764705882354,-0.006617647058823562
2024.11.04startup_b,startup_b,20241104,9,4149.0,90,0,ids,-0.007663683040591164,0.0798857517208354,5.333333333333333,1.8424242424242427,0.3,-0.7416666666666671
2024.11.04startup_b,startup_b,20241104,10,1562.0,90,1,ids,0.3331355555561499,-0.08672962665466816,4.666666666666667,1.1904761904761927,0.375,-0.4285714285714281
2024.11.04startup_b,startup_b,20241104,10,4446.0,90,0,ids,-0.11244490222836767,-0.059556415896244407,4.0,-1.702380952380949,0.5,0.8214285714285721
2024.11.04startup_b,startup_b,20241104,10,2338.0,90,0,ids,0.3127066905959989,-0.5440723720127498,5.333333333333333,-5.854545454545457,0.5,1.3083333333333347
2024.11.04startup_b,startup_b,20241104,10,4057.0,90,0,ids,-0.22232528541980282,0.05214762814549788,2.6666666666666665,12.100000000000007,0.4,
2024.11.04startup_b,startup_b,20241104,11,1751.0,90,1,ids,-0.15934510051296466,0.14866757093761532,2.6666666666666665,9.100000000000003,0.6,
2024.11.04startup_b,startup_b,20241104,11,3927.0,90,0,ids,0.16523246651938606,-0.0398992673759571,1.3333333333333333,,0.75,
2024.11.04startup_b,startup_b,20241104,11,4509.0,90,0,ids,-0.011390041566399176,0.0041977690983772305,3.3333333333333335,4.821428571428572,0.5714285714285714,1.6142857142857163
2024.11.04startup_b,startup_b,20241104,11,3622.0,90,0,ids,0.12302977005026641,-0.013841562343842666,2.0,1.2000000000000024,0.8,
2024.11.04startup_b,startup_b,20241104,12,1946.0,90,1,ids,-0.24984515532999077,0.2923007502912338,2.0,14.3,0.6,
2024.11.04startup_b,startup_b,20241104,12,1459.0,90,0,ids,0.1869845846455035,-0.028580247918585096,0.6666666666666666,,0.5,
2024.11.04startup_b,startup_b,20241104,12,1853.0,90,0,ids,-0.32336154500302267,0.35865739835847205,4.666666666666667,4.619047619047618,0.625,0.5535714285714284
2024.11.04startup_b,startup_b,20241104,12,1456.0,90,0,ids,0.15456716944527563,-0.026911393641888347,0.6666666666666666,,0.5,
2024.11.04startup_b,startup_b,20241104,13,2082.0,90,1,ids,-0.1103451754893276,-0.08007375380552048,2.6666666666666665,6.600000000000004,0.2,
2024.11.04startup_b,startup_b,20241104,13,3756.0,90,0,ids,-0.08411920441287278,0.02058594236364201,0.6666666666666666,,0.6666666666666666,
2024.11.04startup_b,startup_b,20241104,13,4037.0,90,0,ids,-0.16687740749915578,0.07062748480831732,2.6666666666666665,12.100000000000007,0.4,
2024.11.04startup_b,startup_b,20241104,13,4273.0,90,0,ids,0.22227782717073852,-0.04463490055775337,1.3333333333333333,,0.6666666666666666,
2024.11.04startup_b,startup_b,20241104,14,2447.0,90,1,ids,-0.4078371256767496,0.1853985292534199,4.0,-2.4642857142857153,0.2857142857142857,6.057142857142859
2024.11.04startup_b,startup_b,20241104,14,1654.0,90,0,ids,-0.18804556106154272,0.3128802259006955,6.666666666666667,2.0363636363636366,0.45454545454545453,-0.26666666666666644
2024.11.04startup_b,startup_b,20241104,14,2619.0,90,0,ids,0.10632983112243061,0.22953046735740043,9.333333333333334,0.592857142857143,0.13333333333333333,0.05494505494505498
2024.11.04startup_b,startup_b,20241104,14,4344.0,90,0,ids,0.103116066601411,-0.23121074331844582,3.3333333333333335,-3.285714285714294,0.5714285714285714,1.300000000000001
2024.11.04startup_b,startup_b,20241104,15,2722.0,90,1,ids,-0.05579208629463218,-0.16473703732141376,4.666666666666667,-0.6190476190476181,0.375,2.4464285714285707
2024.11.04startup_b,startup_b,20241104,15,4057.0,90,0,ids,-0.22232528541980282,0.05214762814549788,2.6666666666666665,12.100000000000007,0.4,
2024.11.04startup_b,startup_b,20241104,15,4354.0,90,0,ids,0.063814867938071,-0.11659758593170798,4.0,-4.2619047619047565,0.625,0.7857142857142869
2024.11.04startup_b,startup_b,20241104,15,1119.0,90,0,ids,0.44383914299109506,-0.1627818407575662,1.3333333333333333,,0.6666666666666666,
2024.11.04startup_b,startup_b,20241104,16,2813.0,90,1,ids,-0.23198212285791592,0.15103523585050396,8.0,-0.01098901098901053,0.23076923076923078,0.7412587412587408
2024.11.04startup_b,startup_b,20241104,16,3108.0,90,0,ids,0.167682873225845,-0.35925413982935966,10.666666666666666,-0.49999999999999906,0.29411764705882354,-0.0029411764705883046
2024.11.04startup_b,startup_b,20241104,16,4481.0,90,0,ids,-0.2940053638607591,0.13066119507398838,4.666666666666667,2.85,0.3333333333333333,-1.434523809523809
2024.11.04startup_b,startup_b,20241104,16,2590.0,90,0,ids,0.11020551291618039,0.2167276003044948,8.0,0.0439560439560444,0.15384615384615385,-0.41433566433566427
2024.11.04startup_b,startup_b,20241104,17,2832.0,90,1,ids,-0.13159600453784168,-0.10100098446098893,6.0,-0.12121212121212031,0.3,1.1000000000000005
2024.11.04startup_b,startup_b,20241104,17,1087.0,90,0,ids,0.08921175859334221,0.095613274551044,1.3333333333333333,,0.5,
2024.11.04startup_b,startup_b,20241104,17,3729.0,90,0,ids,0.023035410587724653,-0.007501872411596584,1.3333333333333333,,0.75,
2024.11.04startup_b,startup_b,20241104,17,3510.0,90,0,ids,-0.08514565844774155,0.12286743240933058,4.0,3.6904761904761902,0.25,-0.946428571428572
2024.11.04startup_b,startup_b,20241104,18,3015.0,90,1,ids,-0.27259163470416176,0.2945910307635342,4.666666666666667,4.012121212121212,0.2,-0.31666666666666676
2024.11.04startup_b,startup_b,20241104,18,1407.0,90,0,ids,-0.44133349177739595,0.1821468016146986,2.0,,0.25,
2024.11.04startup_b,startup_b,20241104,18,1435.0,90,0,ids,-0.2150920613901005,0.01313920188539846,0.0,,0.5,
2024.11.04startup_b,startup_b,20241104,18,2547.0,90,0,ids,-0.12877726479735124,0.18204723870897344,7.333333333333333,-0.010989010989010822,0.15384615384615385,0.36188811188811193
2024.11.04startup_b,startup_b,20241104,19,3287.0,90,1,ids,-0.21690811285040434,0.4146510485255346,6.666666666666667,3.6999999999999993,0.2727272727272727,-0.7484848484848484
2024.11.04startup_b,startup_b,20241104,19,4274.0,90,0,ids,0.23953714544016302,-0.051044968173158956,1.3333333333333333,,0.6666666666666666,
2024.11.04startup_b,startup_b,20241104,19,2586.0,90,0,ids,0.11951562431716686,0.1973980742655259,7.333333333333333,-0.25524475524475443,0.16666666666666666,-0.4590909090909091
2024.11.04startup_b,startup_b,20241104,19,3613.0,90,0,ids,0.030604844531317,-0.007909604551289825,2.0,1.2000000000000024,0.8,
2024.11.04startup_b,startup_b,20241104,20,3359.0,90,1,ids,0.05596493905265623,-0.6127363227869576,5.333333333333333,-1.9666666666666683,0.4444444444444444,0.1309523809523811
2024.11.04startup_b,startup_b,20241104,20,2346.0,90,0,ids,0.2916560715375619,-0.539278114272084,5.333333333333333,-2.2833333333333354,0.4444444444444444,0.8571428571428568
2024.11.04startup_b,startup_b,20241104,20,4408.0,90,0,ids,-0.09005695982637632,0.1568364743321068,3.3333333333333335,2.8928571428571392,0.7142857142857143,0.05714285714285733
2024.11.04startup_b,startup_b,20241104,20,3809.0,90,0,ids,0.5183079123487063,-0.035147062165733,0.6666666666666666,,0.6666666666666666,
2024.11.04startup_b,startup_b,20241104,21,4847.0,90,1,todo,-0.08504304297146398,0.35204502634184526,2.0,,0.5,
2024.11.04startup_b,startup_b,20241104,21,420.0,90,0,scorecard,0.4413719103439465,-0.3897556395507367,4.666666666666667,-0.9285714285714265,0.0,0.339285714285715
2024.11.04startup_b,startup_b,20241104,21,4743.0,90,0,ids,0.016100478282537255,-0.23783306511116734,6.0,-0.7272727272727266,0.2,0.2750000000000002
2024.11.04startup_b,startup_b,20241104,21,4120.0,90,0,ids,0.19639521770750448,-0.24899840288815658,4.0,11.999999999999996,0.14285714285714285,0.05714285714285684
2024.11.04startup_b,startup_b,20241104,22,4875.0,90,1,todo,0.26749643994994754,-0.23556792794398668,2.0,,0.25,
2024.11.04startup_b,startup_b,20241104,22,2251.0,90,0,ids,0.2364024443538943,-0.07899900000246418,3.3333333333333335,3.214285714285714,0.625,0.9821428571428577
2024.11.04startup_b,startup_b,20241104,22,4426.0,90,0,ids,-0.040305284816494875,-0.013044356870916192,6.0,1.054545454545456,0.5454545454545454,0.3333333333333333
2024.11.04startup_b,startup_b,20241104,22,3550.0,90,0,ids,-0.18759997600255376,0.15572232693756008,4.0,10.488095238095235,0.375,0.42857142857142877
2024.11.04startup_b,startup_b,20241104,23,4902.0,90,1,todo,0.2684583163684372,-0.7414266319545939,6.0,-2.860606060606063,0.4,-0.47500000000000003
2024.11.04startup_b,startup_b,20241104,23,1105.0,90,0,ids,0.2977884703300346,-0.04364719023085309,0.6666666666666666,,0.5,
2024.11.04startup_b,startup_b,20241104,23,2617.0,90,0,ids,0.12321786508553823,0.22045808851291088,9.333333333333334,0.592857142857143,0.13333333333333333,0.05494505494505498
2024.11.04startup_b,startup_b,20241104,23,3809.0,90,0,ids,0.5183079123487063,-0.035147062165733,0.6666666666666666,,0.6666666666666666,
2024.11.04startup_b,startup_b,20241104,24,4933.0,90,1,conclude,-0.19766047728254668,-0.10411271321146603,10.666666666666666,1.0661764705882355,0.4117647058823529,0.16691176470588226
2024.11.04startup_b,startup_b,20241104,24,5031.0,90,0,conclude,0.4272761590029617,-0.30114005722196996,4.0,0.10714285714285593,0.14285714285714285,0.2714285714285714
2024.11.04startup_b,startup_b,20241104,24,5024.0,90,0,conclude,0.4845631056685177,-0.2455680044409366,3.3333333333333335,-0.3714285714285724,0.16666666666666666,-0.24999999999999972
2024.11.04startup_b,startup_b,20241104,24,5023.0,90,0,conclude,0.4851793153226816,-0.2220772972240879,3.3333333333333335,-0.3714285714285724,0.16666666666666666,-0.24999999999999972
2024.11.11startup_a,startup_a,20241111,1,110.0,90,1,,0.2999048341073816,-0.9702078816426025,8.0,-0.7857142857142858,0.23076923076923078,-0.5804195804195795
2024.11.11startup_a,startup_a,20241111,1,3892.0,90,0,ids,-0.046065891393612626,0.043955052091098644,6.666666666666667,0.8090909090909095,0.36363636363636365,0.503030303030303
2024.11.11startup_a,startup_a,20241111,1,4573.0,90,0,ids,-0.10025840491285447,0.5445138132995784,2.6666666666666665,6.700000000000002,0.8,
2024.11.11startup_a,startup_a,20241111,1,1128.0,90,0,scorecard,-0.532018895869093,0.03613121545717391,0.0,,0.6666666666666666,
2024.11.11startup_a,startup_a,20241111,2,156.0,90,1,,-0.2012649317570228,0.5888325723168962,8.666666666666666,2.3956043956043955,0.14285714285714285,-0.1565934065934066
2024.11.11startup_a,startup_a,20241111,2,1767.0,90,0,todo,0.03967578616518539,0.06697090643205401,2.6666666666666665,9.1,0.2,
2024.11.11startup_a,startup_a,20241111,2,4701.0,90,0,ids,0.018405405028020794,0.20335463108886068,3.3333333333333335,7.142857142857142,0.2857142857142857,-0.4285714285714285
2024.11.11startup_a,startup_a,20241111,2,3996.0,90,0,ids,0.12266308853648052,-0.18536222737174696,4.666666666666667,3.1309523809523814,0.375,0.03571428571428558
2024.11.11startup_a,startup_a,20241111,3,263.0,90,1,segue,-0.04746367657560515,0.008756094252048478,2.0,-2.6285714285714312,0.3333333333333333,0.19999999999999996
2024.11.11startup_a,startup_a,20241111,3,942.0,90,0,segue,0.32312649249758596,-0.022667103558524044,2.0,,1.0,
2024.11.11startup_a,startup_a,20241111,3,457.0,90,0,segue,-0.15089735026206214,-0.012204458250508803,1.3333333333333333,,0.3333333333333333,
2024.11.11startup_a,startup_a,20241111,3,455.0,90,0,segue,-0.1757134330314624,-0.01121396067720614,1.3333333333333333,,0.3333333333333333,
2024.11.11startup_a,startup_a,20241111,4,336.0,90,1,segue,0.1820994155645866,-0.352976175327056,7.333333333333333,-1.349650349650348,0.4166666666666667,-0.15909090909090906
2024.11.11startup_a,startup_a,20241111,4,925.0,90,0,segue,0.1925215637307484,-0.0030773290711303305,2.0,,1.0,
2024.11.11startup_a,startup_a,20241111,4,459.0,90,0,segue,-0.1351264194449378,-0.010642661206133056,1.3333333333333333,,0.3333333333333333,
2024.11.11startup_a,startup_a,20241111,4,942.0,90,0,segue,0.32312649249758596,-0.022667103558524044,2.0,,1.0,
2024.11.11startup_a,startup_a,20241111,5,766.0,90,1,segue,0.11906613375163279,0.09262824567713851,2.0,12.0,0.2,
2024.11.11startup_a,startup_a,20241111,5,650.0,90,0,segue,0.34853518911768755,-0.28635963896472627,4.666666666666667,-3.0166666666666697,0.4444444444444444,0.4642857142857141
2024.11.11startup_a,startup_a,20241111,5,665.0,90,0,segue,0.5055084461683785,-0.42086864525258255,4.666666666666667,0.17857142857143124,0.375,1.5178571428571432
2024.11.11startup_a,startup_a,20241111,5,1038.0,90,0,segue,0.38612146910427736,-0.06889387202961486,1.3333333333333333,,0.6666666666666666,
2024.11.11startup_a,startup_a,20241111,6,799.0,90,1,segue,0.3264292271895827,-0.3227620997444054,2.6666666666666665,-2.2000000000000037,0.16666666666666666,-0.050000000000000454
2024.11.11startup_a,startup_a,20241111,6,625.0,90,0,segue,-0.35318846746144467,0.23356720463879027,2.0,12.3,0.6,
2024.11.11startup_a,startup_a,20241111,6,921.0,90,0,segue,0.09146438122534367,0.026800051512097234,2.0,-3.9999999999999987,1.0,
2024.11.11startup_a,startup_a,20241111,6,1040.0,90,0,segue,0.3952848958202893,-0.06436293413334443,1.3333333333333333,,0.6666666666666666,
2024.11.11startup_a,startup_a,20241111,7,812.0,90,1,segue,0.3479974958273288,-0.5246299766694678,5.333333333333333,-5.216666666666675,0.0,0.5297619047619045
2024.11.11startup_a,startup_a,20241111,7,625.0,90,0,segue,-0.35318846746144467,0.23356720463879027,2.0,12.3,0.6,
2024.11.11startup_a,startup_a,20241111,7,538.0,90,0,segue,0.5639200352560282,-0.1091867278922118,2.0,,1.0,
2024.11.11startup_a,startup_a,20241111,7,598.0,90,0,segue,-0.3838862305169921,0.05647558885773259,2.6666666666666665,6.7,0.6,
2024.11.11startup_a,startup_a,20241111,8,1357.0,90,1,todo,0.03991561686029457,0.009336466473650643,4.666666666666667,2.2261904761904767,0.0,-0.7678571428571427
2024.11.11startup_a,startup_a,20241111,8,2675.0,90,0,todo,0.08696744213660251,0.00036820454737781816,4.666666666666667,2.9761904761904767,0.375,0.7321428571428578
2024.11.11startup_a,startup_a,20241111,8,1796.0,90,0,todo,0.3338074934591879,0.005991436274357717,2.0,,0.25,
2024.11.11startup_a,startup_a,20241111,8,2665.0,90,0,todo,0.22607798536533616,-0.05911677175121457,4.666666666666667,2.9761904761904767,0.375,0.7321428571428578
2024.11.11startup_a,startup_a,20241111,9,1414.0,90,1,todo,0.196661179447962,0.04140326781221031,3.3333333333333335,4.371428571428572,0.3333333333333333,-1.0499999999999994
2024.11.11startup_a,startup_a,20241111,9,1753.0,90,0,todo,-0.11438203178987086,-0.07370036874360945,2.6666666666666665,9.1,0.2,
2024.11.11startup_a,startup_a,20241111,9,1872.0,90,0,todo,-0.24748521574002622,0.292008382277206,4.0,13.96428571428571,0.14285714285714285,-0.9285714285714286
2024.11.11startup_a,startup_a,20241111,9,2696.0,90,0,todo,0.010570799999663474,0.011929888890631034,4.0,6.107142857142855,0.42857142857142855,0.34285714285714336
2024.11.11startup_a,startup_a,20241111,10,1555.0,90,1,todo,-0.2555581785726377,0.11126325818631623,4.666666666666667,-0.29761904761904545,0.25,0.5178571428571428
2024.11.11startup_a,startup_a,20241111,10,2525.0,90,0,todo,-0.0651765320640931,0.31014161783723726,4.0,4.249999999999994,0.2857142857142857,0.8428571428571432
2024.11.11startup_a,startup_a,20241111,10,2657.0,90,0,todo,0.3945968671467798,-0.14043889632597134,2.6666666666666665,3.6999999999999993,0.4,
2024.11.11startup_a,startup_a,20241111,10,1730.0,90,0,todo,-0.2708549472065029,-0.15409484093673775,2.0,-0.8999999999999936,0.4,
2024.11.11startup_a,startup_a,20241111,11,2020.0,90,1,todo,0.01541544382532068,-0.19124588349228558,6.0,1.6848484848484853,0.0,0.5833333333333337
2024.11.11startup_a,startup_a,20241111,11,2653.0,90,0,todo,0.4461148538452736,-0.1785162562135441,2.6666666666666665,3.6999999999999993,0.4,
2024.11.11startup_a,startup_a,20241111,11,2611.0,90,0,todo,-0.33159822954868634,-0.009832991215655855,1.3333333333333333,,0.6666666666666666,
2024.11.11startup_a,startup_a,20241111,11,2548.0,90,0,todo,0.2118049314767945,0.028576400240358416,4.0,17.21428571428571,0.375,1.2142857142857149
2024.11.11startup_a,startup_a,20241111,12,2137.0,90,1,todo,0.23795269383960702,-0.10431866378351319,0.6666666666666666,,0.6666666666666666,
2024.11.11startup_a,startup_a,20241111,12,1702.0,90,0,todo,-0.33899984899582536,-0.021582937394802743,1.3333333333333333,9.0,0.2,
2024.11.11startup_a,startup_a,20241111,12,1697.0,90,0,todo,-0.3452950572323124,0.03872416238688757,2.0,16.5,0.2,
2024.11.11startup_a,startup_a,20241111,12,2623.0,90,0,todo,-0.12901943374002978,-0.09581973097281396,2.6666666666666665,-22.499999999999993,0.6,
2024.11.11startup_a,startup_a,20241111,13,2204.0,90,1,todo,0.3453663374046657,-0.6366408320234931,6.0,-0.4969696969696964,0.2,-0.14166666666666677
2024.11.11startup_a,startup_a,20241111,13,1737.0,90,0,todo,-0.223443254872049,-0.17190135013498822,2.0,-0.8999999999999936,0.4,
2024.11.11startup_a,startup_a,20241111,13,2616.0,90,0,todo,-0.25749433678489086,-0.0447978853187404,1.3333333333333333,,0.6666666666666666,
2024.11.11startup_a,startup_a,20241111,13,2575.0,90,0,todo,-0.23587074072633463,0.08481387549849714,0.6666666666666666,,1.0,
2024.11.11startup_a,startup_a,20241111,14,2219.0,90,1,todo,0.1780140949330556,-0.3398398340337231,6.0,-0.4969696969696964,0.2,-0.14166666666666677
2024.11.11startup_a,startup_a,20241111,14,2678.0,90,0,todo,0.06323688221822416,0.010093634231015804,4.666666666666667,2.9761904761904767,0.375,0.7321428571428578
2024.11.11startup_a,startup_a,20241111,14,1885.0,90,0,todo,-0.5431739846585244,0.5172306487743317,4.0,15.39285714285714,0.25,-1.7678571428571423
2024.11.11startup_a,startup_a,20241111,14,1688.0,90,0,todo,-0.35903879941107936,0.20311619641198547,2.0,16.5,0.2,
2024.11.11startup_a,startup_a,20241111,15,2348.0,90,1,todo,-0.012354338870608517,0.11728749387575385,3.3333333333333335,1.5428571428571423,0.5,-2.8500000000000005
2024.11.11startup_a,startup_a,20241111,15,2630.0,90,0,todo,0.04422032066648047,-0.15453387428046525,2.0,,0.5,
2024.11.11startup_a,startup_a,20241111,15,2577.0,90,0,todo,-0.2688060322320194,0.09151207204965311,0.6666666666666666,,1.0,
2024.11.11startup_a,startup_a,20241111,15,2694.0,90,0,todo,0.02507495362370887,0.005193851391060424,4.0,6.107142857142855,0.42857142857142855,0.34285714285714336
2024.11.11startup_a,startup_a,20241111,16,2407.0,90,1,todo,0.2781090995335918,-0.9073006296305636,6.0,-0.7090909090909089,0.3,0.7250000000000002
2024.11.11startup_a,startup_a,20241111,16,1745.0,90,0,todo,-0.15838016609434244,-0.15771503332888243,1.3333333333333333,,0.5,
2024.11.11startup_a,startup_a,20241111,16,1916.0,90,0,todo,-0.3418521611894727,0.22707257335978925,0.6666666666666666,,0.6666666666666666,
2024.11.11startup_a,startup_a,20241111,16,1834.0,90,0,todo,0.48039001830572264,-0.528920649188397,4.666666666666667,0.8452380952380953,0.0,-1.392857142857142
2024.11.11startup_a,startup_a,20241111,17,2896.0,90,1,ids,-0.1986580365716554,0.40721907139053765,6.666666666666667,0.5699300699300702,0.16666666666666666,0.9999999999999997
2024.11.11startup_a,startup_a,20241111,17,4297.0,90,0,ids,0.1966862421973445,-0.3083883489100007,5.333333333333333,3.2666666666666657,0.5555555555555556,-0.7857142857142855
2024.11.11startup_a,startup_a,20241111,17,4654.0,90,0,ids,-0.21297704758455852,-0.12338728839936146,2.6666666666666665,-0.8857142857142929,0.3333333333333333,-0.49999999999999983
2024.11.11startup_a,startup_a,20241111,17,3915.0,90,0,ids,-0.421089741408798,0.43799585284508347,6.0,2.9636363636363634,0.3,0.16666666666666674
2024.11.11startup_a,startup_a,20241111,18,3016.0,90,1,ids,0.2653082948719962,-0.161309325781124,5.333333333333333,0.6333333333333326,0.2222222222222222,-0.3749999999999998
2024.11.11startup_a,startup_a,20241111,18,4849.0,90,0,ids,0.29649309216918135,-0.11279702012866212,2.0,,0.5,
2024.11.11startup_a,startup_a,20241111,18,3608.0,90,0,ids,-0.0014512127153644052,-0.06097929062736239,3.3333333333333335,3.971428571428571,0.16666666666666666,3.35
2024.11.11startup_a,startup_a,20241111,18,4271.0,90,0,ids,0.3935836650184444,-0.42522447777712835,2.0,,0.75,
2024.11.11startup_a,startup_a,20241111,19,3036.0,90,1,ids,0.20351223768585694,-0.2827690293940444,3.3333333333333335,4.542857142857144,0.3333333333333333,1.4
2024.11.11startup_a,startup_a,20241111,19,3947.0,90,0,ids,-0.252326060918951,0.29072068617035235,5.333333333333333,3.05,0.1111111111111111,0.16666666666666655
2024.11.11startup_a,startup_a,20241111,19,4947.0,90,0,ids,-0.1390902979264018,0.032459921717964,0.0,,1.0,
2024.11.11startup_a,startup_a,20241111,19,4302.0,90,0,ids,0.11537477366893989,-0.18430799173385076,5.333333333333333,3.2666666666666657,0.5555555555555556,-0.7857142857142855
2024.11.11startup_a,startup_a,20241111,20,3159.0,90,1,ids,-0.07829186572645609,0.041710675951493074,,,,
2024.11.11startup_a,startup_a,20241111,20,4555.0,90,0,ids,-0.07753960847636393,0.5425786966165147,5.333333333333333,5.65,0.5555555555555556,-0.6845238095238094
2024.11.11startup_a,startup_a,20241111,20,4777.0,90,0,ids,-0.35451620199432965,0.04081692730965138,1.3333333333333333,,0.3333333333333333,
2024.11.11startup_a,startup_a,20241111,20,4222.0,90,0,ids,-0.36672138386625636,0.29862238423904597,4.0,8.571428571428568,0.42857142857142855,0.5428571428571431
2024.11.11startup_a,startup_a,20241111,21,3411.0,90,1,ids,-0.18338559668829177,-0.13006389046718758,6.0,-0.3333333333333317,0.4,-0.18333333333333313
2024.11.11startup_a,startup_a,20241111,21,4885.0,90,0,ids,0.11531755595798839,0.06629953572383676,1.3333333333333333,,0.6666666666666666,
2024.11.11startup_a,startup_a,20241111,21,5005.0,90,0,ids,0.28360904560690536,-0.15088323222447358,2.0,,0.5,
2024.11.11startup_a,startup_a,20241111,21,3852.0,90,0,ids,0.20029560384061026,-0.2992169429758119,6.666666666666667,1.3363636363636369,0.5454545454545454,0.36666666666666653
2024.11.11startup_a,startup_a,20241111,22,3453.0,90,1,ids,0.30756584559400413,-0.696596315220071,8.0,-0.9120879120879116,0.23076923076923078,0.3076923076923077
2024.11.11startup_a,startup_a,20241111,22,5082.0,90,0,ids,-0.013558517942979218,-0.062472727957499634,0.6666666666666666,,1.0,
2024.11.11startup_a,startup_a,20241111,22,4790.0,90,0,ids,-0.34162250327452215,0.06892589844350806,2.0,,0.5,
2024.11.11startup_a,startup_a,20241111,22,5066.0,90,0,ids,-0.11090289047824707,0.07283573921022445,2.0,,0.5,
2024.11.11startup_a,startup_a,20241111,23,4434.0,90,1,ids,-0.010233928745323095,-0.21770409986323974,4.666666666666667,0.14285714285714293,0.625,1.8928571428571428
2024.11.11startup_a,startup_a,20241111,23,2784.0,90,0,ids,-0.24504845190156366,0.246665409868317,8.0,3.5109890109890105,0.15384615384615385,0.15559440559440552
2024.11.11startup_a,startup_a,20241111,23,3620.0,90,0,ids,0.06856098261874026,0.0793339693437817,3.3333333333333335,2.0285714285714205,0.3333333333333333,-0.899999999999999
2024.11.11startup_a,startup_a,20241111,23,3720.0,90,0,ids,-0.15053373653998178,-0.1449432550421899,6.0,0.40000000000000135,0.5,-0.2916666666666668
2024.11.11startup_b,startup_b,20241111,0,66.0,90,1,,0.2757915229345508,-0.28171494564863425,10.0,0.7397058823529411,0.1875,-0.24821428571428572
2024.11.11startup_b,startup_b,20241111,0,1048.0,90,0,todo,-0.01566449324334226,0.09331662073209597,2.0,,0.5,
2024.11.11startup_b,startup_b,20241111,0,1670.0,90,0,ids,-0.28961838386598465,0.002219580771142257,10.0,-0.08596491228070027,0.2631578947368421,0.2889576883384932
2024.11.11startup_b,startup_b,20241111,0,4673.0,90,0,ids,0.018624030398173688,0.05344331319561263,4.0,5.214285714285714,0.2857142857142857,-2.385714285714286
2024.11.11startup_b,startup_b,20241111,1,303.0,90,1,segue,0.13181560110723278,0.03664999819644623,4.666666666666667,2.266666666666667,0.2222222222222222,-0.10714285714285711
2024.11.11startup_b,startup_b,20241111,1,208.0,90,0,segue,0.1611750971135902,-0.2543166076241196,7.333333333333333,1.269230769230769,0.23076923076923078,-0.07692307692307684
2024.11.11startup_b,startup_b,20241111,1,212.0,90,0,segue,0.04946320458043711,-0.21424540077160678,7.333333333333333,1.269230769230769,0.23076923076923078,-0.07692307692307684
2024.11.11startup_b,startup_b,20241111,1,192.0,90,0,segue,0.32578804375796433,-0.33605738721279205,4.0,3.9999999999999956,0.2857142857142857,0.35714285714285743
2024.11.11startup_b,startup_b,20241111,2,334.0,90,1,segue,0.575250369258138,-0.6354790997036182,9.333333333333334,-0.46323529411764724,0.1875,0.008928571428571456
2024.11.11startup_b,startup_b,20241111,2,182.0,90,0,segue,0.20972230948191112,-0.2713071499643779,4.0,3.9999999999999956,0.2857142857142857,0.35714285714285743
2024.11.11startup_b,startup_b,20241111,2,179.0,90,0,segue,0.14469186648257948,-0.2199391863872582,4.0,-2.8333333333333304,0.375,0.46428571428571436
2024.11.11startup_b,startup_b,20241111,2,169.0,90,0,segue,-0.09688067078044289,-0.0079965687873761,5.333333333333333,0.8969696969696975,0.3,-0.01666666666666666
2024.11.11startup_b,startup_b,20241111,3,352.0,90,1,scorecard,0.6127867487743459,-0.6408782924974616,10.666666666666666,-0.5789473684210528,0.2777777777777778,0.03921568627450968
2024.11.11startup_b,startup_b,20241111,3,4834.0,90,0,ids,0.7518719566669301,-0.8123667579940803,6.666666666666667,-2.899999999999999,0.45454545454545453,0.5393939393939393
2024.11.11startup_b,startup_b,20241111,3,3057.0,90,0,ids,-0.30619195296531215,0.09808022025767893,12.0,1.7438596491228073,0.15789473684210525,-0.17698658410732707
2024.11.11startup_b,startup_b,20241111,3,4709.0,90,0,ids,-0.31425458653423294,0.13914902617747069,4.666666666666667,1.488095238095239,0.5,-0.05357142857142851
2024.11.11startup_b,startup_b,20241111,4,406.0,90,1,scorecard,0.0459693535203329,-0.16394895800301912,14.666666666666666,-0.18873517786561236,0.2608695652173913,0.06380575945793333
2024.11.11startup_b,startup_b,20241111,4,3489.0,90,0,ids,-0.5446377578773501,0.09999307345092613,2.0,22.400000000000002,0.6,
2024.11.11startup_b,startup_b,20241111,4,3228.0,90,0,ids,-0.5151491323305704,0.09618765883573573,0.6666666666666666,,0.75,
2024.11.11startup_b,startup_b,20241111,4,4973.0,90,0,ids,0.505805659004422,-0.4622925215334548,4.666666666666667,-3.154761904761903,0.375,0.42857142857142827
2024.11.11startup_b,startup_b,20241111,5,450.0,90,1,scorecard,-0.008266481141429307,-0.23824412026931202,12.666666666666666,-0.14060150375939845,0.2,0.057017543859649106
2024.11.11startup_b,startup_b,20241111,5,4649.0,90,0,ids,-0.2274371751977985,-0.01203356508105613,6.0,3.0121212121212126,0.3,-0.21666666666666662
2024.11.11startup_b,startup_b,20241111,5,4514.0,90,0,ids,-0.40551622486014516,0.5758190567363749,7.333333333333333,3.5769230769230758,0.3333333333333333,0.2136363636363637
2024.11.11startup_b,startup_b,20241111,5,1830.0,90,0,ids,-0.13124226322828492,0.06495558505902109,2.6666666666666665,3.7999999999999967,0.5,0.04999999999999896
2024.11.11startup_b,startup_b,20241111,6,505.0,90,1,scorecard,-0.0022575702536570402,-0.1856809352766936,12.666666666666666,0.209486166007905,0.18181818181818182,-0.06363636363636369
2024.11.11startup_b,startup_b,20241111,6,4676.0,90,0,ids,0.020607450068448642,0.07269496086899621,4.666666666666667,7.285714285714284,0.375,-0.9642857142857142
2024.11.11startup_b,startup_b,20241111,6,3479.0,90,0,ids,-0.520882112760897,0.050760130157541036,2.6666666666666665,0.4999999999999991,0.6,
2024.11.11startup_b,startup_b,20241111,6,4954.0,90,0,ids,-0.03133152477321076,-0.023142384857919814,4.0,1.7499999999999991,0.5714285714285714,-0.7
2024.11.11startup_b,startup_b,20241111,7,669.0,90,1,rock_review,0.15933492620346426,0.1433971723691967,1.3333333333333333,,0.75,
2024.11.11startup_b,startup_b,20241111,7,2389.0,90,0,ids,-0.22761526633559043,0.21657146049376313,4.0,11.952380952380949,0.375,0.16071428571428584
2024.11.11startup_b,startup_b,20241111,7,2560.0,90,0,ids,0.2928298268407313,-0.06953103119145182,6.0,3.0909090909090904,0.3,0.20000000000000015
2024.11.11startup_b,startup_b,20241111,7,3092.0,90,0,ids,-0.47234902075565355,0.5387833848292812,6.666666666666667,2.4780219780219794,0.23076923076923078,-0.2902097902097904
2024.11.11startup_b,startup_b,20241111,8,776.0,90,1,todo,-0.20225309607224443,0.39735676286843963,6.0,1.3818181818181812,0.45454545454545453,-0.11515151515151524
2024.11.11startup_b,startup_b,20241111,8,1045.0,90,0,todo,-0.020957311821301106,0.12582082243708964,2.0,,0.5,
2024.11.11startup_b,startup_b,20241111,8,1035.0,90,0,todo,-0.09384213897447802,0.31501337368466875,2.6666666666666665,-0.8999999999999944,0.6,
2024.11.11startup_b,startup_b,20241111,8,1061.0,90,0,todo,-0.11211985244386732,-0.005403351421764585,1.3333333333333333,,0.3333333333333333,
2024.11.11startup_b,startup_b,20241111,9,792.0,90,1,todo,0.16864320512095388,-0.06680720529071621,7.333333333333333,-0.5824175824175818,0.38461538461538464,0.008741258741258699
2024.11.11startup_b,startup_b,20241111,9,1084.0,90,0,todo,-0.15194370917872588,-0.05429822720531944,1.3333333333333333,,0.3333333333333333,
2024.11.11startup_b,startup_b,20241111,9,1071.0,90,0,todo,-0.13923969446323012,-0.0470986856670102,1.3333333333333333,,0.3333333333333333,
2024.11.11startup_b,startup_b,20241111,9,1089.0,90,0,todo,-0.16076626572930208,-0.047070597970692324,0.6666666666666666,,0.6666666666666666,
2024.11.11startup_b,startup_b,20241111,10,936.0,90,1,todo,0.09027840819674421,-0.2313066554826583,9.333333333333334,0.4571428571428574,0.26666666666666666,0.06373626373626376
2024.11.11startup_b,startup_b,20241111,10,1097.0,90,0,todo,-0.14777688359743804,-0.023933956261390416,1.3333333333333333,,0.75,
2024.11.11startup_b,startup_b,20241111,10,1087.0,90,0,todo,-0.15832473698140104,-0.05076453558690929,1.3333333333333333,,0.5,
2024.11.11startup_b,startup_b,20241111,10,1027.0,90,0,todo,-0.16340166605864165,0.521588331451901,5.333333333333333,9.450000000000003,0.4444444444444444,-1.8690476190476182
2024.11.11startup_b,startup_b,20241111,11,1187.0,90,1,todo,0.23725919876662702,-0.17074693606193486,2.6666666666666665,-15.657142857142869,0.3333333333333333,3.25
2024.11.11startup_b,startup_b,20241111,11,1042.0,90,0,todo,-0.03841472595671987,0.16962579605206712,2.0,,0.5,
2024.11.11startup_b,startup_b,20241111,11,1089.0,90,0,todo,-0.16076626572930208,-0.047070597970692324,0.6666666666666666,,0.6666666666666666,
2024.11.11startup_b,startup_b,20241111,11,1075.0,90,0,todo,-0.14059756729404219,-0.05251609158272731,1.3333333333333333,,0.3333333333333333,
2024.11.11startup_b,startup_b,20241111,12,1306.0,90,1,todo,-0.12265550282116118,-0.3624900350062202,10.0,-1.4298245614035079,0.21052631578947367,0.2951496388028894
2024.11.11startup_b,startup_b,20241111,12,1096.0,90,0,todo,-0.1512007467572767,-0.02669032654008181,1.3333333333333333,,0.75,
2024.11.11startup_b,startup_b,20241111,12,1076.0,90,0,todo,-0.14144243330307235,-0.05379800278735198,1.3333333333333333,,0.3333333333333333,
2024.11.11startup_b,startup_b,20241111,12,1054.0,90,0,todo,-0.04515144689945522,0.06256428618415966,1.3333333333333333,,0.3333333333333333,
2024.11.11startup_b,startup_b,20241111,13,1360.0,90,1,todo,-0.21934114101374041,0.2946772091259876,14.0,0.6195652173913043,0.08333333333333333,-0.0849802371541503
2024.11.11startup_b,startup_b,20241111,13,1038.0,90,0,todo,-0.06905522219995247,0.2502075205042581,2.6666666666666665,-0.8999999999999944,0.6,
2024.11.11startup_b,startup_b,20241111,13,1044.0,90,0,todo,-0.02587648460407525,0.1387778766475956,2.0,,0.5,
2024.11.11startup_b,startup_b,20241111,13,1031.0,90,0,todo,-0.1288536436534053,0.41285125542870577,3.3333333333333335,6.857142857142857,0.5,-2.4500000000000006
2024.11.11startup_b,startup_b,20241111,14,1396.0,90,1,ids,0.030993059400461737,-0.4140781592692105,10.666666666666666,-0.19607843137254927,0.11764705882352941,0.2367647058823529
2024.11.11startup_b,startup_b,20241111,14,3253.0,90,0,ids,-0.12158681537535196,-0.005409549846567509,1.3333333333333333,,0.75,
2024.11.11startup_b,startup_b,20241111,14,4988.0,90,0,ids,0.5094739797613006,-0.5372163897057145,7.333333333333333,-2.657342657342656,0.3333333333333333,0.49090909090909063
2024.11.11startup_b,startup_b,20241111,14,2337.0,90,0,ids,-0.025651894952862908,-0.18240997770047573,5.333333333333333,5.745454545454546,0.3,-1.1750000000000005
2024.11.11startup_b,startup_b,20241111,15,1563.0,90,1,ids,0.18862916257558568,-0.5129425737822146,5.333333333333333,-2.6333333333333355,0.1111111111111111,-0.7261904761904759
2024.11.11startup_b,startup_b,20241111,15,4376.0,90,0,ids,0.22334949700855955,-0.023048569279842824,5.333333333333333,4.163636363636364,0.4,3.8281559855741024e-16
2024.11.11startup_b,startup_b,20241111,15,1821.0,90,0,ids,0.03772073845233367,0.025972877570752152,1.3333333333333333,,0.5,
2024.11.11startup_b,startup_b,20241111,15,3049.0,90,0,ids,0.07216272951748594,-0.07751777466365593,12.0,1.7438596491228073,0.15789473684210525,-0.17698658410732707
2024.11.11startup_b,startup_b,20241111,16,2140.0,90,1,ids,0.3725133627909602,-0.28048471680982323,10.0,-0.49999999999999917,0.1875,0.16964285714285712
2024.11.11startup_b,startup_b,20241111,16,2524.0,90,0,ids,0.6197096331129199,-0.1871704714502143,2.6666666666666665,-3.800000000000006,0.3333333333333333,0.4999999999999995
2024.11.11startup_b,startup_b,20241111,16,1939.0,90,0,ids,-0.02343820215461755,-0.006552185220208055,0.6666666666666666,,1.0,
2024.11.11startup_b,startup_b,20241111,16,4916.0,90,0,ids,-0.7433175460650846,0.7712060779156897,5.333333333333333,4.000000000000001,0.4444444444444444,-0.10714285714285723
2024.11.11startup_b,startup_b,20241111,17,2650.0,90,1,ids,0.7124850217602658,-0.6401023537145397,6.666666666666667,0.7636363636363637,0.36363636363636365,-0.14848484848484855
2024.11.11startup_b,startup_b,20241111,17,2532.0,90,0,ids,0.6670932655727067,-0.22052148523657555,4.666666666666667,-4.116666666666671,0.2222222222222222,0.17857142857142838
2024.11.11startup_b,startup_b,20241111,17,3580.0,90,0,ids,-0.023404652294716707,0.02269882288079566,0.6666666666666666,,0.5,
2024.11.11startup_b,startup_b,20241111,17,4435.0,90,0,ids,0.5006826470100243,-0.5934935470910094,6.666666666666667,-2.3818181818181805,0.36363636363636365,0.8121212121212118
2024.11.11startup_b,startup_b,20241111,18,2708.0,90,1,ids,-0.07323809625738953,0.25046727616972436,5.333333333333333,2.612121212121214,0.4,-0.11666666666666689
2024.11.11startup_b,startup_b,20241111,18,1874.0,90,0,ids,-0.011411035356763875,-0.008522225303081459,1.3333333333333333,,0.6666666666666666,
2024.11.11startup_b,startup_b,20241111,18,2035.0,90,0,ids,-0.09562902130378992,0.0016772144640044555,1.3333333333333333,3.1999999999999997,0.4,
2024.11.11startup_b,startup_b,20241111,18,4349.0,90,0,ids,0.2509943320060041,-0.04809268838224464,4.666666666666667,-2.0000000000000013,0.4444444444444444,0.7142857142857134
2024.11.11startup_b,startup_b,20241111,19,2817.0,90,1,ids,-0.1292211972941678,-0.03246665335241155,10.666666666666666,0.12796697626419007,0.2777777777777778,-0.03186274509803905
2024.11.11startup_b,startup_b,20241111,19,4345.0,90,0,ids,0.22311030012278757,-0.06276626614572291,4.0,-1.2380952380952364,0.375,0.4642857142857155
2024.11.11startup_b,startup_b,20241111,19,4620.0,90,0,ids,-0.22478308269501052,0.15336810474103385,7.333333333333333,1.6293706293706298,0.3333333333333333,-0.24999999999999992
2024.11.11startup_b,startup_b,20241111,19,3135.0,90,0,ids,0.5283158597435622,-0.05972889722117528,2.0,1.3999999999999952,0.4,
2024.11.11startup_b,startup_b,20241111,20,2890.0,90,1,ids,-0.05680928163595173,0.13038876379747263,12.666666666666666,0.027819548872180726,0.35,0.10263157894736834
2024.11.11startup_b,startup_b,20241111,20,3573.0,90,0,ids,-0.01126890666041915,0.010929062868531353,0.6666666666666666,,0.5,
2024.11.11startup_b,startup_b,20241111,20,2473.0,90,0,ids,0.09541325957618478,-0.026809651768983197,1.3333333333333333,,0.6666666666666666,
2024.11.11startup_b,startup_b,20241111,20,4990.0,90,0,ids,0.47986577796290053,-0.5293876303716771,7.333333333333333,-2.657342657342656,0.3333333333333333,0.49090909090909063
2024.11.11startup_b,startup_b,20241111,21,3677.0,90,1,ids,0.9041007292048929,-0.5906259801796219,8.666666666666666,-2.774999999999999,0.2,-0.04725274725274722
2024.11.11startup_b,startup_b,20241111,21,3253.0,90,0,ids,-0.12158681537535196,-0.005409549846567509,1.3333333333333333,,0.75,
2024.11.11startup_b,startup_b,20241111,21,3559.0,90,0,ids,-0.0012221008484187225,0.005793593917301112,1.3333333333333333,,0.6666666666666666,
2024.11.11startup_b,startup_b,20241111,21,1988.0,90,0,ids,-0.013035814362311306,-0.0004879327836407319,4.0,3.7619047619047614,0.5,0.6785714285714289
2024.11.11startup_b,startup_b,20241111,22,3879.0,90,1,ids,0.34036085857020043,-0.22313084207692413,4.666666666666667,-7.300000000000006,0.4444444444444444,1.4821428571428568
2024.11.11startup_b,startup_b,20241111,22,5049.0,90,0,ids,-0.35255004543865565,0.5339791648126336,7.333333333333333,4.9945054945054945,0.3076923076923077,-0.5174825174825172
2024.11.11startup_b,startup_b,20241111,22,3585.0,90,0,ids,-0.02672990344041416,0.016117601803561046,0.6666666666666666,,0.5,
2024.11.11startup_b,startup_b,20241111,22,2297.0,90,0,ids,-0.10726797665555922,0.133015876868381,4.666666666666667,0.25000000000000283,0.375,1.232142857142858
2024.11.11startup_b,startup_b,20241111,23,3970.0,90,1,ids,-0.15674133893180814,0.06399209985557816,9.333333333333334,-0.09285714285714275,0.26666666666666666,0.32857142857142857
2024.11.11startup_b,startup_b,20241111,23,3199.0,90,0,ids,-0.5224678498924995,0.12735125838305777,0.6666666666666666,,0.6666666666666666,
2024.11.11startup_b,startup_b,20241111,23,3431.0,90,0,ids,0.519816304092499,-0.1255763826461845,0.6666666666666666,,1.0,
2024.11.11startup_b,startup_b,20241111,23,3545.0,90,0,ids,-0.052202742632149454,0.028515314063587528,1.3333333333333333,,0.6666666666666666,
2024.11.11startup_b,startup_b,20241111,24,4023.0,90,1,ids,-0.013607072888071605,0.26415972247448066,5.333333333333333,0.8166666666666658,0.1111111111111111,-0.005952380952381014
2024.11.11startup_b,startup_b,20241111,24,1921.0,90,0,ids,-0.2929611966449083,0.020720273871556685,0.0,,1.0,
2024.11.11startup_b,startup_b,20241111,24,4521.0,90,0,ids,-0.4374662691318465,0.5091003594216289,6.666666666666667,3.5636363636363644,0.36363636363636365,0.5121212121212121
2024.11.11startup_b,startup_b,20241111,24,3019.0,90,0,ids,0.8752391309055617,-0.6023842674077228,11.333333333333334,-0.7162022703818363,0.16666666666666666,-0.02818627450980437
2024.11.11startup_b,startup_b,20241111,25,4136.0,90,1,ids,-0.05463431611503906,0.7304032528786361,6.0,0.7454545454545454,0.0,1.3333333333333328
2024.11.11startup_b,startup_b,20241111,25,3178.0,90,0,ids,-0.1485052479841851,0.030706945569515434,2.0,11.900000000000002,0.4,
2024.11.11startup_b,startup_b,20241111,25,1827.0,90,0,ids,-0.08407828291811859,0.053048250207472725,2.0,6.700000000000005,0.4,
2024.11.11startup_b,startup_b,20241111,25,3052.0,90,0,ids,-0.06736564081333143,-0.03141745146857853,12.0,1.7438596491228073,0.15789473684210525,-0.17698658410732707
2024.11.11startup_b,startup_b,20241111,26,4234.0,90,1,ids,-0.04158446690147355,0.4827750568223464,11.333333333333334,0.5190918472652221,0.2222222222222222,-0.11642156862745101
2024.11.11startup_b,startup_b,20241111,26,2495.0,90,0,ids,0.255041456670733,-0.02430251376666107,1.3333333333333333,,0.75,
2024.11.11startup_b,startup_b,20241111,26,2382.0,90,0,ids,-0.13508587730423893,0.11879260937672945,4.0,11.952380952380949,0.375,0.16071428571428584
2024.11.11startup_b,startup_b,20241111,26,1989.0,90,0,ids,-0.03801174326788635,0.0033287904040727786,4.0,3.7619047619047614,0.5,0.6785714285714289
2024.11.11startup_b,startup_b,20241111,27,5174.0,90,1,conclude,0.5568169478646744,-0.6439208078688271,7.333333333333333,0.4405594405594421,0.3333333333333333,-0.04090909090909088
2024.11.11startup_b,startup_b,20241111,27,5338.0,90,0,conclude,0.07364771157687705,-0.0521925729062694,4.666666666666667,1.533333333333332,0.4444444444444444,-3.8035714285714275
2024.11.11startup_b,startup_b,20241111,27,5344.0,90,0,conclude,0.05686994286051164,-0.07341694561373188,4.666666666666667,1.533333333333332,0.4444444444444444,-3.8035714285714275
2024.11.11startup_b,startup_b,20241111,27,5334.0,90,0,conclude,0.055599775593012296,0.0012134891862266575,4.666666666666667,1.533333333333332,0.4444444444444444,-3.8035714285714275
2024.11.11startup_b,startup_b,20241111,28,5244.0,90,1,conclude,-0.35007645721976133,0.18593132223094785,12.0,0.2877192982456144,0.10526315789473684,0.007223942208462294
2024.11.11startup_b,startup_b,20241111,28,5350.0,90,0,conclude,0.0011074507047971575,-0.029894472127835116,3.3333333333333335,-0.7857142857142915,0.42857142857142855,-6.442857142857143
2024.11.11startup_b,startup_b,20241111,28,5343.0,90,0,conclude,0.06248565169223427,-0.07721905937146488,4.666666666666667,1.533333333333332,0.4444444444444444,-3.8035714285714275
2024.11.11startup_b,startup_b,20241111,28,5344.0,90,0,conclude,0.05686994286051164,-0.07341694561373188,4.666666666666667,1.533333333333332,0.4444444444444444,-3.8035714285714275
2024.11.11startup_b,startup_b,20241111,29,5456.0,90,1,conclude,0.1439088934608309,-0.07387934588312091,4.666666666666667,3.8214285714285703,0.375,-0.5535714285714288
2024.11.11startup_b,startup_b,20241111,29,5349.0,90,0,conclude,0.009610814019413659,-0.040130102966488064,3.3333333333333335,-0.7857142857142915,0.42857142857142855,-6.442857142857143
2024.11.11startup_b,startup_b,20241111,29,5335.0,90,0,conclude,0.062070919583538775,-0.016579852196737223,4.666666666666667,1.533333333333332,0.4444444444444444,-3.8035714285714275
2024.11.11startup_b,startup_b,20241111,29,5364.0,90,0,conclude,-0.11079281340470941,0.05222050540888061,3.3333333333333335,8.142857142857139,0.42857142857142855,2.0000000000000004
2024.11.18startup_a,startup_a,20241118,0,70.0,90,1,segue,-0.6593083400614611,1.0906703111425966,6.666666666666667,4.063636363636363,0.36363636363636365,0.18181818181818188
2024.11.18startup_a,startup_a,20241118,0,238.0,90,0,segue,-0.682099388837182,0.18133614845035187,3.3333333333333335,15.357142857142852,0.42857142857142855,-0.8857142857142858
2024.11.18startup_a,startup_a,20241118,0,235.0,90,0,segue,-0.7016047184309443,0.18410084300157753,3.3333333333333335,15.357142857142852,0.42857142857142855,-0.8857142857142858
2024.11.18startup_a,startup_a,20241118,0,242.0,90,0,segue,-0.6267552741376816,0.1690405949550026,3.3333333333333335,15.357142857142852,0.42857142857142855,-0.8857142857142858
2024.11.18startup_a,startup_a,20241118,1,110.0,90,1,segue,0.07031813748165884,0.04691924267093252,6.0,2.0909090909090913,0.2,-0.1833333333333333
2024.11.18startup_a,startup_a,20241118,1,241.0,90,0,segue,-0.6432452036977125,0.17289376786933788,3.3333333333333335,15.357142857142852,0.42857142857142855,-0.8857142857142858
2024.11.18startup_a,startup_a,20241118,1,244.0,90,0,segue,-0.5892050005655884,0.15978943069488277,3.3333333333333335,15.357142857142852,0.42857142857142855,-0.8857142857142858
2024.11.18startup_a,startup_a,20241118,1,208.0,90,0,segue,-0.21422883579137503,0.07366568405076374,3.3333333333333335,12.057142857142859,0.3333333333333333,0.6
2024.11.18startup_a,startup_a,20241118,2,1491.0,90,1,ids,0.5422559211442517,-0.020696091897254434,0.6666666666666666,,0.6666666666666666,
2024.11.18startup_a,startup_a,20241118,2,1948.0,90,0,ids,0.04659019444116445,0.03294896230702936,2.0,20.800000000000004,0.8,
2024.11.18startup_a,startup_a,20241118,2,2156.0,90,0,ids,0.30524182622440593,-0.14210856119267876,1.3333333333333333,,0.25,
2024.11.18startup_a,startup_a,20241118,2,3513.0,90,0,ids,0.37877184275523224,-0.044061447713162866,,,,
2024.11.18startup_a,startup_a,20241118,3,1512.0,90,1,ids,0.6171109349834707,-0.22156879528338785,0.6666666666666666,,1.0,
2024.11.18startup_a,startup_a,20241118,3,2178.0,90,0,ids,0.5270355473582802,-0.3743513732514548,3.3333333333333335,11.999999999999998,0.16666666666666666,1.249094521129488e-16
2024.11.18startup_a,startup_a,20241118,3,2463.0,90,0,ids,-0.37781888989757173,0.08064555498424165,2.0,19.400000000000006,0.6,
2024.11.18startup_a,startup_a,20241118,3,1237.0,90,0,ids,0.43921227021351456,-0.3668097438613294,1.3333333333333333,,0.0,
2024.11.18startup_a,startup_a,20241118,4,1553.0,90,1,ids,0.18132181461095825,-0.7579807064078371,7.333333333333333,-3.3391608391608405,0.4166666666666667,0.3318181818181818
2024.11.18startup_a,startup_a,20241118,4,1949.0,90,0,ids,0.05051435894660071,0.032676319606625606,2.0,20.800000000000004,0.8,
2024.11.18startup_a,startup_a,20241118,4,4141.0,90,0,ids,0.2206153250375817,-0.05379865825475294,3.3333333333333335,9.11428571428571,0.16666666666666666,-0.25000000000000033
2024.11.18startup_a,startup_a,20241118,4,3418.0,90,0,ids,-0.040380351330898775,0.007391821622320935,1.3333333333333333,,0.6666666666666666,
2024.11.18startup_a,startup_a,20241118,5,2278.0,90,1,ids,0.20457087780841754,-0.1610835772146629,1.3333333333333333,,0.6666666666666666,
2024.11.18startup_a,startup_a,20241118,5,2016.0,90,0,ids,-0.34929741487774596,0.02694378343429357,0.0,,1.0,
2024.11.18startup_a,startup_a,20241118,5,4148.0,90,0,ids,-0.0791399591639269,-0.004725488230979975,3.3333333333333335,9.11428571428571,0.16666666666666666,-0.25000000000000033
2024.11.18startup_a,startup_a,20241118,5,1379.0,90,0,ids,-0.5402234519917887,0.2755455567071662,2.6666666666666665,16.828571428571433,0.3333333333333333,-1.15
2024.11.18startup_a,startup_a,20241118,6,2942.0,90,1,ids,0.1046493396985732,0.0031561273465774225,2.0,15.399999999999999,0.6,
2024.11.18startup_a,startup_a,20241118,6,3497.0,90,0,ids,0.304892521755319,-0.016209454119842818,,,,
2024.11.18startup_a,startup_a,20241118,6,2003.0,90,0,ids,-0.4337636528983835,0.055052757905654844,0.6666666666666666,,0.6666666666666666,
2024.11.18startup_a,startup_a,20241118,6,2477.0,90,0,ids,-0.24331623547670148,0.07562953659830128,0.6666666666666666,,0.6666666666666666,
2024.11.18startup_a,startup_a,20241118,7,3103.0,90,1,ids,0.23123458517196255,-0.05663232243931409,2.0,,1.0,
2024.11.18startup_a,startup_a,20241118,7,3937.0,90,0,ids,-0.17282320666117482,0.01481172229304937,0.0,,0.6666666666666666,
2024.11.18startup_a,startup_a,20241118,7,4758.0,90,0,ids,0.10974966175621204,-0.028338768241657996,4.666666666666667,2.2142857142857153,0.25,-0.24999999999999917
2024.11.18startup_a,startup_a,20241118,7,3433.0,90,0,ids,0.05691018123428593,-0.01808114938462771,1.3333333333333333,,0.6666666666666666,
2024.11.18startup_a,startup_a,20241118,8,3161.0,90,1,ids,-0.12269829314489096,-0.14677113213444595,5.333333333333333,0.7666666666666655,0.3333333333333333,-0.130952380952381
2024.11.18startup_a,startup_a,20241118,8,1684.0,90,0,ids,-0.05000453615375032,0.08999612993371267,3.3333333333333335,-1.0000000000000013,0.5714285714285714,-0.342857142857143
2024.11.18startup_a,startup_a,20241118,8,1238.0,90,0,ids,0.43982835345692334,-0.36519855867390727,1.3333333333333333,,0.0,
2024.11.18startup_a,startup_a,20241118,8,1360.0,90,0,ids,-0.5601836861085264,0.266009552990662,2.6666666666666665,16.828571428571433,0.3333333333333333,-1.15
2024.11.18startup_a,startup_a,20241118,9,3307.0,90,1,ids,0.16794238224203112,-0.20000682518365723,2.0,,0.5,
2024.11.18startup_a,startup_a,20241118,9,2475.0,90,0,ids,-0.27644197546418864,0.09111970945517761,0.6666666666666666,,0.6666666666666666,
2024.11.18startup_a,startup_a,20241118,9,1798.0,90,0,ids,0.017412486221659855,-0.0030327411338747544,0.6666666666666666,,1.0,
2024.11.18startup_a,startup_a,20241118,9,4127.0,90,0,ids,0.6156791790442829,-0.12593445035863363,3.3333333333333335,9.11428571428571,0.16666666666666666,-0.25000000000000033
2024.11.18startup_a,startup_a,20241118,10,3639.0,90,1,ids,0.0132051969225418,0.026011499381090646,1.3333333333333333,,1.0,
2024.11.18startup_a,startup_a,20241118,10,4816.0,90,0,ids,-0.0498298286336108,-0.028067979953313154,4.666666666666667,4.7976190476190474,0.125,0.7142857142857152
2024.11.18startup_a,startup_a,20241118,10,4044.0,90,0,ids,-0.2715790144715386,0.01365285322677175,0.0,,0.5,
2024.11.18startup_a,startup_a,20241118,10,1681.0,90,0,ids,0.0007571037157671889,0.05985664405587155,3.3333333333333335,-1.0000000000000013,0.5714285714285714,-0.342857142857143
2024.11.18startup_a,startup_a,20241118,11,3673.0,90,1,ids,0.6491784731126075,-0.3128763698000868,2.0,,0.25,
2024.11.18startup_a,startup_a,20241118,11,1364.0,90,0,ids,-0.5813346454070164,0.27483508786795335,2.6666666666666665,16.828571428571433,0.3333333333333333,-1.15
2024.11.18startup_a,startup_a,20241118,11,4704.0,90,0,ids,-0.028223801518409582,-0.1849514408448863,4.666666666666667,-0.2023809523809491,0.25,0.6071428571428572
2024.11.18startup_a,startup_a,20241118,11,2036.0,90,0,ids,-0.10562602048232668,-0.009686916759253294,0.6666666666666666,,0.3333333333333333,
2024.11.18startup_a,startup_a,20241118,12,3840.0,90,1,ids,0.03711609533788588,0.24176244490799847,4.666666666666667,2.7696969696969695,0.3,0.06666666666666685
2024.11.18startup_a,startup_a,20241118,12,2018.0,90,0,ids,-0.33037653894568786,0.024543226506450983,0.0,,1.0,
2024.11.18startup_a,startup_a,20241118,12,3526.0,90,0,ids,0.339364943043069,-0.04480508597991981,0.0,,1.0,
2024.11.18startup_a,startup_a,20241118,12,1773.0,90,0,ids,0.10277574986720324,0.012101755688264099,0.6666666666666666,,1.0,
2024.11.18startup_a,startup_a,20241118,13,4298.0,90,1,ids,0.24269390001931876,-0.2719553793331625,4.0,-1.45238095238095,0.5,1.1964285714285727
2024.11.18startup_a,startup_a,20241118,13,2109.0,90,0,ids,0.042041949003692014,-0.011703390742379872,1.3333333333333333,,0.5,
2024.11.18startup_a,startup_a,20241118,13,4142.0,90,0,ids,0.17970839918671594,-0.04690782473700638,3.3333333333333335,9.11428571428571,0.16666666666666666,-0.25000000000000033
2024.11.18startup_a,startup_a,20241118,13,2142.0,90,0,ids,0.05979532511632118,0.02313025584614581,0.0,,0.5,
2024.11.18startup_a,startup_a,20241118,14,4447.0,90,1,ids,-0.08226531833130656,0.0345091855425038,1.3333333333333333,,0.75,
2024.11.18startup_a,startup_a,20241118,14,1732.0,90,0,ids,-0.2946488364854725,0.09883525708845357,2.0,21.5,0.6,
2024.11.18startup_a,startup_a,20241118,14,1959.0,90,0,ids,0.051498158864952494,0.01760112970198196,1.3333333333333333,,0.6666666666666666,
2024.11.18startup_a,startup_a,20241118,14,4120.0,90,0,ids,0.7388796180299231,-0.15692137197972578,3.3333333333333335,-0.32142857142858217,0.2857142857142857,1.6142857142857157
2024.11.18startup_a,startup_a,20241118,15,4600.0,90,1,ids,0.07720398676484716,0.027170039019818622,2.6666666666666665,0.1000000000000026,0.8,
2024.11.18startup_a,startup_a,20241118,15,2486.0,90,0,ids,-0.12141174362718563,0.03980392269595293,0.6666666666666666,,0.6666666666666666,
2024.11.18startup_a,startup_a,20241118,15,3472.0,90,0,ids,0.04259115545872264,0.018594883464061913,0.6666666666666666,,0.6666666666666666,
2024.11.18startup_a,startup_a,20241118,15,1735.0,90,0,ids,-0.270381641654904,0.0945559848232741,2.0,21.5,0.6,
2024.11.18startup_a,startup_a,20241118,16,4928.0,90,1,ids,-0.019184204048929464,0.013249161944727774,2.6666666666666665,8.942857142857143,0.5,-0.3000000000000004
2024.11.18startup_a,startup_a,20241118,16,1655.0,90,0,ids,0.21038508391893573,0.004416687360939112,2.0,,0.75,
2024.11.18startup_a,startup_a,20241118,16,1202.0,90,0,ids,-0.0680120840987897,0.10239894006974527,1.3333333333333333,,0.5,
2024.11.18startup_a,startup_a,20241118,16,4125.0,90,0,ids,0.6558487670809412,-0.13604386816556568,3.3333333333333335,9.11428571428571,0.16666666666666666,-0.25000000000000033
2024.11.18startup_a,startup_a,20241118,17,5113.0,90,1,ids,0.24717631903573817,-0.35079122309787897,2.0,-15.000000000000002,0.4,
2024.11.18startup_a,startup_a,20241118,17,2465.0,90,0,ids,-0.36685082668594005,0.08313110620263155,2.0,19.400000000000006,0.6,
2024.11.18startup_a,startup_a,20241118,17,3474.0,90,0,ids,0.06683209456565069,0.018001511927523688,0.6666666666666666,,0.6666666666666666,
2024.11.18startup_a,startup_a,20241118,17,1685.0,90,0,ids,-0.06542829054858405,0.09983904572214025,3.3333333333333335,-1.0000000000000013,0.5714285714285714,-0.342857142857143
2024.11.18startup_a,startup_a,20241118,18,5134.0,90,1,ids,0.2423866699379777,-0.45119628973346215,2.6666666666666665,-10.57142857142858,0.3333333333333333,-0.6000000000000005
2024.11.18startup_a,startup_a,20241118,18,2038.0,90,0,ids,-0.07460233675585995,-0.01953536521203168,1.3333333333333333,,0.5,
2024.11.18startup_a,startup_a,20241118,18,2028.0,90,0,ids,-0.21761794759378505,0.01076695320222023,0.0,,0.6666666666666666,
2024.11.18startup_a,startup_a,20241118,18,3417.0,90,0,ids,-0.05066289842080485,0.008112775148176217,1.3333333333333333,,0.6666666666666666,
2024.11.18startup_a,startup_a,20241118,19,5182.0,90,1,ids,0.13623219981764276,-0.3191404767609457,6.0,0.2545454545454548,0.4,0.5916666666666667
2024.11.18startup_a,startup_a,20241118,19,2622.0,90,0,ids,-0.3975526028287184,0.022489781638618204,2.6666666666666665,6.800000000000003,0.6,
2024.11.18startup_a,startup_a,20241118,19,3409.0,90,0,ids,-0.15913891861888996,0.024118674837265687,1.3333333333333333,,0.6666666666666666,
2024.11.18startup_a,startup_a,20241118,19,4079.0,90,0,ids,0.26765677876910215,-0.014519012728424647,0.0,,0.3333333333333333,
2024.11.18startup_a,startup_a,20241118,20,5328.0,90,1,conclude,-0.25818093654754914,0.07085681493381911,7.333333333333333,1.9475524475524477,0.16666666666666666,-0.47727272727272724
2024.11.18startup_a,startup_a,20241118,20,484.0,90,0,scorecard,-0.12995934951415278,0.03926932079393635,1.3333333333333333,15.457142857142859,0.5,-0.3500000000000002
2024.11.18startup_a,startup_a,20241118,20,2179.0,90,0,ids,0.5298666645656583,-0.3776472052654601,3.3333333333333335,11.999999999999998,0.16666666666666666,1.249094521129488e-16
2024.11.18startup_a,startup_a,20241118,20,412.0,90,0,scorecard,0.08919596914356077,-0.015791498020182176,0.0,,0.5,
2024.11.18startup_b,startup_b,20241118,0,60.0,90,1,,-0.29904900415547636,0.5814513048646808,6.0,0.8242424242424244,0.4,0.3833333333333332
2024.11.18startup_b,startup_b,20241118,0,4356.0,90,0,ids,0.22982627273951128,-0.1938824322752332,3.3333333333333335,7.028571428571423,0.6666666666666666,1.55
2024.11.18startup_b,startup_b,20241118,0,2417.0,90,0,todo,-0.08973357492512508,-0.038098017160833254,0.6666666666666666,,0.6666666666666666,
2024.11.18startup_b,startup_b,20241118,0,3844.0,90,0,ids,0.18212427185102087,-0.08844427651138317,4.666666666666667,0.535714285714287,0.5,0.07142857142857127
2024.11.18startup_b,startup_b,20241118,1,98.0,90,1,segue,0.1311601603912838,-0.2243767462878241,6.0,0.39090909090909104,0.2727272727272727,-0.1484848484848479
2024.11.18startup_b,startup_b,20241118,1,4343.0,90,0,ids,-0.014256597206719044,-0.12803636781394456,2.6666666666666665,-14.628571428571442,0.6666666666666666,1.6999999999999995
2024.11.18startup_b,startup_b,20241118,1,1767.0,90,0,todo,-0.21578410273027077,0.08894415567364838,8.666666666666666,0.16703296703296655,0.2857142857142857,-0.17307692307692288
2024.11.18startup_b,startup_b,20241118,1,2255.0,90,0,todo,0.1554315378480533,-0.02449418217408307,4.0,2.535714285714286,0.42857142857142855,1.6571428571428577
2024.11.18startup_b,startup_b,20241118,2,181.0,90,1,segue,0.3292845108179372,-0.1482353377272373,6.666666666666667,0.30909090909090947,0.09090909090909091,-0.10909090909090922
2024.11.18startup_b,startup_b,20241118,2,3829.0,90,0,ids,-0.21125103031803927,-0.019008716467998846,4.666666666666667,0.535714285714287,0.5,0.07142857142857127
2024.11.18startup_b,startup_b,20241118,2,3362.0,90,0,ids,-0.10203865522191577,-0.07696629965074867,3.3333333333333335,2.9714285714285724,0.5,-0.24999999999999997
2024.11.18startup_b,startup_b,20241118,2,2301.0,90,0,todo,-0.07555590266798787,0.055334225902773954,1.3333333333333333,,0.6666666666666666,
2024.11.18startup_b,startup_b,20241118,3,193.0,90,1,segue,0.20315737943976855,-0.0828892952491554,6.666666666666667,-0.6727272727272721,0.18181818181818182,0.2030303030303028
2024.11.18startup_b,startup_b,20241118,3,1394.0,90,0,todo,0.06148501432675409,0.30087083106929646,7.333333333333333,1.178321678321678,0.3333333333333333,-0.5999999999999999
2024.11.18startup_b,startup_b,20241118,3,3852.0,90,0,ids,0.32630153344046164,-0.13044915471620047,4.0,2.0714285714285703,0.5714285714285714,0.3857142857142857
2024.11.18startup_b,startup_b,20241118,3,3960.0,90,0,ids,-0.5303479670912743,0.38198221751992933,4.0,8.46428571428571,0.2857142857142857,1.128571428571429
2024.11.18startup_b,startup_b,20241118,4,214.0,90,1,segue,-0.14624345276912343,0.335748179990828,7.333333333333333,2.9335664335664324,0.25,0.2818181818181817
2024.11.18startup_b,startup_b,20241118,4,5016.0,90,0,conclude,-0.146732149539829,0.04800478336545918,5.333333333333333,6.366666666666669,0.3333333333333333,-0.40476190476190466
2024.11.18startup_b,startup_b,20241118,4,3152.0,90,0,ids,0.4153732222567634,-0.3324883949041687,5.333333333333333,-3.3272727272727276,0.3,0.5666666666666671
2024.11.18startup_b,startup_b,20241118,4,4207.0,90,0,ids,-0.14514304225339855,-0.018634282775656846,2.6666666666666665,3.0000000000000044,0.2,
2024.11.18startup_b,startup_b,20241118,5,273.0,90,1,segue,-0.31885558036048567,-0.20048158254542506,8.666666666666666,-1.75824175824176,0.14285714285714285,0.19505494505494508
2024.11.18startup_b,startup_b,20241118,5,4708.0,90,0,ids,-0.32723971591326695,0.01799047228986814,1.3333333333333333,,0.6666666666666666,
2024.11.18startup_b,startup_b,20241118,5,1263.0,90,0,todo,-0.2031456421071878,-0.16950191078470844,8.0,-1.445054945054945,0.6153846153846154,0.49125874125874114
2024.11.18startup_b,startup_b,20241118,5,3755.0,90,0,ids,0.13076266476931903,0.02408816548406907,2.0,-5.4,0.4,
2024.11.18startup_b,startup_b,20241118,6,310.0,90,1,segue,0.39917424894655595,-0.5554149680649068,10.0,0.23382352941176512,0.0625,-0.17857142857142855
2024.11.18startup_b,startup_b,20241118,6,2875.0,90,0,ids,-0.28656691608152807,0.03817973721984921,2.0,-2.3999999999999924,0.6,
2024.11.18startup_b,startup_b,20241118,6,2250.0,90,0,todo,0.16404017830329556,-0.058234543673000336,4.666666666666667,2.7261904761904763,0.375,0.8214285714285711
2024.11.18startup_b,startup_b,20241118,6,4842.0,90,0,ids,0.16155376858027268,-0.012771870299571544,2.6666666666666665,25.5,0.4,
2024.11.18startup_b,startup_b,20241118,7,609.0,90,1,scorecard,0.3068150178175378,-0.4524236094445076,5.333333333333333,-2.850000000000004,0.4444444444444444,0.9999999999999996
2024.11.18startup_b,startup_b,20241118,7,418.0,90,0,scorecard,-0.3852200837266285,0.33987051238791127,5.333333333333333,1.8166666666666653,0.2222222222222222,-0.6607142857142856
2024.11.18startup_b,startup_b,20241118,7,486.0,90,0,scorecard,0.18853200724100871,0.15707034391898636,6.0,3.53939393939394,0.3,0.08333333333333354
2024.11.18startup_b,startup_b,20241118,7,445.0,90,0,scorecard,-0.15555544841519792,-0.10145948587569083,5.333333333333333,-3.983333333333336,0.3333333333333333,0.9047619047619041
2024.11.18startup_b,startup_b,20241118,8,661.0,90,1,scorecard,-0.0026530767432914435,-0.7448839971341789,11.333333333333334,-0.21981424148606804,0.1111111111111111,0.058823529411764705
2024.11.18startup_b,startup_b,20241118,8,478.0,90,0,scorecard,0.23207986053035803,0.10811281449482817,5.333333333333333,2.866666666666667,0.2222222222222222,0.03571428571428568
2024.11.18startup_b,startup_b,20241118,8,422.0,90,0,scorecard,-0.3732851914313245,0.2597433027518302,6.0,1.6848484848484868,0.2,-0.4750000000000001
2024.11.18startup_b,startup_b,20241118,8,472.0,90,0,scorecard,0.24648738339540358,0.04829321508600481,6.0,-0.9515151515151519,0.2,0.5333333333333337
2024.11.18startup_b,startup_b,20241118,9,816.0,90,1,todo,0.7812158154066899,-0.4759686444062221,3.3333333333333335,-8.42857142857144,0.42857142857142855,1.142857142857144
2024.11.18startup_b,startup_b,20241118,9,1278.0,90,0,todo,-0.1741137583748863,-0.21089142865386165,8.666666666666666,-0.8131868131868135,0.5,0.21703296703296707
2024.11.18startup_b,startup_b,20241118,9,1753.0,90,0,todo,-0.2621871863788693,0.07464305002414481,8.0,-0.9670329670329672,0.3076923076923077,0.08566433566433607
2024.11.18startup_b,startup_b,20241118,9,2428.0,90,0,todo,-0.1590932592912122,-0.05749113794542047,0.6666666666666666,,0.6666666666666666,
2024.11.18startup_b,startup_b,20241118,10,1517.0,90,1,todo,0.8561401820495118,-0.7246499318984964,8.0,0.2043956043956038,0.21428571428571427,0.15109890109890092
2024.11.18startup_b,startup_b,20241118,10,1273.0,90,0,todo,-0.1886437531411534,-0.2173612563720728,7.333333333333333,-0.8706293706293706,0.5833333333333334,0.23636363636363633
2024.11.18startup_b,startup_b,20241118,10,1056.0,90,0,todo,0.12129095013540268,-0.24495399007141924,4.666666666666667,-4.31666666666667,0.4444444444444444,0.5833333333333328
2024.11.18startup_b,startup_b,20241118,10,1742.0,90,0,todo,-0.23155677158536891,0.0001175653227290575,8.666666666666666,-1.0879120879120883,0.2857142857142857,0.26923076923076933
2024.11.18startup_b,startup_b,20241118,11,1643.0,90,1,todo,0.30736952196360273,-0.2009116614319978,1.3333333333333333,,0.0,
2024.11.18startup_b,startup_b,20241118,11,1105.0,90,0,todo,0.38993408190257595,0.11481688063501735,6.666666666666667,1.027272727272728,0.45454545454545453,0.6242424242424239
2024.11.18startup_b,startup_b,20241118,11,2442.0,90,0,todo,-0.2008060912409846,-0.06431551676873314,2.0,10.200000000000001,0.6,
2024.11.18startup_b,startup_b,20241118,11,1131.0,90,0,todo,-0.6112200757448842,0.2549817181305833,4.666666666666667,8.683333333333335,0.4444444444444444,-0.1488095238095238
2024.11.18startup_b,startup_b,20241118,12,1889.0,90,1,todo,-0.1306885724418355,0.48395635829800177,6.0,2.8424242424242423,0.2,0.9333333333333335
2024.11.18startup_b,startup_b,20241118,12,1361.0,90,0,todo,-0.03057604429606716,-0.019150373467548946,8.0,-0.060439560439559774,0.23076923076923078,0.0034965034965036765
2024.11.18startup_b,startup_b,20241118,12,1154.0,90,0,todo,-0.5776530652088201,-0.026687202336321963,2.6666666666666665,16.914285714285718,0.3333333333333333,-1.1500000000000001
2024.11.18startup_b,startup_b,20241118,12,977.0,90,0,todo,0.3766353478605012,0.02097399837387704,0.6666666666666666,,0.3333333333333333,
2024.11.18startup_b,startup_b,20241118,13,1950.0,90,1,todo,0.23036612050154723,-0.27082783284441936,8.0,0.8076923076923075,0.23076923076923078,0.0034965034965034726
2024.11.18startup_b,startup_b,20241118,13,1391.0,90,0,todo,0.06032463321571296,0.24720596327726596,7.333333333333333,1.178321678321678,0.3333333333333333,-0.5999999999999999
2024.11.18startup_b,startup_b,20241118,13,2218.0,90,0,todo,0.26123186237145823,-0.15318204111378517,4.0,1.214285714285713,0.42857142857142855,0.3714285714285715
2024.11.18startup_b,startup_b,20241118,13,1045.0,90,0,todo,-0.04112595469582172,-0.2141464649422384,2.6666666666666665,-2.4571428571428653,0.3333333333333333,2.3000000000000003
2024.11.18startup_b,startup_b,20241118,14,2033.0,90,1,todo,0.24335538109279273,-0.0957891485422217,6.0,0.9515151515151525,0.1,0.024999999999999946
2024.11.18startup_b,startup_b,20241118,14,1371.0,90,0,todo,-0.05433127241398643,0.06493897416340062,7.333333333333333,0.6678321678321673,0.25,-0.3045454545454543
2024.11.18startup_b,startup_b,20241118,14,1261.0,90,0,todo,-0.19947582315534934,-0.1640115944909977,8.666666666666666,-0.8593406593406591,0.5714285714285714,0.3516483516483516
2024.11.18startup_b,startup_b,20241118,14,1133.0,90,0,todo,-0.6576411251486554,0.23185678674360025,4.666666666666667,8.683333333333335,0.4444444444444444,-0.1488095238095238
2024.11.18startup_b,startup_b,20241118,15,2094.0,90,1,todo,-0.15796187060048203,-0.30986643469520714,7.333333333333333,-1.4965034965034967,0.3333333333333333,-0.1318181818181818
2024.11.18startup_b,startup_b,20241118,15,1059.0,90,0,todo,0.18616692565278525,-0.2512828137111833,4.666666666666667,-4.31666666666667,0.4444444444444444,0.5833333333333328
2024.11.18startup_b,startup_b,20241118,15,1011.0,90,0,todo,0.28700286650361173,-0.07299236077150191,0.6666666666666666,,0.0,
2024.11.18startup_b,startup_b,20241118,15,1381.0,90,0,todo,0.01769571674584925,0.08273572429708141,7.333333333333333,1.178321678321678,0.3333333333333333,-0.5999999999999999
2024.11.18startup_b,startup_b,20241118,16,2546.0,90,1,todo,0.8567805786970277,-0.23253528097719808,2.0,,0.5,
2024.11.18startup_b,startup_b,20241118,16,2388.0,90,0,todo,0.03551869269623041,0.004360077009293494,2.0,,0.5,
2024.11.18startup_b,startup_b,20241118,16,2299.0,90,0,todo,-0.03158284183191553,0.042908429267948696,2.0,,0.5,
2024.11.18startup_b,startup_b,20241118,16,928.0,90,0,todo,-0.440226438871586,0.2720600111391881,0.6666666666666666,,0.6666666666666666,
2024.11.18startup_b,startup_b,20241118,17,2608.0,90,1,todo,-0.43386710645533527,0.08287045466305332,2.6666666666666665,8.74285714285714,0.5,-0.1500000000000002
2024.11.18startup_b,startup_b,20241118,17,2322.0,90,0,todo,-0.3164558558602595,0.11797889156539954,2.0,,0.5,
2024.11.18startup_b,startup_b,20241118,17,1414.0,90,0,todo,-0.10208732170492381,0.6951775368843558,7.333333333333333,6.360139860139857,0.3333333333333333,-0.013636363636363592
2024.11.18startup_b,startup_b,20241118,17,956.0,90,0,todo,0.04602592131218478,0.15662936730953567,0.0,,0.5,
2024.11.18startup_b,startup_b,20241118,18,2694.0,90,1,todo,-0.07622585782622829,-0.02691007562753377,6.0,-0.3181818181818185,0.36363636363636365,-0.2818181818181818
2024.11.18startup_b,startup_b,20241118,18,936.0,90,0,todo,-0.28313597522279854,0.22414442764529052,0.6666666666666666,,0.6666666666666666,
2024.11.18startup_b,startup_b,20241118,18,1360.0,90,0,todo,-0.026087064754785526,-0.02468962930123165,8.0,-0.060439560439559774,0.23076923076923078,0.0034965034965036765
2024.11.18startup_b,startup_b,20241118,18,2390.0,90,0,todo,0.03968728689996504,0.0018222000850711057,2.0,,0.5,
2024.11.18startup_b,startup_b,20241118,19,2712.0,90,1,todo,-0.16293341845885628,0.18359929363102248,4.666666666666667,-0.2833333333333348,0.4444444444444444,0.1904761904761904
2024.11.18startup_b,startup_b,20241118,19,1779.0,90,0,todo,-0.11112960069400198,0.2756027360513061,8.0,0.34065934065934106,0.23076923076923078,-0.14860139860139898
2024.11.18startup_b,startup_b,20241118,19,1357.0,90,0,todo,-0.016315776007101428,-0.03181645615486634,8.666666666666666,-0.09010989010989011,0.21428571428571427,0.019230769230769253
2024.11.18startup_b,startup_b,20241118,19,1274.0,90,0,todo,-0.18565907514218769,-0.2184005703053949,7.333333333333333,-0.8706293706293706,0.5833333333333334,0.23636363636363633
2024.11.18startup_b,startup_b,20241118,20,2763.0,90,1,todo,0.1556012774261949,-0.7014656888368824,8.0,0.25934065934065925,0.14285714285714285,-0.34065934065934045
2024.11.18startup_b,startup_b,20241118,20,2271.0,90,0,todo,0.11391532474463535,0.05386468328098077,2.6666666666666665,11.5,0.4,
2024.11.18startup_b,startup_b,20241118,20,2247.0,90,0,todo,0.1665866329599756,-0.077260139063667,4.666666666666667,2.7261904761904763,0.375,0.8214285714285711
2024.11.18startup_b,startup_b,20241118,20,1240.0,90,0,todo,-0.026199672455451253,-0.25074461695640443,7.333333333333333,0.7902097902097909,0.5833333333333334,-0.24545454545454545
2024.11.18startup_b,startup_b,20241118,21,3003.0,90,1,ids,0.28925243796880745,-0.17499968835235155,3.3333333333333335,9.571428571428573,0.3333333333333333,-1.65
2024.11.18startup_b,startup_b,20241118,21,3272.0,90,0,ids,-0.2220777848365511,0.1385894384707487,6.666666666666667,3.018181818181818,0.45454545454545453,0.15151515151515163
2024.11.18startup_b,startup_b,20241118,21,3373.0,90,0,ids,0.20788371681292406,-0.16223076467946176,3.3333333333333335,2.9714285714285724,0.5,-0.24999999999999997
2024.11.18startup_b,startup_b,20241118,21,3808.0,90,0,ids,-0.48009330301331216,0.006762225770654636,3.3333333333333335,4.342857142857142,0.5,-0.9499999999999998
2024.11.18startup_b,startup_b,20241118,22,3579.0,90,1,ids,0.35748008939429166,-0.31272518672402644,10.0,-0.4661764705882354,0.3125,0.05892857142857136
2024.11.18startup_b,startup_b,20241118,22,3762.0,90,0,ids,0.10417539671196559,-0.0022276072040463084,2.6666666666666665,1.1428571428571361,0.5,2.4999999999999996
2024.11.18startup_b,startup_b,20241118,22,3684.0,90,0,ids,-0.04777766177975696,0.06224815285623647,2.0,,0.5,
2024.11.18startup_b,startup_b,20241118,22,4909.0,90,0,ids,-0.0326671166476321,-0.007954415197494997,0.6666666666666666,,1.0,
2024.11.18startup_b,startup_b,20241118,23,4054.0,90,1,ids,0.5133161091988753,-0.5211873450358189,4.666666666666667,-4.800000000000003,0.5555555555555556,0.7797619047619043
2024.11.18startup_b,startup_b,20241118,23,4159.0,90,0,ids,0.16753131980240457,-0.08055718917476828,0.6666666666666666,,0.25,
2024.11.18startup_b,startup_b,20241118,23,2861.0,90,0,ids,-0.6507476452636092,0.4726002263591333,2.6666666666666665,7.371428571428572,0.3333333333333333,-2.3
2024.11.18startup_b,startup_b,20241118,23,3305.0,90,0,ids,-0.5905446972006393,0.5180718179876199,5.333333333333333,7.000000000000002,0.6666666666666666,-0.035714285714285685
2024.11.18startup_b,startup_b,20241118,24,4067.0,90,1,ids,0.5533772029767876,-0.4960112533785627,4.666666666666667,0.261904761904764,0.5,0.3928571428571438
2024.11.18startup_b,startup_b,20241118,24,4602.0,90,0,ids,0.11301664921732406,0.04955667900169338,2.0,,0.75,
2024.11.18startup_b,startup_b,20241118,24,3208.0,90,0,ids,0.08332313832364512,-0.1561782283340845,11.333333333333334,0.7058823529411763,0.1111111111111111,0.01838235294117647
2024.11.18startup_b,startup_b,20241118,24,3136.0,90,0,ids,0.3840164463833525,-0.1433651741658466,2.6666666666666665,-10.114285714285717,0.3333333333333333,1.0999999999999994
2024.11.18startup_b,startup_b,20241118,25,5251.0,90,1,conclude,0.7876440915552712,-0.3571699984870728,3.3333333333333335,-4.342857142857149,0.5,1.1
2024.11.18startup_b,startup_b,20241118,25,4955.0,90,0,conclude,-0.0448172667863668,-0.08745509844729318,2.0,-29.200000000000003,0.4,
2024.11.18startup_b,startup_b,20241118,25,5118.0,90,0,conclude,0.03647457028847725,0.16063721574263554,10.666666666666666,2.8529411764705888,0.47058823529411764,-0.11764705882352945
2024.11.18startup_b,startup_b,20241118,25,5072.0,90,0,conclude,0.36410396191739514,-0.6584003281780324,8.0,-0.7142857142857144,0.5384615384615384,0.2727272727272723
2024.12.02startup_b,startup_b,20241202,0,130.0,90,1,segue,-0.05438923456102658,-0.012236975209928856,9.333333333333334,-0.06428571428571384,0.4666666666666667,-0.19780219780219793
2024.12.02startup_b,startup_b,20241202,0,409.0,90,0,segue,-0.16445673413017814,0.3120576815240536,2.0,,0.25,
2024.12.02startup_b,startup_b,20241202,0,295.0,90,0,segue,-0.20372728777117677,0.07247999003864425,6.0,0.4454545454545459,0.45454545454545453,0.19393939393939386
2024.12.02startup_b,startup_b,20241202,0,454.0,90,0,segue,0.2783360592447721,-0.5950166529196067,4.0,2.7857142857142856,0.5714285714285714,-1.2428571428571429
2024.12.02startup_b,startup_b,20241202,1,792.0,90,1,scorecard,0.15474638708728497,-0.019222634257572868,9.333333333333334,0.8392857142857145,0.4666666666666667,-0.08681318681318687
2024.12.02startup_b,startup_b,20241202,1,685.0,90,0,scorecard,-0.2572225332221666,0.34076549342098333,4.666666666666667,-0.4666666666666636,0.5,-0.04999999999999965
2024.12.02startup_b,startup_b,20241202,1,503.0,90,0,scorecard,-0.18753649734643224,0.41104459134638655,6.0,1.3151515151515156,0.6,1.8250000000000008
2024.12.02startup_b,startup_b,20241202,1,607.0,90,0,scorecard,0.48473032173335084,-0.6695318090703795,6.0,2.139393939393939,0.3,0.04166666666666651
2024.12.02startup_b,startup_b,20241202,2,1204.0,90,1,rock_review,-0.05946631637382992,0.0987034678489474,3.3333333333333335,-0.9642857142857123,0.5714285714285714,0.2999999999999998
2024.12.02startup_b,startup_b,20241202,2,4096.0,90,0,ids,-0.12561046448371538,0.4166360189892388,11.333333333333334,0.2951496388028895,0.16666666666666666,0.08700980392156862
2024.12.02startup_b,startup_b,20241202,2,3750.0,90,0,ids,-0.017927331225507836,-0.0749371977633434,8.0,0.8846153846153845,0.38461538461538464,0.44405594405594406
2024.12.02startup_b,startup_b,20241202,2,3815.0,90,0,ids,-0.07380577942142968,0.2073360339876854,6.666666666666667,0.9065934065934067,0.3076923076923077,-0.14860139860139862
2024.12.02startup_b,startup_b,20241202,3,1245.0,90,1,todo,0.5354003930924865,-0.9579896117007837,8.666666666666666,-2.1250000000000004,0.2,-0.005494505494505511
2024.12.02startup_b,startup_b,20241202,3,1562.0,90,0,todo,0.10800649568972026,-0.25499622081100043,13.333333333333334,0.1363636363636365,0.047619047619047616,0.12857142857142864
2024.12.02startup_b,startup_b,20241202,3,1565.0,90,0,todo,0.13863635020427273,-0.326783490854563,12.666666666666666,0.1977443609022556,0.05,0.09912280701754381
2024.12.02startup_b,startup_b,20241202,3,1572.0,90,0,todo,0.19359268501400353,-0.43269219787925395,12.0,-0.18245614035087704,0.05263157894736842,0.09855521155830747
2024.12.02startup_b,startup_b,20241202,4,1331.0,90,1,todo,-0.3820569696686884,0.732082037422264,12.0,0.43859649122807026,0.21052631578947367,0.036635706914344694
2024.12.02startup_b,startup_b,20241202,4,1572.0,90,0,todo,0.19359268501400353,-0.43269219787925395,12.0,-0.18245614035087704,0.05263157894736842,0.09855521155830747
2024.12.02startup_b,startup_b,20241202,4,1570.0,90,0,todo,0.1797862110097928,-0.41414856658753907,12.666666666666666,-0.021052631578947198,0.05,0.07192982456140348
2024.12.02startup_b,startup_b,20241202,4,1582.0,90,0,todo,0.22980235092190054,-0.46078411380386536,11.333333333333334,-0.12487100103199157,0.05555555555555555,0.013480392156862737
2024.12.02startup_b,startup_b,20241202,5,1469.0,90,1,todo,-0.026677093897951677,-0.40991765940596914,14.0,-1.0796160361377745,0.09090909090909091,0.30389610389610383
2024.12.02startup_b,startup_b,20241202,5,1575.0,90,0,todo,0.21558739770724514,-0.4586281835212284,11.333333333333334,-0.6914344685242504,0.05555555555555555,0.10906862745098042
2024.12.02startup_b,startup_b,20241202,5,1576.0,90,0,todo,0.21937153584341645,-0.47200633861259883,11.333333333333334,-0.6914344685242504,0.05555555555555555,0.10906862745098042
2024.12.02startup_b,startup_b,20241202,5,1569.0,90,0,todo,0.17230957879794065,-0.4018611091370076,12.666666666666666,-0.021052631578947198,0.05,0.07192982456140348
2024.12.02startup_b,startup_b,20241202,6,1672.0,90,1,todo,-0.17355286849304014,0.37648720384907214,11.333333333333334,0.6470588235294118,0.1111111111111111,-0.1691176470588235
2024.12.02startup_b,startup_b,20241202,6,1579.0,90,0,todo,0.22645982279811264,-0.48195837710052963,11.333333333333334,-0.12487100103199157,0.05555555555555555,0.013480392156862737
2024.12.02startup_b,startup_b,20241202,6,1581.0,90,0,todo,0.22841666161757201,-0.4695671488334608,11.333333333333334,-0.12487100103199157,0.05555555555555555,0.013480392156862737
2024.12.02startup_b,startup_b,20241202,6,1576.0,90,0,todo,0.21937153584341645,-0.47200633861259883,11.333333333333334,-0.6914344685242504,0.05555555555555555,0.10906862745098042
2024.12.02startup_b,startup_b,20241202,7,1848.0,90,1,todo,0.11255520854150118,-0.17045182388013677,13.333333333333334,-0.15974025974025957,0.09523809523809523,0.04774436090225564
2024.12.02startup_b,startup_b,20241202,7,1566.0,90,0,todo,0.1475346257043676,-0.3461947359507153,12.666666666666666,0.1977443609022556,0.05,0.09912280701754381
2024.12.02startup_b,startup_b,20241202,7,1563.0,90,0,todo,0.11880029666799442,-0.2816880683499957,13.333333333333334,0.1363636363636365,0.047619047619047616,0.12857142857142864
2024.12.02startup_b,startup_b,20241202,7,1578.0,90,0,todo,0.2245546852044518,-0.47860688640935867,10.666666666666666,-0.04166666666666691,0.058823529411764705,0.02573529411764703
2024.12.02startup_b,startup_b,20241202,8,1912.0,90,1,ids,-0.5211299640421749,0.9688693731679907,12.0,1.054385964912281,0.10526315789473684,-0.10835913312693497
2024.12.02startup_b,startup_b,20241202,8,2320.0,90,0,ids,0.22314230011271582,0.34057872161372216,11.333333333333334,0.21403508771929836,0.15789473684210525,-0.41331269349845173
2024.12.02startup_b,startup_b,20241202,8,3055.0,90,0,ids,-0.4224632670635462,0.15571010752589196,6.0,-0.9090909090909073,0.1,1.1000000000000005
2024.12.02startup_b,startup_b,20241202,8,4839.0,90,0,ids,-0.08842411966478529,0.029428523222704193,12.666666666666666,0.1526315789473682,0.35,-0.013157894736842167
2024.12.02startup_b,startup_b,20241202,9,2148.0,90,1,ids,0.18288553247716546,-0.13624346750179822,4.0,-0.17857142857142988,0.0,-2.7857142857142883
2024.12.02startup_b,startup_b,20241202,9,3723.0,90,0,ids,0.19809832511897615,-0.5814939741070625,8.666666666666666,-0.4153846153846158,0.2857142857142857,0.30494505494505486
2024.12.02startup_b,startup_b,20241202,9,2298.0,90,0,ids,0.13653289031331534,0.42513466210239936,12.666666666666666,0.48120300751879697,0.2,-0.054385964912280683
2024.12.02startup_b,startup_b,20241202,9,2580.0,90,0,ids,-0.0656238488905591,0.18372909113625416,7.333333333333333,0.25524475524475576,0.4166666666666667,-0.24545454545454534
2024.12.02startup_b,startup_b,20241202,10,2767.0,90,1,ids,0.003499660429068127,0.5487963671809851,13.333333333333334,0.3493506493506494,0.19047619047619047,-0.02067669172932328
2024.12.02startup_b,startup_b,20241202,10,4510.0,90,0,ids,0.46440361279767844,-0.5183790223408771,7.333333333333333,0.20979020979020985,0.5,-1.5590909090909089
2024.12.02startup_b,startup_b,20241202,10,4875.0,90,0,ids,-0.7691481633670475,1.0453591101567563,8.0,3.8263736263736265,0.5,-0.5824175824175823
2024.12.02startup_b,startup_b,20241202,10,2302.0,90,0,ids,0.16055087635973656,0.4139196167148913,11.333333333333334,0.4829721362229103,0.2222222222222222,-0.17156862745098037
2024.12.02startup_b,startup_b,20241202,11,2919.0,90,1,ids,0.09459892982376462,-0.2270166071668076,12.666666666666666,0.31428571428571445,0.19047619047619047,-0.010150375939849675
2024.12.02startup_b,startup_b,20241202,11,2030.0,90,0,ids,0.008803509964530396,0.21495604152337786,10.666666666666666,0.13970588235294104,0.23529411764705882,-0.006617647058823452
2024.12.02startup_b,startup_b,20241202,11,2638.0,90,0,ids,0.0754440155972663,-0.24661068315922252,10.0,-0.12352941176470555,0.25,0.11607142857142856
2024.12.02startup_b,startup_b,20241202,11,3792.0,90,0,ids,-0.32249520941003235,0.33004216380321194,6.666666666666667,2.1813186813186807,0.38461538461538464,-0.6433566433566429
2024.12.02startup_b,startup_b,20241202,12,2952.0,90,1,ids,0.06590754878039794,-0.2074344049322254,10.666666666666666,0.3529411764705883,0.16666666666666666,0.009803921568627359
2024.12.02startup_b,startup_b,20241202,12,2026.0,90,0,ids,0.03359690223763643,0.11018430413943782,10.0,0.32205882352941173,0.1875,-0.3624999999999999
2024.12.02startup_b,startup_b,20241202,12,3784.0,90,0,ids,-0.376938673319276,0.48672053638028673,7.333333333333333,1.9252747252747255,0.42857142857142855,-0.5412087912087911
2024.12.02startup_b,startup_b,20241202,12,3849.0,90,0,ids,0.2914389531707434,-0.09606630878267056,8.0,0.2214285714285715,0.2,0.06043956043956044
2024.12.02startup_b,startup_b,20241202,13,3613.0,90,1,ids,0.11526573416457264,0.11024153147499947,10.666666666666666,-0.22549019607843143,0.17647058823529413,-0.05294117647058819
2024.12.02startup_b,startup_b,20241202,13,2540.0,90,0,ids,-0.1891653533706769,0.1389006524217556,10.0,0.735294117647059,0.4375,0.35357142857142854
2024.12.02startup_b,startup_b,20241202,13,2338.0,90,0,ids,0.184789203603183,0.31152424913482823,12.0,0.5210526315789477,0.21052631578947367,-0.18266253869969035
2024.12.02startup_b,startup_b,20241202,13,3232.0,90,0,ids,-0.09526476193065424,0.3303556217019138,6.666666666666667,0.027272727272727584,0.45454545454545453,0.8393939393939396
2024.12.02startup_b,startup_b,20241202,14,4005.0,90,1,ids,-0.0450376191205856,0.07035896738328565,13.333333333333334,-0.6298701298701294,0.2857142857142857,0.16353383458646617
2024.12.02startup_b,startup_b,20241202,14,2657.0,90,0,ids,0.01718745267950215,-0.24893633874566132,11.333333333333334,0.02786377708978322,0.2222222222222222,0.1176470588235293
2024.12.02startup_b,startup_b,20241202,14,4621.0,90,0,ids,-0.08720592946567655,-0.6490118849026447,7.333333333333333,-0.33216783216783113,0.08333333333333333,0.26363636363636356
2024.12.02startup_b,startup_b,20241202,14,2291.0,90,0,ids,0.07302051295863501,0.46044607008249255,12.666666666666666,0.05488721804511294,0.1,0.13245614035087722
2024.12.02startup_b,startup_b,20241202,15,4222.0,90,1,ids,-0.03483810137904767,0.10661513210562026,10.0,0.10294117647058827,0.3125,0.31785714285714284
2024.12.02startup_b,startup_b,20241202,15,2627.0,90,0,ids,0.08332279549573199,-0.2922069320532003,10.666666666666666,-0.6250000000000011,0.35294117647058826,0.11102941176470588
2024.12.02startup_b,startup_b,20241202,15,4572.0,90,0,ids,-0.2293583036891187,0.5514484793073814,10.0,0.8500000000000003,0.375,0.08571428571428573
2024.12.02startup_b,startup_b,20241202,15,2014.0,90,0,ids,0.11289658929021226,-0.19152350844564914,10.0,0.3691176470588236,0.1875,-0.05178571428571429
2024.12.02startup_b,startup_b,20241202,16,4336.0,90,1,ids,0.050717260235251256,0.03194545010978592,8.0,-1.3076923076923088,0.3076923076923077,0.16083916083916122
2024.12.02startup_b,startup_b,20241202,16,4830.0,90,0,ids,0.10287049269596638,-0.3146098029165161,12.0,-0.13896103896103887,0.38095238095238093,0.1296992481203007
2024.12.02startup_b,startup_b,20241202,16,3325.0,90,0,ids,-0.07355181752456869,0.019545631722297906,10.0,0.3191176470588237,0.375,0.2482142857142857
2024.12.02startup_b,startup_b,20241202,16,3112.0,90,0,ids,0.35780347625901154,-0.38274780322580815,6.666666666666667,1.4545454545454546,0.36363636363636365,-0.36969696969696925
2024.12.02startup_b,startup_b,20241202,17,4406.0,90,1,ids,0.035681082003597736,-0.8109161876143882,15.333333333333334,-0.15130434782608668,0.16666666666666666,0.07114624505928867
2024.12.02startup_b,startup_b,20241202,17,3500.0,90,0,ids,0.07707148880141544,0.011647138260670653,10.0,-0.3632352941176474,0.0,-0.282142857142857
2024.12.02startup_b,startup_b,20241202,17,2543.0,90,0,ids,-0.19661573444598582,0.17793910041838915,10.0,0.735294117647059,0.4375,0.35357142857142854
2024.12.02startup_b,startup_b,20241202,17,4502.0,90,0,ids,0.39702229045705995,-0.4778049362184495,7.333333333333333,0.751748251748252,0.4166666666666667,-1.2636363636363634
2024.12.02startup_b,startup_b,20241202,18,4720.0,90,1,ids,0.00852965680004458,-0.07512005556132677,6.666666666666667,0.07272727272727289,0.2727272727272727,0.36060606060606065
2024.12.02startup_b,startup_b,20241202,18,3179.0,90,0,ids,-0.2048812145357884,0.024437748234423674,9.333333333333334,-0.6607142857142853,0.13333333333333333,0.24065934065934075
2024.12.02startup_b,startup_b,20241202,18,3335.0,90,0,ids,-0.09434793823189724,0.16048314058838492,10.0,0.38382352941176473,0.375,-0.024999999999999988
2024.12.02startup_b,startup_b,20241202,18,3870.0,90,0,ids,0.27030430200382694,-0.22297615123911874,4.666666666666667,1.142857142857143,0.125,-0.589285714285714
2024.12.02startup_b,startup_b,20241202,19,4973.0,90,1,ids,0.8402354314269409,-0.25588551432286355,4.0,-4.940476190476185,0.625,0.375000000000001
2024.12.02startup_b,startup_b,20241202,19,2557.0,90,0,ids,-0.16333182434698762,0.40824652821729884,7.333333333333333,0.6153846153846158,0.4166666666666667,0.4636363636363637
2024.12.02startup_b,startup_b,20241202,19,4547.0,90,0,ids,0.1538448405777153,0.23671296143130421,8.666666666666666,2.6659340659340662,0.5714285714285714,-0.532967032967033
2024.12.02startup_b,startup_b,20241202,19,3246.0,90,0,ids,0.15274794313051127,-0.005179447892884969,6.666666666666667,0.3909090909090911,0.45454545454545453,-1.4121212121212112
2024.12.02startup_b,startup_b,20241202,20,5050.0,90,1,ids,0.08376372996385723,-0.4302227169841529,10.0,-1.1200980392156876,0.29411764705882354,0.2786764705882352
2024.12.02startup_b,startup_b,20241202,20,4881.0,90,0,ids,-0.8202551940953805,1.044192788718091,7.333333333333333,4.335164835164834,0.5384615384615384,-0.6451048951048948
2024.12.02startup_b,startup_b,20241202,20,4853.0,90,0,ids,-0.4488653948628321,0.565561875375034,12.666666666666666,1.377443609022556,0.4,-0.04473684210526309
2024.12.02startup_b,startup_b,20241202,20,3317.0,90,0,ids,-0.024881033128792637,-0.003895102295046955,10.666666666666666,0.3970588235294114,0.35294117647058826,0.23382352941176465
2024.12.02startup_b,startup_b,20241202,21,5061.0,90,1,ids,0.26056123413992394,-0.5244603593887797,10.0,-1.0794117647058818,0.1875,0.20178571428571423
2024.12.02startup_b,startup_b,20241202,21,3336.0,90,0,ids,-0.09325997922806929,0.1655258320943578,10.0,0.38382352941176473,0.375,-0.024999999999999988
2024.12.02startup_b,startup_b,20241202,21,3130.0,90,0,ids,0.3405043519633146,-0.1761481476154972,9.333333333333334,0.8035714285714284,0.26666666666666666,-0.3219780219780219
2024.12.02startup_b,startup_b,20241202,21,3795.0,90,0,ids,-0.2933800571154396,0.2773696446623533,6.0,2.2622377622377616,0.4166666666666667,-0.6954545454545453
2024.12.02startup_b,startup_b,20241202,22,5151.0,90,1,ids,0.15455923676702557,-0.234140778211341,8.666666666666666,1.0681318681318683,0.14285714285714285,0.3406593406593407
2024.12.02startup_b,startup_b,20241202,22,3912.0,90,0,ids,0.11274697358186746,-0.4268700445295594,9.333333333333334,-0.027941176470587956,0.125,0.017857142857142856
2024.12.02startup_b,startup_b,20241202,22,3881.0,90,0,ids,0.1960101937978087,-0.2910926800478837,8.0,-0.31648351648351647,0.14285714285714285,-0.16483516483516478
2024.12.02startup_b,startup_b,20241202,22,4878.0,90,0,ids,-0.8008232354006574,1.0531038174588359,7.333333333333333,4.335164835164834,0.5384615384615384,-0.6451048951048948
2024.12.02startup_b,startup_b,20241202,23,5277.0,90,1,ids,-0.38794152418859296,0.4019724165672322,9.333333333333334,-0.021428571428571432,0.26666666666666666,0.5560439560439562
2024.12.02startup_b,startup_b,20241202,23,3203.0,90,0,ids,-0.454257315623694,0.5031679311811174,9.333333333333334,0.10714285714285728,0.2,0.5153846153846154
2024.12.02startup_b,startup_b,20241202,23,4097.0,90,0,ids,-0.12084516400581648,0.4150419810618481,11.333333333333334,0.2951496388028895,0.16666666666666666,0.08700980392156862
2024.12.02startup_b,startup_b,20241202,23,2511.0,90,0,ids,-0.019482856146545314,-0.18819087106210522,9.333333333333334,-0.07352941176470588,0.4117647058823529,0.04338235294117637
2024.12.02startup_b,startup_b,20241202,24,5326.0,90,1,conclude,0.3611086930440278,-0.8321129350258178,12.666666666666666,0.1616541353383459,0.0,-0.44122807017543836
2024.12.02startup_b,startup_b,20241202,24,2663.0,90,0,ids,-0.015029838760605565,-0.28306814061406266,11.333333333333334,-0.13312693498452,0.16666666666666666,0.05392156862745102
2024.12.02startup_b,startup_b,20241202,24,4857.0,90,0,ids,-0.5329970046277981,0.7132645223229557,12.666666666666666,1.377443609022556,0.4,-0.04473684210526309
2024.12.02startup_b,startup_b,20241202,24,3355.0,90,0,ids,0.053482479917714355,0.001796120589147423,8.666666666666666,0.36703296703296695,0.42857142857142855,-0.05494505494505487
2024.12.09startup_a,startup_a,20241209,0,469.0,90,1,segue,0.4838849689732678,-0.115468614257809,1.3333333333333333,,0.75,
2024.12.09startup_a,startup_a,20241209,0,213.0,90,0,segue,0.17399202425269128,-0.04469563394357473,1.3333333333333333,,0.5,
2024.12.09startup_a,startup_a,20241209,0,280.0,90,0,segue,0.4514344539636873,-0.17270753491270996,4.666666666666667,-3.8214285714285676,0.25,1.607142857142859
2024.12.09startup_a,startup_a,20241209,0,201.0,90,0,segue,0.17406508559973155,-0.029743555365607674,1.3333333333333333,,0.5,
2024.12.09startup_a,startup_a,20241209,1,721.0,90,1,scorecard,0.4092597195406292,-0.13500685225386763,0.6666666666666666,,0.6666666666666666,
2024.12.09startup_a,startup_a,20241209,1,578.0,90,0,scorecard,-0.41685497671288146,0.03873965940794656,5.333333333333333,-1.3454545454545472,0.6,1.0333333333333339
2024.12.09startup_a,startup_a,20241209,1,626.0,90,0,scorecard,-0.1647668805883327,0.16941531477011249,4.666666666666667,8.26666666666667,0.6666666666666666,0.5535714285714283
2024.12.09startup_a,startup_a,20241209,1,572.0,90,0,scorecard,-0.4521080570705075,0.10310482542482563,6.0,-1.318181818181818,0.6363636363636364,0.6939393939393935
2024.12.09startup_a,startup_a,20241209,2,809.0,90,1,scorecard,-0.10328643430566535,0.2082033042149034,4.666666666666667,4.6428571428571415,0.375,1.4285714285714286
2024.12.09startup_a,startup_a,20241209,2,599.0,90,0,scorecard,-0.2209957066073057,-0.03286971903395736,5.333333333333333,4.050000000000001,0.5555555555555556,0.08928571428571426
2024.12.09startup_a,startup_a,20241209,2,584.0,90,0,scorecard,-0.37678230881042735,-0.007879674454628434,5.333333333333333,-1.3454545454545472,0.6,1.0333333333333339
2024.12.09startup_a,startup_a,20241209,2,588.0,90,0,scorecard,-0.33071965285018073,-0.03913450804189151,5.333333333333333,-1.3454545454545472,0.6,1.0333333333333339
2024.12.09startup_a,startup_a,20241209,3,894.0,90,1,rock_review,0.16890836190606964,-0.2900581934576359,10.0,0.5411764705882351,0.1875,-0.27321428571428563
2024.12.09startup_a,startup_a,20241209,3,3859.0,90,0,ids,0.09279684751367696,-0.050590191443839486,7.333333333333333,1.5944055944055948,0.4166666666666667,-0.2772727272727272
2024.12.09startup_a,startup_a,20241209,3,631.0,90,0,scorecard,-0.17388410749435745,0.19097878890887002,4.0,10.369047619047617,0.625,0.4642857142857141
2024.12.09startup_a,startup_a,20241209,3,4611.0,90,0,ids,-0.3955607074941921,0.06252015346615006,4.666666666666667,2.916666666666668,0.375,-1.2500000000000013
2024.12.09startup_a,startup_a,20241209,4,922.0,90,1,rock_review,-0.05734397863926928,0.5344095591151107,11.333333333333334,1.3436532507739936,0.16666666666666666,-0.006127450980392215
2024.12.09startup_a,startup_a,20241209,4,4577.0,90,0,ids,-0.3961185245609014,0.4355996542548424,5.333333333333333,5.0166666666666675,0.4444444444444444,0.5535714285714284
2024.12.09startup_a,startup_a,20241209,4,2327.0,90,0,ids,0.38350229395509183,-0.21277606885715233,4.0,-6.25,0.2857142857142857,1.457142857142857
2024.12.09startup_a,startup_a,20241209,4,3537.0,90,0,ids,-0.23871705209963417,0.8047401266047267,5.333333333333333,-0.3999999999999991,0.4,0.35000000000000014
2024.12.09startup_a,startup_a,20241209,5,984.0,90,1,rock_review,-0.6710838208384012,0.3619625943177886,5.333333333333333,3.4848484848484853,0.1,-0.9166666666666671
2024.12.09startup_a,startup_a,20241209,5,2491.0,90,0,ids,0.1656459738245007,0.06597076245159372,2.0,,0.75,
2024.12.09startup_a,startup_a,20241209,5,3780.0,90,0,ids,-0.014828283286684937,-0.256708427741476,2.0,-17.400000000000002,0.4,
2024.12.09startup_a,startup_a,20241209,5,223.0,90,0,segue,0.14168650588924786,-0.0487800532841818,1.3333333333333333,,0.5,
2024.12.09startup_a,startup_a,20241209,6,1058.0,90,1,rock_review,0.4705797518266241,-0.8375653413423917,8.0,-0.4945054945054942,0.15384615384615385,0.07517482517482516
2024.12.09startup_a,startup_a,20241209,6,5348.0,90,0,conclude,-0.29748168823024757,0.4064505283390381,8.666666666666666,1.6615384615384616,0.2857142857142857,-0.3791208791208792
2024.12.09startup_a,startup_a,20241209,6,4663.0,90,0,ids,-0.03722883119506433,0.14381386574138222,3.3333333333333335,9.249999999999998,0.42857142857142855,-0.11428571428571435
2024.12.09startup_a,startup_a,20241209,6,4595.0,90,0,ids,-0.4137370819512824,0.2457422404446701,4.0,1.2142857142857122,0.42857142857142855,-1.3142857142857145
2024.12.09startup_a,startup_a,20241209,7,1242.0,90,1,headlines,-0.18901136617625353,0.15544242288640236,2.6666666666666665,5.714285714285716,0.5,-3.7500000000000004
2024.12.09startup_a,startup_a,20241209,7,1150.0,90,0,headlines,-0.06498252291739852,-0.04396968440824498,3.3333333333333335,-6.485714285714289,0.3333333333333333,1.95
2024.12.09startup_a,startup_a,20241209,7,1148.0,90,0,headlines,-0.09057325641281275,0.024665361133408715,2.6666666666666665,-5.099999999999995,0.4,
2024.12.09startup_a,startup_a,20241209,7,1151.0,90,0,headlines,-0.05289060995682158,-0.07660610398757738,3.3333333333333335,-6.485714285714289,0.3333333333333333,1.95
2024.12.09startup_a,startup_a,20241209,8,1386.0,90,1,todo,0.031242533925341372,-0.08951355042005608,9.333333333333334,0.03571428571428602,0.4,-0.03956043956043958
2024.12.09startup_a,startup_a,20241209,8,1932.0,90,0,todo,-0.01250240100923808,-0.34329930609188347,5.333333333333333,-0.9000000000000015,0.5555555555555556,-0.9880952380952377
2024.12.09startup_a,startup_a,20241209,8,1930.0,90,0,todo,0.02015987433945814,-0.3818240506349097,6.0,-2.1090909090909093,0.5,-0.6333333333333336
2024.12.09startup_a,startup_a,20241209,8,1911.0,90,0,todo,0.08848286562407129,-0.46837086588483157,4.0,-0.3571428571428565,0.42857142857142855,-0.25714285714285734
2024.12.09startup_a,startup_a,20241209,9,1502.0,90,1,todo,0.03517240593813529,-0.5428077558493939,6.666666666666667,-0.11818181818181765,0.36363636363636365,-0.5090909090909093
2024.12.09startup_a,startup_a,20241209,9,1931.0,90,0,todo,0.004151403784632208,-0.36302783177200415,5.333333333333333,-0.9000000000000015,0.5555555555555556,-0.9880952380952377
2024.12.09startup_a,startup_a,20241209,9,1910.0,90,0,todo,0.07787830704891233,-0.4499080590048483,4.0,-0.3571428571428565,0.42857142857142855,-0.25714285714285734
2024.12.09startup_a,startup_a,20241209,9,1932.0,90,0,todo,-0.01250240100923808,-0.34329930609188347,5.333333333333333,-0.9000000000000015,0.5555555555555556,-0.9880952380952377
2024.12.09startup_a,startup_a,20241209,10,1675.0,90,1,todo,0.723958185511817,-0.3664484488324322,3.3333333333333335,-2.500000000000007,0.5714285714285714,1.6142857142857157
2024.12.09startup_a,startup_a,20241209,10,1935.0,90,0,todo,-0.060033913510523784,-0.2821325093160675,5.333333333333333,-0.9000000000000015,0.5555555555555556,-0.9880952380952377
2024.12.09startup_a,startup_a,20241209,10,1918.0,90,0,todo,0.1284593133483629,-0.5142289682339141,5.333333333333333,-1.3000000000000025,0.4444444444444444,-0.9404761904761902
2024.12.09startup_a,startup_a,20241209,10,1921.0,90,0,todo,0.11967410144611511,-0.4995522110482683,5.333333333333333,-1.3000000000000025,0.4444444444444444,-0.9404761904761902
2024.12.09startup_a,startup_a,20241209,11,1813.0,90,1,todo,0.6650698241704032,-0.34673329640126827,4.666666666666667,-3.0119047619047588,0.625,1.2857142857142858
2024.12.09startup_a,startup_a,20241209,11,1920.0,90,0,todo,0.12383817977716807,-0.5057338269414664,5.333333333333333,-1.3000000000000025,0.4444444444444444,-0.9404761904761902
2024.12.09startup_a,startup_a,20241209,11,1917.0,90,0,todo,0.12736354086368165,-0.5158013800271717,5.333333333333333,-1.3000000000000025,0.4444444444444444,-0.9404761904761902
2024.12.09startup_a,startup_a,20241209,11,1929.0,90,0,todo,0.03556554594425659,-0.39984686018371673,6.0,-2.1090909090909093,0.5,-0.6333333333333336
2024.12.09startup_a,startup_a,20241209,12,2676.0,90,1,ids,0.07339166510721823,-0.4051955177531137,6.666666666666667,-2.1545454545454534,0.45454545454545453,0.3848484848484845
2024.12.09startup_a,startup_a,20241209,12,2248.0,90,0,ids,-0.20409717801357974,-0.03221360060539127,6.0,5.545454545454547,0.5,0.6583333333333343
2024.12.09startup_a,startup_a,20241209,12,3875.0,90,0,ids,-0.008123656042573424,-0.3011323354694824,4.0,2.1785714285714275,0.42857142857142855,0.40000000000000024
2024.12.09startup_a,startup_a,20241209,12,2090.0,90,0,ids,-0.47418031890933854,0.05221573991967123,0.0,,0.5,
2024.12.09startup_a,startup_a,20241209,13,2860.0,90,1,ids,-0.10603520234476728,0.017341801780761112,6.0,1.509090909090909,0.4,0.43333333333333374
2024.12.09startup_a,startup_a,20241209,13,2266.0,90,0,ids,-0.5117522342779888,0.024724617403201914,4.666666666666667,8.345238095238093,0.5,0.7142857142857145
2024.12.09startup_a,startup_a,20241209,13,2412.0,90,0,ids,-0.2886114839562716,0.19625375594933148,3.3333333333333335,2.942857142857131,0.3333333333333333,2.0499999999999994
2024.12.09startup_a,startup_a,20241209,13,2465.0,90,0,ids,0.1809084295564921,0.04689021634572768,2.6666666666666665,17.6,0.4,
2024.12.09startup_a,startup_a,20241209,14,2957.0,90,1,ids,0.35696816114716146,-0.17804812900619985,8.0,1.3076923076923077,0.15384615384615385,0.6083916083916082
2024.12.09startup_a,startup_a,20241209,14,1973.0,90,0,ids,-0.1631462855056625,0.3888225377151927,6.0,2.0060606060606063,0.5,-0.15833333333333335
2024.12.09startup_a,startup_a,20241209,14,2320.0,90,0,ids,0.20877061412914122,-0.07994817021524217,4.0,3.392857142857144,0.2857142857142857,-2.042857142857143
2024.12.09startup_a,startup_a,20241209,14,3579.0,90,0,ids,0.1502014521993304,0.015587699011624071,4.0,2.6666666666666665,0.5,-2.8214285714285743
2024.12.09startup_a,startup_a,20241209,15,3327.0,90,1,ids,-2.184714886038915e-05,0.0705432553198365,4.0,4.238095238095238,0.125,-0.3035714285714285
2024.12.09startup_a,startup_a,20241209,15,3634.0,90,0,ids,0.022279346299004514,0.005554428546426131,6.666666666666667,0.4272727272727273,0.2727272727272727,1.2454545454545454
2024.12.09startup_a,startup_a,20241209,15,3231.0,90,0,ids,0.011535984388503187,0.04043348325783207,2.6666666666666665,8.5,0.2,
2024.12.09startup_a,startup_a,20241209,15,4521.0,90,0,ids,-0.022406087015273954,0.18308478838665115,10.666666666666666,0.14138286893704857,0.3333333333333333,0.17279411764705876
2024.12.09startup_a,startup_a,20241209,16,3401.0,90,1,ids,0.307943640658867,-0.7608823807575297,8.666666666666666,-0.06373626373626382,0.35714285714285715,-0.09890109890109888
2024.12.09startup_a,startup_a,20241209,16,3156.0,90,0,ids,-0.10744955068522308,0.2239409252871339,1.3333333333333333,,0.6666666666666666,
2024.12.09startup_a,startup_a,20241209,16,3112.0,90,0,ids,0.0020319822502026727,0.054664159633019314,2.6666666666666665,9.999999999999998,0.2,
2024.12.09startup_a,startup_a,20241209,16,4309.0,90,0,ids,-0.47817299987651357,0.42698921729912415,4.666666666666667,7.976190476190475,0.375,-0.9107142857142865
2024.12.09startup_a,startup_a,20241209,17,3987.0,90,1,ids,0.32157714160103157,-0.07429050640375989,4.0,-5.476190476190471,0.5,0.42857142857142855
2024.12.09startup_a,startup_a,20241209,17,2138.0,90,0,ids,0.1306222647789297,-0.07177132831865336,2.6666666666666665,-14.485714285714304,0.5,4.349999999999999
2024.12.09startup_a,startup_a,20241209,17,4570.0,90,0,ids,-0.32547896405044724,0.48641793842568043,6.666666666666667,3.5545454545454542,0.36363636363636365,0.3636363636363636
2024.12.09startup_a,startup_a,20241209,17,2386.0,90,0,ids,-0.23850791862730045,0.1721150051483305,3.3333333333333335,14.085714285714285,0.3333333333333333,0.6999999999999993
2024.12.09startup_a,startup_a,20241209,18,4117.0,90,1,ids,0.04353662125031142,-0.28864955631290334,1.3333333333333333,,0.3333333333333333,
2024.12.09startup_a,startup_a,20241209,18,1946.0,90,0,ids,-0.17530610007937913,-0.07815265769494129,6.666666666666667,0.5090909090909096,0.5454545454545454,-0.5878787878787879
2024.12.09startup_a,startup_a,20241209,18,3788.0,90,0,ids,0.08531098865052257,-0.3290755416156657,3.3333333333333335,-1.392857142857151,0.5714285714285714,-0.5000000000000004
2024.12.09startup_a,startup_a,20241209,18,2254.0,90,0,ids,-0.29595630794830924,-0.03643542904629674,5.333333333333333,5.833333333333332,0.4444444444444444,1.1845238095238086
2024.12.09startup_a,startup_a,20241209,19,4161.0,90,1,ids,0.22956464945335853,0.17967982597278373,1.3333333333333333,,0.5,
2024.12.09startup_a,startup_a,20241209,19,2768.0,90,0,ids,-0.32103265468697223,0.28038182622952307,0.6666666666666666,,0.6666666666666666,
2024.12.09startup_a,startup_a,20241209,19,4269.0,90,0,ids,-0.3442497265026094,0.3719094938977201,6.666666666666667,1.0454545454545456,0.45454545454545453,-0.13030303030302984
2024.12.09startup_a,startup_a,20241209,19,2113.0,90,0,ids,-0.2308887829387996,-0.04305796523746418,0.0,,0.5,
2024.12.09startup_a,startup_a,20241209,20,4429.0,90,1,ids,-0.1268899207603876,-0.017529855292272217,2.0,10.100000000000001,0.4,
2024.12.09startup_a,startup_a,20241209,20,1956.0,90,0,ids,-0.22059544772505654,0.1584523766117018,6.0,2.0060606060606063,0.5,-0.15833333333333335
2024.12.09startup_a,startup_a,20241209,20,2158.0,90,0,ids,0.49947999499572426,-0.11089105812144819,2.6666666666666665,9.6,0.4,
2024.12.09startup_a,startup_a,20241209,20,3702.0,90,0,ids,-0.12571588867602862,-0.06798375596232328,5.333333333333333,-2.233333333333335,0.3333333333333333,0.8749999999999997
2024.12.09startup_a,startup_a,20241209,21,4756.0,90,1,ids,0.30113842780283456,-0.2611566026445738,6.0,2.381818181818181,0.3,-0.34166666666666673
2024.12.09startup_a,startup_a,20241209,21,4954.0,90,0,ids,-0.17996282987629306,-0.15676141693252965,2.6666666666666665,-7.657142857142869,0.6666666666666666,2.6500000000000004
2024.12.09startup_a,startup_a,20241209,21,4278.0,90,0,ids,-0.37197736841392565,0.4723338153352395,6.0,1.6666666666666663,0.4,-0.5916666666666671
2024.12.09startup_a,startup_a,20241209,21,3888.0,90,0,ids,-0.0748292646156442,-0.24465919613725198,5.333333333333333,0.29999999999999855,0.3333333333333333,0.7678571428571426
2024.12.09startup_a,startup_a,20241209,22,4807.0,90,1,ids,-0.08912439359870478,-0.10138146681104075,10.666666666666666,0.705882352941176,0.29411764705882354,0.20441176470588238
2024.12.09startup_a,startup_a,20241209,22,3721.0,90,0,ids,-0.05929673082204002,0.02787946903345043,5.333333333333333,5.483333333333335,0.3333333333333333,0.44642857142857123
2024.12.09startup_a,startup_a,20241209,22,2526.0,90,0,ids,0.11449530324710265,-0.10127143534887828,2.6666666666666665,1.314285714285711,0.6666666666666666,0.7999999999999999
2024.12.09startup_a,startup_a,20241209,22,3739.0,90,0,ids,-0.11784138490714506,0.2772478046114929,5.333333333333333,5.483333333333335,0.3333333333333333,0.44642857142857123
2024.12.09startup_a,startup_a,20241209,23,5056.0,90,1,ids,0.16647625823684672,-0.3053520191225569,5.333333333333333,3.2333333333333334,0.4444444444444444,-0.81547619047619
2024.12.09startup_a,startup_a,20241209,23,3578.0,90,0,ids,0.1519605610089497,0.032269884091071836,4.0,2.6666666666666665,0.5,-2.8214285714285743
2024.12.09startup_a,startup_a,20241209,23,2425.0,90,0,ids,-0.18700962454574824,0.05985185358089377,2.6666666666666665,2.399999999999999,0.4,
2024.12.09startup_a,startup_a,20241209,23,4541.0,90,0,ids,-0.20666312156767755,0.6783988183979969,10.666666666666666,1.193627450980392,0.29411764705882354,0.4904411764705881
2024.12.09startup_a,startup_a,20241209,24,5244.0,90,1,ids,0.004426028114684477,-0.08282138299626303,2.6666666666666665,2.5999999999999974,0.6666666666666666,-0.5000000000000001
2024.12.09startup_a,startup_a,20241209,24,2766.0,90,0,ids,-0.3945227992800685,0.3310657975690606,1.3333333333333333,,0.5,
2024.12.09startup_a,startup_a,20241209,24,1962.0,90,0,ids,-0.22147543146013832,0.28079655233256384,6.0,2.0060606060606063,0.5,-0.15833333333333335
2024.12.09startup_a,startup_a,20241209,24,3056.0,90,0,ids,-0.11532219197773348,0.006432816038721967,6.666666666666667,2.1999999999999997,0.45454545454545453,0.7969696969696966
2024.12.13startup_a,startup_a,20241213,0,827.0,90,1,rock_review,0.4445038571633711,-0.08628822495807942,1.3333333333333333,,0.5,
2024.12.13startup_a,startup_a,20241213,0,922.0,90,0,rock_review,-0.3871011641191755,0.312026181895603,8.0,1.6043956043956045,0.38461538461538464,0.5402097902097902
2024.12.13startup_a,startup_a,20241213,0,970.0,90,0,rock_review,-0.3839524571723406,0.35075619673812947,4.666666666666667,2.9999999999999996,0.625,0.12499999999999972
2024.12.13startup_a,startup_a,20241213,0,1003.0,90,0,rock_review,-0.15228197011901776,-0.17419551100508918,3.3333333333333335,5.05714285714286,0.5,5.6499999999999995
2024.12.13startup_a,startup_a,20241213,1,1413.0,90,1,todo,0.12118259897905605,-0.12475324712622071,4.0,0.0714285714285725,0.125,-0.05357142857142863
2024.12.13startup_a,startup_a,20241213,1,1579.0,90,0,todo,0.4727981974365246,-0.13779091063067467,6.666666666666667,-1.272727272727272,0.2727272727272727,0.1939393939393936
2024.12.13startup_a,startup_a,20241213,1,1299.0,90,0,todo,0.31456199457910083,-0.21574004713689937,7.333333333333333,-0.7027972027972,0.4166666666666667,-0.1772727272727273
2024.12.13startup_a,startup_a,20241213,1,1816.0,90,0,todo,-0.6347399972658869,0.5329359999097963,4.666666666666667,0.48809523809523897,0.375,-0.3571428571428565
2024.12.13startup_a,startup_a,20241213,2,1720.0,90,1,todo,-0.14771975595889444,0.019934458641573075,2.6666666666666665,-12.285714285714295,0.3333333333333333,-0.2999999999999999
2024.12.13startup_a,startup_a,20241213,2,1198.0,90,0,todo,0.5296806810071208,-0.3209772361522304,2.0,,0.5,
2024.12.13startup_a,startup_a,20241213,2,1117.0,90,0,todo,-0.3230317813681528,0.08210792590070017,0.6666666666666666,,0.6666666666666666,
2024.12.13startup_a,startup_a,20241213,2,1536.0,90,0,todo,0.11546772704439855,-0.006395604772655235,5.333333333333333,4.066666666666666,0.5555555555555556,-0.5119047619047618
2024.12.13startup_a,startup_a,20241213,3,1948.0,90,1,todo,0.2910699633171162,0.03369234185199701,5.333333333333333,2.516666666666666,0.4444444444444444,0.047619047619047276
2024.12.13startup_a,startup_a,20241213,3,1558.0,90,0,todo,0.6558365946424762,-0.24040532044804155,4.666666666666667,0.38095238095238376,0.375,0.732142857142857
2024.12.13startup_a,startup_a,20241213,3,1056.0,90,0,todo,-0.056648037568173,0.15252304240589018,3.3333333333333335,14.371428571428572,0.5,0.7000000000000003
2024.12.13startup_a,startup_a,20241213,3,1547.0,90,0,todo,0.45919724157064523,-0.1741620913971351,5.333333333333333,-4.433333333333338,0.4444444444444444,0.4107142857142856
2024.12.13startup_a,startup_a,20241213,4,2577.0,90,1,ids,0.22819330662025916,-0.17343875218759114,6.666666666666667,1.6909090909090907,0.18181818181818182,-0.8878787878787878
2024.12.13startup_a,startup_a,20241213,4,2116.0,90,0,ids,-0.22436602412463016,0.2561091099368106,1.3333333333333333,,0.6666666666666666,
2024.12.13startup_a,startup_a,20241213,4,4190.0,90,0,ids,0.23474889373191332,-0.23098080189539558,7.333333333333333,0.15384615384615355,0.3333333333333333,0.4409090909090908
2024.12.13startup_a,startup_a,20241213,4,3809.0,90,0,ids,0.24473245599442414,-0.09130655368429105,2.6666666666666665,-0.9999999999999968,0.6,
2024.12.13startup_a,startup_a,20241213,5,2638.0,90,1,ids,0.21219169988057937,-0.9934253540642592,8.0,-2.2692307692307705,0.5384615384615384,0.6363636363636365
2024.12.13startup_a,startup_a,20241213,5,4331.0,90,0,ids,-0.6155791724230808,0.13499287239331675,3.3333333333333335,12.928571428571425,0.2857142857142857,-0.5285714285714285
2024.12.13startup_a,startup_a,20241213,5,4329.0,90,0,ids,-0.6652623704754184,0.1686949858407818,3.3333333333333335,12.928571428571425,0.2857142857142857,-0.5285714285714285
2024.12.13startup_a,startup_a,20241213,5,4539.0,90,0,ids,0.017864357935670764,0.10978404004051928,5.333333333333333,4.1,0.3333333333333333,0.32738095238095233
2024.12.13startup_a,startup_a,20241213,6,2833.0,90,1,ids,0.6705426895163877,-0.16582553355044066,0.6666666666666666,,1.0,
2024.12.13startup_a,startup_a,20241213,6,2215.0,90,0,ids,-0.2531898298937765,0.03575561247527906,,,,
2024.12.13startup_a,startup_a,20241213,6,3438.0,90,0,ids,-0.1324891770168509,0.3079018474945832,8.0,-0.4780219780219773,0.6153846153846154,0.28321678321678306
2024.12.13startup_a,startup_a,20241213,6,3460.0,90,0,ids,-0.35424863871656326,0.34818812599119825,6.666666666666667,-0.636363636363636,0.45454545454545453,0.4212121212121213
2024.12.13startup_a,startup_a,20241213,7,2983.0,90,1,ids,-0.6438193287015797,0.5687510747225383,8.0,3.0615384615384618,0.35714285714285715,-0.2802197802197801
2024.12.13startup_a,startup_a,20241213,7,4317.0,90,0,ids,-0.8635833993516945,0.38296884580249824,5.333333333333333,7.409090909090907,0.45454545454545453,-0.2727272727272728
2024.12.13startup_a,startup_a,20241213,7,4746.0,90,0,ids,-0.12132522522622574,0.11559542881080195,2.6666666666666665,25.599999999999998,0.6,
2024.12.13startup_a,startup_a,20241213,7,4524.0,90,0,ids,0.11656262331408213,-0.019223967738422162,6.666666666666667,0.6818181818181827,0.36363636363636365,-0.11515151515151509
2024.12.13startup_a,startup_a,20241213,8,3053.0,90,1,ids,0.7399896722089203,-1.0620741927782793,8.0,-2.3296703296703303,0.6153846153846154,0.8076923076923078
2024.12.13startup_a,startup_a,20241213,8,4523.0,90,0,ids,0.11866523944994926,-0.032216150201824,6.666666666666667,0.6818181818181827,0.36363636363636365,-0.11515151515151509
2024.12.13startup_a,startup_a,20241213,8,2261.0,90,0,ids,0.008670866948867918,-7.153488923949219e-05,,,,
2024.12.13startup_a,startup_a,20241213,8,4740.0,90,0,ids,-0.05224131494327224,0.09656119654403912,2.6666666666666665,25.599999999999998,0.6,
2024.12.13startup_a,startup_a,20241213,9,3101.0,90,1,ids,-0.07565168332920634,0.442072959256928,9.333333333333334,0.8464285714285714,0.5333333333333333,0.1835164835164836
2024.12.13startup_a,startup_a,20241213,9,3904.0,90,0,ids,-0.061878743069982076,0.03427251289546983,0.6666666666666666,,0.6666666666666666,
2024.12.13startup_a,startup_a,20241213,9,2384.0,90,0,ids,-0.46113860456882066,0.11951156116676429,1.3333333333333333,16.700000000000003,0.6,
2024.12.13startup_a,startup_a,20241213,9,2453.0,90,0,ids,0.6709557553437816,-0.16292165330326366,2.6666666666666665,0.3000000000000025,0.6,
2024.12.13startup_a,startup_a,20241213,10,3323.0,90,1,ids,0.4369087064571791,-0.25258176187187337,5.333333333333333,-1.7000000000000015,0.4444444444444444,0.14880952380952367
2024.12.13startup_a,startup_a,20241213,10,4251.0,90,0,ids,-0.26283068314379376,0.19315922114387515,8.0,-0.5071428571428567,0.4,-0.33626373626373646
2024.12.13startup_a,startup_a,20241213,10,4638.0,90,0,ids,-0.3223865394069551,0.06351577383842526,2.0,16.999999999999996,0.6,
2024.12.13startup_a,startup_a,20241213,10,2152.0,90,0,ids,-0.6082639675025499,0.02944887044571976,0.0,,1.0,
2024.12.13startup_a,startup_a,20241213,11,3588.0,90,1,ids,0.06756739432342171,0.06787643087050502,8.666666666666666,1.6967032967032967,0.35714285714285715,-0.7362637362637361
2024.12.13startup_a,startup_a,20241213,11,2418.0,90,0,ids,0.5495629579146936,-0.11698325231457797,0.6666666666666666,,1.0,
2024.12.13startup_a,startup_a,20241213,11,4281.0,90,0,ids,-0.6487693822453068,0.5127140286823996,6.0,1.9405594405594402,0.5,0.26818181818181824
2024.12.13startup_a,startup_a,20241213,11,4453.0,90,0,ids,0.1690932878785041,-0.003326088502305056,5.333333333333333,-0.3666666666666692,0.5555555555555556,0.39880952380952345
2024.12.13startup_a,startup_a,20241213,12,3645.0,90,1,ids,-0.24517954857803465,-0.40722807967493013,8.0,0.3021978021978025,0.5384615384615384,0.2674825174825174
2024.12.13startup_a,startup_a,20241213,12,4321.0,90,0,ids,-0.813013365391552,0.30090614311883274,5.333333333333333,7.409090909090907,0.45454545454545453,-0.2727272727272728
2024.12.13startup_a,startup_a,20241213,12,4219.0,90,0,ids,0.1522712626356959,0.1176592146085169,8.666666666666666,1.10989010989011,0.35714285714285715,-0.04670329670329673
2024.12.13startup_a,startup_a,20241213,12,2068.0,90,0,ids,-0.21043883310574382,0.8941990732060229,5.333333333333333,2.0833333333333335,0.4444444444444444,2.047619047619047
2024.12.13startup_a,startup_a,20241213,13,4025.0,90,1,ids,0.16969258772790338,-0.3112694075733975,3.3333333333333335,-5.5428571428571445,0.3333333333333333,-3.150000000000001
2024.12.13startup_a,startup_a,20241213,13,3223.0,90,0,ids,0.0036009023666403266,-0.042041720433943726,0.6666666666666666,,1.0,
2024.12.13startup_a,startup_a,20241213,13,4555.0,90,0,ids,-0.05326113663642982,0.19134875585459912,4.0,6.03571428571428,0.2857142857142857,0.814285714285715
2024.12.13startup_a,startup_a,20241213,13,3432.0,90,0,ids,-0.027114848490715847,0.28998136684823717,8.0,-0.4780219780219773,0.6153846153846154,0.28321678321678306
2024.12.13startup_a,startup_a,20241213,14,4906.0,90,1,conclude,0.20764967128140613,-0.1378287424924219,3.3333333333333335,5.742857142857141,0.6666666666666666,-0.4500000000000001
2024.12.13startup_a,startup_a,20241213,14,4997.0,90,0,conclude,0.22869394024467465,-0.32841402689855365,6.666666666666667,0.47272727272727394,0.45454545454545453,-0.045454545454545435
2024.12.13startup_a,startup_a,20241213,14,5001.0,90,0,conclude,0.29250458527664597,-0.36938095923688435,6.666666666666667,0.47272727272727394,0.45454545454545453,-0.045454545454545435
2024.12.13startup_a,startup_a,20241213,14,5000.0,90,0,conclude,0.27956957039749897,-0.3613235070592292,6.666666666666667,0.47272727272727394,0.45454545454545453,-0.045454545454545435
2024.12.13startup_a,startup_a,20241213,15,5092.0,90,1,conclude,-0.4579619489086,0.33764225765949024,6.0,1.121212121212123,0.5,-0.6750000000000004
2024.12.13startup_a,startup_a,20241213,15,5000.0,90,0,conclude,0.27956957039749897,-0.3613235070592292,6.666666666666667,0.47272727272727394,0.45454545454545453,-0.045454545454545435
2024.12.13startup_a,startup_a,20241213,15,4998.0,90,0,conclude,0.24816256508630805,-0.34123816749534347,6.666666666666667,0.47272727272727394,0.45454545454545453,-0.045454545454545435
2024.12.13startup_a,startup_a,20241213,15,4997.0,90,0,conclude,0.22869394024467465,-0.32841402689855365,6.666666666666667,0.47272727272727394,0.45454545454545453,-0.045454545454545435
2024.12.16startup_b,startup_b,20241216,0,239.0,90,1,segue,0.27156955826621837,-0.22204784050019744,2.6666666666666665,5.171428571428572,0.3333333333333333,-1.35
2024.12.16startup_b,startup_b,20241216,0,127.0,90,0,segue,-0.25282152485430565,0.1866844092835583,4.666666666666667,12.20238095238095,0.25,-0.8571428571428571
2024.12.16startup_b,startup_b,20241216,0,137.0,90,0,segue,-0.2629594611382398,0.1484223973764551,4.0,13.535714285714283,0.2857142857142857,-1.1428571428571432
2024.12.16startup_b,startup_b,20241216,0,110.0,90,0,segue,-0.2452416320644951,0.2536473219360339,4.666666666666667,7.7142857142857135,0.25,-0.6071428571428572
2024.12.16startup_b,startup_b,20241216,1,285.0,90,1,segue,0.35805725921271025,-0.7570098755449174,8.0,-0.6219780219780223,0.21428571428571427,0.1346153846153847
2024.12.16startup_b,startup_b,20241216,1,139.0,90,0,segue,-0.2648158402682596,0.15146610905555166,2.6666666666666665,12.0,0.4,
2024.12.16startup_b,startup_b,20241216,1,146.0,90,0,segue,-0.25821541042943175,0.13019987690706733,2.0,,0.5,
2024.12.16startup_b,startup_b,20241216,1,99.0,90,0,segue,-0.29975077889813645,0.3040414799473965,6.0,4.751515151515152,0.2,0.10833333333333342
2024.12.16startup_b,startup_b,20241216,2,376.0,90,1,segue,0.028822113458566008,-0.3005506117281535,10.0,0.3514705882352944,0.5,-0.03749999999999998
2024.12.16startup_b,startup_b,20241216,2,109.0,90,0,segue,-0.24967747866060877,0.2578728043818522,4.666666666666667,7.7142857142857135,0.25,-0.6071428571428572
2024.12.16startup_b,startup_b,20241216,2,114.0,90,0,segue,-0.2284709289429113,0.22809429914905052,4.666666666666667,7.7142857142857135,0.25,-0.6071428571428572
2024.12.16startup_b,startup_b,20241216,2,95.0,90,0,segue,-0.32269012309736533,0.3239901882439538,6.0,4.751515151515152,0.2,0.10833333333333342
2024.12.16startup_b,startup_b,20241216,3,533.0,90,1,segue,0.23286515931656507,0.19742553216317058,6.666666666666667,1.472727272727273,0.5454545454545454,0.645454545454545
2024.12.16startup_b,startup_b,20241216,3,109.0,90,0,segue,-0.24967747866060877,0.2578728043818522,4.666666666666667,7.7142857142857135,0.25,-0.6071428571428572
2024.12.16startup_b,startup_b,20241216,3,96.0,90,0,segue,-0.31681065512832873,0.3189677677405823,6.0,4.751515151515152,0.2,0.10833333333333342
2024.12.16startup_b,startup_b,20241216,3,148.0,90,0,segue,-0.25150656470691385,0.1304590792648848,2.0,,0.5,
2024.12.16startup_b,startup_b,20241216,4,689.0,90,1,segue,0.10768235400007718,-0.2267226165000139,6.666666666666667,0.3272727272727274,0.2727272727272727,0.1727272727272727
2024.12.16startup_b,startup_b,20241216,4,93.0,90,0,segue,-0.334707930850641,0.35002849516219703,7.333333333333333,3.36013986013986,0.3333333333333333,0.16363636363636364
2024.12.16startup_b,startup_b,20241216,4,134.0,90,0,segue,-0.261973176282409,0.1483430371978157,4.666666666666667,12.20238095238095,0.25,-0.8571428571428571
2024.12.16startup_b,startup_b,20241216,4,102.0,90,0,segue,-0.28361793105417527,0.2895091374208677,6.0,4.751515151515152,0.2,0.10833333333333342
2024.12.16startup_b,startup_b,20241216,5,997.0,90,1,rock_review,0.30814182346725516,-0.25721176578561666,4.666666666666667,1.3095238095238098,0.25,-0.821428571428572
2024.12.16startup_b,startup_b,20241216,5,889.0,90,0,rock_review,-0.10919743234657193,0.04117639505122317,4.0,0.6785714285714244,0.42857142857142855,0.3142857142857147
2024.12.16startup_b,startup_b,20241216,5,899.0,90,0,rock_review,0.08257069693150985,-0.07101126566435632,3.3333333333333335,2.8000000000000003,0.5,-0.75
2024.12.16startup_b,startup_b,20241216,5,891.0,90,0,rock_review,-0.0732937702274709,0.02481044549935648,4.0,0.6785714285714244,0.42857142857142855,0.3142857142857147
2024.12.16startup_b,startup_b,20241216,6,1122.0,90,1,todo,0.1969689480215223,-0.10781902403669738,10.0,1.003095975232198,0.3333333333333333,-0.05147058823529401
2024.12.16startup_b,startup_b,20241216,6,1936.0,90,0,todo,0.1123543934980531,-0.1592764945012558,4.0,-2.7857142857142874,0.7142857142857143,0.15714285714285714
2024.12.16startup_b,startup_b,20241216,6,2463.0,90,0,todo,-0.16655322777420925,-0.009308969491049798,4.666666666666667,8.154761904761903,0.125,-0.46428571428571425
2024.12.16startup_b,startup_b,20241216,6,2480.0,90,0,todo,-0.26273949705167843,0.0906421032944771,4.0,16.53571428571428,0.2857142857142857,0.6571428571428574
2024.12.16startup_b,startup_b,20241216,7,1304.0,90,1,todo,0.7247248446401998,-0.2960204689806623,4.0,-7.285714285714294,0.42857142857142855,1.9857142857142878
2024.12.16startup_b,startup_b,20241216,7,2364.0,90,0,todo,-0.1422185498561325,0.1994188740181228,4.666666666666667,6.714285714285713,0.375,0.5000000000000002
2024.12.16startup_b,startup_b,20241216,7,1732.0,90,0,todo,0.6094407009045992,-0.2591378112169872,8.0,-0.23284313725490272,0.35294117647058826,-0.2992647058823528
2024.12.16startup_b,startup_b,20241216,7,1639.0,90,0,todo,-0.10469595478315433,0.26881143653351547,2.6666666666666665,9.42857142857143,0.6666666666666666,-1.9999999999999998
2024.12.16startup_b,startup_b,20241216,8,2074.0,90,1,todo,0.3599115213641627,-0.2777383269668381,7.333333333333333,-1.554945054945054,0.23076923076923078,0.3828671328671322
2024.12.16startup_b,startup_b,20241216,8,1565.0,90,0,todo,0.01304231547276468,-0.07425874634347411,10.0,0.5647058823529406,0.5,-0.15535714285714278
2024.12.16startup_b,startup_b,20241216,8,1922.0,90,0,todo,-0.18315740642983563,0.07599924010792077,4.0,-2.607142857142856,0.7142857142857143,-1.5428571428571436
2024.12.16startup_b,startup_b,20241216,8,2413.0,90,0,todo,0.3035756713127725,-0.14654479160395603,4.666666666666667,2.2333333333333294,0.1111111111111111,-0.9345238095238091
2024.12.16startup_b,startup_b,20241216,9,2182.0,90,1,todo,0.2073112849547464,-0.019622030239543856,6.0,4.036363636363638,0.3,-1.1833333333333336
2024.12.16startup_b,startup_b,20241216,9,1465.0,90,0,todo,-0.07195004437010971,-0.021885180574551504,4.0,5.678571428571426,0.42857142857142855,2.557142857142858
2024.12.16startup_b,startup_b,20241216,9,1395.0,90,0,todo,-0.020877165729003246,-0.03081059392998483,6.0,1.533333333333334,0.4,0.14166666666666686
2024.12.16startup_b,startup_b,20241216,9,2456.0,90,0,todo,-0.07281828344003265,-0.04109333563197754,4.666666666666667,8.154761904761903,0.125,-0.46428571428571425
2024.12.16startup_b,startup_b,20241216,10,2234.0,90,1,todo,0.23535905151307107,-0.5405344324247127,6.666666666666667,-2.7454545454545447,0.2727272727272727,0.8969696969696968
2024.12.16startup_b,startup_b,20241216,10,1406.0,90,0,todo,0.06089000991848675,-0.09983772916818062,5.333333333333333,-2.1000000000000028,0.4444444444444444,0.10714285714285691
2024.12.16startup_b,startup_b,20241216,10,1659.0,90,0,todo,0.2571278601638309,-0.11587034065399729,1.3333333333333333,,0.5,
2024.12.16startup_b,startup_b,20241216,10,2578.0,90,0,todo,0.2205446032829034,-0.2662611320328997,2.6666666666666665,-2.8000000000000007,0.2,
2024.12.16startup_b,startup_b,20241216,11,2702.0,90,1,todo,0.3591375755903517,-0.48590055341159727,6.666666666666667,1.3272727272727276,0.36363636363636365,-0.14242424242424243
2024.12.16startup_b,startup_b,20241216,11,1732.0,90,0,todo,0.6094407009045992,-0.2591378112169872,8.0,-0.23284313725490272,0.35294117647058826,-0.2992647058823528
2024.12.16startup_b,startup_b,20241216,11,2406.0,90,0,todo,0.2167835789153647,-0.06553677037774028,4.666666666666667,-0.21666666666666873,0.1111111111111111,-0.8214285714285708
2024.12.16startup_b,startup_b,20241216,11,1458.0,90,0,todo,-0.1390523856160669,0.02913604114449435,4.666666666666667,3.7619047619047623,0.375,2.1964285714285716
2024.12.16startup_b,startup_b,20241216,12,2771.0,90,1,todo,0.25777995863321684,-0.41202205827775035,13.333333333333334,0.351948051948052,0.38095238095238093,-0.06165413533834587
2024.12.16startup_b,startup_b,20241216,12,1496.0,90,0,todo,0.03216851228452098,-0.16646677273199487,4.666666666666667,-2.702380952380951,0.25,0.23214285714285623
2024.12.16startup_b,startup_b,20241216,12,1914.0,90,0,todo,-0.3602960426746105,0.2586088359557446,4.666666666666667,3.464285714285713,0.625,-0.6249999999999998
2024.12.16startup_b,startup_b,20241216,12,1534.0,90,0,todo,0.03371606450974778,-0.033399331960365944,6.666666666666667,-1.6999999999999988,0.45454545454545453,0.35757575757575777
2024.12.16startup_b,startup_b,20241216,13,2874.0,90,1,todo,-0.18131508022878717,-0.12921276072443447,1.3333333333333333,-19.499999999999996,0.8,
2024.12.16startup_b,startup_b,20241216,13,2479.0,90,0,todo,-0.25899615276772503,0.09276386478881063,4.0,16.53571428571428,0.2857142857142857,0.6571428571428574
2024.12.16startup_b,startup_b,20241216,13,2420.0,90,0,todo,0.31811159670007294,-0.15398005017654215,4.0,1.5952380952380985,0.125,-0.857142857142857
2024.12.16startup_b,startup_b,20241216,13,1547.0,90,0,todo,0.0042827901266678636,-0.02937521276691507,7.333333333333333,1.1888111888111887,0.5,-0.19090909090909094
2024.12.16startup_b,startup_b,20241216,14,3026.0,90,1,ids,-0.05516616941123147,-0.2031292281919568,11.333333333333334,-0.14138286893704843,0.16666666666666666,0.248774509803921
2024.12.16startup_b,startup_b,20241216,14,4363.0,90,0,ids,0.06759896364424647,-0.12018902562683327,4.0,-8.464285714285722,0.14285714285714285,0.2857142857142863
2024.12.16startup_b,startup_b,20241216,14,4356.0,90,0,ids,-0.00435023597547351,-0.13534545092294806,3.3333333333333335,-0.05714285714285573,0.3333333333333333,-0.4000000000000003
2024.12.16startup_b,startup_b,20241216,14,4423.0,90,0,ids,0.16155909033379057,-0.1687812568955382,5.333333333333333,1.1999999999999993,0.3333333333333333,-0.3214285714285714
2024.12.16startup_b,startup_b,20241216,15,3049.0,90,1,ids,-0.28758301612656195,-0.12383399291840688,12.0,0.4982456140350882,0.15789473684210525,-0.014447884416924711
2024.12.16startup_b,startup_b,20241216,15,4792.0,90,0,ids,0.2719307162217921,-0.21350446245865526,4.666666666666667,0.9999999999999939,0.4444444444444444,1.648809523809523
2024.12.16startup_b,startup_b,20241216,15,4442.0,90,0,ids,-0.022877187858203703,-0.07958139415453269,7.333333333333333,2.7552447552447554,0.3333333333333333,-0.34090909090909105
2024.12.16startup_b,startup_b,20241216,15,4433.0,90,0,ids,0.05543646494366017,-0.1302856004217371,6.0,-0.16363636363636241,0.3,-0.6666666666666669
2024.12.16startup_b,startup_b,20241216,16,3183.0,90,1,ids,0.15266574453359374,-0.1150820285104078,12.666666666666666,-0.06103896103896097,0.09523809523809523,-0.100375939849624
2024.12.16startup_b,startup_b,20241216,16,4863.0,90,0,ids,0.3990729793407795,-0.15432763041856737,6.666666666666667,-0.2636363636363631,0.2727272727272727,-0.7969696969696969
2024.12.16startup_b,startup_b,20241216,16,3811.0,90,0,ids,0.12392328126328081,0.1038808075531714,2.6666666666666665,11.500000000000004,0.4,
2024.12.16startup_b,startup_b,20241216,16,4306.0,90,0,ids,0.2462213950434995,-0.09034174959034227,1.3333333333333333,,1.0,
2024.12.16startup_b,startup_b,20241216,17,3343.0,90,1,ids,-0.07432345569843249,-0.34848275337342083,9.333333333333334,1.4294117647058822,0.375,-0.1928571428571429
2024.12.16startup_b,startup_b,20241216,17,4542.0,90,0,ids,0.43063645646660775,-0.48305593799872754,4.666666666666667,-5.380952380952376,0.25,1.6250000000000004
2024.12.16startup_b,startup_b,20241216,17,4549.0,90,0,ids,0.2811659571988454,-0.4146426325950069,5.333333333333333,-4.183333333333337,0.2222222222222222,1.4166666666666663
2024.12.16startup_b,startup_b,20241216,17,4502.0,90,0,ids,-0.052497409970119924,0.3162148574249017,5.333333333333333,4.6,0.4,-1.1500000000000004
2024.12.16startup_b,startup_b,20241216,18,3417.0,90,1,ids,-0.1761897156265498,0.15128440156676168,8.0,0.901098901098902,0.3076923076923077,-0.11363636363636366
2024.12.16startup_b,startup_b,20241216,18,4259.0,90,0,ids,0.14676851096141558,0.019458283362611052,2.6666666666666665,16.5,0.6,
2024.12.16startup_b,startup_b,20241216,18,4563.0,90,0,ids,-0.08488833741977476,-0.18862489907680363,6.0,-0.07272727272727275,0.3,1.325000000000001
2024.12.16startup_b,startup_b,20241216,18,4637.0,90,0,ids,0.01972622892393496,-0.23791427164773,2.6666666666666665,-7.799999999999997,0.4,
2024.12.16startup_b,startup_b,20241216,19,3462.0,90,1,ids,0.09653843089984372,-0.6998646856401823,10.666666666666666,-1.0318627450980395,0.17647058823529413,0.2294117647058823
2024.12.16startup_b,startup_b,20241216,19,4499.0,90,0,ids,-0.12628775924104488,0.3629905981470809,4.666666666666667,6.000000000000001,0.4444444444444444,-1.0595238095238093
2024.12.16startup_b,startup_b,20241216,19,4316.0,90,0,ids,0.14531415144445708,-0.09575804175678541,2.0,,0.75,
2024.12.16startup_b,startup_b,20241216,19,4822.0,90,0,ids,0.04310686835463353,0.08749055740114615,4.0,3.678571428571419,0.42857142857142855,1.4428571428571433
2024.12.16startup_b,startup_b,20241216,20,3573.0,90,1,ids,0.11271158976044102,0.01061467609303958,3.3333333333333335,1.0000000000000022,0.5,0.8999999999999999
2024.12.16startup_b,startup_b,20241216,20,4500.0,90,0,ids,-0.10228869162419583,0.34974783792598513,4.666666666666667,6.000000000000001,0.4444444444444444,-1.0595238095238093
2024.12.16startup_b,startup_b,20241216,20,4222.0,90,0,ids,-0.06001952180333951,-0.0032632087650969806,3.3333333333333335,4.942857142857138,0.5,3.3500000000000028
2024.12.16startup_b,startup_b,20241216,20,3837.0,90,0,ids,0.720767780878047,-0.2841515392368399,2.6666666666666665,-2.1999999999999913,0.4,
2024.12.16startup_b,startup_b,20241216,21,3648.0,90,1,ids,0.1974400909395551,-0.29388016507687653,8.666666666666666,0.47472527472527454,0.2857142857142857,-0.20329670329670335
2024.12.16startup_b,startup_b,20241216,21,4676.0,90,0,ids,0.4574413598598518,-0.3958999048876466,8.666666666666666,-1.1928571428571415,0.13333333333333333,0.2780219780219782
2024.12.16startup_b,startup_b,20241216,21,4418.0,90,0,ids,0.20316154987308932,-0.13311536415391376,4.666666666666667,0.42857142857142927,0.25,-0.6071428571428567
2024.12.16startup_b,startup_b,20241216,21,4324.0,90,0,ids,0.02940223362576037,-0.07648513134678812,2.6666666666666665,-6.599999999999995,0.6,
2024.12.16startup_b,startup_b,20241216,22,3674.0,90,1,ids,0.024927639555220264,-0.1761913942050883,10.0,-0.12647058823529386,0.5,-0.07321428571428566
2024.12.16startup_b,startup_b,20241216,22,4361.0,90,0,ids,0.04862444681027815,-0.12493972348612802,3.3333333333333335,-9.314285714285718,0.16666666666666666,-0.050000000000000176
2024.12.16startup_b,startup_b,20241216,22,4621.0,90,0,ids,-0.40253100647568385,0.21826314172317388,4.666666666666667,7.249999999999998,0.25,-1.5357142857142856
2024.12.16startup_b,startup_b,20241216,22,4280.0,90,0,ids,0.30927672000854334,-0.04648862238381529,4.0,8.14285714285714,0.7142857142857143,-0.09999999999999973
2024.12.16startup_b,startup_b,20241216,23,3707.0,90,1,ids,-0.1470396280708033,-0.01515143070042618,10.666666666666666,-0.4215686274509811,0.5882352941176471,0.48750000000000004
2024.12.16startup_b,startup_b,20241216,23,4026.0,90,0,ids,-0.4805354470725246,0.10183759168185566,0.6666666666666666,,0.6666666666666666,
2024.12.16startup_b,startup_b,20241216,23,4325.0,90,0,ids,0.01417229133749315,-0.07633988581991001,2.6666666666666665,-6.599999999999995,0.6,
2024.12.16startup_b,startup_b,20241216,23,4027.0,90,0,ids,-0.4644442020009978,0.09048489494597312,0.6666666666666666,,0.6666666666666666,
2024.12.16startup_b,startup_b,20241216,24,3935.0,90,1,ids,0.04880979298754337,0.04194869169342951,4.666666666666667,2.9404761904761907,0.625,-0.6071428571428579
2024.12.16startup_b,startup_b,20241216,24,4283.0,90,0,ids,0.31490193801044747,-0.0512024321928107,4.0,8.14285714285714,0.7142857142857143,-0.09999999999999973
2024.12.16startup_b,startup_b,20241216,24,4868.0,90,0,ids,0.46344937286415067,-0.20639227486941378,6.0,-3.7696969696969673,0.3,-0.07499999999999969
2024.12.16startup_b,startup_b,20241216,24,4663.0,90,0,ids,0.5602515659120033,-0.5050451987371584,9.333333333333334,-0.6838235294117666,0.125,0.14821428571428563
2024.12.16startup_b,startup_b,20241216,25,4128.0,90,1,ids,0.8648719961169185,-0.279674980031267,6.0,-1.1515151515151498,0.3,0.8083333333333337
2024.12.16startup_b,startup_b,20241216,25,4676.0,90,0,ids,0.4574413598598518,-0.3958999048876466,8.666666666666666,-1.1928571428571415,0.13333333333333333,0.2780219780219782
2024.12.16startup_b,startup_b,20241216,25,4803.0,90,0,ids,0.29753141803794886,-0.23819921972656755,4.0,3.678571428571419,0.42857142857142855,1.4428571428571433
2024.12.16startup_b,startup_b,20241216,25,4237.0,90,0,ids,0.1168976334760339,-0.024888610093972106,3.3333333333333335,4.942857142857138,0.5,3.3500000000000028
2024.12.16startup_b,startup_b,20241216,26,4962.0,90,1,ids,0.2429405677672397,-0.5589967399494744,8.0,0.6153846153846152,0.3076923076923077,0.06643356643356636
2024.12.16startup_b,startup_b,20241216,26,4802.0,90,0,ids,0.2947451376335295,-0.233451874171252,4.0,3.678571428571419,0.42857142857142855,1.4428571428571433
2024.12.16startup_b,startup_b,20241216,26,3812.0,90,0,ids,0.15351206424058947,0.08968327617840428,2.6666666666666665,11.500000000000004,0.4,
2024.12.16startup_b,startup_b,20241216,26,4307.0,90,0,ids,0.23732959720171484,-0.08945749141122088,2.0,,0.75,
2024.12.16startup_b,startup_b,20241216,27,4976.0,90,1,ids,0.6254208958498985,-0.7686999342979365,8.666666666666666,1.0065934065934075,0.2857142857142857,-0.11538461538461539
2024.12.16startup_b,startup_b,20241216,27,4712.0,90,0,ids,-0.38617712673768584,0.29069798427698695,12.666666666666666,1.215584415584416,0.19047619047619047,-0.0650375939849624
2024.12.16startup_b,startup_b,20241216,27,4386.0,90,0,ids,0.2843627397528078,-0.16807840966820178,4.0,-0.4642857142857174,0.14285714285714285,0.6285714285714288
2024.12.16startup_b,startup_b,20241216,27,4253.0,90,0,ids,0.13148630713022602,0.016631417964414356,2.6666666666666665,16.5,0.6,
2024.12.16startup_b,startup_b,20241216,28,5051.0,90,1,ids,-0.161479638492067,0.2332351152890377,16.666666666666668,0.1832478632478637,0.19230769230769232,0.04423076923076921
2024.12.16startup_b,startup_b,20241216,28,4778.0,90,0,ids,0.17027412789692706,-0.13477739401255764,5.333333333333333,-1.0424242424242387,0.3,0.29166666666666713
2024.12.16startup_b,startup_b,20241216,28,4551.0,90,0,ids,0.23219375140427448,-0.38285808067237287,5.333333333333333,-4.183333333333337,0.2222222222222222,1.4166666666666663
2024.12.16startup_b,startup_b,20241216,28,4395.0,90,0,ids,0.32869838800953133,-0.15810617941618976,4.0,-0.4642857142857174,0.14285714285714285,0.6285714285714288
2024.12.16startup_b,startup_b,20241216,29,5220.0,90,1,conclude,0.13055643759121022,-0.583912536297377,9.333333333333334,-0.33823529411764724,0.11764705882352941,-0.03602941176470599
2024.12.16startup_b,startup_b,20241216,29,1913.0,90,0,todo,-0.37865118965190264,0.28216775011354217,4.666666666666667,3.464285714285713,0.625,-0.6249999999999998
2024.12.16startup_b,startup_b,20241216,29,3844.0,90,0,ids,0.774462523126278,-0.32154094809803935,2.0,,0.5,
2024.12.16startup_b,startup_b,20241216,29,1865.0,90,0,todo,-0.26336132009675045,0.3791119468464058,8.666666666666666,3.202197802197802,0.42857142857142855,0.22527472527472528
2024.12.23startup_a,startup_a,20241223,0,82.0,90,1,segue,-0.2985114552946085,0.33376817214273974,6.0,4.624242424242423,0.3,0.016666666666666625
2024.12.23startup_a,startup_a,20241223,0,411.0,90,0,segue,0.3358559828360473,-0.2892457986006874,2.0,,0.5,
2024.12.23startup_a,startup_a,20241223,0,345.0,90,0,segue,0.25648426614271763,-0.042021414216472014,4.666666666666667,0.09523809523809891,0.375,1.428571428571429
2024.12.23startup_a,startup_a,20241223,0,372.0,90,0,segue,-0.47993512788481124,0.08921211227537618,4.0,6.428571428571427,0.25,0.4285714285714292
2024.12.23startup_a,startup_a,20241223,1,120.0,90,1,segue,0.30353649371863606,-0.4329510939555375,3.3333333333333335,-4.4642857142857135,0.2857142857142857,-0.32857142857142935
2024.12.23startup_a,startup_a,20241223,1,348.0,90,0,segue,0.11238762434909706,-0.020172071177363776,4.0,8.142857142857137,0.2857142857142857,1.442857142857144
2024.12.23startup_a,startup_a,20241223,1,324.0,90,0,segue,0.729483544916643,-0.1205551771885499,4.666666666666667,0.09523809523809891,0.375,1.428571428571429
2024.12.23startup_a,startup_a,20241223,1,376.0,90,0,segue,-0.45840597220803764,0.08502858073967004,4.0,6.428571428571427,0.25,0.4285714285714292
2024.12.23startup_a,startup_a,20241223,2,154.0,90,1,segue,0.07973170967825902,-0.01797225204875783,4.666666666666667,4.0,0.25,0.035714285714285254
2024.12.23startup_a,startup_a,20241223,2,369.0,90,0,segue,-0.4785800332229154,0.08261000356420573,4.0,6.428571428571427,0.25,0.4285714285714292
2024.12.23startup_a,startup_a,20241223,2,388.0,90,0,segue,-0.2414317543384004,-0.014084077335494749,4.666666666666667,3.766666666666667,0.4444444444444444,0.23809523809523794
2024.12.23startup_a,startup_a,20241223,2,404.0,90,0,segue,0.16907951138396465,-0.2565373045840825,2.0,-18.199999999999996,0.6,
2024.12.23startup_a,startup_a,20241223,3,234.0,90,1,segue,0.06623974385974582,-0.02837073447999121,1.3333333333333333,,0.6666666666666666,
2024.12.23startup_a,startup_a,20241223,3,372.0,90,0,segue,-0.47993512788481124,0.08921211227537618,4.0,6.428571428571427,0.25,0.4285714285714292
2024.12.23startup_a,startup_a,20241223,3,395.0,90,0,segue,-0.06670344094259828,-0.13010146420464372,3.3333333333333335,-1.0357142857142838,0.42857142857142855,-0.7000000000000001
2024.12.23startup_a,startup_a,20241223,3,334.0,90,0,segue,0.6475218802201413,-0.11372583618228294,4.666666666666667,0.09523809523809891,0.375,1.428571428571429
2024.12.23startup_a,startup_a,20241223,4,1474.0,90,1,todo,-0.22702927537557774,-0.013381908389274715,6.0,0.06666666666666833,0.5,0.5500000000000003
2024.12.23startup_a,startup_a,20241223,4,1105.0,90,0,todo,0.11228260695890789,-0.08444149081434267,1.3333333333333333,,0.3333333333333333,
2024.12.23startup_a,startup_a,20241223,4,1578.0,90,0,todo,-0.4451510026064922,0.2694034577007332,5.333333333333333,3.187878787878787,0.2,-0.008333333333333475
2024.12.23startup_a,startup_a,20241223,4,1270.0,90,0,todo,0.45488312447422347,-0.19356257441916078,2.6666666666666665,-0.7714285714285801,0.6666666666666666,1.4
2024.12.23startup_a,startup_a,20241223,5,1689.0,90,1,todo,0.09374377892177732,-0.11870418530589945,2.6666666666666665,2.800000000000009,0.2,
2024.12.23startup_a,startup_a,20241223,5,1206.0,90,0,todo,-0.40160032819024877,0.026596284615212743,0.6666666666666666,,0.5,
2024.12.23startup_a,startup_a,20241223,5,1324.0,90,0,todo,0.1443393363492173,-0.1055710779187978,3.3333333333333335,1.5428571428571423,0.5,0.35
2024.12.23startup_a,startup_a,20241223,5,1129.0,90,0,todo,-0.08561835146736861,0.06657059730562966,2.0,9.700000000000003,0.2,
2024.12.23startup_a,startup_a,20241223,6,1790.0,90,1,todo,-0.09521010647080012,0.1480221260755962,6.666666666666667,1.5363636363636364,0.2727272727272727,-0.027272727272727414
2024.12.23startup_a,startup_a,20241223,6,1100.0,90,0,todo,0.13349128888734757,-0.09667264270480957,2.0,,0.25,
2024.12.23startup_a,startup_a,20241223,6,1314.0,90,0,todo,0.1838987784931544,-0.10270013776393128,3.3333333333333335,9.314285714285717,0.6666666666666666,-0.7000000000000001
2024.12.23startup_a,startup_a,20241223,6,1379.0,90,0,todo,0.17766214245478082,-0.01552748321694563,2.6666666666666665,15.3,0.6,
2024.12.23startup_a,startup_a,20241223,7,1827.0,90,1,ids,0.027073595052430868,-0.5933204515693047,6.0,-1.6424242424242432,0.4,0.3
2024.12.23startup_a,startup_a,20241223,7,4778.0,90,0,ids,-0.051244148443545995,-0.06860665321474699,2.0,,0.75,
2024.12.23startup_a,startup_a,20241223,7,2930.0,90,0,ids,-0.12012362160959554,0.2718925855742288,5.333333333333333,8.583333333333336,0.4444444444444444,-0.32738095238095244
2024.12.23startup_a,startup_a,20241223,7,2279.0,90,0,ids,0.22825266614492848,-0.11441279946460907,5.333333333333333,2.283333333333333,0.4444444444444444,-1.2023809523809519
2024.12.23startup_a,startup_a,20241223,8,1845.0,90,1,ids,0.12566715823204788,-0.6128777986807963,6.666666666666667,-1.0909090909090904,0.36363636363636365,-0.3181818181818182
2024.12.23startup_a,startup_a,20241223,8,2982.0,90,0,ids,-0.23678808905877238,0.07569420266195785,1.3333333333333333,,0.75,
2024.12.23startup_a,startup_a,20241223,8,2572.0,90,0,ids,-0.19785133876823227,0.055283411254342975,0.0,,1.0,
2024.12.23startup_a,startup_a,20241223,8,4831.0,90,0,ids,-0.2553829422188059,0.16038613630280235,0.6666666666666666,,0.75,
2024.12.23startup_a,startup_a,20241223,9,2014.0,90,1,ids,0.2889868897854643,-0.10268218706747327,0.0,,0.0,
2024.12.23startup_a,startup_a,20241223,9,3759.0,90,0,ids,0.04810219406945679,-0.03769810919654612,4.0,2.357142857142857,0.14285714285714285,0.3571428571428564
2024.12.23startup_a,startup_a,20241223,9,2297.0,90,0,ids,0.030379372314638952,0.213306931188987,6.0,5.030303030303029,0.5,-0.7583333333333334
2024.12.23startup_a,startup_a,20241223,9,2332.0,90,0,ids,-0.4923167062505395,0.20538835816188974,7.333333333333333,0.9685314685314699,0.4166666666666667,-0.013636363636363663
2024.12.23startup_a,startup_a,20241223,10,2046.0,90,1,ids,0.5458286232317987,-0.43597943422846475,1.3333333333333333,1.2000000000000015,0.4,
2024.12.23startup_a,startup_a,20241223,10,3155.0,90,0,ids,-0.15480142049604267,0.08356024658077962,2.6666666666666665,8.971428571428568,0.6666666666666666,1.2500000000000007
2024.12.23startup_a,startup_a,20241223,10,3668.0,90,0,ids,-0.2285984832251806,0.3926321870458794,3.3333333333333335,0.3428571428571422,0.5,1.400000000000001
2024.12.23startup_a,startup_a,20241223,10,2255.0,90,0,ids,0.5347109833100944,-0.44490965919884506,4.666666666666667,-2.630952380952378,0.5,-1.071428571428572
2024.12.23startup_a,startup_a,20241223,11,3322.0,90,1,ids,0.11641945811076229,-0.20040239645952176,2.6666666666666665,-0.0857142857142876,0.3333333333333333,3.7000000000000006
2024.12.23startup_a,startup_a,20241223,11,3747.0,90,0,ids,0.28234693997800664,-0.1379826741194851,3.3333333333333335,6.2,0.16666666666666666,-1.3832433101322558e-16
2024.12.23startup_a,startup_a,20241223,11,4429.0,90,0,ids,-0.4045905385801077,0.39033943274391353,2.0,,0.25,
2024.12.23startup_a,startup_a,20241223,11,3850.0,90,0,ids,-0.12260488625690207,0.10539819476215878,4.666666666666667,-1.3452380952380936,0.25,-0.07142857142857144
2024.12.23startup_a,startup_a,20241223,12,3345.0,90,1,ids,0.13964778276884507,-0.18265642452975414,3.3333333333333335,4.7499999999999964,0.2857142857142857,1.242857142857143
2024.12.23startup_a,startup_a,20241223,12,2625.0,90,0,ids,0.18392147038675855,-0.06774405196460895,1.3333333333333333,,0.6666666666666666,
2024.12.23startup_a,startup_a,20241223,12,2599.0,90,0,ids,0.031646869905720895,-0.022082089208087345,0.0,,1.0,
2024.12.23startup_a,startup_a,20241223,12,4772.0,90,0,ids,0.009056104631960781,-0.11912390451625265,2.0,,0.75,
2024.12.23startup_a,startup_a,20241223,13,3394.0,90,1,ids,0.24118424932938187,-0.8570621388490197,6.666666666666667,-2.5818181818181807,0.2727272727272727,0.9424242424242422
2024.12.23startup_a,startup_a,20241223,13,3796.0,90,0,ids,0.0342802377925086,0.05528399323701412,3.3333333333333335,3.7142857142857126,0.16666666666666666,-1.2499999999999998
2024.12.23startup_a,startup_a,20241223,13,4842.0,90,0,ids,-0.20864148439660696,0.10141227479296042,0.6666666666666666,,0.75,
2024.12.23startup_a,startup_a,20241223,13,2445.0,90,0,ids,0.053511744613764956,0.034587422911002516,2.6666666666666665,14.371428571428574,0.5,-1.0999999999999999
2024.12.23startup_a,startup_a,20241223,14,3479.0,90,1,ids,-0.21116174649272446,0.5497028682528567,4.0,3.047619047619048,0.375,3.2857142857142856
2024.12.23startup_a,startup_a,20241223,14,2669.0,90,0,ids,0.30103974911405473,-0.01378666227390254,2.0,6.100000000000001,0.6,
2024.12.23startup_a,startup_a,20241223,14,2688.0,90,0,ids,0.2816187332971131,0.0032386514836903867,2.6666666666666665,9.257142857142856,0.6666666666666666,-1.3499999999999999
2024.12.23startup_a,startup_a,20241223,14,3718.0,90,0,ids,0.35470561025396297,-0.12232326600235936,2.6666666666666665,0.7428571428571424,0.3333333333333333,-8.399999999999999
2024.12.23startup_a,startup_a,20241223,15,3557.0,90,1,ids,-0.028273569168427534,-0.6894449513558291,9.333333333333334,0.06071428571428577,0.3333333333333333,0.04945054945054948
2024.12.23startup_a,startup_a,20241223,15,2997.0,90,0,ids,0.03594116812241516,-0.0008509452304782262,1.3333333333333333,,0.75,
2024.12.23startup_a,startup_a,20241223,15,4900.0,90,0,ids,0.1809109961848697,-0.08010390497496604,1.3333333333333333,,0.5,
2024.12.23startup_a,startup_a,20241223,15,2710.0,90,0,ids,0.08926245900017933,0.011052563503049147,2.6666666666666665,6.085714285714284,0.5,-5.950103043703081e-16
2024.12.23startup_a,startup_a,20241223,16,3940.0,90,1,ids,-0.2139554914254318,0.006666464363258784,4.0,-3.5952380952380936,0.375,-0.6250000000000009
2024.12.23startup_a,startup_a,20241223,16,2645.0,90,0,ids,0.20535547430445897,-0.04992412378400541,2.6666666666666665,-1.2000000000000028,0.6,
2024.12.23startup_a,startup_a,20241223,16,4127.0,90,0,ids,0.10452012915575552,-0.10629938139089232,4.0,0.07142857142856995,0.42857142857142855,0.5999999999999991
2024.12.23startup_a,startup_a,20241223,16,5027.0,90,0,ids,0.05319949170754231,0.05286513873039668,2.6666666666666665,-2.9999999999999947,0.2,
2024.12.23startup_a,startup_a,20241223,17,3982.0,90,1,ids,0.43194524932842865,-0.7580253115589013,5.333333333333333,-0.9500000000000013,0.2222222222222222,1.1428571428571421
2024.12.23startup_a,startup_a,20241223,17,2491.0,90,0,ids,0.35288690079664364,-0.08058468466468124,2.6666666666666665,11.299999999999999,0.6,
2024.12.23startup_a,startup_a,20241223,17,4714.0,90,0,ids,0.07152929675609532,-0.012994829189835326,1.3333333333333333,,1.0,
2024.12.23startup_a,startup_a,20241223,17,4464.0,90,0,ids,0.18416950312653868,-0.06413962722237614,0.6666666666666666,,0.5,
2024.12.23startup_a,startup_a,20241223,18,4301.0,90,1,ids,0.3529159777216237,-0.2281485624215216,4.0,3.071428571428572,0.2857142857142857,1.0142857142857145
2024.12.23startup_a,startup_a,20241223,18,2200.0,90,0,ids,-0.38252255950557995,0.2172313985835601,0.6666666666666666,,1.0,
2024.12.23startup_a,startup_a,20241223,18,2499.0,90,0,ids,0.21886340926401598,-0.04724665958142074,2.6666666666666665,11.299999999999999,0.6,
2024.12.23startup_a,startup_a,20241223,18,3726.0,90,0,ids,0.4493487700147821,-0.20872883212646925,3.3333333333333335,4.107142857142855,0.2857142857142857,-4.714285714285719
2024.12.23startup_a,startup_a,20241223,19,4603.0,90,1,ids,0.29880561955109497,-0.3590053401178233,6.666666666666667,1.7797202797202785,0.4166666666666667,0.3590909090909091
2024.12.23startup_a,startup_a,20241223,19,2563.0,90,0,ids,-0.3074042864426942,0.07937390391365286,0.6666666666666666,,0.6666666666666666,
2024.12.23startup_a,startup_a,20241223,19,2263.0,90,0,ids,0.5026930869512695,-0.3997452167180855,4.666666666666667,-2.630952380952378,0.5,-1.071428571428572
2024.12.23startup_a,startup_a,20241223,19,3740.0,90,0,ids,0.42041079944176274,-0.17756910841551624,3.3333333333333335,6.2,0.16666666666666666,-1.3832433101322558e-16
2024.12.23startup_a,startup_a,20241223,20,5123.0,90,1,ids,0.41643050739303705,-0.20245477232376366,4.0,-1.785714285714291,0.42857142857142855,1.542857142857144
2024.12.23startup_a,startup_a,20241223,20,2917.0,90,0,ids,-0.2119977200136882,0.41917750641689,7.333333333333333,5.538461538461537,0.4166666666666667,-0.17272727272727267
2024.12.23startup_a,startup_a,20241223,20,2704.0,90,0,ids,0.17301894459491124,0.00476682840594824,2.0,0.6000000000000075,0.6,
2024.12.23startup_a,startup_a,20241223,20,4824.0,90,0,ids,-0.24940580042807547,0.1923810080265344,1.3333333333333333,,1.0,
2024.12.23startup_a,startup_a,20241223,21,5195.0,90,1,ids,-0.29405997203297257,-0.08557439604120703,4.666666666666667,-7.503030303030296,0.2,1.266666666666668
2024.12.23startup_a,startup_a,20241223,21,4172.0,90,0,ids,0.21364980363760194,-0.16492925776360112,4.0,4.4999999999999964,0.42857142857142855,0.32857142857142874
2024.12.23startup_a,startup_a,20241223,21,2988.0,90,0,ids,-0.14110164814447013,0.0538039012885265,2.0,-7.199999999999985,0.8,
2024.12.23startup_a,startup_a,20241223,21,2420.0,90,0,ids,-0.1338695326076087,0.15371631449921672,2.6666666666666665,19.8,0.4,
2024.12.23startup_a,startup_a,20241223,22,5260.0,90,1,conclude,0.4582281806539686,-0.3455894541130025,10.0,0.2280701754385966,0.05555555555555555,-0.04289215686274505
2024.12.23startup_a,startup_a,20241223,22,2576.0,90,0,ids,-0.1330945431675756,0.01601955183092348,0.0,,1.0,
2024.12.23startup_a,startup_a,20241223,22,2829.0,90,0,ids,0.08371160068760304,-0.3947058477574378,9.333333333333334,0.40686274509803977,0.47058823529411764,0.0014705882352940697
2024.12.23startup_a,startup_a,20241223,22,851.0,90,0,rock_review,0.28002601500777174,-0.019558414935378077,0.0,,0.0,
2024.12.23startup_a,startup_a,20241223,23,5290.0,90,1,conclude,0.2008510687975157,0.35870204719377624,8.0,0.8186813186813181,0.07692307692307693,0.4825174825174822
2024.12.23startup_a,startup_a,20241223,23,1312.0,90,0,todo,0.18331728006921214,-0.09458618474487422,3.3333333333333335,9.314285714285717,0.6666666666666666,-0.7000000000000001
2024.12.23startup_a,startup_a,20241223,23,4778.0,90,0,ids,-0.051244148443545995,-0.06860665321474699,2.0,,0.75,
2024.12.23startup_a,startup_a,20241223,23,4769.0,90,0,ids,0.04223382785184955,-0.13293166378037463,2.0,,0.75,
2024.12.23startup_b,startup_b,20241223,0,66.0,90,1,,0.2803690598652038,-0.2342786290233885,2.0,2.0999999999999996,0.2,
2024.12.23startup_b,startup_b,20241223,0,3951.0,90,0,ids,-0.5855390590125323,0.06382418805112822,0.0,,1.0,
2024.12.23startup_b,startup_b,20241223,0,1965.0,90,0,todo,-0.5119229884543491,0.3008628929863013,1.3333333333333333,,0.5,
2024.12.23startup_b,startup_b,20241223,0,1043.0,90,0,todo,0.3055178529535672,-0.1122448468958778,6.0,0.7454545454545463,0.4,0.4250000000000005
2024.12.23startup_b,startup_b,20241223,1,130.0,90,1,segue,0.29992307362072773,-0.694683972134122,9.333333333333334,0.21071428571428574,0.3333333333333333,-0.39230769230769225
2024.12.23startup_b,startup_b,20241223,1,220.0,90,0,segue,-0.5715514168199726,0.48515397437347757,1.3333333333333333,30.299999999999997,0.6,
2024.12.23startup_b,startup_b,20241223,1,222.0,90,0,segue,-0.5678363283588109,0.44918731097079034,1.3333333333333333,,0.75,
2024.12.23startup_b,startup_b,20241223,1,230.0,90,0,segue,-0.5324882678430208,0.28977454164079836,1.3333333333333333,,0.75,
2024.12.23startup_b,startup_b,20241223,2,326.0,90,1,segue,0.5680859164040177,-0.24297297807170512,5.333333333333333,-5.666666666666669,0.2222222222222222,0.6428571428571426
2024.12.23startup_b,startup_b,20241223,2,227.0,90,0,segue,-0.55171797699906,0.34797559516222076,1.3333333333333333,,0.75,
2024.12.23startup_b,startup_b,20241223,2,229.0,90,0,segue,-0.538997983825471,0.30991815053858085,1.3333333333333333,,0.75,
2024.12.23startup_b,startup_b,20241223,2,226.0,90,0,segue,-0.5562746620334388,0.36686222778411826,1.3333333333333333,,0.75,
2024.12.23startup_b,startup_b,20241223,3,401.0,90,1,scorecard,0.068331689942512,-0.4177544473312398,10.0,0.5737874097007224,0.2777777777777778,0.03921568627450986
2024.12.23startup_b,startup_b,20241223,3,3172.0,90,0,ids,0.10496631131479178,-0.02046823739339223,2.6666666666666665,6.699999999999999,0.6,
2024.12.23startup_b,startup_b,20241223,3,1001.0,90,0,todo,-0.01611621491042592,0.4092622460299581,6.666666666666667,2.690909090909091,0.36363636363636365,-0.636363636363636
2024.12.23startup_b,startup_b,20241223,3,3199.0,90,0,ids,-0.14505531391150756,0.06401595161347995,3.3333333333333335,7.892857142857142,0.5714285714285714,-0.4285714285714286
2024.12.23startup_b,startup_b,20241223,4,489.0,90,1,scorecard,-0.10758371712957085,0.01805405920106235,6.666666666666667,-2.4272727272727264,0.36363636363636365,0.5787878787878787
2024.12.23startup_b,startup_b,20241223,4,772.0,90,0,rock_review,-0.04789373885837094,0.22400051558985412,2.0,,0.5,
2024.12.23startup_b,startup_b,20241223,4,1047.0,90,0,todo,0.25875306824137745,-0.09705315365375426,4.666666666666667,2.5952380952380945,0.375,0.9642857142857142
2024.12.23startup_b,startup_b,20241223,4,3203.0,90,0,ids,-0.15466102913161126,0.058489161640479556,3.3333333333333335,7.892857142857142,0.5714285714285714,-0.4285714285714286
2024.12.23startup_b,startup_b,20241223,5,635.0,90,1,scorecard,0.21372382311176819,-0.5020288463769857,4.0,-11.00000000000001,0.2857142857142857,-0.7000000000000006
2024.12.23startup_b,startup_b,20241223,5,2517.0,90,0,todo,-0.4740144146935867,0.0611708749815923,2.0,,0.75,
2024.12.23startup_b,startup_b,20241223,5,2338.0,90,0,todo,-0.046013615812914875,0.39645287209734376,6.666666666666667,-1.0909090909090906,0.2727272727272727,-0.09393939393939421
2024.12.23startup_b,startup_b,20241223,5,1623.0,90,0,todo,0.0020864707299039923,-0.1989506072300726,1.3333333333333333,,1.0,
2024.12.23startup_b,startup_b,20241223,6,678.0,90,1,scorecard,0.1409556400208557,-0.430433024605028,6.0,1.4242424242424232,0.3,-0.441666666666667
2024.12.23startup_b,startup_b,20241223,6,2712.0,90,0,ids,-0.18766242850520534,0.06570130674499385,7.333333333333333,2.807692307692306,0.3333333333333333,0.1999999999999999
2024.12.23startup_b,startup_b,20241223,6,4226.0,90,0,ids,-0.1792888810366454,0.21148767190182047,4.0,5.249999999999999,0.14285714285714285,2.1714285714285717
2024.12.23startup_b,startup_b,20241223,6,3306.0,90,0,ids,-0.00567046185704648,-0.007139099507247748,1.3333333333333333,,0.5,
2024.12.23startup_b,startup_b,20241223,7,882.0,90,1,rock_review,-0.1917877094972153,0.5808083231758445,7.333333333333333,2.783216783216784,0.4166666666666667,0.07272727272727275
2024.12.23startup_b,startup_b,20241223,7,772.0,90,0,rock_review,-0.04789373885837094,0.22400051558985412,2.0,,0.5,
2024.12.23startup_b,startup_b,20241223,7,769.0,90,0,rock_review,-0.0701817988190723,0.295759933089761,2.0,,0.25,
2024.12.23startup_b,startup_b,20241223,7,776.0,90,0,rock_review,-0.011412256434346558,0.13470509095529457,2.0,,0.5,
2024.12.23startup_b,startup_b,20241223,8,1379.0,90,1,todo,0.0983261324210309,-0.14924460325750263,8.666666666666666,0.2835164835164834,0.2857142857142857,-0.05219780219780223
2024.12.23startup_b,startup_b,20241223,8,1147.0,90,0,todo,-0.02951318668751507,-0.010663993272363429,0.0,,1.0,
2024.12.23startup_b,startup_b,20241223,8,1243.0,90,0,todo,-0.05354207013070094,0.27628435424317416,6.0,1.2545454545454529,0.2,0.3583333333333335
2024.12.23startup_b,startup_b,20241223,8,1978.0,90,0,todo,-0.1464981008722361,0.09365330388958752,0.6666666666666666,,1.0,
2024.12.23startup_b,startup_b,20241223,9,1402.0,90,1,todo,0.0768123583418468,-0.10959252048411608,8.666666666666666,0.7318681318681319,0.2857142857142857,-0.0686813186813187
2024.12.23startup_b,startup_b,20241223,9,2383.0,90,0,todo,0.11586461317591999,0.1477739362454493,5.333333333333333,-0.30000000000000193,0.3333333333333333,0.7499999999999996
2024.12.23startup_b,startup_b,20241223,9,1955.0,90,0,todo,-0.6870902937534542,0.385780492454781,3.3333333333333335,16.642857142857142,0.2857142857142857,-2.5571428571428574
2024.12.23startup_b,startup_b,20241223,9,1101.0,90,0,todo,-0.31974285550366627,0.17533368236040783,1.3333333333333333,,0.5,
2024.12.23startup_b,startup_b,20241223,10,1441.0,90,1,todo,0.4050069498401959,-0.9160324708773162,10.0,-0.614705882352942,0.3125,0.23392857142857135
2024.12.23startup_b,startup_b,20241223,10,1200.0,90,0,todo,0.4094634577200737,-0.5257666366327871,5.333333333333333,-5.350000000000005,0.3333333333333333,1.178571428571428
2024.12.23startup_b,startup_b,20241223,10,1244.0,90,0,todo,-0.0530659955496598,0.29603382740629186,6.0,1.2545454545454529,0.2,0.3583333333333335
2024.12.23startup_b,startup_b,20241223,10,2566.0,90,0,todo,0.3078250405582402,-0.058267916392601204,1.3333333333333333,,0.3333333333333333,
2024.12.23startup_b,startup_b,20241223,11,1513.0,90,1,todo,-0.019611681335559388,0.3071259013811883,10.0,-0.3044117647058822,0.4375,-0.008928571428571418
2024.12.23startup_b,startup_b,20241223,11,2464.0,90,0,todo,-0.22794286141526546,0.05383559091234569,2.6666666666666665,11.514285714285714,0.3333333333333333,-2.25
2024.12.23startup_b,startup_b,20241223,11,1260.0,90,0,todo,0.021672150279234588,0.44762440527615405,6.0,3.121212121212121,0.2,0.09166666666666669
2024.12.23startup_b,startup_b,20241223,11,2002.0,90,0,todo,0.21461338338709574,-0.0405920372569798,0.6666666666666666,,1.0,
2024.12.23startup_b,startup_b,20241223,12,1739.0,90,1,todo,-0.05097857505569463,-0.3572604941173046,4.666666666666667,1.5714285714285723,0.625,-0.37500000000000017
2024.12.23startup_b,startup_b,20241223,12,2541.0,90,0,todo,-0.34588373048963045,0.09879590867145405,0.6666666666666666,,0.6666666666666666,
2024.12.23startup_b,startup_b,20241223,12,2461.0,90,0,todo,-0.2579258658612286,0.08927743888353429,2.6666666666666665,11.514285714285714,0.3333333333333333,-2.25
2024.12.23startup_b,startup_b,20241223,12,1217.0,90,0,todo,0.130318387157501,-0.25506950129088585,6.666666666666667,-0.10909090909090967,0.2727272727272727,0.6242424242424239
2024.12.23startup_b,startup_b,20241223,13,1851.0,90,1,todo,-0.12553069923901472,0.012237658364876497,4.0,6.285714285714287,0.5714285714285714,-1.9571428571428577
2024.12.23startup_b,startup_b,20241223,13,1993.0,90,0,todo,0.20485827503616605,-0.029475596364951777,0.6666666666666666,,1.0,
2024.12.23startup_b,startup_b,20241223,13,2498.0,90,0,todo,-0.2161670899051504,-0.023064690706598893,2.0,,0.75,
2024.12.23startup_b,startup_b,20241223,13,1194.0,90,0,todo,0.41567941691652543,-0.5502771470973189,4.666666666666667,-8.023809523809518,0.375,1.196428571428572
2024.12.23startup_b,startup_b,20241223,14,2214.0,90,1,todo,0.23202047370168896,-0.09580127204221704,0.6666666666666666,,0.5,
2024.12.23startup_b,startup_b,20241223,14,1021.0,90,0,todo,0.25435730191492567,0.05626034455465285,5.333333333333333,-0.6666666666666694,0.3333333333333333,0.023809523809523912
2024.12.23startup_b,startup_b,20241223,14,2410.0,90,0,todo,-0.18761492586040357,0.27101575236367664,6.666666666666667,4.672727272727273,0.18181818181818182,-0.1454545454545454
2024.12.23startup_b,startup_b,20241223,14,1225.0,90,0,todo,0.016503732885671057,-0.08877684105868751,6.666666666666667,-0.10909090909090967,0.2727272727272727,0.6242424242424239
2024.12.23startup_b,startup_b,20241223,15,2819.0,90,1,ids,0.34742483803543994,-0.1880093416700947,3.3333333333333335,-0.6428571428571453,0.14285714285714285,0.22857142857142884
2024.12.23startup_b,startup_b,20241223,15,2702.0,90,0,ids,-0.08652604403300643,-0.08914024107478467,7.333333333333333,-0.0594405594405592,0.3333333333333333,-0.022727272727272825
2024.12.23startup_b,startup_b,20241223,15,3170.0,90,0,ids,0.1322212809184235,-0.030328423403251578,2.6666666666666665,6.699999999999999,0.6,
2024.12.23startup_b,startup_b,20241223,15,3375.0,90,0,ids,0.32415255549473637,-0.34526393163972563,6.666666666666667,1.3090909090909086,0.18181818181818182,-0.30303030303030287
2024.12.23startup_b,startup_b,20241223,16,2839.0,90,1,ids,0.6217358700623924,-0.5452593147422446,4.666666666666667,-1.016666666666669,0.2222222222222222,-0.11309523809523829
2024.12.23startup_b,startup_b,20241223,16,4880.0,90,0,ids,-0.07898804959624006,0.09345872541893878,12.0,0.8082706766917289,0.2,-0.1578947368421053
2024.12.23startup_b,startup_b,20241223,16,4044.0,90,0,ids,0.5614517240423758,-0.20366043499523534,2.6666666666666665,0.22857142857142318,0.16666666666666666,2.5500000000000003
2024.12.23startup_b,startup_b,20241223,16,3388.0,90,0,ids,0.18219889669157863,-0.05829403048787642,8.0,4.961538461538461,0.23076923076923078,-0.008741258741258567
2024.12.23startup_b,startup_b,20241223,17,2850.0,90,1,ids,0.7054676692307359,-0.7474633079852465,4.0,-2.0833333333333335,0.375,-0.3214285714285715
2024.12.23startup_b,startup_b,20241223,17,3329.0,90,0,ids,-0.00783914635899435,-0.1589693165849182,2.6666666666666665,0.6999999999999993,0.4,
2024.12.23startup_b,startup_b,20241223,17,3097.0,90,0,ids,-0.3359272396624192,0.06187226515657924,0.0,,1.0,
2024.12.23startup_b,startup_b,20241223,17,3161.0,90,0,ids,0.18422240209229845,-0.04625295615697577,2.6666666666666665,6.699999999999999,0.6,
2024.12.23startup_b,startup_b,20241223,18,3507.0,90,1,ids,0.6250615195658553,-0.24991436107926837,2.6666666666666665,3.5000000000000013,1.0,
2024.12.23startup_b,startup_b,20241223,18,4200.0,90,0,ids,0.13270028537001785,-0.24398841353259998,4.666666666666667,-0.38095238095238027,0.125,1.5178571428571426
2024.12.23startup_b,startup_b,20241223,18,3388.0,90,0,ids,0.18219889669157863,-0.05829403048787642,8.0,4.961538461538461,0.23076923076923078,-0.008741258741258567
2024.12.23startup_b,startup_b,20241223,18,3222.0,90,0,ids,-0.22712141410682787,0.07559238216874614,2.0,11.285714285714285,0.6666666666666666,-1.5500000000000005
2024.12.23startup_b,startup_b,20241223,19,3581.0,90,1,ids,0.08982177846617675,-0.25722342234612794,6.666666666666667,-0.25174825174825144,0.16666666666666666,0.26363636363636356
2024.12.23startup_b,startup_b,20241223,19,3324.0,90,0,ids,-0.043116434276525104,-0.10615479579760825,1.3333333333333333,,0.3333333333333333,
2024.12.23startup_b,startup_b,20241223,19,4116.0,90,0,ids,-0.38555398121609213,0.17395318856029962,1.3333333333333333,18.800000000000004,0.2,
2024.12.23startup_b,startup_b,20241223,19,3293.0,90,0,ids,0.09616650666025976,-0.04132423394379203,1.3333333333333333,,0.5,
2024.12.23startup_b,startup_b,20241223,20,3783.0,90,1,ids,0.02193045323893089,-0.10145264034077853,8.666666666666666,0.6747252747252745,0.21428571428571427,0.49725274725274726
2024.12.23startup_b,startup_b,20241223,20,4886.0,90,0,ids,-0.12294494527107064,0.25526868566203686,10.666666666666666,0.9969040247678015,0.2222222222222222,-0.24264705882352938
2024.12.23startup_b,startup_b,20241223,20,2999.0,90,0,ids,0.5200372418095235,-0.26771275699859465,4.666666666666667,1.0119047619047623,0.375,0.12500000000000003
2024.12.23startup_b,startup_b,20241223,20,5129.0,90,0,ids,-0.2708801265696729,0.20739532122560098,8.666666666666666,0.4835164835164835,0.35714285714285715,-0.17857142857142844
2024.12.23startup_b,startup_b,20241223,21,4416.0,90,1,ids,0.12182116606768903,-0.004816089761153818,2.0,,0.5,
2024.12.23startup_b,startup_b,20241223,21,4021.0,90,0,ids,0.43537487315793566,-0.14812168838499692,0.6666666666666666,,0.5,
2024.12.23startup_b,startup_b,20241223,21,4177.0,90,0,ids,0.6404935133311748,-0.3895109425848347,4.0,-9.000000000000004,0.14285714285714285,1.5000000000000007
2024.12.23startup_b,startup_b,20241223,21,2684.0,90,0,ids,0.1687481028396797,-0.3230584742397982,6.0,0.054545454545456104,0.2,-0.4083333333333337
2024.12.23startup_b,startup_b,20241223,22,4475.0,90,1,ids,0.27885861163598324,-0.874013315866718,4.0,-5.892857142857148,0.5714285714285714,-0.685714285714287
2024.12.23startup_b,startup_b,20241223,22,3883.0,90,0,ids,-0.013433464258836262,0.030678489802776064,1.3333333333333333,,0.75,
2024.12.23startup_b,startup_b,20241223,22,3084.0,90,0,ids,-0.4650163754148398,0.10959743691068684,1.3333333333333333,,0.5,
2024.12.23startup_b,startup_b,20241223,22,3106.0,90,0,ids,-0.22516531910947304,0.04632070436687296,0.0,,1.0,
2024.12.23startup_b,startup_b,20241223,23,4524.0,90,1,ids,-0.19328477360670093,0.5435513426970187,4.666666666666667,0.9880952380952385,0.375,-0.3750000000000004
2024.12.23startup_b,startup_b,20241223,23,5227.0,90,0,ids,0.025759789414122023,-0.26253919361980166,5.333333333333333,1.3666666666666665,0.3333333333333333,1.1845238095238093
2024.12.23startup_b,startup_b,20241223,23,3894.0,90,0,ids,0.18478528860527704,0.014661193175079043,2.0,,0.75,
2024.12.23startup_b,startup_b,20241223,23,3916.0,90,0,ids,0.08913335826348709,0.02155890278982938,2.0,,0.75,
2024.12.23startup_b,startup_b,20241223,24,4655.0,90,1,ids,0.03280991018688838,0.5292743416113824,8.666666666666666,0.19642857142857167,0.13333333333333333,-0.07142857142857144
2024.12.23startup_b,startup_b,20241223,24,3339.0,90,0,ids,0.06425409983871012,-0.24303031116631893,4.0,-7.214285714285714,0.2857142857142857,0.9000000000000002
2024.12.23startup_b,startup_b,20241223,24,4256.0,90,0,ids,-0.26808638450440425,0.3259671484758129,2.6666666666666665,15.799999999999999,0.0,
2024.12.23startup_b,startup_b,20241223,24,3402.0,90,0,ids,-0.014208581496597343,0.24931404823786033,8.0,4.961538461538461,0.23076923076923078,-0.008741258741258567
2024.12.23startup_b,startup_b,20241223,25,4782.0,90,1,ids,0.0657475962236943,-0.043755104209984866,4.0,1.4999999999999984,0.5714285714285714,1.671428571428572
2024.12.23startup_b,startup_b,20241223,25,4241.0,90,0,ids,-0.20203695381298548,0.31591259227133833,4.666666666666667,8.547619047619044,0.125,1.8392857142857144
2024.12.23startup_b,startup_b,20241223,25,3693.0,90,0,ids,0.3385435131696482,-0.13076333416514438,4.0,0.28571428571428353,0.2857142857142857,0.10000000000000027
2024.12.23startup_b,startup_b,20241223,25,3379.0,90,0,ids,0.30199367209117184,-0.2631572030927195,6.666666666666667,1.3090909090909086,0.18181818181818182,-0.30303030303030287
2024.12.23startup_b,startup_b,20241223,26,4979.0,90,1,ids,-0.18166296462010087,-0.04018043653899662,6.0,1.1090909090909091,0.3,0.55
2024.12.23startup_b,startup_b,20241223,26,4148.0,90,0,ids,0.5786959771511464,-0.18746746359504193,0.6666666666666666,,0.3333333333333333,
2024.12.23startup_b,startup_b,20241223,26,4285.0,90,0,ids,-0.5184303153411866,0.1542465481295824,0.6666666666666666,,0.0,
2024.12.23startup_b,startup_b,20241223,26,3373.0,90,0,ids,0.3245116727842385,-0.3777292258916668,6.666666666666667,1.3090909090909086,0.18181818181818182,-0.30303030303030287
2024.12.23startup_b,startup_b,20241223,27,5035.0,90,1,ids,0.047819621729212274,0.22033160874828142,6.666666666666667,1.4818181818181817,0.36363636363636365,-0.3363636363636363
2024.12.23startup_b,startup_b,20241223,27,2654.0,90,0,ids,0.33490863670849286,-0.2638668899077431,5.333333333333333,-2.250000000000002,0.3333333333333333,0.04761904761904754
2024.12.23startup_b,startup_b,20241223,27,5166.0,90,0,ids,-0.19711051852974082,0.6941827899877386,6.666666666666667,1.2999999999999998,0.45454545454545453,1.1303030303030297
2024.12.23startup_b,startup_b,20241223,27,3110.0,90,0,ids,-0.15071945299051742,0.025005494586787216,0.0,,1.0,
2024.12.23startup_b,startup_b,20241223,28,5329.0,90,1,ids,-0.20533237377309468,0.1602958519658683,0.6666666666666666,,0.3333333333333333,
2024.12.23startup_b,startup_b,20241223,28,2716.0,90,0,ids,-0.22617618376477608,0.14284162927843522,6.666666666666667,3.772727272727273,0.36363636363636365,0.5272727272727271
2024.12.23startup_b,startup_b,20241223,28,3308.0,90,0,ids,-0.023335740080193824,0.0016835017530550979,1.3333333333333333,,0.3333333333333333,
2024.12.23startup_b,startup_b,20241223,28,3154.0,90,0,ids,0.20072643081384098,-0.05863504858463414,2.6666666666666665,6.699999999999999,0.6,
2024.12.23startup_b,startup_b,20241223,29,5455.0,90,1,conclude,-0.09127136374546074,-0.23484458819514073,8.666666666666666,-6.026982514012047e-17,0.14285714285714285,0.09065934065934081
2024.12.23startup_b,startup_b,20241223,29,3885.0,90,0,ids,0.031003708789306753,0.019239064364254734,2.0,21.7,0.8,
2024.12.23startup_b,startup_b,20241223,29,1632.0,90,0,todo,0.21049197337312495,-0.34382701226702406,2.6666666666666665,-2.0999999999999974,1.0,
2024.12.23startup_b,startup_b,20241223,29,3093.0,90,0,ids,-0.37511359323837556,0.06623787724872698,0.0,,1.0,
2025.01.06startup_a,startup_a,20250106,0,77.0,90,1,,-0.21224219472336497,0.7871896954081746,8.0,2.1703296703296706,0.46153846153846156,-0.18181818181818155
2025.01.06startup_a,startup_a,20250106,0,3264.0,90,0,ids,-0.10319525462809366,-0.20085596460035282,8.666666666666666,0.10769230769230762,0.35714285714285715,0.28296703296703296
2025.01.06startup_a,startup_a,20250106,0,2699.0,90,0,ids,-0.15881191406512965,0.26699658065579657,2.0,16.4,0.2,
2025.01.06startup_a,startup_a,20250106,0,3966.0,90,0,ids,-0.24808311446166215,0.27257260083637147,8.0,0.6703296703296695,0.23076923076923078,0.01748251748251743
2025.01.06startup_a,startup_a,20250106,1,459.0,90,1,segue,0.16369872463086232,-0.014339794241696166,5.333333333333333,1.8000000000000014,0.1111111111111111,-0.06547619047619056
2025.01.06startup_a,startup_a,20250106,1,365.0,90,0,segue,-0.4607233062713206,0.03334516134181215,1.3333333333333333,,0.25,
2025.01.06startup_a,startup_a,20250106,1,343.0,90,0,segue,0.07047559301541508,0.0009355512303123562,1.3333333333333333,,0.25,
2025.01.06startup_a,startup_a,20250106,1,227.0,90,0,segue,-0.34405539118305456,0.18313878962338842,2.6666666666666665,19.771428571428576,0.5,-0.6500000000000001
2025.01.06startup_a,startup_a,20250106,2,611.0,90,1,segue,-0.10059528276888285,-0.05971987857662507,6.0,2.7272727272727284,0.3,-0.5916666666666667
2025.01.06startup_a,startup_a,20250106,2,230.0,90,0,segue,-0.3461385108439611,0.1711934281792814,2.6666666666666665,19.771428571428576,0.5,-0.6500000000000001
2025.01.06startup_a,startup_a,20250106,2,192.0,90,0,segue,-0.43533627161058175,0.3674152288792311,8.0,2.351648351648352,0.3076923076923077,0.1381118881118881
2025.01.06startup_a,startup_a,20250106,2,286.0,90,0,segue,0.26176351932029834,-0.03388493937009899,1.3333333333333333,,0.5,
2025.01.06startup_a,startup_a,20250106,3,677.0,90,1,scorecard,0.18034838311131463,-0.029117094802281602,6.666666666666667,0.16363636363636397,0.45454545454545453,0.38181818181818156
2025.01.06startup_a,startup_a,20250106,3,772.0,90,0,scorecard,-0.7263548548188749,0.13338931547708782,2.6666666666666665,12.542857142857141,0.5,-1.4999999999999996
2025.01.06startup_a,startup_a,20250106,3,804.0,90,0,scorecard,-0.04567558644905538,-0.0016381667746924204,0.0,,0.0,
2025.01.06startup_a,startup_a,20250106,3,799.0,90,0,scorecard,-0.17247540321108307,0.034480196630086765,0.0,,0.0,
2025.01.06startup_a,startup_a,20250106,4,1134.0,90,1,todo,-0.2808816382581991,0.15813062314655438,2.6666666666666665,12.142857142857144,0.16666666666666666,-0.7999999999999999
2025.01.06startup_a,startup_a,20250106,4,969.0,90,0,todo,0.41757618183965,-0.041110692485244925,1.3333333333333333,,0.25,
2025.01.06startup_a,startup_a,20250106,4,1027.0,90,0,todo,-0.07522673163323042,0.00010246115210767573,0.6666666666666666,,0.3333333333333333,
2025.01.06startup_a,startup_a,20250106,4,1043.0,90,0,todo,-0.15854211895658304,0.02470141834540876,,,,
2025.01.06startup_a,startup_a,20250106,5,1195.0,90,1,ids,0.916076873709388,-0.7169490903585222,7.333333333333333,-0.5879120879120892,0.07692307692307693,0.7132867132867132
2025.01.06startup_a,startup_a,20250106,5,1472.0,90,0,ids,-0.4285387379406318,0.1553340905645148,6.666666666666667,-1.686813186813188,0.3076923076923077,0.9248251748251747
2025.01.06startup_a,startup_a,20250106,5,2546.0,90,0,ids,0.867611161683923,-0.24517905464234072,2.0,,0.75,
2025.01.06startup_a,startup_a,20250106,5,2434.0,90,0,ids,-0.46224445962650973,0.06657349493404706,4.666666666666667,15.916666666666664,0.5,-0.5892857142857144
2025.01.06startup_a,startup_a,20250106,6,1882.0,90,1,ids,-0.058069077738756,-0.12762705928033893,6.0,-0.26060606060605923,0.2,0.6500000000000004
2025.01.06startup_a,startup_a,20250106,6,2367.0,90,0,ids,-0.6109017744864039,0.5695479840738941,3.3333333333333335,8.178571428571427,0.42857142857142855,-0.8142857142857147
2025.01.06startup_a,startup_a,20250106,6,2621.0,90,0,ids,-0.21937537890435085,0.003201367411637007,8.666666666666666,0.11428571428571341,0.35714285714285715,-0.05769230769230784
2025.01.06startup_a,startup_a,20250106,6,4847.0,90,0,ids,-0.0767841120966891,0.08450341172579517,2.0,9.30000000000001,0.8,
2025.01.06startup_a,startup_a,20250106,7,2017.0,90,1,ids,-0.008646923491297864,0.13308537669586884,7.333333333333333,2.475524475524475,0.16666666666666666,0.031818181818181766
2025.01.06startup_a,startup_a,20250106,7,2441.0,90,0,ids,-0.5417746686479246,0.1260297000334734,4.666666666666667,15.916666666666664,0.5,-0.5892857142857144
2025.01.06startup_a,startup_a,20250106,7,1539.0,90,0,ids,0.1338240349379908,0.16035839030965474,5.333333333333333,2.6000000000000005,0.3333333333333333,-0.3869047619047617
2025.01.06startup_a,startup_a,20250106,7,1556.0,90,0,ids,0.2005938084445609,-0.1014014472033618,6.0,-1.5939393939393922,0.2,-0.26666666666666683
2025.01.06startup_a,startup_a,20250106,8,2088.0,90,1,ids,0.2083291304294339,-0.4977043297275101,7.333333333333333,-1.2867132867132867,0.4166666666666667,0.7818181818181815
2025.01.06startup_a,startup_a,20250106,8,3277.0,90,0,ids,-0.07953703446226947,-0.3172357324309268,7.333333333333333,-0.7482517482517481,0.3333333333333333,0.459090909090909
2025.01.06startup_a,startup_a,20250106,8,4762.0,90,0,ids,-0.01503277861552688,0.047767047328808494,5.333333333333333,2.0636363636363635,0.45454545454545453,-0.23333333333333364
2025.01.06startup_a,startup_a,20250106,8,3415.0,90,0,ids,0.118479011520552,-0.21421606079601588,4.0,-7.142857142857147,0.5714285714285714,1.3428571428571434
2025.01.06startup_a,startup_a,20250106,9,2197.0,90,1,ids,0.0981498761541375,0.2592696621960302,6.666666666666667,0.6573426573426578,0.3333333333333333,-0.409090909090909
2025.01.06startup_a,startup_a,20250106,9,1319.0,90,0,ids,0.45578698716825,-0.32643824300952035,2.6666666666666665,-11.97142857142858,0.5,3.0999999999999988
2025.01.06startup_a,startup_a,20250106,9,3020.0,90,0,ids,0.38632042864958827,0.13310404793291197,3.3333333333333335,20.371428571428574,0.3333333333333333,-1.6999999999999997
2025.01.06startup_a,startup_a,20250106,9,1501.0,90,0,ids,-0.23198102702957266,0.17184945048641612,6.666666666666667,1.6593406593406597,0.38461538461538464,0.676573426573426
2025.01.06startup_a,startup_a,20250106,10,2233.0,90,1,ids,-0.013435264469046753,-0.22655991811878057,9.333333333333334,-0.2843137254901966,0.23529411764705882,-0.1573529411764706
2025.01.06startup_a,startup_a,20250106,10,3098.0,90,0,ids,0.26826473205334295,-0.3998805115506425,6.666666666666667,-0.4725274725274721,0.3076923076923077,-0.04720279720279714
2025.01.06startup_a,startup_a,20250106,10,2355.0,90,0,ids,-0.4870180644315597,0.7812872935311436,6.0,3.6545454545454543,0.4,1.3750000000000007
2025.01.06startup_a,startup_a,20250106,10,4881.0,90,0,ids,-0.06390034532997707,0.014715198822014348,1.3333333333333333,,1.0,
2025.01.06startup_a,startup_a,20250106,11,2909.0,90,1,ids,-0.018255683888073897,-0.27470203172006036,6.0,2.860606060606059,0.3,0.833333333333334
2025.01.06startup_a,startup_a,20250106,11,3934.0,90,0,ids,-0.1972988839985348,0.35233867291671406,10.666666666666666,0.5719298245614038,0.10526315789473684,-0.059339525283797726
2025.01.06startup_a,startup_a,20250106,11,3116.0,90,0,ids,-0.06081078248655067,-0.10086045906823435,7.333333333333333,0.997802197802197,0.42857142857142855,-0.1895604395604396
2025.01.06startup_a,startup_a,20250106,11,4759.0,90,0,ids,-0.03964572423740948,0.04650942156229299,5.333333333333333,2.0636363636363635,0.45454545454545453,-0.23333333333333364
2025.01.06startup_a,startup_a,20250106,12,3527.0,90,1,ids,-0.032100037540843694,-0.05682422377484702,7.333333333333333,0.18881118881119147,0.25,0.004545454545454474
2025.01.06startup_a,startup_a,20250106,12,4712.0,90,0,ids,-0.24300853946779682,0.13635083452584065,6.666666666666667,0.055944055944058504,0.4166666666666667,-0.6136363636363638
2025.01.06startup_a,startup_a,20250106,12,4895.0,90,0,ids,-0.3916623020403575,0.06499831953916346,0.6666666666666666,,1.0,
2025.01.06startup_a,startup_a,20250106,12,2498.0,90,0,ids,-0.1539901731218263,0.05113725197516384,0.6666666666666666,,0.6666666666666666,
2025.01.06startup_a,startup_a,20250106,13,3657.0,90,1,ids,-0.18300340360695969,0.10932817906754058,7.333333333333333,-1.2972027972027973,0.4166666666666667,0.44999999999999984
2025.01.06startup_a,startup_a,20250106,13,3271.0,90,0,ids,-0.08851150871055324,-0.28533823301988187,8.666666666666666,0.10769230769230762,0.35714285714285715,0.28296703296703296
2025.01.06startup_a,startup_a,20250106,13,4788.0,90,0,ids,-0.3446936112531017,0.20280567326109822,4.0,3.035714285714287,0.5,0.4821428571428581
2025.01.06startup_a,startup_a,20250106,13,4919.0,90,0,ids,-0.24353455956021403,0.053990070534242,0.0,,1.0,
2025.01.06startup_a,startup_a,20250106,14,4164.0,90,1,ids,0.014858103653346928,0.5343781108946155,6.666666666666667,3.4818181818181815,0.36363636363636365,0.09393939393939388
2025.01.06startup_a,startup_a,20250106,14,2386.0,90,0,ids,-0.4652655779283416,0.14798804800413928,4.0,0.9880952380952382,0.5,-1.857142857142857
2025.01.06startup_a,startup_a,20250106,14,3958.0,90,0,ids,-0.20437944124559307,0.2798740197646845,8.0,-0.005494505494504965,0.15384615384615385,-0.21153846153846165
2025.01.06startup_a,startup_a,20250106,14,4721.0,90,0,ids,-0.32804033933835636,0.16786269065935006,6.0,1.4020979020979023,0.5,0.22272727272727258
2025.01.06startup_a,startup_a,20250106,15,4182.0,90,1,ids,-0.009657793022156507,0.17711250065271633,4.0,1.9642857142857126,0.42857142857142855,-0.3714285714285718
2025.01.06startup_a,startup_a,20250106,15,4739.0,90,0,ids,-0.23279067905352852,0.08434361662032465,4.666666666666667,1.33939393939394,0.5,0.5750000000000004
2025.01.06startup_a,startup_a,20250106,15,1287.0,90,0,ids,-0.8567815576855538,0.1530554617648729,1.3333333333333333,17.600000000000005,0.6,
2025.01.06startup_a,startup_a,20250106,15,4024.0,90,0,ids,0.15262909589481902,-0.2193868237715499,8.0,1.4175824175824179,0.3076923076923077,-0.16958041958041953
2025.01.06startup_a,startup_a,20250106,16,4230.0,90,1,ids,0.4234597944921371,-1.0288142857779725,8.666666666666666,-0.5054945054945056,0.5,-0.11538461538461535
2025.01.06startup_a,startup_a,20250106,16,1400.0,90,0,ids,0.01667594673286319,-0.192853693791845,6.666666666666667,1.978021978021978,0.38461538461538464,0.1993006993006989
2025.01.06startup_a,startup_a,20250106,16,3404.0,90,0,ids,-0.02595511730920498,-0.1533244086627162,2.6666666666666665,-3.399999999999992,0.4,
2025.01.06startup_a,startup_a,20250106,16,3909.0,90,0,ids,0.19920235524288535,-0.05973337174754492,7.333333333333333,1.1120879120879121,0.21428571428571427,0.2307692307692307
2025.01.06startup_a,startup_a,20250106,17,4261.0,90,1,ids,0.4102267425465937,-0.3700480694176292,12.666666666666666,0.2225563909774435,0.35,-0.004385964912280727
2025.01.06startup_a,startup_a,20250106,17,3256.0,90,0,ids,-0.0920618181703224,-0.10193183206699026,7.333333333333333,0.4090909090909097,0.3333333333333333,0.08181818181818178
2025.01.06startup_a,startup_a,20250106,17,3219.0,90,0,ids,0.006366900644479322,0.2276312762860436,6.666666666666667,-1.227272727272726,0.45454545454545453,0.42424242424242403
2025.01.06startup_a,startup_a,20250106,17,1688.0,90,0,ids,-0.2640707267469621,0.14115897815091907,8.0,0.6791208791208795,0.5,-0.835164835164835
2025.01.06startup_a,startup_a,20250106,18,4306.0,90,1,ids,-0.3049909166755389,0.5801900809713666,10.0,0.4852941176470591,0.25,0.0017857142857143273
2025.01.06startup_a,startup_a,20250106,18,4911.0,90,0,ids,-0.4085292229808022,0.07008872183454978,0.6666666666666666,,1.0,
2025.01.06startup_a,startup_a,20250106,18,4929.0,90,0,ids,0.01680822640761106,-0.028788942651992597,0.0,,1.0,
2025.01.06startup_a,startup_a,20250106,18,2594.0,90,0,ids,0.30856673019608616,-0.33571843015697506,6.666666666666667,0.7090909090909097,0.45454545454545453,0.3969696969696971
2025.01.06startup_a,startup_a,20250106,19,4440.0,90,1,ids,-0.4385777247871967,0.10490340859822783,5.333333333333333,3.3666666666666667,0.4444444444444444,0.0714285714285713
2025.01.06startup_a,startup_a,20250106,19,1296.0,90,0,ids,-0.555997063784784,0.0014039238895332668,2.6666666666666665,2.7857142857142856,0.42857142857142855,-0.5285714285714281
2025.01.06startup_a,startup_a,20250106,19,3887.0,90,0,ids,0.27753417893057847,-0.3022478926695461,8.0,-1.4321428571428565,0.2,0.34065934065934056
2025.01.06startup_a,startup_a,20250106,19,2667.0,90,0,ids,-0.2824133859474925,0.15744054451490896,4.0,-2.857142857142855,0.25,5.053571428571427
2025.01.06startup_a,startup_a,20250106,20,5037.0,90,1,ids,0.16232778884450635,-0.01851740511080795,4.0,5.071428571428575,0.2857142857142857,-1.2571428571428576
2025.01.06startup_a,startup_a,20250106,20,4898.0,90,0,ids,-0.42201049279080816,0.0758350254498338,0.6666666666666666,,1.0,
2025.01.06startup_a,startup_a,20250106,20,3976.0,90,0,ids,-0.3639462600436718,0.29681375740757077,8.0,0.6703296703296695,0.23076923076923078,0.01748251748251743
2025.01.06startup_a,startup_a,20250106,20,1391.0,90,0,ids,0.06070630781448354,-0.12188775005677041,6.666666666666667,1.978021978021978,0.38461538461538464,0.1993006993006989
2025.01.06startup_a,startup_a,20250106,21,5065.0,90,1,ids,0.5898492534473087,-0.5249880368974026,4.666666666666667,3.0119047619047614,0.375,0.01785714285714327
2025.01.06startup_a,startup_a,20250106,21,4565.0,90,0,ids,-0.17556926702124268,0.17830179597235693,3.3333333333333335,14.914285714285713,0.3333333333333333,-2.1
2025.01.06startup_a,startup_a,20250106,21,3283.0,90,0,ids,-0.0646242716066695,-0.30564057565548375,6.666666666666667,-0.08181818181818086,0.2727272727272727,0.2606060606060605
2025.01.06startup_a,startup_a,20250106,21,1533.0,90,0,ids,0.08688394636845283,0.17285984527301865,5.333333333333333,5.850000000000001,0.3333333333333333,0.24999999999999992
2025.01.06startup_a,startup_a,20250106,22,5148.0,90,1,ids,0.18610665251682365,-0.0664406375550071,7.333333333333333,1.409090909090909,0.5,-0.24090909090909085
2025.01.06startup_a,startup_a,20250106,22,4566.0,90,0,ids,-0.17502240535878785,0.16496657509430676,3.3333333333333335,14.914285714285713,0.3333333333333333,-2.1
2025.01.06startup_a,startup_a,20250106,22,3121.0,90,0,ids,-0.13545763494555493,-0.0618212467831857,6.666666666666667,0.6593406593406591,0.46153846153846156,-0.11363636363636369
2025.01.06startup_a,startup_a,20250106,22,2807.0,90,0,ids,0.12964064771219666,-0.07239715047650983,2.0,,0.5,
2025.01.06startup_a,startup_a,20250106,23,5221.0,90,1,ids,0.10767477327614693,-0.009217729556082918,10.0,0.21323529411764677,0.29411764705882354,0.0779411764705882
2025.01.06startup_a,startup_a,20250106,23,4606.0,90,0,ids,-0.3530823442862321,0.07658910365851807,2.0,-1.199999999999994,0.2,
2025.01.06startup_a,startup_a,20250106,23,4832.0,90,0,ids,-0.3720450429097656,0.2076046498569573,3.3333333333333335,5.5714285714285685,0.7142857142857143,-0.48571428571428515
2025.01.06startup_a,startup_a,20250106,23,3256.0,90,0,ids,-0.0920618181703224,-0.10193183206699026,7.333333333333333,0.4090909090909097,0.3333333333333333,0.08181818181818178
2025.01.06startup_a,startup_a,20250106,24,5414.0,90,1,ids,0.5803099101905408,-0.2866660024320003,6.0,0.757575757575758,0.1,-0.9000000000000004
2025.01.06startup_a,startup_a,20250106,24,4647.0,90,0,ids,0.25913723337282457,-0.34918892142804997,4.666666666666667,-6.200000000000004,0.2222222222222222,1.6249999999999993
2025.01.06startup_a,startup_a,20250106,24,2728.0,90,0,ids,-0.5582503492064154,0.2341520909619932,0.6666666666666666,,0.3333333333333333,
2025.01.06startup_a,startup_a,20250106,24,4038.0,90,0,ids,0.3890719314096833,-0.42907517408136575,5.333333333333333,1.3333333333333308,0.3333333333333333,-0.017857142857142898
2025.01.06startup_a,startup_a,20250106,25,5484.0,90,1,ids,-0.09845100482310168,0.07107362143582771,6.0,4.793939393939393,0.2,-0.21666666666666648
2025.01.06startup_a,startup_a,20250106,25,2485.0,90,0,ids,-0.36315806044436505,0.10710588999790244,0.6666666666666666,,0.5,
2025.01.06startup_a,startup_a,20250106,25,2559.0,90,0,ids,0.9982139415922121,-0.4466970366592174,4.0,-6.607142857142869,0.5714285714285714,0.5571428571428577
2025.01.06startup_a,startup_a,20250106,25,4624.0,90,0,ids,-0.2762771805745594,0.026629555216651366,3.3333333333333335,-3.678571428571428,0.14285714285714285,-0.41428571428571426
2025.01.06startup_a,startup_a,20250106,26,5546.0,90,1,ids,0.23299431382912572,-0.6874323488046026,10.0,-0.18235294117647058,0.0625,0.12499999999999994
2025.01.06startup_a,startup_a,20250106,26,4871.0,90,0,ids,0.15511121665248842,-0.007357369661676458,1.3333333333333333,,1.0,
2025.01.06startup_a,startup_a,20250106,26,5317.0,90,0,ids,-0.6716943028184873,0.6393476882419304,11.333333333333334,1.4030075187969924,0.25,0.02017543859649124
2025.01.06startup_a,startup_a,20250106,26,2698.0,90,0,ids,-0.14743653016959088,0.2681189338370822,2.0,16.4,0.2,
2025.01.06startup_b,startup_b,20250106,0,465.0,90,1,,0.22538968849216712,-0.02327761983923367,,,,
2025.01.06startup_b,startup_b,20250106,0,1360.0,90,0,todo,0.465370287168917,-0.07455877409682954,1.3333333333333333,,0.75,
2025.01.06startup_b,startup_b,20250106,0,5219.0,90,0,ids,-0.3167170023345796,0.0338921557869889,6.0,4.133333333333332,0.5,-0.225
2025.01.06startup_b,startup_b,20250106,0,4059.0,90,0,todo,0.10915235726037494,0.2547946169168851,4.666666666666667,7.82142857142857,0.25,-0.6249999999999994
2025.01.06startup_b,startup_b,20250106,1,544.0,90,1,segue,0.7388269056883673,-0.8427690207410654,8.666666666666666,0.3582417582417581,0.42857142857142855,-0.6071428571428574
2025.01.06startup_b,startup_b,20250106,1,5187.0,90,0,ids,0.44491935866494303,-0.2591185282548192,4.666666666666667,-3.1666666666666683,0.4444444444444444,0.5416666666666664
2025.01.06startup_b,startup_b,20250106,1,4207.0,90,0,todo,0.11844723777020894,0.03269562181142397,0.0,,1.0,
2025.01.06startup_b,startup_b,20250106,1,297.0,90,0,,-0.1522308046949723,0.028307141941640208,,,,
2025.01.06startup_b,startup_b,20250106,2,563.0,90,1,segue,0.40923374344245456,-0.6768058267216178,10.666666666666666,0.40441176470588236,0.35294117647058826,0.061764705882352916
2025.01.06startup_b,startup_b,20250106,2,3435.0,90,0,todo,-0.6228006505506187,0.18314520495716952,2.6666666666666665,7.500000000000001,0.4,
2025.01.06startup_b,startup_b,20250106,2,2625.0,90,0,todo,-0.2796710895436864,0.5526973205568165,6.666666666666667,1.9909090909090907,0.18181818181818182,0.09090909090909065
2025.01.06startup_b,startup_b,20250106,2,4590.0,90,0,todo,0.5205905740333487,-0.0638750132807787,2.0,-1.800000000000006,0.6666666666666666,-0.35000000000000003
2025.01.06startup_b,startup_b,20250106,3,680.0,90,1,scorecard,0.3129322802242397,-0.4887014125979292,2.6666666666666665,-2.028571428571434,0.3333333333333333,0.7999999999999995
2025.01.06startup_b,startup_b,20250106,3,5728.0,90,0,ids,-0.3248493592275119,0.22953935291336736,12.666666666666666,1.0909774436090227,0.3,-0.008771929824561445
2025.01.06startup_b,startup_b,20250106,3,4538.0,90,0,todo,-0.36988696013850947,0.08794844374539611,0.6666666666666666,,0.75,
2025.01.06startup_b,startup_b,20250106,3,3524.0,90,0,todo,0.08558086302519406,-0.1702311493272074,4.0,2.8571428571428537,0.2857142857142857,0.6285714285714289
2025.01.06startup_b,startup_b,20250106,4,728.0,90,1,rock_review,0.18668533413028696,-0.11910771248210111,5.333333333333333,0.9999999999999991,0.5555555555555556,-0.1666666666666667
2025.01.06startup_b,startup_b,20250106,4,3785.0,90,0,todo,0.5440135009897,-0.2519857344036077,4.666666666666667,0.5714285714285736,0.875,0.30357142857142905
2025.01.06startup_b,startup_b,20250106,4,5710.0,90,0,ids,-0.0175999984548841,-0.0006352825357993078,8.666666666666666,0.032967032967033176,0.2857142857142857,0.6675824175824173
2025.01.06startup_b,startup_b,20250106,4,5044.0,90,0,ids,0.10937762565908958,-0.08937711444751045,0.6666666666666666,,0.3333333333333333,
2025.01.06startup_b,startup_b,20250106,5,749.0,90,1,rock_review,0.10369663610058126,0.09877579740184492,6.0,-0.20606060606060495,0.5,0.3916666666666669
2025.01.06startup_b,startup_b,20250106,5,2305.0,90,0,todo,-0.2569116345985779,0.2278944945079647,5.333333333333333,2.4166666666666665,0.4444444444444444,0.18452380952380956
2025.01.06startup_b,startup_b,20250106,5,2706.0,90,0,todo,0.514850451511967,-0.17663816358546938,2.0,,0.5,
2025.01.06startup_b,startup_b,20250106,5,3739.0,90,0,todo,0.19534673333471958,-0.11337463708769466,1.3333333333333333,,1.0,
2025.01.06startup_b,startup_b,20250106,6,794.0,90,1,rock_review,-0.06395491307926666,0.21183543561816603,5.333333333333333,0.14999999999999825,0.2222222222222222,0.5416666666666663
2025.01.06startup_b,startup_b,20250106,6,3685.0,90,0,todo,0.4546135137651023,-0.0230404116858067,0.6666666666666666,,0.6666666666666666,
2025.01.06startup_b,startup_b,20250106,6,3461.0,90,0,todo,-0.28500470734150884,0.13480594879078586,2.6666666666666665,9.942857142857143,0.5,0.24999999999999967
2025.01.06startup_b,startup_b,20250106,6,4134.0,90,0,todo,-0.5519987002270349,0.015167730430398223,1.3333333333333333,,0.75,
2025.01.06startup_b,startup_b,20250106,7,830.0,90,1,todo,-0.18684375643647444,0.21512762044093314,5.333333333333333,4.483333333333333,0.1111111111111111,-0.3571428571428569
2025.01.06startup_b,startup_b,20250106,7,2541.0,90,0,todo,0.5195222042833848,-0.13492129057031027,6.666666666666667,-0.03636363636363583,0.18181818181818182,0.3575757575757573
2025.01.06startup_b,startup_b,20250106,7,4649.0,90,0,todo,-0.5560602650931531,0.06858799195235775,1.3333333333333333,,0.5,
2025.01.06startup_b,startup_b,20250106,7,4093.0,90,0,todo,-0.7552976404600411,0.488335614399508,2.6666666666666665,13.200000000000003,0.5,-1.1500000000000004
2025.01.06startup_b,startup_b,20250106,8,1098.0,90,1,todo,0.6756851412832315,-0.745214281469797,7.333333333333333,-1.2747252747252753,0.23076923076923078,0.2709790209790211
2025.01.06startup_b,startup_b,20250106,8,1204.0,90,0,todo,-0.06338287247571366,0.1661641801862334,0.6666666666666666,,0.5,
2025.01.06startup_b,startup_b,20250106,8,2983.0,90,0,todo,-0.02795607897543986,0.41273218731454203,6.666666666666667,0.4181818181818185,0.6363636363636364,0.439393939393939
2025.01.06startup_b,startup_b,20250106,8,1249.0,90,0,todo,0.29809598333804177,-0.02615990525079878,1.3333333333333333,,0.6666666666666666,
2025.01.06startup_b,startup_b,20250106,9,1108.0,90,1,todo,0.4537151507339106,-0.6226797876270629,10.0,-0.9681372549019585,0.23529411764705882,0.2661764705882351
2025.01.06startup_b,startup_b,20250106,9,3425.0,90,0,todo,-0.6408312423081747,0.23858069032597914,2.6666666666666665,7.500000000000001,0.4,
2025.01.06startup_b,startup_b,20250106,9,2532.0,90,0,todo,0.4364450892085976,-0.028954087199795628,8.0,-0.34065934065933967,0.3076923076923077,0.42307692307692285
2025.01.06startup_b,startup_b,20250106,9,1211.0,90,0,todo,0.10531797901639924,0.06599022584228816,0.6666666666666666,,0.5,
2025.01.06startup_b,startup_b,20250106,10,1593.0,90,1,todo,0.23785222902505687,0.12887333716185156,4.0,11.928571428571425,0.8571428571428571,-0.9999999999999999
2025.01.06startup_b,startup_b,20250106,10,2762.0,90,0,todo,0.0041871932674531175,-0.2234141327173193,6.666666666666667,-0.10909090909090899,0.36363636363636365,0.11212121212121227
2025.01.06startup_b,startup_b,20250106,10,4668.0,90,0,todo,-0.04944018455299649,0.0026768596690763574,1.3333333333333333,,0.5,
2025.01.06startup_b,startup_b,20250106,10,2578.0,90,0,todo,-0.1317714566555671,-0.19199345961051772,8.666666666666666,1.545054945054945,0.07142857142857142,-0.11538461538461543
2025.01.06startup_b,startup_b,20250106,11,1617.0,90,1,todo,-0.036189451133663036,-0.2776161809446536,2.0,-12.600000000000003,0.5,1.3999999999999992
2025.01.06startup_b,startup_b,20250106,11,2963.0,90,0,todo,-0.33959335297828014,0.5299703342823225,6.666666666666667,1.6181818181818186,0.7272727272727273,-0.045454545454545664
2025.01.06startup_b,startup_b,20250106,11,2544.0,90,0,todo,0.5351371183966239,-0.18980846178367117,7.333333333333333,0.06643356643356785,0.16666666666666666,-0.03636363636363653
2025.01.06startup_b,startup_b,20250106,11,1457.0,90,0,todo,-0.109273699650514,-0.09508374692377339,5.333333333333333,-1.0333333333333357,0.6666666666666666,-0.2440476190476188
2025.01.06startup_b,startup_b,20250106,12,1641.0,90,1,todo,-0.33396918976337364,-0.6991356034875446,7.333333333333333,-2.4329670329670336,0.2857142857142857,0.2994505494505493
2025.01.06startup_b,startup_b,20250106,12,3445.0,90,0,todo,-0.5178772368642073,0.14035476905145952,2.0,4.100000000000008,0.4,
2025.01.06startup_b,startup_b,20250106,12,3433.0,90,0,todo,-0.640096702633057,0.1968914926830475,2.6666666666666665,7.500000000000001,0.4,
2025.01.06startup_b,startup_b,20250106,12,4627.0,90,0,todo,-0.6193184683891995,0.06604264924738902,2.6666666666666665,16.885714285714286,0.5,-1.1
2025.01.06startup_b,startup_b,20250106,13,1675.0,90,1,todo,-0.26691807313564986,-0.24090976453578783,10.666666666666666,2.428276573787409,0.2222222222222222,0.1691176470588236
2025.01.06startup_b,startup_b,20250106,13,3527.0,90,0,todo,0.08940880346087665,-0.16008214108407584,4.0,2.8571428571428537,0.2857142857142857,0.6285714285714289
2025.01.06startup_b,startup_b,20250106,13,2699.0,90,0,todo,0.38455658116192115,-0.09145828412401374,2.0,,0.5,
2025.01.06startup_b,startup_b,20250106,13,1387.0,90,0,todo,0.9372220473275741,-0.2508954402526361,2.0,,0.75,
2025.01.06startup_b,startup_b,20250106,14,1811.0,90,1,todo,-0.16997943584397576,-0.11739351204761421,6.0,5.290909090909091,0.5454545454545454,0.14848484848484828
2025.01.06startup_b,startup_b,20250106,14,947.0,90,0,todo,0.5207689533903942,-0.07397369090450936,2.6666666666666665,1.5000000000000044,0.4,
2025.01.06startup_b,startup_b,20250106,14,4716.0,90,0,todo,0.5824438870677557,-0.10055216283830193,2.0,-2.899999999999999,0.8,
2025.01.06startup_b,startup_b,20250106,14,4488.0,90,0,todo,-0.2841605260134138,0.06345854977669325,2.0,,0.25,
2025.01.06startup_b,startup_b,20250106,15,1901.0,90,1,todo,0.4833599849213741,-0.29533351905389743,4.666666666666667,-0.03571428571428361,0.375,0.1964285714285716
2025.01.06startup_b,startup_b,20250106,15,1259.0,90,0,todo,0.18446765183221786,-0.003526424456133894,0.6666666666666666,,0.5,
2025.01.06startup_b,startup_b,20250106,15,4709.0,90,0,todo,0.5249047814212641,-0.12076934601158096,1.3333333333333333,,0.75,
2025.01.06startup_b,startup_b,20250106,15,2282.0,90,0,todo,0.21146765357053188,-0.18578341232767834,6.0,-1.4303030303030297,0.5,-0.19166666666666646
2025.01.06startup_b,startup_b,20250106,16,1925.0,90,1,todo,0.6886682519357973,-0.7951083266782097,8.0,-0.10439560439560494,0.38461538461538464,0.00874125874125869
2025.01.06startup_b,startup_b,20250106,16,4415.0,90,0,todo,-0.26649705902488846,0.6493795941216027,7.333333333333333,3.9685314685314674,0.5,-0.009090909090908986
2025.01.06startup_b,startup_b,20250106,16,4122.0,90,0,todo,-0.743730340324688,0.13921077837750798,1.3333333333333333,,0.75,
2025.01.06startup_b,startup_b,20250106,16,2603.0,90,0,todo,-0.38606470048076086,0.14424307284269022,9.333333333333334,1.2785714285714287,0.13333333333333333,-0.051648351648351666
2025.01.06startup_b,startup_b,20250106,17,2182.0,90,1,todo,0.7920884022538257,-0.21729463709836622,2.6666666666666665,-8.80000000000001,0.3333333333333333,2.7499999999999996
2025.01.06startup_b,startup_b,20250106,17,1360.0,90,0,todo,0.465370287168917,-0.07455877409682954,1.3333333333333333,,0.75,
2025.01.06startup_b,startup_b,20250106,17,2669.0,90,0,todo,-0.23151611651170448,0.31600649318682084,2.6666666666666665,28.300000000000004,0.6,
2025.01.06startup_b,startup_b,20250106,17,4133.0,90,0,todo,-0.571745019864307,0.021114076429583895,1.3333333333333333,,0.75,
2025.01.06startup_b,startup_b,20250106,18,2397.0,90,1,todo,-0.0481678780463,-0.35211006381119386,2.6666666666666665,-9.699999999999998,0.4,
2025.01.06startup_b,startup_b,20250106,18,4535.0,90,0,todo,-0.4822266359828922,0.10445231551188748,0.6666666666666666,,0.6666666666666666,
2025.01.06startup_b,startup_b,20250106,18,1232.0,90,0,todo,0.3195331083762015,-0.025721024524480437,2.0,,0.5,
2025.01.06startup_b,startup_b,20250106,18,2302.0,90,0,todo,-0.22503849023714273,0.17572012430221123,5.333333333333333,2.4166666666666665,0.4444444444444444,0.18452380952380956
2025.01.06startup_b,startup_b,20250106,19,2852.0,90,1,todo,-0.060223019920954,-0.21176412643510115,6.666666666666667,0.8090909090909091,0.2727272727272727,0.31818181818181834
2025.01.06startup_b,startup_b,20250106,19,4049.0,90,0,todo,0.42877623449272806,-0.03330731371485097,4.0,3.607142857142855,0.14285714285714285,-0.11428571428571427
2025.01.06startup_b,startup_b,20250106,19,953.0,90,0,todo,0.6151728531066609,-0.07645129830219682,2.6666666666666665,1.5000000000000044,0.4,
2025.01.06startup_b,startup_b,20250106,19,4553.0,90,0,todo,0.269677262816654,-0.008480080289476282,2.0,-6.800000000000008,0.6666666666666666,0.44999999999999907
2025.01.06startup_b,startup_b,20250106,20,3108.0,90,1,todo,0.16790937341280704,-0.03438417431614805,3.3333333333333335,0.4857142857142839,0.3333333333333333,-0.20000000000000023
2025.01.06startup_b,startup_b,20250106,20,3421.0,90,0,todo,-0.5833890137822197,0.2575729365733393,2.6666666666666665,7.500000000000001,0.4,
2025.01.06startup_b,startup_b,20250106,20,974.0,90,0,todo,0.7102892092863317,-0.06254297068178445,3.3333333333333335,6.142857142857142,0.3333333333333333,2.0499999999999994
2025.01.06startup_b,startup_b,20250106,20,2984.0,90,0,todo,-0.004745857676753358,0.4006823210791631,6.666666666666667,0.4181818181818185,0.6363636363636364,0.439393939393939
2025.01.06startup_b,startup_b,20250106,21,3146.0,90,1,todo,0.41806004879028147,-0.680242979143837,3.3333333333333335,-5.571428571428576,0.3333333333333333,3.4499999999999997
2025.01.06startup_b,startup_b,20250106,21,3622.0,90,0,todo,-0.9763159785106537,0.09155174252615171,1.3333333333333333,,0.75,
2025.01.06startup_b,startup_b,20250106,21,986.0,90,0,todo,0.5386197080755071,-0.023711114518975684,3.3333333333333335,6.142857142857142,0.3333333333333333,2.0499999999999994
2025.01.06startup_b,startup_b,20250106,21,3621.0,90,0,todo,-0.9573654314716485,0.0882144538732185,1.3333333333333333,,0.75,
2025.01.06startup_b,startup_b,20250106,22,3165.0,90,1,todo,0.025388882069043283,-0.775896357078747,4.666666666666667,-2.8060606060606057,0.2,0.22499999999999995
2025.01.06startup_b,startup_b,20250106,22,2980.0,90,0,todo,-0.09323528704592679,0.4430290468477208,7.333333333333333,0.39860139860139865,0.6666666666666666,0.46363636363636357
2025.01.06startup_b,startup_b,20250106,22,4100.0,90,0,todo,-0.8001545952610948,0.38163157524664393,2.6666666666666665,13.200000000000003,0.5,-1.1500000000000004
2025.01.06startup_b,startup_b,20250106,22,4665.0,90,0,todo,-0.13104545689320574,0.024995170591491554,1.3333333333333333,,0.5,
2025.01.06startup_b,startup_b,20250106,23,3241.0,90,1,todo,-0.80060393873106,0.9055132237794367,4.666666666666667,5.1000000000000005,0.2222222222222222,-1.7678571428571421
2025.01.06startup_b,startup_b,20250106,23,4483.0,90,0,todo,-0.18759948110779606,0.06521741079705884,3.3333333333333335,7.678571428571427,0.2857142857142857,-0.257142857142857
2025.01.06startup_b,startup_b,20250106,23,3555.0,90,0,todo,0.39160008499479193,0.09346453250034745,3.3333333333333335,12.4,0.16666666666666666,-2.6
2025.01.06startup_b,startup_b,20250106,23,3688.0,90,0,todo,0.38487758745636375,-0.018679154742107733,0.6666666666666666,,0.6666666666666666,
2025.01.06startup_b,startup_b,20250106,24,3287.0,90,1,todo,0.6000457411900822,-1.015282912685682,8.666666666666666,-2.731868131868133,0.21428571428571427,0.6071428571428571
2025.01.06startup_b,startup_b,20250106,24,4552.0,90,0,todo,0.22869266246862202,-0.0023474187232587892,2.0,-6.800000000000008,0.6666666666666666,0.44999999999999907
2025.01.06startup_b,startup_b,20250106,24,3508.0,90,0,todo,0.21601644370203094,-0.1940310944188404,4.0,2.8571428571428537,0.2857142857142857,0.6285714285714289
2025.01.06startup_b,startup_b,20250106,24,4104.0,90,0,todo,-0.813632332206706,0.3236025440085349,2.0,14.9,0.6,
2025.01.06startup_b,startup_b,20250106,25,3878.0,90,1,todo,0.23030408329411234,-0.2052071782942981,4.0,-0.880952380952381,0.375,1.3571428571428577
2025.01.06startup_b,startup_b,20250106,25,2035.0,90,0,todo,-0.04624570386240083,0.0023249099692604627,4.0,-1.4285714285714388,0.7142857142857143,1.0428571428571436
2025.01.06startup_b,startup_b,20250106,25,3730.0,90,0,todo,-0.14338456192513782,-0.02577807354762031,0.0,,0.6666666666666666,
2025.01.06startup_b,startup_b,20250106,25,2293.0,90,0,todo,-0.05187392625675204,-0.008189118544353459,6.0,1.1090909090909085,0.5,0.18333333333333401
2025.01.06startup_b,startup_b,20250106,26,3914.0,90,1,todo,0.49382019288833484,-0.3834399731029861,8.0,-1.7802197802197794,0.23076923076923078,0.5751748251748253
2025.01.06startup_b,startup_b,20250106,26,2965.0,90,0,todo,-0.313527189017593,0.5167983848110711,6.666666666666667,1.6181818181818186,0.7272727272727273,-0.045454545454545664
2025.01.06startup_b,startup_b,20250106,26,2079.0,90,0,todo,-0.5899444050645966,0.20319628603166,3.3333333333333335,10.39285714285714,0.7142857142857143,-2.0000000000000004
2025.01.06startup_b,startup_b,20250106,26,934.0,90,0,todo,0.20354316496591657,-0.07514622517571083,3.3333333333333335,-12.71428571428573,0.5,1.2000000000000002
2025.01.06startup_b,startup_b,20250106,27,4317.0,90,1,todo,-0.020138004659334227,-0.007741514444538953,4.0,-3.428571428571436,0.42857142857142855,2.000000000000001
2025.01.06startup_b,startup_b,20250106,27,4098.0,90,0,todo,-0.7912810264766902,0.41370290674094984,2.6666666666666665,13.200000000000003,0.5,-1.1500000000000004
2025.01.06startup_b,startup_b,20250106,27,1392.0,90,0,todo,0.9638773682932689,-0.30554164805411554,2.6666666666666665,1.6000000000000019,0.6,
2025.01.06startup_b,startup_b,20250106,27,3643.0,90,0,todo,-0.7415407217682894,0.09395089469777713,0.6666666666666666,,1.0,
2025.01.06startup_b,startup_b,20250106,28,4806.0,90,1,todo,0.0038421261865980057,-0.08179072883670338,6.0,-1.0909090909090888,0.3,1.795736472582083e-16
2025.01.06startup_b,startup_b,20250106,28,3737.0,90,0,todo,0.11639061391154856,-0.09020774477823575,1.3333333333333333,-23.5,0.8,
2025.01.06startup_b,startup_b,20250106,28,2708.0,90,0,todo,0.5409335437415028,-0.19326352482905348,2.0,,0.5,
2025.01.06startup_b,startup_b,20250106,28,4628.0,90,0,todo,-0.6260731531344584,0.06745105467274667,2.6666666666666665,16.885714285714286,0.5,-1.1
2025.01.06startup_b,startup_b,20250106,29,4831.0,90,1,todo,0.20450347657778592,-0.41390020320440607,6.0,0.16363636363636466,0.1,1.4916666666666676
2025.01.06startup_b,startup_b,20250106,29,4131.0,90,0,todo,-0.6088839305988011,0.0399898524358853,1.3333333333333333,,0.75,
2025.01.06startup_b,startup_b,20250106,29,1494.0,90,0,todo,-0.00482395977233197,-0.34737933373792623,4.666666666666667,-2.523809523809522,0.75,0.28571428571428537
2025.01.06startup_b,startup_b,20250106,29,3631.0,90,0,todo,-1.0520501917994212,0.11400700502444074,1.3333333333333333,,0.75,
2025.01.06startup_b,startup_b,20250106,30,4874.0,90,1,todo,0.054753395832423835,-0.08857487027456606,4.666666666666667,1.9761904761904767,0.25,-0.14285714285714252
2025.01.06startup_b,startup_b,20250106,30,4705.0,90,0,todo,0.47631083638658955,-0.1083261298463597,1.3333333333333333,,1.0,
2025.01.06startup_b,startup_b,20250106,30,4046.0,90,0,todo,0.48102823995716953,-0.13520254521070557,4.0,3.607142857142855,0.14285714285714285,-0.11428571428571427
2025.01.06startup_b,startup_b,20250106,30,3616.0,90,0,todo,-0.8089678978206295,0.08113436356636526,1.3333333333333333,,0.75,
2025.01.06startup_b,startup_b,20250106,31,5502.0,90,1,ids,0.47027042138717945,-0.288162281342225,7.333333333333333,0.46703296703296715,0.23076923076923078,0.2797202797202794
2025.01.06startup_b,startup_b,20250106,31,5389.0,90,0,ids,0.6416695001869388,-0.14653757195764408,2.6666666666666665,2.2571428571428496,0.6666666666666666,2.7
2025.01.06startup_b,startup_b,20250106,31,5056.0,90,0,ids,-0.025042591902098395,-0.08881785785400242,1.3333333333333333,,0.5,
2025.01.06startup_b,startup_b,20250106,31,5042.0,90,0,ids,0.15060090888287972,-0.08791098920028437,0.6666666666666666,,0.3333333333333333,
2025.01.06startup_b,startup_b,20250106,32,5603.0,90,1,ids,0.31362228918242047,-0.48483270298794273,5.333333333333333,-1.5166666666666757,0.2222222222222222,1.4702380952380942
2025.01.06startup_b,startup_b,20250106,32,5755.0,90,0,ids,-0.5367086434386961,0.13307423484431463,8.0,1.7054945054945057,0.35714285714285715,-0.5467032967032966
2025.01.06startup_b,startup_b,20250106,32,5034.0,90,0,ids,0.29557080575448086,-0.0765653851824665,0.6666666666666666,,0.3333333333333333,
2025.01.06startup_b,startup_b,20250106,32,5261.0,90,0,ids,0.03711948713943947,0.16202088662909853,5.333333333333333,3.5636363636363635,0.6,-0.09166666666666658
2025.01.13startup_a,startup_a,20250113,0,536.0,90,1,rock_review,0.18045981502299727,0.03303735825965567,2.0,9.000000000000004,0.2,
2025.01.13startup_a,startup_a,20250113,0,445.0,90,0,rock_review,0.02621686724721451,-0.004315572945357399,2.6666666666666665,23.899999999999995,0.6,
2025.01.13startup_a,startup_a,20250113,0,418.0,90,0,rock_review,0.5953050668732369,-0.18100919801203924,3.3333333333333335,7.257142857142848,0.5,-0.30000000000000016
2025.01.13startup_a,startup_a,20250113,0,444.0,90,0,rock_review,0.06771658433913885,-0.014629439836610195,2.6666666666666665,23.899999999999995,0.6,
2025.01.13startup_a,startup_a,20250113,1,597.0,90,1,headlines,0.4011685646349483,-0.629106645804943,5.333333333333333,-4.150000000000006,0.4444444444444444,0.5833333333333333
2025.01.13startup_a,startup_a,20250113,1,716.0,90,0,headlines,0.11173098756029584,-0.20625558655209425,3.3333333333333335,0.19999999999999618,0.5,1.2499999999999993
2025.01.13startup_a,startup_a,20250113,1,688.0,90,0,headlines,-0.002114942749842636,0.14841789955084222,4.0,4.583333333333333,0.5,-0.8928571428571428
2025.01.13startup_a,startup_a,20250113,1,708.0,90,0,headlines,0.08729010614572953,-0.13202368677111148,3.3333333333333335,0.19999999999999618,0.5,1.2499999999999993
2025.01.13startup_a,startup_a,20250113,2,1654.0,90,1,ids,0.2907127461824932,-0.11758111966636074,0.6666666666666666,,0.6666666666666666,
2025.01.13startup_a,startup_a,20250113,2,1217.0,90,0,ids,-0.2962769571422805,0.05038434484880683,0.0,,1.0,
2025.01.13startup_a,startup_a,20250113,2,1298.0,90,0,ids,0.15487555426747873,0.008796896207600931,4.666666666666667,7.88095238095238,0.625,0.10714285714285712
2025.01.13startup_a,startup_a,20250113,2,3606.0,90,0,ids,0.21721758101357702,-0.2964132586228565,4.0,1.0714285714285647,0.7142857142857143,1.0857142857142872
2025.01.13startup_a,startup_a,20250113,3,1680.0,90,1,ids,0.5785620119945576,-0.43398806763943387,2.6666666666666665,-11.628571428571439,0.6666666666666666,2.15
2025.01.13startup_a,startup_a,20250113,3,4148.0,90,0,ids,-0.006462424456670341,-0.03664809196465901,4.0,8.21428571428571,0.2857142857142857,0.7000000000000008
2025.01.13startup_a,startup_a,20250113,3,1118.0,90,0,ids,0.16315350610895418,0.11539500940015086,2.0,,0.5,
2025.01.13startup_a,startup_a,20250113,3,4176.0,90,0,ids,0.1436112699036625,-0.06072586844851136,3.3333333333333335,5.742857142857141,0.6666666666666666,1.3999999999999992
2025.01.13startup_a,startup_a,20250113,4,1883.0,90,1,ids,0.26422005869567267,-0.16619931392513088,3.3333333333333335,-7.971428571428579,0.5,-0.9000000000000006
2025.01.13startup_a,startup_a,20250113,4,3684.0,90,0,ids,-0.09472891829407873,0.32376142923984685,2.6666666666666665,14.599999999999998,0.8,
2025.01.13startup_a,startup_a,20250113,4,1788.0,90,0,ids,0.12401449603901793,-0.12370464765560388,3.3333333333333335,-8.785714285714304,0.5714285714285714,2.7428571428571455
2025.01.13startup_a,startup_a,20250113,4,5301.0,90,0,ids,-0.4934315121973312,0.3574068471310154,6.0,3.933333333333331,0.5,0.2083333333333334
2025.01.13startup_a,startup_a,20250113,5,2163.0,90,1,ids,0.29300064440672047,-0.09894559316658905,1.3333333333333333,,0.75,
2025.01.13startup_a,startup_a,20250113,5,3579.0,90,0,ids,-0.0475633435109434,-0.041006772801601934,2.6666666666666665,-3.5714285714285734,0.6666666666666666,-2.15
2025.01.13startup_a,startup_a,20250113,5,1536.0,90,0,ids,0.48112951046457636,-0.10577270349795372,1.3333333333333333,15.771428571428567,0.5,1.2499999999999996
2025.01.13startup_a,startup_a,20250113,5,1182.0,90,0,ids,-0.31711807764892314,0.03437411479049132,0.0,,0.5,
2025.01.13startup_a,startup_a,20250113,6,2344.0,90,1,ids,0.2149653177311068,-0.04293487241017675,0.6666666666666666,,1.0,
2025.01.13startup_a,startup_a,20250113,6,1197.0,90,0,ids,-0.3550599701488366,0.02220514036597484,0.0,,0.5,
2025.01.13startup_a,startup_a,20250113,6,1257.0,90,0,ids,0.35129700192055247,-0.17001633627448756,2.6666666666666665,-5.700000000000001,0.8,
2025.01.13startup_a,startup_a,20250113,6,3919.0,90,0,ids,0.16430923527786515,-0.1277379222512357,3.3333333333333335,-2.8857142857142954,0.5,-0.5000000000000001
2025.01.13startup_a,startup_a,20250113,7,2408.0,90,1,ids,0.5322609755648369,-0.8147998256568427,4.666666666666667,-2.08333333333333,0.625,-2.2857142857142874
2025.01.13startup_a,startup_a,20250113,7,4050.0,90,0,ids,-0.08568209502869914,0.298007242553143,5.333333333333333,3.4499999999999997,0.4444444444444444,-0.46428571428571414
2025.01.13startup_a,startup_a,20250113,7,3944.0,90,0,ids,-0.26067826279208767,-0.17207617731505348,5.333333333333333,-3.7333333333333365,0.3333333333333333,-0.05357142857142847
2025.01.13startup_a,startup_a,20250113,7,1239.0,90,0,ids,0.03318539525175063,-0.04466665484599723,0.6666666666666666,,1.0,
2025.01.13startup_a,startup_a,20250113,8,2538.0,90,1,ids,-0.15034406465723593,-0.26529404396370915,5.333333333333333,-1.1833333333333342,0.5555555555555556,0.3809523809523807
2025.01.13startup_a,startup_a,20250113,8,4040.0,90,0,ids,0.05951698922116054,0.1532415690524863,6.666666666666667,2.581818181818182,0.45454545454545453,-0.290909090909091
2025.01.13startup_a,startup_a,20250113,8,5284.0,90,0,ids,-0.2964422086867657,0.33774230792954096,7.333333333333333,0.04195804195804228,0.5,0.2
2025.01.13startup_a,startup_a,20250113,8,4686.0,90,0,ids,-0.54346910441132,0.5561334988789913,6.0,3.1363636363636362,0.2727272727272727,-0.45757575757575736
2025.01.13startup_a,startup_a,20250113,9,2596.0,90,1,ids,0.01704085688905271,0.2299154655234379,6.666666666666667,4.036363636363636,0.5454545454545454,-0.7454545454545453
2025.01.13startup_a,startup_a,20250113,9,3564.0,90,0,ids,-0.20639569716360018,0.06358827378500914,1.3333333333333333,,0.75,
2025.01.13startup_a,startup_a,20250113,9,5339.0,90,0,ids,-0.27565689637062074,0.13718185272533065,3.3333333333333335,19.314285714285717,0.3333333333333333,-0.7
2025.01.13startup_a,startup_a,20250113,9,1431.0,90,0,ids,-0.0473748883679335,0.017546745274424045,2.6666666666666665,15.0,0.6,
2025.01.13startup_a,startup_a,20250113,10,2694.0,90,1,ids,0.049431971684378496,0.04077082697144178,7.333333333333333,0.818181818181819,0.3333333333333333,0.21363636363636365
2025.01.13startup_a,startup_a,20250113,10,5293.0,90,0,ids,-0.43509832110194013,0.3805935017658045,7.333333333333333,3.632867132867133,0.4166666666666667,-0.00909090909090903
2025.01.13startup_a,startup_a,20250113,10,4187.0,90,0,ids,0.17175896874764882,-0.0637426554002355,3.3333333333333335,5.742857142857141,0.6666666666666666,1.3999999999999992
2025.01.13startup_a,startup_a,20250113,10,4692.0,90,0,ids,-0.429268034438732,0.5159417045696205,5.333333333333333,4.0242424242424235,0.3,-0.7833333333333338
2025.01.13startup_a,startup_a,20250113,11,2770.0,90,1,ids,-0.18177568487033996,0.16944108568412716,5.333333333333333,3.966666666666667,0.5555555555555556,-0.7499999999999998
2025.01.13startup_a,startup_a,20250113,11,1793.0,90,0,ids,0.19972809132524322,-0.14805366977902626,3.3333333333333335,4.228571428571422,0.5,2.8827801631421e-16
2025.01.13startup_a,startup_a,20250113,11,1380.0,90,0,ids,-0.21989472145518366,0.018523788527077395,4.0,6.571428571428568,0.42857142857142855,0.7571428571428578
2025.01.13startup_a,startup_a,20250113,11,3552.0,90,0,ids,-0.29388443549457083,0.10567400659953975,1.3333333333333333,,0.6666666666666666,
2025.01.13startup_a,startup_a,20250113,12,2892.0,90,1,ids,0.4793120136509224,-0.300837962996788,3.3333333333333335,4.8285714285714265,0.3333333333333333,0.8499999999999998
2025.01.13startup_a,startup_a,20250113,12,1204.0,90,0,ids,-0.38204232674495386,0.03485215529858629,0.0,,1.0,
2025.01.13startup_a,startup_a,20250113,12,4835.0,90,0,ids,-0.2692183507372583,0.07751540887772673,2.0,15.085714285714287,0.3333333333333333,3.149999999999999
2025.01.13startup_a,startup_a,20250113,12,3607.0,90,0,ids,0.2272239531041302,-0.3048630914755973,4.0,1.0714285714285647,0.7142857142857143,1.0857142857142872
2025.01.13startup_a,startup_a,20250113,13,3054.0,90,1,ids,-0.07048298761391167,0.04468142309296371,2.6666666666666665,13.3,0.6,
2025.01.13startup_a,startup_a,20250113,13,1150.0,90,0,ids,-0.18459314324988715,0.08408096808306041,1.3333333333333333,,0.3333333333333333,
2025.01.13startup_a,startup_a,20250113,13,5328.0,90,0,ids,-0.44345343427501327,0.14658754251388031,5.333333333333333,7.116666666666668,0.4444444444444444,-0.035714285714285664
2025.01.13startup_a,startup_a,20250113,13,3603.0,90,0,ids,0.18856437353329736,-0.26044012097439667,4.0,-6.60714285714285,0.625,1.4464285714285723
2025.01.13startup_a,startup_a,20250113,14,3165.0,90,1,ids,0.4760498102237102,-0.17823326529288996,0.6666666666666666,,0.25,
2025.01.13startup_a,startup_a,20250113,14,1430.0,90,0,ids,-0.05857519245590534,0.01884515429128277,2.6666666666666665,15.0,0.6,
2025.01.13startup_a,startup_a,20250113,14,1250.0,90,0,ids,0.22961546043647585,-0.11359343692717733,2.6666666666666665,-11.685714285714292,0.8333333333333334,0.15000000000000008
2025.01.13startup_a,startup_a,20250113,14,4224.0,90,0,ids,0.31692230848219083,-0.12328421546847622,3.3333333333333335,0.6785714285714278,0.5714285714285714,-0.2571428571428573
2025.01.13startup_a,startup_a,20250113,15,3183.0,90,1,ids,0.3109971956493224,-0.26628537205842007,1.3333333333333333,,0.25,
2025.01.13startup_a,startup_a,20250113,15,4147.0,90,0,ids,-0.01716114019769573,-0.026812358974757942,4.0,8.21428571428571,0.2857142857142857,0.7000000000000008
2025.01.13startup_a,startup_a,20250113,15,5315.0,90,0,ids,-0.5119046329174591,0.22416562872330628,5.333333333333333,7.116666666666668,0.4444444444444444,-0.035714285714285664
2025.01.13startup_a,startup_a,20250113,15,3961.0,90,0,ids,-0.08034225394415331,-0.18046455371140707,6.666666666666667,-1.1363636363636354,0.36363636363636365,0.03636363636363644
2025.01.13startup_a,startup_a,20250113,16,3317.0,90,1,ids,-0.013957140022102847,0.12392991312424874,3.3333333333333335,4.5,0.42857142857142855,1.4000000000000008
2025.01.13startup_a,startup_a,20250113,16,4224.0,90,0,ids,0.31692230848219083,-0.12328421546847622,3.3333333333333335,0.6785714285714278,0.5714285714285714,-0.2571428571428573
2025.01.13startup_a,startup_a,20250113,16,1540.0,90,0,ids,0.480517920001434,-0.1208170240972211,1.3333333333333333,15.771428571428567,0.5,1.2499999999999996
2025.01.13startup_a,startup_a,20250113,16,1194.0,90,0,ids,-0.3419601907116429,0.01719473119445456,0.0,,0.5,
2025.01.13startup_a,startup_a,20250113,17,3414.0,90,1,ids,-0.3483475823045551,0.029869125915320982,4.666666666666667,9.07142857142857,0.5,0.41071428571428586
2025.01.13startup_a,startup_a,20250113,17,1170.0,90,0,ids,-0.3230860099333503,0.07797818161602137,0.6666666666666666,,0.3333333333333333,
2025.01.13startup_a,startup_a,20250113,17,3909.0,90,0,ids,0.3402786853726336,-0.09923117165903737,2.0,-17.0,0.6,
2025.01.13startup_a,startup_a,20250113,17,4725.0,90,0,ids,0.500052398560832,-0.06460847989509917,3.3333333333333335,0.8928571428571329,0.42857142857142855,0.1285714285714296
2025.01.13startup_a,startup_a,20250113,18,3447.0,90,1,ids,0.35986757918389206,-0.48531216257701704,3.3333333333333335,-5.678571428571429,0.5714285714285714,-0.8142857142857145
2025.01.13startup_a,startup_a,20250113,18,3620.0,90,0,ids,0.34238498471957135,-0.31213560744785435,4.666666666666667,-0.9642857142857125,0.625,0.8214285714285727
2025.01.13startup_a,startup_a,20250113,18,4205.0,90,0,ids,0.2456743368810002,-0.102044479413999,3.3333333333333335,3.1785714285714297,0.7142857142857143,-0.9571428571428573
2025.01.13startup_a,startup_a,20250113,18,4284.0,90,0,ids,-0.2982982206742175,0.20302526751280117,4.0,1.6428571428571395,0.42857142857142855,-0.24285714285714294
2025.01.13startup_a,startup_a,20250113,19,3784.0,90,1,ids,-0.06936021435720725,-0.2512010404081339,2.6666666666666665,-3.9142857142857124,0.5,0.0999999999999992
2025.01.13startup_a,startup_a,20250113,19,4224.0,90,0,ids,0.31692230848219083,-0.12328421546847622,3.3333333333333335,0.6785714285714278,0.5714285714285714,-0.2571428571428573
2025.01.13startup_a,startup_a,20250113,19,4801.0,90,0,ids,-0.27685971591964426,-0.07071285336090712,3.3333333333333335,6.845238095238093,0.5,0.6785714285714289
2025.01.13startup_a,startup_a,20250113,19,5265.0,90,0,ids,0.0362333746758035,0.22874312183952522,6.0,2.6909090909090914,0.6,0.2250000000000005
2025.01.13startup_a,startup_a,20250113,20,4380.0,90,1,ids,0.6297898160000897,-0.4767474060732746,2.6666666666666665,2.485714285714285,0.16666666666666666,-2.7000000000000006
2025.01.13startup_a,startup_a,20250113,20,1422.0,90,0,ids,-0.1687567204405236,0.03429963733022736,2.6666666666666665,4.600000000000006,0.6,
2025.01.13startup_a,startup_a,20250113,20,5331.0,90,0,ids,-0.40461517238359646,0.15969192864692935,4.666666666666667,7.678571428571428,0.5,0.1607142857142856
2025.01.13startup_a,startup_a,20250113,20,1447.0,90,0,ids,-0.001789570505104424,0.0017160904364228108,2.6666666666666665,15.0,0.6,
2025.01.13startup_a,startup_a,20250113,21,4391.0,90,1,ids,0.5304509735033586,-0.37573743721934993,2.6666666666666665,2.485714285714285,0.16666666666666666,-2.7000000000000006
2025.01.13startup_a,startup_a,20250113,21,1991.0,90,0,ids,-0.03526735876370254,0.04362967876113801,2.0,9.700000000000006,0.8,
2025.01.13startup_a,startup_a,20250113,21,1364.0,90,0,ids,0.12130322892278687,-0.06858804557802384,2.6666666666666665,10.2,0.4,
2025.01.13startup_a,startup_a,20250113,21,4701.0,90,0,ids,-0.1706860863167789,0.33667675213242715,4.666666666666667,5.400000000000001,0.2222222222222222,-0.8571428571428568
2025.01.13startup_a,startup_a,20250113,22,4514.0,90,1,ids,0.4631226645183074,-0.15006849417451026,0.6666666666666666,,0.6666666666666666,
2025.01.13startup_a,startup_a,20250113,22,1118.0,90,0,ids,0.16315350610895418,0.11539500940015086,2.0,,0.5,
2025.01.13startup_a,startup_a,20250113,22,1551.0,90,0,ids,0.3955057681944969,-0.09729403075589758,1.3333333333333333,15.771428571428567,0.5,1.2499999999999996
2025.01.13startup_a,startup_a,20250113,22,1415.0,90,0,ids,-0.27309619733285356,0.04820880273926457,3.3333333333333335,7.342857142857143,0.5,-1.55
2025.01.13startup_a,startup_a,20250113,23,4563.0,90,1,ids,0.4348898912444368,-0.4327135645965108,5.333333333333333,-1.1000000000000008,0.2727272727272727,0.2515151515151514
2025.01.13startup_a,startup_a,20250113,23,4034.0,90,0,ids,0.1687893043092522,0.01760578065824738,7.333333333333333,1.3986013986013976,0.4166666666666667,-0.04545454545454556
2025.01.13startup_a,startup_a,20250113,23,4225.0,90,0,ids,0.31714310091840997,-0.12275900061386577,3.3333333333333335,0.6785714285714278,0.5714285714285714,-0.2571428571428573
2025.01.13startup_a,startup_a,20250113,23,4117.0,90,0,ids,-0.28976677814394314,0.10764046722413964,2.6666666666666665,17.5,0.2,
2025.01.13startup_a,startup_a,20250113,24,4585.0,90,1,ids,0.18788004613379694,-0.22599865316832138,6.0,-0.2867132867132871,0.25,0.968181818181818
2025.01.13startup_a,startup_a,20250113,24,5355.0,90,0,ids,0.08863722801889119,0.050754945823724584,4.0,10.857142857142858,0.2857142857142857,-1.3428571428571432
2025.01.13startup_a,startup_a,20250113,24,1196.0,90,0,ids,-0.3510110055007125,0.020531027110975656,0.0,,0.5,
2025.01.13startup_a,startup_a,20250113,24,1545.0,90,0,ids,0.46091003511500706,-0.1188788028352683,1.3333333333333333,15.771428571428567,0.5,1.2499999999999996
2025.01.13startup_a,startup_a,20250113,25,4965.0,90,1,ids,0.4368389804231003,-0.2433330988377721,3.3333333333333335,-4.228571428571437,0.6666666666666666,0.749999999999999
2025.01.13startup_a,startup_a,20250113,25,4058.0,90,0,ids,-0.23527989864137672,0.40140619302116165,5.333333333333333,3.4499999999999997,0.4444444444444444,-0.46428571428571414
2025.01.13startup_a,startup_a,20250113,25,1408.0,90,0,ids,-0.35994250630321095,0.05265013727632622,3.3333333333333335,10.085714285714285,0.3333333333333333,-0.19999999999999946
2025.01.13startup_a,startup_a,20250113,25,2031.0,90,0,ids,0.16026717157617143,-0.024373565734346056,2.0,-0.6000000000000006,0.6,
2025.01.13startup_a,startup_a,20250113,26,5014.0,90,1,ids,0.1863643473790865,-0.08946350967283048,6.0,2.703030303030303,0.6,-0.4166666666666667
2025.01.13startup_a,startup_a,20250113,26,1784.0,90,0,ids,0.05170919722790361,-0.07069241796732606,4.0,-4.202380952380949,0.375,0.6071428571428569
2025.01.13startup_a,startup_a,20250113,26,4190.0,90,0,ids,0.17979853364403162,-0.07482995723848829,3.3333333333333335,5.742857142857141,0.6666666666666666,1.3999999999999992
2025.01.13startup_a,startup_a,20250113,26,1353.0,90,0,ids,0.1853534384487292,-0.007901601216922327,5.333333333333333,3.0833333333333326,0.4444444444444444,0.5595238095238094
2025.01.13startup_a,startup_a,20250113,27,5047.0,90,1,ids,0.11508605347518851,-0.2985645674715061,9.333333333333334,-0.5071428571428572,0.5333333333333333,-0.046153846153846184
2025.01.13startup_a,startup_a,20250113,27,3641.0,90,0,ids,0.13888448272811754,-0.04264463048582511,6.0,0.2909090909090901,0.7,0.5083333333333335
2025.01.13startup_a,startup_a,20250113,27,1132.0,90,0,ids,0.06727161285300605,0.131791825207536,1.3333333333333333,,0.3333333333333333,
2025.01.13startup_a,startup_a,20250113,27,4788.0,90,0,ids,-0.35637661820816713,0.02843708698680313,2.6666666666666665,-3.942857142857149,0.3333333333333333,-4.7
2025.01.13startup_a,startup_a,20250113,28,5162.0,90,1,ids,0.1790489626255737,-0.16847137238764878,2.6666666666666665,0.22857142857142376,0.3333333333333333,-0.09999999999999971
2025.01.13startup_a,startup_a,20250113,28,1402.0,90,0,ids,-0.4117899183405443,0.07388320572840958,4.0,6.571428571428568,0.42857142857142855,0.7571428571428578
2025.01.13startup_a,startup_a,20250113,28,3575.0,90,0,ids,-0.08740534973481934,-0.0009387391689779917,1.3333333333333333,,0.75,
2025.01.13startup_a,startup_a,20250113,28,1414.0,90,0,ids,-0.2871144243211632,0.049599298132931645,4.0,7.32142857142857,0.42857142857142855,-0.4142857142857143
2025.01.13startup_b,startup_b,20250113,0,114.0,90,1,,0.040664041281913574,0.11343550197378906,4.666666666666667,6.535714285714285,0.5,-0.2678571428571433
2025.01.13startup_b,startup_b,20250113,0,4937.0,90,0,ids,-0.16592212619991212,0.03368774771312531,1.3333333333333333,,0.5,
2025.01.13startup_b,startup_b,20250113,0,3396.0,90,0,ids,-0.3106518644778606,0.14633650750828173,,,,
2025.01.13startup_b,startup_b,20250113,0,3292.0,90,0,ids,-0.176543939759887,0.042239713417220145,5.333333333333333,-1.5333333333333359,0.2222222222222222,0.2916666666666666
2025.01.13startup_b,startup_b,20250113,1,169.0,90,1,,0.1584651109210988,-0.7810337504150424,5.333333333333333,-3.71666666666667,0.5555555555555556,-0.023809523809523715
2025.01.13startup_b,startup_b,20250113,1,5571.0,90,0,ids,0.38157261591036434,-0.44505981762710584,4.0,-1.1547619047619029,0.25,0.7321428571428571
2025.01.13startup_b,startup_b,20250113,1,2562.0,90,0,ids,0.0939138534591922,-0.024846992710542037,,,,
2025.01.13startup_b,startup_b,20250113,1,3022.0,90,0,ids,-0.0446742017480795,0.009550065470587609,1.3333333333333333,12.300000000000006,0.4,
2025.01.13startup_b,startup_b,20250113,2,201.0,90,1,,0.06465093578873873,-0.16143688675751874,7.333333333333333,1.8216783216783212,0.5,-0.2409090909090908
2025.01.13startup_b,startup_b,20250113,2,2439.0,90,0,ids,0.10356248436908623,-0.0026164110514608568,0.0,,0.5,
2025.01.13startup_b,startup_b,20250113,2,5503.0,90,0,ids,-0.08648964507036022,0.3868481849860739,7.333333333333333,2.8181818181818183,0.4166666666666667,0.1
2025.01.13startup_b,startup_b,20250113,2,532.0,90,0,rock_review,0.36078304655383125,-0.11622019845281543,4.666666666666667,-2.976190476190472,0.375,1.3392857142857155
2025.01.13startup_b,startup_b,20250113,3,242.0,90,1,segue,0.07587208711296779,0.04313340605741808,8.666666666666666,-0.2329670329670327,0.21428571428571427,0.1456043956043956
2025.01.13startup_b,startup_b,20250113,3,3282.0,90,0,ids,-0.2064654740502875,0.06377465575915936,4.0,2.6071428571428537,0.2857142857142857,0.6857142857142864
2025.01.13startup_b,startup_b,20250113,3,5605.0,90,0,conclude,-0.31527744255203777,-0.3366209950959935,6.0,0.4818181818181818,0.09090909090909091,0.1757575757575755
2025.01.13startup_b,startup_b,20250113,3,4783.0,90,0,ids,-0.17121855528688845,0.03893270463445581,1.3333333333333333,22.200000000000003,0.6,
2025.01.13startup_b,startup_b,20250113,4,380.0,90,1,scorecard,0.1023700805645461,0.01740362818682011,4.0,1.1785714285714255,0.14285714285714285,0.871428571428572
2025.01.13startup_b,startup_b,20250113,4,2682.0,90,0,ids,0.013253955209379418,-0.13391498809182745,2.0,-3.9999999999999982,0.6,
2025.01.13startup_b,startup_b,20250113,4,2430.0,90,0,ids,-0.16808650940491385,0.013542842618105884,0.0,,0.5,
2025.01.13startup_b,startup_b,20250113,4,1219.0,90,0,todo,-0.17538274073780544,0.06241076812593799,6.666666666666667,3.263636363636364,0.2727272727272727,0.18484848484848462
2025.01.13startup_b,startup_b,20250113,5,408.0,90,1,scorecard,0.4052253371998755,-0.3667102194987973,4.666666666666667,1.6666666666666667,0.5,0.14285714285714293
2025.01.13startup_b,startup_b,20250113,5,3902.0,90,0,ids,0.052151369425168785,0.22330611811976667,4.666666666666667,4.9,0.3333333333333333,-0.7261904761904762
2025.01.13startup_b,startup_b,20250113,5,4886.0,90,0,ids,-0.16747768474943203,0.02241443798687796,2.0,10.800000000000004,0.6,
2025.01.13startup_b,startup_b,20250113,5,1527.0,90,0,todo,-0.03292104365266524,0.10790024930170537,6.0,0.5489510489510496,0.3333333333333333,-0.17272727272727278
2025.01.13startup_b,startup_b,20250113,6,439.0,90,1,scorecard,0.14033468905503035,-0.282055821087807,5.333333333333333,-0.9393939393939406,0.3,-0.1416666666666667
2025.01.13startup_b,startup_b,20250113,6,3432.0,90,0,ids,0.2769790129781338,-0.04046131106853952,0.6666666666666666,,0.5,
2025.01.13startup_b,startup_b,20250113,6,4742.0,90,0,ids,-0.5877934658677868,0.4406509981081808,4.666666666666667,8.38181818181818,0.2,-1.1583333333333339
2025.01.13startup_b,startup_b,20250113,6,5068.0,90,0,ids,0.015102682336153297,-0.06028617152126013,0.6666666666666666,,1.0,
2025.01.13startup_b,startup_b,20250113,7,628.0,90,1,rock_review,-0.11821567878188823,0.030729458320429028,3.3333333333333335,2.4642857142857104,0.5714285714285714,-1.814285714285715
2025.01.13startup_b,startup_b,20250113,7,818.0,90,0,rock_review,0.12963391217565293,-0.041588667128073194,2.6666666666666665,19.3,0.4,
2025.01.13startup_b,startup_b,20250113,7,870.0,90,0,rock_review,-0.007834909246282305,0.018332170521792566,1.3333333333333333,,1.0,
2025.01.13startup_b,startup_b,20250113,7,751.0,90,0,rock_review,-0.2569881452251329,0.20516201397167433,4.0,-6.321428571428572,0.42857142857142855,-0.41428571428571437
2025.01.13startup_b,startup_b,20250113,8,656.0,90,1,rock_review,0.10548539569178819,-0.26653745367769327,6.666666666666667,-0.31468531468531385,0.5,-0.07727272727272709
2025.01.13startup_b,startup_b,20250113,8,793.0,90,0,rock_review,-0.4619878206830348,0.07527810421864994,2.6666666666666665,9.6,0.4,
2025.01.13startup_b,startup_b,20250113,8,851.0,90,0,rock_review,0.44958129310801703,-0.0642323564098793,1.3333333333333333,,1.0,
2025.01.13startup_b,startup_b,20250113,8,807.0,90,0,rock_review,-0.17569732455433454,0.030561495871402795,2.6666666666666665,19.3,0.4,
2025.01.13startup_b,startup_b,20250113,9,977.0,90,1,todo,0.24993416177546893,0.019787202749506596,4.666666666666667,3.3571428571428563,0.25,-0.7678571428571429
2025.01.13startup_b,startup_b,20250113,9,2092.0,90,0,todo,0.42245117250971337,-0.1452185832183731,2.6666666666666665,1.9999999999999993,0.8,
2025.01.13startup_b,startup_b,20250113,9,2048.0,90,0,todo,-0.27430226204078717,0.04405216765650877,0.6666666666666666,,0.5,
2025.01.13startup_b,startup_b,20250113,9,1309.0,90,0,todo,0.06054425757574042,0.08998468828508004,4.666666666666667,6.190476190476189,0.5,0.8392857142857144
2025.01.13startup_b,startup_b,20250113,10,1017.0,90,1,todo,0.020393087220651474,-0.06326723010059829,5.333333333333333,0.7333333333333325,0.4444444444444444,0.4761904761904759
2025.01.13startup_b,startup_b,20250113,10,2054.0,90,0,todo,-0.31028075914743414,0.05826948258120903,0.6666666666666666,,0.5,
2025.01.13startup_b,startup_b,20250113,10,2036.0,90,0,todo,-0.14124170319949278,0.015572686394476858,0.6666666666666666,,0.5,
2025.01.13startup_b,startup_b,20250113,10,2050.0,90,0,todo,-0.29343122615514117,0.048968710995612307,0.6666666666666666,,0.5,
2025.01.13startup_b,startup_b,20250113,11,1123.0,90,1,todo,0.2843927604580109,-0.26734201461467577,6.0,2.909090909090909,0.5,-0.18333333333333351
2025.01.13startup_b,startup_b,20250113,11,1537.0,90,0,todo,-0.03997021210975383,0.03240475513842547,6.0,1.1909090909090914,0.36363636363636365,-0.09393939393939403
2025.01.13startup_b,startup_b,20250113,11,1312.0,90,0,todo,0.027711049763611075,0.0874890226574493,4.666666666666667,6.190476190476189,0.5,0.8392857142857144
2025.01.13startup_b,startup_b,20250113,11,1523.0,90,0,todo,-0.03056423039319335,0.15539678522315287,6.0,0.9440559440559441,0.4166666666666667,-0.2545454545454546
2025.01.13startup_b,startup_b,20250113,12,1423.0,90,1,todo,0.2077456187466232,-0.10404838920238918,1.3333333333333333,,0.5,
2025.01.13startup_b,startup_b,20250113,12,2091.0,90,0,todo,0.3974888714294542,-0.12829233651668057,2.6666666666666665,1.9999999999999993,0.8,
2025.01.13startup_b,startup_b,20250113,12,2031.0,90,0,todo,-0.11303595537074297,0.009962615571586732,0.6666666666666666,,0.5,
2025.01.13startup_b,startup_b,20250113,12,1306.0,90,0,todo,0.08852276594213827,0.07451156389499994,4.666666666666667,6.190476190476189,0.5,0.8392857142857144
2025.01.13startup_b,startup_b,20250113,13,1692.0,90,1,todo,0.3730531668410674,-0.32654312003483654,4.0,-4.050000000000006,0.3333333333333333,1.041666666666665
2025.01.13startup_b,startup_b,20250113,13,2020.0,90,0,todo,-0.0949518868630543,0.015069967627801358,0.6666666666666666,,0.5,
2025.01.13startup_b,startup_b,20250113,13,1215.0,90,0,todo,-0.21928803536669092,0.1275347606192109,6.666666666666667,3.263636363636364,0.2727272727272727,0.18484848484848462
2025.01.13startup_b,startup_b,20250113,13,1536.0,90,0,todo,-0.03829548615073969,0.03542408661162863,6.0,1.1909090909090914,0.36363636363636365,-0.09393939393939403
2025.01.13startup_b,startup_b,20250113,14,1723.0,90,1,todo,0.45283204150069944,-0.5934504159905493,7.333333333333333,-0.72027972027972,0.16666666666666666,-0.1272727272727273
2025.01.13startup_b,startup_b,20250113,14,1555.0,90,0,todo,-0.09577371174304196,0.04594505874159515,4.666666666666667,1.3690476190476215,0.5,0.46428571428571497
2025.01.13startup_b,startup_b,20250113,14,2038.0,90,0,todo,-0.15820015905853088,0.01993490732783566,0.6666666666666666,,0.5,
2025.01.13startup_b,startup_b,20250113,14,1301.0,90,0,todo,0.12773208939838382,0.04797011579784726,4.666666666666667,6.190476190476189,0.5,0.8392857142857144
2025.01.13startup_b,startup_b,20250113,15,1787.0,90,1,todo,-0.17932715283417253,-0.172174306820949,9.333333333333334,-0.3946078431372551,0.11764705882352941,0.24338235294117644
2025.01.13startup_b,startup_b,20250113,15,1312.0,90,0,todo,0.027711049763611075,0.0874890226574493,4.666666666666667,6.190476190476189,0.5,0.8392857142857144
2025.01.13startup_b,startup_b,20250113,15,2008.0,90,0,todo,-0.26394283113720357,0.11666115431620226,2.6666666666666665,32.4,0.4,
2025.01.13startup_b,startup_b,20250113,15,1602.0,90,0,todo,-0.1894698338790146,0.4641340020215066,3.3333333333333335,5.749999999999997,0.7142857142857143,-0.31428571428571417
2025.01.13startup_b,startup_b,20250113,16,1918.0,90,1,todo,0.5161684174378086,-0.4006686584250525,6.666666666666667,-2.048951048951048,0.16666666666666666,0.47272727272727294
2025.01.13startup_b,startup_b,20250113,16,1516.0,90,0,todo,-0.0013594945108061757,0.17452252245666175,5.333333333333333,2.2272727272727266,0.45454545454545453,-0.15757575757575756
2025.01.13startup_b,startup_b,20250113,16,1327.0,90,0,todo,-0.28259142282448035,0.1713271250660581,4.0,6.678571428571427,0.42857142857142855,1.1285714285714286
2025.01.13startup_b,startup_b,20250113,16,2098.0,90,0,todo,0.5643961688354544,-0.2706865455243113,2.6666666666666665,1.9999999999999993,0.8,
2025.01.13startup_b,startup_b,20250113,17,2197.0,90,1,todo,0.09216696657048697,0.21000300527182164,2.6666666666666665,3.199999999999999,0.8333333333333334,-0.3000000000000001
2025.01.13startup_b,startup_b,20250113,17,1325.0,90,0,todo,-0.22530962263255225,0.15889686513451196,4.0,6.678571428571427,0.42857142857142855,1.1285714285714286
2025.01.13startup_b,startup_b,20250113,17,2043.0,90,0,todo,-0.21417367205605023,0.032459025096921855,0.6666666666666666,,0.5,
2025.01.13startup_b,startup_b,20250113,17,1531.0,90,0,todo,-0.03183656983107949,0.05496636862932521,5.333333333333333,-0.08181818181818143,0.36363636363636365,0.003030303030303032
2025.01.13startup_b,startup_b,20250113,18,2316.0,90,1,todo,-0.14106230280750895,0.08512802133400102,12.0,-0.27719298245614005,0.21052631578947367,0.2538699690402476
2025.01.13startup_b,startup_b,20250113,18,1224.0,90,0,todo,-0.10151379775762588,-0.0008519551424065244,6.666666666666667,3.263636363636364,0.2727272727272727,0.18484848484848462
2025.01.13startup_b,startup_b,20250113,18,1522.0,90,0,todo,-0.027373245396940717,0.1644886215239151,6.0,0.9440559440559441,0.4166666666666667,-0.2545454545454546
2025.01.13startup_b,startup_b,20250113,18,2011.0,90,0,todo,-0.21604272548024878,0.06029713391420363,2.0,,0.5,
2025.01.13startup_b,startup_b,20250113,19,3653.0,90,1,ids,0.11473460198998836,-0.24543420356275242,3.3333333333333335,2.057142857142853,0.5,-0.3000000000000004
2025.01.13startup_b,startup_b,20250113,19,4774.0,90,0,ids,-0.2724704540784395,0.1040743238502681,1.3333333333333333,,0.5,
2025.01.13startup_b,startup_b,20250113,19,2554.0,90,0,ids,-0.06676400624709374,0.002575593267834449,,,,
2025.01.13startup_b,startup_b,20250113,19,3177.0,90,0,ids,-0.025111778087505775,0.06805600619073408,3.3333333333333335,13.357142857142856,0.42857142857142855,-0.9285714285714288
2025.01.13startup_b,startup_b,20250113,20,3683.0,90,1,ids,0.14229830134960364,-0.3442284177414891,4.666666666666667,-0.2619047619047605,0.5,0.3035714285714293
2025.01.13startup_b,startup_b,20250113,20,2675.0,90,0,ids,-0.04955389798190675,-0.09167919719845342,2.0,9.200000000000006,0.6,
2025.01.13startup_b,startup_b,20250113,20,2613.0,90,0,ids,0.2795133037378691,-0.10592201718668025,2.6666666666666665,10.0,0.4,
2025.01.13startup_b,startup_b,20250113,20,3068.0,90,0,ids,0.09479866624677388,-0.04707257486914975,2.0,,0.25,
2025.01.13startup_b,startup_b,20250113,21,4040.0,90,1,ids,0.08372512563429758,0.156912996870762,4.0,6.249999999999994,0.2857142857142857,0.41428571428571426
2025.01.13startup_b,startup_b,20250113,21,3240.0,90,0,ids,0.49262947247383826,-0.2560436117278935,4.0,-0.6785714285714387,0.42857142857142855,1.1285714285714292
2025.01.13startup_b,startup_b,20250113,21,3884.0,90,0,ids,-0.12926319720248255,0.2686493708048869,4.0,4.023809523809522,0.25,-1.2142857142857142
2025.01.13startup_b,startup_b,20250113,21,5127.0,90,0,ids,-0.046112745307816116,0.0029015603520189098,2.6666666666666665,7.900000000000001,0.6,
2025.01.13startup_b,startup_b,20250113,22,4082.0,90,1,ids,0.21969360786443423,-0.5858890122200098,5.333333333333333,-5.566666666666674,0.3333333333333333,0.35714285714285704
2025.01.13startup_b,startup_b,20250113,22,5166.0,90,0,ids,-0.44883289921987773,0.16478500561944695,0.6666666666666666,,0.6666666666666666,
2025.01.13startup_b,startup_b,20250113,22,5358.0,90,0,ids,0.6155328533659176,-0.15510649033127968,2.6666666666666665,-1.8000000000000058,0.6666666666666666,-0.44999999999999984
2025.01.13startup_b,startup_b,20250113,22,2833.0,90,0,ids,-0.4300294944136534,0.06106325096351996,0.6666666666666666,,0.6666666666666666,
2025.01.13startup_b,startup_b,20250113,23,4276.0,90,1,ids,0.05707506910753898,0.07233652118989224,1.3333333333333333,,0.5,
2025.01.13startup_b,startup_b,20250113,23,5352.0,90,0,ids,0.5839045017417519,-0.12637698121456034,2.0,-10.9,0.6,
2025.01.13startup_b,startup_b,20250113,23,3388.0,90,0,ids,-0.4013610679971457,0.21041506890468908,0.0,,1.0,
2025.01.13startup_b,startup_b,20250113,23,3230.0,90,0,ids,0.521082388808384,-0.26991668441210204,2.6666666666666665,-11.4,0.4,
2025.01.13startup_b,startup_b,20250113,24,4381.0,90,1,ids,-0.33853202754717754,0.5106874658988495,4.666666666666667,3.23809523809524,0.5,-0.017857142857142357
2025.01.13startup_b,startup_b,20250113,24,3812.0,90,0,ids,0.11107971698828341,-0.0951302778605969,0.6666666666666666,,0.5,
2025.01.13startup_b,startup_b,20250113,24,3252.0,90,0,ids,0.2712182804972548,-0.1326994970721199,4.0,-0.6785714285714387,0.42857142857142855,1.1285714285714292
2025.01.13startup_b,startup_b,20250113,24,2923.0,90,0,ids,0.04781390387109807,-0.03227157538446013,1.3333333333333333,,1.0,
2025.01.13startup_b,startup_b,20250113,25,4437.0,90,1,ids,0.4510419526075946,-1.0016822919410535,8.666666666666666,-0.8527472527472527,0.2857142857142857,0.37637362637362637
2025.01.13startup_b,startup_b,20250113,25,4828.0,90,0,ids,0.35062315073675165,-0.04154645025813957,1.3333333333333333,,1.0,
2025.01.13startup_b,startup_b,20250113,25,5551.0,90,0,ids,0.30140105351337204,-0.23840753130592685,5.333333333333333,1.5666666666666653,0.4444444444444444,-0.14285714285714296
2025.01.13startup_b,startup_b,20250113,25,3924.0,90,0,ids,0.1328147533281822,0.14231503303865026,3.3333333333333335,3.571428571428571,0.42857142857142855,1.3000000000000007
2025.01.13startup_b,startup_b,20250113,26,4634.0,90,1,ids,-0.10053035973305482,-0.09757121362779898,5.333333333333333,0.8499999999999988,0.3333333333333333,0.8511904761904757
2025.01.13startup_b,startup_b,20250113,26,4985.0,90,0,ids,0.5911713708739003,-0.08641454327023826,0.6666666666666666,,0.6666666666666666,
2025.01.13startup_b,startup_b,20250113,26,5496.0,90,0,ids,-0.05229129809513713,0.37494623595996696,7.333333333333333,2.8181818181818183,0.4166666666666667,0.1
2025.01.13startup_b,startup_b,20250113,26,2982.0,90,0,ids,0.13005192858010683,0.03819543995112026,1.3333333333333333,,0.5,
2025.02.10startup_b,startup_b,20250210,0,70.0,90,1,segue,0.21080368117680212,-1.0684756271089484,4.0,0.14285714285714188,0.42857142857142855,-2.8285714285714305
2025.02.10startup_b,startup_b,20250210,0,2744.0,90,0,ids,0.2565854890285423,-0.3175273058236255,0.6666666666666666,,0.5,
2025.02.10startup_b,startup_b,20250210,0,2249.0,90,0,todo,-0.08119246608786918,0.030342378287115293,2.6666666666666665,-14.799999999999992,0.4,
2025.02.10startup_b,startup_b,20250210,0,2661.0,90,0,ids,-0.13996955884004497,0.12081426596255058,2.0,,0.5,
2025.02.10startup_b,startup_b,20250210,1,145.0,90,1,segue,-0.37294814587176434,0.7842260233342296,3.3333333333333335,-0.514285714285714,0.0,-1.2
2025.02.10startup_b,startup_b,20250210,1,1263.0,90,0,todo,-0.4130390160623218,0.10653580515793928,0.6666666666666666,,0.0,
2025.02.10startup_b,startup_b,20250210,1,1212.0,90,0,todo,-0.2661277176748901,0.1451262706118402,1.3333333333333333,,0.3333333333333333,
2025.02.10startup_b,startup_b,20250210,1,2978.0,90,0,ids,0.14093188246767796,-0.18661114505752344,6.0,-0.9696969696969673,0.3,0.11666666666666696
2025.02.10startup_b,startup_b,20250210,2,224.0,90,1,segue,0.4905623894103907,-1.0096198998865307,8.666666666666666,-0.06813186813186851,0.21428571428571427,-0.02197802197802201
2025.02.10startup_b,startup_b,20250210,2,4235.0,90,0,ids,0.18885983682850324,0.08826229992327338,2.6666666666666665,10.6,0.4,
2025.02.10startup_b,startup_b,20250210,2,768.0,90,0,rock_review,0.16982498472057947,-0.2631031255199447,3.3333333333333335,-0.628571428571431,0.3333333333333333,0.4000000000000002
2025.02.10startup_b,startup_b,20250210,2,2164.0,90,0,todo,0.5564733603289292,0.006730746651434665,2.0,,0.5,
2025.02.10startup_b,startup_b,20250210,3,318.0,90,1,segue,-0.09420233501861254,0.40959516588810363,6.0,2.824242424242424,0.3,0.5083333333333335
2025.02.10startup_b,startup_b,20250210,3,3680.0,90,0,ids,-0.030930952583737004,-0.04965128032262291,4.0,-0.8214285714285776,0.2857142857142857,1.7571428571428576
2025.02.10startup_b,startup_b,20250210,3,485.0,90,0,rock_review,0.5341488157976764,0.17602247887684122,6.0,2.690909090909091,0.2727272727272727,0.8000000000000003
2025.02.10startup_b,startup_b,20250210,3,2324.0,90,0,ids,0.027402946178984495,-0.27877874778878214,8.0,0.1923076923076923,0.3076923076923077,0.2867132867132866
2025.02.10startup_b,startup_b,20250210,4,637.0,90,1,rock_review,-0.30784031254829247,0.3132890084633894,6.0,0.40606060606060723,0.4,0.41666666666666696
2025.02.10startup_b,startup_b,20250210,4,505.0,90,0,rock_review,0.47922046542685626,-0.04633239681254415,4.0,-0.8928571428571478,0.42857142857142855,-0.9000000000000004
2025.02.10startup_b,startup_b,20250210,4,805.0,90,0,rock_review,0.4879923788830948,-0.25131459361793873,4.666666666666667,-0.8571428571428579,0.375,-1.6071428571428583
2025.02.10startup_b,startup_b,20250210,4,454.0,90,0,rock_review,0.22993635842410276,-0.030509676108653554,6.0,0.6818181818181824,0.16666666666666666,0.5454545454545454
2025.02.10startup_b,startup_b,20250210,5,1526.0,90,1,todo,0.02136288207830424,0.027742912491927008,5.333333333333333,1.5999999999999994,0.5555555555555556,-1.1428571428571426
2025.02.10startup_b,startup_b,20250210,5,2183.0,90,0,todo,0.48171542642180576,-0.17937730112470182,1.3333333333333333,,0.3333333333333333,
2025.02.10startup_b,startup_b,20250210,5,1843.0,90,0,todo,-0.4030556012288881,0.31033816890866184,4.666666666666667,3.0,0.5,0.5714285714285722
2025.02.10startup_b,startup_b,20250210,5,2241.0,90,0,todo,-0.14810468538446475,0.09514352158009085,2.0,,0.5,
2025.02.10startup_b,startup_b,20250210,6,1959.0,90,1,todo,-0.3847277199645779,0.14775057658566412,1.3333333333333333,,0.5,
2025.02.10startup_b,startup_b,20250210,6,2119.0,90,0,todo,-0.610539600354378,0.527346860999616,7.333333333333333,4.195804195804194,0.5,-0.09090909090909068
2025.02.10startup_b,startup_b,20250210,6,1806.0,90,0,todo,0.22690093590642105,-0.0278880673851815,7.333333333333333,1.0104895104895102,0.4166666666666667,0.16818181818181813
2025.02.10startup_b,startup_b,20250210,6,2163.0,90,0,todo,0.5497855469201858,0.01714852640180838,2.0,,0.5,
2025.02.10startup_b,startup_b,20250210,7,2016.0,90,1,todo,0.8826120259152638,-1.0718277086052592,8.666666666666666,-1.8214285714285703,0.2,0.21428571428571436
2025.02.10startup_b,startup_b,20250210,7,1139.0,90,0,todo,0.3548710284726243,-0.12162974639507505,3.3333333333333335,6.0,0.3333333333333333,-1.6499999999999997
2025.02.10startup_b,startup_b,20250210,7,1816.0,90,0,todo,-0.052856482862232955,0.12393490005369466,7.333333333333333,1.0104895104895102,0.4166666666666667,0.16818181818181813
2025.02.10startup_b,startup_b,20250210,7,990.0,90,0,todo,-0.2884563064563994,0.19304192668269438,3.3333333333333335,4.799999999999998,0.3333333333333333,-11.55
2025.02.10startup_b,startup_b,20250210,8,3201.0,90,1,ids,0.015627846078907628,-0.13592300321580988,4.0,-1.642857142857145,0.2857142857142857,0.6571428571428574
2025.02.10startup_b,startup_b,20250210,8,4307.0,90,0,ids,-0.26309677763185535,0.03133757067851278,,,,
2025.02.10startup_b,startup_b,20250210,8,2681.0,90,0,ids,-0.32350262542597186,0.22168257138579522,1.3333333333333333,,0.3333333333333333,
2025.02.10startup_b,startup_b,20250210,8,5033.0,90,0,ids,0.19955608583182638,-0.15656229026395635,5.333333333333333,-1.1000000000000019,0.4444444444444444,1.1666666666666663
2025.02.10startup_b,startup_b,20250210,9,3236.0,90,1,ids,0.23404475924705193,-0.5123883908825834,8.0,0.5054945054945056,0.15384615384615385,-0.32692307692307687
2025.02.10startup_b,startup_b,20250210,9,3906.0,90,0,ids,-0.4165590509794629,0.19435726771348957,3.3333333333333335,3.4857142857142818,0.5,-0.8000000000000003
2025.02.10startup_b,startup_b,20250210,9,2797.0,90,0,ids,0.7104799427925643,-0.31618793030716275,7.333333333333333,-0.3636363636363634,0.3333333333333333,-0.4454545454545454
2025.02.10startup_b,startup_b,20250210,9,4006.0,90,0,ids,0.023207730176614975,0.07133848520646797,4.666666666666667,4.238095238095238,0.5,0.5535714285714283
2025.02.10startup_b,startup_b,20250210,10,3297.0,90,1,ids,-0.3448843160351693,0.5260626144068508,6.666666666666667,2.279720279720279,0.16666666666666666,-1.5409090909090908
2025.02.10startup_b,startup_b,20250210,10,3052.0,90,0,ids,-0.827568360855685,0.4735132211017208,6.666666666666667,1.4090909090909103,0.25,-0.240909090909091
2025.02.10startup_b,startup_b,20250210,10,2974.0,90,0,ids,0.09263252962425672,-0.1627504977608624,6.0,-0.9696969696969673,0.3,0.11666666666666696
2025.02.10startup_b,startup_b,20250210,10,5031.0,90,0,ids,0.20771631481271746,-0.16319455404949645,4.666666666666667,-0.42857142857142777,0.5,2.0714285714285707
2025.02.10startup_b,startup_b,20250210,11,3355.0,90,1,ids,-0.01669996071865619,-0.26167643254102635,6.666666666666667,-3.045454545454544,0.2727272727272727,0.7424242424242435
2025.02.10startup_b,startup_b,20250210,11,4454.0,90,0,ids,-0.20455196909982276,-0.0002039684487258524,0.0,,1.0,
2025.02.10startup_b,startup_b,20250210,11,4083.0,90,0,ids,-0.6245881980831297,0.20603735459568873,1.3333333333333333,,0.75,
2025.02.10startup_b,startup_b,20250210,11,3679.0,90,0,ids,-0.02534277047092045,-0.06432458438575034,4.0,-0.8214285714285776,0.2857142857142857,1.7571428571428576
2025.02.10startup_b,startup_b,20250210,12,3509.0,90,1,ids,0.9388243545657979,-0.449115860994209,2.6666666666666665,-29.89999999999999,0.6,
2025.02.10startup_b,startup_b,20250210,12,2932.0,90,0,ids,0.15085593353838317,-0.019827976886127027,3.3333333333333335,2.750000000000003,0.42857142857142855,-0.9
2025.02.10startup_b,startup_b,20250210,12,2843.0,90,0,ids,-0.3430898197324733,0.27346823397128084,10.0,0.10735294117647101,0.3125,0.04107142857142866
2025.02.10startup_b,startup_b,20250210,12,4188.0,90,0,ids,0.2621554073976266,-0.16420082071803305,1.3333333333333333,,0.5,
2025.02.10startup_b,startup_b,20250210,13,4568.0,90,1,ids,0.19075612897224278,-0.33239237649471576,2.0,,0.5,
2025.02.10startup_b,startup_b,20250210,13,4856.0,90,0,ids,0.14978534064638943,-0.14313248687274588,7.333333333333333,-0.00699300699300727,0.16666666666666666,0.10909090909090906
2025.02.10startup_b,startup_b,20250210,13,3753.0,90,0,ids,-0.47247202813863504,0.09152979757148637,0.6666666666666666,,0.6666666666666666,
2025.02.10startup_b,startup_b,20250210,13,3645.0,90,0,ids,-0.006508605915897495,0.02829827352583155,4.0,-3.178571428571431,0.42857142857142855,-2.3428571428571434
2025.02.10startup_b,startup_b,20250210,14,4626.0,90,1,ids,0.006306029998646502,-0.07781500300730057,6.0,2.3757575757575764,0.4,-0.20833333333333356
2025.02.10startup_b,startup_b,20250210,14,2844.0,90,0,ids,-0.3748971579463258,0.27701798114845594,10.0,0.10735294117647101,0.3125,0.04107142857142866
2025.02.10startup_b,startup_b,20250210,14,4970.0,90,0,ids,0.030146378707376142,0.04801146778575909,3.3333333333333335,5.6428571428571415,0.5714285714285714,-2.7857142857142865
2025.02.10startup_b,startup_b,20250210,14,4070.0,90,0,ids,-0.7341753701855747,0.16261123353618193,2.0,,0.75,
2025.02.10startup_b,startup_b,20250210,15,4763.0,90,1,ids,-0.45326674662937694,0.13754384997499755,2.0,,0.5,
2025.02.10startup_b,startup_b,20250210,15,4965.0,90,0,ids,-0.0019204781345229834,0.1042345735549008,4.666666666666667,2.449999999999999,0.5555555555555556,-0.9702380952380948
2025.02.10startup_b,startup_b,20250210,15,3640.0,90,0,ids,-0.0363555902746166,0.1445413302265533,3.3333333333333335,-4.000000000000003,0.3333333333333333,-2.899999999999999
2025.02.10startup_b,startup_b,20250210,15,2862.0,90,0,ids,-0.6754065281638415,0.32272900974294244,9.333333333333334,1.4285714285714284,0.3333333333333333,0.11538461538461545
2025.02.10startup_b,startup_b,20250210,16,5151.0,90,1,ids,-0.11357452044942189,-0.14714816488973698,2.0,,0.75,
2025.02.10startup_b,startup_b,20250210,16,2341.0,90,0,ids,-0.17259801163417968,0.18178560024442764,8.666666666666666,0.37582417582417543,0.35714285714285715,0.05494505494505502
2025.02.10startup_b,startup_b,20250210,16,4862.0,90,0,ids,0.042497875451845364,-0.009925030931605416,8.0,0.2527472527472528,0.15384615384615385,0.027972027972028062
2025.02.10startup_b,startup_b,20250210,16,2348.0,90,0,ids,-0.23279595816326068,0.33463325711506114,8.0,1.120879120879121,0.3076923076923077,-0.19230769230769185
2025.02.10startup_b,startup_b,20250210,17,5334.0,90,1,ids,0.10042141606624658,-0.37659074049272573,8.0,-0.4065934065934063,0.46153846153846156,0.06993006993006995
2025.02.10startup_b,startup_b,20250210,17,3698.0,90,0,ids,-0.1278941123991546,0.24999263201977256,3.3333333333333335,1.1999999999999964,0.3333333333333333,2.0999999999999996
2025.02.10startup_b,startup_b,20250210,17,2978.0,90,0,ids,0.14093188246767796,-0.18661114505752344,6.0,-0.9696969696969673,0.3,0.11666666666666696
2025.02.10startup_b,startup_b,20250210,17,5052.0,90,0,ids,0.11255061268858603,-0.024366048213282015,5.333333333333333,1.4499999999999997,0.2222222222222222,0.708333333333333
2025.02.10startup_b,startup_b,20250210,18,5366.0,90,1,ids,0.4791642430271097,-0.3113210006480744,10.0,0.020588235294117692,0.5,0.08392857142857138
2025.02.10startup_b,startup_b,20250210,18,2323.0,90,0,ids,0.049304388498857474,-0.3140775641952283,7.333333333333333,-0.06293706293706212,0.25,0.4499999999999999
2025.02.10startup_b,startup_b,20250210,18,5061.0,90,0,ids,0.01973700756830175,0.011518328292446915,6.0,3.8606060606060604,0.3,-0.12500000000000022
2025.02.10startup_b,startup_b,20250210,18,4373.0,90,0,ids,0.27015375984567747,-0.04403968954366479,,,,
2025.02.24startup_a,startup_a,20250224,0,99.0,90,1,segue,0.15443325384639517,-0.1916740651858911,4.666666666666667,3.071428571428572,0.375,-0.8392857142857141
2025.02.24startup_a,startup_a,20250224,0,302.0,90,0,segue,0.46754722338715604,-0.2983070028861499,3.3333333333333335,-10.085714285714298,0.6666666666666666,-0.09999999999999981
2025.02.24startup_a,startup_a,20250224,0,379.0,90,0,segue,-0.1350858232788026,0.256536632859829,7.333333333333333,2.6118881118881117,0.5,0.13181818181818175
2025.02.24startup_a,startup_a,20250224,0,382.0,90,0,segue,-0.14070546438459858,0.27897951078662464,6.666666666666667,2.4545454545454555,0.5454545454545454,0.2606060606060602
2025.02.24startup_a,startup_a,20250224,1,116.0,90,1,segue,0.2010281328152423,-0.292038722399217,6.0,1.448484848484849,0.3,-1.1583333333333343
2025.02.24startup_a,startup_a,20250224,1,260.0,90,0,segue,0.24587350338510808,0.02176544505483638,0.6666666666666666,,0.6666666666666666,
2025.02.24startup_a,startup_a,20250224,1,261.0,90,0,segue,0.27080906361152385,0.018164210243402954,0.6666666666666666,,0.6666666666666666,
2025.02.24startup_a,startup_a,20250224,1,367.0,90,0,segue,-0.03397469628379562,0.13777088304610513,7.333333333333333,2.6118881118881117,0.5,0.13181818181818175
2025.02.24startup_a,startup_a,20250224,2,136.0,90,1,segue,0.23652382316164636,-0.24375294300773973,5.333333333333333,-0.016666666666667485,0.2222222222222222,-0.4821428571428568
2025.02.24startup_a,startup_a,20250224,2,442.0,90,0,segue,0.1937257086803049,-0.20336329629772742,2.6666666666666665,-5.628571428571424,0.5,2.249999999999999
2025.02.24startup_a,startup_a,20250224,2,370.0,90,0,segue,-0.07162813549968577,0.17572334852737145,7.333333333333333,2.6118881118881117,0.5,0.13181818181818175
2025.02.24startup_a,startup_a,20250224,2,317.0,90,0,segue,0.3607030057284561,-0.43251353461433856,4.0,-1.5000000000000027,0.7142857142857143,0.07142857142857145
2025.02.24startup_a,startup_a,20250224,3,628.0,90,1,segue,0.4923478752337691,0.012523223558448517,2.0,,1.0,
2025.02.24startup_a,startup_a,20250224,3,521.0,90,0,segue,-0.4585359119430795,0.1419192951489142,4.0,-2.3214285714285707,0.5,-0.5892857142857147
2025.02.24startup_a,startup_a,20250224,3,488.0,90,0,segue,-0.3670096752117474,0.057044156900843884,2.6666666666666665,14.599999999999998,0.4,
2025.02.24startup_a,startup_a,20250224,3,529.0,90,0,segue,-0.3572241580433182,0.06967252895175088,4.0,-4.404761904761902,0.375,0.9285714285714288
2025.02.24startup_a,startup_a,20250224,4,781.0,90,1,scorecard,-0.1960157770246775,-0.13217023250905766,6.0,0.24848484848484978,0.4,0.3833333333333335
2025.02.24startup_a,startup_a,20250224,4,879.0,90,0,scorecard,-0.20753888119873012,0.12769115224855263,2.0,,0.75,
2025.02.24startup_a,startup_a,20250224,4,884.0,90,0,scorecard,-0.2055668742378526,0.13156724627612817,2.0,,0.75,
2025.02.24startup_a,startup_a,20250224,4,887.0,90,0,scorecard,-0.21468228500499265,0.13829539920035,2.0,,0.75,
2025.02.24startup_a,startup_a,20250224,5,992.0,90,1,scorecard,0.08008979479482856,-0.07708330072947761,2.6666666666666665,6.400000000000006,0.8,
2025.02.24startup_a,startup_a,20250224,5,875.0,90,0,scorecard,-0.22279492654411767,0.13533958728911794,2.0,,0.75,
2025.02.24startup_a,startup_a,20250224,5,896.0,90,0,scorecard,-0.17357347349300786,0.11158556023667524,0.6666666666666666,,0.5,
2025.02.24startup_a,startup_a,20250224,5,886.0,90,0,scorecard,-0.21216599118706742,0.13616367834511317,2.0,,0.75,
2025.02.24startup_a,startup_a,20250224,6,1045.0,90,1,scorecard,0.2223341907059579,-0.8092481385721372,6.666666666666667,-3.0090909090909075,0.36363636363636365,0.5242424242424243
2025.02.24startup_a,startup_a,20250224,6,887.0,90,0,scorecard,-0.21468228500499265,0.13829539920035,2.0,,0.75,
2025.02.24startup_a,startup_a,20250224,6,898.0,90,0,scorecard,-0.16462541832412356,0.07876125913222265,0.6666666666666666,,0.5,
2025.02.24startup_a,startup_a,20250224,6,883.0,90,0,scorecard,-0.20373831342209928,0.12965155498371134,2.0,,0.75,
2025.02.24startup_a,startup_a,20250224,7,1503.0,90,1,todo,0.18070640156266574,-0.03282558094605524,2.6666666666666665,4.6,0.4,
2025.02.24startup_a,startup_a,20250224,7,1876.0,90,0,todo,-0.39429229937666166,0.11635422057489851,2.0,,0.75,
2025.02.24startup_a,startup_a,20250224,7,1336.0,90,0,todo,-0.07139650754874298,0.06430326609567102,3.3333333333333335,13.107142857142854,0.42857142857142855,-1.3857142857142861
2025.02.24startup_a,startup_a,20250224,7,1413.0,90,0,todo,0.21743388270882372,-0.1663684900446318,2.0,13.0,0.2,
2025.02.24startup_a,startup_a,20250224,8,1546.0,90,1,todo,0.2583456343084309,-0.29284997199457063,5.333333333333333,-0.6333333333333356,0.2222222222222222,-0.31547619047619035
2025.02.24startup_a,startup_a,20250224,8,1205.0,90,0,todo,0.10266043126280683,-0.032883687500456824,2.6666666666666665,8.4,0.6666666666666666,1.1499999999999997
2025.02.24startup_a,startup_a,20250224,8,1336.0,90,0,todo,-0.07139650754874298,0.06430326609567102,3.3333333333333335,13.107142857142854,0.42857142857142855,-1.3857142857142861
2025.02.24startup_a,startup_a,20250224,8,1342.0,90,0,todo,-0.15960356535446107,0.09546689900018589,2.0,11.800000000000004,0.6,
2025.02.24startup_a,startup_a,20250224,9,1699.0,90,1,todo,-0.033312480182103116,0.11520841796855594,6.666666666666667,0.7362637362637368,0.15384615384615385,-0.036713286713286795
2025.02.24startup_a,startup_a,20250224,9,1302.0,90,0,todo,0.42991919330993933,-0.07482315047751531,2.6666666666666665,21.800000000000004,0.4,
2025.02.24startup_a,startup_a,20250224,9,1327.0,90,0,todo,0.07834093550429044,0.027617397566913674,3.3333333333333335,13.107142857142854,0.42857142857142855,-1.3857142857142861
2025.02.24startup_a,startup_a,20250224,9,1281.0,90,0,todo,0.346684283493497,-0.09282876673002319,2.6666666666666665,-1.1428571428571488,0.3333333333333333,-0.350000000000001
2025.02.24startup_a,startup_a,20250224,10,1983.0,90,1,todo,-0.1684169857774529,-0.2371025386204232,2.6666666666666665,-1.9428571428571517,0.6666666666666666,3.0
2025.02.24startup_a,startup_a,20250224,10,1218.0,90,0,todo,0.020066193455092782,-0.04448418718969525,2.0,4.1000000000000005,0.8,
2025.02.24startup_a,startup_a,20250224,10,1860.0,90,0,todo,-0.38556539896727676,0.19220563780034863,2.6666666666666665,19.900000000000002,0.8,
2025.02.24startup_a,startup_a,20250224,10,1408.0,90,0,todo,0.1875964862625572,-0.1926608196135986,2.0,13.0,0.2,
2025.02.24startup_a,startup_a,20250224,11,2295.0,90,1,ids,-0.06303958015928222,-0.03865534536875875,6.666666666666667,4.163636363636363,0.2727272727272727,-0.45151515151515154
2025.02.24startup_a,startup_a,20250224,11,2194.0,90,0,ids,-0.12489887309721165,0.3630525185681762,4.0,9.357142857142856,0.375,-1.1428571428571426
2025.02.24startup_a,startup_a,20250224,11,2916.0,90,0,ids,0.11931094639844898,0.035728101590575344,0.6666666666666666,,0.6666666666666666,
2025.02.24startup_a,startup_a,20250224,11,3584.0,90,0,ids,0.27405536558624416,-0.1028348290801956,3.3333333333333335,-0.5714285714285757,0.6666666666666666,0.6999999999999996
2025.02.24startup_a,startup_a,20250224,12,2354.0,90,1,ids,-0.12964452299177107,-0.23279857112498117,6.666666666666667,2.9545454545454546,0.2727272727272727,0.17575757575757545
2025.02.24startup_a,startup_a,20250224,12,2928.0,90,0,ids,-0.2462308821071408,0.09581679060876905,0.6666666666666666,,0.6666666666666666,
2025.02.24startup_a,startup_a,20250224,12,4888.0,90,0,ids,0.34676934115153124,-0.21864988878547878,3.3333333333333335,0.08571428571428438,0.6666666666666666,0.3000000000000001
2025.02.24startup_a,startup_a,20250224,12,3044.0,90,0,ids,-0.24164951700267193,0.1350716805042846,5.333333333333333,4.250000000000001,0.3333333333333333,-0.589285714285714
2025.02.24startup_a,startup_a,20250224,13,2434.0,90,1,ids,-0.06170754118336865,0.1727797786864448,0.6666666666666666,,0.6666666666666666,
2025.02.24startup_a,startup_a,20250224,13,2815.0,90,0,ids,-0.12782483382490384,0.13766825335048105,4.666666666666667,-1.8095238095238086,0.25,-0.8928571428571428
2025.02.24startup_a,startup_a,20250224,13,4322.0,90,0,ids,-0.4447378209827071,0.0437577597164212,1.3333333333333333,,0.75,
2025.02.24startup_a,startup_a,20250224,13,4886.0,90,0,ids,0.34600951308055344,-0.20905270240799778,2.6666666666666665,4.4,0.8,
2025.02.24startup_a,startup_a,20250224,14,3150.0,90,1,ids,0.20970590010844525,-0.13779854648690845,2.6666666666666665,-7.4999999999999964,0.8,
2025.02.24startup_a,startup_a,20250224,14,4879.0,90,0,ids,0.33187566662772516,-0.18487984323057308,2.6666666666666665,4.4,0.8,
2025.02.24startup_a,startup_a,20250224,14,4808.0,90,0,ids,0.0,2.0964868185876535e-16,,,,
2025.02.24startup_a,startup_a,20250224,14,2984.0,90,0,ids,0.3111090065351896,-0.3190197995154777,0.6666666666666666,,0.5,
2025.02.24startup_a,startup_a,20250224,15,3326.0,90,1,ids,-0.016938214531583957,0.03244588377835091,3.3333333333333335,1.1142857142857128,0.3333333333333333,-3.4499999999999997
2025.02.24startup_a,startup_a,20250224,15,2139.0,90,0,ids,-0.04692898449483434,-0.29448894651376695,4.0,-10.42857142857144,0.42857142857142855,3.0428571428571445
2025.02.24startup_a,startup_a,20250224,15,2689.0,90,0,ids,0.12923068138372054,-0.014482930491933867,2.6666666666666665,4.900000000000004,0.2,
2025.02.24startup_a,startup_a,20250224,15,2928.0,90,0,ids,-0.2462308821071408,0.09581679060876905,0.6666666666666666,,0.6666666666666666,
2025.02.24startup_a,startup_a,20250224,16,3390.0,90,1,ids,0.3025615459555564,-0.699102912267096,6.0,6.569696969696967,0.5,0.9083333333333337
2025.02.24startup_a,startup_a,20250224,16,2669.0,90,0,ids,0.1680668467960962,-0.09397946050715442,2.0,,0.25,
2025.02.24startup_a,startup_a,20250224,16,4902.0,90,0,ids,0.4071937625168468,-0.2172957657573597,5.333333333333333,-1.6166666666666685,0.5555555555555556,0.2440476190476189
2025.02.24startup_a,startup_a,20250224,16,2773.0,90,0,ids,0.2017354218783281,-0.29835931860007864,4.0,2.9285714285714284,0.14285714285714285,-0.6857142857142858
2025.02.24startup_a,startup_a,20250224,17,3725.0,90,1,ids,0.4384337731101777,-0.4098712669282687,2.6666666666666665,2.6000000000000005,0.4,
2025.02.24startup_a,startup_a,20250224,17,4209.0,90,0,ids,-0.0635192285184424,0.12392006112402902,2.0,,0.75,
2025.02.24startup_a,startup_a,20250224,17,2715.0,90,0,ids,-0.10080344281322372,0.061499936760139755,1.3333333333333333,,0.0,
2025.02.24startup_a,startup_a,20250224,17,2177.0,90,0,ids,0.2881937496489891,0.03619693874731133,5.333333333333333,2.1333333333333315,0.3333333333333333,0.6547619047619044
2025.02.24startup_a,startup_a,20250224,18,3769.0,90,1,ids,0.09009749372374846,-0.20803793429376005,6.666666666666667,-1.081818181818181,0.45454545454545453,-0.33636363636363625
2025.02.24startup_a,startup_a,20250224,18,4318.0,90,0,ids,-0.46946513430975,0.043346085186657286,2.0,10.000000000000004,0.8,
2025.02.24startup_a,startup_a,20250224,18,4496.0,90,0,ids,0.07490092667915661,-0.1392298183599721,0.0,,0.5,
2025.02.24startup_a,startup_a,20250224,18,4346.0,90,0,ids,-0.14578026311891093,0.027343983638081923,1.3333333333333333,,0.75,
2025.02.24startup_a,startup_a,20250224,19,3803.0,90,1,ids,0.05794908197642331,-0.35659003168920705,9.333333333333334,-0.5749999999999995,0.3333333333333333,0.16703296703296705
2025.02.24startup_a,startup_a,20250224,19,2690.0,90,0,ids,0.12186662959729684,-0.004446991329280414,2.6666666666666665,4.900000000000004,0.2,
2025.02.24startup_a,startup_a,20250224,19,2123.0,90,0,ids,-0.3796645423809785,0.08248442186003176,2.6666666666666665,-8.499999999999995,0.6,
2025.02.24startup_a,startup_a,20250224,19,2200.0,90,0,ids,-0.18150592858424108,0.3962413846834797,4.0,9.357142857142856,0.375,-1.1428571428571426
2025.02.24startup_a,startup_a,20250224,20,3911.0,90,1,ids,0.21186794260321762,-0.2834578941460617,0.6666666666666666,,0.5,
2025.02.24startup_a,startup_a,20250224,20,3585.0,90,0,ids,0.27324870888420494,-0.10951747758403277,3.3333333333333335,-0.5714285714285757,0.6666666666666666,0.6999999999999996
2025.02.24startup_a,startup_a,20250224,20,4360.0,90,0,ids,-0.028420949963226118,0.01900335124942634,1.3333333333333333,,0.75,
2025.02.24startup_a,startup_a,20250224,20,2959.0,90,0,ids,-0.5335167104059466,0.10642744665806822,0.0,,1.0,
2025.02.24startup_a,startup_a,20250224,21,3954.0,90,1,ids,0.14808810367787706,-0.5714260013776916,4.0,-4.0714285714285765,0.5714285714285714,-0.25714285714285784
2025.02.24startup_a,startup_a,20250224,21,3030.0,90,0,ids,0.2859120231284907,-0.31324180862659456,6.0,-0.11515151515151628,0.4,0.03333333333333326
2025.02.24startup_a,startup_a,20250224,21,2958.0,90,0,ids,-0.5580102192448329,0.11256741611517755,0.0,,1.0,
2025.02.24startup_a,startup_a,20250224,21,4498.0,90,0,ids,0.07222005618081126,-0.1349813629804981,0.0,,0.5,
2025.02.24startup_a,startup_a,20250224,22,4017.0,90,1,ids,0.09173620996004929,-0.1698282154409982,6.666666666666667,0.12727272727272745,0.36363636363636365,-0.3454545454545451
2025.02.24startup_a,startup_a,20250224,22,4477.0,90,0,ids,0.2236944366531848,-0.10879664098207636,0.0,,0.5,
2025.02.24startup_a,startup_a,20250224,22,4782.0,90,0,ids,-0.0022249171853269026,2.0009393148606123e-05,0.0,,1.0,
2025.02.24startup_a,startup_a,20250224,22,2741.0,90,0,ids,-0.008468010586913554,-0.12040795254016319,2.0,,0.0,
2025.02.24startup_a,startup_a,20250224,23,4113.0,90,1,ids,0.1708074970937246,-0.08755429909410664,4.666666666666667,1.2261904761904763,0.375,0.053571428571428874
2025.02.24startup_a,startup_a,20250224,23,4799.0,90,0,ids,0.0,2.0964868185876535e-16,,,,
2025.02.24startup_a,startup_a,20250224,23,4483.0,90,0,ids,0.185838870873365,-0.15652894203869439,,,,
2025.02.24startup_a,startup_a,20250224,23,2603.0,90,0,ids,-0.06978292718121647,0.05618511681741456,2.6666666666666665,-0.39999999999999897,0.4,
2025.02.24startup_a,startup_a,20250224,24,5013.0,90,1,ids,0.22003436322119882,-0.3140198397036712,8.666666666666666,-0.024999999999999866,0.25,0.1375
2025.02.24startup_a,startup_a,20250224,24,2847.0,90,0,ids,-0.373042775064816,0.4376377036122553,3.3333333333333335,-1.000000000000002,0.3333333333333333,9.400000000000002
2025.02.24startup_a,startup_a,20250224,24,4845.0,90,0,ids,0.14872106900819893,-0.055349760780263095,0.6666666666666666,,0.6666666666666666,
2025.02.24startup_a,startup_a,20250224,24,3540.0,90,0,ids,0.26033967607710545,-0.05604221343879511,1.3333333333333333,,1.0,
2025.02.24startup_b,startup_b,20250224,0,73.0,90,1,,-0.3103045031354918,0.35003021369998566,8.666666666666666,2.650549450549451,0.2857142857142857,-0.5302197802197802
2025.02.24startup_b,startup_b,20250224,0,1415.0,90,0,todo,0.049379064160008215,0.002428244060084422,5.333333333333333,2.866666666666667,0.4444444444444444,0.6547619047619047
2025.02.24startup_b,startup_b,20250224,0,3989.0,90,0,ids,-0.2788404524353739,0.1744637948983797,2.6666666666666665,8.37142857142857,0.6666666666666666,-0.7000000000000003
2025.02.24startup_b,startup_b,20250224,0,1467.0,90,0,todo,-0.04095180906371813,-0.02021062598174152,4.666666666666667,3.1309523809523827,0.25,1.3749999999999996
2025.02.24startup_b,startup_b,20250224,1,115.0,90,1,segue,0.39936280129781143,-0.829027044664153,10.666666666666666,-1.8774509803921575,0.35294117647058826,0.3507352941176469
2025.02.24startup_b,startup_b,20250224,1,390.0,90,0,segue,0.14587195547773754,-0.04282687100162836,6.0,3.951515151515152,0.8,-0.1333333333333334
2025.02.24startup_b,startup_b,20250224,1,451.0,90,0,segue,-0.48093846058304346,0.108564625388761,2.6666666666666665,15.600000000000001,0.8,
2025.02.24startup_b,startup_b,20250224,1,415.0,90,0,segue,-0.2409819042440772,0.19276834080401034,4.666666666666667,5.38095238095238,0.75,-0.05357142857142915
2025.02.24startup_b,startup_b,20250224,2,255.0,90,1,segue,0.8856923721138594,-0.26899439234726047,2.0,-1.8000000000000014,0.8,
2025.02.24startup_b,startup_b,20250224,2,447.0,90,0,segue,-0.5207850346914956,0.13013105833415653,3.3333333333333335,14.4,0.6666666666666666,0.5999999999999998
2025.02.24startup_b,startup_b,20250224,2,380.0,90,0,segue,0.2090270577164372,-0.1202357182399342,5.333333333333333,2.0999999999999996,0.7777777777777778,-0.4285714285714286
2025.02.24startup_b,startup_b,20250224,2,433.0,90,0,segue,-0.5042897551644645,0.20921891831843512,5.333333333333333,8.183333333333337,0.6666666666666666,0.41666666666666646
2025.02.24startup_b,startup_b,20250224,3,543.0,90,1,segue,0.34868313214412433,-0.40827367013545357,3.3333333333333335,-8.74285714285715,0.3333333333333333,-0.8000000000000009
2025.02.24startup_b,startup_b,20250224,3,415.0,90,0,segue,-0.2409819042440772,0.19276834080401034,4.666666666666667,5.38095238095238,0.75,-0.05357142857142915
2025.02.24startup_b,startup_b,20250224,3,368.0,90,0,segue,0.21168725640811342,-0.20664530791446373,5.333333333333333,2.0999999999999996,0.7777777777777778,-0.4285714285714286
2025.02.24startup_b,startup_b,20250224,3,425.0,90,0,segue,-0.41950028681615104,0.24829380055451075,5.333333333333333,8.183333333333337,0.6666666666666666,0.41666666666666646
2025.02.24startup_b,startup_b,20250224,4,786.0,90,1,scorecard,-0.28736890016317856,0.3495364026178581,4.666666666666667,3.1636363636363645,0.3,-0.9666666666666669
2025.02.24startup_b,startup_b,20250224,4,1064.0,90,0,scorecard,-0.43745022746533124,0.6414649617202802,6.0,2.163636363636363,0.2,-0.3083333333333338
2025.02.24startup_b,startup_b,20250224,4,638.0,90,0,scorecard,0.23039744127970024,-0.003623737824457126,5.333333333333333,-1.350000000000003,0.3333333333333333,-0.3095238095238093
2025.02.24startup_b,startup_b,20250224,4,645.0,90,0,scorecard,0.236410941949359,-0.08808028282363882,5.333333333333333,-1.5333333333333357,0.2222222222222222,-0.3750000000000001
2025.02.24startup_b,startup_b,20250224,5,966.0,90,1,scorecard,0.2205894994337319,-0.22283632107211282,3.3333333333333335,-7.114285714285718,0.5,1.8500000000000003
2025.02.24startup_b,startup_b,20250224,5,1148.0,90,0,scorecard,0.11734761073859792,0.035504059572930124,2.0,,0.5,
2025.02.24startup_b,startup_b,20250224,5,1091.0,90,0,scorecard,-0.3237698208098379,0.333582689261022,5.333333333333333,7.450000000000001,0.3333333333333333,0.3333333333333332
2025.02.24startup_b,startup_b,20250224,5,675.0,90,0,scorecard,-0.08084615551179798,-0.04118320216142024,5.333333333333333,-0.033333333333334866,0.3333333333333333,0.6904761904761905
2025.02.24startup_b,startup_b,20250224,6,1790.0,90,1,todo,-0.2793544973307966,0.02954621096412387,2.6666666666666665,-4.500000000000001,0.6,
2025.02.24startup_b,startup_b,20250224,6,2119.0,90,0,todo,0.824577219070326,-0.2360629730412137,4.0,2.9404761904761902,0.375,-0.8392857142857142
2025.02.24startup_b,startup_b,20250224,6,1274.0,90,0,todo,-0.1383285601015353,-0.02881512873529995,4.666666666666667,1.845238095238096,0.375,-0.17857142857142938
2025.02.24startup_b,startup_b,20250224,6,1673.0,90,0,todo,0.13218023719006708,-0.05547599732732984,4.0,7.107142857142857,0.7142857142857143,-1.1428571428571426
2025.02.24startup_b,startup_b,20250224,7,1834.0,90,1,todo,0.42324605868162374,-0.7989618299248727,3.3333333333333335,-3.3142857142857167,0.5,1.7000000000000002
2025.02.24startup_b,startup_b,20250224,7,2011.0,90,0,todo,0.20202048139394166,0.014953620034229956,2.0,,0.5,
2025.02.24startup_b,startup_b,20250224,7,2130.0,90,0,todo,0.7555886098717176,-0.257009551651133,4.0,2.9404761904761902,0.375,-0.8392857142857142
2025.02.24startup_b,startup_b,20250224,7,1505.0,90,0,todo,-0.31311204793254427,0.17192262393353672,6.666666666666667,3.327272727272727,0.18181818181818182,0.2939393939393936
2025.02.24startup_b,startup_b,20250224,8,1854.0,90,1,todo,0.3705745365028008,-0.8763503940317123,6.0,-2.4424242424242406,0.5,0.04166666666666678
2025.02.24startup_b,startup_b,20250224,8,1557.0,90,0,todo,-0.13040721861467153,0.13548522787021194,3.3333333333333335,8.678571428571427,0.14285714285714285,-0.9571428571428571
2025.02.24startup_b,startup_b,20250224,8,1229.0,90,0,todo,0.3991359450234276,-0.2605245866859629,4.0,-3.880952380952376,0.5,1.0178571428571466
2025.02.24startup_b,startup_b,20250224,8,2291.0,90,0,todo,-0.3841927328346261,0.49249625932702984,5.333333333333333,4.5166666666666675,0.2222222222222222,0.2619047619047619
2025.02.24startup_b,startup_b,20250224,9,2529.0,90,1,ids,-0.07430227894008806,-0.0985693158289266,4.0,-3.0357142857142874,0.42857142857142855,1.1857142857142864
2025.02.24startup_b,startup_b,20250224,9,4627.0,90,0,ids,-0.007412591185069639,-0.12286984461821618,6.0,4.581818181818181,0.7,-2.4166666666666674
2025.02.24startup_b,startup_b,20250224,9,2336.0,90,0,ids,-0.13006727541789226,0.3388885931591549,3.3333333333333335,17.285714285714285,0.5,-0.09999999999999995
2025.02.24startup_b,startup_b,20250224,9,3006.0,90,0,ids,0.31092046359263753,-0.20726882208666275,3.3333333333333335,7.571428571428571,0.5,-2.299999999999998
2025.02.24startup_b,startup_b,20250224,10,2757.0,90,1,ids,0.45868158182183427,-0.5489220269073855,4.0,-4.428571428571431,0.42857142857142855,-0.34285714285714297
2025.02.24startup_b,startup_b,20250224,10,4805.0,90,0,ids,-0.18114306941039937,0.024877248988592483,1.3333333333333333,,0.5,
2025.02.24startup_b,startup_b,20250224,10,4799.0,90,0,ids,-0.2107411201183877,0.043533734601434414,1.3333333333333333,,0.5,
2025.02.24startup_b,startup_b,20250224,10,3597.0,90,0,ids,0.43525385300484104,-0.10849620159125953,0.6666666666666666,,0.6666666666666666,
2025.02.24startup_b,startup_b,20250224,11,3126.0,90,1,ids,0.0763580151828788,-0.18903264849230397,7.333333333333333,0.7692307692307695,0.5833333333333334,0.4499999999999999
2025.02.24startup_b,startup_b,20250224,11,4733.0,90,0,ids,0.1344338369151,0.02996716664308442,5.333333333333333,6.083333333333334,0.5555555555555556,-0.18452380952380948
2025.02.24startup_b,startup_b,20250224,11,3026.0,90,0,ids,0.11921480507436001,0.09888644550035355,2.0,,0.5,
2025.02.24startup_b,startup_b,20250224,11,4262.0,90,0,ids,-0.30200103454400284,0.328575058231986,4.666666666666667,6.107142857142857,0.5,-1.0178571428571426
2025.02.24startup_b,startup_b,20250224,12,3862.0,90,1,ids,0.025560446956662364,0.11801955070942388,4.0,7.857142857142852,0.42857142857142855,-0.8
2025.02.24startup_b,startup_b,20250224,12,4857.0,90,0,ids,0.2642920946577755,-0.20104163991228408,3.3333333333333335,-5.7500000000000036,0.42857142857142855,-0.2714285714285713
2025.02.24startup_b,startup_b,20250224,12,3452.0,90,0,ids,0.05029865078320756,-0.020216604040906166,1.3333333333333333,,0.75,
2025.02.24startup_b,startup_b,20250224,12,3663.0,90,0,ids,-0.4440130923066371,0.13167608624332977,0.6666666666666666,,0.6666666666666666,
2025.02.24startup_b,startup_b,20250224,13,4138.0,90,1,ids,0.374589037681284,-0.43376712434388215,4.666666666666667,-4.916666666666662,0.75,0.5714285714285718
2025.02.24startup_b,startup_b,20250224,13,2419.0,90,0,ids,0.15446496972536278,-0.024855186535148874,0.6666666666666666,,0.6666666666666666,
2025.02.24startup_b,startup_b,20250224,13,4613.0,90,0,ids,0.08549343035018184,-0.18610909393134112,5.333333333333333,2.8000000000000003,0.5555555555555556,-0.7440476190476186
2025.02.24startup_b,startup_b,20250224,13,4045.0,90,0,ids,-0.18820025229817627,0.0314629026651275,1.3333333333333333,,1.0,
2025.02.24startup_b,startup_b,20250224,14,4420.0,90,1,ids,0.06683263429033758,-0.29792595472718564,2.6666666666666665,-4.499999999999999,0.6,
2025.02.24startup_b,startup_b,20250224,14,3377.0,90,0,ids,-0.3179365239414344,0.2200017703155364,2.0,32.7,0.8,
2025.02.24startup_b,startup_b,20250224,14,4771.0,90,0,ids,-0.04404534648090916,0.06970629339322545,3.3333333333333335,4.107142857142858,0.5714285714285714,-1.3285714285714292
2025.02.24startup_b,startup_b,20250224,14,3020.0,90,0,ids,0.19417949673128984,0.04014234043903814,2.6666666666666665,6.3999999999999995,0.6,
2025.02.24startup_b,startup_b,20250224,15,4502.0,90,1,ids,-0.14561846476503848,0.5058950010336817,6.0,1.2606060606060605,0.4,-0.2083333333333335
2025.02.24startup_b,startup_b,20250224,15,3722.0,90,0,ids,0.5196949232669811,-0.12663854047301196,0.6666666666666666,,0.6666666666666666,
2025.02.24startup_b,startup_b,20250224,15,4296.0,90,0,ids,-0.05433946812247966,0.056992621617446886,1.3333333333333333,,0.6666666666666666,
2025.02.24startup_b,startup_b,20250224,15,4710.0,90,0,ids,0.0070360526265000264,0.054035859696019796,6.666666666666667,-0.5090909090909085,0.7272727272727273,0.7636363636363631
2025.03.02startup_a,startup_a,20250302,0,110.0,90,1,segue,-0.15450771322056864,0.062120330813637374,6.0,2.1393939393939387,0.4,0.37500000000000033
2025.03.02startup_a,startup_a,20250302,0,467.0,90,0,segue,-0.02588909254434035,0.01870341835275352,0.0,,1.0,
2025.03.02startup_a,startup_a,20250302,0,460.0,90,0,segue,-0.1323678138535251,0.041141877865495224,0.0,,1.0,
2025.03.02startup_a,startup_a,20250302,0,466.0,90,0,segue,-0.0397894842434855,0.01954139463106377,0.0,,1.0,
2025.03.02startup_a,startup_a,20250302,1,204.0,90,1,segue,0.1424573549459124,0.0014499124170433855,0.6666666666666666,,1.0,
2025.03.02startup_a,startup_a,20250302,1,474.0,90,0,segue,0.05880920407532664,0.016844826419695386,0.0,,1.0,
2025.03.02startup_a,startup_a,20250302,1,493.0,90,0,segue,0.3135829111180107,-0.02699685492648898,0.6666666666666666,,1.0,
2025.03.02startup_a,startup_a,20250302,1,460.0,90,0,segue,-0.1323678138535251,0.041141877865495224,0.0,,1.0,
2025.03.02startup_a,startup_a,20250302,2,350.0,90,1,segue,-0.06859942725000723,0.06179075102174895,4.0,-1.6785714285714328,0.5714285714285714,-0.45714285714285774
2025.03.02startup_a,startup_a,20250302,2,473.0,90,0,segue,0.046944417501679575,0.017073962812252357,0.0,,1.0,
2025.03.02startup_a,startup_a,20250302,2,448.0,90,0,segue,-0.28580447252004726,0.054276041308189034,0.0,,1.0,
2025.03.02startup_a,startup_a,20250302,2,485.0,90,0,segue,0.21991603251557607,-0.013288087126343369,0.0,,1.0,
2025.03.02startup_a,startup_a,20250302,3,583.0,90,1,segue,-0.1790097506209202,0.03774727419210161,2.6666666666666665,-2.1999999999999984,1.0,
2025.03.02startup_a,startup_a,20250302,3,464.0,90,0,segue,-0.0688734384086986,0.029636286824556577,0.0,,1.0,
2025.03.02startup_a,startup_a,20250302,3,443.0,90,0,segue,-0.3561058307187611,0.07601478772023361,0.0,,1.0,
2025.03.02startup_a,startup_a,20250302,3,460.0,90,0,segue,-0.1323678138535251,0.041141877865495224,0.0,,1.0,
2025.03.02startup_a,startup_a,20250302,4,597.0,90,1,segue,-0.11290149586226829,-0.03610470789616112,2.0,,1.0,
2025.03.02startup_a,startup_a,20250302,4,477.0,90,0,segue,0.10155132866459121,0.015659801815735792,0.0,,1.0,
2025.03.02startup_a,startup_a,20250302,4,461.0,90,0,segue,-0.11692247011538473,0.04149589628161588,0.0,,1.0,
2025.03.02startup_a,startup_a,20250302,4,455.0,90,0,segue,-0.1920353335406798,0.036863937549292444,0.0,,1.0,
2025.03.02startup_a,startup_a,20250302,5,636.0,90,1,segue,0.336205126586865,-0.7954933789060704,5.333333333333333,-2.76666666666667,0.6666666666666666,0.4166666666666664
2025.03.02startup_a,startup_a,20250302,5,481.0,90,0,segue,0.16382090874615243,-0.0054201760329299475,0.0,,1.0,
2025.03.02startup_a,startup_a,20250302,5,460.0,90,0,segue,-0.1323678138535251,0.041141877865495224,0.0,,1.0,
2025.03.02startup_a,startup_a,20250302,5,473.0,90,0,segue,0.046944417501679575,0.017073962812252357,0.0,,1.0,
2025.03.02startup_a,startup_a,20250302,6,659.0,90,1,segue,0.33342628196650426,-0.4813028455535773,6.666666666666667,-0.8999999999999984,0.45454545454545453,0.3515151515151516
2025.03.02startup_a,startup_a,20250302,6,456.0,90,0,segue,-0.1810236006072042,0.0371469915322978,0.0,,1.0,
2025.03.02startup_a,startup_a,20250302,6,440.0,90,0,segue,-0.39364743827778953,0.10948528886799853,0.0,,0.6666666666666666,
2025.03.02startup_a,startup_a,20250302,6,455.0,90,0,segue,-0.1920353335406798,0.036863937549292444,0.0,,1.0,
2025.03.02startup_a,startup_a,20250302,7,853.0,90,1,headlines,0.14520065992793252,0.07782609370498879,2.6666666666666665,8.200000000000001,0.2,
2025.03.02startup_a,startup_a,20250302,7,1266.0,90,0,headlines,0.0019669207669968463,-9.77444073905695e-05,0.6666666666666666,,1.0,
2025.03.02startup_a,startup_a,20250302,7,1201.0,90,0,headlines,0.5328388171885866,-0.03544587310658293,0.6666666666666666,,1.0,
2025.03.02startup_a,startup_a,20250302,7,1400.0,90,0,headlines,-0.14346349674905076,0.03221479958007367,2.0,32.1,0.4,
2025.03.02startup_a,startup_a,20250302,8,923.0,90,1,headlines,0.153591355169202,-0.404500290636622,6.0,-0.03636363636363625,0.2,1.941666666666667
2025.03.02startup_a,startup_a,20250302,8,1196.0,90,0,headlines,0.536000547398648,-0.03601076559327158,0.6666666666666666,,1.0,
2025.03.02startup_a,startup_a,20250302,8,1179.0,90,0,headlines,0.3848419969371507,-0.024042142985180332,0.0,,1.0,
2025.03.02startup_a,startup_a,20250302,8,1305.0,90,0,headlines,-0.07115082182228837,-0.019172374713449437,0.6666666666666666,,1.0,
2025.03.02startup_a,startup_a,20250302,9,1002.0,90,1,headlines,-0.18408036484103188,-0.2657090129327194,8.0,-0.32417582417582436,0.15384615384615385,0.367132867132867
2025.03.02startup_a,startup_a,20250302,9,1412.0,90,0,headlines,-0.12221647136750712,0.030335335511982503,0.0,,1.0,
2025.03.02startup_a,startup_a,20250302,9,1346.0,90,0,headlines,-0.24874729788940952,-0.012901871257642352,2.6666666666666665,30.9,0.4,
2025.03.02startup_a,startup_a,20250302,9,1220.0,90,0,headlines,0.2100603630388931,-0.013179775366452496,0.6666666666666666,,1.0,
2025.03.02startup_a,startup_a,20250302,10,1026.0,90,1,headlines,-0.06952546948513363,0.05556759864929585,6.666666666666667,3.4272727272727272,0.2727272727272727,-0.939393939393939
2025.03.02startup_a,startup_a,20250302,10,1471.0,90,0,headlines,0.0,2.0964868185876535e-16,0.0,,1.0,
2025.03.02startup_a,startup_a,20250302,10,753.0,90,0,headlines,-0.0810383718208184,-0.17445801801489438,3.3333333333333335,-6.428571428571436,0.3333333333333333,2.5
2025.03.02startup_a,startup_a,20250302,10,754.0,90,0,headlines,-0.07113768428650423,-0.1859168309817558,3.3333333333333335,-6.428571428571436,0.3333333333333333,2.5
2025.03.02startup_a,startup_a,20250302,11,1778.0,90,1,todo,0.30525566134859716,-0.4696578681390522,4.0,1.3571428571428568,0.42857142857142855,-2.385714285714288
2025.03.02startup_a,startup_a,20250302,11,2053.0,90,0,todo,-0.16864716769029212,0.1924954826677326,6.0,3.1454545454545446,0.4,0.29166666666666674
2025.03.02startup_a,startup_a,20250302,11,2228.0,90,0,todo,-0.028841114039496508,0.0143476884702376,6.0,1.1575757575757588,0.3,-0.09166666666666665
2025.03.02startup_a,startup_a,20250302,11,1971.0,90,0,todo,-0.1027959087097645,-0.015776790359377617,0.6666666666666666,,0.6666666666666666,
2025.03.02startup_a,startup_a,20250302,12,1798.0,90,1,todo,-0.09545187623872745,-0.3865514278600982,4.666666666666667,1.6071428571428577,0.375,-1.5
2025.03.02startup_a,startup_a,20250302,12,1656.0,90,0,todo,-0.4717742463808063,0.06205467778940172,1.3333333333333333,,0.5,
2025.03.02startup_a,startup_a,20250302,12,2297.0,90,0,todo,-0.5061912709798359,0.29003609030696437,1.3333333333333333,,0.6666666666666666,
2025.03.02startup_a,startup_a,20250302,12,2045.0,90,0,todo,-0.10401794750770299,0.11846559082024688,7.333333333333333,1.587412587412587,0.4166666666666667,-0.013636363636363715
2025.03.02startup_a,startup_a,20250302,13,1866.0,90,1,todo,0.0023710207212581723,0.24299899952454912,4.0,-1.1428571428571423,0.625,0.1071428571428564
2025.03.02startup_a,startup_a,20250302,13,1665.0,90,0,todo,-0.5611437963683319,0.08489991267125124,0.0,,0.5,
2025.03.02startup_a,startup_a,20250302,13,2223.0,90,0,todo,0.0004449836488535109,0.02100139065024182,6.0,1.1575757575757588,0.3,-0.09166666666666665
2025.03.02startup_a,startup_a,20250302,13,2388.0,90,0,todo,-0.08395026965603414,-0.09507740419857547,0.6666666666666666,,0.3333333333333333,
2025.03.02startup_a,startup_a,20250302,14,2579.0,90,1,ids,-0.043644761503169864,0.29623065380412533,4.0,3.607142857142855,0.2857142857142857,2.2571428571428576
2025.03.02startup_a,startup_a,20250302,14,4204.0,90,0,ids,-0.08542635891658738,0.021399631208004137,0.0,,1.0,
2025.03.02startup_a,startup_a,20250302,14,3517.0,90,0,ids,0.40609652727945145,-0.098903877675448,1.3333333333333333,,0.6666666666666666,
2025.03.02startup_a,startup_a,20250302,14,3316.0,90,0,ids,-0.09275791533230152,0.04380544500171221,4.0,1.1071428571428545,0.8571428571428571,-0.014285714285714556
2025.03.02startup_a,startup_a,20250302,15,2797.0,90,1,ids,0.6303150200817621,-0.39504293976856414,4.0,-0.9642857142857123,0.14285714285714285,0.12857142857142867
2025.03.02startup_a,startup_a,20250302,15,4560.0,90,0,ids,-0.12567715891141554,0.015221604658858752,2.0,11.899999999999999,0.4,
2025.03.02startup_a,startup_a,20250302,15,3481.0,90,0,ids,-0.4507260627493831,0.2676323502939164,1.3333333333333333,,0.75,
2025.03.02startup_a,startup_a,20250302,15,3824.0,90,0,ids,-0.16576629639641396,0.13111244083574916,0.6666666666666666,,0.5,
2025.03.02startup_a,startup_a,20250302,16,3160.0,90,1,ids,0.7510706899797672,-0.5133799011516699,2.0,-11.599999999999998,0.4,
2025.03.02startup_a,startup_a,20250302,16,3944.0,90,0,ids,-0.39280259115727173,0.0491331029391575,0.6666666666666666,,0.5,
2025.03.02startup_a,startup_a,20250302,16,3844.0,90,0,ids,-0.008326532123232252,0.11450546064043911,1.3333333333333333,,0.3333333333333333,
2025.03.02startup_a,startup_a,20250302,16,3759.0,90,0,ids,0.13422013419340253,-0.044452232195503046,3.3333333333333335,2.885714285714286,0.3333333333333333,-0.25000000000000006
2025.03.02startup_a,startup_a,20250302,17,4426.0,90,1,ids,0.5188406359866424,-0.5910818288503149,3.3333333333333335,0.37142857142856966,0.5,0.7999999999999999
2025.03.02startup_a,startup_a,20250302,17,4001.0,90,0,ids,0.030273907673327192,-0.019871780119815805,,,,
2025.03.02startup_a,startup_a,20250302,17,3696.0,90,0,ids,0.05859148054308405,0.1232436368205658,4.0,10.321428571428571,0.42857142857142855,1.314285714285715
2025.03.02startup_a,startup_a,20250302,17,4116.0,90,0,ids,-0.361444276551434,0.35847340685160867,1.3333333333333333,,0.3333333333333333,
2025.03.02startup_a,startup_a,20250302,18,4461.0,90,1,ids,0.243911950270091,-0.08845548589542508,6.0,-0.03636363636363525,0.4,0.033333333333333305
2025.03.02startup_a,startup_a,20250302,18,3363.0,90,0,ids,-0.024082941077853172,-0.008895364019387588,3.3333333333333335,1.5142857142857122,0.8333333333333334,2.5500000000000007
2025.03.02startup_a,startup_a,20250302,18,3462.0,90,0,ids,-0.7155457380183747,0.35728203207023873,2.0,,0.5,
2025.03.02startup_a,startup_a,20250302,18,3458.0,90,0,ids,-0.6884519554097756,0.343563234004791,2.0,,0.5,
2025.03.02startup_a,startup_a,20250302,19,4895.0,90,1,ids,0.3678529969154528,-0.25085525873717995,2.6666666666666665,-9.200000000000003,0.8,
2025.03.02startup_a,startup_a,20250302,19,3051.0,90,0,ids,-0.3597166421254975,0.31625515606723925,3.3333333333333335,11.178571428571425,0.2857142857142857,2.5000000000000004
2025.03.02startup_a,startup_a,20250302,19,3450.0,90,0,ids,-0.5856731361531416,0.2708838983532302,2.0,,0.5,
2025.03.02startup_a,startup_a,20250302,19,3701.0,90,0,ids,0.14277865636738885,0.07507641565759533,4.0,10.321428571428571,0.42857142857142855,1.314285714285715
2025.03.02startup_a,startup_a,20250302,20,4953.0,90,1,ids,0.10581814798907914,-0.36992642609911636,6.666666666666667,0.8454545454545462,0.8181818181818182,-0.44848484848484865
2025.03.02startup_a,startup_a,20250302,20,3699.0,90,0,ids,0.11051571665346785,0.09434983018011346,4.0,10.321428571428571,0.42857142857142855,1.314285714285715
2025.03.02startup_a,startup_a,20250302,20,4770.0,90,0,ids,0.0009726165995404814,-0.007219469871681739,1.3333333333333333,2.900000000000004,0.6,
2025.03.02startup_a,startup_a,20250302,20,4265.0,90,0,ids,0.0,2.0964868185876535e-16,0.0,,1.0,
2025.03.02startup_a,startup_a,20250302,21,5007.0,90,1,ids,-0.21513814834921757,0.49519700286434115,4.666666666666667,4.428571428571427,0.875,-0.19642857142857176
2025.03.02startup_a,startup_a,20250302,21,2674.0,90,0,ids,-0.3322993207059679,0.39501275881333586,3.3333333333333335,-0.9142857142857154,0.0,1.1500000000000004
2025.03.02startup_a,startup_a,20250302,21,4246.0,90,0,ids,-0.03320416059691862,0.017925929437565144,0.0,,1.0,
2025.03.02startup_a,startup_a,20250302,21,4237.0,90,0,ids,-0.05719913141683107,0.021974767451202467,0.0,,1.0,
2025.03.02startup_a,startup_a,20250302,22,5127.0,90,1,ids,-0.6040138427778345,0.5649646354769862,5.333333333333333,5.850000000000001,0.3333333333333333,-0.25000000000000006
2025.03.02startup_a,startup_a,20250302,22,2688.0,90,0,ids,-0.43054034565554994,0.4821513736463208,3.3333333333333335,-0.9142857142857154,0.0,1.1500000000000004
2025.03.02startup_a,startup_a,20250302,22,4197.0,90,0,ids,-0.08689287500970162,0.034557911951512525,0.0,,1.0,
2025.03.02startup_a,startup_a,20250302,22,3591.0,90,0,ids,0.1745695649260222,-0.21849270445826427,2.0,,0.75,
2025.03.02startup_a,startup_a,20250302,23,5176.0,90,1,ids,0.27582424473601885,-0.8781971860923347,5.333333333333333,0.03333333333333261,0.1111111111111111,-0.9166666666666662
2025.03.02startup_a,startup_a,20250302,23,3945.0,90,0,ids,-0.3961139781510149,0.0476426043710118,0.6666666666666666,,0.5,
2025.03.02startup_a,startup_a,20250302,23,3777.0,90,0,ids,0.061632617605720544,-0.00800934582965567,3.3333333333333335,0.9999999999999942,0.3333333333333333,3.5
2025.03.02startup_a,startup_a,20250302,23,3857.0,90,0,ids,0.10884704029768105,0.07285345682759774,1.3333333333333333,,0.3333333333333333,
2025.03.17startup_a,startup_a,20250317,0,80.0,90,1,segue,0.2609169962078059,-0.015008235634031326,8.0,-0.3516483516483515,0.15384615384615385,0.2797202797202795
2025.03.17startup_a,startup_a,20250317,0,690.0,90,0,rock_review,-0.32447863661157367,0.0394127252357821,1.3333333333333333,,0.25,
2025.03.17startup_a,startup_a,20250317,0,792.0,90,0,rock_review,0.09875257307502548,-0.016494264702718517,0.6666666666666666,,0.6666666666666666,
2025.03.17startup_a,startup_a,20250317,0,1460.0,90,0,todo,0.24134783475168373,0.03308241943323751,2.6666666666666665,23.3,0.4,
2025.03.17startup_a,startup_a,20250317,1,151.0,90,1,segue,-0.5014042934327505,0.44137152306619,4.666666666666667,9.357142857142854,0.5,-0.14285714285714263
2025.03.17startup_a,startup_a,20250317,1,1731.0,90,0,todo,-0.5756400313980754,0.6462031674031968,3.3333333333333335,10.5,0.5714285714285714,-2.757142857142858
2025.03.17startup_a,startup_a,20250317,1,4516.0,90,0,ids,-0.0024848566717791897,-0.20122650404925632,6.666666666666667,1.672727272727274,0.45454545454545453,0.012121212121212097
2025.03.17startup_a,startup_a,20250317,1,738.0,90,0,rock_review,-0.07571335959030959,0.030379418475672618,0.6666666666666666,,0.6666666666666666,
2025.03.17startup_a,startup_a,20250317,2,199.0,90,1,segue,0.4612914782395767,-0.8820863332311862,7.333333333333333,-2.657342657342654,0.3333333333333333,0.0863636363636366
2025.03.17startup_a,startup_a,20250317,2,782.0,90,0,rock_review,0.037244406557089355,-0.0070716539896528065,0.0,,0.5,
2025.03.17startup_a,startup_a,20250317,2,3314.0,90,0,ids,-0.16346409403659748,-0.053484323359255646,4.0,4.142857142857142,0.42857142857142855,-1.1000000000000003
2025.03.17startup_a,startup_a,20250317,2,2847.0,90,0,ids,0.4686572578137307,-0.12143837231600033,0.0,,1.0,
2025.03.17startup_a,startup_a,20250317,3,228.0,90,1,segue,0.3507689767380439,-0.40470604525144654,11.333333333333334,0.5583075335397317,0.16666666666666666,0.003676470588235301
2025.03.17startup_a,startup_a,20250317,3,1904.0,90,0,todo,-0.0048094337034421605,0.14245578136492254,4.0,8.892857142857139,0.5714285714285714,-0.057142857142856884
2025.03.17startup_a,startup_a,20250317,3,3044.0,90,0,ids,0.3108016473326854,-0.3151834935210574,1.3333333333333333,,0.3333333333333333,
2025.03.17startup_a,startup_a,20250317,3,2973.0,90,0,ids,-0.2853160400584084,0.045634941081031256,2.6666666666666665,17.700000000000003,0.8,
2025.03.17startup_a,startup_a,20250317,4,469.0,90,1,scorecard,0.4429963714135977,-0.20168761830047166,4.0,0.321428571428568,0.5714285714285714,1.1857142857142862
2025.03.17startup_a,startup_a,20250317,4,353.0,90,0,scorecard,-0.234578621177672,0.050028329453775375,1.3333333333333333,,0.6666666666666666,
2025.03.17startup_a,startup_a,20250317,4,371.0,90,0,scorecard,-0.32730220839418894,0.0112248262487051,1.3333333333333333,,0.6666666666666666,
2025.03.17startup_a,startup_a,20250317,4,362.0,90,0,scorecard,-0.29296902813381975,0.046754769028975296,1.3333333333333333,,0.6666666666666666,
2025.03.17startup_a,startup_a,20250317,5,485.0,90,1,rock_review,0.49081471185236364,-0.21712356655809653,4.666666666666667,-0.21428571428571294,0.5,1.660714285714286
2025.03.17startup_a,startup_a,20250317,5,763.0,90,0,rock_review,-0.08853780153296903,0.027792533032301874,0.6666666666666666,,0.6666666666666666,
2025.03.17startup_a,startup_a,20250317,5,857.0,90,0,rock_review,0.3045475269181824,-0.05602587804656281,1.3333333333333333,,1.0,
2025.03.17startup_a,startup_a,20250317,5,796.0,90,0,rock_review,0.13534203387456148,-0.028061252719841192,0.6666666666666666,,0.6666666666666666,
2025.03.17startup_a,startup_a,20250317,6,598.0,90,1,rock_review,0.20795544302332294,0.07693975740127611,4.666666666666667,3.0714285714285707,0.5,-0.48214285714285754
2025.03.17startup_a,startup_a,20250317,6,726.0,90,0,rock_review,-0.009040436876617791,0.005182400051723549,1.3333333333333333,,0.5,
2025.03.17startup_a,startup_a,20250317,6,721.0,90,0,rock_review,-0.008673985526596775,-0.004196501044374782,1.3333333333333333,,0.5,
2025.03.17startup_a,startup_a,20250317,6,851.0,90,0,rock_review,0.3452040205895784,-0.06733129386223224,2.0,,0.75,
2025.03.17startup_a,startup_a,20250317,7,1056.0,90,1,headlines,0.44848762103266776,-0.24160064365810538,2.6666666666666665,-6.1999999999999975,0.4,
2025.03.17startup_a,startup_a,20250317,7,940.0,90,0,headlines,-0.4748569609042012,0.06415504421824145,0.0,,1.0,
2025.03.17startup_a,startup_a,20250317,7,919.0,90,0,headlines,-0.3980548197145275,0.09164566885254065,,,,
2025.03.17startup_a,startup_a,20250317,7,946.0,90,0,headlines,-0.4621794837630806,0.041489434437054995,0.0,,1.0,
2025.03.17startup_a,startup_a,20250317,8,1173.0,90,1,headlines,-0.16228705404211136,0.06927432429831769,,,,
2025.03.17startup_a,startup_a,20250317,8,938.0,90,0,headlines,-0.474329737798412,0.0705327356254318,0.0,,1.0,
2025.03.17startup_a,startup_a,20250317,8,876.0,90,0,headlines,0.16360590461303254,0.0031647605454408903,2.0,,1.0,
2025.03.17startup_a,startup_a,20250317,8,916.0,90,0,headlines,-0.36762411569795944,0.09027652767722626,0.6666666666666666,,1.0,
2025.03.17startup_a,startup_a,20250317,9,1610.0,90,1,todo,-0.0262079656952581,-0.2667385517959682,4.0,-4.750000000000001,0.42857142857142855,1.2714285714285718
2025.03.17startup_a,startup_a,20250317,9,1475.0,90,0,todo,0.3379360327051331,-0.026127906869452867,1.3333333333333333,,0.6666666666666666,
2025.03.17startup_a,startup_a,20250317,9,1810.0,90,0,todo,0.3356953983765115,-0.2466004989541125,4.666666666666667,-0.9880952380952371,0.375,-0.6964285714285716
2025.03.17startup_a,startup_a,20250317,9,1877.0,90,0,todo,0.03586986884388053,0.071850872055557,4.666666666666667,6.333333333333331,0.375,-1.3035714285714277
2025.03.17startup_a,startup_a,20250317,10,1641.0,90,1,todo,0.1603709981183206,-0.46915116282244634,5.333333333333333,-0.283333333333335,0.4444444444444444,-0.5119047619047619
2025.03.17startup_a,startup_a,20250317,10,1807.0,90,0,todo,0.35904176268776605,-0.28963078055922037,4.666666666666667,-0.9880952380952371,0.375,-0.6964285714285716
2025.03.17startup_a,startup_a,20250317,10,1354.0,90,0,todo,0.010283714916866308,0.20288642645268443,4.666666666666667,5.202380952380951,0.5,-0.17857142857142902
2025.03.17startup_a,startup_a,20250317,10,1869.0,90,0,todo,0.026312190898681885,0.05556526543711141,4.666666666666667,-0.6428571428571402,0.375,-1.0892857142857126
2025.03.17startup_a,startup_a,20250317,11,1998.0,90,1,todo,-0.005587444861010895,-0.027308626488047563,4.666666666666667,2.3690476190476177,0.25,0.2142857142857142
2025.03.17startup_a,startup_a,20250317,11,1889.0,90,0,todo,0.04493223073605381,0.08267790148119811,4.666666666666667,6.333333333333331,0.375,-1.3035714285714277
2025.03.17startup_a,startup_a,20250317,11,1457.0,90,0,todo,0.19023487078260679,0.05625019033844573,2.6666666666666665,23.3,0.4,
2025.03.17startup_a,startup_a,20250317,11,1499.0,90,0,todo,0.20964338833317825,-0.07773169449371586,0.6666666666666666,,1.0,
2025.03.17startup_a,startup_a,20250317,12,2130.0,90,1,ids,0.07399852667642028,-0.10773307237642185,3.3333333333333335,-5.028571428571433,0.6666666666666666,-3.149999999999997
2025.03.17startup_a,startup_a,20250317,12,3026.0,90,0,ids,0.0021798018578925724,-0.043313175764593724,2.0,,0.5,
2025.03.17startup_a,startup_a,20250317,12,4080.0,90,0,ids,-0.3490280739541732,0.25710120978879,2.0,22.0,0.6,
2025.03.17startup_a,startup_a,20250317,12,4100.0,90,0,ids,-0.095078569662138,0.1997029338210183,1.3333333333333333,12.300000000000002,0.6,
2025.03.17startup_a,startup_a,20250317,13,2274.0,90,1,ids,-0.04579393074023667,0.09028628036381248,5.333333333333333,0.5499999999999989,0.6666666666666666,-1.0952380952380951
2025.03.17startup_a,startup_a,20250317,13,4826.0,90,0,ids,-0.14989832310106707,0.029275073077649486,6.0,3.736363636363637,0.5454545454545454,-0.36969696969696975
2025.03.17startup_a,startup_a,20250317,13,2795.0,90,0,ids,0.0,2.0964868185876535e-16,0.0,,1.0,
2025.03.17startup_a,startup_a,20250317,13,4305.0,90,0,ids,-0.05480115385897671,0.014874157995261938,1.3333333333333333,,0.3333333333333333,
2025.03.17startup_a,startup_a,20250317,14,2507.0,90,1,ids,0.15983254876082598,-0.034711173768662236,,,,
2025.03.17startup_a,startup_a,20250317,14,2839.0,90,0,ids,0.3821468645659658,-0.06304616449331019,0.0,,1.0,
2025.03.17startup_a,startup_a,20250317,14,4201.0,90,0,ids,0.00227825079266331,0.03481659626700891,4.0,11.035714285714283,0.5714285714285714,-0.5857142857142855
2025.03.17startup_a,startup_a,20250317,14,2634.0,90,0,ids,-0.08087356738917983,0.05498015046306731,6.666666666666667,0.8909090909090918,0.45454545454545453,0.4878787878787876
2025.03.17startup_a,startup_a,20250317,15,3173.0,90,1,ids,-0.020663711536633964,-0.22103385089973138,2.0,,0.5,
2025.03.17startup_a,startup_a,20250317,15,4465.0,90,0,ids,0.08255536892895306,-0.17843503718616802,2.6666666666666665,0.057142857142855455,0.6666666666666666,2.2500000000000004
2025.03.17startup_a,startup_a,20250317,15,2808.0,90,0,ids,0.0328703892094149,-0.001804024001052924,0.0,,1.0,
2025.03.17startup_a,startup_a,20250317,15,4266.0,90,0,ids,0.07621550919511054,-0.012792259338532279,1.3333333333333333,,0.5,
2025.03.17startup_a,startup_a,20250317,16,3497.0,90,1,ids,0.01292735065193519,0.08942430543770424,0.6666666666666666,,0.3333333333333333,
2025.03.17startup_a,startup_a,20250317,16,4177.0,90,0,ids,0.07425507118651214,-0.18480116972104388,4.0,-1.7142857142857135,0.5714285714285714,-0.4571428571428566
2025.03.17startup_a,startup_a,20250317,16,4309.0,90,0,ids,-0.1368431976547562,0.031935887602649475,1.3333333333333333,,0.5,
2025.03.17startup_a,startup_a,20250317,16,4602.0,90,0,ids,-0.12144415842471949,0.1866286108045722,6.0,3.8303030303030288,0.4,-0.06666666666666701
2025.03.17startup_a,startup_a,20250317,17,3559.0,90,1,ids,-0.012372852448433757,-0.5408806902533962,4.0,-6.035714285714291,0.2857142857142857,-0.07142857142857065
2025.03.17startup_a,startup_a,20250317,17,4608.0,90,0,ids,-0.2223708704261949,0.2526185871481153,6.0,3.8303030303030288,0.4,-0.06666666666666701
2025.03.17startup_a,startup_a,20250317,17,4847.0,90,0,ids,-0.03288592246633523,-0.054820352072564776,4.0,4.142857142857138,0.7142857142857143,-0.5142857142857142
2025.03.17startup_a,startup_a,20250317,17,4895.0,90,0,ids,0.11494232068355834,-0.0019898053274132322,4.0,9.678571428571423,0.7142857142857143,-0.09999999999999942
2025.03.17startup_a,startup_a,20250317,18,3646.0,90,1,ids,-0.1197819390353941,0.18802360293240725,4.666666666666667,3.035714285714287,0.5,-0.37500000000000056
2025.03.17startup_a,startup_a,20250317,18,2738.0,90,0,ids,-0.05430886993479437,0.026511802238908443,0.0,,1.0,
2025.03.17startup_a,startup_a,20250317,18,4909.0,90,0,ids,0.06774301093899117,0.06292874596999248,2.6666666666666665,11.1,0.6,
2025.03.17startup_a,startup_a,20250317,18,4177.0,90,0,ids,0.07425507118651214,-0.18480116972104388,4.0,-1.7142857142857135,0.5714285714285714,-0.4571428571428566
2025.03.17startup_a,startup_a,20250317,19,3708.0,90,1,ids,0.36547820475417453,-0.7678482092429875,6.0,-1.090909090909092,0.2,0.2833333333333335
2025.03.17startup_a,startup_a,20250317,19,3946.0,90,0,ids,-0.3559237938467827,0.2631267730416442,5.333333333333333,6.72121212121212,1.0,0.2750000000000004
2025.03.17startup_a,startup_a,20250317,19,2629.0,90,0,ids,-0.10624324521429059,0.07820087109765783,6.666666666666667,0.8909090909090918,0.45454545454545453,0.4878787878787876
2025.03.17startup_a,startup_a,20250317,19,4026.0,90,0,ids,0.4108938661618717,-0.24907016320419714,2.0,-7.200000000000003,0.6,
2025.03.17startup_a,startup_a,20250317,20,4710.0,90,1,ids,0.29123147326959253,-0.25822648654019026,4.666666666666667,2.7499999999999987,0.375,-1.4464285714285716
2025.03.17startup_a,startup_a,20250317,20,3819.0,90,0,ids,-0.2568683334917434,0.24385566146693866,7.333333333333333,2.2937062937062938,0.3333333333333333,0.21818181818181817
2025.03.17startup_a,startup_a,20250317,20,2831.0,90,0,ids,0.28647143874691006,-0.038330102515115164,0.0,,1.0,
2025.03.17startup_a,startup_a,20250317,20,3043.0,90,0,ids,0.2953475663643687,-0.3052599287493495,1.3333333333333333,,0.3333333333333333,
2025.03.17startup_a,startup_a,20250317,21,4727.0,90,1,ids,0.2456439798186251,-0.28565106765903825,6.0,2.448484848484849,0.5,-0.06666666666666664
2025.03.17startup_a,startup_a,20250317,21,4491.0,90,0,ids,0.1292677353225627,-0.13224748264621203,5.333333333333333,1.0666666666666658,0.4444444444444444,0.14285714285714268
2025.03.17startup_a,startup_a,20250317,21,4613.0,90,0,ids,-0.29708813837579967,0.3204516270615006,5.333333333333333,5.8,0.4444444444444444,-0.7857142857142853
2025.03.17startup_a,startup_a,20250317,21,4971.0,90,0,ids,-0.4369209100380712,0.13997998422240115,0.0,,1.0,
2025.03.17startup_a,startup_a,20250317,22,5067.0,90,1,ids,0.29987962380305533,-0.10713428384947146,,,,
2025.03.17startup_a,startup_a,20250317,22,4570.0,90,0,ids,0.1469258424625537,-0.1014468032192022,6.666666666666667,-0.6181818181818177,0.36363636363636365,-0.06060606060606084
2025.03.17startup_a,startup_a,20250317,22,4157.0,90,0,ids,0.1833726423393209,-0.16169978496030715,3.3333333333333335,0.28571428571428176,0.5,1.8
2025.03.17startup_a,startup_a,20250317,22,3283.0,90,0,ids,0.02028005524288628,0.029380850255541296,3.3333333333333335,10.857142857142858,0.6666666666666666,2.3000000000000003
2025.03.17startup_a,startup_a,20250317,23,5112.0,90,1,conclude,0.5892922301487997,-0.7601613523045547,6.0,-2.7515151515151532,0.2,0.35000000000000037
2025.03.17startup_a,startup_a,20250317,23,5220.0,90,0,conclude,-0.2454900641951294,0.5852477246380121,5.333333333333333,2.884848484848486,0.5,-0.4333333333333332
2025.03.17startup_a,startup_a,20250317,23,5222.0,90,0,conclude,-0.22171622259278384,0.5222698922002722,5.333333333333333,2.884848484848486,0.5,-0.4333333333333332
2025.03.17startup_a,startup_a,20250317,23,5237.0,90,0,conclude,-0.07254061559529569,0.15746416311028166,4.0,-3.8809523809523783,0.375,0.4107142857142856
2025.03.17startup_b,startup_b,20250317,0,331.0,90,1,ids,-0.1648319519998065,0.16364014639412092,4.666666666666667,6.273809523809525,0.25,0.4821428571428569
2025.03.17startup_b,startup_b,20250317,0,6171.0,90,0,ids,-0.09317898729876394,-0.10326652836553193,10.666666666666666,0.37254901960784315,0.2222222222222222,-0.04044117647058827
2025.03.17startup_b,startup_b,20250317,0,2133.0,90,0,ids,0.12593658338478705,-0.056027280271326294,3.3333333333333335,8.657142857142858,0.5,-1.45
2025.03.17startup_b,startup_b,20250317,0,2100.0,90,0,ids,-0.0955330389145739,0.09339617644251486,3.3333333333333335,7.4571428571428555,0.3333333333333333,0.8000000000000003
2025.03.17startup_b,startup_b,20250317,1,1026.0,90,1,ids,0.15386297370226376,-0.16338539692710685,3.3333333333333335,-0.7500000000000001,0.5714285714285714,1.471428571428571
2025.03.17startup_b,startup_b,20250317,1,2076.0,90,0,ids,-0.11155320386624311,0.1343459101795823,4.666666666666667,-0.6785714285714238,0.5,1.053571428571429
2025.03.17startup_b,startup_b,20250317,1,234.0,90,0,ids,-0.26649212127377253,0.1743134593709885,3.3333333333333335,8.885714285714284,0.6666666666666666,0.09999999999999998
2025.03.17startup_b,startup_b,20250317,1,2517.0,90,0,ids,0.10775161168579067,0.05936805232723093,5.333333333333333,6.883333333333336,0.4444444444444444,-0.6488095238095238
2025.03.17startup_b,startup_b,20250317,2,2936.0,90,1,ids,0.491326444759709,-0.14946037368863788,0.6666666666666666,,0.25,
2025.03.17startup_b,startup_b,20250317,2,2125.0,90,0,ids,0.06695695221585268,0.00025165046251745214,4.0,6.535714285714285,0.42857142857142855,-0.6142857142857139
2025.03.17startup_b,startup_b,20250317,2,2433.0,90,0,ids,-0.09460673160292106,0.005188955252857601,,,,
2025.03.17startup_b,startup_b,20250317,2,674.0,90,0,ids,0.12879775078875494,-0.03940781977088915,6.0,-0.13939393939393863,0.5,-0.21666666666666676
2025.03.17startup_b,startup_b,20250317,3,3229.0,90,1,headlines,0.35141403631161794,-0.24176239469909508,2.0,,0.25,
2025.03.17startup_b,startup_b,20250317,3,3095.0,90,0,headlines,-0.12193897866185374,0.11872948836594077,6.0,0.6242424242424223,0.4,0.6250000000000001
2025.03.17startup_b,startup_b,20250317,3,3081.0,90,0,headlines,0.1367982803723423,-0.12961951163619853,6.0,0.6242424242424223,0.4,0.6250000000000001
2025.03.17startup_b,startup_b,20250317,3,3115.0,90,0,headlines,-0.5388470269973966,0.3840442600688824,5.333333333333333,12.024242424242422,0.4,-0.11666666666666667
2025.03.17startup_b,startup_b,20250317,4,3399.0,90,1,headlines,0.057749743001538074,-0.15605316186639914,1.3333333333333333,,0.6666666666666666,
2025.03.17startup_b,startup_b,20250317,4,3116.0,90,0,headlines,-0.5482927987566145,0.38410715072115226,5.333333333333333,12.024242424242422,0.4,-0.11666666666666667
2025.03.17startup_b,startup_b,20250317,4,3027.0,90,0,headlines,-0.4291175761346837,0.4835908686457969,4.0,10.749999999999996,0.5,-2.107142857142856
2025.03.17startup_b,startup_b,20250317,4,3102.0,90,0,headlines,-0.31176428028592534,0.25054426596524154,5.333333333333333,4.533333333333335,0.3333333333333333,0.07738095238095231
2025.03.17startup_b,startup_b,20250317,5,3445.0,90,1,todo,0.7278168387450414,-1.2221128364682996,10.0,-1.254411764705883,0.1875,0.15357142857142841
2025.03.17startup_b,startup_b,20250317,5,3770.0,90,0,todo,-0.3079413799957976,0.20151995731691252,2.6666666666666665,28.9,0.6,
2025.03.17startup_b,startup_b,20250317,5,3746.0,90,0,todo,0.3795432376576857,-0.0467468104905515,4.666666666666667,11.488095238095235,0.375,-0.3214285714285718
2025.03.17startup_b,startup_b,20250317,5,3832.0,90,0,todo,0.14731352359543695,-0.04761678670763771,1.3333333333333333,,0.3333333333333333,
2025.03.17startup_b,startup_b,20250317,6,3498.0,90,1,todo,-0.09205786406867057,0.6344166943033329,13.333333333333334,0.335064935064935,0.09523809523809523,0.10263157894736853
2025.03.17startup_b,startup_b,20250317,6,3748.0,90,0,todo,0.35281596528458176,-0.024630362858488547,4.666666666666667,11.488095238095235,0.375,-0.3214285714285718
2025.03.17startup_b,startup_b,20250317,6,3786.0,90,0,todo,-0.6346168092934927,0.24963192734808995,2.6666666666666665,24.08571428571429,0.6666666666666666,-5.65
2025.03.17startup_b,startup_b,20250317,6,3832.0,90,0,todo,0.14731352359543695,-0.04761678670763771,1.3333333333333333,,0.3333333333333333,
2025.03.17startup_b,startup_b,20250317,7,3581.0,90,1,todo,0.008626276190550883,-0.1917449573499982,10.666666666666666,0.262254901960784,0.23529411764705882,0.025735294117646985
2025.03.17startup_b,startup_b,20250317,7,3745.0,90,0,todo,0.390438831735958,-0.05748541216184105,4.666666666666667,11.488095238095235,0.375,-0.3214285714285718
2025.03.17startup_b,startup_b,20250317,7,3707.0,90,0,todo,-0.07266581662187631,0.18707868706782282,4.666666666666667,3.033333333333333,0.1111111111111111,-0.4821428571428571
2025.03.17startup_b,startup_b,20250317,7,3726.0,90,0,todo,0.3676391019709438,-0.1691078158632289,3.3333333333333335,3.7142857142857135,0.16666666666666666,0.6499999999999999
2025.03.17startup_b,startup_b,20250317,8,3611.0,90,1,todo,0.006091149480540763,-0.11974248500489376,10.0,0.029824561403509278,0.2631578947368421,-0.14912280701754374
2025.03.17startup_b,startup_b,20250317,8,3787.0,90,0,todo,-0.646646473782085,0.2486319675201776,2.6666666666666665,24.08571428571429,0.6666666666666666,-5.65
2025.03.17startup_b,startup_b,20250317,8,3748.0,90,0,todo,0.35281596528458176,-0.024630362858488547,4.666666666666667,11.488095238095235,0.375,-0.3214285714285718
2025.03.17startup_b,startup_b,20250317,8,3800.0,90,0,todo,-0.6882222094467313,0.19383291180325585,1.3333333333333333,,1.0,
2025.03.17startup_b,startup_b,20250317,9,3935.0,90,1,ids,-0.008381677894891745,-0.49830102622487515,11.333333333333334,-0.39938080495356043,0.2777777777777778,-0.026960784313725464
2025.03.17startup_b,startup_b,20250317,9,4154.0,90,0,ids,-0.4952648342772286,0.41251753164443605,1.3333333333333333,11.500000000000002,0.6,
2025.03.17startup_b,startup_b,20250317,9,1242.0,90,0,ids,-0.1258369775733175,0.11607485963672148,2.0,,0.5,
2025.03.17startup_b,startup_b,20250317,9,2281.0,90,0,ids,-0.5829896950038636,0.45683988081501614,2.0,23.7,0.8,
2025.03.17startup_b,startup_b,20250317,10,4020.0,90,1,ids,-0.1536447491636586,0.4359563325809383,6.666666666666667,0.3454545454545459,0.36363636363636365,-0.1181818181818183
2025.03.17startup_b,startup_b,20250317,10,1296.0,90,0,ids,0.06343178519240943,-0.1620960340048585,3.3333333333333335,-10.02857142857144,0.3333333333333333,0.20000000000000018
2025.03.17startup_b,startup_b,20250317,10,2225.0,90,0,ids,-0.00950018669297772,-0.014568146418049788,5.333333333333333,4.633333333333335,0.4444444444444444,-1.369047619047618
2025.03.17startup_b,startup_b,20250317,10,4115.0,90,0,ids,-0.4533902100163509,0.6605705542216831,6.0,7.772727272727272,0.5454545454545454,-0.8818181818181816
2025.03.17startup_b,startup_b,20250317,11,4371.0,90,1,ids,0.04645925041024764,-0.29172677874998765,7.333333333333333,-1.1853146853146863,0.3333333333333333,0.9045454545454547
2025.03.17startup_b,startup_b,20250317,11,137.0,90,0,ids,0.13664858712496553,-0.16345338457875025,5.333333333333333,0.193939393939391,0.5,0.32500000000000034
2025.03.17startup_b,startup_b,20250317,11,1712.0,90,0,ids,-0.0880259905807211,0.045186533313724186,2.0,,0.5,
2025.03.17startup_b,startup_b,20250317,11,591.0,90,0,ids,0.27783571265621715,-0.36846473670231805,6.666666666666667,-0.02727272727272739,0.45454545454545453,0.23333333333333323
2025.03.17startup_b,startup_b,20250317,12,4440.0,90,1,ids,-0.006997543045465162,0.12486442349510737,8.0,1.521978021978022,0.38461538461538464,-0.3933566433566432
2025.03.17startup_b,startup_b,20250317,12,2589.0,90,0,ids,-0.16408430591472667,0.020866427593348374,1.3333333333333333,,0.6666666666666666,
2025.03.17startup_b,startup_b,20250317,12,1842.0,90,0,ids,-0.2291422242491754,0.24695752757962408,2.0,13.000000000000002,0.6,
2025.03.17startup_b,startup_b,20250317,12,768.0,90,0,ids,-0.18152491881050173,0.2469244419599774,4.0,3.716666666666667,0.4444444444444444,0.2678571428571426
2025.03.17startup_b,startup_b,20250317,13,4643.0,90,1,ids,0.1806225136291335,-0.2090894655621134,2.6666666666666665,-18.500000000000007,0.2,
2025.03.17startup_b,startup_b,20250317,13,585.0,90,0,ids,0.3177114695966465,-0.3844612492864666,5.333333333333333,-1.3000000000000023,0.4444444444444444,0.6845238095238093
2025.03.17startup_b,startup_b,20250317,13,1192.0,90,0,ids,0.07300878831458554,-0.0471697689805865,3.3333333333333335,8.285714285714285,0.5714285714285714,-0.1714285714285714
2025.03.17startup_b,startup_b,20250317,13,2721.0,90,0,ids,-0.3532691971872571,0.1282734805211557,1.3333333333333333,,0.5,
2025.03.17startup_b,startup_b,20250317,14,4778.0,90,1,ids,-0.18798330417175324,0.17804563242921018,4.666666666666667,2.9999999999999996,0.3333333333333333,0.20833333333333323
2025.03.17startup_b,startup_b,20250317,14,2041.0,90,0,ids,-0.0163234557730527,0.15487075944233572,4.0,3.2857142857142843,0.42857142857142855,-0.42857142857142805
2025.03.17startup_b,startup_b,20250317,14,4265.0,90,0,ids,0.4127906417639977,-0.16479500636760322,3.3333333333333335,7.171428571428572,0.0,0.8500000000000001
2025.03.17startup_b,startup_b,20250317,14,1517.0,90,0,ids,0.07188980519221078,-0.14487694016276792,4.666666666666667,-6.488095238095233,0.5,1.9464285714285712
2025.03.17startup_b,startup_b,20250317,15,4896.0,90,1,ids,-0.12944836249281724,0.02706523877936036,8.666666666666666,0.5868131868131855,0.21428571428571427,0.01923076923076923
2025.03.17startup_b,startup_b,20250317,15,4193.0,90,0,ids,0.10866786000773723,-0.08631636351048116,2.6666666666666665,-5.285714285714301,0.3333333333333333,2.75
2025.03.17startup_b,startup_b,20250317,15,1174.0,90,0,ids,-0.10412936022338251,0.3476000638740308,4.666666666666667,6.366666666666667,0.4444444444444444,-0.4166666666666664
2025.03.17startup_b,startup_b,20250317,15,2044.0,90,0,ids,-0.0347150652747512,0.18447560734608665,4.0,2.9999999999999964,0.5714285714285714,-1.2142857142857144
2025.03.17startup_b,startup_b,20250317,16,5105.0,90,1,ids,-0.010397941511813622,0.25680279870520734,13.333333333333334,0.693958215697346,0.36363636363636365,-0.13181818181818178
2025.03.17startup_b,startup_b,20250317,16,4544.0,90,0,ids,-0.08875375320514489,-0.06744369636610213,12.666666666666666,-0.37744360902255614,0.15,0.1701754385964911
2025.03.17startup_b,startup_b,20250317,16,1874.0,90,0,ids,-0.07614722670494259,0.022253755030696664,1.3333333333333333,,0.75,
2025.03.17startup_b,startup_b,20250317,16,2136.0,90,0,ids,0.14706164212393502,-0.10621358076004148,3.3333333333333335,4.485714285714284,0.5,-0.5000000000000002
2025.03.17startup_b,startup_b,20250317,17,5311.0,90,1,ids,0.10296929250725723,-0.20111784818410872,3.3333333333333335,0.5428571428571415,0.3333333333333333,-1.2500000000000004
2025.03.17startup_b,startup_b,20250317,17,1688.0,90,0,ids,0.04029187892516866,-0.04635948157371203,2.0,,0.5,
2025.03.17startup_b,startup_b,20250317,17,2270.0,90,0,ids,-0.6197247436494039,0.5317341140690238,3.3333333333333335,16.249999999999996,0.5714285714285714,-1.2571428571428573
2025.03.17startup_b,startup_b,20250317,17,1937.0,90,0,ids,0.11326177076599905,-0.19767548551095296,2.6666666666666665,9.200000000000008,0.6,
2025.03.17startup_b,startup_b,20250317,18,5482.0,90,1,ids,0.04668027896318799,0.06551168593363646,6.666666666666667,1.0454545454545459,0.45454545454545453,0.7090909090909092
2025.03.17startup_b,startup_b,20250317,18,783.0,90,0,ids,0.058363627600035516,-0.1541994684192355,4.666666666666667,1.9404761904761905,0.375,-1.107142857142857
2025.03.17startup_b,startup_b,20250317,18,2720.0,90,0,ids,-0.3616596588077432,0.13391085891735488,1.3333333333333333,,0.5,
2025.03.17startup_b,startup_b,20250317,18,1251.0,90,0,ids,-0.25230727498763095,0.16565685337825894,1.3333333333333333,,0.75,
2025.03.17startup_b,startup_b,20250317,19,5512.0,90,1,ids,0.24536610289848113,-0.2872201724853063,8.666666666666666,0.09450549450549411,0.21428571428571427,-0.5604395604395604
2025.03.17startup_b,startup_b,20250317,19,1552.0,90,0,ids,0.3100682619253324,-0.4155155797195492,5.333333333333333,3.066666666666666,0.3333333333333333,0.07738095238095205
2025.03.17startup_b,startup_b,20250317,19,2009.0,90,0,ids,0.10270441597262507,-0.15313699236227973,3.3333333333333335,6.914285714285714,0.5,1.3000000000000003
2025.03.17startup_b,startup_b,20250317,19,4996.0,90,0,ids,-0.18405109146662607,0.07858237351691379,11.333333333333334,0.5283797729618164,0.0,-0.03186274509803922
2025.03.17startup_b,startup_b,20250317,20,5689.0,90,1,ids,-0.0704833837708716,0.2212829828864669,8.0,0.3296703296703304,0.3076923076923077,0.21153846153846154
2025.03.17startup_b,startup_b,20250317,20,1736.0,90,0,ids,-0.033467580000613076,-0.0227268154610997,2.0,,0.5,
2025.03.17startup_b,startup_b,20250317,20,6165.0,90,0,ids,-0.11051948375027529,-0.07446098211666019,10.666666666666666,0.3911248710010318,0.2222222222222222,-0.039215686274509595
2025.03.17startup_b,startup_b,20250317,20,1196.0,90,0,ids,0.10809108836142152,-0.06980670426969782,3.3333333333333335,13.964285714285715,0.7142857142857143,-2.7428571428571424
2025.03.17startup_b,startup_b,20250317,21,5924.0,90,1,ids,-0.015377849381503461,0.2722878664149515,8.666666666666666,2.5846153846153843,0.2857142857142857,-0.18956043956043955
2025.03.17startup_b,startup_b,20250317,21,1240.0,90,0,ids,-0.09537204198089323,0.10380366386511436,2.0,,0.5,
2025.03.17startup_b,startup_b,20250317,21,2668.0,90,0,ids,0.29197547306757593,-0.09462578273368723,2.6666666666666665,21.400000000000002,0.8,
2025.03.17startup_b,startup_b,20250317,21,4207.0,90,0,ids,0.28443508348319047,-0.04356157914580124,2.6666666666666665,12.1,0.2,
2025.03.24startup_b,startup_b,20250324,0,101.0,90,1,ids,-0.03645750473686805,0.07453195005795772,10.0,0.5,0.25,-0.14464285714285705
2025.03.24startup_b,startup_b,20250324,0,4840.0,90,0,ids,-0.5699483889368229,0.13946133558952925,0.6666666666666666,,1.0,
2025.03.24startup_b,startup_b,20250324,0,2424.0,90,0,ids,0.05440098683685735,-0.0844363702457815,6.0,0.38181818181818244,0.4,-1.0750000000000008
2025.03.24startup_b,startup_b,20250324,0,1911.0,90,0,ids,-0.4799589091538423,0.6747226391333851,8.0,-0.6758241758241751,0.3076923076923077,1.1451048951048948
2025.03.24startup_b,startup_b,20250324,1,169.0,90,1,ids,-0.39725850131029733,0.5204728752779811,4.0,7.678571428571426,0.42857142857142855,-0.5000000000000006
2025.03.24startup_b,startup_b,20250324,1,4707.0,90,0,ids,0.030542053391040838,0.46883224805926094,10.0,0.5,0.35294117647058826,-0.1676470588235294
2025.03.24startup_b,startup_b,20250324,1,1186.0,90,0,ids,0.14411176667368952,-0.011067392685040443,8.0,0.8131868131868134,0.23076923076923078,-0.5262237762237757
2025.03.24startup_b,startup_b,20250324,1,998.0,90,0,ids,0.37388790757017726,-0.298701129157085,7.333333333333333,-0.09090909090909056,0.25,0.7999999999999997
2025.03.24startup_b,startup_b,20250324,2,234.0,90,1,ids,0.4414096891996946,-0.8675890252497525,6.0,2.0545454545454547,0.2,-0.14166666666666677
2025.03.24startup_b,startup_b,20250324,2,900.0,90,0,ids,-0.04926589705894649,0.3392019953066476,6.666666666666667,4.363636363636364,0.2727272727272727,-0.11818181818181783
2025.03.24startup_b,startup_b,20250324,2,1462.0,90,0,ids,-0.10094216265142884,0.188962148227679,8.666666666666666,0.20714285714285727,0.2,0.7593406593406595
2025.03.24startup_b,startup_b,20250324,2,4823.0,90,0,ids,-0.48134894856264937,0.15609583579650735,0.6666666666666666,,1.0,
2025.03.24startup_b,startup_b,20250324,3,270.0,90,1,ids,-0.09131335748642397,0.14912241122169984,9.333333333333334,1.292857142857143,0.2,0.08571428571428572
2025.03.24startup_b,startup_b,20250324,3,1163.0,90,0,ids,0.06986278906270656,0.0436031485751218,7.333333333333333,1.020979020979021,0.16666666666666666,-0.18181818181818182
2025.03.24startup_b,startup_b,20250324,3,4939.0,90,0,ids,0.41257729248740643,-0.3054018423318706,2.6666666666666665,-11.685714285714296,0.3333333333333333,1.1000000000000003
2025.03.24startup_b,startup_b,20250324,3,4723.0,90,0,ids,0.026149435906650607,0.4235429817024643,10.666666666666666,-0.15441176470588192,0.29411764705882354,-0.1448529411764706
2025.03.24startup_b,startup_b,20250324,4,373.0,90,1,ids,0.23133792958311913,-0.37335709281113005,4.666666666666667,0.32142857142857245,0.25,0.03571428571428603
2025.03.24startup_b,startup_b,20250324,4,1925.0,90,0,ids,-0.6319523680795541,0.7195799791983607,6.666666666666667,-0.2545454545454542,0.36363636363636365,1.6636363636363634
2025.03.24startup_b,startup_b,20250324,4,4929.0,90,0,ids,0.29882411925156094,-0.199962963332012,1.3333333333333333,,0.6666666666666666,
2025.03.24startup_b,startup_b,20250324,4,1904.0,90,0,ids,-0.3208581098844725,0.518706610972925,7.333333333333333,-0.6188811188811189,0.25,0.24545454545454534
2025.03.24startup_b,startup_b,20250324,5,476.0,90,1,ids,0.2617571154523899,-0.5328643755049698,3.3333333333333335,-2.4571428571428595,0.16666666666666666,2.2999999999999994
2025.03.24startup_b,startup_b,20250324,5,1160.0,90,0,ids,0.05664493044597207,0.056264213766212705,7.333333333333333,1.020979020979021,0.16666666666666666,-0.18181818181818182
2025.03.24startup_b,startup_b,20250324,5,4737.0,90,0,ids,-0.00821830301178808,0.411041245248291,10.0,0.7009803921568624,0.35294117647058826,-0.06764705882352942
2025.03.24startup_b,startup_b,20250324,5,2418.0,90,0,ids,0.10947143714252096,-0.19790395537969935,6.0,0.38181818181818244,0.4,-1.0750000000000008
2025.03.24startup_b,startup_b,20250324,6,559.0,90,1,ids,-0.03606301710899344,0.2695503319772588,4.0,-0.2857142857142859,0.42857142857142855,-1.1714285714285722
2025.03.24startup_b,startup_b,20250324,6,2291.0,90,0,ids,-0.009257392670484364,0.03483256338991371,4.0,0.17857142857142907,0.5,1.9999999999999984
2025.03.24startup_b,startup_b,20250324,6,2449.0,90,0,ids,-0.1744772948512945,0.308677052125214,6.666666666666667,-0.19090909090909056,0.36363636363636365,0.07272727272727282
2025.03.24startup_b,startup_b,20250324,6,4924.0,90,0,ids,0.223479143614381,-0.12990027139350543,1.3333333333333333,,0.6666666666666666,
2025.03.24startup_b,startup_b,20250324,7,610.0,90,1,ids,0.09934439158304248,-0.5562562924922054,7.333333333333333,-1.1363636363636358,0.08333333333333333,0.7772727272727272
2025.03.24startup_b,startup_b,20250324,7,4853.0,90,0,ids,-0.5677847111639507,0.11694862602371128,0.6666666666666666,,1.0,
2025.03.24startup_b,startup_b,20250324,7,1184.0,90,0,ids,0.13915334185037942,-0.002703714597544776,7.333333333333333,1.094405594405594,0.16666666666666666,-0.6499999999999999
2025.03.24startup_b,startup_b,20250324,7,1958.0,90,0,ids,-0.22946588924189984,0.2180988131387717,2.0,-1.0999999999999999,0.4,
2025.03.24startup_b,startup_b,20250324,8,773.0,90,1,ids,0.13603238728087552,-0.22592727177603694,3.3333333333333335,-0.5000000000000038,0.14285714285714285,-1.8428571428571439
2025.03.24startup_b,startup_b,20250324,8,2372.0,90,0,ids,0.07774321342863168,-0.1342608487312334,4.0,-2.892857142857143,0.2857142857142857,-0.27142857142857174
2025.03.24startup_b,startup_b,20250324,8,932.0,90,0,ids,-0.377281328221277,0.33953722681076487,4.0,7.64285714285714,0.375,-1.089285714285714
2025.03.24startup_b,startup_b,20250324,8,949.0,90,0,ids,-0.2864864991708894,0.21386218513650398,6.0,1.5727272727272732,0.2727272727272727,-0.1727272727272727
2025.03.24startup_b,startup_b,20250324,9,1283.0,90,1,ids,-0.19578511219454064,0.3936931767111288,6.0,-1.406060606060605,0.2,2.075000000000001
2025.03.24startup_b,startup_b,20250324,9,2155.0,90,0,ids,0.1879188318476546,-0.20447547311026082,2.0,,0.25,
2025.03.24startup_b,startup_b,20250324,9,1119.0,90,0,ids,0.07465076217233692,0.11590715688749001,6.0,-0.18787878787878726,0.1,-0.516666666666667
2025.03.24startup_b,startup_b,20250324,9,2237.0,90,0,ids,-0.08460648931890188,-0.22170119885458583,4.0,-1.6428571428571423,0.625,0.3035714285714284
2025.03.24startup_b,startup_b,20250324,10,1327.0,90,1,ids,0.238302216753566,-0.5501707022135413,8.666666666666666,0.7648351648351649,0.2857142857142857,-0.9670329670329672
2025.03.24startup_b,startup_b,20250324,10,2127.0,90,0,ids,0.28943515131109593,-0.3325553138432589,2.6666666666666665,-6.1999999999999975,0.4,
2025.03.24startup_b,startup_b,20250324,10,2044.0,90,0,ids,-0.07098700908960781,0.06791694759912668,4.0,7.285714285714285,0.42857142857142855,-0.4285714285714286
2025.03.24startup_b,startup_b,20250324,10,4853.0,90,0,ids,-0.5677847111639507,0.11694862602371128,0.6666666666666666,,1.0,
2025.03.24startup_b,startup_b,20250324,11,1589.0,90,1,ids,-0.04097085991088213,-0.5384649113518125,6.666666666666667,-0.7454545454545449,0.36363636363636365,0.7818181818181817
2025.03.24startup_b,startup_b,20250324,11,1088.0,90,0,ids,0.1681766234129651,-0.08250118509188137,6.0,0.9454545454545455,0.0,-0.0666666666666669
2025.03.24startup_b,startup_b,20250324,11,1430.0,90,0,ids,-0.04185824810072936,-0.3833808016826876,9.333333333333334,-0.9955882352941176,0.25,0.757142857142857
2025.03.24startup_b,startup_b,20250324,11,1057.0,90,0,ids,-0.007765015413137751,-0.371851245481498,7.333333333333333,0.44405594405594434,0.0,0.004545454545454785
2025.03.24startup_b,startup_b,20250324,12,1645.0,90,1,ids,0.22855792665900818,-0.3782688749039918,9.333333333333334,0.2750000000000002,0.26666666666666666,-0.24615384615384622
2025.03.24startup_b,startup_b,20250324,12,4838.0,90,0,ids,-0.562088645401054,0.13993464587223506,0.6666666666666666,,1.0,
2025.03.24startup_b,startup_b,20250324,12,3029.0,90,0,ids,0.13935516185443012,-0.04276213711039918,0.0,,0.0,
2025.03.24startup_b,startup_b,20250324,12,2539.0,90,0,ids,-0.141210316049646,0.17451884607468565,4.666666666666667,5.999999999999999,0.5,-0.8571428571428571
2025.03.24startup_b,startup_b,20250324,13,1809.0,90,1,ids,-0.1620506309759833,0.38342853206145594,6.0,0.4454545454545457,0.2727272727272727,1.421212121212121
2025.03.24startup_b,startup_b,20250324,13,4701.0,90,0,ids,0.022001435048618,0.5513777695743364,10.666666666666666,0.3539731682146541,0.3333333333333333,-0.022058823529412012
2025.03.24startup_b,startup_b,20250324,13,2466.0,90,0,ids,-0.17314688455806507,0.3159445551457242,6.0,-0.5272727272727267,0.2727272727272727,0.509090909090909
2025.03.24startup_b,startup_b,20250324,13,2352.0,90,0,ids,0.05602751275992421,0.0033851093184913074,3.3333333333333335,0.08571428571428308,0.5,-0.5999999999999996
2025.03.24startup_b,startup_b,20250324,14,2634.0,90,1,ids,0.14608366497259997,-0.045849842231631396,6.0,-0.018181818181817525,0.3,0.8333333333333335
2025.03.24startup_b,startup_b,20250324,14,3060.0,90,0,ids,0.38173708597400424,-0.15769444173705832,0.6666666666666666,,0.25,
2025.03.24startup_b,startup_b,20250324,14,2038.0,90,0,ids,0.02630504428901109,0.004435558839852464,4.0,7.285714285714285,0.42857142857142855,-0.4285714285714286
2025.03.24startup_b,startup_b,20250324,14,4726.0,90,0,ids,0.028499962290432623,0.4076897004172521,11.333333333333334,0.5304437564499483,0.3333333333333333,-0.10661764705882353
2025.03.24startup_b,startup_b,20250324,15,2776.0,90,1,ids,0.2632978473368187,-0.3738725630798734,3.3333333333333335,4.114285714285715,0.6666666666666666,2.3000000000000003
2025.03.24startup_b,startup_b,20250324,15,1149.0,90,0,ids,0.028954073498611992,0.0077993878110748215,6.666666666666667,-0.6545454545454543,0.09090909090909091,0.3272727272727275
2025.03.24startup_b,startup_b,20250324,15,4944.0,90,0,ids,0.44759886259153286,-0.323388410933785,4.0,-7.083333333333328,0.375,0.17857142857142927
2025.03.24startup_b,startup_b,20250324,15,4866.0,90,0,ids,-0.4613110811225107,0.05637919451417103,0.0,,1.0,
2025.03.24startup_b,startup_b,20250324,16,2803.0,90,1,ids,0.40420989256047163,-0.443704241824495,6.666666666666667,-0.19090909090909045,0.45454545454545453,-0.12727272727272693
2025.03.24startup_b,startup_b,20250324,16,1427.0,90,0,ids,-0.024347149247248224,-0.42133711029963855,9.333333333333334,-1.0928571428571427,0.26666666666666666,0.26813186813186823
2025.03.24startup_b,startup_b,20250324,16,935.0,90,0,ids,-0.37234277237949615,0.3216913446912054,4.0,7.64285714285714,0.375,-1.089285714285714
2025.03.24startup_b,startup_b,20250324,16,3041.0,90,0,ids,0.2753989201341805,-0.0860342868750991,0.0,,0.0,
2025.03.24startup_b,startup_b,20250324,17,2864.0,90,1,ids,-0.007137173544452794,-0.3099155426071151,14.666666666666666,-0.18478260869565288,0.2608695652173913,0.028232636928289093
2025.03.24startup_b,startup_b,20250324,17,1902.0,90,0,ids,-0.2709571803695427,0.46578826693229014,8.0,-0.36263736263736207,0.23076923076923078,-0.036713286713286934
2025.03.24startup_b,startup_b,20250324,17,4682.0,90,0,ids,0.07090895761929772,0.5949582536028885,11.333333333333334,0.27894736842105294,0.3157894736842105,-0.13673890608875122
2025.03.24startup_b,startup_b,20250324,17,2066.0,90,0,ids,-0.40516490984408143,0.2534090314066482,3.3333333333333335,9.057142857142855,0.5,-1.65
2025.03.24startup_b,startup_b,20250324,18,2903.0,90,1,ids,-0.23486541385119458,0.8552862661312265,11.333333333333334,0.01754385964912288,0.2222222222222222,-0.15441176470588247
2025.03.24startup_b,startup_b,20250324,18,3063.0,90,0,ids,0.38323575800678444,-0.17499480507816476,0.6666666666666666,,0.25,
2025.03.24startup_b,startup_b,20250324,18,1428.0,90,0,ids,-0.029476806956937135,-0.4104518700763062,9.333333333333334,-0.9955882352941176,0.25,0.757142857142857
2025.03.24startup_b,startup_b,20250324,18,1142.0,90,0,ids,0.03206305249402314,-0.02462255993700716,6.666666666666667,-0.8727272727272727,0.09090909090909091,0.0606060606060605
2025.03.24startup_b,startup_b,20250324,19,3161.0,90,1,todo,0.032415490015054435,0.3962585281559591,4.666666666666667,0.8690476190476194,0.5,1.3214285714285714
2025.03.24startup_b,startup_b,20250324,19,3573.0,90,0,todo,0.2091623154247601,-0.245260218582832,3.3333333333333335,-7.942857142857154,0.3333333333333333,-0.9000000000000002
2025.03.24startup_b,startup_b,20250324,19,4440.0,90,0,todo,0.08835207633210657,0.05000041227759899,4.666666666666667,-0.016666666666668554,0.2222222222222222,-0.577380952380952
2025.03.24startup_b,startup_b,20250324,19,3795.0,90,0,todo,-0.3997487324223963,0.40914709328595844,3.3333333333333335,17.428571428571434,0.5,-2.4
2025.03.24startup_b,startup_b,20250324,20,3320.0,90,1,todo,-0.26484642155818355,0.1776740957351603,1.3333333333333333,,0.3333333333333333,
2025.03.24startup_b,startup_b,20250324,20,4634.0,90,0,todo,0.14607128769201944,-0.6154922188039855,12.666666666666666,-0.35263157894736874,0.4,-0.14912280701754382
2025.03.24startup_b,startup_b,20250324,20,3702.0,90,0,todo,0.5146242036175226,-0.5242956665995707,3.3333333333333335,-9.628571428571435,0.8333333333333334,3.0
2025.03.24startup_b,startup_b,20250324,20,3772.0,90,0,todo,-0.05967407918277263,0.4961131531027223,6.0,5.690909090909091,0.5,0.025000000000000158
2025.03.24startup_b,startup_b,20250324,21,3392.0,90,1,todo,0.4414543702117592,-0.47395496930177056,4.666666666666667,-5.083333333333328,0.375,0.6071428571428578
2025.03.24startup_b,startup_b,20250324,21,3748.0,90,0,todo,0.18371772902218264,0.05951568648588848,6.0,2.284848484848485,0.5,0.2250000000000002
2025.03.24startup_b,startup_b,20250324,21,3752.0,90,0,todo,0.15830134466800475,0.1468378913300109,6.0,2.284848484848485,0.5,0.2250000000000002
2025.03.24startup_b,startup_b,20250324,21,3655.0,90,0,todo,-0.17346107704537617,0.153941441807369,4.0,4.928571428571428,0.375,-1.9285714285714275
2025.03.24startup_b,startup_b,20250324,22,3956.0,90,1,todo,0.35810053869220415,-0.16765899884872246,7.333333333333333,1.0699300699300698,0.5833333333333334,-0.5681818181818181
2025.03.24startup_b,startup_b,20250324,22,3764.0,90,0,todo,0.04411880298998159,0.41166739756233434,6.666666666666667,4.790909090909091,0.5454545454545454,-0.10606060606060626
2025.03.24startup_b,startup_b,20250324,22,3697.0,90,0,todo,0.5328916929338399,-0.4801467861926395,3.3333333333333335,-9.628571428571435,0.8333333333333334,3.0
2025.03.24startup_b,startup_b,20250324,22,3506.0,90,0,todo,-0.16378954844546897,0.1813821276438787,0.6666666666666666,,1.0,
2025.03.24startup_b,startup_b,20250324,23,3988.0,90,1,todo,0.29309511852910586,-0.21498843945319931,11.333333333333334,0.23508771929824607,0.47368421052631576,-0.2574819401444788
2025.03.24startup_b,startup_b,20250324,23,4324.0,90,0,todo,-0.39082324944382835,0.24460855726607975,2.6666666666666665,13.828571428571431,0.6666666666666666,-2.6999999999999997
2025.03.24startup_b,startup_b,20250324,23,4345.0,90,0,todo,-0.03334540728248567,0.043575741013047196,2.6666666666666665,10.028571428571428,0.5,-2.2500000000000004
2025.03.24startup_b,startup_b,20250324,23,3776.0,90,0,todo,-0.10886591461314205,0.5114258346479663,5.333333333333333,7.283333333333335,0.4444444444444444,0.11904761904761872
2025.03.24startup_b,startup_b,20250324,24,4118.0,90,1,todo,0.40398270546047893,-0.6815546232119177,6.666666666666667,0.3909090909090911,0.2727272727272727,-0.06969696969696984
2025.03.24startup_b,startup_b,20250324,24,3739.0,90,0,todo,0.22685301841509692,-0.1429614831366137,7.333333333333333,1.129370629370629,0.5,0.05909090909090901
2025.03.24startup_b,startup_b,20250324,24,3602.0,90,0,todo,-0.07766343295990885,0.0842562008268297,4.666666666666667,0.2857142857142886,0.25,0.7857142857142858
2025.03.24startup_b,startup_b,20250324,24,3736.0,90,0,todo,0.2421783012912109,-0.20707888933372456,7.333333333333333,1.129370629370629,0.5,0.05909090909090901
2025.03.24startup_b,startup_b,20250324,25,4541.0,90,1,todo,-0.10236457127889015,0.17258879319570622,2.0,-0.49999999999999073,0.2,
2025.03.24startup_b,startup_b,20250324,25,4376.0,90,0,todo,0.36929592144864204,-0.2722057749720599,4.0,-0.3571428571428676,0.5714285714285714,2.5857142857142863
2025.03.24startup_b,startup_b,20250324,25,3834.0,90,0,todo,-0.256347393462738,-0.07585323994391188,1.3333333333333333,,0.75,
2025.03.24startup_b,startup_b,20250324,25,3773.0,90,0,todo,-0.07191858694014831,0.5015720484202552,6.0,5.690909090909091,0.5,0.025000000000000158
2025.03.24startup_b,startup_b,20250324,26,5066.0,90,1,ids,0.10817971965634442,-0.26302548898974887,10.0,0.3941176470588235,0.25,0.039285714285714264
2025.03.24startup_b,startup_b,20250324,26,2112.0,90,0,ids,0.11592371193800773,-0.14614720074936,2.0,,0.5,
2025.03.24startup_b,startup_b,20250324,26,4685.0,90,0,ids,0.04343947559698696,0.6226328508898896,11.333333333333334,0.27894736842105294,0.3157894736842105,-0.13673890608875122
2025.03.24startup_b,startup_b,20250324,26,2101.0,90,0,ids,-0.08946853386323685,-0.0074541507171147214,2.0,,0.5,
2025.03.24startup_b,startup_b,20250324,27,5202.0,90,1,conclude,0.11064018431298438,0.08893114158765404,5.333333333333333,2.5666666666666647,0.5555555555555556,-1.1845238095238089
2025.03.24startup_b,startup_b,20250324,27,4309.0,90,0,todo,-0.49190588377985717,0.13626560656479833,2.6666666666666665,16.999999999999996,0.6,
2025.03.24startup_b,startup_b,20250324,27,4694.0,90,0,ids,0.016827743344061393,0.6433364999798394,10.0,0.051470588235294705,0.29411764705882354,0.17573529411764693
2025.03.24startup_b,startup_b,20250324,27,4223.0,90,0,todo,0.16835834873664143,-0.0073762870819324795,0.6666666666666666,,0.0,
2025.03.25startup_a,startup_a,20250325,0,229.0,90,1,segue,0.07927290998215708,-0.04566972063749468,1.3333333333333333,,0.0,
2025.03.25startup_a,startup_a,20250325,0,871.0,90,0,segue,0.0801625836138057,-0.04331706539012257,1.3333333333333333,,0.3333333333333333,
2025.03.25startup_a,startup_a,20250325,0,929.0,90,0,segue,0.47395642590943315,-0.0862113505219032,2.6666666666666665,7.885714285714287,0.5,-0.9000000000000006
2025.03.25startup_a,startup_a,20250325,0,620.0,90,0,segue,-0.11266039934421719,0.0357068569063091,0.6666666666666666,,1.0,
2025.03.25startup_a,startup_a,20250325,1,301.0,90,1,segue,0.5722725613707366,-0.780650541905313,5.333333333333333,0.9333333333333332,0.2222222222222222,-0.47023809523809496
2025.03.25startup_a,startup_a,20250325,1,1326.0,90,0,segue,0.007462038614072227,0.00908299242883118,1.3333333333333333,,0.75,
2025.03.25startup_a,startup_a,20250325,1,97.0,90,0,segue,-0.23708733873509957,0.10438137355764397,0.6666666666666666,,0.5,
2025.03.25startup_a,startup_a,20250325,1,1352.0,90,0,segue,0.2569089237193095,-0.05332470721934344,1.3333333333333333,,1.0,
2025.03.25startup_a,startup_a,20250325,2,339.0,90,1,segue,0.027144987626376144,0.18628398073024105,10.0,-0.12205882352941151,0.3125,-0.007142857142857111
2025.03.25startup_a,startup_a,20250325,2,1144.0,90,0,segue,0.27067744251519454,0.007043760382305631,2.0,,0.75,
2025.03.25startup_a,startup_a,20250325,2,1234.0,90,0,segue,-0.09974051957996326,0.03587326261451543,2.6666666666666665,4.514285714285711,0.3333333333333333,-1.5
2025.03.25startup_a,startup_a,20250325,2,840.0,90,0,segue,-0.3378761884868933,0.010503780023442863,0.6666666666666666,,0.6666666666666666,
2025.03.25startup_a,startup_a,20250325,3,377.0,90,1,segue,-0.31185607914180774,0.2858026474507858,6.666666666666667,1.3601398601398595,0.3333333333333333,0.018181818181818365
2025.03.25startup_a,startup_a,20250325,3,1401.0,90,0,segue,-0.409393139063981,0.09592083678925976,0.6666666666666666,,1.0,
2025.03.25startup_a,startup_a,20250325,3,1277.0,90,0,segue,-0.07694358879745422,0.07042311509213889,2.0,,0.5,
2025.03.25startup_a,startup_a,20250325,3,1344.0,90,0,segue,0.22895388598813607,-0.06981498235015214,1.3333333333333333,,1.0,
2025.03.25startup_a,startup_a,20250325,4,418.0,90,1,segue,-0.022858830076733,0.3967026128546783,2.6666666666666665,3.3,0.2,
2025.03.25startup_a,startup_a,20250325,4,639.0,90,0,segue,-0.005343796021282658,0.000675823185113046,1.3333333333333333,,1.0,
2025.03.25startup_a,startup_a,20250325,4,1189.0,90,0,segue,-0.07581707737499487,-0.07900146349361062,3.3333333333333335,-1.8857142857142897,0.5,-1.05
2025.03.25startup_a,startup_a,20250325,4,623.0,90,0,segue,-0.1163001541964946,0.03600455568491718,0.6666666666666666,,1.0,
2025.03.25startup_a,startup_a,20250325,5,465.0,90,1,segue,0.22264004272915794,-0.4095418657654071,6.666666666666667,-0.027272727272726976,0.36363636363636365,0.4696969696969696
2025.03.25startup_a,startup_a,20250325,5,1299.0,90,0,segue,-0.26566905549639885,0.09529544139049088,2.0,,0.5,
2025.03.25startup_a,startup_a,20250325,5,1152.0,90,0,segue,0.20763406867574605,0.02368642235422767,2.0,,0.75,
2025.03.25startup_a,startup_a,20250325,5,1393.0,90,0,segue,-0.3938214550058156,0.10546584751430307,0.6666666666666666,,1.0,
2025.03.25startup_a,startup_a,20250325,6,491.0,90,1,segue,-0.12641349750948705,-0.08535171801133357,8.0,2.708791208791209,0.38461538461538464,0.3181818181818181
2025.03.25startup_a,startup_a,20250325,6,110.0,90,0,segue,-0.17486943838616847,0.07848768413879333,,,,
2025.03.25startup_a,startup_a,20250325,6,1369.0,90,0,segue,0.0005450567602027887,-0.0007829144142059481,1.3333333333333333,,1.0,
2025.03.25startup_a,startup_a,20250325,6,1166.0,90,0,segue,0.09492711070041616,-0.05170537896111518,2.6666666666666665,7.6000000000000005,0.8,
2025.03.25startup_a,startup_a,20250325,7,749.0,90,1,segue,0.45730993993241315,-0.07881764767812321,2.6666666666666665,5.0,0.6,
2025.03.25startup_a,startup_a,20250325,7,101.0,90,0,segue,-0.2148999942538126,0.0952727507323691,,,,
2025.03.25startup_a,startup_a,20250325,7,102.0,90,0,segue,-0.2098258297094612,0.09316980734765162,,,,
2025.03.25startup_a,startup_a,20250325,7,119.0,90,0,segue,-0.1449019859458497,0.06563731331090515,,,,
2025.03.25startup_a,startup_a,20250325,8,1030.0,90,1,segue,0.3200072046908406,-0.1702162436574659,2.6666666666666665,-9.200000000000001,0.6,
2025.03.25startup_a,startup_a,20250325,8,879.0,90,0,segue,0.07749548831312662,-0.032884665692446,1.3333333333333333,,0.3333333333333333,
2025.03.25startup_a,startup_a,20250325,8,1384.0,90,0,segue,-0.31481823518972185,0.07049851381472554,1.3333333333333333,,1.0,
2025.03.25startup_a,startup_a,20250325,8,1288.0,90,0,segue,-0.246039120200916,0.08905345710634696,2.0,,0.5,
2025.03.25startup_a,startup_a,20250325,9,1760.0,90,1,rock_review,0.04509152020118338,-0.05843762157723942,1.3333333333333333,,0.5,
2025.03.25startup_a,startup_a,20250325,9,1541.0,90,0,rock_review,-0.15939250208493577,0.1181748544611248,2.0,21.9,0.6,
2025.03.25startup_a,startup_a,20250325,9,1554.0,90,0,rock_review,-0.1650333670559913,0.08418729008782688,2.6666666666666665,3.000000000000012,0.4,
2025.03.25startup_a,startup_a,20250325,9,1484.0,90,0,rock_review,0.5821640485499249,-0.14307727223366862,2.0,,0.75,
2025.03.25startup_a,startup_a,20250325,10,1888.0,90,1,rock_review,-0.33734845263552005,0.37848203445522155,7.333333333333333,2.7657342657342654,0.75,-0.26818181818181824
2025.03.25startup_a,startup_a,20250325,10,1626.0,90,0,rock_review,-0.14771546590515525,-0.03632986552281054,1.3333333333333333,,0.25,
2025.03.25startup_a,startup_a,20250325,10,1535.0,90,0,rock_review,-0.13780630571494767,0.12563192383560098,2.0,21.9,0.6,
2025.03.25startup_a,startup_a,20250325,10,1485.0,90,0,rock_review,0.5840269923202573,-0.1388099572232587,2.0,-12.999999999999996,0.6,
2025.03.25startup_a,startup_a,20250325,11,1935.0,90,1,rock_review,0.030680931487872463,-0.4747312173880216,6.0,-2.557575757575756,0.6,0.6333333333333335
2025.03.25startup_a,startup_a,20250325,11,1593.0,90,0,rock_review,-0.049719160031622536,-0.027677008439290687,1.3333333333333333,,0.3333333333333333,
2025.03.25startup_a,startup_a,20250325,11,1652.0,90,0,rock_review,-0.09025285341275406,0.002927394448241607,1.3333333333333333,,0.3333333333333333,
2025.03.25startup_a,startup_a,20250325,11,1571.0,90,0,rock_review,-0.0315477476281772,0.009558913377863822,2.6666666666666665,3.000000000000012,0.4,
2025.03.25startup_a,startup_a,20250325,12,2117.0,90,1,rock_review,-0.03753132190630785,0.035319100461052286,1.3333333333333333,,0.5,
2025.03.25startup_a,startup_a,20250325,12,1628.0,90,0,rock_review,-0.1450253094403788,-0.03396264906081541,1.3333333333333333,,0.25,
2025.03.25startup_a,startup_a,20250325,12,1508.0,90,0,rock_review,0.3210051676735353,0.020052681283220738,2.0,21.9,0.6,
2025.03.25startup_a,startup_a,20250325,12,1535.0,90,0,rock_review,-0.13780630571494767,0.12563192383560098,2.0,21.9,0.6,
2025.03.25startup_a,startup_a,20250325,13,2191.0,90,1,todo,0.3728386067139924,-0.5732102971668396,6.0,0.19393939393939624,0.3,-0.02499999999999998
2025.03.25startup_a,startup_a,20250325,13,2356.0,90,0,todo,0.014794182461431564,-0.07308052168072006,4.0,0.17857142857142314,0.2857142857142857,0.5285714285714292
2025.03.25startup_a,startup_a,20250325,13,2466.0,90,0,todo,-0.14344867014392196,0.021112499088025326,2.0,,0.25,
2025.03.25startup_a,startup_a,20250325,13,2384.0,90,0,todo,-0.14418412438783842,0.09367110667589344,4.666666666666667,4.666666666666667,0.375,-0.19642857142857065
2025.03.25startup_a,startup_a,20250325,14,2228.0,90,1,todo,0.06655894186954063,0.020504775169225282,7.333333333333333,0.6293706293706294,0.3333333333333333,-0.1272727272727273
2025.03.25startup_a,startup_a,20250325,14,2394.0,90,0,todo,-0.09557231579345195,0.1253490752914518,4.0,8.678571428571427,0.2857142857142857,-0.8571428571428572
2025.03.25startup_a,startup_a,20250325,14,2421.0,90,0,todo,-0.1057502394413653,0.12458239766230031,2.6666666666666665,15.3,0.2,
2025.03.25startup_a,startup_a,20250325,14,2473.0,90,0,todo,-0.19891148532944405,0.051010012057399204,2.0,,0.25,
2025.03.25startup_a,startup_a,20250325,15,2244.0,90,1,todo,0.01887299712356359,0.19012564665694112,5.333333333333333,0.31666666666666526,0.3333333333333333,0.6845238095238091
2025.03.25startup_a,startup_a,20250325,15,2388.0,90,0,todo,-0.12791291876612743,0.10935625771849991,4.0,8.678571428571427,0.2857142857142857,-0.8571428571428572
2025.03.25startup_a,startup_a,20250325,15,2370.0,90,0,todo,-0.08312002780858511,0.009055157916436836,4.666666666666667,4.666666666666667,0.375,-0.19642857142857065
2025.03.25startup_a,startup_a,20250325,15,2466.0,90,0,todo,-0.14344867014392196,0.021112499088025326,2.0,,0.25,
2025.03.25startup_a,startup_a,20250325,16,2563.0,90,1,ids,0.24045121199866318,-0.3771636263226053,4.0,-9.28571428571429,0.42857142857142855,-0.05714285714285676
2025.03.25startup_a,startup_a,20250325,16,4586.0,90,0,ids,0.2775524166329615,-0.09759378266911065,1.3333333333333333,,0.3333333333333333,
2025.03.25startup_a,startup_a,20250325,16,3262.0,90,0,ids,-0.06468577898960115,-0.023976691685369433,2.0,4.201526374880794e-15,0.4,
2025.03.25startup_a,startup_a,20250325,16,2953.0,90,0,ids,-0.2506271599013447,0.005598208845998258,0.6666666666666666,,0.6666666666666666,
2025.03.25startup_a,startup_a,20250325,17,2700.0,90,1,ids,0.4220977047051453,-0.18341955955853648,1.3333333333333333,,0.3333333333333333,
2025.03.25startup_a,startup_a,20250325,17,4110.0,90,0,ids,0.048100960160084714,-0.0387213527518523,1.3333333333333333,,0.6666666666666666,
2025.03.25startup_a,startup_a,20250325,17,3221.0,90,0,ids,0.19434138269048573,-0.005106058202474047,1.3333333333333333,,1.0,
2025.03.25startup_a,startup_a,20250325,17,3269.0,90,0,ids,-0.21243763374775165,0.01167977785649617,2.0,4.201526374880794e-15,0.4,
2025.03.25startup_a,startup_a,20250325,18,2852.0,90,1,ids,0.17203735894899874,-0.17287156394993577,4.0,-3.07142857142858,0.5714285714285714,1.4285714285714295
2025.03.25startup_a,startup_a,20250325,18,4150.0,90,0,ids,0.21460811540105365,0.027793088414555182,1.3333333333333333,,0.3333333333333333,
2025.03.25startup_a,startup_a,20250325,18,4511.0,90,0,ids,-0.022701028871870962,-0.044897058556247704,2.6666666666666665,-4.000000000000001,0.8,
2025.03.25startup_a,startup_a,20250325,18,4107.0,90,0,ids,0.02086677515508796,-0.01908294201184101,1.3333333333333333,,0.6666666666666666,
2025.03.25startup_a,startup_a,20250325,19,3375.0,90,1,ids,0.20083587870492892,-0.04078370462255314,0.0,,1.0,
2025.03.25startup_a,startup_a,20250325,19,4085.0,90,0,ids,-0.2714482322220217,0.12141467214152937,1.3333333333333333,,0.5,
2025.03.25startup_a,startup_a,20250325,19,4542.0,90,0,ids,0.2143770205929017,-0.16176964044653944,2.0,,0.75,
2025.03.25startup_a,startup_a,20250325,19,3273.0,90,0,ids,-0.2722633599330678,0.030922318325377,2.0,4.201526374880794e-15,0.4,
2025.03.25startup_a,startup_a,20250325,20,3499.0,90,1,ids,0.09855254241412188,0.005922849279845277,6.666666666666667,-1.409090909090908,0.2727272727272727,-0.29696969696969716
2025.03.25startup_a,startup_a,20250325,20,4627.0,90,0,ids,0.13811490905839105,-0.08355786023849068,4.0,6.499999999999998,0.2857142857142857,-1.3285714285714292
2025.03.25startup_a,startup_a,20250325,20,3205.0,90,0,ids,-0.04899344895809727,0.12417888327489439,1.3333333333333333,,0.75,
2025.03.25startup_a,startup_a,20250325,20,3243.0,90,0,ids,0.32060353169799227,-0.10948065582334092,1.3333333333333333,,1.0,
2025.03.25startup_a,startup_a,20250325,21,3614.0,90,1,ids,0.09715065092096825,-0.020725047252387954,2.6666666666666665,9.800000000000004,0.8,
2025.03.25startup_a,startup_a,20250325,21,4161.0,90,0,ids,0.3161099362560041,-0.023531160083916314,1.3333333333333333,,0.3333333333333333,
2025.03.25startup_a,startup_a,20250325,21,4138.0,90,0,ids,0.11667529349959746,0.017422755607288593,0.6666666666666666,,0.5,
2025.03.25startup_a,startup_a,20250325,21,4061.0,90,0,ids,-0.46932714926722785,0.3053328202488455,2.0,17.1,0.8,
2025.03.25startup_a,startup_a,20250325,22,3648.0,90,1,ids,0.1188737545040383,-0.29834035937195325,2.0,,1.0,
2025.03.25startup_a,startup_a,20250325,22,4014.0,90,0,ids,0.3369257491531244,-0.18349441493327556,2.6666666666666665,7.200000000000002,0.8,
2025.03.25startup_a,startup_a,20250325,22,3075.0,90,0,ids,0.10086165893508073,-0.12131964652743862,2.6666666666666665,-1.742857142857143,0.3333333333333333,-2.6
2025.03.25startup_a,startup_a,20250325,22,4673.0,90,0,ids,-0.2047779813842836,0.2100877078176049,4.0,4.535714285714283,0.42857142857142855,1.5000000000000002
2025.03.25startup_a,startup_a,20250325,23,3681.0,90,1,ids,0.19093975528887627,-0.7161010075337626,4.666666666666667,-4.130952380952378,0.375,0.3392857142857132
2025.03.25startup_a,startup_a,20250325,23,4627.0,90,0,ids,0.13811490905839105,-0.08355786023849068,4.0,6.499999999999998,0.2857142857142857,-1.3285714285714292
2025.03.25startup_a,startup_a,20250325,23,3144.0,90,0,ids,0.028259202188255703,0.06906310083859106,4.666666666666667,4.250000000000001,0.375,-0.19642857142857142
2025.03.25startup_a,startup_a,20250325,23,3074.0,90,0,ids,0.10782407306638825,-0.11968234634227018,2.6666666666666665,-1.742857142857143,0.3333333333333333,-2.6
2025.03.25startup_a,startup_a,20250325,24,3770.0,90,1,ids,-0.041493174431068786,0.17560423532379826,6.666666666666667,1.4860139860139865,0.5,0.07272727272727271
2025.03.25startup_a,startup_a,20250325,24,4063.0,90,0,ids,-0.462714524679128,0.2900898049725116,2.0,17.1,0.8,
2025.03.25startup_a,startup_a,20250325,24,4462.0,90,0,ids,0.02795479582095675,-0.012413154950819709,1.3333333333333333,,0.6666666666666666,
2025.03.25startup_a,startup_a,20250325,24,3188.0,90,0,ids,-0.28904279840954916,0.30010641799680143,2.6666666666666665,19.171428571428574,0.5,-1.65
2025.03.25startup_a,startup_a,20250325,25,3835.0,90,1,ids,0.012171730593851468,-0.00938915275025371,4.0,2.7499999999999982,0.42857142857142855,0.6000000000000001
2025.03.25startup_a,startup_a,20250325,25,3230.0,90,0,ids,0.305620666062395,-0.07989342580873648,1.3333333333333333,,1.0,
2025.03.25startup_a,startup_a,20250325,25,4518.0,90,0,ids,0.0180384376323558,-0.02819022473524077,2.0,,0.75,
2025.03.25startup_a,startup_a,20250325,25,4621.0,90,0,ids,0.1856012685691546,-0.0799529209679631,4.0,6.499999999999998,0.2857142857142857,-1.3285714285714292
2025.03.25startup_a,startup_a,20250325,26,3874.0,90,1,ids,0.034133505985274586,-0.5907634895451593,5.333333333333333,-1.2833333333333372,0.2222222222222222,-0.47023809523809496
2025.03.25startup_a,startup_a,20250325,26,3184.0,90,0,ids,-0.3069220245239268,0.302775783015381,2.6666666666666665,19.171428571428574,0.5,-1.65
2025.03.25startup_a,startup_a,20250325,26,4156.0,90,0,ids,0.2756112439244502,0.005058179554435643,1.3333333333333333,,0.3333333333333333,
2025.03.25startup_a,startup_a,20250325,26,4110.0,90,0,ids,0.048100960160084714,-0.0387213527518523,1.3333333333333333,,0.6666666666666666,
2025.03.25startup_a,startup_a,20250325,27,3893.0,90,1,ids,-0.06571957672761122,-0.25816955230327254,5.333333333333333,4.933333333333335,0.3333333333333333,-0.2738095238095233
2025.03.25startup_a,startup_a,20250325,27,2995.0,90,0,ids,0.31249575239189703,-0.18237268058582243,3.3333333333333335,-6.1071428571428665,0.2857142857142857,-0.8285714285714285
2025.03.25startup_a,startup_a,20250325,27,2990.0,90,0,ids,0.2635844540535299,-0.17864988559679484,3.3333333333333335,-6.1071428571428665,0.2857142857142857,-0.8285714285714285
2025.03.25startup_a,startup_a,20250325,27,3087.0,90,0,ids,-0.011323652001623122,-0.08236155690252023,2.6666666666666665,3.8857142857142835,0.3333333333333333,1.0999999999999999
2025.03.25startup_a,startup_a,20250325,28,4266.0,90,1,ids,0.17342035157431462,-0.3420045443494013,2.6666666666666665,-14.299999999999997,0.8,
2025.03.25startup_a,startup_a,20250325,28,3044.0,90,0,ids,0.09506818097335819,0.01763859582351278,4.666666666666667,6.678571428571428,0.25,-1.428571428571429
2025.03.25startup_a,startup_a,20250325,28,3989.0,90,0,ids,0.3145285916085431,-0.24509259079857385,0.6666666666666666,,1.0,
2025.03.25startup_a,startup_a,20250325,28,4130.0,90,0,ids,0.09727486076692052,-0.00220515382566331,1.3333333333333333,,0.6666666666666666,
2025.03.25startup_a,startup_a,20250325,29,4347.0,90,1,ids,-0.0206487631099259,0.1182063261719802,5.333333333333333,0.3499999999999975,0.3333333333333333,0.1547619047619046
2025.03.25startup_a,startup_a,20250325,29,3221.0,90,0,ids,0.19434138269048573,-0.005106058202474047,1.3333333333333333,,1.0,
2025.03.25startup_a,startup_a,20250325,29,4577.0,90,0,ids,0.25403880187894495,-0.1788570761152579,2.6666666666666665,3.200000000000005,0.6,
2025.03.25startup_a,startup_a,20250325,29,3090.0,90,0,ids,-0.04330779427060576,-0.06715831940995706,2.6666666666666665,3.8857142857142835,0.3333333333333333,1.0999999999999999
2025.03.25startup_a,startup_a,20250325,30,4777.0,90,1,ids,0.1393244484438367,0.00445646178832759,6.0,-1.7272727272727255,0.3,-0.05833333333333288
2025.03.25startup_a,startup_a,20250325,30,3054.0,90,0,ids,0.10210360215933877,0.009049334032389274,5.333333333333333,6.816666666666667,0.3333333333333333,-0.7619047619047616
2025.03.25startup_a,startup_a,20250325,30,4523.0,90,0,ids,0.060965891847764915,-0.06490448248301475,2.0,,0.75,
2025.03.25startup_a,startup_a,20250325,30,4491.0,90,0,ids,-0.05311248003064383,-0.0475047312594339,2.0,,0.5,
2025.03.25startup_a,startup_a,20250325,31,4959.0,90,1,conclude,-0.04138928590252694,0.33357884634199575,5.333333333333333,4.616666666666668,0.5555555555555556,0.380952380952381
2025.03.25startup_a,startup_a,20250325,31,5077.0,90,0,conclude,-0.19246195496557686,0.25802551131731233,10.0,1.3970588235294117,0.4375,-0.12857142857142853
2025.03.25startup_a,startup_a,20250325,31,5084.0,90,0,conclude,-0.2046333321171087,0.3718545202230387,9.333333333333334,1.4428571428571433,0.4666666666666667,-0.05604395604395607
2025.03.25startup_a,startup_a,20250325,31,5085.0,90,0,conclude,-0.20231472427965844,0.37867774448266084,8.666666666666666,1.2989010989010987,0.5,-5.941573499803883e-17
2025.03.31startup_a,startup_a,20250331,0,286.0,90,1,,0.032712685594117864,-0.0017533620755674903,,,,
2025.03.31startup_a,startup_a,20250331,0,951.0,90,0,segue,0.07233199526851337,0.17920107824255752,4.0,5.571428571428569,0.42857142857142855,-0.3857142857142857
2025.03.31startup_a,startup_a,20250331,0,2791.0,90,0,ids,-0.028169485610923035,0.04832316663821413,1.3333333333333333,,1.0,
2025.03.31startup_a,startup_a,20250331,0,3088.0,90,0,ids,-0.07377228332178136,-0.10536310720659843,2.6666666666666665,-1.9999999999999987,0.6,
2025.03.31startup_a,startup_a,20250331,1,335.0,90,1,segue,0.6195789028838591,-0.7919950589157961,4.666666666666667,-1.4761904761904752,0.25,0.8571428571428579
2025.03.31startup_a,startup_a,20250331,1,1113.0,90,0,segue,-0.1254505370265708,0.03003060678194358,0.6666666666666666,,0.5,
2025.03.31startup_a,startup_a,20250331,1,742.0,90,0,segue,-0.1699675541203446,-0.025543782172705094,1.3333333333333333,,0.5,
2025.03.31startup_a,startup_a,20250331,1,1084.0,90,0,segue,-0.38223318369982295,0.11410676565331321,1.3333333333333333,,0.3333333333333333,
2025.03.31startup_a,startup_a,20250331,2,384.0,90,1,segue,-0.416777564550254,0.479710522756462,6.0,5.409090909090908,0.45454545454545453,0.14848484848484886
2025.03.31startup_a,startup_a,20250331,2,1126.0,90,0,segue,0.030611617594606934,0.016400913059448994,,,,
2025.03.31startup_a,startup_a,20250331,2,1067.0,90,0,segue,-0.2768505474196138,0.0837339702869528,2.0,,0.25,
2025.03.31startup_a,startup_a,20250331,2,1156.0,90,0,segue,0.1580194471027391,-0.06331240115700279,0.6666666666666666,,0.5,
2025.03.31startup_a,startup_a,20250331,3,424.0,90,1,segue,-0.17972289826520388,0.3902379472594135,2.6666666666666665,10.82857142857143,0.8333333333333334,-2.4500000000000006
2025.03.31startup_a,startup_a,20250331,3,1092.0,90,0,segue,-0.3629258781500354,0.12465135466932444,1.3333333333333333,,0.3333333333333333,
2025.03.31startup_a,startup_a,20250331,3,861.0,90,0,segue,-0.07941068712047167,0.16733760061575406,1.3333333333333333,,0.6666666666666666,
2025.03.31startup_a,startup_a,20250331,3,849.0,90,0,segue,-0.13656392061355643,0.19870319734823472,4.0,13.321428571428568,0.5714285714285714,0.3000000000000002
2025.03.31startup_a,startup_a,20250331,4,471.0,90,1,segue,0.29065038298675244,-0.19991969768600684,2.6666666666666665,-4.057142857142864,0.6666666666666666,2.6000000000000005
2025.03.31startup_a,startup_a,20250331,4,1167.0,90,0,segue,0.12171902943444918,-0.04133942898479487,2.0,,0.5,
2025.03.31startup_a,startup_a,20250331,4,810.0,90,0,segue,-0.021867784303545374,-0.16960845669007216,2.6666666666666665,11.899999999999999,0.6,
2025.03.31startup_a,startup_a,20250331,4,993.0,90,0,segue,0.05744084727779566,0.09232497681134878,2.6666666666666665,10.200000000000001,0.6,
2025.03.31startup_a,startup_a,20250331,5,526.0,90,1,segue,0.04668630600357372,-0.26472616034303753,4.666666666666667,-0.9166666666666698,0.5555555555555556,-0.6190476190476187
2025.03.31startup_a,startup_a,20250331,5,1174.0,90,0,segue,0.08047662240151693,-0.040128144182783244,2.0,,0.5,
2025.03.31startup_a,startup_a,20250331,5,827.0,90,0,segue,-0.10554969044937669,0.059471992524887725,4.666666666666667,9.57142857142857,0.625,0.16071428571428567
2025.03.31startup_a,startup_a,20250331,5,1203.0,90,0,segue,-0.12900597615824055,-0.047364991812825954,4.0,-4.714285714285711,0.2857142857142857,-1.642857142857144
2025.03.31startup_a,startup_a,20250331,6,561.0,90,1,segue,0.25373116204458585,-0.2785856943163448,6.666666666666667,-1.230769230769231,0.5384615384615384,0.3041958041958039
2025.03.31startup_a,startup_a,20250331,6,900.0,90,0,segue,0.08213010520859672,-0.24615914085679555,4.0,5.321428571428572,0.42857142857142855,-0.2714285714285714
2025.03.31startup_a,startup_a,20250331,6,1009.0,90,0,segue,0.200715125415816,-0.01879037937371652,2.6666666666666665,10.200000000000001,0.6,
2025.03.31startup_a,startup_a,20250331,6,1056.0,90,0,segue,-0.1542529292763904,0.04617346734612568,2.0,,0.25,
2025.03.31startup_a,startup_a,20250331,7,648.0,90,1,segue,-0.21138056360324797,0.19845718902478937,4.0,-1.1071428571428588,0.2857142857142857,0.2857142857142863
2025.03.31startup_a,startup_a,20250331,7,1119.0,90,0,segue,-0.04010065125934343,0.021166397823831496,0.0,,0.5,
2025.03.31startup_a,startup_a,20250331,7,1127.0,90,0,segue,0.03848694126230688,0.015879290178136524,,,,
2025.03.31startup_a,startup_a,20250331,7,887.0,90,0,segue,0.04325593699651666,-0.10916375027780073,3.3333333333333335,0.3142857142857136,0.3333333333333333,-0.15000000000000022
2025.03.31startup_a,startup_a,20250331,8,1317.0,90,1,segue,-0.08932757020893435,0.1740259364766518,2.6666666666666665,21.799999999999997,0.2,
2025.03.31startup_a,startup_a,20250331,8,1122.0,90,0,segue,-0.006303029361397159,0.018785539098001045,,,,
2025.03.31startup_a,startup_a,20250331,8,818.0,90,0,segue,-0.079618056199445,-0.06864702688866268,4.666666666666667,9.57142857142857,0.625,0.16071428571428567
2025.03.31startup_a,startup_a,20250331,8,816.0,90,0,segue,-0.06993281157329655,-0.0965451639759174,4.0,0.392857142857139,0.5714285714285714,0.2142857142857143
2025.03.31startup_a,startup_a,20250331,9,1417.0,90,1,scorecard,-0.13823022062080115,0.22295357489870227,5.333333333333333,3.0500000000000003,0.3333333333333333,0.5238095238095234
2025.03.31startup_a,startup_a,20250331,9,1744.0,90,0,scorecard,-0.40307816944849945,0.24223493044728633,4.0,5.178571428571429,0.375,1.0535714285714295
2025.03.31startup_a,startup_a,20250331,9,1558.0,90,0,scorecard,-0.34578599628445006,0.4467945281124536,5.333333333333333,1.6606060606060606,0.7,0.12500000000000028
2025.03.31startup_a,startup_a,20250331,9,1750.0,90,0,scorecard,-0.30482675933053566,0.13050478911361535,3.3333333333333335,10.214285714285712,0.42857142857142855,0.4142857142857149
2025.03.31startup_a,startup_a,20250331,10,1651.0,90,1,scorecard,-0.12342924559537626,0.07628411275552503,6.0,1.0606060606060614,0.4,0.20000000000000046
2025.03.31startup_a,startup_a,20250331,10,1556.0,90,0,scorecard,-0.3532315192304242,0.4674697901778729,5.333333333333333,1.6606060606060606,0.7,0.12500000000000028
2025.03.31startup_a,startup_a,20250331,10,1752.0,90,0,scorecard,-0.2724467279109045,0.09397986338927013,3.3333333333333335,10.214285714285712,0.42857142857142855,0.4142857142857149
2025.03.31startup_a,startup_a,20250331,10,1527.0,90,0,scorecard,-0.04583966647042299,0.4234927025833449,8.666666666666666,1.2219780219780214,0.5714285714285714,0.3049450549450549
2025.03.31startup_a,startup_a,20250331,11,2320.0,90,1,ids,0.043657483799213,-0.2756310859228894,6.666666666666667,0.40000000000000024,0.18181818181818182,-0.15151515151515169
2025.03.31startup_a,startup_a,20250331,11,3803.0,90,0,ids,-0.18726425755925294,0.03205705255269424,1.3333333333333333,,1.0,
2025.03.31startup_a,startup_a,20250331,11,3672.0,90,0,ids,0.014147983003860883,0.347124406350143,4.666666666666667,-0.07142857142857013,0.25,-0.01785714285714203
2025.03.31startup_a,startup_a,20250331,11,3307.0,90,0,ids,-0.10448867438139602,0.011219542994910195,2.6666666666666665,17.5,0.8,
2025.03.31startup_a,startup_a,20250331,12,2373.0,90,1,ids,0.004588709560939541,-0.0886031045159067,8.0,-1.153846153846154,0.15384615384615385,0.2639860139860144
2025.03.31startup_a,startup_a,20250331,12,2983.0,90,0,ids,0.19707120735826097,-0.030260542081993663,0.0,,1.0,
2025.03.31startup_a,startup_a,20250331,12,3352.0,90,0,ids,0.07721846172926321,0.010881045105998341,0.6666666666666666,,0.6666666666666666,
2025.03.31startup_a,startup_a,20250331,12,3343.0,90,0,ids,-0.05201694525203727,0.028076158422672737,0.6666666666666666,,0.6666666666666666,
2025.03.31startup_a,startup_a,20250331,13,3454.0,90,1,ids,0.10681897473200408,-0.015777342029688512,1.3333333333333333,-14.899999999999995,0.6,
2025.03.31startup_a,startup_a,20250331,13,3857.0,90,0,ids,0.16301367880876746,-0.19616087306999322,1.3333333333333333,,0.5,
2025.03.31startup_a,startup_a,20250331,13,3118.0,90,0,ids,-0.11868910653058012,0.028991845589818703,1.3333333333333333,,0.6666666666666666,
2025.03.31startup_a,startup_a,20250331,13,3156.0,90,0,ids,-0.06617081463687072,0.19636430660772367,0.6666666666666666,,0.6666666666666666,
2025.03.31startup_a,startup_a,20250331,14,3528.0,90,1,ids,0.015334184656112061,-0.3316842861777603,2.6666666666666665,2.0000000000000013,0.2,
2025.03.31startup_a,startup_a,20250331,14,4574.0,90,0,ids,-0.06328660352126324,-0.11820224605613264,0.6666666666666666,,0.5,
2025.03.31startup_a,startup_a,20250331,14,3033.0,90,0,ids,0.36239416326175367,-0.09979077362452109,1.3333333333333333,,0.6666666666666666,
2025.03.31startup_a,startup_a,20250331,14,3836.0,90,0,ids,0.1033335658914184,-0.15501112078068424,1.3333333333333333,,0.6666666666666666,
2025.03.31startup_a,startup_a,20250331,15,3970.0,90,1,ids,0.013483869865598973,-0.30287856300155497,1.3333333333333333,,0.75,
2025.03.31startup_a,startup_a,20250331,15,2721.0,90,0,ids,-0.030048175388832178,0.0789290772299941,4.0,-1.6785714285714355,0.42857142857142855,1.3000000000000012
2025.03.31startup_a,startup_a,20250331,15,2213.0,90,0,ids,0.04892148652799928,-0.1260590219522118,3.3333333333333335,3.857142857142856,0.5,0.9999999999999997
2025.03.31startup_a,startup_a,20250331,15,4148.0,90,0,ids,-0.4548633582668873,0.5439830215376626,4.666666666666667,5.1833333333333345,0.2222222222222222,0.8630952380952377
2025.03.31startup_a,startup_a,20250331,16,4029.0,90,1,ids,0.3809230864419527,-0.362469554926794,8.666666666666666,-0.6197802197802201,0.35714285714285715,-0.1565934065934066
2025.03.31startup_a,startup_a,20250331,16,3240.0,90,0,ids,-0.0011331315476491904,-0.023569434785289212,0.0,,0.5,
2025.03.31startup_a,startup_a,20250331,16,3308.0,90,0,ids,-0.10712996770649003,0.012796732817437881,2.6666666666666665,17.5,0.8,
2025.03.31startup_a,startup_a,20250331,16,3015.0,90,0,ids,0.4237001676201473,-0.10029465704271885,1.3333333333333333,,0.6666666666666666,
2025.03.31startup_a,startup_a,20250331,17,4052.0,90,1,ids,0.11998992722694363,0.426653493991097,9.333333333333334,0.5142857142857143,0.4,0.013186813186813242
2025.03.31startup_a,startup_a,20250331,17,4176.0,90,0,ids,-0.08593505868501719,0.46191295654953823,3.3333333333333335,10.857142857142854,0.14285714285714285,0.7000000000000001
2025.03.31startup_a,startup_a,20250331,17,3751.0,90,0,ids,-0.11867421745995621,0.23800420300097316,3.3333333333333335,14.942857142857143,0.6666666666666666,5.3
2025.03.31startup_a,startup_a,20250331,17,2219.0,90,0,ids,-0.005894796401982791,-0.09070083410817781,3.3333333333333335,-3.942857142857149,0.5,2.4456081560049633e-16
2025.03.31startup_a,startup_a,20250331,18,4280.0,90,1,ids,0.13255613976323888,-0.02372341620229511,1.3333333333333333,,0.6666666666666666,
2025.03.31startup_a,startup_a,20250331,18,2474.0,90,0,ids,0.19552192180493075,-0.1552294562529398,2.0,2.342857142857142,0.6666666666666666,-11.2
2025.03.31startup_a,startup_a,20250331,18,3835.0,90,0,ids,0.09581888910877606,-0.1492236552534814,1.3333333333333333,,0.6666666666666666,
2025.03.31startup_a,startup_a,20250331,18,3098.0,90,0,ids,-0.06980467269264701,-0.10389934445361101,1.3333333333333333,,0.6666666666666666,
2025.03.31startup_a,startup_a,20250331,19,4665.0,90,1,ids,0.14417292222580827,-0.2407771449864715,6.666666666666667,1.381818181818182,0.2727272727272727,-0.4787878787878781
2025.03.31startup_a,startup_a,20250331,19,3689.0,90,0,ids,0.043709193547796434,0.014584010010543718,5.333333333333333,0.8333333333333317,0.3333333333333333,0.47023809523809496
2025.03.31startup_a,startup_a,20250331,19,2688.0,90,0,ids,0.14659588482261166,-0.14182185861311428,5.333333333333333,-0.46666666666666734,0.3333333333333333,0.22619047619047608
2025.03.31startup_a,startup_a,20250331,19,3178.0,90,0,ids,-0.18495710020381917,0.11430466354518524,,,,
2025.03.31startup_a,startup_a,20250331,20,4704.0,90,1,ids,0.0503192097426428,0.10972814235805915,6.0,5.387878787878786,0.5,-1.3166666666666673
2025.03.31startup_a,startup_a,20250331,20,3792.0,90,0,ids,-0.19246598111965768,0.102570860840464,1.3333333333333333,,1.0,
2025.03.31startup_a,startup_a,20250331,20,4480.0,90,0,ids,0.009432251329848236,-0.2325400584701372,6.0,4.157575757575757,0.4,-1.7416666666666671
2025.03.31startup_a,startup_a,20250331,20,4522.0,90,0,ids,-0.1552292694305283,0.42804197289213336,3.3333333333333335,3.2499999999999982,0.42857142857142855,0.9142857142857148
2025.03.31startup_a,startup_a,20250331,21,4858.0,90,1,ids,0.19368586641416363,-0.25246163147712875,4.666666666666667,-0.2500000000000032,0.6666666666666666,0.827380952380952
2025.03.31startup_a,startup_a,20250331,21,2145.0,90,0,ids,0.10969886421966599,0.012995049799218034,2.6666666666666665,-15.199999999999998,0.8,
2025.03.31startup_a,startup_a,20250331,21,3141.0,90,0,ids,-0.05433906198875287,0.15937837772338523,1.3333333333333333,,0.75,
2025.03.31startup_a,startup_a,20250331,21,4521.0,90,0,ids,-0.15508607487658466,0.42661027372306465,3.3333333333333335,3.2499999999999982,0.42857142857142855,0.9142857142857148
2025.03.31startup_a,startup_a,20250331,22,5051.0,90,1,conclude,0.348044300285278,-0.14575106309408886,3.3333333333333335,2.799999999999998,0.5,0.8499999999999994
2025.03.31startup_a,startup_a,20250331,22,2142.0,90,0,rock_review,0.08697848717956393,0.05081597251966763,2.6666666666666665,-15.199999999999998,0.8,
2025.03.31startup_a,startup_a,20250331,22,3631.0,90,0,ids,-0.07342316484831604,0.5206699100311503,7.333333333333333,2.797202797202797,0.25,0.10909090909090906
2025.03.31startup_a,startup_a,20250331,22,1165.0,90,0,segue,0.1316963562298685,-0.03705094607648556,2.0,,0.5,
2025.03.31startup_b,startup_b,20250331,0,61.0,90,1,,0.36126248394349475,-0.25319893860345793,1.3333333333333333,,0.25,
2025.03.31startup_b,startup_b,20250331,0,3434.0,90,0,ids,0.20255776644406004,-0.07875018500559985,4.666666666666667,7.65,0.1111111111111111,0.47023809523809484
2025.03.31startup_b,startup_b,20250331,0,4340.0,90,0,ids,-0.1610757650436786,0.038455857273924664,2.0,,0.5,
2025.03.31startup_b,startup_b,20250331,0,4819.0,90,0,ids,-0.032234727496623226,0.022215661810526057,1.3333333333333333,37.60000000000001,0.8,
2025.03.31startup_b,startup_b,20250331,1,114.0,90,1,segue,0.31877892838835725,-0.452412523925962,5.333333333333333,0.433333333333333,0.3333333333333333,-0.6130952380952381
2025.03.31startup_b,startup_b,20250331,1,4788.0,90,0,ids,-0.3449563866622025,0.11781399983721404,1.3333333333333333,8.299999999999994,0.8,
2025.03.31startup_b,startup_b,20250331,1,3026.0,90,0,ids,-0.03350043245012995,-0.020004593435280427,1.3333333333333333,,0.3333333333333333,
2025.03.31startup_b,startup_b,20250331,1,1594.0,90,0,todo,0.02999333514279739,-0.280002826820707,2.0,,0.5,
2025.03.31startup_b,startup_b,20250331,2,285.0,90,1,segue,0.2720397381688451,-0.13405130449865343,1.3333333333333333,,0.3333333333333333,
2025.03.31startup_b,startup_b,20250331,2,4148.0,90,0,ids,0.05259331652093517,-0.002859073703021703,0.0,,0.5,
2025.03.31startup_b,startup_b,20250331,2,4404.0,90,0,ids,-0.014807383285664874,-0.01340449866875288,1.3333333333333333,,0.6666666666666666,
2025.03.31startup_b,startup_b,20250331,2,4215.0,90,0,ids,0.3964161930114123,-0.15197785672628614,2.0,,0.75,
2025.03.31startup_b,startup_b,20250331,3,442.0,90,1,segue,-0.31586261425782586,0.031029963435855134,3.3333333333333335,8.250000000000002,0.5714285714285714,-1.1
2025.03.31startup_b,startup_b,20250331,3,3715.0,90,0,ids,-0.08600620125332559,0.07511517336177924,0.6666666666666666,,0.6666666666666666,
2025.03.31startup_b,startup_b,20250331,3,2606.0,90,0,ids,0.2356386632351125,-0.06118483041402719,2.6666666666666665,3.9000000000000035,0.4,
2025.03.31startup_b,startup_b,20250331,3,2952.0,90,0,ids,0.018617540853686235,-0.0006895734164855829,0.0,,1.0,
2025.03.31startup_b,startup_b,20250331,4,472.0,90,1,segue,-0.02607529041925626,-0.29595610761362806,4.666666666666667,-2.483333333333337,0.2222222222222222,0.16666666666666657
2025.03.31startup_b,startup_b,20250331,4,2765.0,90,0,ids,-0.3258017426364936,0.24460141605471253,3.3333333333333335,9.071428571428566,0.5714285714285714,-0.9571428571428565
2025.03.31startup_b,startup_b,20250331,4,3244.0,90,0,ids,0.13690737409112383,-0.01612618425214852,2.0,,0.5,
2025.03.31startup_b,startup_b,20250331,4,3145.0,90,0,ids,-0.263959017897026,0.06452595523080042,2.0,14.700000000000001,0.4,
2025.03.31startup_b,startup_b,20250331,5,689.0,90,1,scorecard,0.5388769546768338,-0.32669311248561733,1.3333333333333333,,0.6666666666666666,
2025.03.31startup_b,startup_b,20250331,5,564.0,90,0,scorecard,0.10835193305674906,0.4926966847455878,4.0,25.57142857142857,0.2857142857142857,0.8000000000000005
2025.03.31startup_b,startup_b,20250331,5,585.0,90,0,scorecard,-0.14776335951712344,0.42819468969592883,2.0,,0.25,
2025.03.31startup_b,startup_b,20250331,5,567.0,90,0,scorecard,0.07639093796934361,0.5201451863534732,3.3333333333333335,32.285714285714285,0.3333333333333333,0.6
2025.03.31startup_b,startup_b,20250331,6,738.0,90,1,scorecard,-0.04977132693020265,0.0031661129538905846,2.6666666666666665,4.8000000000000025,0.6,
2025.03.31startup_b,startup_b,20250331,6,566.0,90,0,scorecard,0.08595233367665708,0.5119871119419287,3.3333333333333335,32.285714285714285,0.3333333333333333,0.6
2025.03.31startup_b,startup_b,20250331,6,565.0,90,0,scorecard,0.09673379875702805,0.5027020838530853,3.3333333333333335,32.285714285714285,0.3333333333333333,0.6
2025.03.31startup_b,startup_b,20250331,6,576.0,90,0,scorecard,-0.02265310680803335,0.49403219084646366,2.0,,0.25,
2025.03.31startup_b,startup_b,20250331,7,786.0,90,1,scorecard,0.22606511251945993,-0.4435346500637391,4.0,-3.892857142857149,0.42857142857142855,-0.14285714285714377
2025.03.31startup_b,startup_b,20250331,7,599.0,90,0,scorecard,-0.3862158821601663,0.2773363004328527,1.3333333333333333,,0.3333333333333333,
2025.03.31startup_b,startup_b,20250331,7,570.0,90,0,scorecard,0.04679857944450572,0.5177404516544306,2.6666666666666665,40.199999999999996,0.4,
2025.03.31startup_b,startup_b,20250331,7,593.0,90,0,scorecard,-0.28929762856363794,0.3380993073854937,2.0,,0.25,
2025.03.31startup_b,startup_b,20250331,8,907.0,90,1,scorecard,-0.28689109181159705,0.11345205705604024,0.6666666666666666,,0.6666666666666666,
2025.03.31startup_b,startup_b,20250331,8,565.0,90,0,scorecard,0.09673379875702805,0.5027020838530853,3.3333333333333335,32.285714285714285,0.3333333333333333,0.6
2025.03.31startup_b,startup_b,20250331,8,576.0,90,0,scorecard,-0.02265310680803335,0.49403219084646366,2.0,,0.25,
2025.03.31startup_b,startup_b,20250331,8,563.0,90,0,scorecard,0.11985027883847447,0.4822995882037435,4.0,25.57142857142857,0.2857142857142857,0.8000000000000005
2025.03.31startup_b,startup_b,20250331,9,1043.0,90,1,scorecard,-0.010966752550303858,-0.12431060261324922,4.0,-0.9999999999999988,0.5,0.6607142857142861
2025.03.31startup_b,startup_b,20250331,9,577.0,90,0,scorecard,-0.03600333380786545,0.49027924412138096,2.0,,0.25,
2025.03.31startup_b,startup_b,20250331,9,583.0,90,0,scorecard,-0.12017274661097756,0.4448625385241692,2.0,,0.25,
2025.03.31startup_b,startup_b,20250331,9,580.0,90,0,scorecard,-0.0785850860239454,0.4757838007674477,2.0,,0.25,
2025.03.31startup_b,startup_b,20250331,10,1095.0,90,1,scorecard,-0.20215227500113186,0.39085197793238374,2.6666666666666665,2.457142857142857,0.6666666666666666,1.2500000000000004
2025.03.31startup_b,startup_b,20250331,10,596.0,90,0,scorecard,-0.3419096423535157,0.30216699165520666,1.3333333333333333,,0.3333333333333333,
2025.03.31startup_b,startup_b,20250331,10,576.0,90,0,scorecard,-0.02265310680803335,0.49403219084646366,2.0,,0.25,
2025.03.31startup_b,startup_b,20250331,10,577.0,90,0,scorecard,-0.03600333380786545,0.49027924412138096,2.0,,0.25,
2025.03.31startup_b,startup_b,20250331,11,1149.0,90,1,scorecard,0.20714707635357626,0.018815483074755193,3.3333333333333335,-0.2285714285714316,0.5,-1.1499999999999997
2025.03.31startup_b,startup_b,20250331,11,589.0,90,0,scorecard,-0.21452262457044793,0.3860685653277315,2.0,,0.25,
2025.03.31startup_b,startup_b,20250331,11,575.0,90,0,scorecard,-0.009678356183688378,0.49724742441476844,2.0,,0.25,
2025.03.31startup_b,startup_b,20250331,11,572.0,90,0,scorecard,0.02659442114703138,0.5131043512317294,2.6666666666666665,40.199999999999996,0.4,
2025.03.31startup_b,startup_b,20250331,12,1180.0,90,1,rock_review,0.27146650102159353,-0.29298124064562614,4.0,-5.785714285714291,0.42857142857142855,1.3142857142857147
2025.03.31startup_b,startup_b,20250331,12,1327.0,90,0,rock_review,-0.08145432616008669,0.12911427847306675,2.6666666666666665,19.000000000000007,0.8,
2025.03.31startup_b,startup_b,20250331,12,1325.0,90,0,rock_review,-0.06846213356270284,0.1456472795621774,2.6666666666666665,19.000000000000007,0.8,
2025.03.31startup_b,startup_b,20250331,12,1330.0,90,0,rock_review,-0.10838906866066579,0.10742481852072673,2.6666666666666665,19.000000000000007,0.8,
2025.03.31startup_b,startup_b,20250331,13,1205.0,90,1,rock_review,0.30795386550333004,-0.5556037090165595,6.0,-0.5818181818181823,0.2,-0.041666666666666734
2025.03.31startup_b,startup_b,20250331,13,1328.0,90,0,rock_review,-0.08919688795836614,0.12015020047598293,2.6666666666666665,19.000000000000007,0.8,
2025.03.31startup_b,startup_b,20250331,13,1327.0,90,0,rock_review,-0.08145432616008669,0.12911427847306675,2.6666666666666665,19.000000000000007,0.8,
2025.03.31startup_b,startup_b,20250331,13,1325.0,90,0,rock_review,-0.06846213356270284,0.1456472795621774,2.6666666666666665,19.000000000000007,0.8,
2025.03.31startup_b,startup_b,20250331,14,1235.0,90,1,rock_review,-0.11214886863420562,0.08193726601920685,6.666666666666667,3.3636363636363638,0.2727272727272727,-0.5787878787878791
2025.03.31startup_b,startup_b,20250331,14,1329.0,90,0,rock_review,-0.09828700330897674,0.1106426243263447,2.6666666666666665,19.000000000000007,0.8,
2025.03.31startup_b,startup_b,20250331,14,1327.0,90,0,rock_review,-0.08145432616008669,0.12911427847306675,2.6666666666666665,19.000000000000007,0.8,
2025.03.31startup_b,startup_b,20250331,14,1326.0,90,0,rock_review,-0.07459758823627219,0.13758516532654436,2.6666666666666665,19.000000000000007,0.8,
2025.03.31startup_b,startup_b,20250331,15,1420.0,90,1,rock_review,0.570148768813091,-0.5736155103113241,4.0,-1.2857142857142918,0.0,1.7285714285714298
2025.03.31startup_b,startup_b,20250331,15,1329.0,90,0,rock_review,-0.09828700330897674,0.1106426243263447,2.6666666666666665,19.000000000000007,0.8,
2025.03.31startup_b,startup_b,20250331,15,1325.0,90,0,rock_review,-0.06846213356270284,0.1456472795621774,2.6666666666666665,19.000000000000007,0.8,
2025.03.31startup_b,startup_b,20250331,15,1328.0,90,0,rock_review,-0.08919688795836614,0.12015020047598293,2.6666666666666665,19.000000000000007,0.8,
2025.03.31startup_b,startup_b,20250331,16,1698.0,90,1,todo,-0.13987741183178307,0.25737413828916966,6.666666666666667,0.39090909090909104,0.09090909090909091,0.024242424242424395
2025.03.31startup_b,startup_b,20250331,16,1538.0,90,0,todo,0.12556342283766994,-0.15406964024188033,2.0,,0.25,
2025.03.31startup_b,startup_b,20250331,16,1573.0,90,0,todo,-0.1682457907572177,-0.17936841279894286,3.3333333333333335,-0.25714285714285856,0.3333333333333333,1.8500000000000003
2025.03.31startup_b,startup_b,20250331,16,1595.0,90,0,todo,0.045873069418015625,-0.2838832187956179,2.0,,0.5,
2025.03.31startup_b,startup_b,20250331,17,1788.0,90,1,todo,0.12550551425388742,-0.07769679527363767,2.6666666666666665,-8.299999999999999,0.4,
2025.03.31startup_b,startup_b,20250331,17,1522.0,90,0,todo,0.1445342109565618,-0.046144065258881845,2.0,,0.5,
2025.03.31startup_b,startup_b,20250331,17,1607.0,90,0,todo,0.22888290257079627,-0.33155726446336786,4.0,2.3214285714285703,0.42857142857142855,-2.7000000000000015
2025.03.31startup_b,startup_b,20250331,17,1510.0,90,0,todo,0.002728141010724965,0.20557657593114723,3.3333333333333335,0.17142857142856763,0.3333333333333333,-0.09999999999999995
2025.03.31startup_b,startup_b,20250331,18,1935.0,90,1,todo,0.028328001950604458,-0.25906363745336103,6.0,-1.2181818181818167,0.1,0.633333333333334
2025.03.31startup_b,startup_b,20250331,18,1524.0,90,0,todo,0.14968544829694838,-0.06528934144112662,2.0,,0.5,
2025.03.31startup_b,startup_b,20250331,18,1532.0,90,0,todo,0.13472161401763819,-0.11095834106966584,1.3333333333333333,,0.3333333333333333,
2025.03.31startup_b,startup_b,20250331,18,1574.0,90,0,todo,-0.1670192257264747,-0.18385626130748203,3.3333333333333335,-0.25714285714285856,0.3333333333333333,1.8500000000000003
2025.03.31startup_b,startup_b,20250331,19,1979.0,90,1,todo,0.14985399138037941,-0.7657245237435022,8.0,-0.20879120879120863,0.3076923076923077,-0.5541958041958035
2025.03.31startup_b,startup_b,20250331,19,1570.0,90,0,todo,-0.16679183266644076,-0.17205141884729044,3.3333333333333335,-0.25714285714285856,0.3333333333333333,1.8500000000000003
2025.03.31startup_b,startup_b,20250331,19,1568.0,90,0,todo,-0.16278056090396864,-0.17538488276814487,3.3333333333333335,-0.25714285714285856,0.3333333333333333,1.8500000000000003
2025.03.31startup_b,startup_b,20250331,19,1516.0,90,0,todo,0.0971594644690113,0.06525977896122467,2.6666666666666665,-5.699999999999991,0.4,
2025.03.31startup_b,startup_b,20250331,20,2031.0,90,1,ids,-0.13684434167899798,0.6213037409689451,7.333333333333333,1.3741258741258735,0.3333333333333333,0.1272727272727273
2025.03.31startup_b,startup_b,20250331,20,4421.0,90,0,ids,0.004151823684465009,-0.0005999938234786078,1.3333333333333333,,0.6666666666666666,
2025.03.31startup_b,startup_b,20250331,20,2898.0,90,0,ids,-0.3437342940526652,0.06161215049756031,0.6666666666666666,,0.6666666666666666,
2025.03.31startup_b,startup_b,20250331,20,4974.0,90,0,ids,-0.0643761506838596,0.031388141015530044,0.6666666666666666,,0.3333333333333333,
2025.03.31startup_b,startup_b,20250331,21,2225.0,90,1,ids,0.10294830781114035,-0.42099667016397646,4.0,-2.595238095238093,0.5,-0.0535714285714285
2025.03.31startup_b,startup_b,20250331,21,2706.0,90,0,ids,0.009490223253407478,-0.18133126141684017,4.0,-1.7857142857142803,0.625,1.9464285714285723
2025.03.31startup_b,startup_b,20250331,21,3019.0,90,0,ids,0.07339296334951075,-0.028980883259544093,1.3333333333333333,,0.3333333333333333,
2025.03.31startup_b,startup_b,20250331,21,2603.0,90,0,ids,0.2078935142036228,-0.0015022575313970422,2.6666666666666665,3.9000000000000035,0.4,
2025.03.31startup_b,startup_b,20250331,22,2415.0,90,1,ids,0.3883421374933645,-0.14496361486089304,2.6666666666666665,-3.7000000000000006,0.6,
2025.03.31startup_b,startup_b,20250331,22,4218.0,90,0,ids,0.3487551486169242,-0.12967440365021676,2.0,,0.75,
2025.03.31startup_b,startup_b,20250331,22,4047.0,90,0,ids,-0.3789812460031961,0.12127121299689098,0.0,,1.0,
2025.03.31startup_b,startup_b,20250331,22,3138.0,90,0,ids,-0.18828369388634839,0.02459405849770605,2.0,,0.25,
2025.03.31startup_b,startup_b,20250331,23,2440.0,90,1,ids,0.1106252076006767,-0.4029507937922407,4.0,-1.0714285714285743,0.5714285714285714,1.4142857142857157
2025.03.31startup_b,startup_b,20250331,23,3994.0,90,0,ids,-0.08954047800327077,0.013406761377146078,3.3333333333333335,11.971428571428572,0.3333333333333333,1.55
2025.03.31startup_b,startup_b,20250331,23,3525.0,90,0,ids,0.14201885130200556,-0.05493317753295445,3.3333333333333335,3.5142857142857102,0.16666666666666666,0.8499999999999999
2025.03.31startup_b,startup_b,20250331,23,2894.0,90,0,ids,-0.3540291955974947,0.09025335124796745,0.6666666666666666,,0.6666666666666666,
2025.03.31startup_b,startup_b,20250331,24,2455.0,90,1,ids,0.09510358876766768,-0.627816075877415,5.333333333333333,-1.9666666666666686,0.5555555555555556,1.1904761904761898
2025.03.31startup_b,startup_b,20250331,24,3768.0,90,0,ids,-0.005646518418063107,-0.07905841077204377,2.6666666666666665,-2.7142857142857224,0.8333333333333334,-0.20000000000000026
2025.03.31startup_b,startup_b,20250331,24,3461.0,90,0,ids,-0.21282513009580062,0.062356142033662174,2.6666666666666665,20.900000000000002,0.2,
2025.03.31startup_b,startup_b,20250331,24,3140.0,90,0,ids,-0.21251543768942888,0.03919159751362634,2.0,,0.25,
2025.03.31startup_b,startup_b,20250331,25,2481.0,90,1,ids,0.11589695014150028,-0.8280024348641339,4.666666666666667,1.0833333333333333,0.375,-0.6607142857142857
2025.03.31startup_b,startup_b,20250331,25,4069.0,90,0,ids,-0.07753705004149129,0.006576731216889315,0.0,,1.0,
2025.03.31startup_b,startup_b,20250331,25,4153.0,90,0,ids,0.10811532880258694,-0.010921096295417274,0.0,,0.5,
2025.03.31startup_b,startup_b,20250331,25,3975.0,90,0,ids,0.4105271359488758,-0.17077410446442334,4.0,1.714285714285702,0.42857142857142855,-2.2712766484076146e-16
2025.03.31startup_b,startup_b,20250331,26,2512.0,90,1,ids,-0.09376508269977502,0.055587755174015534,8.666666666666666,0.8153846153846153,0.2857142857142857,-0.052197802197802165
2025.03.31startup_b,startup_b,20250331,26,2618.0,90,0,ids,0.29605251041370106,-0.2008596856679001,3.3333333333333335,17.314285714285713,0.5,-3.1500000000000004
2025.03.31startup_b,startup_b,20250331,26,3185.0,90,0,ids,-0.2137567107305865,0.06422209374710322,0.6666666666666666,,0.3333333333333333,
2025.03.31startup_b,startup_b,20250331,26,2748.0,90,0,ids,-0.28682217616530625,0.13247691313605006,4.0,11.107142857142854,0.5714285714285714,1.0000000000000007
2025.03.31startup_b,startup_b,20250331,27,3623.0,90,1,ids,0.33100220997135893,-0.3275907670371866,3.3333333333333335,-4.114285714285721,0.3333333333333333,3.4500000000000006
2025.03.31startup_b,startup_b,20250331,27,4204.0,90,0,ids,0.4690721081294011,-0.18461148664607577,2.6666666666666665,-7.499999999999995,0.8,
2025.03.31startup_b,startup_b,20250331,27,5025.0,90,0,ids,0.2914046845918259,-0.10675066095303638,0.6666666666666666,,0.5,
2025.03.31startup_b,startup_b,20250331,27,4477.0,90,0,ids,0.1361406366678978,-0.05560889241215936,,,,
2025.03.31startup_b,startup_b,20250331,28,4614.0,90,1,ids,0.227001721520618,-0.2170940254476092,4.666666666666667,2.1904761904761907,0.125,-0.2678571428571429
2025.03.31startup_b,startup_b,20250331,28,2734.0,90,0,ids,-0.031044391118808225,-0.053676080607265524,4.0,11.107142857142854,0.5714285714285714,1.0000000000000007
2025.03.31startup_b,startup_b,20250331,28,4065.0,90,0,ids,-0.125136820680649,0.015503866323248128,0.0,,1.0,
2025.03.31startup_b,startup_b,20250331,28,3337.0,90,0,ids,0.08774656137648229,-0.006812547804980669,0.0,,1.0,
2025.03.31startup_b,startup_b,20250331,29,4639.0,90,1,ids,0.029807176033269305,-0.26106537703403665,3.3333333333333335,0.6285714285714242,0.3333333333333333,1.9999999999999998
2025.03.31startup_b,startup_b,20250331,29,2691.0,90,0,ids,-0.1319150583256078,0.019678354365815887,1.3333333333333333,,0.75,
2025.03.31startup_b,startup_b,20250331,29,4168.0,90,0,ids,0.3050889284271865,-0.09343649190331804,0.0,,0.5,
2025.03.31startup_b,startup_b,20250331,29,4966.0,90,0,ids,-0.04094376070415419,0.021326694365627917,1.3333333333333333,,0.25,
2025.03.31startup_b,startup_b,20250331,30,5253.0,90,1,ids,0.0996957619206365,-0.0334429412540373,0.0,,1.0,
2025.03.31startup_b,startup_b,20250331,30,3917.0,90,0,ids,-0.04792794631752275,0.026520695723633726,0.0,,1.0,
2025.03.31startup_b,startup_b,20250331,30,4131.0,90,0,ids,0.0,2.0964868185876535e-16,0.0,,0.6666666666666666,
2025.03.31startup_b,startup_b,20250331,30,4849.0,90,0,ids,-0.00660502877145375,0.015794608544885503,0.0,,1.0,
2025.03.31startup_b,startup_b,20250331,31,5324.0,90,1,ids,0.34722696984455664,-0.38272456789424847,2.6666666666666665,3.9,0.4,
2025.03.31startup_b,startup_b,20250331,31,4876.0,90,0,ids,0.0,2.0964868185876535e-16,0.0,,0.5,
2025.03.31startup_b,startup_b,20250331,31,3323.0,90,0,ids,-0.05196703539225795,0.0023849176507035807,0.0,,1.0,
2025.03.31startup_b,startup_b,20250331,31,4863.0,90,0,ids,0.0,2.0964868185876535e-16,0.0,,0.5,
2025.03.31startup_b,startup_b,20250331,32,5340.0,90,1,ids,0.21972561833888477,-0.281059920884472,3.3333333333333335,2.9714285714285706,0.3333333333333333,1.25
2025.03.31startup_b,startup_b,20250331,32,2325.0,90,0,ids,-0.2793454697056108,0.17433068232074844,2.6666666666666665,12.300000000000006,0.4,
2025.03.31startup_b,startup_b,20250331,32,3262.0,90,0,ids,-0.2835174543812099,0.09100475209488056,2.0,35.300000000000004,0.6,
2025.03.31startup_b,startup_b,20250331,32,2882.0,90,0,ids,-0.30882263572814855,0.08537493164658981,0.6666666666666666,,0.5,
2025.03.31startup_b,startup_b,20250331,33,5376.0,90,1,ids,0.10653213101026299,-0.5422638905656246,6.0,-0.7212121212121205,0.1,-0.5833333333333341
2025.03.31startup_b,startup_b,20250331,33,3040.0,90,0,ids,-0.21076848362334136,-0.01384320785013239,1.3333333333333333,,0.3333333333333333,
2025.03.31startup_b,startup_b,20250331,33,5119.0,90,0,ids,0.11917057571398337,0.12440165012275177,2.6666666666666665,0.7000000000000005,0.8,
2025.03.31startup_b,startup_b,20250331,33,3248.0,90,0,ids,0.03200904867199923,0.008292719348118312,2.0,35.300000000000004,0.6,
2025.03.31startup_b,startup_b,20250331,34,5570.0,90,1,ids,0.2780080497089206,-0.38609213898993716,4.666666666666667,1.3928571428571435,0.25,0.7321428571428571
2025.03.31startup_b,startup_b,20250331,34,2917.0,90,0,ids,-0.2977890316186872,0.05554612410602507,0.0,,1.0,
2025.03.31startup_b,startup_b,20250331,34,4058.0,90,0,ids,-0.2185572325865441,0.04226735484677434,0.0,,1.0,
2025.03.31startup_b,startup_b,20250331,34,2624.0,90,0,ids,0.2815974778844148,-0.19242329036539266,2.6666666666666665,16.2,0.6,
2025.03.31startup_b,startup_b,20250331,35,5722.0,90,1,ids,-0.2202982763673492,0.1991342143400616,2.6666666666666665,8.199999999999998,0.16666666666666666,0.7999999999999996
2025.03.31startup_b,startup_b,20250331,35,3870.0,90,0,ids,0.10725210915048573,-0.020290573174544996,0.0,,1.0,
2025.03.31startup_b,startup_b,20250331,35,3725.0,90,0,ids,-0.04179660896650735,-0.017956904217629233,0.6666666666666666,,0.6666666666666666,
2025.03.31startup_b,startup_b,20250331,35,4523.0,90,0,ids,0.2096469633951824,-0.09469552431333073,2.0,,0.25,
2025.03.31startup_b,startup_b,20250331,36,5751.0,90,1,ids,0.4333725814388199,-0.3993015176930839,2.0,,0.5,
2025.03.31startup_b,startup_b,20250331,36,4156.0,90,0,ids,0.1455555408306427,-0.01876362918389312,0.0,,0.5,
2025.03.31startup_b,startup_b,20250331,36,2911.0,90,0,ids,-0.3238714622132568,0.05914429167248082,0.6666666666666666,,0.6666666666666666,
2025.03.31startup_b,startup_b,20250331,36,3405.0,90,0,ids,0.3284336752597996,-0.09118313119668374,2.6666666666666665,-0.20000000000000237,0.16666666666666666,0.3999999999999998
2025.03.31startup_b,startup_b,20250331,37,5780.0,90,1,ids,0.496851833255661,-0.9741177498435903,3.3333333333333335,-10.178571428571422,0.375,1.0535714285714306
2025.03.31startup_b,startup_b,20250331,37,3274.0,90,0,ids,-0.44158582790043743,0.11826702221145552,2.0,35.300000000000004,0.6,
2025.03.31startup_b,startup_b,20250331,37,4056.0,90,0,ids,-0.24679774650104336,0.05089823736281715,0.0,,1.0,
2025.03.31startup_b,startup_b,20250331,37,3182.0,90,0,ids,-0.2666413577634976,0.0989016466911679,0.6666666666666666,,0.3333333333333333,
2025.03.31startup_b,startup_b,20250331,38,5941.0,90,1,ids,0.2554793305143563,-0.3178898774295077,3.3333333333333335,5.457142857142853,0.6666666666666666,-3.0000000000000004
2025.03.31startup_b,startup_b,20250331,38,4957.0,90,0,ids,-0.003253955658546343,0.003998984467814927,1.3333333333333333,,0.25,
2025.03.31startup_b,startup_b,20250331,38,4414.0,90,0,ids,0.02111035570695202,-0.013288484711856171,1.3333333333333333,,0.6666666666666666,
2025.03.31startup_b,startup_b,20250331,38,3437.0,90,0,ids,0.1823692918350064,-0.06832689537200395,4.666666666666667,7.65,0.1111111111111111,0.47023809523809484
2025.03.31startup_b,startup_b,20250331,39,6109.0,90,1,ids,-0.034392462952505753,0.24884673615386493,3.3333333333333335,14.971428571428572,0.3333333333333333,-2.1
2025.03.31startup_b,startup_b,20250331,39,4274.0,90,0,ids,-0.26678018646122115,0.1232806462763672,1.3333333333333333,,0.6666666666666666,
2025.03.31startup_b,startup_b,20250331,39,4389.0,90,0,ids,-0.10940096484292988,0.009222975628927037,1.3333333333333333,,0.6666666666666666,
2025.03.31startup_b,startup_b,20250331,39,3188.0,90,0,ids,-0.15246381772930684,0.046055677155795144,0.6666666666666666,,0.3333333333333333,
2025.03.31startup_b,startup_b,20250331,40,6144.0,90,1,ids,0.16174932798957126,-0.2558498881180087,2.6666666666666665,-11.200000000000001,0.3333333333333333,1.4999999999999976
2025.03.31startup_b,startup_b,20250331,40,3255.0,90,0,ids,-0.14799538485063568,0.05097349017065579,2.0,35.300000000000004,0.6,
2025.03.31startup_b,startup_b,20250331,40,4825.0,90,0,ids,-0.02079276699309622,0.02202580592465685,0.6666666666666666,,0.75,
2025.03.31startup_b,startup_b,20250331,40,3764.0,90,0,ids,-0.012342546018142168,-0.06740904092617077,2.6666666666666665,-2.7142857142857224,0.8333333333333334,-0.20000000000000026
2025.03.31startup_b,startup_b,20250331,41,6204.0,90,1,conclude,0.2219112252216733,-0.38225060528682514,9.333333333333334,0.357142857142857,0.13333333333333333,0.18461538461538468
2025.03.31startup_b,startup_b,20250331,41,6294.0,90,0,conclude,-0.5442129417934689,0.3166830354277411,1.3333333333333333,,0.6666666666666666,
2025.03.31startup_b,startup_b,20250331,41,6296.0,90,0,conclude,-0.5023762310923799,0.24651851479917092,1.3333333333333333,,0.6666666666666666,
2025.03.31startup_b,startup_b,20250331,41,6295.0,90,0,conclude,-0.5240609925080367,0.2819412418671216,1.3333333333333333,,0.6666666666666666,
2025.04.07startup_a,startup_a,20250407,0,110.0,90,1,,-0.1461614549353759,-0.36840737229929643,6.666666666666667,-0.05454545454545424,0.2727272727272727,0.4575757575757574
2025.04.07startup_a,startup_a,20250407,0,893.0,90,0,headlines,-0.2271459016047139,0.03725758703060918,0.6666666666666666,,1.0,
2025.04.07startup_a,startup_a,20250407,0,4583.0,90,0,ids,-0.6470256400888398,0.2646010852147187,3.3333333333333335,7.999999999999994,0.5714285714285714,1.1000000000000012
2025.04.07startup_a,startup_a,20250407,0,4928.0,90,0,ids,0.07248590382203154,-0.01691252208398973,4.0,-5.142857142857147,0.14285714285714285,1.7285714285714295
2025.04.07startup_a,startup_a,20250407,1,276.0,90,1,segue,0.13513429660066162,-0.03340314391867721,1.3333333333333333,,0.25,
2025.04.07startup_a,startup_a,20250407,1,416.0,90,0,segue,0.010505278197825242,0.009304755500100329,3.3333333333333335,1.057142857142856,0.16666666666666666,1.1500000000000001
2025.04.07startup_a,startup_a,20250407,1,415.0,90,0,segue,-0.020332242163516395,0.021189262232268486,3.3333333333333335,1.057142857142856,0.16666666666666666,1.1500000000000001
2025.04.07startup_a,startup_a,20250407,1,410.0,90,0,segue,-0.1781240900439529,0.10216275088477937,2.0,,0.25,
2025.04.07startup_a,startup_a,20250407,2,320.0,90,1,segue,0.7285466294570007,-0.33245853443179185,4.666666666666667,-3.5666666666666695,0.4444444444444444,1.1130952380952377
2025.04.07startup_a,startup_a,20250407,2,410.0,90,0,segue,-0.1781240900439529,0.10216275088477937,2.0,,0.25,
2025.04.07startup_a,startup_a,20250407,2,415.0,90,0,segue,-0.020332242163516395,0.021189262232268486,3.3333333333333335,1.057142857142856,0.16666666666666666,1.1500000000000001
2025.04.07startup_a,startup_a,20250407,2,413.0,90,0,segue,-0.08309543166197435,0.04775903462091848,3.3333333333333335,1.057142857142856,0.16666666666666666,1.1500000000000001
2025.04.07startup_a,startup_a,20250407,3,510.0,90,1,segue,-0.4070670086566836,0.14899309400276306,3.3333333333333335,-2.11428571428572,0.6666666666666666,1.4499999999999988
2025.04.07startup_a,startup_a,20250407,3,413.0,90,0,segue,-0.08309543166197435,0.04775903462091848,3.3333333333333335,1.057142857142856,0.16666666666666666,1.1500000000000001
2025.04.07startup_a,startup_a,20250407,3,412.0,90,0,segue,-0.11477226270368142,0.06239640177999931,3.3333333333333335,1.057142857142856,0.16666666666666666,1.1500000000000001
2025.04.07startup_a,startup_a,20250407,3,410.0,90,0,segue,-0.1781240900439529,0.10216275088477937,2.0,,0.25,
2025.04.07startup_a,startup_a,20250407,4,571.0,90,1,rock_review,0.5453603873009999,-0.59999720692096,7.333333333333333,0.05594405594405664,0.3333333333333333,-0.763636363636364
2025.04.07startup_a,startup_a,20250407,4,795.0,90,0,rock_review,0.05656153734631337,-0.02578296122901577,0.0,,0.5,
2025.04.07startup_a,startup_a,20250407,4,770.0,90,0,rock_review,-0.3973758795449749,0.0973406373017281,0.6666666666666666,,0.25,
2025.04.07startup_a,startup_a,20250407,4,744.0,90,0,rock_review,-0.4103331623732122,0.1920252159033985,1.3333333333333333,,0.25,
2025.04.07startup_a,startup_a,20250407,5,590.0,90,1,rock_review,0.12843741787336424,-0.19279585288943132,7.333333333333333,1.0244755244755246,0.25,-0.17272727272727267
2025.04.07startup_a,startup_a,20250407,5,720.0,90,0,rock_review,-0.25825052766109896,0.15402690274423603,2.6666666666666665,10.714285714285715,0.3333333333333333,0.5499999999999998
2025.04.07startup_a,startup_a,20250407,5,801.0,90,0,rock_review,0.15636411308109938,-0.03483071533923447,0.0,,0.3333333333333333,
2025.04.07startup_a,startup_a,20250407,5,748.0,90,0,rock_review,-0.43537873923158227,0.1743621978315325,1.3333333333333333,,0.25,
2025.04.07startup_a,startup_a,20250407,6,620.0,90,1,rock_review,-0.1366146426880491,0.26071698464161835,8.666666666666666,1.567032967032967,0.2857142857142857,-0.3516483516483517
2025.04.07startup_a,startup_a,20250407,6,805.0,90,0,rock_review,0.19541628704753414,-0.03694360892700491,0.0,,0.3333333333333333,
2025.04.07startup_a,startup_a,20250407,6,758.0,90,0,rock_review,-0.44470882340629386,0.14757593595702828,1.3333333333333333,20.700000000000006,0.4,
2025.04.07startup_a,startup_a,20250407,6,770.0,90,0,rock_review,-0.3973758795449749,0.0973406373017281,0.6666666666666666,,0.25,
2025.04.07startup_a,startup_a,20250407,7,1191.0,90,1,headlines,0.4818650286074314,-0.3304743251600546,2.0,-18.400000000000002,0.2,
2025.04.07startup_a,startup_a,20250407,7,969.0,90,0,headlines,0.0,2.0964868185876535e-16,0.0,,1.0,
2025.04.07startup_a,startup_a,20250407,7,1053.0,90,0,headlines,0.5821482657422106,-0.33233797186865455,4.666666666666667,-7.988095238095228,0.5,3.017857142857146
2025.04.07startup_a,startup_a,20250407,7,1335.0,90,0,headlines,0.19883872632642552,-0.033594569444330626,1.3333333333333333,-21.999999999999993,0.6,
2025.04.07startup_a,startup_a,20250407,8,1519.0,90,1,headlines,0.3762625374483039,-0.1358333748953513,2.0,-11.114285714285723,0.16666666666666666,1.8000000000000005
2025.04.07startup_a,startup_a,20250407,8,1367.0,90,0,headlines,0.45721724011504933,-0.04081954075855327,2.0,11.099999999999998,0.6,
2025.04.07startup_a,startup_a,20250407,8,822.0,90,0,headlines,0.23398919089784348,-0.03827288538924891,1.3333333333333333,,0.75,
2025.04.07startup_a,startup_a,20250407,8,862.0,90,0,headlines,-0.11150461394777915,0.02246061537275957,1.3333333333333333,,0.75,
2025.04.07startup_a,startup_a,20250407,9,1715.0,90,1,todo,0.4335640099746043,-0.48838467453378565,8.0,0.675824175824176,0.15384615384615385,-0.1905594405594406
2025.04.07startup_a,startup_a,20250407,9,1616.0,90,0,todo,-0.22457003482398763,0.408401502195082,6.0,3.6666666666666656,0.5,0.6500000000000005
2025.04.07startup_a,startup_a,20250407,9,1614.0,90,0,todo,-0.20988616198025636,0.38208072302728974,6.666666666666667,3.645454545454545,0.45454545454545453,0.34545454545454524
2025.04.07startup_a,startup_a,20250407,9,1620.0,90,0,todo,-0.2478649977429364,0.45353808503025345,5.333333333333333,5.566666666666667,0.4444444444444444,0.4285714285714282
2025.04.07startup_a,startup_a,20250407,10,1743.0,90,1,todo,0.22627807729681573,-0.3999638074091119,8.0,1.071428571428572,0.15384615384615385,-0.07867132867132878
2025.04.07startup_a,startup_a,20250407,10,1613.0,90,0,todo,-0.19912678299452063,0.3720565344998408,6.666666666666667,3.645454545454545,0.45454545454545453,0.34545454545454524
2025.04.07startup_a,startup_a,20250407,10,1871.0,90,0,todo,-0.4507839508811256,0.4356977485968426,5.333333333333333,5.200000000000001,0.4444444444444444,0.2559523809523809
2025.04.07startup_a,startup_a,20250407,10,1624.0,90,0,todo,-0.2678307084523203,0.477141415730646,5.333333333333333,5.566666666666667,0.4444444444444444,0.4285714285714282
2025.04.07startup_a,startup_a,20250407,11,1781.0,90,1,todo,0.09387938481966727,-0.3869403977109346,10.0,-0.06617647058823514,0.25,-0.15178571428571427
2025.04.07startup_a,startup_a,20250407,11,1621.0,90,0,todo,-0.2546472959081369,0.4616024695407069,5.333333333333333,5.566666666666667,0.4444444444444444,0.4285714285714282
2025.04.07startup_a,startup_a,20250407,11,1609.0,90,0,todo,-0.14779494442953098,0.30013656668890315,6.666666666666667,3.645454545454545,0.45454545454545453,0.34545454545454524
2025.04.07startup_a,startup_a,20250407,11,1620.0,90,0,todo,-0.2478649977429364,0.45353808503025345,5.333333333333333,5.566666666666667,0.4444444444444444,0.4285714285714282
2025.04.07startup_a,startup_a,20250407,12,1963.0,90,1,ids,-0.2000421705347634,-0.13304945480241748,6.0,0.09090909090909101,0.16666666666666666,0.6409090909090909
2025.04.07startup_a,startup_a,20250407,12,3258.0,90,0,ids,-0.467260242397342,0.3767609870452691,6.0,3.787878787878786,0.5,-0.10833333333333355
2025.04.07startup_a,startup_a,20250407,12,4114.0,90,0,ids,0.1305229817391018,-0.04308143247274903,6.666666666666667,-0.9454545454545448,0.5454545454545454,0.5242424242424237
2025.04.07startup_a,startup_a,20250407,12,5323.0,90,0,ids,0.4314549468212812,-0.29489941001563713,6.0,0.6060606060606072,0.5,-0.2833333333333333
2025.04.07startup_a,startup_a,20250407,13,2229.0,90,1,ids,-0.2241171991891458,0.13707955132753114,3.3333333333333335,11.178571428571425,0.5714285714285714,0.057142857142857495
2025.04.07startup_a,startup_a,20250407,13,5482.0,90,0,ids,-0.09901662634639609,0.20493053243925768,3.3333333333333335,13.285714285714286,0.5,1.9500000000000006
2025.04.07startup_a,startup_a,20250407,13,2421.0,90,0,ids,-0.12835560181439992,0.02276427778132214,2.0,,1.0,
2025.04.07startup_a,startup_a,20250407,13,4121.0,90,0,ids,0.14251429709073463,-0.12479042438117768,6.0,-1.2181818181818183,0.6,0.7500000000000003
2025.04.07startup_a,startup_a,20250407,14,2292.0,90,1,ids,0.5794645172708819,-1.0561820373371182,6.666666666666667,-3.3811188811188826,0.4166666666666667,0.29545454545454547
2025.04.07startup_a,startup_a,20250407,14,5810.0,90,0,ids,-0.004508093697210065,0.07973116203411854,2.6666666666666665,26.399999999999995,0.2,
2025.04.07startup_a,startup_a,20250407,14,5292.0,90,0,ids,0.4414316054228844,-0.3473750010559396,6.666666666666667,0.45454545454545525,0.5454545454545454,0.06969696969696962
2025.04.07startup_a,startup_a,20250407,14,5204.0,90,0,ids,-0.20339761529021924,0.06007346898027525,6.0,4.042424242424242,0.1,-0.016666666666666555
2025.04.07startup_a,startup_a,20250407,15,2530.0,90,1,ids,-0.09919727823966921,-0.0722877142939182,0.0,,1.0,
2025.04.07startup_a,startup_a,20250407,15,4776.0,90,0,ids,-0.43244870568214744,0.2945602523135532,0.6666666666666666,,0.5,
2025.04.07startup_a,startup_a,20250407,15,5580.0,90,0,ids,0.09475759119501904,0.019491037282441087,3.3333333333333335,3.226190476190476,0.375,-1.3749999999999993
2025.04.07startup_a,startup_a,20250407,15,4766.0,90,0,ids,-0.5770853165679137,0.4064749342623666,1.3333333333333333,23.5,0.6,
2025.04.07startup_a,startup_a,20250407,16,2570.0,90,1,ids,0.6027111187850479,-0.8011790083242133,5.333333333333333,-5.833333333333336,0.1111111111111111,0.4702380952380949
2025.04.07startup_a,startup_a,20250407,16,2067.0,90,0,ids,-0.1313358585977568,0.07917421998094148,0.6666666666666666,,0.6666666666666666,
2025.04.07startup_a,startup_a,20250407,16,4541.0,90,0,ids,0.37444153096499067,-0.208288198036742,3.3333333333333335,-11.457142857142864,0.5,0.5499999999999998
2025.04.07startup_a,startup_a,20250407,16,5430.0,90,0,ids,-0.016147533418373102,0.01531958991261326,5.333333333333333,0.7499999999999978,0.3333333333333333,-0.10714285714285711
2025.04.07startup_a,startup_a,20250407,17,2970.0,90,1,ids,0.46314315730184935,-0.4811003638337659,3.3333333333333335,-1.0571428571428638,0.5,0.6500000000000001
2025.04.07startup_a,startup_a,20250407,17,5666.0,90,0,ids,0.1444513083224168,-0.23127842564539874,4.666666666666667,-0.6666666666666698,0.4444444444444444,-0.4166666666666667
2025.04.07startup_a,startup_a,20250407,17,4698.0,90,0,ids,0.3275276796540037,-0.3898917555854006,5.333333333333333,1.8166666666666667,0.3333333333333333,0.2321428571428571
2025.04.07startup_a,startup_a,20250407,17,2697.0,90,0,ids,-0.029050657197056455,0.019130649051705636,4.666666666666667,0.878787878787878,0.5,-0.4916666666666668
2025.04.07startup_a,startup_a,20250407,18,2988.0,90,1,ids,0.4296955267917079,-0.3272344585745831,4.666666666666667,-2.3333333333333304,0.5,-0.23214285714285685
2025.04.07startup_a,startup_a,20250407,18,5727.0,90,0,ids,-0.08543803935012742,0.14057982722733517,5.333333333333333,3.2833333333333314,0.6666666666666666,0.1726190476190475
2025.04.07startup_a,startup_a,20250407,18,4140.0,90,0,ids,0.01685319719944333,-0.1596027041652215,4.666666666666667,-2.7499999999999964,0.625,0.8750000000000004
2025.04.07startup_a,startup_a,20250407,18,4839.0,90,0,ids,0.1450777345351603,-0.06948063439593816,2.6666666666666665,1.7999999999999985,0.4,
2025.04.07startup_a,startup_a,20250407,19,3019.0,90,1,ids,0.13706874524315438,-0.20221872366943233,6.666666666666667,0.20000000000000043,0.36363636363636365,0.17878787878787863
2025.04.07startup_a,startup_a,20250407,19,2809.0,90,0,ids,-0.28777409998572995,0.21930422870606792,3.3333333333333335,12.485714285714286,0.5,-0.24999999999999903
2025.04.07startup_a,startup_a,20250407,19,4538.0,90,0,ids,0.4159391143270846,-0.23741381918580354,2.6666666666666665,-9.699999999999998,0.6,
2025.04.07startup_a,startup_a,20250407,19,5407.0,90,0,ids,-0.048780135409283616,0.027212235823812443,6.0,-0.21212121212121007,0.4,-0.008333333333333205
2025.04.07startup_a,startup_a,20250407,20,3368.0,90,1,ids,-0.1708207529902908,-0.11699428059536782,2.0,,0.75,
2025.04.07startup_a,startup_a,20250407,20,5664.0,90,0,ids,0.16242852748126924,-0.24322873785923768,4.0,1.1904761904761902,0.375,0.6785714285714289
2025.04.07startup_a,startup_a,20250407,20,4641.0,90,0,ids,0.2925169291621929,-0.04011120345057529,2.0,-1.900000000000002,0.4,
2025.04.07startup_a,startup_a,20250407,20,2053.0,90,0,ids,-0.297779025545776,0.3011790439502764,2.0,20.200000000000003,0.6,
2025.04.07startup_a,startup_a,20250407,21,3494.0,90,1,ids,-0.029618803392632856,0.15914934770774197,4.666666666666667,3.5500000000000003,0.7777777777777778,0.4047619047619046
2025.04.07startup_a,startup_a,20250407,21,5389.0,90,0,ids,-0.03840153887185567,0.18863178578685885,5.333333333333333,-1.5333333333333348,0.3333333333333333,0.4404761904761904
2025.04.07startup_a,startup_a,20250407,21,2862.0,90,0,ids,-0.10112090088071403,0.013151264548311361,1.3333333333333333,,0.5,
2025.04.07startup_a,startup_a,20250407,21,4535.0,90,0,ids,0.43874774766518765,-0.25624700580949794,2.6666666666666665,-9.699999999999998,0.6,
2025.04.07startup_a,startup_a,20250407,22,3603.0,90,1,ids,0.05268442219399109,-0.21726910464608565,8.0,-0.4835164835164831,0.46153846153846156,-0.0017482517482517153
2025.04.07startup_a,startup_a,20250407,22,3121.0,90,0,ids,-0.11722804570600431,0.11049691673244617,4.0,-5.0952380952380905,0.375,1.321428571428573
2025.04.07startup_a,startup_a,20250407,22,2721.0,90,0,ids,0.19016998041425207,-0.007860134312743954,5.333333333333333,3.1545454545454548,0.45454545454545453,-0.38484848484848494
2025.04.07startup_a,startup_a,20250407,22,4746.0,90,0,ids,-0.6217979180608172,0.41804740934733386,2.6666666666666665,17.71428571428572,0.3333333333333333,0.25000000000000017
2025.04.07startup_a,startup_a,20250407,23,3676.0,90,1,ids,0.10099710792189985,-0.049611724461626025,6.666666666666667,2.136363636363636,0.2727272727272727,-0.05757575757575753
2025.04.07startup_a,startup_a,20250407,23,4106.0,90,0,ids,0.07246026140877494,0.06764754309449998,6.0,-0.19999999999999976,0.4,0.03333333333333356
2025.04.07startup_a,startup_a,20250407,23,4788.0,90,0,ids,-0.1931639685998239,0.13704338271768896,0.0,,0.5,
2025.04.07startup_a,startup_a,20250407,23,4170.0,90,0,ids,-0.40123350260520574,0.24675818045248518,5.333333333333333,5.233333333333335,0.6666666666666666,0.40476190476190455
2025.04.07startup_a,startup_a,20250407,24,3785.0,90,1,ids,-0.14416451662827456,0.2528092054537199,8.666666666666666,0.30549450549450546,0.14285714285714285,-0.4175824175824173
2025.04.07startup_a,startup_a,20250407,24,5248.0,90,0,ids,-0.20121376980377878,0.04774812187947493,4.666666666666667,2.523809523809524,0.375,-0.07142857142857174
2025.04.07startup_a,startup_a,20250407,24,2391.0,90,0,ids,0.037411641282048255,0.2080490471321717,2.0,,0.75,
2025.04.07startup_a,startup_a,20250407,24,3138.0,90,0,ids,0.23095489905513597,-0.15695385982273347,4.666666666666667,3.6309523809523796,0.375,0.07142857142857129
2025.04.07startup_a,startup_a,20250407,25,3830.0,90,1,ids,0.02994715460048427,-0.24757170418354332,10.666666666666666,0.416666666666667,0.29411764705882354,0.10808823529411762
2025.04.07startup_a,startup_a,20250407,25,4843.0,90,0,ids,0.1713483811680051,-0.07806188140890917,2.6666666666666665,1.7999999999999985,0.4,
2025.04.07startup_a,startup_a,20250407,25,5444.0,90,0,ids,0.03832110837921449,0.05815386656105571,4.666666666666667,1.2380952380952401,0.25,-0.2321428571428574
2025.04.07startup_a,startup_a,20250407,25,5649.0,90,0,ids,0.18376864429892947,-0.24660507865325795,4.0,1.1904761904761902,0.375,0.6785714285714289
2025.04.07startup_a,startup_a,20250407,26,3974.0,90,1,ids,-0.003992377655975611,0.15738799481548854,8.666666666666666,1.3692307692307688,0.21428571428571427,-0.035714285714285685
2025.04.07startup_a,startup_a,20250407,26,5327.0,90,0,ids,0.40558403271938614,-0.23960496205593795,6.666666666666667,1.2818181818181809,0.5454545454545454,-0.27272727272727265
2025.04.07startup_a,startup_a,20250407,26,5315.0,90,0,ids,0.4564572314217076,-0.38891244054335133,5.333333333333333,0.8333333333333329,0.5555555555555556,-0.22619047619047616
2025.04.07startup_a,startup_a,20250407,26,5720.0,90,0,ids,-0.11525818017754591,0.15532872873945566,6.0,3.73939393939394,0.6,-0.16666666666666624
2025.04.07startup_a,startup_a,20250407,27,4389.0,90,1,ids,0.3894174104800493,-0.6028652524222148,4.666666666666667,-2.7976190476190435,0.25,-0.14285714285714296
2025.04.07startup_a,startup_a,20250407,27,4074.0,90,0,ids,-0.22634715675554348,0.09737747037150916,4.0,-0.07142857142858179,0.42857142857142855,0.585714285714286
2025.04.07startup_a,startup_a,20250407,27,5334.0,90,0,ids,0.3439681085752675,-0.17760509074615605,6.666666666666667,1.2818181818181809,0.5454545454545454,-0.27272727272727265
2025.04.07startup_a,startup_a,20250407,27,3198.0,90,0,ids,0.14720916407855397,-0.2859274478420276,5.333333333333333,-1.6166666666666671,0.5555555555555556,-1.2023809523809519
2025.04.07startup_a,startup_a,20250407,28,4435.0,90,1,ids,-0.24103245011658053,0.21521992790889874,6.0,2.311188811188811,0.3333333333333333,0.1545454545454546
2025.04.07startup_a,startup_a,20250407,28,2839.0,90,0,ids,-0.4098777124337909,0.26304408910989097,2.0,10.400000000000002,0.8,
2025.04.07startup_a,startup_a,20250407,28,2426.0,90,0,ids,-0.20398664811991127,0.01954126841117987,2.0,,1.0,
2025.04.07startup_a,startup_a,20250407,28,5649.0,90,0,ids,0.18376864429892947,-0.24660507865325795,4.0,1.1904761904761902,0.375,0.6785714285714289
2025.04.07startup_a,startup_a,20250407,29,5027.0,90,1,ids,-0.12978922422642578,0.11677204964109848,5.333333333333333,1.016666666666666,0.4444444444444444,0.16666666666666638
2025.04.07startup_a,startup_a,20250407,29,3157.0,90,0,ids,0.38007772624778013,-0.34072210961111504,6.666666666666667,1.3727272727272726,0.45454545454545453,0.2575757575757575
2025.04.07startup_a,startup_a,20250407,29,2383.0,90,0,ids,-0.0610529828046976,0.4427766240472632,3.3333333333333335,13.342857142857143,0.6666666666666666,-0.6500000000000001
2025.04.07startup_a,startup_a,20250407,29,4751.0,90,0,ids,-0.6386567160169544,0.4473344695206919,2.6666666666666665,17.71428571428572,0.3333333333333333,0.25000000000000017
2025.04.07startup_a,startup_a,20250407,30,5083.0,90,1,ids,-0.007613316480927585,-0.35956857879595183,5.333333333333333,1.2499999999999993,0.4444444444444444,-0.45238095238095216
2025.04.07startup_a,startup_a,20250407,30,3211.0,90,0,ids,0.16317651278664472,-0.2015538910232122,6.0,-0.7212121212121207,0.5,-0.1916666666666667
2025.04.07startup_a,startup_a,20250407,30,4141.0,90,0,ids,0.005233775992294611,-0.1508728814496967,4.666666666666667,-2.7499999999999964,0.625,0.8750000000000004
2025.04.07startup_a,startup_a,20250407,30,5690.0,90,0,ids,-0.12412503480420649,0.020339657059849723,4.0,8.607142857142852,0.5714285714285714,-1.0428571428571438
2025.04.07startup_b,startup_b,20250407,0,96.0,90,1,segue,-0.10112108735187458,-0.6279295559896168,9.333333333333334,-0.2714285714285711,0.5333333333333333,0.19890109890109897
2025.04.07startup_b,startup_b,20250407,0,2504.0,90,0,todo,0.05981451142863054,-0.4416496672862962,6.0,-2.5575757575757576,0.3,-0.2750000000000003
2025.04.07startup_b,startup_b,20250407,0,878.0,90,0,headlines,0.5361070841693029,-0.08194402711370997,4.0,-2.166666666666664,0.25,1.9285714285714302
2025.04.07startup_b,startup_b,20250407,0,6444.0,90,0,conclude,-0.06406266478163937,0.0665989683850322,7.333333333333333,0.5489510489510491,0.25,0.5272727272727272
2025.04.07startup_b,startup_b,20250407,1,153.0,90,1,segue,-0.1516045101820812,0.5869604024533752,8.0,0.5879120879120892,0.6923076923076923,0.12412587412587396
2025.04.07startup_b,startup_b,20250407,1,2578.0,90,0,todo,0.05276039012927473,0.009233318227717585,12.0,0.43376623376623386,0.23809523809523808,0.08721804511278197
2025.04.07startup_b,startup_b,20250407,1,1112.0,90,0,headlines,0.326084068125025,-0.1838828630115751,4.0,-2.1785714285714364,0.2857142857142857,1.2142857142857144
2025.04.07startup_b,startup_b,20250407,1,2777.0,90,0,todo,-0.07786314107245977,0.023775963334891525,6.666666666666667,2.963636363636364,0.2727272727272727,0.03333333333333328
2025.04.07startup_b,startup_b,20250407,2,186.0,90,1,segue,0.12914903474378314,-0.3495486414590234,8.666666666666666,-1.2483516483516484,0.42857142857142855,-0.02197802197802191
2025.04.07startup_b,startup_b,20250407,2,6133.0,90,0,ids,0.18799199971524927,-0.38764311657103817,4.666666666666667,0.7738095238095248,0.375,0.35714285714285715
2025.04.07startup_b,startup_b,20250407,2,2900.0,90,0,ids,-0.12580281177497477,-0.00822447613186941,7.333333333333333,0.010489510489511359,0.3333333333333333,0.3818181818181817
2025.04.07startup_b,startup_b,20250407,2,5165.0,90,0,ids,-0.05931352442598382,-0.3074630734265551,5.333333333333333,-0.7999999999999998,0.6,0.6083333333333333
2025.04.07startup_b,startup_b,20250407,3,346.0,90,1,headlines,0.11017670192227565,0.5421222121139433,12.0,0.07368421052631582,0.21052631578947367,-0.07791537667698656
2025.04.07startup_b,startup_b,20250407,3,842.0,90,0,headlines,0.5040916626101971,-0.1762032818705078,3.3333333333333335,-9.869047619047613,0.125,1.053571428571429
2025.04.07startup_b,startup_b,20250407,3,839.0,90,0,headlines,0.45761854477892633,-0.16458126006747165,2.0,-14.028571428571441,0.16666666666666666,3.5999999999999983
2025.04.07startup_b,startup_b,20250407,3,966.0,90,0,headlines,-0.022313993033373364,0.035531638580156566,3.3333333333333335,8.628571428571423,0.16666666666666666,2.0500000000000003
2025.04.07startup_b,startup_b,20250407,4,403.0,90,1,headlines,0.047668001044088124,-0.1547678136190299,13.333333333333334,-0.15324675324675335,0.19047619047619047,-0.07593984962406007
2025.04.07startup_b,startup_b,20250407,4,935.0,90,0,headlines,-0.09045059987641961,-0.27535016497328074,2.6666666666666665,-8.700000000000001,0.4,
2025.04.07startup_b,startup_b,20250407,4,900.0,90,0,headlines,0.06736294235044354,-0.05925742305986951,4.666666666666667,8.035714285714285,0.25,0.3928571428571433
2025.04.07startup_b,startup_b,20250407,4,838.0,90,0,headlines,0.4410383351979117,-0.15996586493142645,2.0,-14.028571428571441,0.16666666666666666,3.5999999999999983
2025.04.07startup_b,startup_b,20250407,5,417.0,90,1,headlines,-0.04592998393571573,-0.09148000848686028,14.0,0.1795595708639185,0.18181818181818182,0.02077922077922072
2025.04.07startup_b,startup_b,20250407,5,866.0,90,0,headlines,0.6564249030486853,-0.18900747795293904,4.0,-2.166666666666664,0.25,1.9285714285714302
2025.04.07startup_b,startup_b,20250407,5,1121.0,90,0,headlines,0.44574425118092703,-0.24269675007934494,5.333333333333333,-0.8666666666666685,0.2222222222222222,0.26785714285714274
2025.04.07startup_b,startup_b,20250407,5,1005.0,90,0,headlines,-0.034592647361497586,0.12217055916264907,5.333333333333333,-1.8333333333333348,0.4444444444444444,0.7797619047619042
2025.04.07startup_b,startup_b,20250407,6,640.0,90,1,headlines,0.14680861490283806,-0.24484822186813138,10.0,-0.5857843137254913,0.17647058823529413,0.13235294117647053
2025.04.07startup_b,startup_b,20250407,6,1025.0,90,0,headlines,0.02065886436123693,-0.014796594542027903,5.333333333333333,-1.2166666666666706,0.4444444444444444,1.3333333333333328
2025.04.07startup_b,startup_b,20250407,6,859.0,90,0,headlines,0.6550128428379031,-0.203879198054882,4.0,-4.400000000000006,0.2222222222222222,1.8273809523809512
2025.04.07startup_b,startup_b,20250407,6,830.0,90,0,headlines,0.2939229984363667,-0.11488867215278276,0.0,,0.0,
2025.04.07startup_b,startup_b,20250407,7,1342.0,90,1,headlines,-0.45028925434711936,0.24016028367284378,5.333333333333333,3.642424242424243,0.3,-0.058333333333333036
2025.04.07startup_b,startup_b,20250407,7,838.0,90,0,headlines,0.4410383351979117,-0.15996586493142645,2.0,-14.028571428571441,0.16666666666666666,3.5999999999999983
2025.04.07startup_b,startup_b,20250407,7,780.0,90,0,headlines,-0.009983529283079695,0.0084728320184782,1.3333333333333333,,0.25,
2025.04.07startup_b,startup_b,20250407,7,772.0,90,0,headlines,-0.04652440279947965,-0.0017607952654015427,1.3333333333333333,,0.3333333333333333,
2025.04.07startup_b,startup_b,20250407,8,1485.0,90,1,headlines,0.49363605739385436,-0.42651213252178916,7.333333333333333,-0.2797202797202784,0.3333333333333333,-0.17272727272727276
2025.04.07startup_b,startup_b,20250407,8,549.0,90,0,headlines,-0.4602799710265948,0.2864242965419415,7.333333333333333,1.3356643356643354,0.25,-0.32727272727272716
2025.04.07startup_b,startup_b,20250407,8,1039.0,90,0,headlines,-0.09879096970625308,0.00876296585552697,4.0,7.249999999999997,0.5714285714285714,-0.14285714285714274
2025.04.07startup_b,startup_b,20250407,8,1047.0,90,0,headlines,-0.2285019596394091,0.09768178096982966,4.0,7.249999999999997,0.5714285714285714,-0.14285714285714274
2025.04.07startup_b,startup_b,20250407,9,1525.0,90,1,headlines,0.3709543348489154,-0.17142114198998593,7.333333333333333,-0.8706293706293724,0.5833333333333334,0.4727272727272726
2025.04.07startup_b,startup_b,20250407,9,895.0,90,0,headlines,0.1768123482038825,-0.03425623766137576,4.666666666666667,8.035714285714285,0.25,0.3928571428571433
2025.04.07startup_b,startup_b,20250407,9,786.0,90,0,headlines,-0.022497298065157455,0.019339063286829862,1.3333333333333333,,0.25,
2025.04.07startup_b,startup_b,20250407,9,765.0,90,0,headlines,-0.1256879440890328,-0.0028687969868544114,1.3333333333333333,,0.3333333333333333,
2025.04.07startup_b,startup_b,20250407,10,1703.0,90,1,headlines,0.5077014257454702,-0.42706298153219396,4.0,0.35714285714285665,0.7142857142857143,-0.4428571428571428
2025.04.07startup_b,startup_b,20250407,10,1234.0,90,0,headlines,-0.2553492034767772,0.22569887814871334,1.3333333333333333,,0.5,
2025.04.07startup_b,startup_b,20250407,10,1150.0,90,0,headlines,0.2927829689105296,-0.30661173829695765,9.333333333333334,-0.8499999999999998,0.13333333333333333,0.27692307692307705
2025.04.07startup_b,startup_b,20250407,10,544.0,90,0,headlines,-0.5053278343631542,0.2763663602468356,7.333333333333333,1.3356643356643354,0.25,-0.32727272727272716
2025.04.07startup_b,startup_b,20250407,11,1889.0,90,1,rock_review,0.12460435317484542,-0.38292887017498467,5.333333333333333,-1.5833333333333348,0.4444444444444444,-0.4642857142857141
2025.04.07startup_b,startup_b,20250407,11,2436.0,90,0,rock_review,0.516054073600466,-0.08671698439853205,0.6666666666666666,,1.0,
2025.04.07startup_b,startup_b,20250407,11,2444.0,90,0,rock_review,0.6010201114638329,-0.17344332717894417,1.3333333333333333,,0.6666666666666666,
2025.04.07startup_b,startup_b,20250407,11,2007.0,90,0,rock_review,0.021469026793002634,0.021276632597695373,8.666666666666666,-0.4923076923076931,0.35714285714285715,0.1785714285714286
2025.04.07startup_b,startup_b,20250407,12,2172.0,90,1,rock_review,0.0779916029941398,-0.42614361583604266,6.666666666666667,-0.6727272727272721,0.36363636363636365,-0.3090909090909092
2025.04.07startup_b,startup_b,20250407,12,2025.0,90,0,rock_review,-0.1813147398116448,0.09307009068886044,8.666666666666666,0.3736263736263737,0.35714285714285715,0.030219780219780147
2025.04.07startup_b,startup_b,20250407,12,2380.0,90,0,rock_review,-0.7201389634294906,1.002145776514759,6.666666666666667,5.7342657342657315,0.4166666666666667,-0.07272727272727275
2025.04.07startup_b,startup_b,20250407,12,2021.0,90,0,rock_review,-0.1321471061066889,0.05219850652637902,8.666666666666666,-0.44615384615384623,0.35714285714285715,-0.1593406593406594
2025.04.07startup_b,startup_b,20250407,13,2278.0,90,1,rock_review,0.24779801025312928,-0.14895724488628398,3.3333333333333335,-2.885714285714292,0.16666666666666666,-1.2
2025.04.07startup_b,startup_b,20250407,13,1994.0,90,0,rock_review,0.059531951816037654,0.2830501618381672,10.0,-0.1926470588235291,0.4375,0.025000000000000026
2025.04.07startup_b,startup_b,20250407,13,2408.0,90,0,rock_review,-0.28283613550934683,0.43652930136384277,2.6666666666666665,21.200000000000003,0.3333333333333333,-0.65
2025.04.07startup_b,startup_b,20250407,13,1992.0,90,0,rock_review,0.06352941207933731,0.2925328308456041,9.333333333333334,0.10000000000000014,0.4666666666666667,-9.262431442090136e-18
2025.04.07startup_b,startup_b,20250407,14,3171.0,90,1,ids,0.2188707762980672,-0.4691016932269707,8.0,-1.1043956043956022,0.38461538461538464,0.06118881118881116
2025.04.07startup_b,startup_b,20250407,14,5925.0,90,0,ids,0.14281043985061728,0.0819007610471402,7.333333333333333,1.7132867132867124,0.25,0.03181818181818173
2025.04.07startup_b,startup_b,20250407,14,5917.0,90,0,ids,0.12735371549150717,0.05939586504127086,7.333333333333333,1.7132867132867124,0.25,0.03181818181818173
2025.04.07startup_b,startup_b,20250407,14,5494.0,90,0,ids,0.2173123696189331,-0.5692137166308133,6.0,-0.5818181818181807,0.2,-0.6916666666666674
2025.04.07startup_b,startup_b,20250407,15,3321.0,90,1,ids,0.07016431354616115,0.18521938325141876,2.6666666666666665,5.200000000000001,0.4,
2025.04.07startup_b,startup_b,20250407,15,4263.0,90,0,ids,-0.34683733503042663,0.5453808041040744,4.666666666666667,3.083333333333334,0.4444444444444444,-0.6964285714285711
2025.04.07startup_b,startup_b,20250407,15,4604.0,90,0,ids,-0.2195143218949267,0.5031950285315301,8.0,2.1813186813186816,0.38461538461538464,0.2674825174825175
2025.04.07startup_b,startup_b,20250407,15,4575.0,90,0,ids,-0.14872454632881627,0.37166450976531706,10.0,0.8926470588235292,0.375,0.01249999999999998
2025.04.07startup_b,startup_b,20250407,16,3452.0,90,1,ids,-0.09459812330300747,0.12301350289027124,6.666666666666667,-0.49450549450549375,0.38461538461538464,0.526223776223776
2025.04.07startup_b,startup_b,20250407,16,5824.0,90,0,ids,0.05718272113243694,0.47510742079796286,8.666666666666666,0.2678571428571432,0.2,-0.22087912087912093
2025.04.07startup_b,startup_b,20250407,16,3073.0,90,0,ids,0.1713024438878645,-0.47748437272197825,2.0,,0.5,
2025.04.07startup_b,startup_b,20250407,16,2912.0,90,0,ids,-0.29728574096302335,0.09943063620559159,6.0,-2.575757575757576,0.4,1.0750000000000002
2025.04.07startup_b,startup_b,20250407,17,3699.0,90,1,ids,0.46926697980491466,0.08262483297677813,5.333333333333333,0.516666666666664,0.3333333333333333,-0.7142857142857139
2025.04.07startup_b,startup_b,20250407,17,6212.0,90,0,ids,0.12218289954379732,-0.1943208134375474,2.0,,1.0,
2025.04.07startup_b,startup_b,20250407,17,5924.0,90,0,ids,0.1422462033236409,0.08022139999827174,7.333333333333333,1.7132867132867124,0.25,0.03181818181818173
2025.04.07startup_b,startup_b,20250407,17,3800.0,90,0,ids,-0.2595840704817955,0.4682476615905981,4.666666666666667,3.059523809523809,0.375,2.767857142857143
2025.04.07startup_b,startup_b,20250407,18,3961.0,90,1,ids,0.051268871682854,-0.21448313920575682,6.666666666666667,-0.29090909090908945,0.2727272727272727,-0.4242424242424242
2025.04.07startup_b,startup_b,20250407,18,3555.0,90,0,ids,-0.23360270097178118,0.3297437823446767,2.6666666666666665,25.7,0.4,
2025.04.07startup_b,startup_b,20250407,18,4531.0,90,0,ids,-0.006190261903570077,-0.32462496723095224,8.0,0.12087912087912156,0.23076923076923078,-0.4335664335664336
2025.04.07startup_b,startup_b,20250407,18,4522.0,90,0,ids,0.030806323644703964,-0.36728701924828905,8.666666666666666,0.15824175824175787,0.35714285714285715,-0.12637362637362615
2025.04.07startup_b,startup_b,20250407,19,3994.0,90,1,ids,0.5447626255032095,-0.7188377630324858,8.666666666666666,-0.5670329670329677,0.2857142857142857,0.043956043956044
2025.04.07startup_b,startup_b,20250407,19,3848.0,90,0,ids,0.14483302582082774,-0.03358565300573625,4.0,1.2499999999999967,0.42857142857142855,-1.0714285714285723
2025.04.07startup_b,startup_b,20250407,19,4619.0,90,0,ids,-0.12553087173915126,0.3014577303738564,6.666666666666667,3.2272727272727266,0.45454545454545453,0.18484848484848493
2025.04.07startup_b,startup_b,20250407,19,6145.0,90,0,ids,0.10178918332244553,-0.09237705459405669,4.666666666666667,0.7738095238095248,0.375,0.35714285714285715
2025.04.07startup_b,startup_b,20250407,20,4067.0,90,1,ids,-0.5095720527706247,0.8527636587414228,6.666666666666667,0.690909090909091,0.18181818181818182,0.5212121212121213
2025.04.07startup_b,startup_b,20250407,20,3061.0,90,0,ids,0.3648573769845845,-0.3849008030240146,2.0,,0.5,
2025.04.07startup_b,startup_b,20250407,20,4565.0,90,0,ids,-0.09882281257069948,0.16385059013398237,9.333333333333334,0.725,0.3333333333333333,-0.14835164835164838
2025.04.07startup_b,startup_b,20250407,20,2844.0,90,0,ids,0.17854674502860748,-0.3728677952402506,8.666666666666666,0.5450549450549448,0.21428571428571427,0.4230769230769232
2025.04.07startup_b,startup_b,20250407,21,4110.0,90,1,ids,0.09950883595370164,-0.4585642925547551,6.666666666666667,-0.5909090909090902,0.36363636363636365,-0.5909090909090906
2025.04.07startup_b,startup_b,20250407,21,3867.0,90,0,ids,0.1257902194303634,-0.07115222373744598,5.333333333333333,-1.8070820400778683e-15,0.2222222222222222,0.3214285714285712
2025.04.07startup_b,startup_b,20250407,21,6147.0,90,0,ids,0.08476866126272734,-0.026450661448229006,4.666666666666667,0.7738095238095248,0.375,0.35714285714285715
2025.04.07startup_b,startup_b,20250407,21,3609.0,90,0,ids,-0.19667670683115254,-0.0761557387136082,0.0,,1.0,
2025.04.07startup_b,startup_b,20250407,22,4152.0,90,1,ids,-0.19422636711017172,0.6155171235035573,5.333333333333333,4.216666666666668,0.4444444444444444,0.9226190476190473
2025.04.07startup_b,startup_b,20250407,22,3045.0,90,0,ids,0.5314516334182307,-0.2588483947278186,1.3333333333333333,,0.5,
2025.04.07startup_b,startup_b,20250407,22,6204.0,90,0,ids,0.08065294752100025,0.06853431704068205,2.0,,0.75,
2025.04.07startup_b,startup_b,20250407,22,2923.0,90,0,ids,-0.4177940357196118,0.3029761451924792,7.333333333333333,1.4055944055944036,0.4166666666666667,0.8545454545454548
2025.04.07startup_b,startup_b,20250407,23,4353.0,90,1,ids,-0.02305433031667723,0.03584612337865659,2.6666666666666665,19.0,0.2,
2025.04.07startup_b,startup_b,20250407,23,4598.0,90,0,ids,-0.22615042367829655,0.560107594679694,8.0,0.7032967032967038,0.3076923076923077,0.16958041958041925
2025.04.07startup_b,startup_b,20250407,23,2926.0,90,0,ids,-0.4468704037114318,0.3444809897527726,6.666666666666667,3.6181818181818177,0.36363636363636365,0.30000000000000027
2025.04.07startup_b,startup_b,20250407,23,2841.0,90,0,ids,0.1864376463478921,-0.4188946062970185,8.666666666666666,0.5450549450549448,0.21428571428571427,0.4230769230769232
2025.04.07startup_b,startup_b,20250407,24,4427.0,90,1,ids,0.3416066584738158,-0.5880023018649712,8.0,1.2087912087912087,0.38461538461538464,-0.12587412587412586
2025.04.07startup_b,startup_b,20250407,24,5944.0,90,0,ids,0.09371280391341513,0.1501603807505113,6.666666666666667,4.0636363636363635,0.18181818181818182,-0.527272727272727
2025.04.07startup_b,startup_b,20250407,24,5825.0,90,0,ids,0.061948102411742055,0.45017089566430374,8.0,0.5750000000000003,0.2,-0.0670329670329671
2025.04.07startup_b,startup_b,20250407,24,3593.0,90,0,ids,-0.3315213784295718,0.0748119221520713,0.6666666666666666,,1.0,
2025.04.07startup_b,startup_b,20250407,25,4750.0,90,1,ids,-0.10203325548138509,0.17017098477161208,4.0,2.9880952380952377,0.75,0.9464285714285714
2025.04.07startup_b,startup_b,20250407,25,4584.0,90,0,ids,-0.18702284318559612,0.4973682066171689,7.333333333333333,0.09440559440559418,0.4166666666666667,0.32727272727272716
2025.04.07startup_b,startup_b,20250407,25,5897.0,90,0,ids,-0.020576962900626238,-0.024000124019337633,8.0,1.2107142857142859,0.3333333333333333,0.009890109890109952
2025.04.07startup_b,startup_b,20250407,25,5911.0,90,0,ids,0.0881775653221161,0.06607401373426006,7.333333333333333,-0.4825174825174816,0.25,-0.09545454545454543
2025.04.07startup_b,startup_b,20250407,26,4861.0,90,1,ids,-0.4108428381379987,0.9255314787472013,8.666666666666666,1.5296703296703293,0.42857142857142855,0.10989010989010987
2025.04.07startup_b,startup_b,20250407,26,6173.0,90,0,ids,0.004194024078771496,0.4921505706575477,4.666666666666667,5.011904761904762,0.5,0.8571428571428571
2025.04.07startup_b,startup_b,20250407,26,3863.0,90,0,ids,0.13672880787130107,-0.09678258349164942,6.0,-0.43636363636363606,0.3,-0.29999999999999993
2025.04.07startup_b,startup_b,20250407,26,5496.0,90,0,ids,0.19025284996331648,-0.538241737532912,6.0,-0.5818181818181807,0.2,-0.6916666666666674
2025.04.07startup_b,startup_b,20250407,27,4917.0,90,1,ids,-0.019274006765835017,-0.4107366937742085,8.666666666666666,1.307692307692308,0.35714285714285715,-0.22802197802197802
2025.04.07startup_b,startup_b,20250407,27,3858.0,90,0,ids,0.1496433099683802,-0.12073968459140486,4.0,1.2499999999999967,0.42857142857142855,-1.0714285714285723
2025.04.07startup_b,startup_b,20250407,27,2938.0,90,0,ids,-0.5029201243410015,0.48190095269845995,6.666666666666667,3.6181818181818177,0.36363636363636365,0.30000000000000027
2025.04.07startup_b,startup_b,20250407,27,5938.0,90,0,ids,0.12510882379695598,0.14206752496650554,6.666666666666667,4.0636363636363635,0.18181818181818182,-0.527272727272727
2025.04.07startup_b,startup_b,20250407,28,5022.0,90,1,ids,0.15402039786302324,-0.12979282142504092,0.6666666666666666,,0.75,
2025.04.07startup_b,startup_b,20250407,28,5928.0,90,0,ids,0.1413502222329588,0.08598587875958554,7.333333333333333,1.7132867132867124,0.25,0.03181818181818173
2025.04.07startup_b,startup_b,20250407,28,2951.0,90,0,ids,-0.5602973260536116,0.604133620763567,5.333333333333333,5.450000000000001,0.2222222222222222,0.4761904761904758
2025.04.07startup_b,startup_b,20250407,28,5130.0,90,0,ids,-0.0955916501883772,0.4810730681102031,7.333333333333333,0.7032967032967036,0.15384615384615385,0.3916083916083915
2025.04.07startup_b,startup_b,20250407,29,5269.0,90,1,ids,-0.32057148832968263,0.46277859492124807,8.0,0.9175824175824179,0.23076923076923078,-0.3444055944055942
2025.04.07startup_b,startup_b,20250407,29,2902.0,90,0,ids,-0.15370899584501715,-0.013479927841878266,7.333333333333333,0.010489510489511359,0.3333333333333333,0.3818181818181817
2025.04.07startup_b,startup_b,20250407,29,5735.0,90,0,ids,0.1991874176756908,-0.5325937113319533,5.333333333333333,-5.200000000000003,0.3333333333333333,0.24999999999999992
2025.04.07startup_b,startup_b,20250407,29,5807.0,90,0,ids,-0.029438344591361534,0.6188298055819733,6.666666666666667,2.472727272727272,0.09090909090909091,0.03939393939393961
2025.04.07startup_b,startup_b,20250407,30,5331.0,90,1,ids,0.37132058803380824,-0.3770732389977208,6.666666666666667,1.1483516483516485,0.38461538461538464,-0.015734265734265625
2025.04.07startup_b,startup_b,20250407,30,4582.0,90,0,ids,-0.17825007572770477,0.47869587301720634,8.0,0.1648351648351644,0.46153846153846156,0.20454545454545434
2025.04.07startup_b,startup_b,20250407,30,3844.0,90,0,ids,0.1436327739058529,-0.02824796796268859,3.3333333333333335,1.7428571428571409,0.3333333333333333,-1.8499999999999999
2025.04.07startup_b,startup_b,20250407,30,5722.0,90,0,ids,-0.01811557661287283,-0.14145052279698841,6.0,-0.18181818181818063,0.3,-0.3166666666666669
2025.04.07startup_b,startup_b,20250407,31,5379.0,90,1,ids,-0.33641084997133336,0.5114099477295725,5.333333333333333,1.3333333333333328,0.4444444444444444,0.8333333333333329
2025.04.07startup_b,startup_b,20250407,31,5484.0,90,0,ids,0.31814939052113095,-0.6483571865534198,6.666666666666667,0.054545454545455264,0.2727272727272727,-0.9484848484848486
2025.04.07startup_b,startup_b,20250407,31,4570.0,90,0,ids,-0.12904237321467824,0.25915297295819906,10.666666666666666,0.9191176470588233,0.35294117647058826,-0.06323529411764699
2025.04.07startup_b,startup_b,20250407,31,5867.0,90,0,ids,-0.05262071897747123,-0.21617511705378403,6.0,0.4160839160839158,0.3333333333333333,-0.47727272727272724
2025.04.07startup_b,startup_b,20250407,32,5609.0,90,1,ids,0.09031605729796509,-0.06976664058590956,1.3333333333333333,,0.5,
2025.04.07startup_b,startup_b,20250407,32,2957.0,90,0,ids,-0.5770954857823701,0.6441467011890235,4.666666666666667,6.9642857142857135,0.25,0.589285714285715
2025.04.07startup_b,startup_b,20250407,32,5884.0,90,0,ids,-0.08064077412954816,-0.12084993062940416,8.0,0.28214285714285753,0.3333333333333333,0.01098901098901095
2025.04.07startup_b,startup_b,20250407,32,4659.0,90,0,ids,0.04304059711448621,-0.25687645090579037,2.6666666666666665,0.700000000000003,0.2,
2025.04.07startup_b,startup_b,20250407,33,6035.0,90,1,ids,-0.17196340376892308,0.11848875604321585,5.333333333333333,4.916666666666668,0.2222222222222222,0.8869047619047618
2025.04.07startup_b,startup_b,20250407,33,2844.0,90,0,ids,0.17854674502860748,-0.3728677952402506,8.666666666666666,0.5450549450549448,0.21428571428571427,0.4230769230769232
2025.04.07startup_b,startup_b,20250407,33,3826.0,90,0,ids,0.11113148524182409,0.15091348326105286,3.3333333333333335,-1.228571428571434,0.3333333333333333,-4.95
2025.04.07startup_b,startup_b,20250407,33,5179.0,90,0,ids,-0.02909825675321346,-0.43758530387964933,6.666666666666667,-0.9650349650349641,0.5,0.44545454545454544
2025.04.07startup_b,startup_b,20250407,34,6308.0,90,1,ids,-0.12539020933291634,0.31746277290625863,9.333333333333334,1.2857142857142863,0.3333333333333333,-0.19560439560439563
2025.04.07startup_b,startup_b,20250407,34,3851.0,90,0,ids,0.15014210596964894,-0.05986160636822476,4.0,1.2499999999999967,0.42857142857142855,-1.0714285714285723
2025.04.07startup_b,startup_b,20250407,34,4559.0,90,0,ids,-0.05194629380867031,0.07380964552650153,9.333333333333334,0.725,0.3333333333333333,-0.14835164835164838
2025.04.07startup_b,startup_b,20250407,34,2905.0,90,0,ids,-0.19955450976782876,-0.004390131591402494,8.0,-0.6648351648351648,0.3076923076923077,0.3951048951048949
2025.04.14startup_a,startup_a,20250414,0,339.0,90,1,,0.16687614638059628,-0.07436160136654076,,,,
2025.04.14startup_a,startup_a,20250414,0,1766.0,90,0,ids,0.06169998594460547,-0.004411017150315686,0.0,,1.0,
2025.04.14startup_a,startup_a,20250414,0,246.0,90,0,,-0.2522395348917509,0.011028699141686603,,,,
2025.04.14startup_a,startup_a,20250414,0,1489.0,90,0,ids,-0.3940189776747532,0.05103604445804529,0.0,,1.0,
2025.04.14startup_a,startup_a,20250414,1,386.0,90,1,segue,0.7940200760874419,-0.822817024802961,6.666666666666667,1.1818181818181819,0.36363636363636365,-0.2090909090909091
2025.04.14startup_a,startup_a,20250414,1,1210.0,90,0,segue,0.05199515989635741,-0.03698248065289483,2.0,-0.699999999999993,0.6,
2025.04.14startup_a,startup_a,20250414,1,903.0,90,0,segue,-0.10925656022821227,-0.04925241990339765,2.6666666666666665,-11.457142857142866,0.6666666666666666,0.7499999999999983
2025.04.14startup_a,startup_a,20250414,1,955.0,90,0,segue,0.22575917860686776,-0.337389364489698,4.666666666666667,1.436363636363636,0.4,0.38333333333333364
2025.04.14startup_a,startup_a,20250414,2,501.0,90,1,segue,-0.21575621739280737,-0.04470700011955286,5.333333333333333,0.9666666666666658,0.5555555555555556,-0.6130952380952377
2025.04.14startup_a,startup_a,20250414,2,980.0,90,0,segue,0.11354537610656606,0.050245234421281926,7.333333333333333,1.617582417582417,0.42857142857142855,0.10164835164835177
2025.04.14startup_a,startup_a,20250414,2,1095.0,90,0,segue,0.008169545756837718,-0.056236154259973234,0.6666666666666666,,1.0,
2025.04.14startup_a,startup_a,20250414,2,1094.0,90,0,segue,-0.009836403198624534,-0.05281649196206751,0.6666666666666666,,1.0,
2025.04.14startup_a,startup_a,20250414,3,560.0,90,1,segue,0.3127309480512183,-0.18459571173276793,6.0,-0.1636363636363627,0.6,-0.6750000000000002
2025.04.14startup_a,startup_a,20250414,3,943.0,90,0,segue,0.27726804197178184,-0.33092334856250094,5.333333333333333,-2.6909090909090905,0.45454545454545453,0.9181818181818182
2025.04.14startup_a,startup_a,20250414,3,1176.0,90,0,segue,-0.5197624911934586,0.10802601313548955,1.3333333333333333,,0.75,
2025.04.14startup_a,startup_a,20250414,3,1152.0,90,0,segue,-0.36138108333910474,0.05043555725584043,2.0,,0.75,
2025.04.14startup_a,startup_a,20250414,4,585.0,90,1,segue,0.07770715021485802,0.1455545792521629,6.0,1.081818181818183,0.45454545454545453,-0.05757575757575752
2025.04.14startup_a,startup_a,20250414,4,888.0,90,0,segue,-0.37351078298766444,0.3299333307814734,0.6666666666666666,,1.0,
2025.04.14startup_a,startup_a,20250414,4,1242.0,90,0,segue,0.3513667693373437,-0.05234817313740909,2.6666666666666665,9.1,0.6,
2025.04.14startup_a,startup_a,20250414,4,1170.0,90,0,segue,-0.5251629150497811,0.11383174111283446,2.0,7.8999999999999995,0.8,
2025.04.14startup_a,startup_a,20250414,5,678.0,90,1,segue,0.17436900933763477,-0.3156727924149792,5.333333333333333,1.433333333333329,0.4444444444444444,0.5595238095238089
2025.04.14startup_a,startup_a,20250414,5,1010.0,90,0,segue,0.1429158220972381,0.21558914230133297,4.666666666666667,4.9642857142857135,0.5,5.961491104068806e-16
2025.04.14startup_a,startup_a,20250414,5,954.0,90,0,segue,0.23111647193716148,-0.3419221264894589,4.666666666666667,1.436363636363636,0.4,0.38333333333333364
2025.04.14startup_a,startup_a,20250414,5,941.0,90,0,segue,0.2698612046753261,-0.3334663057648285,5.333333333333333,-2.6909090909090905,0.45454545454545453,0.9181818181818182
2025.04.14startup_a,startup_a,20250414,6,721.0,90,1,segue,-0.15509625713316302,0.34928078394413187,4.0,6.035714285714286,0.375,-0.6607142857142856
2025.04.14startup_a,startup_a,20250414,6,1072.0,90,0,segue,-0.3792356170451804,0.16001642733326096,0.0,,1.0,
2025.04.14startup_a,startup_a,20250414,6,1269.0,90,0,segue,0.2623231829768913,0.010954886106100549,2.0,,0.5,
2025.04.14startup_a,startup_a,20250414,6,945.0,90,0,segue,0.28096177890547785,-0.33953420668077017,4.666666666666667,1.436363636363636,0.4,0.38333333333333364
2025.04.14startup_a,startup_a,20250414,7,773.0,90,1,segue,0.5369895600623978,-1.3736232797289194,8.666666666666666,-0.6857142857142864,0.21428571428571427,-0.45329670329670335
2025.04.14startup_a,startup_a,20250414,7,1151.0,90,0,segue,-0.3430163960960053,0.04476385437698114,2.0,,0.75,
2025.04.14startup_a,startup_a,20250414,7,949.0,90,0,segue,0.2705608741749518,-0.3467719167979378,4.666666666666667,1.436363636363636,0.4,0.38333333333333364
2025.04.14startup_a,startup_a,20250414,7,1265.0,90,0,segue,0.2790824293366377,-0.0023671402019217022,2.0,,0.5,
2025.04.14startup_a,startup_a,20250414,8,1378.0,90,1,ids,0.29810676249690815,-0.33061711541898403,6.666666666666667,-0.7363636363636351,0.36363636363636365,0.5
2025.04.14startup_a,startup_a,20250414,8,2749.0,90,0,ids,0.2993245335507631,-0.13979313207244973,2.6666666666666665,-3.300000000000001,0.8,
2025.04.14startup_a,startup_a,20250414,8,4002.0,90,0,ids,0.06777588969749622,-0.18446467835121905,8.666666666666666,1.1516483516483516,0.21428571428571427,-0.14010989010989017
2025.04.14startup_a,startup_a,20250414,8,1878.0,90,0,ids,0.31837583208853026,-0.08616264716272204,3.3333333333333335,9.685714285714285,0.5,0.7000000000000002
2025.04.14startup_a,startup_a,20250414,9,2187.0,90,1,ids,-0.05636911837631489,0.002485736020353368,6.0,-0.5030303030303025,0.6,0.08333333333333348
2025.04.14startup_a,startup_a,20250414,9,3438.0,90,0,ids,-0.07101800048064905,-0.05264694144956626,7.333333333333333,-0.51048951048951,0.5,0.06818181818181825
2025.04.14startup_a,startup_a,20250414,9,4556.0,90,0,ids,-0.21723452155897421,0.08294583781377403,8.0,1.5824175824175823,0.5384615384615384,-0.42132867132867097
2025.04.14startup_a,startup_a,20250414,9,3439.0,90,0,ids,-0.07914791840387345,-0.04665910179199186,7.333333333333333,-0.51048951048951,0.5,0.06818181818181825
2025.04.14startup_a,startup_a,20250414,10,2243.0,90,1,ids,-0.14618462178580321,0.4247364509921443,3.3333333333333335,6.500000000000001,0.5714285714285714,-1.5714285714285716
2025.04.14startup_a,startup_a,20250414,10,2610.0,90,0,ids,-0.27420779410781143,0.07147091322879456,4.0,9.107142857142856,0.5714285714285714,0.8571428571428575
2025.04.14startup_a,startup_a,20250414,10,2669.0,90,0,ids,-0.17202561373833208,0.08629560756560833,1.3333333333333333,,0.75,
2025.04.14startup_a,startup_a,20250414,10,4063.0,90,0,ids,-0.05977641860504534,0.14091368157427112,8.0,0.6098901098901106,0.38461538461538464,0.1975524475524475
2025.04.14startup_a,startup_a,20250414,11,3052.0,90,1,ids,-0.37717385355368704,0.0619741692696,10.0,0.8602941176470589,0.1875,-0.30714285714285705
2025.04.14startup_a,startup_a,20250414,11,2447.0,90,0,ids,-0.47242450604601377,0.11303898909632777,4.0,3.2380952380952386,0.25,-0.3750000000000001
2025.04.14startup_a,startup_a,20250414,11,2566.0,90,0,ids,0.07029770284096275,-0.16418308924671668,3.3333333333333335,-3.035714285714293,0.42857142857142855,1.6285714285714301
2025.04.14startup_a,startup_a,20250414,11,3392.0,90,0,ids,0.29193943051640187,-0.13317980380507297,6.666666666666667,1.2818181818181824,0.45454545454545453,0.20909090909090894
2025.04.14startup_a,startup_a,20250414,12,3121.0,90,1,ids,0.1971008220234761,-0.3911171427006188,10.666666666666666,0.7647058823529415,0.17647058823529413,0.1470588235294116
2025.04.14startup_a,startup_a,20250414,12,4086.0,90,0,ids,-0.11714058834742737,0.11470971562508858,8.0,-0.28571428571428475,0.46153846153846156,0.12237762237762209
2025.04.14startup_a,startup_a,20250414,12,1473.0,90,0,ids,-0.6041246307675167,0.10646328044306677,0.6666666666666666,,1.0,
2025.04.14startup_a,startup_a,20250414,12,3964.0,90,0,ids,-0.02367662989467966,-0.242916833739215,4.0,1.9166666666666667,0.1111111111111111,-0.4047619047619048
2025.04.14startup_a,startup_a,20250414,13,3555.0,90,1,ids,0.3030417744890185,-0.11402893789494332,3.3333333333333335,2.742857142857139,0.8333333333333334,-1.75
2025.04.14startup_a,startup_a,20250414,13,2937.0,90,0,ids,-0.2734503926382069,0.19221619104467094,3.3333333333333335,10.799999999999999,0.5,0.09999999999999906
2025.04.14startup_a,startup_a,20250414,13,3865.0,90,0,ids,-0.012207301015676528,0.015970491250797875,,,,
2025.04.14startup_a,startup_a,20250414,13,2791.0,90,0,ids,0.0984852056353081,-0.10143867774551663,4.666666666666667,1.428571428571429,0.75,-0.08928571428571389
2025.04.14startup_a,startup_a,20250414,14,3617.0,90,1,ids,0.058066908106629546,-0.4315294218052127,5.333333333333333,-0.25000000000000255,0.5555555555555556,-0.21428571428571447
2025.04.14startup_a,startup_a,20250414,14,1480.0,90,0,ids,-0.5062039413734244,0.06917857461324356,0.0,,1.0,
2025.04.14startup_a,startup_a,20250414,14,3457.0,90,0,ids,-0.32526650954408015,0.11202494777692004,6.666666666666667,3.054545454545455,0.45454545454545453,-0.1787878787878789
2025.04.14startup_a,startup_a,20250414,14,2604.0,90,0,ids,-0.15022164383122788,0.00863515139782556,4.666666666666667,6.857142857142856,0.5,0.8392857142857144
2025.04.14startup_a,startup_a,20250414,15,4389.0,90,1,ids,-0.025231090755848975,-0.18115197718769657,8.0,-0.34615384615384537,0.46153846153846156,-0.14335664335664325
2025.04.14startup_a,startup_a,20250414,15,1842.0,90,0,ids,0.3544226106488303,-0.07763374773502307,2.0,-30.400000000000002,0.6,
2025.04.14startup_a,startup_a,20250414,15,1475.0,90,0,ids,-0.5781911931778444,0.08726321389918704,0.6666666666666666,,1.0,
2025.04.14startup_a,startup_a,20250414,15,1782.0,90,0,ids,0.06585517060836649,-0.01767650986641712,0.0,,1.0,
2025.04.14startup_a,startup_a,20250414,16,4450.0,90,1,ids,-0.45342807816906744,0.47323012023586786,6.0,5.406060606060605,0.5,-0.21666666666666695
2025.04.14startup_a,startup_a,20250414,16,2496.0,90,0,ids,0.4234397935632702,-0.014494087300582117,3.3333333333333335,15.314285714285715,0.3333333333333333,0.5000000000000006
2025.04.14startup_a,startup_a,20250414,16,1680.0,90,0,ids,-0.026313373113278336,-0.0020433327026000564,0.0,,1.0,
2025.04.14startup_a,startup_a,20250414,16,4262.0,90,0,ids,-0.12462031274931962,-0.012947000987586063,6.666666666666667,2.972727272727273,0.5454545454545454,0.2818181818181819
2025.04.14startup_a,startup_a,20250414,17,4696.0,90,1,ids,0.41846781451031545,-0.31150993809890065,3.3333333333333335,-5.9714285714285715,0.3333333333333333,0.15000000000000088
2025.04.14startup_a,startup_a,20250414,17,1949.0,90,0,ids,0.12685727807979463,-0.04976283812729278,5.333333333333333,5.566666666666667,0.4444444444444444,-0.30357142857142844
2025.04.14startup_a,startup_a,20250414,17,2888.0,90,0,ids,0.32988455012951706,-0.142963193319928,2.6666666666666665,1.900000000000001,0.8,
2025.04.14startup_a,startup_a,20250414,17,3275.0,90,0,ids,0.4163848096336908,-0.16529506947704828,3.3333333333333335,-13.071428571428578,0.2857142857142857,1.1142857142857157
2025.04.14startup_a,startup_a,20250414,18,4840.0,90,1,ids,0.08286559743827104,0.02882387350712994,3.3333333333333335,8.314285714285713,0.6666666666666666,0.9499999999999995
2025.04.14startup_a,startup_a,20250414,18,2785.0,90,0,ids,0.13711599697165655,-0.1350607751611236,4.0,1.1071428571428557,0.7142857142857143,-1.1714285714285713
2025.04.14startup_a,startup_a,20250414,18,3311.0,90,0,ids,0.41913708102831615,-0.1314505465162784,4.666666666666667,0.7142857142857164,0.5,0.5714285714285724
2025.04.14startup_a,startup_a,20250414,18,1955.0,90,0,ids,0.14766140908446362,-0.014565086913360597,5.333333333333333,5.566666666666667,0.4444444444444444,-0.30357142857142844
2025.04.14startup_a,startup_a,20250414,19,5045.0,90,1,ids,0.5836752693719645,-0.31724860860545867,5.333333333333333,1.516666666666666,0.4444444444444444,-0.047619047619047825
2025.04.14startup_a,startup_a,20250414,19,2395.0,90,0,ids,0.4124762837897685,-0.0941500596541838,3.3333333333333335,7.892857142857141,0.42857142857142855,0.7428571428571428
2025.04.14startup_a,startup_a,20250414,19,3257.0,90,0,ids,0.18572316528962912,-0.06499496248537354,0.0,,0.5,
2025.04.14startup_a,startup_a,20250414,19,3806.0,90,0,ids,-0.40565539744005513,0.04081370546589944,2.0,,0.5,
2025.04.14startup_a,startup_a,20250414,20,5205.0,90,1,ids,0.11458528900773043,-0.02602325461817259,4.0,-2.6071428571428608,0.5714285714285714,0.557142857142858
2025.04.14startup_a,startup_a,20250414,20,1577.0,90,0,ids,0.2835440466719512,-0.3237568421332553,3.3333333333333335,8.628571428571428,0.16666666666666666,-0.9499999999999998
2025.04.14startup_a,startup_a,20250414,20,3849.0,90,0,ids,-0.20170217434314783,0.0336821816580352,,,,
2025.04.14startup_a,startup_a,20250414,20,2721.0,90,0,ids,0.1575851454995231,-0.05004482588174848,0.0,,1.0,
2025.04.14startup_a,startup_a,20250414,21,5244.0,90,1,ids,0.1759658497394184,-0.4408147456065273,5.333333333333333,-1.6833333333333371,0.6666666666666666,-0.16071428571428537
2025.04.14startup_a,startup_a,20250414,21,1971.0,90,0,ids,-0.014749211857681074,0.06662789927021297,5.333333333333333,5.566666666666667,0.4444444444444444,-0.30357142857142844
2025.04.14startup_a,startup_a,20250414,21,4178.0,90,0,ids,0.38607934392162935,-0.26766179246984423,2.6666666666666665,-12.742857142857156,0.8333333333333334,0.3999999999999999
2025.04.14startup_a,startup_a,20250414,21,3843.0,90,0,ids,-0.2879894430207708,0.042369091067323124,,,,
2025.04.14startup_a,startup_a,20250414,22,5416.0,90,1,conclude,-0.4979181063531924,0.0052914558178073804,6.0,0.3212121212121225,0.5,0.2333333333333336
2025.04.14startup_a,startup_a,20250414,22,6190.0,90,0,conclude,0.113747023985627,0.00314262441659285,,,,
2025.04.14startup_a,startup_a,20250414,22,5512.0,90,0,conclude,0.24756741574939653,-0.0922341150167775,3.3333333333333335,-0.9428571428571493,0.8333333333333334,1.3499999999999992
2025.04.14startup_a,startup_a,20250414,22,5971.0,90,0,conclude,0.24207102705390834,-0.023874304838215305,,,,
2025.04.14startup_a,startup_a,20250414,23,5630.0,90,1,conclude,0.132223741231878,-0.06440778397300669,7.333333333333333,0.5714285714285717,0.38461538461538464,0.3601398601398597
2025.04.14startup_a,startup_a,20250414,23,5886.0,90,0,conclude,0.0,2.0964868185876535e-16,,,,
2025.04.14startup_a,startup_a,20250414,23,6125.0,90,0,conclude,0.04431798058728343,-0.026463541014551548,,,,
2025.04.14startup_a,startup_a,20250414,23,6066.0,90,0,conclude,-0.18628168834863268,0.00864147071322701,,,,
2025.04.14startup_b,startup_b,20250414,0,234.0,90,1,segue,-0.07722326646548415,-0.09215326024507713,3.3333333333333335,6.142857142857144,0.16666666666666666,-5.349999999999999
2025.04.14startup_b,startup_b,20250414,0,91.0,90,0,segue,-0.08808768375963191,-0.0009371300260357644,2.0,2.600000000000013,0.6,
2025.04.14startup_b,startup_b,20250414,0,430.0,90,0,segue,-0.138517618664029,0.17409932689480315,2.6666666666666665,21.900000000000002,0.4,
2025.04.14startup_b,startup_b,20250414,0,455.0,90,0,segue,0.1103016931923322,0.07046270653086391,1.3333333333333333,,0.6666666666666666,
2025.04.14startup_b,startup_b,20250414,1,276.0,90,1,segue,0.4885388735912938,-0.6411694578911236,4.666666666666667,-4.4047619047619,0.375,1.1428571428571428
2025.04.14startup_b,startup_b,20250414,1,502.0,90,0,segue,0.30139383929653263,-0.20088475862001431,1.3333333333333333,,1.0,
2025.04.14startup_b,startup_b,20250414,1,463.0,90,0,segue,0.17177441927235593,0.03715185137416084,0.6666666666666666,,1.0,
2025.04.14startup_b,startup_b,20250414,1,94.0,90,0,segue,-0.0833121390325893,0.006027481823112259,1.3333333333333333,,0.5,
2025.04.14startup_b,startup_b,20250414,2,300.0,90,1,segue,0.25959804349091514,-0.3147187577602487,8.666666666666666,0.6659340659340658,0.42857142857142855,0.236263736263736
2025.04.14startup_b,startup_b,20250414,2,423.0,90,0,segue,-0.2011972732717994,0.16604407586718942,2.6666666666666665,21.900000000000002,0.4,
2025.04.14startup_b,startup_b,20250414,2,403.0,90,0,segue,-0.2948559305415268,0.1354781856490868,2.6666666666666665,7.999999999999999,0.4,
2025.04.14startup_b,startup_b,20250414,2,504.0,90,0,segue,0.3034600653411343,-0.19663214123390282,1.3333333333333333,,1.0,
2025.04.14startup_b,startup_b,20250414,3,725.0,90,1,ids,0.47559967200426256,-0.2451948811980722,1.3333333333333333,,0.6666666666666666,
2025.04.14startup_b,startup_b,20250414,3,537.0,90,0,ids,-0.17302370922400867,0.009843889718831206,2.0,,0.75,
2025.04.14startup_b,startup_b,20250414,3,3054.0,90,0,ids,0.0939426133029643,-0.02013896946792228,2.6666666666666665,17.700000000000003,0.2,
2025.04.14startup_b,startup_b,20250414,3,967.0,90,0,ids,0.20101612110313358,-0.03879426487924548,1.3333333333333333,,0.6666666666666666,
2025.04.14startup_b,startup_b,20250414,4,775.0,90,1,ids,0.2063815593046391,-0.6355314072869349,6.666666666666667,-1.8090909090909082,0.5454545454545454,0.04545454545454545
2025.04.14startup_b,startup_b,20250414,4,4267.0,90,0,ids,-0.17590129174357033,0.13702229983206177,6.0,1.1333333333333317,0.4,0.5083333333333337
2025.04.14startup_b,startup_b,20250414,4,3493.0,90,0,ids,0.2258729833613914,-0.14617428425407972,3.3333333333333335,-3.571428571428576,0.3333333333333333,-0.65
2025.04.14startup_b,startup_b,20250414,4,1747.0,90,0,ids,0.2968738295106009,-0.04762822340179773,2.0,-6.500000000000001,0.6,
2025.04.14startup_b,startup_b,20250414,5,1158.0,90,1,ids,-0.24962751524494511,0.05212686763896124,0.6666666666666666,,0.6666666666666666,
2025.04.14startup_b,startup_b,20250414,5,2851.0,90,0,ids,-0.42572488560414073,0.28565621221324644,1.3333333333333333,,0.75,
2025.04.14startup_b,startup_b,20250414,5,1298.0,90,0,ids,0.0863735573671758,0.017017013697783426,2.0,4.000000000000005,0.6,
2025.04.14startup_b,startup_b,20250414,5,3111.0,90,0,ids,0.16416637663799324,-0.324381237160236,4.666666666666667,-3.2261904761904763,0.375,1.0714285714285716
2025.04.14startup_b,startup_b,20250414,6,1192.0,90,1,ids,0.40495088178079314,-0.5323503349122554,3.3333333333333335,-6.971428571428582,0.3333333333333333,2.8
2025.04.14startup_b,startup_b,20250414,6,1715.0,90,0,ids,0.4308536717309768,-0.03710122920411594,2.0,,0.5,
2025.04.14startup_b,startup_b,20250414,6,536.0,90,0,ids,-0.1527837585336653,0.006002475763443238,2.0,,0.75,
2025.04.14startup_b,startup_b,20250414,6,546.0,90,0,ids,-0.3787740633232587,0.09044897483482987,2.0,,0.75,
2025.04.14startup_b,startup_b,20250414,7,1490.0,90,1,ids,0.1701854837912883,-0.07644616461471668,1.3333333333333333,,0.6666666666666666,
2025.04.14startup_b,startup_b,20250414,7,3455.0,90,0,ids,0.17201431510342935,-0.05720760299325989,1.3333333333333333,,0.6666666666666666,
2025.04.14startup_b,startup_b,20250414,7,3409.0,90,0,ids,-0.3543516567651337,0.26281766795636285,1.3333333333333333,,0.75,
2025.04.14startup_b,startup_b,20250414,7,2944.0,90,0,ids,0.4089352859326529,-0.18076902295406022,,,,
2025.04.14startup_b,startup_b,20250414,8,1536.0,90,1,ids,0.7776572127387227,-1.0687625796761349,5.333333333333333,-2.7727272727272734,0.45454545454545453,0.03636363636363622
2025.04.14startup_b,startup_b,20250414,8,4545.0,90,0,ids,0.4031726135538357,-0.4590326307044701,4.0,5.178571428571428,0.42857142857142855,-0.19999999999999996
2025.04.14startup_b,startup_b,20250414,8,4573.0,90,0,ids,0.1333091105174519,-0.19932850629334262,8.0,2.6813186813186807,0.38461538461538464,-0.01923076923076929
2025.04.14startup_b,startup_b,20250414,8,2870.0,90,0,ids,-0.2703550579448684,0.09451506550111279,0.6666666666666666,,0.6666666666666666,
2025.04.14startup_b,startup_b,20250414,9,1563.0,90,1,ids,0.21573095278510154,-0.6393638275350818,8.0,0.7071428571428572,0.26666666666666666,-0.22307692307692312
2025.04.14startup_b,startup_b,20250414,9,537.0,90,0,ids,-0.17302370922400867,0.009843889718831206,2.0,,0.75,
2025.04.14startup_b,startup_b,20250414,9,1381.0,90,0,ids,-0.2583184524740843,0.01402504285913779,4.0,13.07142857142857,0.5714285714285714,0.3428571428571431
2025.04.14startup_b,startup_b,20250414,9,1041.0,90,0,ids,-0.057682646716598854,0.028376371186718152,,,,
2025.04.14startup_b,startup_b,20250414,10,2022.0,90,1,ids,0.2792818144519863,-0.23935082084998605,6.0,1.375757575757576,0.3,0.3750000000000003
2025.04.14startup_b,startup_b,20250414,10,4332.0,90,0,ids,0.06221687425087157,0.043923405937266076,4.0,-1.67857142857144,0.14285714285714285,4.200000000000003
2025.04.14startup_b,startup_b,20250414,10,1015.0,90,0,ids,-0.1876415692676325,0.050542599910978224,1.3333333333333333,,0.6666666666666666,
2025.04.14startup_b,startup_b,20250414,10,3124.0,90,0,ids,0.33362396537885197,-0.501858646252639,4.0,0.35714285714285754,0.42857142857142855,-0.7428571428571437
2025.04.14startup_b,startup_b,20250414,11,2224.0,90,1,ids,-0.16304656396885786,0.0223703965711478,6.0,-0.15757575757575648,0.4,0.5750000000000003
2025.04.14startup_b,startup_b,20250414,11,4141.0,90,0,ids,-0.21346344328697017,0.2592782475279342,6.0,1.6000000000000016,0.5,-1.3250000000000004
2025.04.14startup_b,startup_b,20250414,11,922.0,90,0,ids,0.022899334617104104,-0.0011930398080658303,,,,
2025.04.14startup_b,startup_b,20250414,11,2902.0,90,0,ids,0.0050743079526602815,0.014167041676453496,0.0,,1.0,
2025.04.14startup_b,startup_b,20250414,12,2243.0,90,1,ids,-0.08965757582848288,-0.1827744870222766,7.333333333333333,-0.03146853146853042,0.25,0.32727272727272716
2025.04.14startup_b,startup_b,20250414,12,4206.0,90,0,ids,0.26023804341839296,-0.24111876581999253,5.333333333333333,0.14999999999999916,0.5555555555555556,0.1011904761904757
2025.04.14startup_b,startup_b,20250414,12,2970.0,90,0,ids,0.3317399340836623,-0.17900615924768876,0.6666666666666666,,1.0,
2025.04.14startup_b,startup_b,20250414,12,549.0,90,0,ids,-0.44371248909574934,0.11707066517731503,2.0,,0.75,
2025.04.14startup_b,startup_b,20250414,13,2409.0,90,1,ids,-0.006792646483845933,-0.07048031353722847,6.0,0.13333333333333555,0.3,0.358333333333334
2025.04.14startup_b,startup_b,20250414,13,543.0,90,0,ids,-0.30463658178107256,0.0630707860397668,2.0,,0.75,
2025.04.14startup_b,startup_b,20250414,13,3119.0,90,0,ids,0.2877108093234559,-0.4624665453832336,4.666666666666667,-7.714285714285705,0.5,0.8214285714285728
2025.04.14startup_b,startup_b,20250414,13,4833.0,90,0,ids,-0.2567612177729976,0.32384238435203955,2.6666666666666665,12.885714285714286,0.3333333333333333,-0.8500000000000004
2025.04.14startup_b,startup_b,20250414,14,2572.0,90,1,ids,0.22085489101897457,-0.08568393969521214,2.0,,0.5,
2025.04.14startup_b,startup_b,20250414,14,4218.0,90,0,ids,0.20134665621460454,-0.20920832592686778,6.666666666666667,-0.3181818181818176,0.45454545454545453,0.7393939393939398
2025.04.14startup_b,startup_b,20250414,14,4291.0,90,0,ids,0.09277160465625989,0.2665918100049708,7.333333333333333,2.48951048951049,0.3333333333333333,-0.818181818181818
2025.04.14startup_b,startup_b,20250414,14,2114.0,90,0,ids,0.06229826821762372,-0.11066742445081955,1.3333333333333333,,0.6666666666666666,
2025.04.14startup_b,startup_b,20250414,15,2697.0,90,1,ids,-0.20339582802028514,0.571240631388772,4.0,2.88095238095238,0.625,-1.5714285714285712
2025.04.14startup_b,startup_b,20250414,15,2952.0,90,0,ids,0.4226513576827572,-0.2212482049682276,0.6666666666666666,,1.0,
2025.04.14startup_b,startup_b,20250414,15,1792.0,90,0,ids,-0.21944264197671776,-0.004365050879175146,2.6666666666666665,11.857142857142858,0.5,-0.1499999999999998
2025.04.14startup_b,startup_b,20250414,15,3438.0,90,0,ids,0.028116789222589693,0.00030620700738382133,,,,
2025.04.14startup_b,startup_b,20250414,16,2758.0,90,1,ids,0.07214252714548901,-0.42504528496533467,5.333333333333333,-2.5833333333333357,0.3333333333333333,0.41666666666666635
2025.04.14startup_b,startup_b,20250414,16,4169.0,90,0,ids,-0.03642888748814887,-0.22716717407402567,5.333333333333333,-0.6166666666666704,0.5555555555555556,0.37499999999999967
2025.04.14startup_b,startup_b,20250414,16,4159.0,90,0,ids,-0.1668822729090953,-0.02909540743430339,4.666666666666667,-1.511904761904762,0.5,0.32142857142857145
2025.04.14startup_b,startup_b,20250414,16,1673.0,90,0,ids,-0.3226101913123764,0.10324995285324748,1.3333333333333333,,0.5,
2025.04.14startup_b,startup_b,20250414,17,3278.0,90,1,ids,-0.3155029668133554,0.013626294109608384,4.666666666666667,3.1190476190476177,0.375,-0.8928571428571428
2025.04.14startup_b,startup_b,20250414,17,513.0,90,0,ids,0.26791930664534264,-0.15810027838662408,2.0,,0.75,
2025.04.14startup_b,startup_b,20250414,17,4148.0,90,0,ids,-0.2104961677604904,0.15824544003542113,5.333333333333333,-1.0000000000000056,0.5555555555555556,-0.22619047619047628
2025.04.14startup_b,startup_b,20250414,17,2973.0,90,0,ids,0.2934910253788115,-0.15551535287652415,0.6666666666666666,,1.0,
2025.04.14startup_b,startup_b,20250414,18,3309.0,90,1,ids,0.0666771648337361,-0.5504586942993879,7.333333333333333,-0.23426573426573294,0.3333333333333333,-0.1454545454545455
2025.04.14startup_b,startup_b,20250414,18,566.0,90,0,ids,-0.6168227856407245,0.19884180720699052,2.0,29.599999999999998,0.8,
2025.04.14startup_b,startup_b,20250414,18,4869.0,90,0,ids,0.21065604958679351,-0.08031144218906139,0.6666666666666666,,0.3333333333333333,
2025.04.14startup_b,startup_b,20250414,18,1890.0,90,0,ids,0.39264934479424707,-0.11336145842441515,2.6666666666666665,-10.314285714285722,0.8333333333333334,2.1999999999999997
2025.04.14startup_b,startup_b,20250414,19,3653.0,90,1,ids,0.09837285222703489,-0.08812582478117474,2.0,5.500000000000006,0.0,
2025.04.14startup_b,startup_b,20250414,19,4739.0,90,0,ids,-0.16593524690815536,0.19441846577816346,4.0,13.107142857142854,0.42857142857142855,-0.3142857142857136
2025.04.14startup_b,startup_b,20250414,19,1868.0,90,0,ids,0.1329800944119586,-0.016730365020991234,0.6666666666666666,,1.0,
2025.04.14startup_b,startup_b,20250414,19,1791.0,90,0,ids,-0.22035694376160211,-0.006020738001559854,2.6666666666666665,11.857142857142858,0.5,-0.1499999999999998
2025.04.14startup_b,startup_b,20250414,20,3693.0,90,1,ids,0.40847815308415114,-0.6360315605328318,6.0,-3.3575757575757517,0.2,0.5500000000000014
2025.04.14startup_b,startup_b,20250414,20,4629.0,90,0,ids,0.0014628052838509664,0.1823665599838894,6.0,5.721212121212121,0.4,-0.5333333333333333
2025.04.14startup_b,startup_b,20250414,20,1699.0,90,0,ids,0.18429256915277412,0.002234085627438714,,,,
2025.04.14startup_b,startup_b,20250414,20,1824.0,90,0,ids,-0.2706316762482049,0.04940137676011607,1.3333333333333333,,0.75,
2025.04.14startup_b,startup_b,20250414,21,3715.0,90,1,ids,0.20258105838331975,-0.7340311411009135,8.0,-0.6483516483516484,0.23076923076923078,0.3986013986013985
2025.04.14startup_b,startup_b,20250414,21,607.0,90,0,ids,-0.160994960191395,0.031890175039486476,,,,
2025.04.14startup_b,startup_b,20250414,21,4751.0,90,0,ids,-0.1807227982537476,0.06143902483864461,4.0,-5.142857142857145,0.2857142857142857,1.5000000000000013
2025.04.14startup_b,startup_b,20250414,21,511.0,90,0,ids,0.2823798976713388,-0.16873586094258,2.6666666666666665,-1.2999999999999987,0.8,
2025.04.14startup_b,startup_b,20250414,22,3833.0,90,1,ids,-0.06254326941651539,0.002533875057768878,1.3333333333333333,,0.6666666666666666,
2025.04.14startup_b,startup_b,20250414,22,1045.0,90,0,ids,0.0065179313292276775,0.02256310167265057,,,,
2025.04.14startup_b,startup_b,20250414,22,1001.0,90,0,ids,-0.06539022615809231,0.016270759398042376,1.3333333333333333,,0.6666666666666666,
2025.04.14startup_b,startup_b,20250414,22,1044.0,90,0,ids,-0.009929372183202992,0.024100414687377524,,,,
2025.04.14startup_b,startup_b,20250414,23,3986.0,90,1,ids,0.20446917840901013,-0.1877812189835804,4.0,-2.0357142857142883,0.14285714285714285,1.6142857142857145
2025.04.14startup_b,startup_b,20250414,23,931.0,90,0,ids,0.08843777704866691,-0.027261957292748825,0.0,,1.0,
2025.04.14startup_b,startup_b,20250414,23,4654.0,90,0,ids,-0.17684031437145953,-0.09624397776844103,4.666666666666667,-0.7142857142857116,0.5,-0.4107142857142862
2025.04.14startup_b,startup_b,20250414,23,4198.0,90,0,ids,0.20894854383521458,-0.27009605339047216,4.666666666666667,2.7261904761904767,0.625,0.7142857142857157
2025.04.14startup_b,startup_b,20250414,24,4039.0,90,1,ids,0.3599932992909744,-0.9302056289583046,8.0,-1.2857142857142858,0.38461538461538464,0.3286713286713285
2025.04.14startup_b,startup_b,20250414,24,4719.0,90,0,ids,-0.12238248266102038,0.32927640224224375,4.0,13.107142857142854,0.42857142857142855,-0.3142857142857136
2025.04.14startup_b,startup_b,20250414,24,3527.0,90,0,ids,-0.18314255745457597,0.06545911610420214,4.0,12.14285714285714,0.42857142857142855,1.042857142857143
2025.04.14startup_b,startup_b,20250414,24,1331.0,90,0,ids,0.031318816175582326,-0.025507740989495084,2.6666666666666665,-7.200000000000015,0.6666666666666666,5.55
2025.04.14startup_b,startup_b,20250414,25,4433.0,90,1,ids,0.06058375046568154,-0.13107368958883667,4.666666666666667,3.0357142857142847,0.5,1.9464285714285712
2025.04.14startup_b,startup_b,20250414,25,1805.0,90,0,ids,-0.2523891979364246,0.016689402467345297,1.3333333333333333,,0.75,
2025.04.14startup_b,startup_b,20250414,25,1887.0,90,0,ids,0.37924696970696137,-0.09785041938480186,2.6666666666666665,-10.314285714285722,0.8333333333333334,2.1999999999999997
2025.04.14startup_b,startup_b,20250414,25,4181.0,90,0,ids,0.1081207989018551,-0.38011530825498524,6.0,-0.5393939393939367,0.6,0.7833333333333348
