mid,cls,entropy,det,rmse_z,entropy_z,det_z,rmse_z_z
2024.10.14startup_a,TRANSITION,54.95458815079413,82.59241518906558,2.555560568133927,1.2346290101233344,0.4167233100270473,-0.8573097946157812
2024.10.14startup_a,INT_OTHER,44.709725325391396,89.44357078496749,3.5044912472624232,0.20304464178645817,1.1892376005158993,0.44324248841840913
2024.10.14startup_a,INT_OTHER,50.497208909577694,70.18750394543422,2.6992728685654015,0.7858028201243087,-0.9820146216706667,-0.6603456068861729
2024.10.14startup_a,INT_HANDOFF,44.0882400653053,79.82997529379543,2.4661641357981483,0.1404655238048182,0.10523946385820472,-0.9798316360175013
2024.10.14startup_a,TRANSITION,36.96007610403779,94.31423513051834,2.8106808805079067,-0.5772895738186354,1.738438061437154,-0.5076559031312105
2024.10.14startup_a,INT_HANDOFF,36.21106111332136,77.30277667724006,2.3724778509961415,-0.6527100229980208,-0.17971933161280507,-1.1082329136536544
2024.10.14startup_a,INT_OTHER,38.07104484448849,81.76906782211292,2.684598209160429,-0.4654229723920029,0.32388530655391695,-0.6804578892811465
2024.10.14startup_a,INT_HANDOFF,25.38263014980448,89.17689607822373,3.3725464343625857,-1.743055526490881,1.1591682174771165,0.26240617294697527
2024.10.14startup_a,TRANSITION,50.582140051571905,62.18800376121068,3.9958486892685676,0.7943547783066072,-1.8840125580155003,1.116670017997098
2024.10.14startup_a,TRANSITION,47.89616863152392,68.19911209800614,2.714011621309004,0.5238966786773249,-1.2062192971780406,-0.6401454816806382
2024.10.14startup_a,TRANSITION,49.90903321298957,66.58754841061227,3.535867841764617,0.7265777368043561,-1.3879340402046558,0.4862455259544531
2024.10.14startup_a,INT_OTHER,44.132933935841415,90.32062570543641,2.4504322825352367,0.14496587671254157,1.2881314951474971,-1.001392850263656
2024.10.14startup_a,INT_HANDOFF,49.45880061163997,82.5903837208754,2.9340975442410144,0.6812425359741161,0.41649424820154624,-0.338507800627064
2024.10.14startup_a,TRANSITION,23.11569371217884,78.00439935307824,3.576956695867591,-1.9713198022476397,-0.10060661317735856,0.542559653199195
2024.10.14startup_a,INT_HANDOFF,40.788131627031206,87.20986912677695,2.9771177547260272,-0.1918317784390846,0.9373725789897496,-0.27954666237586984
2024.10.14startup_a,INT_HANDOFF,22.609909295008322,93.86869854356976,2.455090759625635,-2.022248673370028,1.6882007875151777,-0.9950081973605122
2024.10.14startup_a,TRANSITION,59.82750190596541,68.72511171241543,2.7607282925964256,1.7252965518715895,-1.1469092708277622,-0.5761181772263086
2024.10.14startup_a,INT_HANDOFF,44.603725840834535,73.26690442579057,3.4400371317532445,0.19237125228538152,-0.6347913184024603,0.35490521687672183
2024.10.14startup_a,INT_HANDOFF,53.51354255787638,73.94667122015159,2.407741849764499,1.0895260318746958,-0.5581429989338742,-1.0599020132877577
2024.10.14startup_a,INT_HANDOFF,27.61123376947674,89.0484078261742,2.4153579322312604,-1.5186510911701465,1.1446802950414368,-1.0494638288578684
2024.10.14startup_a,INT_OTHER,39.65449542681889,74.03273851750114,3.2814075834003673,-0.3059808308422207,-0.5484383270408497,0.13749626825205552
2024.10.14startup_a,INT_HANDOFF,41.96673001657562,84.41160095836308,4.339640306225338,-0.07315535534571473,0.621848851866573,1.5878519306019048
2024.10.14startup_a,INT_HANDOFF,34.89810346589108,83.17417690898472,2.6292553770252103,-0.784915461807709,0.4823208922167929,-0.7563077361310131
2024.10.14startup_a,INT_HANDOFF,40.16398870450663,74.67377772056824,3.4842313474533118,-0.2546785040085055,-0.4761568063249676,0.4154753822110484
2024.10.14startup_a,TRANSITION,58.70349898933362,70.04208932161,4.263181837174098,1.6121175021836465,-0.998411107398922,1.4830621512544682
2024.10.14startup_a,INT_HANDOFF,48.908854082593244,85.11864456361263,2.9413379231889745,0.6258668562354833,0.7015728168836212,-0.3285845348101654
2024.10.14startup_a,TRANSITION,36.949948729156276,79.79414703890174,4.688864313753679,-0.5783093279918345,0.10119958496168599,2.066479179431565
2024.10.14startup_a,TRANSITION,53.06955069092915,68.98247116578698,5.057441214024477,1.0448192283364588,-1.1178902458269517,2.5716304403867833
2024.10.14startup_a,INT_HANDOFF,38.865687894537366,69.2008462406622,3.4370320367504545,-0.38540810417870075,-1.0932669740786654,0.35078659867565093
2024.10.14startup_b,INT_HANDOFF,34.942333339618266,71.63029775718121,5.695028036256051,-2.7925192842677187,1.2030780603213624,2.5395052849477304
2024.10.14startup_b,TRANSITION,51.946537387519115,44.31837393387134,5.420478120804897,-0.7922919074506807,-0.8493915396546137,2.2549999097796976
2024.10.14startup_b,INT_HANDOFF,53.64546146632868,76.58947356433112,4.454581644292869,-0.5924451846052162,1.5757562228323616,1.2540790427236448
2024.10.14startup_b,INT_HANDOFF,58.35266236504866,69.43140882112375,2.876329532272075,-0.038730816130568994,1.0378332857614094,-0.3814020992113714
2024.10.14startup_b,TRANSITION,67.20974690856004,41.43791005614793,4.019445661612105,1.0031399431715424,-1.0658561351588844,0.8031645858815459
2024.10.14startup_b,TRANSITION,60.62515467995956,62.02984538483378,2.3672562924916263,0.22858550923734747,0.4816116133681434,-0.9089348534420321
2024.10.14startup_b,INT_HANDOFF,58.98038922087819,62.51730176686402,2.417736725383053,0.035109537622919865,0.518243577191119,-0.8566239486114123
2024.10.14startup_b,TRANSITION,58.45051807546986,53.20739704777715,3.6849244002669055,-0.027219917389823295,-0.18138844207697644,0.45651324270299787
2024.10.14startup_b,TRANSITION,52.64976127574951,53.10269420351334,2.3307615832887794,-0.7095707363033721,-0.18925677849563194,-0.9467528979908437
2024.10.14startup_b,TRANSITION,40.27858533846578,74.75030256247578,2.4803933665362963,-2.164808789402944,1.437543968181749,-0.7916953137991252
2024.10.14startup_b,INT_HANDOFF,51.629285061845145,61.91555558661292,3.2061160056533105,-0.8296107249257207,0.4730228248978307,-0.039657232233389794
2024.10.14startup_b,TRANSITION,78.31677067294387,28.377596639132967,6.134910333128313,2.309674077077128,-2.047328419132655,2.995338162170686
2024.10.14startup_b,INT_OTHER,58.8824093851317,52.49132443489942,2.552572854087237,0.02358403785332898,-0.2352007358873653,-0.7168985244744159
2024.10.14startup_b,TRANSITION,70.50085362400469,33.19912199327357,3.7290864860956114,1.3902772495526348,-1.684994579930854,0.5022766907676329
2024.10.14startup_b,TRANSITION,51.1673765557,61.685140942541,2.7424542025155736,-0.8839456433361025,0.45570734557069226,-0.5201318848517311
2024.10.14startup_b,TRANSITION,51.62145147499608,49.053074847227336,2.9990630963286455,-0.8305322002755835,-0.49358248890778195,-0.25421809104934096
2024.10.14startup_b,INT_HANDOFF,62.83063687008402,63.57926785946167,3.096706764234892,0.4880193435610389,0.5980494940266693,-0.15303376424013507
2024.10.14startup_b,TRANSITION,60.94216160510265,39.36309392926661,2.852138668241777,0.26587545991810724,-1.2217769356676098,-0.4064701486233307
2024.10.14startup_b,TRANSITION,56.94299685703345,44.739004017197054,3.1077943490739264,-0.2045516645127549,-0.8177815196338138,-0.14154413227593188
2024.10.14startup_b,TRANSITION,65.45816464618049,59.71119223156486,3.0970105944243387,0.7970989674170085,0.3073666520552656,-0.1527189168583981
2024.10.14startup_b,TRANSITION,61.88531826832265,61.880291650742116,3.3658198492990823,0.3768202458713753,0.470372767845147,0.12583763553065025
2024.10.14startup_b,TRANSITION,57.19210221561237,74.72374512440125,2.4059333202136024,-0.17524906637068557,1.435548197592542,-0.8688553572806759
2024.10.14startup_b,TRANSITION,68.23571532908113,55.7545706566799,2.50380920467075,1.1238259874400696,0.010029651791316579,-0.7674303935117907
2024.10.14startup_b,TRANSITION,69.14536871819135,36.7525980155469,4.218816075684158,1.230829738229409,-1.417953650952615,1.0097643743381082
2024.10.14startup_b,INT_HANDOFF,56.359731789986235,77.39877414082824,2.938535637850586,-0.2731619182924893,1.6365745248036678,-0.31694033685287887
2024.10.14startup_b,TRANSITION,62.73759027042921,54.540322434039105,3.4236406573876437,0.4770741469834745,-0.0812201473776485,0.1857550850433298
2024.10.14startup_b,TRANSITION,60.79334221962762,51.17085197841849,2.558291951038211,0.2483696355825666,-0.3344332027053787,-0.7109720472399013
2024.10.14startup_b,TRANSITION,43.94876989958938,64.07552692892335,2.503105691455579,-1.7330800465314478,0.6353429728885706,-0.7681594168330652
2024.10.14startup_b,INT_OTHER,59.58441786972685,54.364996939989965,2.5041408569406047,0.10616223943744839,-0.09439572039713343,-0.7670867151926577
2024.10.14startup_b,TRANSITION,64.42540794383697,28.058254062495973,2.4202597256902005,0.6756144084338548,-2.07132676266809,-0.8540094617420408
2024.10.14startup_b,INT_HANDOFF,68.73816717906263,70.30481911316812,3.799573145692869,1.1829300738785893,1.1034693824466688,0.5753192684719666
2024.10.14startup_b,TRANSITION,60.47777742405244,49.84605538191709,3.465797802148414,0.2112493245411884,-0.43399062524586235,0.22944089083375238
2024.10.14startup_b,INT_HANDOFF,61.55794881794119,44.660644298919394,3.1219868718643102,0.33831133741897523,-0.8236701908481908,-0.12683697414614767
2024.10.14startup_b,TRANSITION,58.65830204050322,61.58621412332708,2.3374290331724015,-0.002778010308930741,0.44827307289285223,-0.9398436795799152
2024.10.14startup_b,TRANSITION,54.75392309722925,58.49171983433545,2.7215655481115553,-0.46205535312396684,0.21572426027373098,-0.5417779831512148
2024.10.25startup_a,TRANSITION,37.91451644106887,70.69572982828451,3.1646758962699804,-1.0577507969416995,0.6987198567913225,-0.1727846710258738
2024.10.25startup_a,TRANSITION,42.700491194037134,59.89410875082676,5.187122930550695,-0.6075567031947979,-0.19963770714907358,2.6836314162543906
2024.10.25startup_a,INT_HANDOFF,42.088961355435806,49.81560907291361,4.160103733565632,-0.6650804336151409,-1.0378541520602367,1.2331142425094035
2024.10.25startup_a,INT_OTHER,51.46321812913709,74.77126640466598,4.04383575919704,0.21671173007519418,1.0376772303423072,1.0689024204974367
2024.10.25startup_a,INT_HANDOFF,52.94639490171401,66.66734316459397,3.806828163873494,0.3562271804194738,0.36368388359323683,0.7341632176334368
2024.10.25startup_a,INT_HANDOFF,69.11462507847345,45.5186460884798,3.2304419894649867,1.8770964092851679,-1.3952272881253414,-0.07989950596809009
2024.10.25startup_a,TRANSITION,64.08434381148156,61.318930662393825,4.394019673104817,1.4039215529236873,-0.08113701800755584,1.5634869254254928
2024.10.25startup_a,TRANSITION,61.72599519656239,56.813087480036174,2.934925824553291,1.1820828111346042,-0.45588246369328406,-0.49727366370732895
2024.10.25startup_a,INT_HANDOFF,37.614526069362554,66.8502304332687,3.232702418905637,-1.0859694776690394,0.3788943931995426,-0.07670697389729013
2024.10.25startup_a,TRANSITION,53.318652404618746,61.218790669346404,2.7397209622200034,0.39124368965967504,-0.08946553828816747,-0.772972507549951
2024.10.25startup_a,INT_HANDOFF,34.339808455219305,84.27037670007053,2.4387592488695473,-1.3940067333319324,1.8277065716223677,-1.1980377206794595
2024.10.25startup_a,INT_HANDOFF,53.44715676931696,51.1977565977138,3.0397884957107006,0.40333148974093436,-0.9229026392750852,-0.34917019510117425
2024.10.25startup_a,INT_HANDOFF,48.976523051139914,67.91248683065339,3.8111667788774137,-0.01719995873375903,0.46724095364556106,0.7402908884617208
2024.10.25startup_a,INT_HANDOFF,46.11626705528982,62.441218966586305,3.006879982822095,-0.28625076288546536,0.012202322426930732,-0.39564874511023035
2024.10.25startup_a,INT_OTHER,37.063744730352425,82.99283638902523,3.1432747107463497,-1.1377788829766178,1.7214551123796937,-0.20301077315878302
2024.10.25startup_a,INT_HANDOFF,59.40027109987831,33.897862786604165,2.933577146337802,0.9633129040508586,-2.3617135685910577,-0.49917847806636506
2024.10.25startup_a,TRANSITION,40.834665119389555,61.0289956556637,2.797550077454496,-0.7830661703611985,-0.10525055656619786,-0.6912971844047213
2024.10.25startup_a,INT_HANDOFF,31.421153366020985,66.44423230922068,3.107311287169784,-1.668550865021407,0.3451280276634172,-0.253803945942322
2024.10.25startup_a,INT_HANDOFF,54.58212714774019,60.17532922578171,2.349242004929984,0.5100928053176466,-0.17624894549940556,-1.3244679763765639
2024.10.25startup_a,TRANSITION,50.6555517194057,50.85164505512855,3.0161212779465028,0.14073835659399736,-0.9516883113532727,-0.38259674245541103
2024.10.25startup_a,INT_HANDOFF,62.53786794980492,73.40804568789088,2.489240622746059,1.2584518555298216,0.9242998369442973,-1.1267400273383033
2024.10.28startup_b,TRANSITION,34.34573179959813,63.50561913575407,2.903888456285072,-1.3336089280812293,-0.5081076082708111,-0.16488800794520517
2024.10.28startup_b,INT_OTHER,30.637059118697902,77.12713752721257,3.2062200017178952,-1.7830597972745696,0.6287983369661729,0.36503472925279257
2024.10.28startup_b,INT_OTHER,32.023130077912256,85.43076855386867,2.4708517724541474,-1.6150830435990953,1.3218523130324042,-0.9239089843183647
2024.10.28startup_b,TRANSITION,52.25679232216988,83.94152917591653,2.646440146770608,0.8370171725997153,1.1975544885155345,-0.6161400024057568
2024.10.28startup_b,TRANSITION,37.657918085183965,84.66000524286576,4.009621245731959,-0.9322079059167536,1.2575213503991025,1.773225811948817
2024.10.28startup_b,TRANSITION,33.46498784829469,76.1441078583637,2.3818125811784294,-1.4403455340073203,0.5467507823000621,-1.0799757020377323
2024.10.28startup_b,INT_OTHER,44.945857128145256,90.39347269359524,2.8610587363584177,-0.04898880859486801,1.7360592816509157,-0.23995937499181544
2024.10.28startup_b,TRANSITION,54.11214548934488,64.57898884922606,4.355319940809898,1.0618658355572153,-0.41851991520945275,2.379161915901232
2024.10.28startup_b,INT_HANDOFF,50.33916934560249,69.13444026177375,2.6200125956998215,0.6046220847177282,-0.03830387428619615,-0.66246186465411
2024.10.28startup_b,TRANSITION,45.78263291908836,80.3996985580066,3.492669887308037,0.052419333594706775,0.9019392589351692,0.8671203029717608
2024.10.28startup_b,TRANSITION,61.68553604186169,64.35658188309569,3.1009009797080185,1.9796785571002427,-0.43708288262535433,0.18043293937807026
2024.10.28startup_b,TRANSITION,57.67351627086716,58.800974410136675,2.825116596531263,1.49346531359107,-0.9007759147744537,-0.3029582826668038
2024.10.28startup_b,TRANSITION,46.36057637557617,76.9477149075436,2.771380409534899,0.12245980661914208,0.6138230135734771,-0.39714636105250406
2024.10.28startup_b,INT_HANDOFF,54.54252011202411,68.16434968775191,3.059178562998207,1.1140225678668945,-0.11927148078411579,0.10730243877573892
2024.10.28startup_b,TRANSITION,41.08414464135122,58.09181379835253,2.4114882400329347,-0.516986440929208,-0.9599652718266642,-1.0279605993933156
2024.10.28startup_b,INT_HANDOFF,38.64562937045994,73.50613847040279,4.177158146108687,-0.8125080203038764,0.32657539550863424,2.0668822767487525
2024.10.28startup_b,INT_OTHER,48.04363729524395,37.523958331127446,2.734531960131238,0.3264285195081982,-2.676640057225492,-0.4617338361753365
2024.10.28startup_b,INT_OTHER,48.1648010492898,64.7385545538107,2.3949650836119374,0.3411122511977303,-0.4052019286983486,-1.0569221695967501
2024.10.28startup_b,INT_HANDOFF,38.516580361535816,65.01861869607112,2.3620980740357482,-0.8281473592857703,-0.38182666470551635,-1.114531029609001
2024.10.28startup_b,INT_HANDOFF,52.168913900934776,63.61457672562612,3.641367093197541,0.8263672619158023,-0.49901357571553373,1.1277548002613227
2024.10.28startup_b,TRANSITION,44.31581173495582,51.6574920286575,2.843122147660221,-0.1253434707516574,-1.496999283990911,-0.2713983906106966
2024.10.28startup_b,TRANSITION,56.185499384106684,67.24795888281663,2.934133498481277,1.3131338201774951,-0.19575709159125768,-0.1118748977044713
2024.10.28startup_b,TRANSITION,38.09072597326719,55.17295888102345,2.7222822105515636,-0.8797562882545765,-1.2035844788363994,-0.4832050353449696
2024.10.28startup_b,INT_HANDOFF,34.38689337001723,80.31218740951965,2.635355630668468,-1.3286205925784749,0.8946352314302971,-0.6355687957357816
2024.10.28startup_b,INT_HANDOFF,38.31714232156956,80.67798811555733,3.2600113612378907,-0.8523170847173742,0.9251664090504735,0.4593195133087499
2024.10.28startup_b,TRANSITION,48.116403346240794,60.31527125165437,2.711428430907559,0.33524697497252925,-0.7743866949753886,-0.502229396860605
2024.10.28startup_b,TRANSITION,40.809654165021065,82.90027024270584,4.348690708631566,-0.5502517069116287,1.1106468885198786,2.3675422853514876
2024.10.28startup_b,TRANSITION,47.69016226697106,57.8930713539843,3.0716301828428727,0.28359118325213706,-0.9765531044074184,0.12912747347791606
2024.10.28startup_b,INT_HANDOFF,54.56130767064868,72.60863122135326,3.501075313064137,1.1162994160226574,0.2516658811642176,0.8818532221503078
2024.10.28startup_b,TRANSITION,55.556814633039394,61.21601854600108,2.71219856840954,1.2369440530753726,-0.6992067536010812,-0.5008795100253283
2024.10.28startup_b,TRANSITION,39.629112812652394,72.78216927794358,2.6571396626469004,-0.6933205033771035,0.26615005558533944,-0.5973860323834053
2024.10.28startup_b,TRANSITION,50.746528104848935,65.34864448569604,2.3549125354355267,0.653989544229521,-0.35428140348549064,-1.1271257467028457
2024.10.28startup_b,TRANSITION,42.82855621239046,78.91096453598624,2.819152602730726,-0.305582695089822,0.7776836134285089,-0.3134118921797901
2024.10.28startup_b,TRANSITION,55.09066299819562,53.21247240728536,3.5842773084047623,1.180451535270977,-1.3672144548416563,1.0276885799794697
2024.10.28startup_b,TRANSITION,38.47664532995735,89.43270907439522,2.3471222950399384,-0.8329870515958094,1.655870139791309,-1.1407803771118243
2024.11.04startup_a,INT_HANDOFF,26.232306515292038,85.92279838028146,6.127304157142538,-1.429096593699425,0.9653483596832806,1.988407199355823
2024.11.04startup_a,TRANSITION,38.1207277623358,64.38546530165858,6.83193319338557,-0.33970473688004105,-0.5571409001402958,2.546325054809985
2024.11.04startup_a,INT_HANDOFF,49.110335862393825,74.89230255956583,3.8463306771930847,0.6673246512160932,0.18559483327116988,0.18235640266074263
2024.11.04startup_a,INT_HANDOFF,40.28088703664265,72.13886579580578,5.186722243353274,-0.1417592002977186,-0.0090475528183574,1.2436643386042252
2024.11.04startup_a,TRANSITION,51.96188784394906,50.30088939985694,3.143694206142584,0.9286257477579,-1.55278950070668,-0.3739837606435226
2024.11.04startup_a,TRANSITION,47.22374197184587,77.89602000944717,2.6143896361974988,0.4944471951788409,0.39792973751834915,-0.7930815487795128
2024.11.04startup_a,INT_HANDOFF,28.919940403401718,82.9563583436913,2.7257002533637475,-1.1828160816805082,0.755648622063401,-0.704946973528695
2024.11.04startup_a,TRANSITION,43.542039178096964,82.04424436183282,4.032571648071958,0.15707548203092525,0.6911706416168429,0.32982004342192667
2024.11.04startup_a,INT_HANDOFF,34.69971496415351,89.85389546556115,3.1641392773631103,-0.6531882017548589,1.2432403841885162,-0.3577955684129239
2024.11.04startup_a,TRANSITION,46.93680067149583,85.21844512769074,3.139567177035492,0.4681534165945544,0.9155571316664948,-0.3772514988580906
2024.11.04startup_a,TRANSITION,54.965659337207754,67.14588162401314,2.864920527915836,1.203875432850942,-0.3620051241329149,-0.5947138252781159
2024.11.04startup_a,TRANSITION,67.18882411471711,42.91883123300694,5.965761319121061,2.3239414110388696,-2.074632397103985,1.8604992802705305
2024.11.04startup_a,INT_HANDOFF,54.04339029678825,30.84341992930872,5.061288136274598,1.1193635904833554,-2.928251735706343,1.144346932674894
2024.11.04startup_a,TRANSITION,51.693964342135196,66.06537517973346,3.739258098446194,0.9040746593449509,-0.43838688646999796,0.09757746162969462
2024.11.04startup_a,INT_OTHER,24.435075145582626,76.67681018732131,2.731922021366636,-1.593785342381563,0.311742935611085,-0.7000206431012507
2024.11.04startup_a,TRANSITION,50.30225405465275,63.32859954583627,4.793842111448128,0.7765457114106618,-0.6318514855429007,0.9325859847915883
2024.11.04startup_a,TRANSITION,48.004206750028416,80.5106817181291,3.2353399489268826,0.5659648472049952,0.5827620171236356,-0.3014196259772296
2024.11.04startup_a,INT_HANDOFF,23.917089133245888,76.11710606689519,2.5957390897169095,-1.6412508327153874,0.27217705672919257,-0.8078488552064219
2024.11.04startup_a,INT_HANDOFF,31.65969354013756,89.18992396170663,2.8520177304522383,-0.931759638202147,1.1963037704602923,-0.6049301245220872
2024.11.04startup_a,INT_HANDOFF,30.738323457359293,80.53571216322544,2.469931229944105,-1.0161891048603242,0.5845314369347447,-0.9074621945856293
2024.11.04startup_a,INT_OTHER,37.12182491895255,66.39190490566106,2.468672374826575,-0.43123889442060065,-0.4153042699304717,-0.9084589428196286
2024.11.04startup_a,TRANSITION,54.287024494054855,65.23062061375829,3.1041652564030615,1.141688935878646,-0.49739627526694913,-0.40528236704869935
2024.11.04startup_a,TRANSITION,37.507221848110184,84.35017765895029,2.4389918582371544,-0.39592316430446534,0.8541786921454178,-0.9319596635004461
2024.11.04startup_a,TRANSITION,41.06409928052322,83.46753371660326,3.4297832898706684,-0.0699897850898837,0.7917839695692268,-0.14746143491954156
2024.11.04startup_a,TRANSITION,39.71049349510495,68.85711899120344,2.901111617724363,-0.1940270385935782,-0.24103654817018555,-0.5660581012390088
2024.11.04startup_a,INT_HANDOFF,33.85762928659636,71.69921308954954,2.551461266317797,-0.7303524661102383,-0.0401269125925665,-0.842907569798607
2024.11.04startup_b,TRANSITION,45.85404313448166,61.86019177885303,5.942105506201688,0.151724809852972,-0.7062744810571715,3.3489251978173726
2024.11.04startup_b,INT_OTHER,30.690449541491624,95.22648405135183,2.781875609549071,-2.009788853244577,1.78207088782105,-0.32741326086311745
2024.11.04startup_b,TRANSITION,43.30671112175158,74.21416797027797,4.202059994640394,-0.21138785972604143,0.2150433325046728,1.3247065671465512
2024.11.04startup_b,INT_HANDOFF,46.2641448270185,60.71458683341457,3.0388256360692045,0.21018327527159178,-0.7917098281213506,-0.028499797176340685
2024.11.04startup_b,INT_HANDOFF,46.5012993208816,81.11957026901307,2.396927424149314,0.24398876310707782,0.7300249100190889,-0.7752287252011404
2024.11.04startup_b,TRANSITION,54.14569820294008,56.76041385620461,2.379708608799705,1.333669288268057,-1.0865986918652442,-0.795259607495412
2024.11.04startup_b,INT_HANDOFF,41.793224108487536,86.43586125116875,2.772565339155646,-0.4271297838305811,1.1264959334405182,-0.338244025151601
2024.11.04startup_b,INT_OTHER,52.754643451816825,75.82487062281159,2.334310228313159,1.1353796261091027,0.33516409549922827,-0.8480721615191817
2024.11.04startup_b,TRANSITION,33.24761380397746,80.79206337761323,2.3641798224831843,-1.6452746331652992,0.7056005523519296,-0.8133244560092894
2024.11.04startup_b,INT_OTHER,45.313545891484104,79.67257189391813,2.8095590217532593,0.07467894546460853,0.6221126590552768,-0.29520877059436745
2024.11.04startup_b,INT_OTHER,55.02245705000213,60.66756902308414,3.9511645390659855,1.4586479890980748,-0.7952162575931968,1.0328364682612257
2024.11.04startup_b,TRANSITION,50.531981888834004,65.50368895449891,2.370973573998867,0.8185475171919852,-0.43455476915463176,-0.8054211923884123
2024.11.04startup_b,INT_HANDOFF,52.14779041389763,87.36795287994389,2.8439802480180547,1.0488749908516009,1.1960081785797376,-0.2551660895077008
2024.11.04startup_b,TRANSITION,36.55466112897574,87.21321806358625,2.3675609984148953,-1.1738673817339147,1.1844685786582598,-0.8093910880203083
2024.11.04startup_b,TRANSITION,48.75716909344794,65.70884456695825,4.74538671361054,0.5655545783387044,-0.419254956577514,1.9567659355786957
2024.11.04startup_b,INT_HANDOFF,49.47622772693847,66.36742658751677,2.4369264960537493,0.6680537023970371,-0.3701401341243766,-0.7286972603512065
2024.11.04startup_b,INT_HANDOFF,37.3935064965234,62.45651801724553,2.7274872961021424,-1.0542931058829337,-0.6618024845426658,-0.39068392627879006
2024.11.04startup_b,TRANSITION,49.39257457670679,50.115571535828856,2.7880817094357893,0.6561292580970719,-1.5821485863454656,-0.3201936203818596
2024.11.04startup_b,INT_HANDOFF,38.265071628428394,86.81808681667708,3.4048814310228113,-0.9300547497611389,1.1550010249871583,0.3973378921753884
2024.11.04startup_b,TRANSITION,48.31434308954084,62.371041104452424,2.9545814702960214,0.5024313844895513,-0.6681770639642468,-0.12650218202798055
2024.11.04startup_b,INT_HANDOFF,45.15904633842496,57.35703186625351,3.4108405221336144,0.052655610901342964,-1.0421049360061865,0.40427018398511777
2024.11.04startup_b,INT_OTHER,48.495122577287624,85.36984668192778,3.0661627709047683,0.5282008256432029,1.0469961677828938,0.0033018639156480907
2024.11.04startup_b,TRANSITION,44.94076933569587,61.43357740976781,3.2246341190244907,0.021541038959965026,-0.7380899396325638,0.1876537404384846
2024.11.04startup_b,TRANSITION,46.01892206429248,47.14101369761219,2.8951420522391316,0.17522768582742143,-1.803981062088883,-0.1956488661966203
2024.11.04startup_b,TRANSITION,29.400313552868273,84.75397945529869,2.3731899773871272,-2.1936929225248565,1.0010668703736794,-0.8028428201551636
2024.11.11startup_a,INT_OTHER,37.02169552200872,69.4900186556867,5.95508502026025,-1.0099807571946253,-0.03512264462181663,3.3333300688831304
2024.11.11startup_a,TRANSITION,35.331833166567684,58.46723196559674,4.325513543751845,-1.1961180629121946,-0.7203732102229291,1.3395906220357312
2024.11.11startup_a,TRANSITION,43.269124635978685,86.60944585671061,3.2701827996406223,-0.321830258314277,1.029136104285622,0.04842017364668057
2024.11.11startup_a,INT_HANDOFF,37.32768051973506,88.989396782589,3.176298624819488,-0.9762766966932522,1.1770898626149275,-0.06644473745048358
2024.11.11startup_a,TRANSITION,44.14354874091825,77.84329301718932,2.4871825382352504,-0.2255129775464786,0.48417307811834936,-0.9095608235419775
2024.11.11startup_a,TRANSITION,36.91836960185351,91.14872701784603,2.68041743354739,-1.021362044153621,1.3113283548067227,-0.6731428211130714
2024.11.11startup_a,INT_OTHER,42.7229366243322,63.647895826481914,2.405698765256763,-0.3819925340024524,-0.3983082968147357,-1.009254156916502
2024.11.11startup_a,INT_OTHER,54.78605242623206,57.568954166387485,4.073608053787508,0.9467522993828974,-0.7762162005012831,1.0313906323700857
2024.11.11startup_a,INT_HANDOFF,40.850983589402844,90.12494831628294,3.068137126748982,-0.5881870167836477,1.247683384254294,-0.19877759209477922
2024.11.11startup_a,INT_HANDOFF,40.70081599272619,83.26182923651241,2.792182729922471,-0.6047278857848863,0.8210257373791408,-0.5364008104778353
2024.11.11startup_a,INT_OTHER,34.78667657319156,81.557578411783,2.8292606074130857,-1.2561667285082252,0.7150780424444343,-0.49103696604137875
2024.11.11startup_a,INT_OTHER,46.48629643434003,77.53947607227776,2.449412918565102,0.03253924914849929,0.4652857731932688,-0.9557709970227662
2024.11.11startup_a,INT_OTHER,45.29632489431331,79.31848553769235,2.792455777166161,-0.09853538875202442,0.5758809680981183,-0.5360667440877163
2024.11.11startup_a,INT_HANDOFF,57.622212155076355,55.053124491151436,3.1282881185132165,1.259153560238234,-0.9326170958811696,-0.12518437646958616
2024.11.11startup_a,INT_HANDOFF,47.11139508392082,68.89449671132454,2.387520822577646,0.10139348338007513,-0.07214429447093614,-1.031494409586818
2024.11.11startup_a,TRANSITION,48.72523690025941,67.55412653374567,4.067233960275789,0.27915717317433264,-0.15547072072996435,1.023592090326728
2024.11.11startup_a,INT_HANDOFF,50.897239755072135,37.08120327762479,3.055631950416115,0.5184019602446935,-2.049872606919936,-0.2140773587537048
2024.11.11startup_a,INT_OTHER,31.39692659238262,89.71524592661464,2.9821497441435754,-1.629545617299014,1.222213527843053,-0.3039809778332722
2024.11.11startup_a,INT_HANDOFF,53.74561534988667,69.75435218705545,3.1243039827004426,0.8321487912711071,-0.01868989426834896,-0.13005886577308362
2024.11.11startup_a,INT_HANDOFF,52.89756879843414,55.298861513765665,2.857645358201585,0.7387369818996561,-0.9173404296015866,-0.4563089420474757
2024.11.11startup_a,TRANSITION,45.15368598814736,75.60198048713471,2.817642893286215,-0.11424697709455636,0.3448380150267628,-0.5052509451584948
2024.11.11startup_a,TRANSITION,65.02836168625517,50.674599855478284,4.412067114975431,2.074936404939377,-1.2048156394482814,1.4454867252147865
2024.11.11startup_a,TRANSITION,65.81197761469993,34.06143628233014,3.3960570030128565,2.16125122056234,-2.2376016358568407,0.2024240748081286
2024.11.11startup_a,TRANSITION,50.54871181640386,72.06313895429467,3.000587489702857,0.4800118207980522,0.12483982127313288,-0.2814228629163134
2024.11.11startup_b,TRANSITION,57.435680975064166,42.38336025195246,6.287935558233577,0.04015388198667131,-0.7214576436486944,3.2866927583540457
2024.11.11startup_b,TRANSITION,48.85146820030019,68.31367177230675,5.58609475726548,-1.0645248584073326,0.7812653353843771,2.5661559047424776
2024.11.11startup_b,TRANSITION,64.89903106604292,45.61357827493702,2.58661072724382,1.0005918853245572,-0.5342588571391156,-0.5132301646749865
2024.11.11startup_b,TRANSITION,62.11950983549892,57.42523307629362,2.372689507859825,0.6429029402319576,0.15025451928029598,-0.7328499447206613
2024.11.11startup_b,TRANSITION,67.40400736491662,28.909957051335944,2.627087806614505,1.3229503979993222,-1.5022732763282798,-0.4716748327921587
2024.11.11startup_b,INT_OTHER,58.606200692882545,25.466728151262714,3.822713895973055,0.1907848462245661,-1.7018165477675469,0.7558010553779185
2024.11.11startup_b,TRANSITION,60.086289156206725,37.05830584757703,4.888553697634971,0.38125336118767594,-1.0300571609269538,1.8500333315353201
2024.11.11startup_b,INT_HANDOFF,59.19096411000362,77.07240300673585,3.088788395774554,0.266036442614727,1.28885455901633,0.002324811236959385
2024.11.11startup_b,TRANSITION,61.375018567955145,69.92713766508352,2.656489860449327,0.5470964059295502,0.8747695060172119,-0.44148954956177605
2024.11.11startup_b,TRANSITION,65.09157102841813,56.08604888536235,2.8434138495482637,1.0253693237097563,0.07264562301653309,-0.2495861680768441
2024.11.11startup_b,INT_HANDOFF,65.07970795342496,41.019221047042215,2.649224661997403,1.0238426972054386,-0.8005127420885808,-0.44894828269070247
2024.11.11startup_b,INT_HANDOFF,56.42622986778522,73.35471009822109,3.0721334316498727,-0.08974960560586472,1.0734054481088844,-0.014773817726843129
2024.11.11startup_b,TRANSITION,65.95913878257436,28.286745120041104,3.710674414859122,1.1370142326855948,-1.5383898840762895,0.6407769999357849
2024.11.11startup_b,TRANSITION,57.56352804759721,38.08567567308016,4.352608349778285,0.05660617024588755,-0.9705186457981678,1.2998111527737752
2024.11.11startup_b,TRANSITION,64.261359636976,15.065717620816418,2.947040019818431,0.9185317023433327,-2.3045797470063136,-0.14319954225615908
2024.11.11startup_b,INT_HANDOFF,71.41864743772499,45.24037092056038,2.57654817661049,1.8395833910447643,-0.5558871074177782,-0.5235607675163227
2024.11.11startup_b,INT_HANDOFF,54.3624896270229,78.68990743678245,2.408173031711679,-0.3553266631047003,1.3825927724508595,-0.6964211896582606
2024.11.11startup_b,TRANSITION,58.92077567530684,54.93551844754794,2.7335683188160202,0.23126663581458393,0.00596965864859431,-0.3623578293822706
2024.11.11startup_b,INT_OTHER,53.77842661887136,68.44177071473797,2.5512798162015273,-0.43048812579028967,0.7886889725524123,-0.5495022415370454
2024.11.11startup_b,TRANSITION,60.55084732406217,47.31649319839777,2.5844484696246823,0.4410360745443364,-0.4355709032819436,-0.5154500217984853
2024.11.11startup_b,INT_HANDOFF,54.47163469087012,67.43546727426084,2.7490534809460048,-0.34128108492362125,0.730371304340135,-0.3464601642943852
2024.11.11startup_b,INT_OTHER,44.93180193701554,67.30050609400975,2.557569166443925,-1.5689359330278831,0.7225499842344528,-0.5430453518425914
2024.11.11startup_b,TRANSITION,45.78187276678902,67.84989914513466,2.600852908708189,-1.4595426551444988,0.7543886130067465,-0.49860859151089265
2024.11.11startup_b,TRANSITION,41.93380814897814,60.08634557571055,2.73681017104767,-1.9547395108718941,0.3044722925425632,-0.3590296187629329
2024.11.11startup_b,INT_HANDOFF,47.17657676260599,50.244144739766405,3.0110632817454013,-1.2800620325472876,-0.2659065611330713,-0.07747079060311068
2024.11.11startup_b,TRANSITION,51.789258321219755,51.64029847501634,2.395366754542892,-0.6864687249596613,-0.18499614482063886,-0.7095686080542098
2024.11.11startup_b,TRANSITION,45.74586048539136,75.71601428029228,2.5959224243770365,-1.4641769766247437,1.21024861916373,-0.5036704170158353
2024.11.11startup_b,TRANSITION,62.24938097982549,62.50034511059185,2.6849261287165787,0.6596157007252633,0.4443692841230064,-0.41229577906926895
2024.11.11startup_b,TRANSITION,44.95606183837846,68.70439191764645,2.4929891536248605,-1.5658139930221022,0.8039084933854764,-0.6093456854490991
2024.11.11startup_b,INT_OTHER,61.292474790932935,74.80529425279819,2.4250870020089015,0.5364740742119204,1.157470236161785,-0.6790566549614611
2024.11.18startup_a,INT_OTHER,33.48093948095354,72.58058392233296,3.3009987858476584,-1.1652876201327111,-0.2962926400735362,-0.02660427082562351
2024.11.18startup_a,INT_OTHER,42.180449938794524,84.11708243131936,3.1538662218297717,0.13763773355420825,0.7756997427502541,-0.17337293268777373
2024.11.18startup_a,INT_HANDOFF,39.35871470522038,91.7831810187031,2.9223173440255104,-0.28497344612449965,1.4880475392025443,-0.4043491219349249
2024.11.18startup_a,TRANSITION,43.576331694174904,58.51191492966874,6.921393438019748,0.34669889149498107,-1.6035789007060408,3.584836079303704
2024.11.18startup_a,TRANSITION,44.6311445563045,57.02283282552989,2.9225713263583057,0.5046781741366843,-1.741947112845334,-0.40409576777522666
2024.11.18startup_a,INT_HANDOFF,44.17182774625674,67.77602718768385,4.812527648319471,0.43588631279160944,-0.742740773220403,1.481186135681781
2024.11.18startup_a,INT_OTHER,38.6758579199168,84.57864730700841,3.149598918646996,-0.38724488114614136,0.818589188844513,-0.17762968157322073
2024.11.18startup_a,INT_HANDOFF,57.74553453993889,80.6873515636513,2.543294522850872,2.4688198681574347,0.45700292478492016,-0.7824345080650549
2024.11.18startup_a,TRANSITION,39.15268509782044,85.96084039340695,3.033634948793562,-0.31583049266665253,0.9470250794274979,-0.29330683838224725
2024.11.18startup_a,INT_OTHER,37.97639446995346,84.69460442602883,2.84800671154502,-0.4920034957085442,0.8293641348324361,-0.47847596233964806
2024.11.18startup_a,INT_OTHER,41.471051972670764,90.04521929693281,2.6054266971310023,0.03139122688054784,1.326552981219824,-0.7204560049474714
2024.11.18startup_a,TRANSITION,49.64021218553277,75.92436673447966,3.1929645508969173,1.2548860443475387,0.014417728557483678,-0.13437130530137567
2024.11.18startup_a,INT_HANDOFF,38.85075810217762,86.4270982267921,2.7274191920890782,-0.36105008743488215,0.9903506036696634,-0.5987652333515568
2024.11.18startup_a,INT_HANDOFF,32.521898012797394,68.92079021972224,4.4257576770266,-1.308923224705325,-0.6363673142781164,1.0953727604169006
2024.11.18startup_a,TRANSITION,39.94673156759518,82.04115898576318,3.271163244915835,-0.19690618278866154,0.5828011679159503,-0.056366019679295075
2024.11.18startup_a,TRANSITION,49.10180120126855,84.22607626545623,2.731585366200708,1.1742482515083912,0.7858276476668515,-0.5946093634152844
2024.11.18startup_a,INT_OTHER,43.18019613790101,65.7027536630743,3.686223610457627,0.28736968414849956,-0.935393112590136,0.35766777935908806
2024.11.18startup_a,INT_OTHER,37.17378627417463,74.45406324350748,3.1951311417616894,-0.612210094967772,-0.12220554075890888,-0.1322100730537904
2024.11.18startup_a,INT_OTHER,37.8241502655699,59.79843559998359,3.2202363970854,-0.5148051044662475,-1.4840330646927486,-0.10716691041903416
2024.11.18startup_a,TRANSITION,48.813374108467144,64.34741676423658,2.5970588522791522,1.1310505366803747,-1.0613334774748802,-0.7288031536549922
2024.11.18startup_a,TRANSITION,27.016729580180204,71.5529010049838,2.619872824249729,-2.1334320935588424,-0.39178680223186263,-0.706045607354942
2024.11.18startup_b,TRANSITION,38.56270799627755,62.47551177624747,3.292566150878483,-1.1612135894073352,-0.11524700796452235,0.10814009398049412
2024.11.18startup_b,TRANSITION,38.08520030842492,72.17072478264681,2.3694283149593764,-1.2111878581122084,0.5167076747423421,-0.8659127113668346
2024.11.18startup_b,INT_HANDOFF,55.52111847067946,78.09231467730952,2.5151639831410826,0.6135937768708178,0.9026895464693184,-0.7121391025858403
2024.11.18startup_b,INT_HANDOFF,47.16298186723587,86.72664279857021,2.360554267194989,-0.2611392905084771,1.4654934874097272,-0.8752762005266975
2024.11.18startup_b,INT_OTHER,37.76246286318387,93.05844484143947,2.5099354244416214,-1.244964419662728,1.87821386274578,-0.7176560384874684
2024.11.18startup_b,INT_OTHER,32.703243662895886,67.62442197340276,2.512107705680577,-1.774444438903957,0.2203699514340676,-0.7153639467190692
2024.11.18startup_b,TRANSITION,55.26350799478588,56.28855037008068,2.3396190558160925,0.5866331739925892,-0.5185263613704795,-0.8973660776617305
2024.11.18startup_b,TRANSITION,54.8741492424541,41.01813831512446,5.367069711625102,0.5458842616575322,-1.5138844209224769,2.297061330251148
2024.11.18startup_b,TRANSITION,59.335284432554644,40.042342823742246,6.259164085839795,1.0127709200094184,-1.5774888543409287,3.2383584952332756
2024.11.18startup_b,INT_HANDOFF,70.25839835126577,66.35097134636055,2.566881528438641,2.155945457203633,0.13736372078971443,-0.6575691151769628
2024.11.18startup_b,TRANSITION,62.99448807390117,59.36554879038743,2.4855489456915634,1.3957302537970204,-0.31796103504799544,-0.7433875350362877
2024.11.18startup_b,INT_HANDOFF,53.572816529130456,60.67886697474878,3.3512672410776845,0.409691374413069,-0.2323561519017028,0.17007879843035625
2024.11.18startup_b,TRANSITION,54.06689355467355,78.18211857605381,2.8586866249899385,0.46139973150032754,0.9085431563177384,-0.34966972913625594
2024.11.18startup_b,INT_HANDOFF,45.018977004483816,75.48699598542458,3.1165721010476264,-0.48552326974357884,0.7328693118655333,-0.07756077461352737
2024.11.18startup_b,INT_HANDOFF,60.31205872067627,63.51807359708061,4.160660061675438,1.1149966683698642,-0.047290602648618625,1.0241130681299409
2024.11.18startup_b,TRANSITION,42.65127980197657,68.24156169531503,2.6130991123795906,-0.7333180994812543,0.26059643608060873,-0.6088024353352293
2024.11.18startup_b,INT_OTHER,54.740591986519185,82.6442866156575,2.6697064332412177,0.5319066307934257,1.1993967957159852,-0.5490729804878212
2024.11.18startup_b,INT_OTHER,49.927581525219736,63.67901343560644,3.6700841266517186,0.02819394890132518,-0.03680020037242768,0.5064797882958597
2024.11.18startup_b,TRANSITION,43.37321877714233,54.72107179072973,3.2037874399027695,-0.6577625152440664,-0.6206979616859861,0.014464860319514517
2024.11.18startup_b,INT_HANDOFF,44.54022674617546,26.869243950477205,3.5016400573904267,-0.535627581485284,-2.4361395630180422,0.32874531374177096
2024.11.18startup_b,TRANSITION,54.27585861611817,43.346852876534655,4.1387722947308765,0.4832692770515749,-1.3620938340834383,1.0010180979471706
2024.11.18startup_b,INT_HANDOFF,38.77092766422493,74.92308830039133,3.172541955532104,-1.1394220541077968,0.6961126050313527,-0.01850394511936238
2024.11.18startup_b,INT_HANDOFF,61.76195589833575,56.07931109107277,3.2881527417839562,1.2667377879246853,-0.5321650242949535,0.10348326664399023
2024.11.18startup_b,INT_OTHER,44.04902434559514,60.54685734485105,2.7743516983210124,-0.5870350904731929,-0.24096082141450326,-0.43865608492660313
2024.11.18startup_b,INT_HANDOFF,37.316089296407384,79.29806508140933,2.3317538783096587,-1.2916803011790174,0.9812829320446149,-0.9056650530872896
2024.11.18startup_b,INT_HANDOFF,54.21180112145301,58.90427812859639,3.512930637530434,0.4765652458236089,-0.34802764158069727,0.340658617293481
2024.12.02startup_b,TRANSITION,26.85116962161269,74.79494437167573,4.2417807040940305,-2.811063889339239,1.5447701278204158,2.112132469096816
2024.12.02startup_b,TRANSITION,57.149113244971296,40.540598814791686,3.3372289170413043,0.03487750772960823,-0.6103395142987423,0.3878665206881878
2024.12.02startup_b,TRANSITION,49.13922586241953,67.38026159832204,3.311730596444666,-0.7175059005717024,1.0782759041437942,0.3392613589100627
2024.12.02startup_b,TRANSITION,71.81963072974474,24.32276703245169,2.5272451665994353,1.4129061140720622,-1.6306832131834923,-1.1561328607091073
2024.12.02startup_b,INT_OTHER,62.807231120393595,53.734990825696244,4.53947219700786,0.5663548941600518,0.21978469278557003,2.679595064063006
2024.12.02startup_b,TRANSITION,59.002579723630916,24.079627692966476,3.210326190114921,0.20897701247718828,-1.645980306921071,0.14596323341226872
2024.12.02startup_b,TRANSITION,53.366297578310544,55.04284099627791,2.8415478991478578,-0.32044930378807135,0.30206799048825506,-0.5570057493793946
2024.12.02startup_b,TRANSITION,67.09544959086267,35.04716724118935,3.1302561683920556,0.9691551177162916,-0.9559583594444486,-0.006667068048877279
2024.12.02startup_b,INT_HANDOFF,39.17880862645173,79.75349054466281,2.677528966700957,-1.6531061543811556,1.8567366971583585,-0.8696603305327905
2024.12.02startup_b,TRANSITION,57.810987140541826,54.621708133622924,2.724757246131498,0.09704853631358001,0.275572447275677,-0.7796332970454721
2024.12.02startup_b,TRANSITION,61.347855424157956,60.04161608000531,3.446735465937014,0.4292730591872275,0.6165655587992898,0.5966090339320546
2024.12.02startup_b,INT_HANDOFF,69.8808388723423,48.17171268151928,3.108010818808763,1.230791840051574,-0.13022854423267577,-0.04907138292165449
2024.12.02startup_b,INT_OTHER,75.88694235948297,34.1580841663068,3.7382922870221247,1.794956153036668,-1.0118949559893287,1.1523776541691833
2024.12.02startup_b,TRANSITION,54.472675901926344,53.787906072708395,3.573540322456978,-0.21652515926064156,0.22311385167612974,0.8383257596295635
2024.12.02startup_b,TRANSITION,62.720002313218416,42.96288718127375,3.1003772509768535,0.5581613323644786,-0.45794141911605835,-0.0636225686755578
2024.12.02startup_b,TRANSITION,58.47976680838199,45.192290622236236,3.3930987363452565,0.15986823674885614,-0.31767866489665075,0.49436614663379713
2024.12.02startup_b,TRANSITION,51.92459626802073,63.909295199693,3.344829585588389,-0.4558709512822902,0.8599003073677599,0.4023549934859481
2024.12.02startup_b,INT_HANDOFF,49.17952112193376,29.771026795560033,2.5180041849684986,-0.7137208929625137,-1.2879063491868907,-1.1737481152298137
2024.12.02startup_b,INT_OTHER,44.5516139300455,58.6756690775696,2.513158308509532,-1.1484287009549108,0.5306271031751869,-1.1829853749290247
2024.12.02startup_b,INT_OTHER,51.74361637334412,81.46355347449611,2.560916659631274,-0.4728707246233507,1.9643251811535998,-1.091947913315384
2024.12.02startup_b,TRANSITION,62.20535170454467,44.43879420921425,3.1356723184450157,0.5098192570586783,-0.3650848365401646,0.00365725305850715
2024.12.02startup_b,TRANSITION,56.4795170923817,59.2312486723079,2.566859808623452,-0.028018886615240764,0.5655813526906776,-1.0806190213932072
2024.12.02startup_b,TRANSITION,67.19285829883512,50.26723747114292,2.976084243129703,0.9783048962590194,0.001611244442254382,-0.300551182519129
2024.12.02startup_b,TRANSITION,48.899820373111275,35.086026886255176,2.6072582911242423,-0.7399936971422458,-0.9535135077209901,-1.0036110172738875
2024.12.02startup_b,TRANSITION,60.25969657972994,39.564943651490346,3.2191306548348795,0.3270603037460714,-0.6717227874464465,0.16274639489388404
2024.12.09startup_a,TRANSITION,53.86305305784677,76.84221762108243,2.5047610099335484,0.5028712966240291,0.7061914446624046,-0.7365411453309145
2024.12.09startup_a,INT_HANDOFF,42.893368679674396,71.59875044485327,4.954174944172561,-0.6371145658532156,0.2208946005220212,2.071376021547192
2024.12.09startup_a,TRANSITION,48.63020149777244,72.72167124575931,5.155457963896414,-0.04093439488672371,0.3248239096192121,2.3021194000277534
2024.12.09startup_a,TRANSITION,58.68722020436688,58.901625374157945,2.80549624656517,1.0042058980281552,-0.9542581217832788,-0.3917894388842738
2024.12.09startup_a,INT_HANDOFF,45.71738380255768,84.98093931498458,2.6570453763204522,-0.3436387278505506,1.4594518009574193,-0.5619680033038645
2024.12.09startup_a,TRANSITION,37.01375834689726,71.83434052578914,4.6536101479322465,-1.2481323878042399,0.24269908960269485,1.726819701635261
2024.12.09startup_a,TRANSITION,50.84050451446681,58.21689836169652,3.076278046296462,0.1887635712494895,-1.017631429382426,-0.08137524007721661
2024.12.09startup_a,TRANSITION,51.98481952847946,71.796460794335,4.124638790108547,0.30768248388389435,0.23919321962892695,1.1204265821801591
2024.12.09startup_a,INT_HANDOFF,49.53290070750243,56.58179810279258,3.112719117874134,0.05287544518572303,-1.1689643106287348,-0.0396005489839497
2024.12.09startup_a,INT_OTHER,54.45629376423407,53.8747315274065,2.8164734859568847,0.5645217502754776,-1.4195105278089384,-0.3792055393228046
2024.12.09startup_a,INT_HANDOFF,51.09718810271785,77.52705143128898,2.6022181112339196,0.21543851025852517,0.7695746366771363,-0.6248199438017377
2024.12.09startup_a,TRANSITION,57.91384157916555,77.71304120416119,2.6311643217727867,0.9238352448099181,0.786788485221179,-0.5916370830561509
2024.12.09startup_a,TRANSITION,52.461454243650465,63.83502037842082,2.834225633031959,0.35721507006677394,-0.49765928250371866,-0.3588551372024166
2024.12.09startup_a,INT_HANDOFF,37.45972653936836,84.73851594485552,2.463046017942666,-1.2017867121216104,1.4370148727731724,-0.7843616629208795
2024.12.09startup_a,TRANSITION,64.44836203610136,54.76904108119545,2.5937460361336284,1.6029122977283965,-1.3367397981463405,-0.6345320160573317
2024.12.09startup_a,INT_HANDOFF,58.81904276045678,74.397176147985,4.719617754381194,1.0179050934760316,0.4798963481534071,1.8024883702509304
2024.12.09startup_a,TRANSITION,59.39155689752901,44.94058030877186,2.6478562525878937,1.0774016113183649,-2.246390003880034,-0.5725020734814453
2024.12.09startup_a,INT_HANDOFF,46.928290579599526,84.74441815373518,3.7105369760308076,-0.21779950048386681,1.437561137915394,0.6457156416034703
2024.12.09startup_a,INT_OTHER,29.432230925147678,73.30976572329686,2.555295429034028,-2.0360159566310427,0.37925361889615805,-0.678610364041988
2024.12.09startup_a,INT_OTHER,57.37967968296952,81.19932902101603,2.4548633302825484,0.8683243486943302,1.1094537024184457,-0.7937419921624471
2024.12.09startup_a,TRANSITION,53.877568688787484,65.40826240246216,3.405956092145989,0.5043797825099383,-0.35205154554724316,0.29655542796698
2024.12.09startup_a,TRANSITION,28.960354033965917,67.50905782622257,2.7141698496514044,-2.0850541026917724,-0.157617337213232,-0.4964826285892454
2024.12.09startup_a,TRANSITION,33.9091956917975,77.62720814483993,2.434391746746557,-1.5707631412496907,0.7788444071118776,-0.8172098552460908
2024.12.09startup_a,INT_HANDOFF,56.516928908529835,58.84351520917885,2.6217377321057938,0.7786660092384056,-0.9596363722288388,-0.6024433753618607
2024.12.09startup_a,TRANSITION,43.38754602272955,66.39007101561722,2.432110407888974,-0.5857589237747235,-0.26118254503665866,-0.819825097387131
2024.12.13startup_a,INT_OTHER,80.16762304431283,64.80179099641025,4.94103132445653,1.8171312306359644,0.01522579893688099,1.2168439831243938
2024.12.13startup_a,INT_HANDOFF,76.05018918787326,71.0503708692848,3.0509513555759864,1.4447822587362922,0.4288783456149448,-0.37362302426246397
2024.12.13startup_a,INT_OTHER,52.3029233921042,72.33339668340534,2.541660866749429,-0.702737364597486,0.5138139479857445,-0.8021814625249029
2024.12.13startup_a,TRANSITION,69.3292464692163,45.85540846159371,6.6964850623871595,0.8369920188094029,-1.2390142916612192,2.69402553054127
2024.12.13startup_a,TRANSITION,59.89384081006095,49.44572935841057,3.9188319776342873,-0.016273320510663596,-1.0013370253743843,0.35668231649603077
2024.12.13startup_a,TRANSITION,55.845475375285226,35.599527999382325,3.980010247037183,-0.3823762768836879,-1.9179479306526823,0.4081626880445219
2024.12.13startup_a,TRANSITION,64.68385097138548,73.91560119947313,3.9929962689879415,0.41689826673140745,0.6185550156766806,0.4190901830764466
2024.12.13startup_a,TRANSITION,59.68204505735448,64.23561288578628,3.928589575131143,-0.03542649540614703,-0.022254880209057113,0.3648931526223461
2024.12.13startup_a,INT_HANDOFF,66.61849596855625,38.31951587198737,2.4735431532011565,0.5918526438516972,-1.737886231302278,-0.8595012467673248
2024.12.13startup_a,TRANSITION,68.07082068700576,67.61181679425147,2.811584498848286,0.7231896937312974,0.2012479593567249,-0.575045765392718
2024.12.13startup_a,INT_HANDOFF,42.866055046841936,77.84951061776059,2.876578357512773,-1.5561349779715166,0.8789776528809365,-0.5203546467148902
2024.12.13startup_a,INT_OTHER,46.28485314734534,87.54452519668817,2.6716512248124342,-1.2469652372447597,1.5207822792510957,-0.6927970030408603
2024.12.13startup_a,INT_OTHER,41.1499350006267,61.43664113505268,2.5473627848839633,-1.7113276433898783,-0.20754526879751,-0.7973834048653802
2024.12.13startup_a,TRANSITION,63.15531245677158,67.21108010417426,2.496635614012815,0.27866902874731697,0.17471941114733505,-0.8400693721138569
2024.12.13startup_a,TRANSITION,54.681660833478354,82.23465488556124,2.3955283232086186,-0.4876226908475539,1.1692717886414172,-0.9251492697255894
2024.12.13startup_a,TRANSITION,60.39833081247116,73.70349086753771,4.595882084637025,0.029348865608323237,0.6045134285053778,0.9264073415029772
2024.12.16startup_b,INT_OTHER,38.80206987727853,70.65979287907007,4.204894051547308,-1.835155316515178,0.7428467952535366,1.451511806412425
2024.12.16startup_b,TRANSITION,43.17301084496607,55.41428457407479,4.639397153571096,-1.2485510557310446,-0.11845781590388109,2.0147105682033586
2024.12.16startup_b,TRANSITION,40.49228460009603,40.75163412735392,2.7166415538645143,-1.6083192266721784,-0.946833504591945,-0.47754683557012423
2024.12.16startup_b,INT_HANDOFF,57.74507587030073,67.6405739720187,2.3304094781768634,0.7071000261473541,0.5722741180614652,-0.9781771550731554
2024.12.16startup_b,TRANSITION,47.77747675704524,58.90456528747212,2.4842062688000883,-0.6306064660812988,0.07872779526383061,-0.7788272272061787
2024.12.16startup_b,TRANSITION,56.44288738181088,61.15387412947392,2.5682878762255306,0.5323391860126667,0.20580391754035213,-0.6698414524882622
2024.12.16startup_b,TRANSITION,56.64200776495014,78.87522199246388,2.4779708210458335,0.5590622339837892,1.2069826467085187,-0.7869095548997013
2024.12.16startup_b,TRANSITION,62.463807034345045,70.61061827667841,2.439422730070543,1.34037963957295,0.7400686450636941,-0.8368752214405566
2024.12.16startup_b,TRANSITION,47.54337649862157,75.23130795939394,2.49586465321484,-0.6620240052467031,1.0011174242078034,-0.7637157409215274
2024.12.16startup_b,INT_OTHER,48.970604850448446,73.89126588789385,3.5817509261075027,-0.4704821293708333,0.9254109018513272,0.643799651927008
2024.12.16startup_b,INT_HANDOFF,50.48557160056767,70.23137510943555,2.3608999824996872,-0.26716527903222353,0.71864306303904,-0.938655655224219
2024.12.16startup_b,TRANSITION,53.10529547371929,71.0951672275394,3.998076048687629,0.08441603891032226,0.7674435437787025,1.1834362907622096
2024.12.16startup_b,INT_OTHER,57.18143432163297,60.318778173371946,2.5845288047979005,0.631456237670751,0.1586246445794192,-0.6487901163304989
2024.12.16startup_b,INT_HANDOFF,50.19213161804256,69.39916447160051,3.0138045238943643,-0.3065465347632331,0.6716267979541488,-0.09236703825359067
2024.12.16startup_b,TRANSITION,48.00700122635927,60.96744150745447,2.4358187828836266,-0.5998030229213107,0.1952712889258697,-0.8415466232873497
2024.12.16startup_b,INT_HANDOFF,45.86255769422221,44.90627930632543,2.986450200452219,-0.8875991112835134,-0.7121142037472096,-0.12782345046443275
2024.12.16startup_b,TRANSITION,67.55508320069497,60.83158182903513,2.459914945153884,2.0236568364255123,0.18759581067011372,-0.8103134084004757
2024.12.16startup_b,INT_OTHER,56.65201092940551,53.83217151438059,4.033788825826009,0.560404713540074,-0.20784029147804717,1.2297268506472114
2024.12.16startup_b,TRANSITION,48.0573061240685,37.25962326345453,4.8689388295066705,-0.5930518296307371,-1.1441168617039448,2.312240291384146
2024.12.16startup_b,TRANSITION,52.05755765447865,19.46703021107732,3.3773696313438166,-0.05619612526548302,-2.14932063280016,0.3788825739867131
2024.12.16startup_b,INT_HANDOFF,50.54360952540695,68.48274581990798,4.232624058162762,-0.2593762710704426,0.6198531479936011,1.4874551755564802
2024.12.16startup_b,TRANSITION,57.91572040879685,49.306004679181626,3.871772298307078,0.7300014595232261,-0.463548942710575,1.0197225784951272
2024.12.16startup_b,TRANSITION,59.65872816703975,25.042507566942653,2.9505841733792937,0.9639226643904738,-1.834330521618553,-0.17431265144768757
2024.12.16startup_b,INT_HANDOFF,42.65323284140715,69.34193053254228,2.343603949897546,-1.3183081157791108,0.668393330454124,-0.9610746071259442
2024.12.16startup_b,INT_OTHER,45.46622785836032,86.72069989104371,3.8752143029470254,-0.9407887498787609,1.650217870854265,1.0241840719626485
2024.12.16startup_b,TRANSITION,54.18169663543487,81.10976040611592,2.4439517713749273,0.22887498091918795,1.3332243043157155,-0.8310047214536785
2024.12.16startup_b,TRANSITION,65.34440154998344,41.272005266161386,2.8762209551535287,1.7269712291086166,-0.9174348087661551,-0.27070154310914896
2024.12.16startup_b,TRANSITION,66.85833610905857,27.61490060148063,2.6157428143940256,1.9301495537455784,-1.6890015540280907,-0.6083308158716829
2024.12.16startup_b,TRANSITION,52.76713278931194,38.1278148031828,2.4429946818899784,0.03903275119767693,-1.0950678328637056,-0.8322452916828338
2024.12.16startup_b,INT_OTHER,49.69105093426639,36.871235449700244,2.8408023893436725,-0.3737943119061108,-1.1660590763032643,-0.3166107490863013
2024.12.23startup_a,INT_HANDOFF,42.05999516893358,79.14280918516157,6.098733982899585,-0.33924097829779765,0.7885351541406638,2.2902965168758973
2024.12.23startup_a,INT_HANDOFF,46.57289219393488,74.33064263280167,4.923336474969965,0.07650081977279292,0.5285407068415648,1.226599885025369
2024.12.23startup_a,INT_HANDOFF,19.656783245515708,96.76230432897506,2.38454980343292,-2.403092990874036,1.7404911705753874,-1.0709197313448457
2024.12.23startup_a,INT_HANDOFF,17.754868208648702,95.50720805440162,2.402247339703194,-2.5783031879656386,1.6726801215054308,-1.0549040348713168
2024.12.23startup_a,TRANSITION,51.316045733272844,67.80067780011812,2.9550063838856127,0.5134545481749354,0.17573608566245616,-0.5546750233623339
2024.12.23startup_a,INT_HANDOFF,45.80404940195727,65.44816172195104,3.5431456175815925,0.005672683655441406,0.04863302078508931,-0.02242808756312693
2024.12.23startup_a,TRANSITION,51.589833526789086,54.51077029123877,5.715214619187685,0.538676712327061,-0.5422985292726281,1.9432239285152344
2024.12.23startup_a,TRANSITION,57.70749550274364,33.6565093145204,4.458072926846628,1.102254337914629,-1.6690242976926968,0.805551460366592
2024.12.23startup_a,TRANSITION,57.07200038455099,38.28182830085676,4.655465257904832,1.0437105950286676,-1.4191249560240646,0.9841851194336213
2024.12.23startup_a,INT_OTHER,34.25254707473711,81.97377947258583,2.3897755846910207,-1.0584868398900233,0.9414884127592975,-1.0661905687547186
2024.12.23startup_a,INT_HANDOFF,51.21445192337628,59.459989576217765,3.511318066640839,0.5040954174513118,-0.27489931967355047,-0.05123098914096318
2024.12.23startup_a,TRANSITION,47.50201335392693,78.89010672184358,4.204378686335995,0.16209428657262911,0.774882002994168,0.5759663988614281
2024.12.23startup_a,INT_OTHER,51.60140524160175,46.265612430725156,3.848586774991237,0.5397427338862338,-0.9877725662813398,0.25398625581713813
2024.12.23startup_a,TRANSITION,50.641488310345885,37.5834895263297,3.0276454722820394,0.4513122669848528,-1.4568551970153398,-0.4889390037207146
2024.12.23startup_a,INT_OTHER,52.113164826652465,46.60181501217847,5.075319915812781,0.5868875831682272,-0.9696080236799167,1.364139970852433
2024.12.23startup_a,INT_OTHER,39.543972158548236,42.54755633396397,3.7741908550022907,-0.571024669467725,-1.1886537970921085,0.1866603605503923
2024.12.23startup_a,INT_HANDOFF,46.55472714649129,73.89463314423105,3.4600814880388717,0.07482740036073957,0.5049837403973156,-0.0975984314052023
2024.12.23startup_a,INT_HANDOFF,45.55445558670228,40.453056372823255,3.2874263791710034,-0.01732065764318449,-1.3018166217449068,-0.25384570650622656
2024.12.23startup_a,TRANSITION,52.672469674445665,64.81011930812531,3.287611058874401,0.6384124466434971,0.014160505561223691,-0.25367857736297944
2024.12.23startup_a,INT_OTHER,34.824173705381305,76.45005106666383,2.4660119253461863,-1.005826856306865,0.6430493005004466,-0.997199152461564
2024.12.23startup_a,TRANSITION,51.46370401832517,81.39549025522034,2.6950671543763836,0.5270572784361371,0.9102442769190205,-0.7899115974144751
2024.12.23startup_a,TRANSITION,35.6255838650912,68.88850567728613,2.4573170424222273,-0.931998515233708,0.23450986346159505,-1.0050677395720138
2024.12.23startup_a,TRANSITION,60.52060141408217,62.648944532947,2.5183352571331485,1.361406209376299,-0.10260466353162184,-0.9498482338033954
2024.12.23startup_a,TRANSITION,54.200609948755655,81.8485715753817,2.491456078369563,0.7791893759255337,0.9347236099045195,-0.9741730190142264
2024.12.23startup_b,INT_HANDOFF,24.012739298032738,83.54849085913966,3.412212930352218,-2.2292420169548133,1.2590426307477434,0.3606218612384251
2024.12.23startup_b,TRANSITION,38.41023450901907,63.704283756429085,5.834543528952468,-0.6715567270651865,-0.11333087491757048,3.6409730113240717
2024.12.23startup_b,TRANSITION,41.298384622972485,74.24685095461999,3.249784439666278,-0.3590836974464406,0.6157655223134946,0.1406591168730638
2024.12.23startup_b,INT_HANDOFF,38.115860520084944,74.67508655760012,4.010856248750494,-0.703405463638401,0.645381177535732,1.171312317418782
2024.12.23startup_b,TRANSITION,30.13308782060963,76.5414672305889,2.500096629218094,-1.5670728880259892,0.7744551875900686,-0.8745777267807169
2024.12.23startup_b,INT_HANDOFF,45.618595179318625,57.427441838082906,2.887745651260153,0.10832596890379692,-0.5474208591332212,-0.34961845160165733
2024.12.23startup_b,TRANSITION,43.79245552621268,65.98625828240654,2.9803435757391443,-0.08924665280867167,0.04448451996544552,-0.2242211551980502
2024.12.23startup_b,TRANSITION,27.374225851436684,89.00628736252905,2.7992016150592773,-1.8655580511213985,1.636489574422368,-0.4695259205295603
2024.12.23startup_b,INT_OTHER,36.99059906474708,68.57722342078635,3.673577467550373,-0.8251490857458122,0.2236688981374123,0.7145650681173714
2024.12.23startup_b,INT_HANDOFF,51.31345870823516,35.21679430238691,3.733969973966479,0.7244612769505153,-2.083451201081036,0.7963493745176233
2024.12.23startup_b,INT_OTHER,53.931429293626685,31.617193258721603,4.2507293427920265,1.0077032027485753,-2.3323902026608327,1.496151536461978
2024.12.23startup_b,TRANSITION,55.241883058964106,56.55920610000086,3.164176172836793,1.1494830417714723,-0.6074657738757617,0.024727304463471465
2024.12.23startup_b,TRANSITION,33.21579300679633,75.16917243777947,2.8187110736320986,-1.2335506710555468,0.6795508658468782,-0.44310596162556765
2024.12.23startup_b,TRANSITION,45.16151711117201,72.90343752551874,2.8769258075901734,0.05887404878509079,0.5228585602105992,-0.3642708226062901
2024.12.23startup_b,INT_OTHER,39.251597459446074,68.9426343419859,2.3309518298534466,-0.5805284841567802,0.24893976254330266,-1.1036357824595955
2024.12.23startup_b,TRANSITION,45.93028475123751,62.92923101206503,3.1652997792120905,0.14204810279411118,-0.1669314973235486,0.026248906621153784
2024.12.23startup_b,TRANSITION,54.06523995650915,43.11823216660931,3.151451154136832,1.0221803668766347,-1.5370084066980658,0.007494921009536555
2024.12.23startup_b,INT_HANDOFF,55.427232892146,54.493519490037116,2.528862005967131,1.1695363013419722,-0.7503232616982211,-0.8356232848247442
2024.12.23startup_b,TRANSITION,44.58584434688523,82.68114969549222,2.41780662128741,-0.0034087985837594373,1.199059582435368,-0.9860159104505933
2024.12.23startup_b,TRANSITION,53.977038148059236,67.18499369472748,2.41301267445164,1.0126376889628226,0.12738592850533811,-0.9925079347123745
2024.12.23startup_b,TRANSITION,51.09124476820625,69.84226832645739,3.3060960321267046,0.70041963772654,0.31115609795516974,0.216916997278594
2024.12.23startup_b,INT_OTHER,38.31656012404322,84.47565872696998,2.5488183274242795,-0.6816914907430375,1.3231631375802249,-0.8085981784741642
2024.12.23startup_b,INT_HANDOFF,42.59157335189748,49.45018818046256,2.662707873701665,-0.21917178703577336,-1.0991068756631783,-0.654367494879762
2024.12.23startup_b,TRANSITION,34.167797179349826,58.55439659849431,4.359904251959211,-1.1305519984552916,-0.4694836128997472,1.6439975980416885
2024.12.23startup_b,INT_HANDOFF,59.41636405315165,69.29217730703884,2.6295813496747202,1.6011260214897687,0.2731132405687783,-0.6992278583879146
2024.12.23startup_b,TRANSITION,55.57861405852704,69.30108832087225,3.3410804204817612,1.1859144429966495,0.2737295029989321,0.2642933044770698
2024.12.23startup_b,INT_HANDOFF,48.179986530301825,55.21797632954913,2.5052902709762606,0.38544650762309524,-0.7002217198528674,-0.8675444305310724
2024.12.23startup_b,TRANSITION,55.99624962577046,68.95825220852018,2.7713218263457127,1.2310990233765322,0.2500198533796728,-0.5072810878149566
2024.12.23startup_b,TRANSITION,48.0656743558371,84.85333127540423,3.1060075881537426,0.37307891242618074,1.3492819840831654,-0.05404533861595029
2024.12.23startup_b,INT_HANDOFF,47.26897852454213,45.81637728759239,2.946432492868701,0.2868832680631531,-1.35041174101564,-0.2701439783498481
2025.01.06startup_a,INT_HANDOFF,65.895767605923,75.31526146061894,3.125138361928593,0.06099721406168052,0.756528204312945,-0.00848823712779786
2025.01.06startup_a,INT_HANDOFF,53.785834097719416,77.78343622213916,3.1886541535819792,-0.8861926512083965,0.9186607972207502,0.06530625415256007
2025.01.06startup_a,INT_OTHER,78.29390004938219,65.99360223588188,2.8095455832438887,1.0307288307353317,0.14419523507915247,-0.37515309241108646
2025.01.06startup_a,TRANSITION,76.08740396316904,76.69760845950691,3.62231560866012,0.8581456593080581,0.8473335665272419,0.5691467264563499
2025.01.06startup_a,TRANSITION,67.03888683784862,72.18501908316384,3.493208566585766,0.15040736239501218,0.5509048744746247,0.41914641562686494
2025.01.06startup_a,TRANSITION,71.39644613062407,72.04335434166771,2.893233655267626,0.4912379703115889,0.5415990213314564,-0.27792185998108965
2025.01.06startup_a,INT_OTHER,44.938453059247045,80.60055252140603,2.410733899887275,-1.5781988994794336,1.1037151042511228,-0.8385040878701113
2025.01.06startup_a,TRANSITION,79.65478407130104,75.18080531009656,4.323490827468249,1.137171657402902,0.7476958782327735,1.383792458225026
2025.01.06startup_a,INT_HANDOFF,74.3743965101464,46.78066453449178,2.8769379160649535,0.7241611665330977,-1.1178885749764471,-0.29685472302499194
2025.01.06startup_a,TRANSITION,59.6251706201561,61.91136213723862,2.789482246738733,-0.42946344041573403,-0.12396412801942587,-0.39846325941434485
2025.01.06startup_a,INT_OTHER,62.46574383008741,45.8931972150377,2.874281191618843,-0.20728532901801452,-1.1761856533954018,-0.2999413826393868
2025.01.06startup_a,INT_OTHER,43.02533887710841,80.92437181870089,3.0184057745113706,-1.7278349287110242,1.1249865567927013,-0.13249325676877344
2025.01.06startup_a,TRANSITION,66.74295000178715,67.32696870729491,2.490110955315481,0.12726038378545745,0.23178310230674415,-0.7462815197153624
2025.01.06startup_a,INT_HANDOFF,51.77567866801019,63.68092427135377,2.367111434043107,-1.0434188530986366,-0.007722887087666819,-0.8891859355109654
2025.01.06startup_a,INT_HANDOFF,57.27024343349059,84.00732397004772,2.3864543540836336,-0.6136562902895588,1.3275034263034684,-0.8667127692776482
2025.01.06startup_a,INT_HANDOFF,69.61317292736656,45.28366722404503,6.163799279144923,0.35175757564311455,-1.2162252322110623,3.5219162610664774
2025.01.06startup_a,INT_HANDOFF,92.2944355754936,24.369003532134453,2.330572532959043,2.1257939150896705,-2.5900941765947314,-0.9316378919024759
2025.01.06startup_a,TRANSITION,91.33673045525045,36.23919200569814,4.316389361511791,2.0508861062898074,-1.810350187016844,1.3755417688458966
2025.01.06startup_a,TRANSITION,61.56605541386501,64.62412412693864,2.94875097055257,-0.2776553066210675,0.05423522082283344,-0.21342023082623574
2025.01.06startup_a,INT_HANDOFF,45.79546383559307,74.42267983238851,2.3596588634071134,-1.511166993711141,0.6978951706951246,-0.8978445485030744
2025.01.06startup_a,TRANSITION,54.477459232558104,77.82551784889436,2.6640118851960914,-0.8320965392981641,0.9214251084704924,-0.5442383691906583
2025.01.06startup_a,INT_HANDOFF,55.346701086430585,59.671642140361115,2.4453092674213353,-0.764107968271012,-0.2710896947104768,-0.7983334217792107
2025.01.06startup_a,TRANSITION,69.90426783305803,59.653242120614536,3.1053094731140987,0.3745258381043349,-0.27229837853529243,-0.031526015995541605
2025.01.06startup_a,TRANSITION,77.41544419374027,56.35928406372027,3.353651077582869,0.9620195778738264,-0.48867607148475073,0.2570044720684259
2025.01.06startup_a,INT_HANDOFF,55.868089212048645,74.66962269205736,2.5350556898019265,-0.723327104517876,0.7141166663373208,-0.6940634219664196
2025.01.06startup_a,TRANSITION,68.27865817653534,60.863572230170874,4.549083696853261,0.24737724637173916,-0.1927926798318946,1.6458928052314963
2025.01.06startup_a,TRANSITION,63.86212321253457,42.2532629628213,3.1352991506050936,-0.09806619926556387,-1.4152902692947587,0.003316862232080805
2025.01.06startup_b,TRANSITION,36.72439461629923,88.67443262862662,4.007257595384382,-1.5449384334208591,1.4691594991107981,0.9864605789802063
2025.01.06startup_b,INT_HANDOFF,85.55483764123491,26.063884302360265,2.513149652683633,1.7440375669883028,-2.095119460289599,-0.9203707269671146
2025.01.06startup_b,INT_HANDOFF,78.9887711978351,49.553713751486875,6.226729527627561,1.3017799585859808,-0.7578958277934462,3.8190260463872248
2025.01.06startup_b,TRANSITION,56.67397859742127,56.359950186688245,3.768921734925551,-0.20123358727495685,-0.3704319584103483,0.6822882584507416
2025.01.06startup_b,TRANSITION,59.7261316746235,67.46079760757736,3.5705224336605546,0.004344277651783571,0.2615145418439916,0.42908433126571593
2025.01.06startup_b,TRANSITION,66.33227133057309,62.495959180371905,4.074322375623001,0.44930101852497495,-0.021122643358347872,1.0720509294700897
2025.01.06startup_b,TRANSITION,57.30213890689774,79.00942133636879,2.8317612322257775,-0.1589238301993825,0.9189519492288261,-0.5137478070660937
2025.01.06startup_b,TRANSITION,49.71270733686984,82.94426709247776,3.0579716468299596,-0.6701102283613365,1.1429539474847883,-0.22505039239411337
2025.01.06startup_b,TRANSITION,53.523514246322954,50.744165955723126,2.8906027633483835,-0.41343321109601533,-0.690126037284344,-0.43865224641226
2025.01.06startup_b,TRANSITION,43.37186600868546,65.65557624582178,2.5104458917324797,-1.0971977921614697,0.15874731349716298,-0.9238213585300111
2025.01.06startup_b,TRANSITION,63.14371198202258,82.30208298286922,2.985091106657723,0.23453550497213696,1.106395837531633,-0.31806301325172603
2025.01.06startup_b,TRANSITION,40.04988324908507,56.77124761136453,3.5324461588247966,-1.3209500436927382,-0.3470177127917032,0.38049009600622286
2025.01.06startup_b,TRANSITION,50.29163913365923,38.811132161491805,2.5048775067566464,-0.6311162592805785,-1.3694470528575184,-0.9309279205741781
2025.01.06startup_b,INT_OTHER,28.373254504559487,80.83225693618026,2.632076050689445,-2.107429733971628,1.02272191688663,-0.768592818330126
2025.01.06startup_b,TRANSITION,36.55455710282588,84.67653460426224,2.3680710598140093,-1.5563778443944143,1.2415680757644487,-1.1055249549852921
2025.01.06startup_b,TRANSITION,75.11077981679023,53.786788055743315,3.2266615535128813,1.0405777291583893,-0.5169163430328879,-0.009762603696002887
2025.01.06startup_b,TRANSITION,80.7988299486196,43.08825922224484,3.3859991852856037,1.4236965217353406,-1.1259597428617272,0.19358949409857193
2025.01.06startup_b,INT_HANDOFF,58.346862177208386,81.63763127639267,3.897462874398708,-0.0885564620113438,1.0685700829225087,0.8463368267265405
2025.01.06startup_b,INT_OTHER,49.288559782065796,75.61250657605878,2.6262924796594374,-0.6986787000352543,0.7255731635335367,-0.7759740081257268
2025.01.06startup_b,TRANSITION,82.89149457248408,49.12838484629394,2.8272926359628627,1.564648012207807,-0.7821088543222044,-0.5194507813989674
2025.01.06startup_b,INT_HANDOFF,73.11343575145011,76.08278662561244,3.746410663842377,0.9060465578538676,0.752345158516157,0.6535588649142812
2025.01.06startup_b,TRANSITION,60.498321453059056,45.546981632226974,3.017334712599704,0.056355144064338475,-0.9859901564712965,-0.2769126281492534
2025.01.06startup_b,TRANSITION,74.56578061968217,42.27210959337388,4.3256508019504505,1.0038692913787994,-1.1724213220631798,1.392804803871815
2025.01.06startup_b,INT_HANDOFF,52.4388084378045,59.58305268146544,3.9125805638191915,-0.4864936043818147,-0.1869479175701274,0.8656305354584939
2025.01.06startup_b,INT_HANDOFF,74.70317857299639,25.108113534079877,2.913892501611875,1.0131237347743887,-2.1495293597467895,-0.40892909137175487
2025.01.06startup_b,INT_HANDOFF,70.27825391513723,71.2465667080786,3.9428786943563265,0.7150827975687675,0.47702993838307506,0.9042980387685
2025.01.06startup_b,TRANSITION,82.98836721637402,47.58852392970327,3.3726120117676874,1.5711728721335605,-0.8697697040053336,0.17650432854087536
2025.01.06startup_b,TRANSITION,57.44267112342438,64.60133620190668,3.1577708067696073,-0.14945827840816883,0.09873177766280333,-0.09768331466064148
2025.01.06startup_b,INT_HANDOFF,58.19536652043109,73.83595245912466,2.6989347773716075,-0.09876045665977079,0.624437897536066,-0.6832654403878906
2025.01.06startup_b,INT_OTHER,63.32075445536491,55.27968770312358,2.6139375019232705,0.2464602062405375,-0.43192889373081184,-0.7917418503667768
2025.01.06startup_b,TRANSITION,53.155852628097676,81.92712006968497,2.3760894713750087,-0.4381970707643994,1.085050034663821,-1.0952915857945458
2025.01.06startup_b,INT_HANDOFF,48.676227640059146,87.61567000314835,2.7786225004199423,-0.7399223504012886,1.4088865027887303,-0.5815652615282842
2025.01.06startup_b,INT_OTHER,46.69670279869724,68.31417385099418,2.4375956363200255,-0.8732533073235589,0.31009534923466375,-1.0167953289485248
2025.01.13startup_a,TRANSITION,53.827587417088374,70.56950627875118,5.1039773995240365,1.2564073791367343,-0.5450667586558233,2.1955803735434185
2025.01.13startup_a,TRANSITION,47.66981630223843,65.09052207516385,4.382316823422837,0.6405002389842844,-1.1841571700063371,1.3594357186399664
2025.01.13startup_a,TRANSITION,34.10105658548556,80.51149804902336,3.9845471114060897,-0.7166622532050143,0.6146065263933543,0.8985639049375529
2025.01.13startup_a,INT_HANDOFF,40.24082349261248,66.14996005265603,3.1889761238629646,-0.10255591400514567,-1.0605801295044641,-0.023216293205294045
2025.01.13startup_a,INT_OTHER,44.31765480466296,82.10429871320311,2.499981259673409,0.30521330434621863,0.8003971025011508,-0.8215131546750265
2025.01.13startup_a,INT_HANDOFF,53.40502991669204,80.58149591168558,4.912343314140596,1.2141427062924566,0.6227713542483361,1.9735454980118423
2025.01.13startup_a,INT_OTHER,43.813747872512494,65.98602567080215,4.091288213955838,0.2548119705364364,-1.0797020848962848,1.0222383930710959
2025.01.13startup_a,INT_HANDOFF,60.62318097891373,51.72184430666656,4.333845849659235,1.936110232366973,-2.7435326777304523,1.3032753200085772
2025.01.13startup_a,INT_HANDOFF,26.920703424359857,76.32702786960157,2.822002258891926,-1.4348491910222543,0.1265133564039827,-0.4484068133006663
2025.01.13startup_a,TRANSITION,27.43251702606152,82.99522396067765,4.971006209441301,-1.383657023298612,0.9043181509535745,2.0415146624240696
2025.01.13startup_a,INT_OTHER,41.23169857394257,70.83745272935548,2.6496052652635265,-0.003447482365231262,-0.5138124237328476,-0.6481528289727161
2025.01.13startup_a,TRANSITION,19.22620270336652,87.9472787385768,2.887339116529046,-2.2044617416640384,1.4819454277334025,-0.3727049306003364
2025.01.13startup_a,INT_HANDOFF,38.94293177613261,75.75457849851638,2.7101804606267925,-0.23237249218176878,0.059740595167577314,-0.5779679976267059
2025.01.13startup_a,INT_HANDOFF,28.534138497930932,93.3921266198483,2.9035849507746287,-1.2734716140628948,2.1170540432874376,-0.3538818606991385
2025.01.13startup_a,INT_HANDOFF,39.1017740378117,81.24273204031951,2.6101321037014813,-0.21648491187041452,0.699900554433252,-0.6938880044073461
2025.01.13startup_a,INT_HANDOFF,43.29761482059574,70.93451088573863,2.6796573681669402,0.20318776658095208,-0.5024911760739804,-0.6133332669189699
2025.01.13startup_a,TRANSITION,41.63509042143049,80.23861159956103,2.529846147698499,0.036900220482627956,0.5827759704438268,-0.7869105072276936
2025.01.13startup_a,INT_OTHER,26.576913517005316,79.8228559444409,3.320842013217014,-1.4692354412908584,0.5342805846608102,0.12956877251515433
2025.01.13startup_a,INT_HANDOFF,43.307135578431854,65.71084614307634,2.461237447636839,0.20414004340669895,-1.1118001145738265,-0.8664032767321019
2025.01.13startup_a,INT_HANDOFF,36.641963183095235,78.43981091790067,3.107756802031019,-0.46251793917647904,0.3729567366473123,-0.11732023080925312
2025.01.13startup_a,TRANSITION,49.342511488265785,72.30707854202294,2.345299509607215,0.8078050785370913,-0.3423894500119107,-1.000733584350851
2025.01.13startup_a,TRANSITION,43.650852925035835,82.16815627392087,2.72144776644762,0.23851903606804034,0.807845701225023,-0.5649132488303322
2025.01.13startup_a,TRANSITION,40.719331741278715,78.78027425181328,2.7301563745632524,-0.0546949848672231,0.41266972796740287,-0.5548231089935765
2025.01.13startup_a,TRANSITION,46.7197446803203,70.88844485650309,2.403071483899751,0.5454730148991851,-0.5078645001208274,-0.9337966764641855
2025.01.13startup_a,INT_HANDOFF,53.35810199754854,64.71740844716854,2.605947693427158,1.2094489234392298,-1.2276786209059178,-0.6987362286289057
2025.01.13startup_a,INT_HANDOFF,47.192757447620814,79.00843797159516,2.8177294678846905,0.5927842798569046,0.439283647648936,-0.4533574389556259
2025.01.13startup_a,TRANSITION,48.81148852238004,74.57410640611461,4.158947470616288,0.7546915687664488,-0.07795434372764576,1.1006310996770365
2025.01.13startup_a,TRANSITION,51.24850520567448,68.94763147256144,2.4377659256314965,0.9984446976042469,-0.7342486578057015,-0.8935983159474125
2025.01.13startup_a,INT_OTHER,24.827942523013697,84.28033531805154,2.69056437446647,-1.6441694722945774,1.054218628030613,-0.6006959754825715
2025.01.13startup_b,TRANSITION,39.33940337240945,72.51173245550854,5.130568353290701,-0.7629473617942043,0.6330172807634886,1.6192240616854767
2025.01.13startup_b,TRANSITION,44.79931354663283,44.298902039292834,4.584047307712959,-0.011492842210175335,-1.4725092388083743,1.0589086849049232
2025.01.13startup_b,TRANSITION,50.6105423197546,61.98392432956592,4.520251277201923,0.7883141118520771,-0.15267415377601748,0.9935024262399763
2025.01.13startup_b,TRANSITION,42.26013603877157,58.43381134032567,5.9965377570827005,-0.3609631363034039,-0.4176194618520771,2.5070507550806247
2025.01.13startup_b,INT_OTHER,48.570860591749195,80.56019752448438,3.054546030312705,0.5075900698598224,1.2336750805862364,-0.5091975965776142
2025.01.13startup_b,TRANSITION,49.46573427130418,62.74566253771845,3.092259282527915,0.6307526951596117,-0.09582555069100188,-0.4705324522147891
2025.01.13startup_b,TRANSITION,37.65652249150495,78.56671862134586,3.1653260394215788,-0.9945644403768414,1.0849015390860286,-0.3956214716582636
2025.01.13startup_b,INT_HANDOFF,45.89873984480456,75.28126996423745,2.735618040884155,0.13982262532463588,0.8397081581249491,-0.8361754101650374
2025.01.13startup_b,INT_OTHER,52.403840900954705,59.817495055341155,3.726283224630155,1.0351281217543784,-0.3143549997727844,0.17949441661577997
2025.01.13startup_b,TRANSITION,52.7205745491317,73.56067756276612,3.239354459311274,1.078720584603054,0.711300165122251,-0.3197245554853196
2025.01.13startup_b,TRANSITION,44.38183828571344,72.73459349950421,3.1923801276634944,-0.06895050389725961,0.6496494240610526,-0.36788453129817456
2025.01.13startup_b,INT_HANDOFF,58.67097917244001,68.65196851753018,2.9496362159814886,1.8976824914580064,0.34496268961443644,-0.6167553614992428
2025.01.13startup_b,TRANSITION,27.33320697907735,80.67817045474438,2.440155386549012,-2.4153757452091713,1.2424794128559704,-1.1390956175897453
2025.01.13startup_b,TRANSITION,55.25956349198712,59.651366907820446,3.8020617692260212,1.428164926249933,-0.32675316100268903,0.25718563109084075
2025.01.13startup_b,TRANSITION,51.86833192860844,35.66362971452772,2.761287685888722,0.9614253272565482,-2.1169605262292808,-0.8098578567442859
2025.01.13startup_b,TRANSITION,44.781586859360814,48.10337116849367,2.380041229845996,-0.013932589173540795,-1.1885813050899356,-1.200727071008504
2025.01.13startup_b,INT_HANDOFF,48.262073586223764,75.69075794663334,2.4879657541595113,0.4650913137472441,0.8702682895850299,-1.0900785040522891
2025.01.13startup_b,TRANSITION,52.559662825983025,72.92641739626278,4.647580731637958,1.0565740954199563,0.663965261775819,1.124045708726324
2025.01.13startup_b,TRANSITION,47.20573316974638,60.923308824040795,3.108672053478215,0.3197058119987444,-0.2318280011925014,-0.4537054187209398
2025.01.13startup_b,INT_OTHER,31.343626745420313,72.4360673148725,4.362215416327859,-1.8634164706637424,0.627370383310593,0.8314776997504748
2025.01.13startup_b,TRANSITION,35.93185382567525,43.77624459245633,2.479541987544721,-1.231932826003631,-1.5115152193757644,-1.0987148886945093
2025.01.13startup_b,INT_HANDOFF,38.648140329944276,68.01245953674014,3.9571209212983347,-0.8580867909984125,0.2972360667023346,0.41615851588583735
2025.01.13startup_b,TRANSITION,41.2849146186696,45.770496662288345,2.807528166712845,-0.4951841253574988,-1.3626839763634013,-0.7624502543378809
2025.01.13startup_b,TRANSITION,41.71672005505816,80.5726764910689,4.210914719719017,-0.4357541830322498,1.2346063871830204,0.6763581347977203
2025.01.13startup_b,TRANSITION,38.5366240340151,64.53236377030767,5.074780665747546,-0.8734349234601649,0.03751615137396005,1.5620282786165658
2025.01.13startup_b,INT_OTHER,45.057342838759446,39.29574810475832,3.548988992970224,0.024020063967112187,-1.8458951463991282,-0.0022747668719983296
2025.01.13startup_b,INT_OTHER,45.26822246035467,71.62103520107908,2.4269458595094364,0.05304369982911465,0.5665444504077949,-1.1526385564759296
2025.02.10startup_b,TRANSITION,34.36597793651062,65.55532800572752,6.431270823892272,-1.6201919292483682,0.2977121143614936,2.7821694027526345
2025.02.10startup_b,TRANSITION,67.64125383306583,63.01459880409486,3.856840777232631,0.5105489119024753,0.13103426994332082,0.3799163094513548
2025.02.10startup_b,INT_HANDOFF,70.99137706392114,38.796793956781634,5.114737202527389,0.7250698797544831,-1.4577110028296556,1.5536850753332492
2025.02.10startup_b,TRANSITION,61.87315799669028,74.21862429082425,3.2543969227922456,0.14119608031528896,0.8660448392453555,-0.18223631720383582
2025.02.10startup_b,INT_OTHER,65.66709810324816,77.4501833889307,2.3504697548277123,0.38413630894191153,1.0780427586758075,-1.025709162068806
2025.02.10startup_b,TRANSITION,61.0456148790513,64.42219140951883,2.377553195600818,0.088205387644602,0.22337567379709053,-1.0004370520501815
2025.02.10startup_b,TRANSITION,67.85711331749323,68.08846090943516,3.7737983835391167,0.5243712050924422,0.4638916236706406,0.3024277611086925
2025.02.10startup_b,TRANSITION,77.46845963578494,28.463610133908325,4.105694422650539,1.1398217937665704,-2.135592299453675,0.6121267127832051
2025.02.10startup_b,INT_OTHER,65.99375364748853,51.51690279914078,3.3758045390427194,0.40505328980377,-0.6232417798811577,-0.06894839855696572
2025.02.10startup_b,TRANSITION,79.6030804972063,36.813415945443396,4.610612997826709,1.276509581538571,-1.5878252910362962,1.0832765156904691
2025.02.10startup_b,INT_HANDOFF,47.81546609544354,58.19564530124463,3.2529427723076014,-0.758970708967524,-0.1851004766051657,-0.1835932146283335
2025.02.10startup_b,INT_HANDOFF,46.292563197126796,74.13101841194569,2.963517574391472,-0.8564878989868682,0.860297686404173,-0.4536617596546326
2025.02.10startup_b,INT_HANDOFF,74.5010774976403,56.16422701439566,2.561698381652251,0.9498091750071612,-0.318366320499929,-0.8286074296517919
2025.02.10startup_b,TRANSITION,45.61558197402299,70.36273336138856,2.4658478627834453,-0.8998375482953767,0.6130892751431539,-0.91804750037575
2025.02.10startup_b,INT_HANDOFF,35.696962565737735,75.06561734277116,2.5315608970109524,-1.534963986518318,0.9216095865804756,-0.8567293301857825
2025.02.10startup_b,TRANSITION,30.835832415939432,89.31663925754182,2.4932995692286006,-1.8462404001692485,1.8565103276684047,-0.8924317541604513
2025.02.10startup_b,INT_OTHER,54.55402365962728,55.76868998708549,3.6481213708354843,-0.3274755695406363,-0.3443144849313318,0.18515598170420064
2025.02.10startup_b,TRANSITION,63.64549336624268,61.24945551133376,2.6427102495302988,0.25468536791312435,0.015236695397572941,-0.7530136062901257
2025.02.10startup_b,TRANSITION,82.23062405351813,50.732610711813635,3.733321295369756,1.4447610600459488,-0.6746931956502666,0.26465776600284724
2025.02.24startup_a,INT_HANDOFF,49.18717251309119,57.84510417250243,2.3524753238014444,0.309026793575432,-1.1082043833503743,-0.9057608191695703
2025.02.24startup_a,INT_HANDOFF,56.630760152105054,52.59726878412124,2.358377966128449,1.1274923666781664,-1.6252571045079514,-0.8993563026997651
2025.02.24startup_a,INT_OTHER,50.97622795762863,72.48794494420005,3.2995746427931554,0.5057438016551397,0.3345086794956859,0.12186593694826733
2025.02.24startup_a,TRANSITION,53.949863450462125,66.63878313538056,5.444070760122908,0.8327122469629233,-0.24179084324411015,2.4486985556275744
2025.02.24startup_a,INT_OTHER,47.8193167628658,78.95030493540693,2.4258770302990005,0.15862313141361836,0.9712246911966733,-0.8261181079680672
2025.02.24startup_a,TRANSITION,42.414281757908185,76.79378101060564,4.3659204715788205,-0.43569177256983954,0.7587491691883728,1.278878177334421
2025.02.24startup_a,TRANSITION,41.447791661505676,60.529710346557934,2.7805330278180547,-0.5419629564414645,-0.8436985776604564,-0.44130736535636095
2025.02.24startup_a,INT_HANDOFF,66.71609178987235,83.26235085546051,2.912470485298145,2.2364329930465985,1.3960770182449662,-0.29815188132006937
2025.02.24startup_a,INT_HANDOFF,66.44171107209493,68.10695467657749,4.316178338962529,2.206263243953164,-0.09713651735143938,1.2249067032156544
2025.02.24startup_a,INT_OTHER,47.54422470556679,66.24294473318174,2.4193857189341506,0.12837516641980856,-0.28079155646173676,-0.8331613452580202
2025.02.24startup_a,TRANSITION,48.675585313534185,75.21816954358151,4.92634598377621,0.2527748179443746,0.6035091252045973,1.8869540565972187
2025.02.24startup_a,INT_HANDOFF,43.781237357644486,85.46131012472205,3.1557974817977605,-0.2853870871678438,1.6127335613224503,-0.03413592536415061
2025.02.24startup_a,TRANSITION,35.29128660532247,76.86582099466573,2.664306956363483,-1.2189063449640491,0.7658470423177174,-0.5674155975028429
2025.02.24startup_a,INT_HANDOFF,50.1924772894232,74.64961344803383,3.998180232713847,0.4195658763143708,0.5474910807010451,0.8798707013696762
2025.02.24startup_a,INT_HANDOFF,49.443599020059374,77.79950872547109,2.340012554063117,0.3372223732021737,0.8578403588369832,-0.9192832400832244
2025.02.24startup_a,INT_HANDOFF,37.119377790554196,82.52302677284783,4.218841793042597,-1.017897131105587,1.323233740885587,1.119294084845384
2025.02.24startup_a,TRANSITION,27.98624516659164,65.73777902034253,2.5720938193820593,-2.022137960905922,-0.3305639458620063,-0.6674691873719107
2025.02.24startup_a,INT_OTHER,41.59388059698682,75.34776877969101,2.480028681925522,-0.5258996318591285,0.6162781304669804,-0.7673621940068697
2025.02.24startup_a,INT_HANDOFF,45.218455298106264,49.3556822779006,2.392825805654065,-0.12735665045367073,-1.9446404311305663,-0.8619795240693433
2025.02.24startup_a,TRANSITION,41.25977113585215,66.96435921718196,2.338489812250238,-0.5626369022250167,-0.20971285554427788,-0.9209354535292645
2025.02.24startup_a,INT_OTHER,36.76623401061186,71.89919343960551,3.3525157447180844,-1.0567273350684254,0.27650084483490234,0.17930837381363984
2025.02.24startup_a,INT_HANDOFF,35.94220353541009,57.81682204043477,3.810868770410282,-1.1473342584833137,-1.1109909329014707,0.6766330191848516
2025.02.24startup_a,TRANSITION,43.47991326122716,50.199766327156325,2.496508728378861,-0.3185194167949243,-1.8614754836324687,-0.7494809260786597
2025.02.24startup_a,INT_OTHER,43.941704679886115,70.0520476966293,2.43932663156658,-0.26774277568363636,0.09450738236940064,-0.811524949843537
2025.02.24startup_a,TRANSITION,55.59830017701749,63.97506929059394,3.820453976545197,1.0139674125570342,-0.5042381934185002,0.6870332106849677
2025.02.24startup_b,TRANSITION,51.35666907801169,77.99768763995417,8.546534832447088,0.6205389666571884,0.7078502097340038,2.258666195438712
2025.02.24startup_b,TRANSITION,46.46866518661426,61.12607021881712,9.099928480619113,0.005899179506535057,-0.4234913005408326,2.522569161770516
2025.02.24startup_b,INT_OTHER,56.66360862947507,82.03270986964068,2.796462880227606,1.2878576244989897,0.9784222615639007,-0.4834343867138308
2025.02.24startup_b,TRANSITION,44.449767097038645,70.40893152450248,2.5357306167003806,-0.2479662264190844,0.19897932969576365,-0.6077726728335355
2025.02.24startup_b,INT_HANDOFF,41.03980245668733,71.93853907894217,4.623918841503112,-0.6767506519849953,0.3015485426865461,0.38804480466176033
2025.02.24startup_b,TRANSITION,53.21853533521497,62.08972179590825,3.870877096651918,0.8546584774956388,-0.3588727756305202,0.0289334362997375
2025.02.24startup_b,TRANSITION,47.19168794503113,67.1739435428211,3.2054051098045995,0.09681534164800433,-0.01794570467178863,-0.28841757038390703
2025.02.24startup_b,TRANSITION,55.81044439476153,32.77150971517552,2.737188426422612,1.1805768826502014,-2.324831907232186,-0.5117012528741247
2025.02.24startup_b,TRANSITION,55.090703970426624,42.133159656530175,4.884000461485541,1.0900734560888008,-1.6970780340292735,0.5120728111783945
2025.02.24startup_b,INT_OTHER,36.18097330554854,73.66079686014274,2.481031469328675,-1.2877218749239252,0.4170360902422993,-0.6338576618732478
2025.02.24startup_b,INT_HANDOFF,58.57417727056205,58.22875340778494,2.5304238134362316,1.5281011940593838,-0.6177734902632752,-0.610303386960404
2025.02.24startup_b,INT_OTHER,37.78943766040919,71.05229546430189,2.8882746899918543,-1.0854662690208936,0.24212067845567314,-0.4396510707666542
2025.02.24startup_b,TRANSITION,38.55012815290207,87.90302997586758,2.6078502529132863,-0.9898135950907018,1.3720618664102682,-0.5733801820808406
2025.02.24startup_b,TRANSITION,34.90110111065993,74.03570521539044,3.106608810015908,-1.4486588117440546,0.4421759078574856,-0.33553165754946307
2025.02.24startup_b,INT_OTHER,46.43736590384136,59.024456947998736,2.6909941240248116,0.001963465679596409,-0.5644168723145594,-0.5337304421694422
2025.02.24startup_b,INT_OTHER,39.02495145194954,87.4877545431281,2.358048058039174,-0.9301071591006776,1.3442151980364987,-0.6925061251436728
2025.03.02startup_a,TRANSITION,21.57375944455694,90.02757346094616,3.4504549094914774,-2.498585762538776,1.3255930377827103,0.024237179921114422
2025.03.02startup_a,INT_HANDOFF,31.477847757181973,89.18632892519231,3.4939506652034367,-1.1281547192174388,1.2620076505951252,0.06446374957179675
2025.03.02startup_a,INT_HANDOFF,38.334003304601175,85.61362313070019,2.6195142710472865,-0.17946685381887845,0.9919650273208589,-0.7442490992761712
2025.03.02startup_a,TRANSITION,27.33376161944372,84.66466532339031,2.3885342705054544,-1.7015728986691205,0.9202381428800469,-0.95786840368007
2025.03.02startup_a,INT_HANDOFF,37.62746474230313,66.32165277188228,6.155563329555015,-0.27723076186507306,-0.4662166936190688,2.5260268486177657
2025.03.02startup_a,TRANSITION,44.48802314636056,50.01988974859102,5.760290132185927,0.6720663278483217,-1.6983838811864393,2.1604627942692707
2025.03.02startup_a,TRANSITION,49.74925376372548,75.51307293342816,2.975135216669108,1.40006405328445,0.22851591376951913,-0.4153569923535551
2025.03.02startup_a,INT_HANDOFF,36.96291360147341,80.39551991059379,3.126842957372733,-0.3691848604676409,0.5975551981527844,-0.27505176261170056
2025.03.02startup_a,TRANSITION,47.288585094506296,63.887632728101416,3.088453360351112,1.0595807472816594,-0.6501918641293423,-0.3105559577492335
2025.03.02startup_a,TRANSITION,42.275345209135985,48.36102324811378,3.3999156641273793,0.36589755811114255,-1.823769145806124,-0.022503483402337807
2025.03.02startup_a,TRANSITION,34.10360635647178,77.42634818122784,2.9711412777768396,-0.7648278805272295,0.3731306390452656,-0.41905074266092646
2025.03.02startup_a,INT_OTHER,45.432629208828175,63.62221570100674,2.6626715924272975,0.8027716922244644,-0.6702533845514269,-0.7043355268824273
2025.03.02startup_a,INT_HANDOFF,30.32979088830699,81.279484037601,2.8384671790743554,-1.2870116198166586,0.6643695415295542,-0.5417529186534579
2025.03.02startup_a,INT_HANDOFF,46.40411787090235,84.89232359401294,2.449823911774899,0.9371968082691221,0.937445671331954,-0.901185355345017
2025.03.02startup_a,INT_HANDOFF,37.443962608926164,84.76795462885013,2.530665291142272,-0.30262199548068264,0.9280452550821063,-0.8264200978032398
2025.03.02startup_a,INT_HANDOFF,41.4390674063322,81.66372024648538,3.0790899080225667,0.250181600657295,0.6934119983599099,-0.3192156433001505
2025.03.02startup_a,TRANSITION,50.898883798883105,61.459791446794576,2.522061749797589,1.5591386332744417,-0.833700013473292,-0.8343769880671159
2025.03.02startup_a,INT_HANDOFF,42.950240652830765,62.203631822193834,4.193702625133387,0.4592830003488152,-0.7774769103619749,0.7116216272445385
2025.03.02startup_a,TRANSITION,41.926331033605386,76.8396183530154,2.499974098710016,0.3176043840593087,0.32878272150668464,-0.8548045084159557
2025.03.02startup_a,INT_OTHER,35.6470627508092,77.3696751366778,3.4788156502583902,-0.5512594540304151,0.36884701243295814,0.05046629803002187
2025.03.02startup_a,TRANSITION,38.063394439773646,67.51733001071102,4.186080597234585,-0.21691106647647965,-0.3758415447164028,0.704572478859095
2025.03.02startup_a,TRANSITION,37.428717989625454,75.99668792487742,4.287013360413429,-0.3047313970605006,0.2650699063056676,0.7979190309902315
2025.03.02startup_a,INT_HANDOFF,45.16738433761519,69.24300015203323,5.523439290957186,0.7660696966325349,-0.2454069333394622,1.9414139076467318
2025.03.02startup_a,TRANSITION,46.79804622601536,41.48176331732468,2.500350459871579,0.9917047679773587,-2.3437373449116192,-0.8544564349492091
2025.03.17startup_a,TRANSITION,44.32673471011091,69.22295772120086,2.599173662516758,1.304465956334781,-0.1818827863131277,-0.6569674524706163
2025.03.17startup_a,INT_OTHER,29.102073359547823,74.49607257138886,7.03206065503655,-0.9551661480005822,0.2096527222112559,3.232783215657543
2025.03.17startup_a,TRANSITION,45.80956113365692,43.94552803360121,4.377212172608726,1.5245458723768819,-2.0587642061386053,0.903218154394242
2025.03.17startup_a,TRANSITION,35.85735692747292,75.87817213015599,4.490216674882887,0.04744765551814941,0.31227537863868376,1.00237686043934
2025.03.17startup_a,TRANSITION,40.51188736295826,76.54701831076852,2.784944967338361,0.7382693533183269,0.3619380613017369,-0.4939576445805849
2025.03.17startup_a,TRANSITION,38.88969444266118,81.93374056922542,2.875883114818941,0.49750477289675643,0.7619090649049185,-0.4141616289100265
2025.03.17startup_a,INT_HANDOFF,36.310654225902205,86.71479092794257,2.4876884420170913,0.11472567929510617,1.1169081568390273,-0.7547930256595445
2025.03.17startup_a,TRANSITION,43.42481996116103,80.56642364210576,3.0660908294420604,1.1706044880778628,0.6603840377466903,-0.24725897917253598
2025.03.17startup_a,TRANSITION,25.543348741344726,93.84937102143007,2.3312138858630984,-1.4833492197037115,1.6466598357564655,-0.8920956481653975
2025.03.17startup_a,INT_OTHER,36.583592291915345,71.23096035988902,2.573883561811121,0.15523492953440196,-0.03278602726395876,-0.6791589015832996
2025.03.17startup_a,INT_HANDOFF,48.69287371082426,48.65037471575107,5.1488143034862865,1.952484827220057,-1.7094233344602412,1.5802802832449592
2025.03.17startup_a,TRANSITION,28.01709922715895,77.87958492245032,2.3924363486198676,-1.1161971440580825,0.46088283318146284,-0.8383744240930401
2025.03.17startup_a,TRANSITION,40.311308596700044,68.23880811500534,4.304423731634131,0.7084996126818112,-0.254957150796597,0.8393480653550451
2025.03.17startup_a,TRANSITION,35.58428352467039,72.88366660555538,2.586971289214173,0.006918318700429017,0.08992952108320615,-0.6676747386673026
2025.03.17startup_a,TRANSITION,23.424821340967934,91.05000223070508,2.6784845392771066,-1.7977793681042527,1.4388031297746637,-0.5873740844490606
2025.03.17startup_a,INT_OTHER,28.20389284521597,80.77719319826325,2.3526280470488627,-1.0884733841314953,0.6760339463294017,-0.8733052418409667
2025.03.17startup_a,TRANSITION,30.498103607560864,86.95523487555867,2.980399857103344,-0.7479684511587502,1.1347614268655892,-0.3224507261016869
2025.03.17startup_a,INT_HANDOFF,26.905749928521423,68.49392723262943,2.8294558203922526,-1.2811427212704825,-0.23601423066473623,-0.4549004521239566
2025.03.17startup_a,INT_HANDOFF,28.996456451421402,67.11661948741039,3.7803948374212157,-0.9708417253331626,-0.338281088819681,0.3795254385155349
2025.03.17startup_a,TRANSITION,34.318411646450926,54.83946339505731,3.8108881119829436,-0.18096137662653553,-1.2498755999237414,0.40628254631008165
2025.03.17startup_a,INT_OTHER,38.240921672977855,63.45671109067701,2.3323746208641403,0.40121443546072566,-0.610033958988358,-0.891077131394399
2025.03.17startup_a,TRANSITION,37.89112468132895,61.83480791618432,4.094967660560775,0.34929784473139763,-0.7304623399821206,0.6555554503445812
2025.03.17startup_a,TRANSITION,37.21973049375748,77.55809916780471,3.8768739786318136,0.24965005448057995,0.43701210553667713,0.46418354160221725
2025.03.17startup_a,TRANSITION,38.23958291291952,46.02084197667865,2.561524729623895,0.4010157377597948,-1.904669496818629,-0.6900034766511203
2025.03.17startup_b,TRANSITION,30.599922886107077,69.79581619736304,4.990643404969807,-1.8247935870231087,0.9834084436770855,1.0210604248694388
2025.03.17startup_b,TRANSITION,31.088977638473978,56.7254680517115,3.274727875698313,-1.7598936444418471,0.03454936970281251,-0.2312988990958608
2025.03.17startup_b,TRANSITION,42.43423014623178,70.86196665561589,2.639368257505186,-0.2543234955784284,1.0608070351500762,-0.6950155147109751
2025.03.17startup_b,INT_OTHER,38.49535160800953,77.73157767588941,3.259526947920004,-0.7770318216461943,1.5595154611707565,-0.24239328183868183
2025.03.17startup_b,TRANSITION,47.34212897931604,56.421194539637455,6.605289560964953,0.3969785333257836,0.012460234839367104,2.1995083926570813
2025.03.17startup_b,TRANSITION,57.44021942441342,28.51273034682644,7.803193645085277,1.737044214919522,-2.013591343507077,3.073797553966278
2025.03.17startup_b,INT_HANDOFF,49.40677708054506,55.47847915159793,3.891937169027555,0.6709673711231271,-0.055977425745372456,0.2191707191067786
2025.03.17startup_b,TRANSITION,55.04961097994599,36.68983194140844,2.8790122931887274,1.4197988553164766,-1.4199639236123744,-0.520111542224419
2025.03.17startup_b,TRANSITION,48.177131292503475,40.308054816531595,2.9307122897435636,0.5077873986293346,-1.1572942863185818,-0.4823783487018266
2025.03.17startup_b,TRANSITION,46.83604165821285,42.26284190993208,2.7386785059745296,0.3298182860901933,-1.0153839522868189,-0.6225340239183043
2025.03.17startup_b,INT_HANDOFF,46.12034203956975,68.22388493431511,3.298880294031858,0.2348414681969668,0.8692920310164862,-0.21367127944889164
2025.03.17startup_b,TRANSITION,37.26628178444235,55.95911345309755,2.4706186516577437,-0.9401353608548852,-0.021085147960642682,-0.818177254722873
2025.03.17startup_b,INT_OTHER,49.675629254880796,60.011617790973126,3.698982517452462,0.7066453613538533,0.273111721966854,0.07834294939416517
2025.03.17startup_b,INT_HANDOFF,36.76009253469139,62.031023601679166,2.414723348880872,-1.0073091345174365,0.41971313657127596,-0.8589723885184148
2025.03.17startup_b,TRANSITION,36.65174371966812,72.50112743253494,2.5659962526483846,-1.021687548876413,1.1798040625857853,-0.7485660029680833
2025.03.17startup_b,TRANSITION,49.70762473466531,49.91360815701875,2.4723596477679575,0.7108913170281925,-0.45996653757782385,-0.8169065903606597
2025.03.17startup_b,INT_OTHER,39.52385745180824,63.70503765234118,4.031147534668986,-0.6405440973495268,0.5412403831473007,0.32077327262972677
2025.03.17startup_b,INT_HANDOFF,44.03923361520953,58.02732580234092,3.7613727811566258,-0.04133173448163625,0.1290594413507075,0.1238784242713789
2025.03.17startup_b,INT_OTHER,53.908172743917305,51.66944881957479,3.1423093173314403,1.2683244536880427,-0.3324989807420417,-0.3279444585117156
2025.03.17startup_b,INT_HANDOFF,51.926447848663486,36.466279088961336,3.396469222813934,1.005339928353463,-1.4361930362720736,-0.1424460921997812
2025.03.17startup_b,TRANSITION,45.77062843196674,46.46304177895317,4.4160764753526935,0.1884327727626084,-0.7104649314761801,0.6017132954372556
2025.03.17startup_b,TRANSITION,37.49472725941024,77.73078952496842,2.334080692216395,-0.9098195360180736,1.5594582443204696,-0.9178293551116177
2025.03.24startup_b,TRANSITION,37.25617544655863,72.54243244675078,5.516474036022031,-0.5646966233679249,0.6703602612024325,2.721863684833346
2025.03.24startup_b,INT_HANDOFF,45.44355359299732,62.48258090427159,5.310761360601314,0.48696790352318936,0.03124940355949779,2.480351698118835
2025.03.24startup_b,TRANSITION,46.63591612138042,49.115902932803074,2.4910035551072274,0.6401262592100034,-0.8179469276297846,-0.8301166931256854
2025.03.24startup_b,INT_HANDOFF,34.99560797248744,78.29510213132826,2.3742297728326376,-0.8550653568749524,1.0358322207360176,-0.9672121253620586
2025.03.24startup_b,INT_HANDOFF,37.689614829928345,72.68788177283243,2.619792596942764,-0.5090215567111142,0.6796007796278882,-0.6789150362654766
2025.03.24startup_b,INT_HANDOFF,38.43199264829889,59.45164046327691,3.631119795269919,-0.41366350640892885,-0.16130880035922318,0.5084091788655754
2025.03.24startup_b,TRANSITION,37.89139731956221,69.89672429534755,2.996062041027059,-0.4831026993308656,0.5022761897252199,-0.23716500411548397
2025.03.24startup_b,INT_HANDOFF,32.88873380603129,65.90341121234391,2.664581147459745,-1.1256922637864166,0.24857763974778718,-0.6263321227658744
2025.03.24startup_b,INT_OTHER,40.22886747411824,71.98070032873778,2.514097454715992,-0.18285585592806772,0.6346729457194057,-0.8030038593438515
2025.03.24startup_b,INT_HANDOFF,45.857423784803046,60.11718955957254,2.8071792137591194,0.5401293175527868,-0.11902590463846272,-0.45891831502079655
2025.03.24startup_b,TRANSITION,46.79549121969814,57.31082673058014,2.7932207796648,0.6606235988069182,-0.29731650335365695,-0.4753058766654453
2025.03.24startup_b,TRANSITION,34.003045293937475,35.681268717955035,3.39146084176572,-0.9825595242478218,-1.671460576306813,0.22704338613382308
2025.03.24startup_b,TRANSITION,53.46970418826726,23.22254121079875,4.365110462303929,1.5179228340955542,-2.4629740483113878,1.370133153155206
2025.03.24startup_b,INT_HANDOFF,33.056091296410585,68.78002631893561,2.4223957495844797,-1.104195279917657,0.4313314249422517,-0.9106640263516714
2025.03.24startup_b,INT_OTHER,34.99997830336995,63.49768052683,2.6864181690211595,-0.8545039901128821,0.09573953918693084,-0.600694896229207
2025.03.24startup_b,INT_HANDOFF,46.05490653359653,59.046045053334886,4.03810520201064,0.5654958754256992,-0.1870766190203126,0.986220543404691
2025.03.24startup_b,INT_HANDOFF,49.808425458983166,26.136366872541025,2.705582481922128,1.047633457718832,-2.2778562451475493,-0.5781954985947851
2025.03.24startup_b,TRANSITION,43.99066913306367,40.83459700047901,2.602140175970761,0.30034563924580365,-1.3440652818084797,-0.6996394337803611
2025.03.24startup_b,INT_OTHER,26.011749672711424,84.55918339343589,2.7237687296554256,-2.0090373512673705,1.4337945893520476,-0.5568443746936051
2025.03.24startup_b,TRANSITION,43.425358778766885,75.82312371194233,2.9161009649192153,0.22773181395708458,0.8787853457381762,-0.3310413698335426
2025.03.24startup_b,INT_OTHER,24.250822279182607,92.4645546952797,2.7071199902991205,-2.2352275724935176,1.9360294992185316,-0.5763904241045612
2025.03.24startup_b,TRANSITION,44.29155735037603,69.14727187743713,2.9307820958318063,0.3389945765548196,0.45466284517925687,-0.3138053434843438
2025.03.24startup_b,TRANSITION,47.688349284199866,64.69207435695718,3.1088129506669118,0.775310759603755,0.17162038712118238,-0.1047925281107951
2025.03.24startup_b,TRANSITION,56.69419634798837,54.4502241471864,2.785101618939452,1.9321071994643684,-0.47905299943695906,-0.48483798076755225
2025.03.24startup_b,TRANSITION,45.603886638528394,59.8980731397722,2.949293164710516,0.5075626010512123,-0.1329465556928947,-0.29207287118061687
2025.03.24startup_b,TRANSITION,42.38657040647948,70.42349988396741,3.5294555067038997,0.09429997991423922,0.5357426873973344,0.38905268194927534
2025.03.24startup_b,INT_HANDOFF,43.717255142897436,61.258344143965324,3.216597997870901,0.26522575233320805,-0.046527390912413896,0.021749897313959602
2025.03.24startup_b,INT_HANDOFF,52.70069510908086,66.04042268404399,4.749250577354446,1.4191440119900531,0.257282094163978,1.8211235560210086
2025.03.25startup_a,INT_OTHER,11.436363440677383,89.4945712344956,4.898555740430822,-2.521046646067572,1.0891267685996158,1.9374337241145696
2025.03.25startup_a,INT_HANDOFF,41.00917905109306,71.76808119303311,5.218258373152461,1.1339493295292098,-0.5492146415765449,2.3363063901480956
2025.03.25startup_a,TRANSITION,31.661178341444447,58.42891174298215,3.4199951011437,-0.0213990628507093,-1.7820652305119857,0.09272753866947357
2025.03.25startup_a,TRANSITION,26.436616802107842,77.27355692086805,3.3932001705616437,-0.6671188229200689,-0.0403801883636319,0.059297205905358225
2025.03.25startup_a,TRANSITION,39.31466703257743,74.43412375307886,4.869626267990086,0.9245193351091442,-0.30281008448721275,1.9013402590681718
2025.03.25startup_a,TRANSITION,35.090966133488834,69.00675648422613,3.567951109717373,0.4024990448647434,-0.8044254930648784,0.2773228517986094
2025.03.25startup_a,INT_OTHER,11.844067537294563,88.35410132242696,4.533784484765423,-2.470657232627843,0.9837207305384079,1.4823318001765913
2025.03.25startup_a,TRANSITION,36.414860075054335,92.81452839114925,3.4422537645437323,0.5661232020056892,1.3959682965633569,0.12049825903274305
2025.03.25startup_a,TRANSITION,34.587761085349726,84.75465380034413,2.467849224146069,0.34030637271347736,0.6510477695974197,-1.0952043878766207
2025.03.25startup_a,TRANSITION,42.187802713311875,81.54768052103485,4.688584484996054,1.279619082416577,0.3546485889061837,1.6754659269378902
2025.03.25startup_a,TRANSITION,24.299325218843343,83.5071297724025,3.174168475426142,-0.931273316642245,0.5357474326223103,-0.21397472632989606
2025.03.25startup_a,INT_HANDOFF,32.772903692670226,65.82625587857663,3.7180148436609257,0.11600252035423961,-1.098377980846607,0.4645478399804453
2025.03.25startup_a,TRANSITION,19.50201594315651,90.47284293601574,3.5703294605805236,-1.5241876446967195,1.1795419063541912,0.28029016908802956
2025.03.25startup_a,TRANSITION,37.11386311870323,65.50751538957437,2.5899914226451966,0.6525151555187926,-1.1278370413267564,-0.9428153257791485
2025.03.25startup_a,TRANSITION,35.77393315285848,68.11245170428022,2.506406227488311,0.4869090564154261,-0.887080127506147,-1.0470992641043861
2025.03.25startup_a,TRANSITION,33.072986861083535,80.02060934190429,2.60035411203428,0.15309072958476944,0.2135115706242655,-0.9298864565086227
2025.03.25startup_a,INT_HANDOFF,32.76817165863128,75.4765173077711,3.20364821278837,0.11541767359508832,-0.20646859091694214,-0.17719473069602168
2025.03.25startup_a,TRANSITION,45.320699287367205,77.6601339181225,2.774410161142759,1.6668234839514846,-0.004651451239580763,-0.7127277807850794
2025.03.25startup_a,INT_OTHER,30.058249622323203,86.91269593851759,2.383516495884372,-0.2195099933328645,0.8505012311459181,-1.2004209757703843
2025.03.25startup_a,INT_HANDOFF,17.986317488684804,91.87111678159548,2.664873650369131,-1.7115175163022214,1.3087750449293531,-0.8493895270720685
2025.03.25startup_a,INT_HANDOFF,34.48206431411992,82.03023088465075,2.634051597681517,0.32724298103079763,0.3992475050682841,-0.8878442442680907
2025.03.25startup_a,INT_OTHER,32.844074371014756,89.19152198061339,3.6558592097299933,0.12479872516465101,1.0611179444727359,0.3870002039038255
2025.03.25startup_a,INT_HANDOFF,33.54833945170411,62.216991277015644,3.4599635499180326,0.21184103015120512,-1.4319582690587267,0.142593633246565
2025.03.25startup_a,TRANSITION,40.854938707915366,54.491878064305034,3.512631375753044,1.1148862872739242,-2.145939031470201,0.20830393386611493
2025.03.25startup_a,TRANSITION,35.270333974068336,80.14226692693042,2.7125933616164297,0.4246676724349456,0.22475557092799897,-0.7898526746992174
2025.03.25startup_a,INT_HANDOFF,35.93749402471803,66.35150217360048,4.032371175085949,0.5071240517099961,-1.0498329641136621,0.8567502655050157
2025.03.25startup_a,INT_OTHER,34.80243046838526,59.22444166603021,2.578567469936203,0.366838027372778,-1.7085396982201821,-0.9570682658781583
2025.03.25startup_a,INT_OTHER,23.754591798550525,85.19963288850951,2.436549311898742,-0.9985986090720291,0.6921742230068972,-1.1342553000897118
2025.03.25startup_a,INT_OTHER,32.7959866909909,75.65401422417037,2.8061316255412447,0.1188554196884869,-0.19006373312302446,-0.6731509247316975
2025.03.25startup_a,TRANSITION,27.19894229963291,89.54660250175759,3.377420116224162,-0.572900650993024,1.0939356720869886,0.03960943452180045
2025.03.25startup_a,TRANSITION,30.018479182649042,87.10988351234369,2.595721079797126,-0.22442534528554012,0.8687259652594298,-0.9356667965218433
2025.03.25startup_a,TRANSITION,38.53862310523657,82.33157035318017,3.5738896130330415,0.8286056599054149,0.42709830512274843,0.28473194514765326
2025.03.31startup_a,INT_OTHER,12.142752972704363,95.65741269368617,2.335018151290817,-2.1343861497110876,1.575876263215002,-0.963172317310279
2025.03.31startup_a,TRANSITION,26.165456344143326,73.32622965237798,6.955458045271335,-0.6761110200413588,-0.2297170320296641,3.8584290728980433
2025.03.31startup_a,INT_HANDOFF,8.416134438269133,97.14616318274348,3.409000376556648,-2.5219316167001313,1.6962495500382615,0.15756819857588913
2025.03.31startup_a,INT_HANDOFF,23.09626002150125,90.54944560508468,3.730793867394725,-0.9952886098988729,1.1628703283996038,0.49337171044631206
2025.03.31startup_a,INT_OTHER,32.07241306927523,75.44381940394645,2.7769526786714143,-0.0618237563001972,-0.05849879202696748,-0.5019971520678134
2025.03.31startup_a,INT_HANDOFF,36.07119149268315,69.83925176002569,2.5183422053280493,0.3540246696026684,-0.5116574868390315,-0.7718668282039052
2025.03.31startup_a,TRANSITION,47.071023254930665,68.12133293000109,2.453513040543816,1.4979396954391344,-0.6505602362155047,-0.8395184800427121
2025.03.31startup_a,INT_OTHER,35.464338585573515,87.92585327158575,2.6594696944533984,0.2909156899455638,0.9507391252269719,-0.624595028683281
2025.03.31startup_a,TRANSITION,30.97363195370415,87.20974737691793,2.7671831210985975,-0.17609025194979025,0.8928382070487627,-0.5121920498385173
2025.03.31startup_a,INT_OTHER,26.512884614869346,71.46442815118009,3.652878148827076,-0.6399806111520259,-0.38025345015945927,0.4120637515538503
2025.03.31startup_a,TRANSITION,34.42249461371193,71.67927785017531,2.9029637956989442,0.1825703079661853,-0.3628817249233392,-0.37049985073224406
2025.03.31startup_a,TRANSITION,32.363044178558894,69.6829836574145,3.4933180652955222,-0.03159990378400408,-0.5242925826964002,0.24555685216105
2025.03.31startup_a,TRANSITION,32.15102251209559,75.98560516921027,2.4763820675478936,-0.05364885646914132,-0.014692570770807128,-0.815653797258022
2025.03.31startup_a,INT_OTHER,29.113209745042003,91.23467433396516,2.935379883070958,-0.36956274906493364,1.218274665746486,-0.3366724543101764
2025.03.31startup_a,INT_HANDOFF,35.092871523622364,57.40484899845766,3.5186013658362425,0.2522853942325297,-1.5170441793007918,0.2719409194432605
2025.03.31startup_a,INT_HANDOFF,39.75123007496192,53.41916164697762,4.4605614005331615,0.7367261073077921,-1.8393079100427634,1.2549113545164052
2025.03.31startup_a,TRANSITION,50.38060448740829,72.00906258749391,3.1823306856830054,1.8421158413008403,-0.33621689890516454,-0.07897007953444476
2025.03.31startup_a,INT_HANDOFF,40.19960118339681,77.0955398930258,3.613242241634816,0.7833539520944679,0.07505147421657184,0.37070220382127567
2025.03.31startup_a,TRANSITION,35.818635494711714,77.13542100900099,2.7559971780061647,0.3277603950947446,0.07827607165408683,-0.5238649987357706
2025.03.31startup_a,TRANSITION,39.795266314088806,50.90686268380126,3.5717457899659943,0.7413056060408058,-2.0424404603949022,0.3273991085216774
2025.03.31startup_a,INT_HANDOFF,31.40080296004885,84.15418423818289,2.895516346741301,-0.1316670877304545,0.645779898212585,-0.37827154153909964
2025.03.31startup_a,INT_HANDOFF,29.734607560431165,71.72076332469153,3.0325472547148746,-0.3049411881711351,-0.35952740668153477,-0.23527467726917217
2025.03.31startup_a,INT_HANDOFF,43.12939120624571,82.73628302770301,2.8369440516833535,1.0880341419483757,0.5311351472280086,-0.4393939164123271
2025.03.31startup_b,INT_HANDOFF,25.621736278600785,84.88600802273827,4.064474447614613,-0.9749810134582467,1.0066463828162013,1.3098543981582533
2025.03.31startup_b,TRANSITION,28.25477766910788,80.10248327957201,4.207426786570763,-0.664304667344042,0.685585960371555,1.5043365095015122
2025.03.31startup_b,INT_HANDOFF,34.324840462149936,83.24308374752718,2.7053106307109687,0.051910784499994464,0.8963766570042065,-0.5392447540694364
2025.03.31startup_b,INT_HANDOFF,15.515447494187098,88.5206088727271,2.496521071871884,-2.167436583521246,1.2505933773377949,-0.8232963094756637
2025.03.31startup_b,INT_HANDOFF,24.886322411380895,68.93580835041642,2.3772153162336966,-1.0617535548901118,-0.06389848102880015,-0.9856079961633147
2025.03.31startup_b,INT_OTHER,34.75507029936985,78.51365720337974,2.4437748956273797,0.10267422266647515,0.5789471953182113,-0.8950558049566119
2025.03.31startup_b,INT_OTHER,31.741895008749147,80.08378352092527,3.1218023689690764,-0.25285466984036054,0.6843308707184044,0.027379011620098172
2025.03.31startup_b,INT_HANDOFF,40.25461289260765,71.606580734057,2.733252711081781,0.7515731743982994,0.11535831302669965,-0.5012304422678961
2025.03.31startup_b,TRANSITION,27.09660068617282,89.05210387535013,3.151146700532924,-0.800959637717501,1.2862662376722476,0.06730104157893825
2025.03.31startup_b,INT_HANDOFF,34.51816473071641,73.86744541763275,2.747441246337331,0.07472139339887897,0.2671029384592315,-0.4819273912404201
2025.03.31startup_b,INT_OTHER,31.70043733913011,84.41713916750064,2.542563418705871,-0.2577463199914321,0.9751768617378823,-0.7606571607295971
2025.03.31startup_b,TRANSITION,44.26537447622129,78.72443503588673,3.3841619156944605,1.2248087104687484,0.5930941734525542,0.38431083204917393
2025.03.31startup_b,TRANSITION,53.14054976949433,57.33152386677125,2.4699366006537566,2.2720034265024776,-0.8427543830097567,-0.8594636371962086
2025.03.31startup_b,INT_HANDOFF,54.589633735416925,61.38535315574076,2.4898771244986238,2.4429829308006648,-0.5706696308833273,-0.8323351886030734
2025.03.31startup_b,INT_OTHER,31.074291824370555,81.16272957596225,3.0640775948232104,-0.33162613113402595,0.756747528899181,-0.051153707988948575
2025.03.31startup_b,INT_HANDOFF,45.29530171934408,67.44797336613829,2.7493661654838832,1.3463313093198215,-0.16375893001313618,-0.4793085999529168
2025.03.31startup_b,INT_OTHER,31.740065321733425,84.02428699675048,3.038407121840868,-0.2530705572466984,0.9488094254494986,-0.0860775701743546
2025.03.31startup_b,INT_HANDOFF,35.39989676499892,76.37880986233607,2.353138536755871,0.17875822610889555,0.4356605968429981,-1.018363689014412
2025.03.31startup_b,TRANSITION,35.41755847936537,50.86138198333698,5.786729844932541,0.18084215722568817,-1.2770171072362484,3.652928099424915
2025.03.31startup_b,TRANSITION,44.897413414390854,44.55843270775796,3.3271924716142216,1.299383895127963,-1.7000582046938366,0.3068057149753279
2025.03.31startup_b,INT_OTHER,30.47623224807264,78.45393348563269,2.3336840346479715,-0.40219204194451325,0.5749386612184921,-1.0448309204896293
2025.03.31startup_b,TRANSITION,24.534679475184547,70.2004190429903,2.4642946366726637,-1.103244411413758,0.020979608870457276,-0.8671393497811013
2025.03.31startup_b,INT_HANDOFF,27.754669411836574,76.64350721229017,3.388800288632989,-0.7233131609403655,0.4534265429934077,0.39062119093430664
2025.03.31startup_b,INT_HANDOFF,33.066262209705215,51.13279740408372,2.556344162143836,-0.0965906762738609,-1.2588002578789983,-0.741908897502388
2025.03.31startup_b,INT_OTHER,35.07766430355717,42.738269933492134,2.850736596801395,0.14073755386233083,-1.822223816998582,-0.3413973516699921
2025.03.31startup_b,INT_OTHER,31.679496342437226,44.44658927391871,3.9913429129054796,-0.2602171783531696,-1.7075649078142474,1.2103612707294833
2025.03.31startup_b,INT_OTHER,20.408156625122917,75.94550660018524,2.927338308183593,-1.5901387860468204,0.4065781658194039,-0.2371831592272466
2025.03.31startup_b,TRANSITION,26.21607331884551,77.21300139837146,3.199814716659825,-0.9048543300383552,0.49164983100383053,0.13351232990315987
2025.03.31startup_b,TRANSITION,33.01847251361234,77.20812284630222,3.4029909934220584,-0.10222945134878825,0.4913223925411139,0.409927193543146
2025.03.31startup_b,TRANSITION,32.67753871830615,56.055707383668526,2.4201295780350325,-0.1424567209141082,-0.9283845827096701,-0.9272245076327686
2025.03.31startup_b,TRANSITION,18.113585066332597,90.17726345395376,2.9671574154573355,-1.86087858920854,1.3617846532799427,-0.18301053000726175
2025.03.31startup_b,INT_HANDOFF,36.70627637887187,65.83314565102575,3.3208700180230184,0.33289983836739817,-0.27214287202786575,0.2982042179150794
2025.03.31startup_b,INT_OTHER,38.106722162601805,49.16966235924122,2.832177669087362,0.4981404534936448,-1.3905618773236237,-0.3666461826611322
2025.03.31startup_b,INT_HANDOFF,39.36223558032525,43.432797694073095,4.579823368195727,0.6462802900043633,-1.775608530534304,2.0109702167936394
2025.03.31startup_b,TRANSITION,32.816921370506066,74.6381165157704,2.402137002554671,-0.12601076102403735,0.3188288104090811,-0.9517028344196918
2025.03.31startup_b,INT_HANDOFF,35.33308071086364,83.7748843566228,4.027737691138082,0.17087450364431248,0.9320700290216674,1.2598752091807972
2025.03.31startup_b,INT_HANDOFF,37.804501844211714,47.35094547361356,4.277191847047132,0.4624810428298335,-1.5126304445325665,1.5992496557886555
2025.03.31startup_b,TRANSITION,46.648812665897026,44.48613352611925,3.7562765517323524,1.5060340154059049,-1.7049107782762118,0.8905609613358055
2025.03.31startup_b,INT_OTHER,23.186902437216354,83.08199402130523,2.987746344187426,-1.2622705653672066,0.8855646432007457,-0.15499994718670249
2025.03.31startup_b,INT_OTHER,31.735449264286785,89.71494615095973,2.4067695104645086,-0.2536152125134731,1.330754859023149,-0.9454004547195882
2025.03.31startup_b,TRANSITION,38.0302981619098,68.50133733391198,2.5748654907200934,0.48912307557622065,-0.09305928934240822,-0.716711218942559
2025.03.31startup_b,INT_HANDOFF,45.9212175256299,59.986606959052594,3.3484160751161247,1.4201840168287427,-0.6645506221843765,0.3356797526406256
2025.04.07startup_a,TRANSITION,38.38003289495922,73.89324561155007,4.496567615878246,-0.14901657682905253,0.4648873324992174,1.9679356645431358
2025.04.07startup_a,INT_HANDOFF,23.251259876169577,89.16120619078018,2.5957406946207016,-1.4597917442346644,1.5239378395193082,-0.9681895665249087
2025.04.07startup_a,INT_HANDOFF,57.3488573903015,78.88704116570108,4.381083730854432,1.4944652886526693,0.8112781740352376,1.7895526961580628
2025.04.07startup_a,TRANSITION,47.69822884537398,76.63481650523326,4.3309226232121265,0.6583231751556972,0.6550543184512543,1.7120710001026127
2025.04.07startup_a,TRANSITION,51.49350102341693,65.89815915843965,3.282286700052945,0.9871501407229356,-0.08968577619445264,0.09228838982947128
2025.04.07startup_a,INT_HANDOFF,47.57552325733236,79.16544009701552,4.190844557446777,0.6476918147996983,0.8305891047802054,1.495698463174972
2025.04.07startup_a,INT_HANDOFF,49.526789165028184,66.0580888039022,3.349912278114269,0.8167518498492217,-0.07859237762064081,0.19674669889006402
2025.04.07startup_a,INT_HANDOFF,40.84288989851534,79.60365396483725,2.5804572770816048,0.06436832868330636,0.8609854773992943,-0.9917972013661716
2025.04.07startup_a,TRANSITION,32.61183732392114,83.77273335309128,2.6419615516388917,-0.6487800081308096,1.1501705075167932,-0.8967942053928633
2025.04.07startup_a,TRANSITION,58.5655201393688,66.8960157474906,3.964384603154716,1.5998784187593997,-0.020470210626033734,1.1458955546684235
2025.04.07startup_a,INT_HANDOFF,60.76369432312479,49.09816654009592,2.8594422864839206,1.7903308850711697,-1.2550045237810992,-0.560861109271067
2025.04.07startup_a,INT_HANDOFF,63.63115810433834,39.63835444626204,3.430543278616389,2.0387714104978922,-1.91117721575924,0.32129392217113534
2025.04.07startup_a,TRANSITION,40.43587936252387,63.39511896960262,2.449830686816281,0.029104444243539293,-0.26330726069616295,-1.1935704523850836
2025.04.07startup_a,INT_HANDOFF,32.5717761400043,67.34798299356859,3.9037982275458694,-0.6522509574926539,0.010880154645836458,1.0523103975482728
2025.04.07startup_a,TRANSITION,42.16300726578811,43.68040322062781,4.0463240650238665,0.17874489186744089,-1.6308035678396,1.2724639016986654
2025.04.07startup_a,INT_HANDOFF,29.592150543554226,72.39047542632844,3.1252335982452006,-0.9104093180644063,0.3606488182369608,-0.1503047519649141
2025.04.07startup_a,TRANSITION,41.25532735785722,47.64335408112271,3.5829663546974615,0.10010240831697978,-1.3559164867311904,0.5567352632389284
2025.04.07startup_a,TRANSITION,34.470339285635205,72.30630868549777,2.561643404188883,-0.4877571534046627,0.3548106560876424,-1.0208581780793393
2025.04.07startup_a,INT_HANDOFF,37.47687420951296,74.62432296168444,3.620833807075208,-0.227267336202556,0.5155979584739768,0.6152274810832618
2025.04.07startup_a,INT_OTHER,47.94631231248651,55.31036947429472,2.4054759563313803,0.6798174263901575,-0.8240997783153046,-1.2620832884763264
2025.04.07startup_a,TRANSITION,32.296298063195955,78.19620456235764,3.250722720718134,-0.6761187107993214,0.7633588169447962,0.043532874489581125
2025.04.07startup_a,INT_HANDOFF,24.000837972206504,88.01931087846111,2.8513652063717747,-1.3948473926275577,1.4447311371441078,-0.573337425996916
2025.04.07startup_a,TRANSITION,37.719273784470296,58.20531592278319,2.67196641849199,-0.20626554424962368,-0.6232940133175585,-0.850446983751066
2025.04.07startup_a,INT_HANDOFF,46.343769080522506,52.812433629506224,2.9310776808879595,0.5409711451654027,-0.9973672038630008,-0.4502090101267329
2025.04.07startup_a,INT_OTHER,33.66801494472019,42.57844331594475,2.416081401405936,-0.5572715033767539,-1.7072401809494075,-1.2457015156163815
2025.04.07startup_a,INT_HANDOFF,44.58354682865562,44.397849876430875,2.778767104518788,0.38846336320606384,-1.581038424640205,-0.68547657774945
2025.04.07startup_a,INT_OTHER,40.130787007253296,76.57044672644416,2.6433344057411228,0.0026708740817501207,0.650589357560793,-0.894673616967343
2025.04.07startup_a,TRANSITION,30.81448790837272,58.7154807512126,3.2136637846596603,-0.8045045323949946,-0.5879068168804016,-0.013710463123628008
2025.04.07startup_a,TRANSITION,19.624019124347917,81.04607802853624,3.1097418060736755,-1.774060264079896,0.9610381287060105,-0.1742342540992721
2025.04.07startup_a,TRANSITION,38.445365648696566,83.28279821618142,3.6935439305850455,-0.14335606813407917,1.11618652829057,0.7275396678498872
2025.04.07startup_a,INT_OTHER,17.871406306991467,73.69533664214941,2.5382173612925567,-1.925908755442311,0.4511595269223079,-1.0570433745550296
2025.04.07startup_b,INT_HANDOFF,28.819121719595245,52.658397514031236,4.058869486033866,-0.9457073815496055,-0.7468342655307006,1.690627414361263
2025.04.07startup_b,TRANSITION,30.950909361077827,67.76405259269151,3.0547261586991854,-0.7483218711846711,0.3954371379497478,0.1742083905741161
2025.04.07startup_b,TRANSITION,34.17272754281395,40.63030313259668,2.577007621185858,-0.4500087494974018,-1.6563842439150271,-0.547223957359551
2025.04.07startup_b,TRANSITION,51.89897731454111,64.9069907638869,2.4533197555976924,1.1912920958416326,0.1793895711262829,-0.7340126629991864
2025.04.07startup_b,TRANSITION,48.62455097488023,57.11272340801981,2.807147242236534,0.888107903556489,-0.4100035181059493,-0.19967586338900523
2025.04.07startup_b,TRANSITION,38.431068643814996,75.11396123414363,2.4540911759404134,-0.055722369760015815,0.9512283575695455,-0.7328476933666704
2025.04.07startup_b,TRANSITION,52.737709763098984,59.40883131717012,2.998933814736083,1.2689516287128757,-0.23637460957666132,0.08995291681431726
2025.04.07startup_b,INT_OTHER,15.578223963364037,83.49926938548681,2.8347213156821,-2.1717025559497976,1.5853152383286633,-0.1580345474554046
2025.04.07startup_b,TRANSITION,57.02756136134627,55.30659103332268,3.472689242978775,1.6661556140596447,-0.5465810681541622,0.8054003280086335
2025.04.07startup_b,TRANSITION,42.22856019790314,57.943234308588025,3.0858115504885704,0.29589323862624817,-0.34720128628893615,0.2211523657897069
2025.04.07startup_b,TRANSITION,53.28061667323389,61.742947074492314,2.4263318295808824,1.319220218065941,-0.059871593446710156,-0.7747688014013395
2025.04.07startup_b,TRANSITION,37.477566528629254,55.34112054986911,2.34780838156481,-0.14400860333114704,-0.54396998779243,-0.8933519230967205
2025.04.07startup_b,INT_HANDOFF,36.24282029096404,60.501624302526515,2.5633173641304112,-0.25833566459660756,-0.15373892310053733,-0.5678984623572785
2025.04.07startup_b,TRANSITION,47.587299747006824,59.440893862653034,3.3913756887895414,0.7920672102874077,-0.23395007858894767,0.6826036941938247
2025.04.07startup_b,TRANSITION,38.20233928316447,68.42838454614561,2.3481494913751892,-0.07690077454523657,0.4456731183754454,-0.8928367920476178
2025.04.07startup_b,INT_HANDOFF,41.046520764869406,63.277511556892854,3.830198476928987,0.18644638180960116,0.05617032038721655,1.3452971622391305
2025.04.07startup_b,TRANSITION,36.70602564566918,41.21617441739098,3.331278429510722,-0.21544676536335283,-1.612081364545943,0.5918471012184314
2025.04.07startup_b,TRANSITION,51.497373744121525,73.07907650501345,2.5407570889593365,1.1541070009620504,0.7973528305989788,-0.601968131019119
2025.04.07startup_b,INT_OTHER,56.30296133781578,61.69651405749325,5.353767543744147,1.5990637787042523,-0.0633828021443241,3.646133162518694
2025.04.07startup_b,TRANSITION,59.065848099685375,28.000312400805736,3.0441198370673095,1.8548837313862545,-2.6114488977828834,0.15819112744329103
2025.04.07startup_b,TRANSITION,33.86963901009952,66.49897901032637,2.3380292854184117,-0.4780721848750416,0.29977380068238857,-0.9081199417930191
2025.04.07startup_b,TRANSITION,34.74379017129142,66.48335985797688,2.596134999367338,-0.39713317869524906,0.29859269923511483,-0.518338519036163
2025.04.07startup_b,INT_OTHER,28.941164950970613,90.23402785178024,2.4236916480023543,-0.934407210255405,2.0945895442316624,-0.7787559031057938
2025.04.07startup_b,INT_HANDOFF,30.617091379598087,63.48699317695971,3.9974537362804172,-0.77923059368648,0.07201106763790412,1.5978796872678778
2025.04.07startup_b,TRANSITION,39.85685980173362,61.80480372665653,2.4479765140033134,0.07629383574901585,-0.05519406807529885,-0.7420818230302688
2025.04.07startup_b,TRANSITION,44.06594688185958,42.26292571332562,3.3821012639063244,0.46601970961856976,-1.5329272950483968,0.6685978108256352
2025.04.07startup_b,INT_HANDOFF,28.489131252050097,76.30219603881193,2.7172618587710553,-0.9762617086244463,1.0410812392171749,-0.3354173474351612
2025.04.07startup_b,INT_OTHER,20.791012699855322,76.3228785114836,3.860137525443808,-1.6890423954558889,1.0426452228354348,1.3905099734843809
2025.04.07startup_b,INT_OTHER,40.55795525438699,55.579775011051765,3.1184490441051436,0.1412093465830488,-0.5259232255101974,0.27044026609401023
2025.04.07startup_b,TRANSITION,34.57971486624295,56.93380594807284,2.6727847670749756,-0.41232516461123425,-0.4235330404614215,-0.40258495800892635
2025.04.07startup_b,INT_HANDOFF,44.03992337706758,60.01450676625969,2.3529903104054672,0.46361015311542714,-0.19057416320856121,-0.8855263714449046
2025.04.07startup_b,INT_OTHER,25.753597950810374,73.7822262113724,2.539929141912244,-1.229548962138102,0.8505241626436362,-0.6032184651285253
2025.04.07startup_b,TRANSITION,42.36422288259148,60.2896131457598,2.5167197267478865,0.3084544561385427,-0.16977095086314306,-0.6382684402945458
2025.04.07startup_b,INT_OTHER,19.839591193243983,93.19586654588664,2.571687665608546,-1.7771359822655244,2.3185602111363433,-0.5552579517341903
2025.04.07startup_b,INT_HANDOFF,39.762272087229576,58.45371781377765,2.3681367166828293,0.06753581316818835,-0.30859913981530646,-0.8626528453298965
2025.04.14startup_a,TRANSITION,31.42057748043471,86.02305308040884,4.656161993385198,-1.0708989779445484,1.026152048251901,1.0085873606470692
2025.04.14startup_a,INT_HANDOFF,39.98103116362391,78.60167577289738,4.943299918617933,-0.019367415064950457,0.4114980954593826,1.2314775169234482
2025.04.14startup_a,INT_OTHER,34.81719149455946,68.1424515314358,3.2838174150738655,-0.6536726281559557,-0.4547566786579302,-0.05669197254072274
2025.04.14startup_a,TRANSITION,43.447812705602686,68.6757226129956,2.507926306704094,0.40647803050505316,-0.4105900550503528,-0.6589756668935972
2025.04.14startup_a,INT_HANDOFF,32.05655033684981,86.91330989455605,3.1812077185649947,-0.9927786403544463,1.099884975058117,-0.1363425142509358
2025.04.14startup_a,INT_HANDOFF,29.1669491464215,82.68680512834155,2.8878207069140784,-1.3477255822246847,0.7498370320137995,-0.3640835095350982
2025.04.14startup_a,TRANSITION,44.41891990035645,63.600973398320285,7.014919345482631,0.5257649169265468,-0.8308913731188781,2.839567348403549
2025.04.14startup_a,TRANSITION,51.096719033618406,40.3077706713335,6.777715155936629,1.3460387971514265,-2.760083022605402,2.6554381399944997
2025.04.14startup_a,TRANSITION,49.08212830059366,79.62578537117238,2.347605053153969,1.0985746065302755,0.49631698912153005,-0.783424672469049
2025.04.14startup_a,INT_OTHER,36.85321986644152,72.057525291254,2.9102965880706013,-0.4035751245438884,-0.13050210134235604,-0.3466366583071867
2025.04.14startup_a,INT_HANDOFF,40.64091857179153,85.34525222003948,2.7378325022003627,0.061690489494210084,0.9700151668120467,-0.480511509636989
2025.04.14startup_a,TRANSITION,33.00210736954461,68.61590536500083,2.8507918482365553,-0.8766302326673739,-0.41554424433378184,-0.39282707620494667
2025.04.14startup_a,INT_HANDOFF,44.13783473681251,57.57307213308883,2.5801895372436228,0.49123755047352086,-1.3301347326995168,-0.6028814998310732
2025.04.14startup_a,INT_HANDOFF,34.62558513001918,82.29079373586076,3.846052041476014,-0.6772087802594801,0.7170385422384824,0.37974136743410986
2025.04.14startup_a,INT_HANDOFF,36.050940533827564,64.10825844503313,2.397779282461365,-0.5021238781159377,-0.788876967135369,-0.7444770419799457
2025.04.14startup_a,INT_OTHER,49.80985047042121,65.22802833210035,2.754742574848749,1.1879650592913975,-0.6961352887669516,-0.4673851045054177
2025.04.14startup_a,TRANSITION,41.83705822705737,88.13694544754824,2.4167689118040467,0.20861945467206552,1.2012290245868842,-0.729736385731245
2025.04.14startup_a,INT_OTHER,42.922956562026606,75.37630976611524,2.5169681476567014,0.34200682122495074,0.14436655327721734,-0.6519569585800947
2025.04.14startup_a,INT_OTHER,33.292644843533395,88.38255879282158,3.9124852047860665,-0.8409417825682316,1.2215712342974796,0.431309958173595
2025.04.14startup_a,INT_OTHER,47.74092751432363,75.23493505799506,2.748064097802134,0.9338269177843612,0.13265760498226847,-0.472569257004262
2025.04.14startup_a,INT_HANDOFF,46.623996144131596,84.27082398643573,3.0116861310041534,0.7966275784977401,0.8810287787856607,-0.2679332580129449
2025.04.14startup_a,TRANSITION,52.280701606186675,54.239672513549024,2.5439916973174035,1.4914744353816534,-1.606213844094845,-0.6309799901001063
2025.04.14startup_a,INT_OTHER,19.755357358488137,79.24700424389519,3.3134562549073627,-2.503807512950508,0.4649455458601172,-0.03368489105894284
2025.04.14startup_a,INT_OTHER,48.2668238243976,72.5125828734449,2.4228399903403783,0.9984258969168169,-0.09281328293950417,-0.7250237249337125
2025.04.14startup_b,TRANSITION,29.96560964825742,79.43059501634522,4.671473352353068,-1.0900838722268535,0.9895832617432546,1.3784882725035703
2025.04.14startup_b,TRANSITION,42.96116700135678,57.954326836181856,3.3359042225719975,0.5812328866613586,-0.4550606588272934,0.007536009292955859
2025.04.14startup_b,TRANSITION,29.965970837126537,77.90467640859666,2.729803120715517,-1.0900374208901638,0.8869393097550992,-0.6146224838887467
2025.04.14startup_b,INT_HANDOFF,32.04717547982076,77.45280934542679,4.053039827921586,-0.8223803975320051,0.8565435724585528,0.7436706347945898
2025.04.14startup_b,INT_HANDOFF,40.21178169315709,63.94136134954582,4.492965596195346,0.22764330082191292,-0.052330867067377405,1.1952513236642441
2025.04.14startup_b,INT_HANDOFF,36.74108674148292,83.99917321092029,3.9472256118404756,-0.21871159417136338,1.2968977662501469,0.6350530905720498
2025.04.14startup_b,INT_HANDOFF,38.20841362729338,62.93523901975279,3.0967958489614307,-0.03000341118316659,-0.12000968793572064,-0.2379070446414746
2025.04.14startup_b,TRANSITION,45.8218959075824,67.77016646511946,6.596109590896692,0.9491420138886375,0.20522132900604645,3.354113755492284
2025.04.14startup_b,TRANSITION,49.24732279782837,37.631486307433974,2.4941272181290506,1.3896751293574439,-1.8221169729078823,-0.856542130600021
2025.04.14startup_b,TRANSITION,35.29766639417418,56.24849929337721,2.3673592032264326,-0.4043452342708388,-0.569806543381422,-0.9866686010747837
2025.04.14startup_b,TRANSITION,40.74215220542534,75.2645098472242,2.8585412792744784,0.2958525435261241,0.7093432516232087,-0.4824736748885671
2025.04.14startup_b,TRANSITION,40.31698254834524,61.78165381646272,2.5481070819312213,0.24117284384558205,-0.19760789246607882,-0.8011321822886839
2025.04.14startup_b,TRANSITION,44.94298581187326,51.45557842946454,2.5530921506874957,0.8361082183689398,-0.8922119040214337,-0.7960150444773335
2025.04.14startup_b,INT_HANDOFF,38.40726132193688,75.42049169126183,3.0719140601724693,-0.004430249871643295,0.7198356807928386,-0.2634480248066472
2025.04.14startup_b,INT_HANDOFF,38.69074917178354,71.8951473322264,2.4429850851006116,0.03202820908601786,0.482696376446553,-0.9090391683477038
2025.04.14startup_b,INT_HANDOFF,35.30415848704115,81.88635755814435,2.8595769847401824,-0.40351030712504465,1.154775016503136,-0.4814105305551403
2025.04.14startup_b,INT_OTHER,30.507180294722865,67.19125380174033,3.2504109760159,-1.0204342163508975,0.1662796165690396,-0.08022220347325083
2025.04.14startup_b,TRANSITION,37.359099634442586,53.333044668451166,4.14882250679497,-0.1392309472742803,-0.7659204009783827,0.8419908770417042
2025.04.14startup_b,INT_HANDOFF,47.55992533776558,43.662609372117736,3.6813149456502665,1.1726643788923434,-1.4164214769997134,0.36209767291795414
2025.04.14startup_b,TRANSITION,31.758134584221683,79.21327884296355,3.565273639773032,-0.8595530158117114,0.9749650568445344,0.2429820933714368
2025.04.14startup_b,TRANSITION,30.452915342241244,54.27745120193754,2.6866175929615617,-1.0274130570453426,-0.7023930159735537,-0.6589521226113303
2025.04.14startup_b,TRANSITION,35.26435174422878,50.134978648665765,2.85707494337695,-0.40862972405895515,-0.9810446764953726,-0.4839788583137586
2025.04.14startup_b,INT_OTHER,22.96227898772927,90.71257320010021,2.4983832700290556,-1.9907596634182818,1.748487977331846,-0.8521733234341874
2025.04.14startup_b,TRANSITION,59.061601283808315,48.529658256240836,4.412987326671756,2.651857863374801,-1.08902974755286,1.1131541958060938
2025.04.14startup_b,TRANSITION,49.51197714865705,36.45216920903101,2.977012428374213,1.4237114726888187,-1.9014460845738634,-0.3608638784641263
2025.04.14startup_b,TRANSITION,36.174599062765274,76.22320388229546,2.345712631716046,-0.29156574928143075,0.7738317138567069,-1.0088886535911066
